instance_id,label
dico_phrasis_0000022__en-es__forward,FORWARD_ENTAILMENT
dico_phrasis_0000022__en-es__reverse,FORWARD_ENTAILMENT
dico_phrasis_0000022__en-eu__forward,FORWARD_ENTAILMENT
dico_phrasis_0000022__en-eu__reverse,FORWARD_ENTAILMENT
dico_phrasis_0000022__es-en__forward,FORWARD_ENTAILMENT
dico_phrasis_0000022__es-en__reverse,FORWARD_ENTAILMENT
dico_phrasis_0000022__es-eu__forward,FORWARD_ENTAILMENT
dico_phrasis_0000022__es-eu__reverse,FORWARD_ENTAILMENT
dico_phrasis_0000022__eu-en__forward,FORWARD_ENTAILMENT
dico_phrasis_0000022__eu-en__reverse,FORWARD_ENTAILMENT
dico_phrasis_0000022__eu-es__forward,FORWARD_ENTAILMENT
dico_phrasis_0000022__eu-es__reverse,FORWARD_ENTAILMENT
dico_phrasis_0000024__en-es__forward,FORWARD_ENTAILMENT
dico_phrasis_0000024__en-es__reverse,FORWARD_ENTAILMENT
dico_phrasis_0000024__en-eu__forward,FORWARD_ENTAILMENT
dico_phrasis_0000024__en-eu__reverse,FORWARD_ENTAILMENT
dico_phrasis_0000024__es-en__forward,FORWARD_ENTAILMENT
dico_phrasis_0000024__es-en__reverse,FORWARD_ENTAILMENT
dico_phrasis_0000024__es-eu__forward,FORWARD_ENTAILMENT
dico_phrasis_0000024__es-eu__reverse,FORWARD_ENTAILMENT
dico_phrasis_0000024__eu-en__forward,FORWARD_ENTAILMENT
dico_phrasis_0000024__eu-en__reverse,FORWARD_ENTAILMENT
dico_phrasis_0000024__eu-es__forward,FORWARD_ENTAILMENT
dico_phrasis_0000024__eu-es__reverse,FORWARD_ENTAILMENT
dico_phrasis_0000028__en-es__forward,FORWARD_ENTAILMENT
dico_phrasis_0000028__en-es__reverse,FORWARD_ENTAILMENT
dico_phrasis_0000028__en-eu__forward,FORWARD_ENTAILMENT
dico_phrasis_0000028__en-eu__reverse,FORWARD_ENTAILMENT
dico_phrasis_0000028__es-en__forward,FORWARD_ENTAILMENT
dico_phrasis_0000028__es-en__reverse,FORWARD_ENTAILMENT
dico_phrasis_0000028__es-eu__forward,FORWARD_ENTAILMENT
dico_phrasis_0000028__es-eu__reverse,FORWARD_ENTAILMENT
dico_phrasis_0000028__eu-en__forward,FORWARD_ENTAILMENT
dico_phrasis_0000028__eu-en__reverse,FORWARD_ENTAILMENT
dico_phrasis_0000028__eu-es__forward,FORWARD_ENTAILMENT
dico_phrasis_0000028__eu-es__reverse,FORWARD_ENTAILMENT
dico_phrasis_0000036__en-es__forward,FORWARD_ENTAILMENT
dico_phrasis_0000036__en-es__reverse,FORWARD_ENTAILMENT
dico_phrasis_0000036__en-eu__forward,FORWARD_ENTAILMENT
dico_phrasis_0000036__en-eu__reverse,FORWARD_ENTAILMENT
dico_phrasis_0000036__es-en__forward,FORWARD_ENTAILMENT
dico_phrasis_0000036__es-en__reverse,FORWARD_ENTAILMENT
dico_phrasis_0000036__es-eu__forward,FORWARD_ENTAILMENT
dico_phrasis_0000036__es-eu__reverse,FORWARD_ENTAILMENT
dico_phrasis_0000036__eu-en__forward,FORWARD_ENTAILMENT
dico_phrasis_0000036__eu-en__reverse,FORWARD_ENTAILMENT
dico_phrasis_0000036__eu-es__forward,FORWARD_ENTAILMENT
dico_phrasis_0000036__eu-es__reverse,FORWARD_ENTAILMENT
dico_phrasis_0000040__en-es__forward,FORWARD_ENTAILMENT
dico_phrasis_0000040__en-es__reverse,FORWARD_ENTAILMENT
dico_phrasis_0000040__en-eu__forward,FORWARD_ENTAILMENT
dico_phrasis_0000040__en-eu__reverse,FORWARD_ENTAILMENT
dico_phrasis_0000040__es-en__forward,FORWARD_ENTAILMENT
dico_phrasis_0000040__es-en__reverse,FORWARD_ENTAILMENT
dico_phrasis_0000040__es-eu__forward,FORWARD_ENTAILMENT
dico_phrasis_0000040__es-eu__reverse,FORWARD_ENTAILMENT
dico_phrasis_0000040__eu-en__forward,FORWARD_ENTAILMENT
dico_phrasis_0000040__eu-en__reverse,FORWARD_ENTAILMENT
dico_phrasis_0000040__eu-es__forward,FORWARD_ENTAILMENT
dico_phrasis_0000040__eu-es__reverse,FORWARD_ENTAILMENT
dico_phrasis_0000041__en-es__forward,FORWARD_ENTAILMENT
dico_phrasis_0000041__en-es__reverse,FORWARD_ENTAILMENT
dico_phrasis_0000041__en-eu__forward,FORWARD_ENTAILMENT
dico_phrasis_0000041__en-eu__reverse,FORWARD_ENTAILMENT
dico_phrasis_0000041__es-en__forward,FORWARD_ENTAILMENT
dico_phrasis_0000041__es-en__reverse,FORWARD_ENTAILMENT
dico_phrasis_0000041__es-eu__forward,FORWARD_ENTAILMENT
dico_phrasis_0000041__es-eu__reverse,FORWARD_ENTAILMENT
dico_phrasis_0000041__eu-en__forward,FORWARD_ENTAILMENT
dico_phrasis_0000041__eu-en__reverse,FORWARD_ENTAILMENT
dico_phrasis_0000041__eu-es__forward,FORWARD_ENTAILMENT
dico_phrasis_0000041__eu-es__reverse,FORWARD_ENTAILMENT
dico_phrasis_0000054__en-es__forward,FORWARD_ENTAILMENT
dico_phrasis_0000054__en-es__reverse,FORWARD_ENTAILMENT
dico_phrasis_0000054__en-eu__forward,FORWARD_ENTAILMENT
dico_phrasis_0000054__en-eu__reverse,FORWARD_ENTAILMENT
dico_phrasis_0000054__es-en__forward,FORWARD_ENTAILMENT
dico_phrasis_0000054__es-en__reverse,FORWARD_ENTAILMENT
dico_phrasis_0000054__es-eu__forward,FORWARD_ENTAILMENT
dico_phrasis_0000054__es-eu__reverse,FORWARD_ENTAILMENT
dico_phrasis_0000054__eu-en__forward,FORWARD_ENTAILMENT
dico_phrasis_0000054__eu-en__reverse,FORWARD_ENTAILMENT
dico_phrasis_0000054__eu-es__forward,FORWARD_ENTAILMENT
dico_phrasis_0000054__eu-es__reverse,FORWARD_ENTAILMENT
dico_phrasis_0000056__en-es__forward,FORWARD_ENTAILMENT
dico_phrasis_0000056__en-es__reverse,FORWARD_ENTAILMENT
dico_phrasis_0000056__en-eu__forward,FORWARD_ENTAILMENT
dico_phrasis_0000056__en-eu__reverse,FORWARD_ENTAILMENT
dico_phrasis_0000056__es-en__forward,FORWARD_ENTAILMENT
dico_phrasis_0000056__es-en__reverse,FORWARD_ENTAILMENT
dico_phrasis_0000056__es-eu__forward,FORWARD_ENTAILMENT
dico_phrasis_0000056__es-eu__reverse,FORWARD_ENTAILMENT
dico_phrasis_0000056__eu-en__forward,FORWARD_ENTAILMENT
dico_phrasis_0000056__eu-en__reverse,FORWARD_ENTAILMENT
dico_phrasis_0000056__eu-es__forward,FORWARD_ENTAILMENT
dico_phrasis_0000056__eu-es__reverse,FORWARD_ENTAILMENT
dico_phrasis_0000057__en-es__forward,FORWARD_ENTAILMENT
dico_phrasis_0000057__en-es__reverse,FORWARD_ENTAILMENT
dico_phrasis_0000057__en-eu__forward,FORWARD_ENTAILMENT
dico_phrasis_0000057__en-eu__reverse,FORWARD_ENTAILMENT
dico_phrasis_0000057__es-en__forward,FORWARD_ENTAILMENT
dico_phrasis_0000057__es-en__reverse,FORWARD_ENTAILMENT
dico_phrasis_0000057__es-eu__forward,FORWARD_ENTAILMENT
dico_phrasis_0000057__es-eu__reverse,FORWARD_ENTAILMENT
dico_phrasis_0000057__eu-en__forward,FORWARD_ENTAILMENT
dico_phrasis_0000057__eu-en__reverse,FORWARD_ENTAILMENT
dico_phrasis_0000057__eu-es__forward,FORWARD_ENTAILMENT
dico_phrasis_0000057__eu-es__reverse,FORWARD_ENTAILMENT
dico_phrasis_0000060__en-es__forward,FORWARD_ENTAILMENT
dico_phrasis_0000060__en-es__reverse,FORWARD_ENTAILMENT
dico_phrasis_0000060__en-eu__forward,FORWARD_ENTAILMENT
dico_phrasis_0000060__en-eu__reverse,FORWARD_ENTAILMENT
dico_phrasis_0000060__es-en__forward,FORWARD_ENTAILMENT
dico_phrasis_0000060__es-en__reverse,FORWARD_ENTAILMENT
dico_phrasis_0000060__es-eu__forward,FORWARD_ENTAILMENT
dico_phrasis_0000060__es-eu__reverse,FORWARD_ENTAILMENT
dico_phrasis_0000060__eu-en__forward,FORWARD_ENTAILMENT
dico_phrasis_0000060__eu-en__reverse,FORWARD_ENTAILMENT
dico_phrasis_0000060__eu-es__forward,FORWARD_ENTAILMENT
dico_phrasis_0000060__eu-es__reverse,FORWARD_ENTAILMENT
dico_phrasis_0000074__en-es__forward,FORWARD_ENTAILMENT
dico_phrasis_0000074__en-es__reverse,FORWARD_ENTAILMENT
dico_phrasis_0000074__en-eu__forward,FORWARD_ENTAILMENT
dico_phrasis_0000074__en-eu__reverse,FORWARD_ENTAILMENT
dico_phrasis_0000074__es-en__forward,FORWARD_ENTAILMENT
dico_phrasis_0000074__es-en__reverse,FORWARD_ENTAILMENT
dico_phrasis_0000074__es-eu__forward,FORWARD_ENTAILMENT
dico_phrasis_0000074__es-eu__reverse,FORWARD_ENTAILMENT
dico_phrasis_0000074__eu-en__forward,FORWARD_ENTAILMENT
dico_phrasis_0000074__eu-en__reverse,FORWARD_ENTAILMENT
dico_phrasis_0000074__eu-es__forward,FORWARD_ENTAILMENT
dico_phrasis_0000074__eu-es__reverse,FORWARD_ENTAILMENT
dico_phrasis_0000083__en-es__forward,FORWARD_ENTAILMENT
dico_phrasis_0000083__en-es__reverse,FORWARD_ENTAILMENT
dico_phrasis_0000083__en-eu__forward,FORWARD_ENTAILMENT
dico_phrasis_0000083__en-eu__reverse,FORWARD_ENTAILMENT
dico_phrasis_0000083__es-en__forward,FORWARD_ENTAILMENT
dico_phrasis_0000083__es-en__reverse,FORWARD_ENTAILMENT
dico_phrasis_0000083__es-eu__forward,FORWARD_ENTAILMENT
dico_phrasis_0000083__es-eu__reverse,FORWARD_ENTAILMENT
dico_phrasis_0000083__eu-en__forward,FORWARD_ENTAILMENT
dico_phrasis_0000083__eu-en__reverse,FORWARD_ENTAILMENT
dico_phrasis_0000083__eu-es__forward,FORWARD_ENTAILMENT
dico_phrasis_0000083__eu-es__reverse,FORWARD_ENTAILMENT
dico_phrasis_0000084__en-es__forward,FORWARD_ENTAILMENT
dico_phrasis_0000084__en-es__reverse,FORWARD_ENTAILMENT
dico_phrasis_0000084__en-eu__forward,FORWARD_ENTAILMENT
dico_phrasis_0000084__en-eu__reverse,FORWARD_ENTAILMENT
dico_phrasis_0000084__es-en__forward,FORWARD_ENTAILMENT
dico_phrasis_0000084__es-en__reverse,FORWARD_ENTAILMENT
dico_phrasis_0000084__es-eu__forward,FORWARD_ENTAILMENT
dico_phrasis_0000084__es-eu__reverse,FORWARD_ENTAILMENT
dico_phrasis_0000084__eu-en__forward,FORWARD_ENTAILMENT
dico_phrasis_0000084__eu-en__reverse,FORWARD_ENTAILMENT
dico_phrasis_0000084__eu-es__forward,FORWARD_ENTAILMENT
dico_phrasis_0000084__eu-es__reverse,FORWARD_ENTAILMENT
dico_phrasis_0000085__en-es__forward,FORWARD_ENTAILMENT
dico_phrasis_0000085__en-es__reverse,FORWARD_ENTAILMENT
dico_phrasis_0000085__en-eu__forward,FORWARD_ENTAILMENT
dico_phrasis_0000085__en-eu__reverse,FORWARD_ENTAILMENT
dico_phrasis_0000085__es-en__forward,FORWARD_ENTAILMENT
dico_phrasis_0000085__es-en__reverse,FORWARD_ENTAILMENT
dico_phrasis_0000085__es-eu__forward,FORWARD_ENTAILMENT
dico_phrasis_0000085__es-eu__reverse,FORWARD_ENTAILMENT
dico_phrasis_0000085__eu-en__forward,FORWARD_ENTAILMENT
dico_phrasis_0000085__eu-en__reverse,FORWARD_ENTAILMENT
dico_phrasis_0000085__eu-es__forward,FORWARD_ENTAILMENT
dico_phrasis_0000085__eu-es__reverse,FORWARD_ENTAILMENT
dico_phrasis_0000094__en-es__forward,FORWARD_ENTAILMENT
dico_phrasis_0000094__en-es__reverse,FORWARD_ENTAILMENT
dico_phrasis_0000094__en-eu__forward,FORWARD_ENTAILMENT
dico_phrasis_0000094__en-eu__reverse,FORWARD_ENTAILMENT
dico_phrasis_0000094__es-en__forward,FORWARD_ENTAILMENT
dico_phrasis_0000094__es-en__reverse,FORWARD_ENTAILMENT
dico_phrasis_0000094__es-eu__forward,FORWARD_ENTAILMENT
dico_phrasis_0000094__es-eu__reverse,FORWARD_ENTAILMENT
dico_phrasis_0000094__eu-en__forward,FORWARD_ENTAILMENT
dico_phrasis_0000094__eu-en__reverse,FORWARD_ENTAILMENT
dico_phrasis_0000094__eu-es__forward,FORWARD_ENTAILMENT
dico_phrasis_0000094__eu-es__reverse,FORWARD_ENTAILMENT
dico_phrasis_0000097__en-es__forward,FORWARD_ENTAILMENT
dico_phrasis_0000097__en-es__reverse,FORWARD_ENTAILMENT
dico_phrasis_0000097__en-eu__forward,FORWARD_ENTAILMENT
dico_phrasis_0000097__en-eu__reverse,FORWARD_ENTAILMENT
dico_phrasis_0000097__es-en__forward,FORWARD_ENTAILMENT
dico_phrasis_0000097__es-en__reverse,FORWARD_ENTAILMENT
dico_phrasis_0000097__es-eu__forward,FORWARD_ENTAILMENT
dico_phrasis_0000097__es-eu__reverse,FORWARD_ENTAILMENT
dico_phrasis_0000097__eu-en__forward,FORWARD_ENTAILMENT
dico_phrasis_0000097__eu-en__reverse,FORWARD_ENTAILMENT
dico_phrasis_0000097__eu-es__forward,FORWARD_ENTAILMENT
dico_phrasis_0000097__eu-es__reverse,FORWARD_ENTAILMENT
dico_phrasis_0000101__en-es__forward,FORWARD_ENTAILMENT
dico_phrasis_0000101__en-es__reverse,FORWARD_ENTAILMENT
dico_phrasis_0000101__en-eu__forward,FORWARD_ENTAILMENT
dico_phrasis_0000101__en-eu__reverse,FORWARD_ENTAILMENT
dico_phrasis_0000101__es-en__forward,FORWARD_ENTAILMENT
dico_phrasis_0000101__es-en__reverse,FORWARD_ENTAILMENT
dico_phrasis_0000101__es-eu__forward,FORWARD_ENTAILMENT
dico_phrasis_0000101__es-eu__reverse,FORWARD_ENTAILMENT
dico_phrasis_0000101__eu-en__forward,FORWARD_ENTAILMENT
dico_phrasis_0000101__eu-en__reverse,FORWARD_ENTAILMENT
dico_phrasis_0000101__eu-es__forward,FORWARD_ENTAILMENT
dico_phrasis_0000101__eu-es__reverse,FORWARD_ENTAILMENT
dico_phrasis_0000107__en-es__forward,FORWARD_ENTAILMENT
dico_phrasis_0000107__en-es__reverse,FORWARD_ENTAILMENT
dico_phrasis_0000107__en-eu__forward,FORWARD_ENTAILMENT
dico_phrasis_0000107__en-eu__reverse,FORWARD_ENTAILMENT
dico_phrasis_0000107__es-en__forward,FORWARD_ENTAILMENT
dico_phrasis_0000107__es-en__reverse,FORWARD_ENTAILMENT
dico_phrasis_0000107__es-eu__forward,FORWARD_ENTAILMENT
dico_phrasis_0000107__es-eu__reverse,FORWARD_ENTAILMENT
dico_phrasis_0000107__eu-en__forward,FORWARD_ENTAILMENT
dico_phrasis_0000107__eu-en__reverse,FORWARD_ENTAILMENT
dico_phrasis_0000107__eu-es__forward,FORWARD_ENTAILMENT
dico_phrasis_0000107__eu-es__reverse,FORWARD_ENTAILMENT
dico_phrasis_0000118__en-es__forward,FORWARD_ENTAILMENT
dico_phrasis_0000118__en-es__reverse,FORWARD_ENTAILMENT
dico_phrasis_0000118__en-eu__forward,FORWARD_ENTAILMENT
dico_phrasis_0000118__en-eu__reverse,FORWARD_ENTAILMENT
dico_phrasis_0000118__es-en__forward,FORWARD_ENTAILMENT
dico_phrasis_0000118__es-en__reverse,FORWARD_ENTAILMENT
dico_phrasis_0000118__es-eu__forward,FORWARD_ENTAILMENT
dico_phrasis_0000118__es-eu__reverse,FORWARD_ENTAILMENT
dico_phrasis_0000118__eu-en__forward,FORWARD_ENTAILMENT
dico_phrasis_0000118__eu-en__reverse,FORWARD_ENTAILMENT
dico_phrasis_0000118__eu-es__forward,FORWARD_ENTAILMENT
dico_phrasis_0000118__eu-es__reverse,FORWARD_ENTAILMENT
dico_phrasis_0000121__en-es__forward,FORWARD_ENTAILMENT
dico_phrasis_0000121__en-es__reverse,FORWARD_ENTAILMENT
dico_phrasis_0000121__en-eu__forward,FORWARD_ENTAILMENT
dico_phrasis_0000121__en-eu__reverse,FORWARD_ENTAILMENT
dico_phrasis_0000121__es-en__forward,FORWARD_ENTAILMENT
dico_phrasis_0000121__es-en__reverse,FORWARD_ENTAILMENT
dico_phrasis_0000121__es-eu__forward,FORWARD_ENTAILMENT
dico_phrasis_0000121__es-eu__reverse,FORWARD_ENTAILMENT
dico_phrasis_0000121__eu-en__forward,FORWARD_ENTAILMENT
dico_phrasis_0000121__eu-en__reverse,FORWARD_ENTAILMENT
dico_phrasis_0000121__eu-es__forward,FORWARD_ENTAILMENT
dico_phrasis_0000121__eu-es__reverse,FORWARD_ENTAILMENT
dico_phrasis_0000124__en-es__forward,FORWARD_ENTAILMENT
dico_phrasis_0000124__en-es__reverse,FORWARD_ENTAILMENT
dico_phrasis_0000124__en-eu__forward,FORWARD_ENTAILMENT
dico_phrasis_0000124__en-eu__reverse,FORWARD_ENTAILMENT
dico_phrasis_0000124__es-en__forward,FORWARD_ENTAILMENT
dico_phrasis_0000124__es-en__reverse,FORWARD_ENTAILMENT
dico_phrasis_0000124__es-eu__forward,FORWARD_ENTAILMENT
dico_phrasis_0000124__es-eu__reverse,FORWARD_ENTAILMENT
dico_phrasis_0000124__eu-en__forward,FORWARD_ENTAILMENT
dico_phrasis_0000124__eu-en__reverse,FORWARD_ENTAILMENT
dico_phrasis_0000124__eu-es__forward,FORWARD_ENTAILMENT
dico_phrasis_0000124__eu-es__reverse,FORWARD_ENTAILMENT
dico_phrasis_0000125__en-es__forward,FORWARD_ENTAILMENT
dico_phrasis_0000125__en-es__reverse,FORWARD_ENTAILMENT
dico_phrasis_0000125__en-eu__forward,FORWARD_ENTAILMENT
dico_phrasis_0000125__en-eu__reverse,FORWARD_ENTAILMENT
dico_phrasis_0000125__es-en__forward,FORWARD_ENTAILMENT
dico_phrasis_0000125__es-en__reverse,FORWARD_ENTAILMENT
dico_phrasis_0000125__es-eu__forward,FORWARD_ENTAILMENT
dico_phrasis_0000125__es-eu__reverse,FORWARD_ENTAILMENT
dico_phrasis_0000125__eu-en__forward,FORWARD_ENTAILMENT
dico_phrasis_0000125__eu-en__reverse,FORWARD_ENTAILMENT
dico_phrasis_0000125__eu-es__forward,FORWARD_ENTAILMENT
dico_phrasis_0000125__eu-es__reverse,FORWARD_ENTAILMENT
dico_phrasis_0000131__en-es__forward,FORWARD_ENTAILMENT
dico_phrasis_0000131__en-es__reverse,FORWARD_ENTAILMENT
dico_phrasis_0000131__en-eu__forward,FORWARD_ENTAILMENT
dico_phrasis_0000131__en-eu__reverse,FORWARD_ENTAILMENT
dico_phrasis_0000131__es-en__forward,FORWARD_ENTAILMENT
dico_phrasis_0000131__es-en__reverse,FORWARD_ENTAILMENT
dico_phrasis_0000131__es-eu__forward,FORWARD_ENTAILMENT
dico_phrasis_0000131__es-eu__reverse,FORWARD_ENTAILMENT
dico_phrasis_0000131__eu-en__forward,FORWARD_ENTAILMENT
dico_phrasis_0000131__eu-en__reverse,FORWARD_ENTAILMENT
dico_phrasis_0000131__eu-es__forward,FORWARD_ENTAILMENT
dico_phrasis_0000131__eu-es__reverse,FORWARD_ENTAILMENT
dico_phrasis_0000136__en-es__forward,FORWARD_ENTAILMENT
dico_phrasis_0000136__en-es__reverse,FORWARD_ENTAILMENT
dico_phrasis_0000136__en-eu__forward,FORWARD_ENTAILMENT
dico_phrasis_0000136__en-eu__reverse,FORWARD_ENTAILMENT
dico_phrasis_0000136__es-en__forward,FORWARD_ENTAILMENT
dico_phrasis_0000136__es-en__reverse,FORWARD_ENTAILMENT
dico_phrasis_0000136__es-eu__forward,FORWARD_ENTAILMENT
dico_phrasis_0000136__es-eu__reverse,FORWARD_ENTAILMENT
dico_phrasis_0000136__eu-en__forward,FORWARD_ENTAILMENT
dico_phrasis_0000136__eu-en__reverse,FORWARD_ENTAILMENT
dico_phrasis_0000136__eu-es__forward,FORWARD_ENTAILMENT
dico_phrasis_0000136__eu-es__reverse,FORWARD_ENTAILMENT
dico_phrasis_0000151__en-es__forward,FORWARD_ENTAILMENT
dico_phrasis_0000151__en-es__reverse,FORWARD_ENTAILMENT
dico_phrasis_0000151__en-eu__forward,FORWARD_ENTAILMENT
dico_phrasis_0000151__en-eu__reverse,FORWARD_ENTAILMENT
dico_phrasis_0000151__es-en__forward,FORWARD_ENTAILMENT
dico_phrasis_0000151__es-en__reverse,FORWARD_ENTAILMENT
dico_phrasis_0000151__es-eu__forward,FORWARD_ENTAILMENT
dico_phrasis_0000151__es-eu__reverse,FORWARD_ENTAILMENT
dico_phrasis_0000151__eu-en__forward,FORWARD_ENTAILMENT
dico_phrasis_0000151__eu-en__reverse,FORWARD_ENTAILMENT
dico_phrasis_0000151__eu-es__forward,FORWARD_ENTAILMENT
dico_phrasis_0000151__eu-es__reverse,FORWARD_ENTAILMENT
dico_phrasis_0000155__en-es__forward,FORWARD_ENTAILMENT
dico_phrasis_0000155__en-es__reverse,FORWARD_ENTAILMENT
dico_phrasis_0000155__en-eu__forward,FORWARD_ENTAILMENT
dico_phrasis_0000155__en-eu__reverse,FORWARD_ENTAILMENT
dico_phrasis_0000155__es-en__forward,FORWARD_ENTAILMENT
dico_phrasis_0000155__es-en__reverse,FORWARD_ENTAILMENT
dico_phrasis_0000155__es-eu__forward,FORWARD_ENTAILMENT
dico_phrasis_0000155__es-eu__reverse,FORWARD_ENTAILMENT
dico_phrasis_0000155__eu-en__forward,FORWARD_ENTAILMENT
dico_phrasis_0000155__eu-en__reverse,FORWARD_ENTAILMENT
dico_phrasis_0000155__eu-es__forward,FORWARD_ENTAILMENT
dico_phrasis_0000155__eu-es__reverse,FORWARD_ENTAILMENT
dico_phrasis_0000157__en-es__forward,FORWARD_ENTAILMENT
dico_phrasis_0000157__en-es__reverse,FORWARD_ENTAILMENT
dico_phrasis_0000157__en-eu__forward,FORWARD_ENTAILMENT
dico_phrasis_0000157__en-eu__reverse,FORWARD_ENTAILMENT
dico_phrasis_0000157__es-en__forward,FORWARD_ENTAILMENT
dico_phrasis_0000157__es-en__reverse,FORWARD_ENTAILMENT
dico_phrasis_0000157__es-eu__forward,FORWARD_ENTAILMENT
dico_phrasis_0000157__es-eu__reverse,FORWARD_ENTAILMENT
dico_phrasis_0000157__eu-en__forward,FORWARD_ENTAILMENT
dico_phrasis_0000157__eu-en__reverse,FORWARD_ENTAILMENT
dico_phrasis_0000157__eu-es__forward,FORWARD_ENTAILMENT
dico_phrasis_0000157__eu-es__reverse,FORWARD_ENTAILMENT
dico_phrasis_0000158__en-es__forward,FORWARD_ENTAILMENT
dico_phrasis_0000158__en-es__reverse,FORWARD_ENTAILMENT
dico_phrasis_0000158__en-eu__forward,FORWARD_ENTAILMENT
dico_phrasis_0000158__en-eu__reverse,FORWARD_ENTAILMENT
dico_phrasis_0000158__es-en__forward,FORWARD_ENTAILMENT
dico_phrasis_0000158__es-en__reverse,FORWARD_ENTAILMENT
dico_phrasis_0000158__es-eu__forward,FORWARD_ENTAILMENT
dico_phrasis_0000158__es-eu__reverse,FORWARD_ENTAILMENT
dico_phrasis_0000158__eu-en__forward,FORWARD_ENTAILMENT
dico_phrasis_0000158__eu-en__reverse,FORWARD_ENTAILMENT
dico_phrasis_0000158__eu-es__forward,FORWARD_ENTAILMENT
dico_phrasis_0000158__eu-es__reverse,FORWARD_ENTAILMENT
dico_phrasis_0000161__en-es__forward,FORWARD_ENTAILMENT
dico_phrasis_0000161__en-es__reverse,FORWARD_ENTAILMENT
dico_phrasis_0000161__en-eu__forward,FORWARD_ENTAILMENT
dico_phrasis_0000161__en-eu__reverse,FORWARD_ENTAILMENT
dico_phrasis_0000161__es-en__forward,FORWARD_ENTAILMENT
dico_phrasis_0000161__es-en__reverse,FORWARD_ENTAILMENT
dico_phrasis_0000161__es-eu__forward,FORWARD_ENTAILMENT
dico_phrasis_0000161__es-eu__reverse,FORWARD_ENTAILMENT
dico_phrasis_0000161__eu-en__forward,FORWARD_ENTAILMENT
dico_phrasis_0000161__eu-en__reverse,FORWARD_ENTAILMENT
dico_phrasis_0000161__eu-es__forward,FORWARD_ENTAILMENT
dico_phrasis_0000161__eu-es__reverse,FORWARD_ENTAILMENT
dico_phrasis_0000162__en-es__forward,FORWARD_ENTAILMENT
dico_phrasis_0000162__en-es__reverse,FORWARD_ENTAILMENT
dico_phrasis_0000162__en-eu__forward,FORWARD_ENTAILMENT
dico_phrasis_0000162__en-eu__reverse,FORWARD_ENTAILMENT
dico_phrasis_0000162__es-en__forward,FORWARD_ENTAILMENT
dico_phrasis_0000162__es-en__reverse,FORWARD_ENTAILMENT
dico_phrasis_0000162__es-eu__forward,FORWARD_ENTAILMENT
dico_phrasis_0000162__es-eu__reverse,FORWARD_ENTAILMENT
dico_phrasis_0000162__eu-en__forward,FORWARD_ENTAILMENT
dico_phrasis_0000162__eu-en__reverse,FORWARD_ENTAILMENT
dico_phrasis_0000162__eu-es__forward,FORWARD_ENTAILMENT
dico_phrasis_0000162__eu-es__reverse,FORWARD_ENTAILMENT
dico_phrasis_0000168__en-es__forward,FORWARD_ENTAILMENT
dico_phrasis_0000168__en-es__reverse,FORWARD_ENTAILMENT
dico_phrasis_0000168__en-eu__forward,FORWARD_ENTAILMENT
dico_phrasis_0000168__en-eu__reverse,FORWARD_ENTAILMENT
dico_phrasis_0000168__es-en__forward,FORWARD_ENTAILMENT
dico_phrasis_0000168__es-en__reverse,FORWARD_ENTAILMENT
dico_phrasis_0000168__es-eu__forward,FORWARD_ENTAILMENT
dico_phrasis_0000168__es-eu__reverse,FORWARD_ENTAILMENT
dico_phrasis_0000168__eu-en__forward,FORWARD_ENTAILMENT
dico_phrasis_0000168__eu-en__reverse,FORWARD_ENTAILMENT
dico_phrasis_0000168__eu-es__forward,FORWARD_ENTAILMENT
dico_phrasis_0000168__eu-es__reverse,FORWARD_ENTAILMENT
dico_phrasis_0000172__en-es__forward,FORWARD_ENTAILMENT
dico_phrasis_0000172__en-es__reverse,FORWARD_ENTAILMENT
dico_phrasis_0000172__en-eu__forward,FORWARD_ENTAILMENT
dico_phrasis_0000172__en-eu__reverse,FORWARD_ENTAILMENT
dico_phrasis_0000172__es-en__forward,FORWARD_ENTAILMENT
dico_phrasis_0000172__es-en__reverse,FORWARD_ENTAILMENT
dico_phrasis_0000172__es-eu__forward,FORWARD_ENTAILMENT
dico_phrasis_0000172__es-eu__reverse,FORWARD_ENTAILMENT
dico_phrasis_0000172__eu-en__forward,FORWARD_ENTAILMENT
dico_phrasis_0000172__eu-en__reverse,FORWARD_ENTAILMENT
dico_phrasis_0000172__eu-es__forward,FORWARD_ENTAILMENT
dico_phrasis_0000172__eu-es__reverse,FORWARD_ENTAILMENT
dico_phrasis_0000180__en-es__forward,FORWARD_ENTAILMENT
dico_phrasis_0000180__en-es__reverse,FORWARD_ENTAILMENT
dico_phrasis_0000180__en-eu__forward,FORWARD_ENTAILMENT
dico_phrasis_0000180__en-eu__reverse,FORWARD_ENTAILMENT
dico_phrasis_0000180__es-en__forward,FORWARD_ENTAILMENT
dico_phrasis_0000180__es-en__reverse,FORWARD_ENTAILMENT
dico_phrasis_0000180__es-eu__forward,FORWARD_ENTAILMENT
dico_phrasis_0000180__es-eu__reverse,FORWARD_ENTAILMENT
dico_phrasis_0000180__eu-en__forward,FORWARD_ENTAILMENT
dico_phrasis_0000180__eu-en__reverse,FORWARD_ENTAILMENT
dico_phrasis_0000180__eu-es__forward,FORWARD_ENTAILMENT
dico_phrasis_0000180__eu-es__reverse,FORWARD_ENTAILMENT
dico_phrasis_0000188__en-es__forward,FORWARD_ENTAILMENT
dico_phrasis_0000188__en-es__reverse,FORWARD_ENTAILMENT
dico_phrasis_0000188__en-eu__forward,FORWARD_ENTAILMENT
dico_phrasis_0000188__en-eu__reverse,FORWARD_ENTAILMENT
dico_phrasis_0000188__es-en__forward,FORWARD_ENTAILMENT
dico_phrasis_0000188__es-en__reverse,FORWARD_ENTAILMENT
dico_phrasis_0000188__es-eu__forward,FORWARD_ENTAILMENT
dico_phrasis_0000188__es-eu__reverse,FORWARD_ENTAILMENT
dico_phrasis_0000188__eu-en__forward,FORWARD_ENTAILMENT
dico_phrasis_0000188__eu-en__reverse,FORWARD_ENTAILMENT
dico_phrasis_0000188__eu-es__forward,FORWARD_ENTAILMENT
dico_phrasis_0000188__eu-es__reverse,FORWARD_ENTAILMENT
dico_phrasis_0000193__en-es__forward,FORWARD_ENTAILMENT
dico_phrasis_0000193__en-es__reverse,FORWARD_ENTAILMENT
dico_phrasis_0000193__en-eu__forward,FORWARD_ENTAILMENT
dico_phrasis_0000193__en-eu__reverse,FORWARD_ENTAILMENT
dico_phrasis_0000193__es-en__forward,FORWARD_ENTAILMENT
dico_phrasis_0000193__es-en__reverse,FORWARD_ENTAILMENT
dico_phrasis_0000193__es-eu__forward,FORWARD_ENTAILMENT
dico_phrasis_0000193__es-eu__reverse,FORWARD_ENTAILMENT
dico_phrasis_0000193__eu-en__forward,FORWARD_ENTAILMENT
dico_phrasis_0000193__eu-en__reverse,FORWARD_ENTAILMENT
dico_phrasis_0000193__eu-es__forward,FORWARD_ENTAILMENT
dico_phrasis_0000193__eu-es__reverse,FORWARD_ENTAILMENT
dico_phrasis_0000208__en-es__forward,FORWARD_ENTAILMENT
dico_phrasis_0000208__en-es__reverse,FORWARD_ENTAILMENT
dico_phrasis_0000208__en-eu__forward,FORWARD_ENTAILMENT
dico_phrasis_0000208__en-eu__reverse,FORWARD_ENTAILMENT
dico_phrasis_0000208__es-en__forward,FORWARD_ENTAILMENT
dico_phrasis_0000208__es-en__reverse,FORWARD_ENTAILMENT
dico_phrasis_0000208__es-eu__forward,FORWARD_ENTAILMENT
dico_phrasis_0000208__es-eu__reverse,FORWARD_ENTAILMENT
dico_phrasis_0000208__eu-en__forward,FORWARD_ENTAILMENT
dico_phrasis_0000208__eu-en__reverse,FORWARD_ENTAILMENT
dico_phrasis_0000208__eu-es__forward,FORWARD_ENTAILMENT
dico_phrasis_0000208__eu-es__reverse,FORWARD_ENTAILMENT
dico_phrasis_0000213__en-es__forward,FORWARD_ENTAILMENT
dico_phrasis_0000213__en-es__reverse,FORWARD_ENTAILMENT
dico_phrasis_0000213__en-eu__forward,FORWARD_ENTAILMENT
dico_phrasis_0000213__en-eu__reverse,FORWARD_ENTAILMENT
dico_phrasis_0000213__es-en__forward,FORWARD_ENTAILMENT
dico_phrasis_0000213__es-en__reverse,FORWARD_ENTAILMENT
dico_phrasis_0000213__es-eu__forward,FORWARD_ENTAILMENT
dico_phrasis_0000213__es-eu__reverse,FORWARD_ENTAILMENT
dico_phrasis_0000213__eu-en__forward,FORWARD_ENTAILMENT
dico_phrasis_0000213__eu-en__reverse,FORWARD_ENTAILMENT
dico_phrasis_0000213__eu-es__forward,FORWARD_ENTAILMENT
dico_phrasis_0000213__eu-es__reverse,FORWARD_ENTAILMENT
dico_phrasis_0000219__en-es__forward,FORWARD_ENTAILMENT
dico_phrasis_0000219__en-es__reverse,FORWARD_ENTAILMENT
dico_phrasis_0000219__en-eu__forward,FORWARD_ENTAILMENT
dico_phrasis_0000219__en-eu__reverse,FORWARD_ENTAILMENT
dico_phrasis_0000219__es-en__forward,FORWARD_ENTAILMENT
dico_phrasis_0000219__es-en__reverse,FORWARD_ENTAILMENT
dico_phrasis_0000219__es-eu__forward,FORWARD_ENTAILMENT
dico_phrasis_0000219__es-eu__reverse,FORWARD_ENTAILMENT
dico_phrasis_0000219__eu-en__forward,FORWARD_ENTAILMENT
dico_phrasis_0000219__eu-en__reverse,FORWARD_ENTAILMENT
dico_phrasis_0000219__eu-es__forward,FORWARD_ENTAILMENT
dico_phrasis_0000219__eu-es__reverse,FORWARD_ENTAILMENT
dico_phrasis_0000220__en-es__forward,FORWARD_ENTAILMENT
dico_phrasis_0000220__en-es__reverse,FORWARD_ENTAILMENT
dico_phrasis_0000220__en-eu__forward,FORWARD_ENTAILMENT
dico_phrasis_0000220__en-eu__reverse,FORWARD_ENTAILMENT
dico_phrasis_0000220__es-en__forward,FORWARD_ENTAILMENT
dico_phrasis_0000220__es-en__reverse,FORWARD_ENTAILMENT
dico_phrasis_0000220__es-eu__forward,FORWARD_ENTAILMENT
dico_phrasis_0000220__es-eu__reverse,FORWARD_ENTAILMENT
dico_phrasis_0000220__eu-en__forward,FORWARD_ENTAILMENT
dico_phrasis_0000220__eu-en__reverse,FORWARD_ENTAILMENT
dico_phrasis_0000220__eu-es__forward,FORWARD_ENTAILMENT
dico_phrasis_0000220__eu-es__reverse,FORWARD_ENTAILMENT
dico_phrasis_0000221__en-es__forward,FORWARD_ENTAILMENT
dico_phrasis_0000221__en-es__reverse,FORWARD_ENTAILMENT
dico_phrasis_0000221__en-eu__forward,FORWARD_ENTAILMENT
dico_phrasis_0000221__en-eu__reverse,FORWARD_ENTAILMENT
dico_phrasis_0000221__es-en__forward,FORWARD_ENTAILMENT
dico_phrasis_0000221__es-en__reverse,FORWARD_ENTAILMENT
dico_phrasis_0000221__es-eu__forward,FORWARD_ENTAILMENT
dico_phrasis_0000221__es-eu__reverse,FORWARD_ENTAILMENT
dico_phrasis_0000221__eu-en__forward,FORWARD_ENTAILMENT
dico_phrasis_0000221__eu-en__reverse,FORWARD_ENTAILMENT
dico_phrasis_0000221__eu-es__forward,FORWARD_ENTAILMENT
dico_phrasis_0000221__eu-es__reverse,FORWARD_ENTAILMENT
dico_phrasis_0000223__en-es__forward,FORWARD_ENTAILMENT
dico_phrasis_0000223__en-es__reverse,FORWARD_ENTAILMENT
dico_phrasis_0000223__en-eu__forward,FORWARD_ENTAILMENT
dico_phrasis_0000223__en-eu__reverse,FORWARD_ENTAILMENT
dico_phrasis_0000223__es-en__forward,FORWARD_ENTAILMENT
dico_phrasis_0000223__es-en__reverse,FORWARD_ENTAILMENT
dico_phrasis_0000223__es-eu__forward,FORWARD_ENTAILMENT
dico_phrasis_0000223__es-eu__reverse,FORWARD_ENTAILMENT
dico_phrasis_0000223__eu-en__forward,FORWARD_ENTAILMENT
dico_phrasis_0000223__eu-en__reverse,FORWARD_ENTAILMENT
dico_phrasis_0000223__eu-es__forward,FORWARD_ENTAILMENT
dico_phrasis_0000223__eu-es__reverse,FORWARD_ENTAILMENT
dico_phrasis_0000229__en-es__forward,FORWARD_ENTAILMENT
dico_phrasis_0000229__en-es__reverse,FORWARD_ENTAILMENT
dico_phrasis_0000229__en-eu__forward,FORWARD_ENTAILMENT
dico_phrasis_0000229__en-eu__reverse,FORWARD_ENTAILMENT
dico_phrasis_0000229__es-en__forward,FORWARD_ENTAILMENT
dico_phrasis_0000229__es-en__reverse,FORWARD_ENTAILMENT
dico_phrasis_0000229__es-eu__forward,FORWARD_ENTAILMENT
dico_phrasis_0000229__es-eu__reverse,FORWARD_ENTAILMENT
dico_phrasis_0000229__eu-en__forward,FORWARD_ENTAILMENT
dico_phrasis_0000229__eu-en__reverse,FORWARD_ENTAILMENT
dico_phrasis_0000229__eu-es__forward,FORWARD_ENTAILMENT
dico_phrasis_0000229__eu-es__reverse,FORWARD_ENTAILMENT
dico_phrasis_0000230__en-es__forward,FORWARD_ENTAILMENT
dico_phrasis_0000230__en-es__reverse,FORWARD_ENTAILMENT
dico_phrasis_0000230__en-eu__forward,FORWARD_ENTAILMENT
dico_phrasis_0000230__en-eu__reverse,FORWARD_ENTAILMENT
dico_phrasis_0000230__es-en__forward,FORWARD_ENTAILMENT
dico_phrasis_0000230__es-en__reverse,FORWARD_ENTAILMENT
dico_phrasis_0000230__es-eu__forward,FORWARD_ENTAILMENT
dico_phrasis_0000230__es-eu__reverse,FORWARD_ENTAILMENT
dico_phrasis_0000230__eu-en__forward,FORWARD_ENTAILMENT
dico_phrasis_0000230__eu-en__reverse,FORWARD_ENTAILMENT
dico_phrasis_0000230__eu-es__forward,FORWARD_ENTAILMENT
dico_phrasis_0000230__eu-es__reverse,FORWARD_ENTAILMENT
dico_phrasis_0000240__en-es__forward,FORWARD_ENTAILMENT
dico_phrasis_0000240__en-es__reverse,FORWARD_ENTAILMENT
dico_phrasis_0000240__en-eu__forward,FORWARD_ENTAILMENT
dico_phrasis_0000240__en-eu__reverse,FORWARD_ENTAILMENT
dico_phrasis_0000240__es-en__forward,FORWARD_ENTAILMENT
dico_phrasis_0000240__es-en__reverse,FORWARD_ENTAILMENT
dico_phrasis_0000240__es-eu__forward,FORWARD_ENTAILMENT
dico_phrasis_0000240__es-eu__reverse,FORWARD_ENTAILMENT
dico_phrasis_0000240__eu-en__forward,FORWARD_ENTAILMENT
dico_phrasis_0000240__eu-en__reverse,FORWARD_ENTAILMENT
dico_phrasis_0000240__eu-es__forward,FORWARD_ENTAILMENT
dico_phrasis_0000240__eu-es__reverse,FORWARD_ENTAILMENT
dico_phrasis_0000242__en-es__forward,FORWARD_ENTAILMENT
dico_phrasis_0000242__en-es__reverse,FORWARD_ENTAILMENT
dico_phrasis_0000242__en-eu__forward,FORWARD_ENTAILMENT
dico_phrasis_0000242__en-eu__reverse,FORWARD_ENTAILMENT
dico_phrasis_0000242__es-en__forward,FORWARD_ENTAILMENT
dico_phrasis_0000242__es-en__reverse,FORWARD_ENTAILMENT
dico_phrasis_0000242__es-eu__forward,FORWARD_ENTAILMENT
dico_phrasis_0000242__es-eu__reverse,FORWARD_ENTAILMENT
dico_phrasis_0000242__eu-en__forward,FORWARD_ENTAILMENT
dico_phrasis_0000242__eu-en__reverse,FORWARD_ENTAILMENT
dico_phrasis_0000242__eu-es__forward,FORWARD_ENTAILMENT
dico_phrasis_0000242__eu-es__reverse,FORWARD_ENTAILMENT
dico_phrasis_0000248__en-es__forward,FORWARD_ENTAILMENT
dico_phrasis_0000248__en-es__reverse,FORWARD_ENTAILMENT
dico_phrasis_0000248__en-eu__forward,FORWARD_ENTAILMENT
dico_phrasis_0000248__en-eu__reverse,FORWARD_ENTAILMENT
dico_phrasis_0000248__es-en__forward,FORWARD_ENTAILMENT
dico_phrasis_0000248__es-en__reverse,FORWARD_ENTAILMENT
dico_phrasis_0000248__es-eu__forward,FORWARD_ENTAILMENT
dico_phrasis_0000248__es-eu__reverse,FORWARD_ENTAILMENT
dico_phrasis_0000248__eu-en__forward,FORWARD_ENTAILMENT
dico_phrasis_0000248__eu-en__reverse,FORWARD_ENTAILMENT
dico_phrasis_0000248__eu-es__forward,FORWARD_ENTAILMENT
dico_phrasis_0000248__eu-es__reverse,FORWARD_ENTAILMENT
dico_phrasis_0000251__en-es__forward,FORWARD_ENTAILMENT
dico_phrasis_0000251__en-es__reverse,FORWARD_ENTAILMENT
dico_phrasis_0000251__en-eu__forward,FORWARD_ENTAILMENT
dico_phrasis_0000251__en-eu__reverse,FORWARD_ENTAILMENT
dico_phrasis_0000251__es-en__forward,FORWARD_ENTAILMENT
dico_phrasis_0000251__es-en__reverse,FORWARD_ENTAILMENT
dico_phrasis_0000251__es-eu__forward,FORWARD_ENTAILMENT
dico_phrasis_0000251__es-eu__reverse,FORWARD_ENTAILMENT
dico_phrasis_0000251__eu-en__forward,FORWARD_ENTAILMENT
dico_phrasis_0000251__eu-en__reverse,FORWARD_ENTAILMENT
dico_phrasis_0000251__eu-es__forward,FORWARD_ENTAILMENT
dico_phrasis_0000251__eu-es__reverse,FORWARD_ENTAILMENT
dico_phrasis_0000257__en-es__forward,FORWARD_ENTAILMENT
dico_phrasis_0000257__en-es__reverse,FORWARD_ENTAILMENT
dico_phrasis_0000257__en-eu__forward,FORWARD_ENTAILMENT
dico_phrasis_0000257__en-eu__reverse,FORWARD_ENTAILMENT
dico_phrasis_0000257__es-en__forward,FORWARD_ENTAILMENT
dico_phrasis_0000257__es-en__reverse,FORWARD_ENTAILMENT
dico_phrasis_0000257__es-eu__forward,FORWARD_ENTAILMENT
dico_phrasis_0000257__es-eu__reverse,FORWARD_ENTAILMENT
dico_phrasis_0000257__eu-en__forward,FORWARD_ENTAILMENT
dico_phrasis_0000257__eu-en__reverse,FORWARD_ENTAILMENT
dico_phrasis_0000257__eu-es__forward,FORWARD_ENTAILMENT
dico_phrasis_0000257__eu-es__reverse,FORWARD_ENTAILMENT
dico_phrasis_0000259__en-es__forward,FORWARD_ENTAILMENT
dico_phrasis_0000259__en-es__reverse,FORWARD_ENTAILMENT
dico_phrasis_0000259__en-eu__forward,FORWARD_ENTAILMENT
dico_phrasis_0000259__en-eu__reverse,FORWARD_ENTAILMENT
dico_phrasis_0000259__es-en__forward,FORWARD_ENTAILMENT
dico_phrasis_0000259__es-en__reverse,FORWARD_ENTAILMENT
dico_phrasis_0000259__es-eu__forward,FORWARD_ENTAILMENT
dico_phrasis_0000259__es-eu__reverse,FORWARD_ENTAILMENT
dico_phrasis_0000259__eu-en__forward,FORWARD_ENTAILMENT
dico_phrasis_0000259__eu-en__reverse,FORWARD_ENTAILMENT
dico_phrasis_0000259__eu-es__forward,FORWARD_ENTAILMENT
dico_phrasis_0000259__eu-es__reverse,FORWARD_ENTAILMENT
dico_phrasis_0000264__en-es__forward,FORWARD_ENTAILMENT
dico_phrasis_0000264__en-es__reverse,FORWARD_ENTAILMENT
dico_phrasis_0000264__en-eu__forward,FORWARD_ENTAILMENT
dico_phrasis_0000264__en-eu__reverse,FORWARD_ENTAILMENT
dico_phrasis_0000264__es-en__forward,FORWARD_ENTAILMENT
dico_phrasis_0000264__es-en__reverse,FORWARD_ENTAILMENT
dico_phrasis_0000264__es-eu__forward,FORWARD_ENTAILMENT
dico_phrasis_0000264__es-eu__reverse,FORWARD_ENTAILMENT
dico_phrasis_0000264__eu-en__forward,FORWARD_ENTAILMENT
dico_phrasis_0000264__eu-en__reverse,FORWARD_ENTAILMENT
dico_phrasis_0000264__eu-es__forward,FORWARD_ENTAILMENT
dico_phrasis_0000264__eu-es__reverse,FORWARD_ENTAILMENT
dico_phrasis_0000265__en-es__forward,FORWARD_ENTAILMENT
dico_phrasis_0000265__en-es__reverse,FORWARD_ENTAILMENT
dico_phrasis_0000265__en-eu__forward,FORWARD_ENTAILMENT
dico_phrasis_0000265__en-eu__reverse,FORWARD_ENTAILMENT
dico_phrasis_0000265__es-en__forward,FORWARD_ENTAILMENT
dico_phrasis_0000265__es-en__reverse,FORWARD_ENTAILMENT
dico_phrasis_0000265__es-eu__forward,FORWARD_ENTAILMENT
dico_phrasis_0000265__es-eu__reverse,FORWARD_ENTAILMENT
dico_phrasis_0000265__eu-en__forward,FORWARD_ENTAILMENT
dico_phrasis_0000265__eu-en__reverse,FORWARD_ENTAILMENT
dico_phrasis_0000265__eu-es__forward,FORWARD_ENTAILMENT
dico_phrasis_0000265__eu-es__reverse,FORWARD_ENTAILMENT
dico_phrasis_0000283__en-es__forward,FORWARD_ENTAILMENT
dico_phrasis_0000283__en-es__reverse,FORWARD_ENTAILMENT
dico_phrasis_0000283__en-eu__forward,FORWARD_ENTAILMENT
dico_phrasis_0000283__en-eu__reverse,FORWARD_ENTAILMENT
dico_phrasis_0000283__es-en__forward,FORWARD_ENTAILMENT
dico_phrasis_0000283__es-en__reverse,FORWARD_ENTAILMENT
dico_phrasis_0000283__es-eu__forward,FORWARD_ENTAILMENT
dico_phrasis_0000283__es-eu__reverse,FORWARD_ENTAILMENT
dico_phrasis_0000283__eu-en__forward,FORWARD_ENTAILMENT
dico_phrasis_0000283__eu-en__reverse,FORWARD_ENTAILMENT
dico_phrasis_0000283__eu-es__forward,FORWARD_ENTAILMENT
dico_phrasis_0000283__eu-es__reverse,FORWARD_ENTAILMENT
dico_phrasis_0000284__en-es__forward,FORWARD_ENTAILMENT
dico_phrasis_0000284__en-es__reverse,FORWARD_ENTAILMENT
dico_phrasis_0000284__en-eu__forward,FORWARD_ENTAILMENT
dico_phrasis_0000284__en-eu__reverse,FORWARD_ENTAILMENT
dico_phrasis_0000284__es-en__forward,FORWARD_ENTAILMENT
dico_phrasis_0000284__es-en__reverse,FORWARD_ENTAILMENT
dico_phrasis_0000284__es-eu__forward,FORWARD_ENTAILMENT
dico_phrasis_0000284__es-eu__reverse,FORWARD_ENTAILMENT
dico_phrasis_0000284__eu-en__forward,FORWARD_ENTAILMENT
dico_phrasis_0000284__eu-en__reverse,FORWARD_ENTAILMENT
dico_phrasis_0000284__eu-es__forward,FORWARD_ENTAILMENT
dico_phrasis_0000284__eu-es__reverse,FORWARD_ENTAILMENT
dico_phrasis_0000288__en-es__forward,FORWARD_ENTAILMENT
dico_phrasis_0000288__en-es__reverse,FORWARD_ENTAILMENT
dico_phrasis_0000288__en-eu__forward,FORWARD_ENTAILMENT
dico_phrasis_0000288__en-eu__reverse,FORWARD_ENTAILMENT
dico_phrasis_0000288__es-en__forward,FORWARD_ENTAILMENT
dico_phrasis_0000288__es-en__reverse,FORWARD_ENTAILMENT
dico_phrasis_0000288__es-eu__forward,FORWARD_ENTAILMENT
dico_phrasis_0000288__es-eu__reverse,FORWARD_ENTAILMENT
dico_phrasis_0000288__eu-en__forward,FORWARD_ENTAILMENT
dico_phrasis_0000288__eu-en__reverse,FORWARD_ENTAILMENT
dico_phrasis_0000288__eu-es__forward,FORWARD_ENTAILMENT
dico_phrasis_0000288__eu-es__reverse,FORWARD_ENTAILMENT
dico_phrasis_0000289__en-es__forward,FORWARD_ENTAILMENT
dico_phrasis_0000289__en-es__reverse,FORWARD_ENTAILMENT
dico_phrasis_0000289__en-eu__forward,FORWARD_ENTAILMENT
dico_phrasis_0000289__en-eu__reverse,FORWARD_ENTAILMENT
dico_phrasis_0000289__es-en__forward,FORWARD_ENTAILMENT
dico_phrasis_0000289__es-en__reverse,FORWARD_ENTAILMENT
dico_phrasis_0000289__es-eu__forward,FORWARD_ENTAILMENT
dico_phrasis_0000289__es-eu__reverse,FORWARD_ENTAILMENT
dico_phrasis_0000289__eu-en__forward,FORWARD_ENTAILMENT
dico_phrasis_0000289__eu-en__reverse,FORWARD_ENTAILMENT
dico_phrasis_0000289__eu-es__forward,FORWARD_ENTAILMENT
dico_phrasis_0000289__eu-es__reverse,FORWARD_ENTAILMENT
dico_phrasis_0000292__en-es__forward,FORWARD_ENTAILMENT
dico_phrasis_0000292__en-es__reverse,FORWARD_ENTAILMENT
dico_phrasis_0000292__en-eu__forward,FORWARD_ENTAILMENT
dico_phrasis_0000292__en-eu__reverse,FORWARD_ENTAILMENT
dico_phrasis_0000292__es-en__forward,FORWARD_ENTAILMENT
dico_phrasis_0000292__es-en__reverse,FORWARD_ENTAILMENT
dico_phrasis_0000292__es-eu__forward,FORWARD_ENTAILMENT
dico_phrasis_0000292__es-eu__reverse,FORWARD_ENTAILMENT
dico_phrasis_0000292__eu-en__forward,FORWARD_ENTAILMENT
dico_phrasis_0000292__eu-en__reverse,FORWARD_ENTAILMENT
dico_phrasis_0000292__eu-es__forward,FORWARD_ENTAILMENT
dico_phrasis_0000292__eu-es__reverse,FORWARD_ENTAILMENT
dico_phrasis_0000297__en-es__forward,FORWARD_ENTAILMENT
dico_phrasis_0000297__en-es__reverse,FORWARD_ENTAILMENT
dico_phrasis_0000297__en-eu__forward,FORWARD_ENTAILMENT
dico_phrasis_0000297__en-eu__reverse,FORWARD_ENTAILMENT
dico_phrasis_0000297__es-en__forward,FORWARD_ENTAILMENT
dico_phrasis_0000297__es-en__reverse,FORWARD_ENTAILMENT
dico_phrasis_0000297__es-eu__forward,FORWARD_ENTAILMENT
dico_phrasis_0000297__es-eu__reverse,FORWARD_ENTAILMENT
dico_phrasis_0000297__eu-en__forward,FORWARD_ENTAILMENT
dico_phrasis_0000297__eu-en__reverse,FORWARD_ENTAILMENT
dico_phrasis_0000297__eu-es__forward,FORWARD_ENTAILMENT
dico_phrasis_0000297__eu-es__reverse,FORWARD_ENTAILMENT
dico_phrasis_0000298__en-es__forward,FORWARD_ENTAILMENT
dico_phrasis_0000298__en-es__reverse,FORWARD_ENTAILMENT
dico_phrasis_0000298__en-eu__forward,FORWARD_ENTAILMENT
dico_phrasis_0000298__en-eu__reverse,FORWARD_ENTAILMENT
dico_phrasis_0000298__es-en__forward,FORWARD_ENTAILMENT
dico_phrasis_0000298__es-en__reverse,FORWARD_ENTAILMENT
dico_phrasis_0000298__es-eu__forward,FORWARD_ENTAILMENT
dico_phrasis_0000298__es-eu__reverse,FORWARD_ENTAILMENT
dico_phrasis_0000298__eu-en__forward,FORWARD_ENTAILMENT
dico_phrasis_0000298__eu-en__reverse,FORWARD_ENTAILMENT
dico_phrasis_0000298__eu-es__forward,FORWARD_ENTAILMENT
dico_phrasis_0000298__eu-es__reverse,FORWARD_ENTAILMENT
dico_phrasis_0000300__en-es__forward,FORWARD_ENTAILMENT
dico_phrasis_0000300__en-es__reverse,FORWARD_ENTAILMENT
dico_phrasis_0000300__en-eu__forward,FORWARD_ENTAILMENT
dico_phrasis_0000300__en-eu__reverse,FORWARD_ENTAILMENT
dico_phrasis_0000300__es-en__forward,FORWARD_ENTAILMENT
dico_phrasis_0000300__es-en__reverse,FORWARD_ENTAILMENT
dico_phrasis_0000300__es-eu__forward,FORWARD_ENTAILMENT
dico_phrasis_0000300__es-eu__reverse,FORWARD_ENTAILMENT
dico_phrasis_0000300__eu-en__forward,FORWARD_ENTAILMENT
dico_phrasis_0000300__eu-en__reverse,FORWARD_ENTAILMENT
dico_phrasis_0000300__eu-es__forward,FORWARD_ENTAILMENT
dico_phrasis_0000300__eu-es__reverse,FORWARD_ENTAILMENT
dico_phrasis_0000310__en-es__forward,FORWARD_ENTAILMENT
dico_phrasis_0000310__en-es__reverse,FORWARD_ENTAILMENT
dico_phrasis_0000310__en-eu__forward,FORWARD_ENTAILMENT
dico_phrasis_0000310__en-eu__reverse,FORWARD_ENTAILMENT
dico_phrasis_0000310__es-en__forward,FORWARD_ENTAILMENT
dico_phrasis_0000310__es-en__reverse,FORWARD_ENTAILMENT
dico_phrasis_0000310__es-eu__forward,FORWARD_ENTAILMENT
dico_phrasis_0000310__es-eu__reverse,FORWARD_ENTAILMENT
dico_phrasis_0000310__eu-en__forward,FORWARD_ENTAILMENT
dico_phrasis_0000310__eu-en__reverse,FORWARD_ENTAILMENT
dico_phrasis_0000310__eu-es__forward,FORWARD_ENTAILMENT
dico_phrasis_0000310__eu-es__reverse,FORWARD_ENTAILMENT
dico_phrasis_0000313__en-es__forward,FORWARD_ENTAILMENT
dico_phrasis_0000313__en-es__reverse,FORWARD_ENTAILMENT
dico_phrasis_0000313__en-eu__forward,FORWARD_ENTAILMENT
dico_phrasis_0000313__en-eu__reverse,FORWARD_ENTAILMENT
dico_phrasis_0000313__es-en__forward,FORWARD_ENTAILMENT
dico_phrasis_0000313__es-en__reverse,FORWARD_ENTAILMENT
dico_phrasis_0000313__es-eu__forward,FORWARD_ENTAILMENT
dico_phrasis_0000313__es-eu__reverse,FORWARD_ENTAILMENT
dico_phrasis_0000313__eu-en__forward,FORWARD_ENTAILMENT
dico_phrasis_0000313__eu-en__reverse,FORWARD_ENTAILMENT
dico_phrasis_0000313__eu-es__forward,FORWARD_ENTAILMENT
dico_phrasis_0000313__eu-es__reverse,FORWARD_ENTAILMENT
dico_phrasis_0000330__en-es__forward,FORWARD_ENTAILMENT
dico_phrasis_0000330__en-es__reverse,FORWARD_ENTAILMENT
dico_phrasis_0000330__en-eu__forward,FORWARD_ENTAILMENT
dico_phrasis_0000330__en-eu__reverse,FORWARD_ENTAILMENT
dico_phrasis_0000330__es-en__forward,FORWARD_ENTAILMENT
dico_phrasis_0000330__es-en__reverse,FORWARD_ENTAILMENT
dico_phrasis_0000330__es-eu__forward,FORWARD_ENTAILMENT
dico_phrasis_0000330__es-eu__reverse,FORWARD_ENTAILMENT
dico_phrasis_0000330__eu-en__forward,FORWARD_ENTAILMENT
dico_phrasis_0000330__eu-en__reverse,FORWARD_ENTAILMENT
dico_phrasis_0000330__eu-es__forward,FORWARD_ENTAILMENT
dico_phrasis_0000330__eu-es__reverse,FORWARD_ENTAILMENT
dico_phrasis_0000331__en-es__forward,FORWARD_ENTAILMENT
dico_phrasis_0000331__en-es__reverse,FORWARD_ENTAILMENT
dico_phrasis_0000331__en-eu__forward,FORWARD_ENTAILMENT
dico_phrasis_0000331__en-eu__reverse,FORWARD_ENTAILMENT
dico_phrasis_0000331__es-en__forward,FORWARD_ENTAILMENT
dico_phrasis_0000331__es-en__reverse,FORWARD_ENTAILMENT
dico_phrasis_0000331__es-eu__forward,FORWARD_ENTAILMENT
dico_phrasis_0000331__es-eu__reverse,FORWARD_ENTAILMENT
dico_phrasis_0000331__eu-en__forward,FORWARD_ENTAILMENT
dico_phrasis_0000331__eu-en__reverse,FORWARD_ENTAILMENT
dico_phrasis_0000331__eu-es__forward,FORWARD_ENTAILMENT
dico_phrasis_0000331__eu-es__reverse,FORWARD_ENTAILMENT
dico_phrasis_0000337__en-es__forward,FORWARD_ENTAILMENT
dico_phrasis_0000337__en-es__reverse,FORWARD_ENTAILMENT
dico_phrasis_0000337__en-eu__forward,FORWARD_ENTAILMENT
dico_phrasis_0000337__en-eu__reverse,FORWARD_ENTAILMENT
dico_phrasis_0000337__es-en__forward,FORWARD_ENTAILMENT
dico_phrasis_0000337__es-en__reverse,FORWARD_ENTAILMENT
dico_phrasis_0000337__es-eu__forward,FORWARD_ENTAILMENT
dico_phrasis_0000337__es-eu__reverse,FORWARD_ENTAILMENT
dico_phrasis_0000337__eu-en__forward,FORWARD_ENTAILMENT
dico_phrasis_0000337__eu-en__reverse,FORWARD_ENTAILMENT
dico_phrasis_0000337__eu-es__forward,FORWARD_ENTAILMENT
dico_phrasis_0000337__eu-es__reverse,FORWARD_ENTAILMENT
dico_phrasis_0000345__en-es__forward,FORWARD_ENTAILMENT
dico_phrasis_0000345__en-es__reverse,FORWARD_ENTAILMENT
dico_phrasis_0000345__en-eu__forward,FORWARD_ENTAILMENT
dico_phrasis_0000345__en-eu__reverse,FORWARD_ENTAILMENT
dico_phrasis_0000345__es-en__forward,FORWARD_ENTAILMENT
dico_phrasis_0000345__es-en__reverse,FORWARD_ENTAILMENT
dico_phrasis_0000345__es-eu__forward,FORWARD_ENTAILMENT
dico_phrasis_0000345__es-eu__reverse,FORWARD_ENTAILMENT
dico_phrasis_0000345__eu-en__forward,FORWARD_ENTAILMENT
dico_phrasis_0000345__eu-en__reverse,FORWARD_ENTAILMENT
dico_phrasis_0000345__eu-es__forward,FORWARD_ENTAILMENT
dico_phrasis_0000345__eu-es__reverse,FORWARD_ENTAILMENT
dico_phrasis_0000347__en-es__forward,FORWARD_ENTAILMENT
dico_phrasis_0000347__en-es__reverse,FORWARD_ENTAILMENT
dico_phrasis_0000347__en-eu__forward,FORWARD_ENTAILMENT
dico_phrasis_0000347__en-eu__reverse,FORWARD_ENTAILMENT
dico_phrasis_0000347__es-en__forward,FORWARD_ENTAILMENT
dico_phrasis_0000347__es-en__reverse,FORWARD_ENTAILMENT
dico_phrasis_0000347__es-eu__forward,FORWARD_ENTAILMENT
dico_phrasis_0000347__es-eu__reverse,FORWARD_ENTAILMENT
dico_phrasis_0000347__eu-en__forward,FORWARD_ENTAILMENT
dico_phrasis_0000347__eu-en__reverse,FORWARD_ENTAILMENT
dico_phrasis_0000347__eu-es__forward,FORWARD_ENTAILMENT
dico_phrasis_0000347__eu-es__reverse,FORWARD_ENTAILMENT
dico_phrasis_0000349__en-es__forward,FORWARD_ENTAILMENT
dico_phrasis_0000349__en-es__reverse,FORWARD_ENTAILMENT
dico_phrasis_0000349__en-eu__forward,FORWARD_ENTAILMENT
dico_phrasis_0000349__en-eu__reverse,FORWARD_ENTAILMENT
dico_phrasis_0000349__es-en__forward,FORWARD_ENTAILMENT
dico_phrasis_0000349__es-en__reverse,FORWARD_ENTAILMENT
dico_phrasis_0000349__es-eu__forward,FORWARD_ENTAILMENT
dico_phrasis_0000349__es-eu__reverse,FORWARD_ENTAILMENT
dico_phrasis_0000349__eu-en__forward,FORWARD_ENTAILMENT
dico_phrasis_0000349__eu-en__reverse,FORWARD_ENTAILMENT
dico_phrasis_0000349__eu-es__forward,FORWARD_ENTAILMENT
dico_phrasis_0000349__eu-es__reverse,FORWARD_ENTAILMENT
dico_phrasis_0000350__en-es__forward,FORWARD_ENTAILMENT
dico_phrasis_0000350__en-es__reverse,FORWARD_ENTAILMENT
dico_phrasis_0000350__en-eu__forward,FORWARD_ENTAILMENT
dico_phrasis_0000350__en-eu__reverse,FORWARD_ENTAILMENT
dico_phrasis_0000350__es-en__forward,FORWARD_ENTAILMENT
dico_phrasis_0000350__es-en__reverse,FORWARD_ENTAILMENT
dico_phrasis_0000350__es-eu__forward,FORWARD_ENTAILMENT
dico_phrasis_0000350__es-eu__reverse,FORWARD_ENTAILMENT
dico_phrasis_0000350__eu-en__forward,FORWARD_ENTAILMENT
dico_phrasis_0000350__eu-en__reverse,FORWARD_ENTAILMENT
dico_phrasis_0000350__eu-es__forward,FORWARD_ENTAILMENT
dico_phrasis_0000350__eu-es__reverse,FORWARD_ENTAILMENT
dico_phrasis_0000354__en-es__forward,FORWARD_ENTAILMENT
dico_phrasis_0000354__en-es__reverse,FORWARD_ENTAILMENT
dico_phrasis_0000354__en-eu__forward,FORWARD_ENTAILMENT
dico_phrasis_0000354__en-eu__reverse,FORWARD_ENTAILMENT
dico_phrasis_0000354__es-en__forward,FORWARD_ENTAILMENT
dico_phrasis_0000354__es-en__reverse,FORWARD_ENTAILMENT
dico_phrasis_0000354__es-eu__forward,FORWARD_ENTAILMENT
dico_phrasis_0000354__es-eu__reverse,FORWARD_ENTAILMENT
dico_phrasis_0000354__eu-en__forward,FORWARD_ENTAILMENT
dico_phrasis_0000354__eu-en__reverse,FORWARD_ENTAILMENT
dico_phrasis_0000354__eu-es__forward,FORWARD_ENTAILMENT
dico_phrasis_0000354__eu-es__reverse,FORWARD_ENTAILMENT
dico_phrasis_0000355__en-es__forward,FORWARD_ENTAILMENT
dico_phrasis_0000355__en-es__reverse,FORWARD_ENTAILMENT
dico_phrasis_0000355__en-eu__forward,FORWARD_ENTAILMENT
dico_phrasis_0000355__en-eu__reverse,FORWARD_ENTAILMENT
dico_phrasis_0000355__es-en__forward,FORWARD_ENTAILMENT
dico_phrasis_0000355__es-en__reverse,FORWARD_ENTAILMENT
dico_phrasis_0000355__es-eu__forward,FORWARD_ENTAILMENT
dico_phrasis_0000355__es-eu__reverse,FORWARD_ENTAILMENT
dico_phrasis_0000355__eu-en__forward,FORWARD_ENTAILMENT
dico_phrasis_0000355__eu-en__reverse,FORWARD_ENTAILMENT
dico_phrasis_0000355__eu-es__forward,FORWARD_ENTAILMENT
dico_phrasis_0000355__eu-es__reverse,FORWARD_ENTAILMENT
dico_phrasis_0000360__en-es__forward,FORWARD_ENTAILMENT
dico_phrasis_0000360__en-es__reverse,FORWARD_ENTAILMENT
dico_phrasis_0000360__en-eu__forward,FORWARD_ENTAILMENT
dico_phrasis_0000360__en-eu__reverse,FORWARD_ENTAILMENT
dico_phrasis_0000360__es-en__forward,FORWARD_ENTAILMENT
dico_phrasis_0000360__es-en__reverse,FORWARD_ENTAILMENT
dico_phrasis_0000360__es-eu__forward,FORWARD_ENTAILMENT
dico_phrasis_0000360__es-eu__reverse,FORWARD_ENTAILMENT
dico_phrasis_0000360__eu-en__forward,FORWARD_ENTAILMENT
dico_phrasis_0000360__eu-en__reverse,FORWARD_ENTAILMENT
dico_phrasis_0000360__eu-es__forward,FORWARD_ENTAILMENT
dico_phrasis_0000360__eu-es__reverse,FORWARD_ENTAILMENT
dico_phrasis_0000372__en-es__forward,FORWARD_ENTAILMENT
dico_phrasis_0000372__en-es__reverse,FORWARD_ENTAILMENT
dico_phrasis_0000372__en-eu__forward,FORWARD_ENTAILMENT
dico_phrasis_0000372__en-eu__reverse,FORWARD_ENTAILMENT
dico_phrasis_0000372__es-en__forward,FORWARD_ENTAILMENT
dico_phrasis_0000372__es-en__reverse,FORWARD_ENTAILMENT
dico_phrasis_0000372__es-eu__forward,FORWARD_ENTAILMENT
dico_phrasis_0000372__es-eu__reverse,FORWARD_ENTAILMENT
dico_phrasis_0000372__eu-en__forward,FORWARD_ENTAILMENT
dico_phrasis_0000372__eu-en__reverse,FORWARD_ENTAILMENT
dico_phrasis_0000372__eu-es__forward,FORWARD_ENTAILMENT
dico_phrasis_0000372__eu-es__reverse,FORWARD_ENTAILMENT
dico_phrasis_0000376__en-es__forward,FORWARD_ENTAILMENT
dico_phrasis_0000376__en-es__reverse,FORWARD_ENTAILMENT
dico_phrasis_0000376__en-eu__forward,FORWARD_ENTAILMENT
dico_phrasis_0000376__en-eu__reverse,FORWARD_ENTAILMENT
dico_phrasis_0000376__es-en__forward,FORWARD_ENTAILMENT
dico_phrasis_0000376__es-en__reverse,FORWARD_ENTAILMENT
dico_phrasis_0000376__es-eu__forward,FORWARD_ENTAILMENT
dico_phrasis_0000376__es-eu__reverse,FORWARD_ENTAILMENT
dico_phrasis_0000376__eu-en__forward,FORWARD_ENTAILMENT
dico_phrasis_0000376__eu-en__reverse,FORWARD_ENTAILMENT
dico_phrasis_0000376__eu-es__forward,FORWARD_ENTAILMENT
dico_phrasis_0000376__eu-es__reverse,FORWARD_ENTAILMENT
dico_phrasis_0000378__en-es__forward,FORWARD_ENTAILMENT
dico_phrasis_0000378__en-es__reverse,FORWARD_ENTAILMENT
dico_phrasis_0000378__en-eu__forward,FORWARD_ENTAILMENT
dico_phrasis_0000378__en-eu__reverse,FORWARD_ENTAILMENT
dico_phrasis_0000378__es-en__forward,FORWARD_ENTAILMENT
dico_phrasis_0000378__es-en__reverse,FORWARD_ENTAILMENT
dico_phrasis_0000378__es-eu__forward,FORWARD_ENTAILMENT
dico_phrasis_0000378__es-eu__reverse,FORWARD_ENTAILMENT
dico_phrasis_0000378__eu-en__forward,FORWARD_ENTAILMENT
dico_phrasis_0000378__eu-en__reverse,FORWARD_ENTAILMENT
dico_phrasis_0000378__eu-es__forward,FORWARD_ENTAILMENT
dico_phrasis_0000378__eu-es__reverse,FORWARD_ENTAILMENT
dico_phrasis_0000384__en-es__forward,FORWARD_ENTAILMENT
dico_phrasis_0000384__en-es__reverse,FORWARD_ENTAILMENT
dico_phrasis_0000384__en-eu__forward,FORWARD_ENTAILMENT
dico_phrasis_0000384__en-eu__reverse,FORWARD_ENTAILMENT
dico_phrasis_0000384__es-en__forward,FORWARD_ENTAILMENT
dico_phrasis_0000384__es-en__reverse,FORWARD_ENTAILMENT
dico_phrasis_0000384__es-eu__forward,FORWARD_ENTAILMENT
dico_phrasis_0000384__es-eu__reverse,FORWARD_ENTAILMENT
dico_phrasis_0000384__eu-en__forward,FORWARD_ENTAILMENT
dico_phrasis_0000384__eu-en__reverse,FORWARD_ENTAILMENT
dico_phrasis_0000384__eu-es__forward,FORWARD_ENTAILMENT
dico_phrasis_0000384__eu-es__reverse,FORWARD_ENTAILMENT
dico_phrasis_0000401__en-es__forward,FORWARD_ENTAILMENT
dico_phrasis_0000401__en-es__reverse,FORWARD_ENTAILMENT
dico_phrasis_0000401__en-eu__forward,FORWARD_ENTAILMENT
dico_phrasis_0000401__en-eu__reverse,FORWARD_ENTAILMENT
dico_phrasis_0000401__es-en__forward,FORWARD_ENTAILMENT
dico_phrasis_0000401__es-en__reverse,FORWARD_ENTAILMENT
dico_phrasis_0000401__es-eu__forward,FORWARD_ENTAILMENT
dico_phrasis_0000401__es-eu__reverse,FORWARD_ENTAILMENT
dico_phrasis_0000401__eu-en__forward,FORWARD_ENTAILMENT
dico_phrasis_0000401__eu-en__reverse,FORWARD_ENTAILMENT
dico_phrasis_0000401__eu-es__forward,FORWARD_ENTAILMENT
dico_phrasis_0000401__eu-es__reverse,FORWARD_ENTAILMENT
dico_phrasis_0000402__en-es__forward,FORWARD_ENTAILMENT
dico_phrasis_0000402__en-es__reverse,FORWARD_ENTAILMENT
dico_phrasis_0000402__en-eu__forward,FORWARD_ENTAILMENT
dico_phrasis_0000402__en-eu__reverse,FORWARD_ENTAILMENT
dico_phrasis_0000402__es-en__forward,FORWARD_ENTAILMENT
dico_phrasis_0000402__es-en__reverse,FORWARD_ENTAILMENT
dico_phrasis_0000402__es-eu__forward,FORWARD_ENTAILMENT
dico_phrasis_0000402__es-eu__reverse,FORWARD_ENTAILMENT
dico_phrasis_0000402__eu-en__forward,FORWARD_ENTAILMENT
dico_phrasis_0000402__eu-en__reverse,FORWARD_ENTAILMENT
dico_phrasis_0000402__eu-es__forward,FORWARD_ENTAILMENT
dico_phrasis_0000402__eu-es__reverse,FORWARD_ENTAILMENT
dico_phrasis_0000404__en-es__forward,FORWARD_ENTAILMENT
dico_phrasis_0000404__en-es__reverse,FORWARD_ENTAILMENT
dico_phrasis_0000404__en-eu__forward,FORWARD_ENTAILMENT
dico_phrasis_0000404__en-eu__reverse,FORWARD_ENTAILMENT
dico_phrasis_0000404__es-en__forward,FORWARD_ENTAILMENT
dico_phrasis_0000404__es-en__reverse,FORWARD_ENTAILMENT
dico_phrasis_0000404__es-eu__forward,FORWARD_ENTAILMENT
dico_phrasis_0000404__es-eu__reverse,FORWARD_ENTAILMENT
dico_phrasis_0000404__eu-en__forward,FORWARD_ENTAILMENT
dico_phrasis_0000404__eu-en__reverse,FORWARD_ENTAILMENT
dico_phrasis_0000404__eu-es__forward,FORWARD_ENTAILMENT
dico_phrasis_0000404__eu-es__reverse,FORWARD_ENTAILMENT
dico_phrasis_0000413__en-es__forward,FORWARD_ENTAILMENT
dico_phrasis_0000413__en-es__reverse,FORWARD_ENTAILMENT
dico_phrasis_0000413__en-eu__forward,FORWARD_ENTAILMENT
dico_phrasis_0000413__en-eu__reverse,FORWARD_ENTAILMENT
dico_phrasis_0000413__es-en__forward,FORWARD_ENTAILMENT
dico_phrasis_0000413__es-en__reverse,FORWARD_ENTAILMENT
dico_phrasis_0000413__es-eu__forward,FORWARD_ENTAILMENT
dico_phrasis_0000413__es-eu__reverse,FORWARD_ENTAILMENT
dico_phrasis_0000413__eu-en__forward,FORWARD_ENTAILMENT
dico_phrasis_0000413__eu-en__reverse,FORWARD_ENTAILMENT
dico_phrasis_0000413__eu-es__forward,FORWARD_ENTAILMENT
dico_phrasis_0000413__eu-es__reverse,FORWARD_ENTAILMENT
dico_phrasis_0000421__en-es__forward,FORWARD_ENTAILMENT
dico_phrasis_0000421__en-es__reverse,FORWARD_ENTAILMENT
dico_phrasis_0000421__en-eu__forward,FORWARD_ENTAILMENT
dico_phrasis_0000421__en-eu__reverse,FORWARD_ENTAILMENT
dico_phrasis_0000421__es-en__forward,FORWARD_ENTAILMENT
dico_phrasis_0000421__es-en__reverse,FORWARD_ENTAILMENT
dico_phrasis_0000421__es-eu__forward,FORWARD_ENTAILMENT
dico_phrasis_0000421__es-eu__reverse,FORWARD_ENTAILMENT
dico_phrasis_0000421__eu-en__forward,FORWARD_ENTAILMENT
dico_phrasis_0000421__eu-en__reverse,FORWARD_ENTAILMENT
dico_phrasis_0000421__eu-es__forward,FORWARD_ENTAILMENT
dico_phrasis_0000421__eu-es__reverse,FORWARD_ENTAILMENT
dico_phrasis_0000423__en-es__forward,FORWARD_ENTAILMENT
dico_phrasis_0000423__en-es__reverse,FORWARD_ENTAILMENT
dico_phrasis_0000423__en-eu__forward,FORWARD_ENTAILMENT
dico_phrasis_0000423__en-eu__reverse,FORWARD_ENTAILMENT
dico_phrasis_0000423__es-en__forward,FORWARD_ENTAILMENT
dico_phrasis_0000423__es-en__reverse,FORWARD_ENTAILMENT
dico_phrasis_0000423__es-eu__forward,FORWARD_ENTAILMENT
dico_phrasis_0000423__es-eu__reverse,FORWARD_ENTAILMENT
dico_phrasis_0000423__eu-en__forward,FORWARD_ENTAILMENT
dico_phrasis_0000423__eu-en__reverse,FORWARD_ENTAILMENT
dico_phrasis_0000423__eu-es__forward,FORWARD_ENTAILMENT
dico_phrasis_0000423__eu-es__reverse,FORWARD_ENTAILMENT
dico_phrasis_0000427__en-es__forward,FORWARD_ENTAILMENT
dico_phrasis_0000427__en-es__reverse,FORWARD_ENTAILMENT
dico_phrasis_0000427__en-eu__forward,FORWARD_ENTAILMENT
dico_phrasis_0000427__en-eu__reverse,FORWARD_ENTAILMENT
dico_phrasis_0000427__es-en__forward,FORWARD_ENTAILMENT
dico_phrasis_0000427__es-en__reverse,FORWARD_ENTAILMENT
dico_phrasis_0000427__es-eu__forward,FORWARD_ENTAILMENT
dico_phrasis_0000427__es-eu__reverse,FORWARD_ENTAILMENT
dico_phrasis_0000427__eu-en__forward,FORWARD_ENTAILMENT
dico_phrasis_0000427__eu-en__reverse,FORWARD_ENTAILMENT
dico_phrasis_0000427__eu-es__forward,FORWARD_ENTAILMENT
dico_phrasis_0000427__eu-es__reverse,FORWARD_ENTAILMENT
dico_phrasis_0000431__en-es__forward,FORWARD_ENTAILMENT
dico_phrasis_0000431__en-es__reverse,FORWARD_ENTAILMENT
dico_phrasis_0000431__en-eu__forward,FORWARD_ENTAILMENT
dico_phrasis_0000431__en-eu__reverse,FORWARD_ENTAILMENT
dico_phrasis_0000431__es-en__forward,FORWARD_ENTAILMENT
dico_phrasis_0000431__es-en__reverse,FORWARD_ENTAILMENT
dico_phrasis_0000431__es-eu__forward,FORWARD_ENTAILMENT
dico_phrasis_0000431__es-eu__reverse,FORWARD_ENTAILMENT
dico_phrasis_0000431__eu-en__forward,FORWARD_ENTAILMENT
dico_phrasis_0000431__eu-en__reverse,FORWARD_ENTAILMENT
dico_phrasis_0000431__eu-es__forward,FORWARD_ENTAILMENT
dico_phrasis_0000431__eu-es__reverse,FORWARD_ENTAILMENT
dico_phrasis_0000432__en-es__forward,FORWARD_ENTAILMENT
dico_phrasis_0000432__en-es__reverse,FORWARD_ENTAILMENT
dico_phrasis_0000432__en-eu__forward,FORWARD_ENTAILMENT
dico_phrasis_0000432__en-eu__reverse,FORWARD_ENTAILMENT
dico_phrasis_0000432__es-en__forward,FORWARD_ENTAILMENT
dico_phrasis_0000432__es-en__reverse,FORWARD_ENTAILMENT
dico_phrasis_0000432__es-eu__forward,FORWARD_ENTAILMENT
dico_phrasis_0000432__es-eu__reverse,FORWARD_ENTAILMENT
dico_phrasis_0000432__eu-en__forward,FORWARD_ENTAILMENT
dico_phrasis_0000432__eu-en__reverse,FORWARD_ENTAILMENT
dico_phrasis_0000432__eu-es__forward,FORWARD_ENTAILMENT
dico_phrasis_0000432__eu-es__reverse,FORWARD_ENTAILMENT
dico_phrasis_0000440__en-es__forward,FORWARD_ENTAILMENT
dico_phrasis_0000440__en-es__reverse,FORWARD_ENTAILMENT
dico_phrasis_0000440__en-eu__forward,FORWARD_ENTAILMENT
dico_phrasis_0000440__en-eu__reverse,FORWARD_ENTAILMENT
dico_phrasis_0000440__es-en__forward,FORWARD_ENTAILMENT
dico_phrasis_0000440__es-en__reverse,FORWARD_ENTAILMENT
dico_phrasis_0000440__es-eu__forward,FORWARD_ENTAILMENT
dico_phrasis_0000440__es-eu__reverse,FORWARD_ENTAILMENT
dico_phrasis_0000440__eu-en__forward,FORWARD_ENTAILMENT
dico_phrasis_0000440__eu-en__reverse,FORWARD_ENTAILMENT
dico_phrasis_0000440__eu-es__forward,FORWARD_ENTAILMENT
dico_phrasis_0000440__eu-es__reverse,FORWARD_ENTAILMENT
dico_phrasis_0000444__en-es__forward,FORWARD_ENTAILMENT
dico_phrasis_0000444__en-es__reverse,FORWARD_ENTAILMENT
dico_phrasis_0000444__en-eu__forward,FORWARD_ENTAILMENT
dico_phrasis_0000444__en-eu__reverse,FORWARD_ENTAILMENT
dico_phrasis_0000444__es-en__forward,FORWARD_ENTAILMENT
dico_phrasis_0000444__es-en__reverse,FORWARD_ENTAILMENT
dico_phrasis_0000444__es-eu__forward,FORWARD_ENTAILMENT
dico_phrasis_0000444__es-eu__reverse,FORWARD_ENTAILMENT
dico_phrasis_0000444__eu-en__forward,FORWARD_ENTAILMENT
dico_phrasis_0000444__eu-en__reverse,FORWARD_ENTAILMENT
dico_phrasis_0000444__eu-es__forward,FORWARD_ENTAILMENT
dico_phrasis_0000444__eu-es__reverse,FORWARD_ENTAILMENT
dico_phrasis_0000454__en-es__forward,FORWARD_ENTAILMENT
dico_phrasis_0000454__en-es__reverse,FORWARD_ENTAILMENT
dico_phrasis_0000454__en-eu__forward,FORWARD_ENTAILMENT
dico_phrasis_0000454__en-eu__reverse,FORWARD_ENTAILMENT
dico_phrasis_0000454__es-en__forward,FORWARD_ENTAILMENT
dico_phrasis_0000454__es-en__reverse,FORWARD_ENTAILMENT
dico_phrasis_0000454__es-eu__forward,FORWARD_ENTAILMENT
dico_phrasis_0000454__es-eu__reverse,FORWARD_ENTAILMENT
dico_phrasis_0000454__eu-en__forward,FORWARD_ENTAILMENT
dico_phrasis_0000454__eu-en__reverse,FORWARD_ENTAILMENT
dico_phrasis_0000454__eu-es__forward,FORWARD_ENTAILMENT
dico_phrasis_0000454__eu-es__reverse,FORWARD_ENTAILMENT
dico_phrasis_0000458__en-es__forward,FORWARD_ENTAILMENT
dico_phrasis_0000458__en-es__reverse,FORWARD_ENTAILMENT
dico_phrasis_0000458__en-eu__forward,FORWARD_ENTAILMENT
dico_phrasis_0000458__en-eu__reverse,FORWARD_ENTAILMENT
dico_phrasis_0000458__es-en__forward,FORWARD_ENTAILMENT
dico_phrasis_0000458__es-en__reverse,FORWARD_ENTAILMENT
dico_phrasis_0000458__es-eu__forward,FORWARD_ENTAILMENT
dico_phrasis_0000458__es-eu__reverse,FORWARD_ENTAILMENT
dico_phrasis_0000458__eu-en__forward,FORWARD_ENTAILMENT
dico_phrasis_0000458__eu-en__reverse,FORWARD_ENTAILMENT
dico_phrasis_0000458__eu-es__forward,FORWARD_ENTAILMENT
dico_phrasis_0000458__eu-es__reverse,FORWARD_ENTAILMENT
dico_phrasis_0000460__en-es__forward,FORWARD_ENTAILMENT
dico_phrasis_0000460__en-es__reverse,FORWARD_ENTAILMENT
dico_phrasis_0000460__en-eu__forward,FORWARD_ENTAILMENT
dico_phrasis_0000460__en-eu__reverse,FORWARD_ENTAILMENT
dico_phrasis_0000460__es-en__forward,FORWARD_ENTAILMENT
dico_phrasis_0000460__es-en__reverse,FORWARD_ENTAILMENT
dico_phrasis_0000460__es-eu__forward,FORWARD_ENTAILMENT
dico_phrasis_0000460__es-eu__reverse,FORWARD_ENTAILMENT
dico_phrasis_0000460__eu-en__forward,FORWARD_ENTAILMENT
dico_phrasis_0000460__eu-en__reverse,FORWARD_ENTAILMENT
dico_phrasis_0000460__eu-es__forward,FORWARD_ENTAILMENT
dico_phrasis_0000460__eu-es__reverse,FORWARD_ENTAILMENT
dico_phrasis_0000464__en-es__forward,FORWARD_ENTAILMENT
dico_phrasis_0000464__en-es__reverse,FORWARD_ENTAILMENT
dico_phrasis_0000464__en-eu__forward,FORWARD_ENTAILMENT
dico_phrasis_0000464__en-eu__reverse,FORWARD_ENTAILMENT
dico_phrasis_0000464__es-en__forward,FORWARD_ENTAILMENT
dico_phrasis_0000464__es-en__reverse,FORWARD_ENTAILMENT
dico_phrasis_0000464__es-eu__forward,FORWARD_ENTAILMENT
dico_phrasis_0000464__es-eu__reverse,FORWARD_ENTAILMENT
dico_phrasis_0000464__eu-en__forward,FORWARD_ENTAILMENT
dico_phrasis_0000464__eu-en__reverse,FORWARD_ENTAILMENT
dico_phrasis_0000464__eu-es__forward,FORWARD_ENTAILMENT
dico_phrasis_0000464__eu-es__reverse,FORWARD_ENTAILMENT
dico_phrasis_0000465__en-es__forward,FORWARD_ENTAILMENT
dico_phrasis_0000465__en-es__reverse,FORWARD_ENTAILMENT
dico_phrasis_0000465__en-eu__forward,FORWARD_ENTAILMENT
dico_phrasis_0000465__en-eu__reverse,FORWARD_ENTAILMENT
dico_phrasis_0000465__es-en__forward,FORWARD_ENTAILMENT
dico_phrasis_0000465__es-en__reverse,FORWARD_ENTAILMENT
dico_phrasis_0000465__es-eu__forward,FORWARD_ENTAILMENT
dico_phrasis_0000465__es-eu__reverse,FORWARD_ENTAILMENT
dico_phrasis_0000465__eu-en__forward,FORWARD_ENTAILMENT
dico_phrasis_0000465__eu-en__reverse,FORWARD_ENTAILMENT
dico_phrasis_0000465__eu-es__forward,FORWARD_ENTAILMENT
dico_phrasis_0000465__eu-es__reverse,FORWARD_ENTAILMENT
dico_phrasis_0000469__en-es__forward,FORWARD_ENTAILMENT
dico_phrasis_0000469__en-es__reverse,FORWARD_ENTAILMENT
dico_phrasis_0000469__en-eu__forward,FORWARD_ENTAILMENT
dico_phrasis_0000469__en-eu__reverse,FORWARD_ENTAILMENT
dico_phrasis_0000469__es-en__forward,FORWARD_ENTAILMENT
dico_phrasis_0000469__es-en__reverse,FORWARD_ENTAILMENT
dico_phrasis_0000469__es-eu__forward,FORWARD_ENTAILMENT
dico_phrasis_0000469__es-eu__reverse,FORWARD_ENTAILMENT
dico_phrasis_0000469__eu-en__forward,FORWARD_ENTAILMENT
dico_phrasis_0000469__eu-en__reverse,FORWARD_ENTAILMENT
dico_phrasis_0000469__eu-es__forward,FORWARD_ENTAILMENT
dico_phrasis_0000469__eu-es__reverse,FORWARD_ENTAILMENT
dico_phrasis_0000470__en-es__forward,FORWARD_ENTAILMENT
dico_phrasis_0000470__en-es__reverse,FORWARD_ENTAILMENT
dico_phrasis_0000470__en-eu__forward,FORWARD_ENTAILMENT
dico_phrasis_0000470__en-eu__reverse,FORWARD_ENTAILMENT
dico_phrasis_0000470__es-en__forward,FORWARD_ENTAILMENT
dico_phrasis_0000470__es-en__reverse,FORWARD_ENTAILMENT
dico_phrasis_0000470__es-eu__forward,FORWARD_ENTAILMENT
dico_phrasis_0000470__es-eu__reverse,FORWARD_ENTAILMENT
dico_phrasis_0000470__eu-en__forward,FORWARD_ENTAILMENT
dico_phrasis_0000470__eu-en__reverse,FORWARD_ENTAILMENT
dico_phrasis_0000470__eu-es__forward,FORWARD_ENTAILMENT
dico_phrasis_0000470__eu-es__reverse,FORWARD_ENTAILMENT
dico_phrasis_0000474__en-es__forward,FORWARD_ENTAILMENT
dico_phrasis_0000474__en-es__reverse,FORWARD_ENTAILMENT
dico_phrasis_0000474__en-eu__forward,FORWARD_ENTAILMENT
dico_phrasis_0000474__en-eu__reverse,FORWARD_ENTAILMENT
dico_phrasis_0000474__es-en__forward,FORWARD_ENTAILMENT
dico_phrasis_0000474__es-en__reverse,FORWARD_ENTAILMENT
dico_phrasis_0000474__es-eu__forward,FORWARD_ENTAILMENT
dico_phrasis_0000474__es-eu__reverse,FORWARD_ENTAILMENT
dico_phrasis_0000474__eu-en__forward,FORWARD_ENTAILMENT
dico_phrasis_0000474__eu-en__reverse,FORWARD_ENTAILMENT
dico_phrasis_0000474__eu-es__forward,FORWARD_ENTAILMENT
dico_phrasis_0000474__eu-es__reverse,FORWARD_ENTAILMENT
dico_phrasis_0000479__en-es__forward,FORWARD_ENTAILMENT
dico_phrasis_0000479__en-es__reverse,FORWARD_ENTAILMENT
dico_phrasis_0000479__en-eu__forward,FORWARD_ENTAILMENT
dico_phrasis_0000479__en-eu__reverse,FORWARD_ENTAILMENT
dico_phrasis_0000479__es-en__forward,FORWARD_ENTAILMENT
dico_phrasis_0000479__es-en__reverse,FORWARD_ENTAILMENT
dico_phrasis_0000479__es-eu__forward,FORWARD_ENTAILMENT
dico_phrasis_0000479__es-eu__reverse,FORWARD_ENTAILMENT
dico_phrasis_0000479__eu-en__forward,FORWARD_ENTAILMENT
dico_phrasis_0000479__eu-en__reverse,FORWARD_ENTAILMENT
dico_phrasis_0000479__eu-es__forward,FORWARD_ENTAILMENT
dico_phrasis_0000479__eu-es__reverse,FORWARD_ENTAILMENT
dico_phrasis_0000482__en-es__forward,FORWARD_ENTAILMENT
dico_phrasis_0000482__en-es__reverse,FORWARD_ENTAILMENT
dico_phrasis_0000482__en-eu__forward,FORWARD_ENTAILMENT
dico_phrasis_0000482__en-eu__reverse,FORWARD_ENTAILMENT
dico_phrasis_0000482__es-en__forward,FORWARD_ENTAILMENT
dico_phrasis_0000482__es-en__reverse,FORWARD_ENTAILMENT
dico_phrasis_0000482__es-eu__forward,FORWARD_ENTAILMENT
dico_phrasis_0000482__es-eu__reverse,FORWARD_ENTAILMENT
dico_phrasis_0000482__eu-en__forward,FORWARD_ENTAILMENT
dico_phrasis_0000482__eu-en__reverse,FORWARD_ENTAILMENT
dico_phrasis_0000482__eu-es__forward,FORWARD_ENTAILMENT
dico_phrasis_0000482__eu-es__reverse,FORWARD_ENTAILMENT
dico_phrasis_0000486__en-es__forward,FORWARD_ENTAILMENT
dico_phrasis_0000486__en-es__reverse,FORWARD_ENTAILMENT
dico_phrasis_0000486__en-eu__forward,FORWARD_ENTAILMENT
dico_phrasis_0000486__en-eu__reverse,FORWARD_ENTAILMENT
dico_phrasis_0000486__es-en__forward,FORWARD_ENTAILMENT
dico_phrasis_0000486__es-en__reverse,FORWARD_ENTAILMENT
dico_phrasis_0000486__es-eu__forward,FORWARD_ENTAILMENT
dico_phrasis_0000486__es-eu__reverse,FORWARD_ENTAILMENT
dico_phrasis_0000486__eu-en__forward,FORWARD_ENTAILMENT
dico_phrasis_0000486__eu-en__reverse,FORWARD_ENTAILMENT
dico_phrasis_0000486__eu-es__forward,FORWARD_ENTAILMENT
dico_phrasis_0000486__eu-es__reverse,FORWARD_ENTAILMENT
dico_phrasis_0000490__en-es__forward,FORWARD_ENTAILMENT
dico_phrasis_0000490__en-es__reverse,FORWARD_ENTAILMENT
dico_phrasis_0000490__en-eu__forward,FORWARD_ENTAILMENT
dico_phrasis_0000490__en-eu__reverse,FORWARD_ENTAILMENT
dico_phrasis_0000490__es-en__forward,FORWARD_ENTAILMENT
dico_phrasis_0000490__es-en__reverse,FORWARD_ENTAILMENT
dico_phrasis_0000490__es-eu__forward,FORWARD_ENTAILMENT
dico_phrasis_0000490__es-eu__reverse,FORWARD_ENTAILMENT
dico_phrasis_0000490__eu-en__forward,FORWARD_ENTAILMENT
dico_phrasis_0000490__eu-en__reverse,FORWARD_ENTAILMENT
dico_phrasis_0000490__eu-es__forward,FORWARD_ENTAILMENT
dico_phrasis_0000490__eu-es__reverse,FORWARD_ENTAILMENT
dico_phrasis_0000495__en-es__forward,FORWARD_ENTAILMENT
dico_phrasis_0000495__en-es__reverse,FORWARD_ENTAILMENT
dico_phrasis_0000495__en-eu__forward,FORWARD_ENTAILMENT
dico_phrasis_0000495__en-eu__reverse,FORWARD_ENTAILMENT
dico_phrasis_0000495__es-en__forward,FORWARD_ENTAILMENT
dico_phrasis_0000495__es-en__reverse,FORWARD_ENTAILMENT
dico_phrasis_0000495__es-eu__forward,FORWARD_ENTAILMENT
dico_phrasis_0000495__es-eu__reverse,FORWARD_ENTAILMENT
dico_phrasis_0000495__eu-en__forward,FORWARD_ENTAILMENT
dico_phrasis_0000495__eu-en__reverse,FORWARD_ENTAILMENT
dico_phrasis_0000495__eu-es__forward,FORWARD_ENTAILMENT
dico_phrasis_0000495__eu-es__reverse,FORWARD_ENTAILMENT
dico_phrasis_0000512__en-es__forward,FORWARD_ENTAILMENT
dico_phrasis_0000512__en-es__reverse,FORWARD_ENTAILMENT
dico_phrasis_0000512__en-eu__forward,FORWARD_ENTAILMENT
dico_phrasis_0000512__en-eu__reverse,FORWARD_ENTAILMENT
dico_phrasis_0000512__es-en__forward,FORWARD_ENTAILMENT
dico_phrasis_0000512__es-en__reverse,FORWARD_ENTAILMENT
dico_phrasis_0000512__es-eu__forward,FORWARD_ENTAILMENT
dico_phrasis_0000512__es-eu__reverse,FORWARD_ENTAILMENT
dico_phrasis_0000512__eu-en__forward,FORWARD_ENTAILMENT
dico_phrasis_0000512__eu-en__reverse,FORWARD_ENTAILMENT
dico_phrasis_0000512__eu-es__forward,FORWARD_ENTAILMENT
dico_phrasis_0000512__eu-es__reverse,FORWARD_ENTAILMENT
dico_phrasis_0000514__en-es__forward,FORWARD_ENTAILMENT
dico_phrasis_0000514__en-es__reverse,FORWARD_ENTAILMENT
dico_phrasis_0000514__en-eu__forward,FORWARD_ENTAILMENT
dico_phrasis_0000514__en-eu__reverse,FORWARD_ENTAILMENT
dico_phrasis_0000514__es-en__forward,FORWARD_ENTAILMENT
dico_phrasis_0000514__es-en__reverse,FORWARD_ENTAILMENT
dico_phrasis_0000514__es-eu__forward,FORWARD_ENTAILMENT
dico_phrasis_0000514__es-eu__reverse,FORWARD_ENTAILMENT
dico_phrasis_0000514__eu-en__forward,FORWARD_ENTAILMENT
dico_phrasis_0000514__eu-en__reverse,FORWARD_ENTAILMENT
dico_phrasis_0000514__eu-es__forward,FORWARD_ENTAILMENT
dico_phrasis_0000514__eu-es__reverse,FORWARD_ENTAILMENT
dico_phrasis_0000517__en-es__forward,FORWARD_ENTAILMENT
dico_phrasis_0000517__en-es__reverse,FORWARD_ENTAILMENT
dico_phrasis_0000517__en-eu__forward,FORWARD_ENTAILMENT
dico_phrasis_0000517__en-eu__reverse,FORWARD_ENTAILMENT
dico_phrasis_0000517__es-en__forward,FORWARD_ENTAILMENT
dico_phrasis_0000517__es-en__reverse,FORWARD_ENTAILMENT
dico_phrasis_0000517__es-eu__forward,FORWARD_ENTAILMENT
dico_phrasis_0000517__es-eu__reverse,FORWARD_ENTAILMENT
dico_phrasis_0000517__eu-en__forward,FORWARD_ENTAILMENT
dico_phrasis_0000517__eu-en__reverse,FORWARD_ENTAILMENT
dico_phrasis_0000517__eu-es__forward,FORWARD_ENTAILMENT
dico_phrasis_0000517__eu-es__reverse,FORWARD_ENTAILMENT
dico_phrasis_0000522__en-es__forward,FORWARD_ENTAILMENT
dico_phrasis_0000522__en-es__reverse,FORWARD_ENTAILMENT
dico_phrasis_0000522__en-eu__forward,FORWARD_ENTAILMENT
dico_phrasis_0000522__en-eu__reverse,FORWARD_ENTAILMENT
dico_phrasis_0000522__es-en__forward,FORWARD_ENTAILMENT
dico_phrasis_0000522__es-en__reverse,FORWARD_ENTAILMENT
dico_phrasis_0000522__es-eu__forward,FORWARD_ENTAILMENT
dico_phrasis_0000522__es-eu__reverse,FORWARD_ENTAILMENT
dico_phrasis_0000522__eu-en__forward,FORWARD_ENTAILMENT
dico_phrasis_0000522__eu-en__reverse,FORWARD_ENTAILMENT
dico_phrasis_0000522__eu-es__forward,FORWARD_ENTAILMENT
dico_phrasis_0000522__eu-es__reverse,FORWARD_ENTAILMENT
dico_phrasis_0000531__en-es__forward,FORWARD_ENTAILMENT
dico_phrasis_0000531__en-es__reverse,FORWARD_ENTAILMENT
dico_phrasis_0000531__en-eu__forward,FORWARD_ENTAILMENT
dico_phrasis_0000531__en-eu__reverse,FORWARD_ENTAILMENT
dico_phrasis_0000531__es-en__forward,FORWARD_ENTAILMENT
dico_phrasis_0000531__es-en__reverse,FORWARD_ENTAILMENT
dico_phrasis_0000531__es-eu__forward,FORWARD_ENTAILMENT
dico_phrasis_0000531__es-eu__reverse,FORWARD_ENTAILMENT
dico_phrasis_0000531__eu-en__forward,FORWARD_ENTAILMENT
dico_phrasis_0000531__eu-en__reverse,FORWARD_ENTAILMENT
dico_phrasis_0000531__eu-es__forward,FORWARD_ENTAILMENT
dico_phrasis_0000531__eu-es__reverse,FORWARD_ENTAILMENT
dico_phrasis_0000537__en-es__forward,FORWARD_ENTAILMENT
dico_phrasis_0000537__en-es__reverse,FORWARD_ENTAILMENT
dico_phrasis_0000537__en-eu__forward,FORWARD_ENTAILMENT
dico_phrasis_0000537__en-eu__reverse,FORWARD_ENTAILMENT
dico_phrasis_0000537__es-en__forward,FORWARD_ENTAILMENT
dico_phrasis_0000537__es-en__reverse,FORWARD_ENTAILMENT
dico_phrasis_0000537__es-eu__forward,FORWARD_ENTAILMENT
dico_phrasis_0000537__es-eu__reverse,FORWARD_ENTAILMENT
dico_phrasis_0000537__eu-en__forward,FORWARD_ENTAILMENT
dico_phrasis_0000537__eu-en__reverse,FORWARD_ENTAILMENT
dico_phrasis_0000537__eu-es__forward,FORWARD_ENTAILMENT
dico_phrasis_0000537__eu-es__reverse,FORWARD_ENTAILMENT
dico_phrasis_0000540__en-es__forward,FORWARD_ENTAILMENT
dico_phrasis_0000540__en-es__reverse,FORWARD_ENTAILMENT
dico_phrasis_0000540__en-eu__forward,FORWARD_ENTAILMENT
dico_phrasis_0000540__en-eu__reverse,FORWARD_ENTAILMENT
dico_phrasis_0000540__es-en__forward,FORWARD_ENTAILMENT
dico_phrasis_0000540__es-en__reverse,FORWARD_ENTAILMENT
dico_phrasis_0000540__es-eu__forward,FORWARD_ENTAILMENT
dico_phrasis_0000540__es-eu__reverse,FORWARD_ENTAILMENT
dico_phrasis_0000540__eu-en__forward,FORWARD_ENTAILMENT
dico_phrasis_0000540__eu-en__reverse,FORWARD_ENTAILMENT
dico_phrasis_0000540__eu-es__forward,FORWARD_ENTAILMENT
dico_phrasis_0000540__eu-es__reverse,FORWARD_ENTAILMENT
dico_phrasis_0000541__en-es__forward,FORWARD_ENTAILMENT
dico_phrasis_0000541__en-es__reverse,FORWARD_ENTAILMENT
dico_phrasis_0000541__en-eu__forward,FORWARD_ENTAILMENT
dico_phrasis_0000541__en-eu__reverse,FORWARD_ENTAILMENT
dico_phrasis_0000541__es-en__forward,FORWARD_ENTAILMENT
dico_phrasis_0000541__es-en__reverse,FORWARD_ENTAILMENT
dico_phrasis_0000541__es-eu__forward,FORWARD_ENTAILMENT
dico_phrasis_0000541__es-eu__reverse,FORWARD_ENTAILMENT
dico_phrasis_0000541__eu-en__forward,FORWARD_ENTAILMENT
dico_phrasis_0000541__eu-en__reverse,FORWARD_ENTAILMENT
dico_phrasis_0000541__eu-es__forward,FORWARD_ENTAILMENT
dico_phrasis_0000541__eu-es__reverse,FORWARD_ENTAILMENT
dico_phrasis_0000546__en-es__forward,FORWARD_ENTAILMENT
dico_phrasis_0000546__en-es__reverse,FORWARD_ENTAILMENT
dico_phrasis_0000546__en-eu__forward,FORWARD_ENTAILMENT
dico_phrasis_0000546__en-eu__reverse,FORWARD_ENTAILMENT
dico_phrasis_0000546__es-en__forward,FORWARD_ENTAILMENT
dico_phrasis_0000546__es-en__reverse,FORWARD_ENTAILMENT
dico_phrasis_0000546__es-eu__forward,FORWARD_ENTAILMENT
dico_phrasis_0000546__es-eu__reverse,FORWARD_ENTAILMENT
dico_phrasis_0000546__eu-en__forward,FORWARD_ENTAILMENT
dico_phrasis_0000546__eu-en__reverse,FORWARD_ENTAILMENT
dico_phrasis_0000546__eu-es__forward,FORWARD_ENTAILMENT
dico_phrasis_0000546__eu-es__reverse,FORWARD_ENTAILMENT
dico_phrasis_0000548__en-es__forward,FORWARD_ENTAILMENT
dico_phrasis_0000548__en-es__reverse,FORWARD_ENTAILMENT
dico_phrasis_0000548__en-eu__forward,FORWARD_ENTAILMENT
dico_phrasis_0000548__en-eu__reverse,FORWARD_ENTAILMENT
dico_phrasis_0000548__es-en__forward,FORWARD_ENTAILMENT
dico_phrasis_0000548__es-en__reverse,FORWARD_ENTAILMENT
dico_phrasis_0000548__es-eu__forward,FORWARD_ENTAILMENT
dico_phrasis_0000548__es-eu__reverse,FORWARD_ENTAILMENT
dico_phrasis_0000548__eu-en__forward,FORWARD_ENTAILMENT
dico_phrasis_0000548__eu-en__reverse,FORWARD_ENTAILMENT
dico_phrasis_0000548__eu-es__forward,FORWARD_ENTAILMENT
dico_phrasis_0000548__eu-es__reverse,FORWARD_ENTAILMENT
dico_phrasis_0000559__en-es__forward,FORWARD_ENTAILMENT
dico_phrasis_0000559__en-es__reverse,FORWARD_ENTAILMENT
dico_phrasis_0000559__en-eu__forward,FORWARD_ENTAILMENT
dico_phrasis_0000559__en-eu__reverse,FORWARD_ENTAILMENT
dico_phrasis_0000559__es-en__forward,FORWARD_ENTAILMENT
dico_phrasis_0000559__es-en__reverse,FORWARD_ENTAILMENT
dico_phrasis_0000559__es-eu__forward,FORWARD_ENTAILMENT
dico_phrasis_0000559__es-eu__reverse,FORWARD_ENTAILMENT
dico_phrasis_0000559__eu-en__forward,FORWARD_ENTAILMENT
dico_phrasis_0000559__eu-en__reverse,FORWARD_ENTAILMENT
dico_phrasis_0000559__eu-es__forward,FORWARD_ENTAILMENT
dico_phrasis_0000559__eu-es__reverse,FORWARD_ENTAILMENT
dico_phrasis_0000566__en-es__forward,FORWARD_ENTAILMENT
dico_phrasis_0000566__en-es__reverse,FORWARD_ENTAILMENT
dico_phrasis_0000566__en-eu__forward,FORWARD_ENTAILMENT
dico_phrasis_0000566__en-eu__reverse,FORWARD_ENTAILMENT
dico_phrasis_0000566__es-en__forward,FORWARD_ENTAILMENT
dico_phrasis_0000566__es-en__reverse,FORWARD_ENTAILMENT
dico_phrasis_0000566__es-eu__forward,FORWARD_ENTAILMENT
dico_phrasis_0000566__es-eu__reverse,FORWARD_ENTAILMENT
dico_phrasis_0000566__eu-en__forward,FORWARD_ENTAILMENT
dico_phrasis_0000566__eu-en__reverse,FORWARD_ENTAILMENT
dico_phrasis_0000566__eu-es__forward,FORWARD_ENTAILMENT
dico_phrasis_0000566__eu-es__reverse,FORWARD_ENTAILMENT
dico_phrasis_0000568__en-es__forward,FORWARD_ENTAILMENT
dico_phrasis_0000568__en-es__reverse,FORWARD_ENTAILMENT
dico_phrasis_0000568__en-eu__forward,FORWARD_ENTAILMENT
dico_phrasis_0000568__en-eu__reverse,FORWARD_ENTAILMENT
dico_phrasis_0000568__es-en__forward,FORWARD_ENTAILMENT
dico_phrasis_0000568__es-en__reverse,FORWARD_ENTAILMENT
dico_phrasis_0000568__es-eu__forward,FORWARD_ENTAILMENT
dico_phrasis_0000568__es-eu__reverse,FORWARD_ENTAILMENT
dico_phrasis_0000568__eu-en__forward,FORWARD_ENTAILMENT
dico_phrasis_0000568__eu-en__reverse,FORWARD_ENTAILMENT
dico_phrasis_0000568__eu-es__forward,FORWARD_ENTAILMENT
dico_phrasis_0000568__eu-es__reverse,FORWARD_ENTAILMENT
dico_phrasis_0000581__en-es__forward,FORWARD_ENTAILMENT
dico_phrasis_0000581__en-es__reverse,FORWARD_ENTAILMENT
dico_phrasis_0000581__en-eu__forward,FORWARD_ENTAILMENT
dico_phrasis_0000581__en-eu__reverse,FORWARD_ENTAILMENT
dico_phrasis_0000581__es-en__forward,FORWARD_ENTAILMENT
dico_phrasis_0000581__es-en__reverse,FORWARD_ENTAILMENT
dico_phrasis_0000581__es-eu__forward,FORWARD_ENTAILMENT
dico_phrasis_0000581__es-eu__reverse,FORWARD_ENTAILMENT
dico_phrasis_0000581__eu-en__forward,FORWARD_ENTAILMENT
dico_phrasis_0000581__eu-en__reverse,FORWARD_ENTAILMENT
dico_phrasis_0000581__eu-es__forward,FORWARD_ENTAILMENT
dico_phrasis_0000581__eu-es__reverse,FORWARD_ENTAILMENT
dico_phrasis_0000582__en-es__forward,FORWARD_ENTAILMENT
dico_phrasis_0000582__en-es__reverse,FORWARD_ENTAILMENT
dico_phrasis_0000582__en-eu__forward,FORWARD_ENTAILMENT
dico_phrasis_0000582__en-eu__reverse,FORWARD_ENTAILMENT
dico_phrasis_0000582__es-en__forward,FORWARD_ENTAILMENT
dico_phrasis_0000582__es-en__reverse,FORWARD_ENTAILMENT
dico_phrasis_0000582__es-eu__forward,FORWARD_ENTAILMENT
dico_phrasis_0000582__es-eu__reverse,FORWARD_ENTAILMENT
dico_phrasis_0000582__eu-en__forward,FORWARD_ENTAILMENT
dico_phrasis_0000582__eu-en__reverse,FORWARD_ENTAILMENT
dico_phrasis_0000582__eu-es__forward,FORWARD_ENTAILMENT
dico_phrasis_0000582__eu-es__reverse,FORWARD_ENTAILMENT
dico_phrasis_0000583__en-es__forward,FORWARD_ENTAILMENT
dico_phrasis_0000583__en-es__reverse,FORWARD_ENTAILMENT
dico_phrasis_0000583__en-eu__forward,FORWARD_ENTAILMENT
dico_phrasis_0000583__en-eu__reverse,FORWARD_ENTAILMENT
dico_phrasis_0000583__es-en__forward,FORWARD_ENTAILMENT
dico_phrasis_0000583__es-en__reverse,FORWARD_ENTAILMENT
dico_phrasis_0000583__es-eu__forward,FORWARD_ENTAILMENT
dico_phrasis_0000583__es-eu__reverse,FORWARD_ENTAILMENT
dico_phrasis_0000583__eu-en__forward,FORWARD_ENTAILMENT
dico_phrasis_0000583__eu-en__reverse,FORWARD_ENTAILMENT
dico_phrasis_0000583__eu-es__forward,FORWARD_ENTAILMENT
dico_phrasis_0000583__eu-es__reverse,FORWARD_ENTAILMENT
dico_phrasis_0000589__en-es__forward,FORWARD_ENTAILMENT
dico_phrasis_0000589__en-es__reverse,FORWARD_ENTAILMENT
dico_phrasis_0000589__en-eu__forward,FORWARD_ENTAILMENT
dico_phrasis_0000589__en-eu__reverse,FORWARD_ENTAILMENT
dico_phrasis_0000589__es-en__forward,FORWARD_ENTAILMENT
dico_phrasis_0000589__es-en__reverse,FORWARD_ENTAILMENT
dico_phrasis_0000589__es-eu__forward,FORWARD_ENTAILMENT
dico_phrasis_0000589__es-eu__reverse,FORWARD_ENTAILMENT
dico_phrasis_0000589__eu-en__forward,FORWARD_ENTAILMENT
dico_phrasis_0000589__eu-en__reverse,FORWARD_ENTAILMENT
dico_phrasis_0000589__eu-es__forward,FORWARD_ENTAILMENT
dico_phrasis_0000589__eu-es__reverse,FORWARD_ENTAILMENT
dico_phrasis_0000599__en-es__forward,FORWARD_ENTAILMENT
dico_phrasis_0000599__en-es__reverse,FORWARD_ENTAILMENT
dico_phrasis_0000599__en-eu__forward,FORWARD_ENTAILMENT
dico_phrasis_0000599__en-eu__reverse,FORWARD_ENTAILMENT
dico_phrasis_0000599__es-en__forward,FORWARD_ENTAILMENT
dico_phrasis_0000599__es-en__reverse,FORWARD_ENTAILMENT
dico_phrasis_0000599__es-eu__forward,FORWARD_ENTAILMENT
dico_phrasis_0000599__es-eu__reverse,FORWARD_ENTAILMENT
dico_phrasis_0000599__eu-en__forward,FORWARD_ENTAILMENT
dico_phrasis_0000599__eu-en__reverse,FORWARD_ENTAILMENT
dico_phrasis_0000599__eu-es__forward,FORWARD_ENTAILMENT
dico_phrasis_0000599__eu-es__reverse,FORWARD_ENTAILMENT
dico_phrasis_0000603__en-es__forward,FORWARD_ENTAILMENT
dico_phrasis_0000603__en-es__reverse,FORWARD_ENTAILMENT
dico_phrasis_0000603__en-eu__forward,FORWARD_ENTAILMENT
dico_phrasis_0000603__en-eu__reverse,FORWARD_ENTAILMENT
dico_phrasis_0000603__es-en__forward,FORWARD_ENTAILMENT
dico_phrasis_0000603__es-en__reverse,FORWARD_ENTAILMENT
dico_phrasis_0000603__es-eu__forward,FORWARD_ENTAILMENT
dico_phrasis_0000603__es-eu__reverse,FORWARD_ENTAILMENT
dico_phrasis_0000603__eu-en__forward,FORWARD_ENTAILMENT
dico_phrasis_0000603__eu-en__reverse,FORWARD_ENTAILMENT
dico_phrasis_0000603__eu-es__forward,FORWARD_ENTAILMENT
dico_phrasis_0000603__eu-es__reverse,FORWARD_ENTAILMENT
dico_phrasis_0000606__en-es__forward,FORWARD_ENTAILMENT
dico_phrasis_0000606__en-es__reverse,FORWARD_ENTAILMENT
dico_phrasis_0000606__en-eu__forward,FORWARD_ENTAILMENT
dico_phrasis_0000606__en-eu__reverse,FORWARD_ENTAILMENT
dico_phrasis_0000606__es-en__forward,FORWARD_ENTAILMENT
dico_phrasis_0000606__es-en__reverse,FORWARD_ENTAILMENT
dico_phrasis_0000606__es-eu__forward,FORWARD_ENTAILMENT
dico_phrasis_0000606__es-eu__reverse,FORWARD_ENTAILMENT
dico_phrasis_0000606__eu-en__forward,FORWARD_ENTAILMENT
dico_phrasis_0000606__eu-en__reverse,FORWARD_ENTAILMENT
dico_phrasis_0000606__eu-es__forward,FORWARD_ENTAILMENT
dico_phrasis_0000606__eu-es__reverse,FORWARD_ENTAILMENT
dico_phrasis_0000608__en-es__forward,FORWARD_ENTAILMENT
dico_phrasis_0000608__en-es__reverse,FORWARD_ENTAILMENT
dico_phrasis_0000608__en-eu__forward,FORWARD_ENTAILMENT
dico_phrasis_0000608__en-eu__reverse,FORWARD_ENTAILMENT
dico_phrasis_0000608__es-en__forward,FORWARD_ENTAILMENT
dico_phrasis_0000608__es-en__reverse,FORWARD_ENTAILMENT
dico_phrasis_0000608__es-eu__forward,FORWARD_ENTAILMENT
dico_phrasis_0000608__es-eu__reverse,FORWARD_ENTAILMENT
dico_phrasis_0000608__eu-en__forward,FORWARD_ENTAILMENT
dico_phrasis_0000608__eu-en__reverse,FORWARD_ENTAILMENT
dico_phrasis_0000608__eu-es__forward,FORWARD_ENTAILMENT
dico_phrasis_0000608__eu-es__reverse,FORWARD_ENTAILMENT
dico_phrasis_0000614__en-es__forward,FORWARD_ENTAILMENT
dico_phrasis_0000614__en-es__reverse,FORWARD_ENTAILMENT
dico_phrasis_0000614__en-eu__forward,FORWARD_ENTAILMENT
dico_phrasis_0000614__en-eu__reverse,FORWARD_ENTAILMENT
dico_phrasis_0000614__es-en__forward,FORWARD_ENTAILMENT
dico_phrasis_0000614__es-en__reverse,FORWARD_ENTAILMENT
dico_phrasis_0000614__es-eu__forward,FORWARD_ENTAILMENT
dico_phrasis_0000614__es-eu__reverse,FORWARD_ENTAILMENT
dico_phrasis_0000614__eu-en__forward,FORWARD_ENTAILMENT
dico_phrasis_0000614__eu-en__reverse,FORWARD_ENTAILMENT
dico_phrasis_0000614__eu-es__forward,FORWARD_ENTAILMENT
dico_phrasis_0000614__eu-es__reverse,FORWARD_ENTAILMENT
dico_phrasis_0000616__en-es__forward,FORWARD_ENTAILMENT
dico_phrasis_0000616__en-es__reverse,FORWARD_ENTAILMENT
dico_phrasis_0000616__en-eu__forward,FORWARD_ENTAILMENT
dico_phrasis_0000616__en-eu__reverse,FORWARD_ENTAILMENT
dico_phrasis_0000616__es-en__forward,FORWARD_ENTAILMENT
dico_phrasis_0000616__es-en__reverse,FORWARD_ENTAILMENT
dico_phrasis_0000616__es-eu__forward,FORWARD_ENTAILMENT
dico_phrasis_0000616__es-eu__reverse,FORWARD_ENTAILMENT
dico_phrasis_0000616__eu-en__forward,FORWARD_ENTAILMENT
dico_phrasis_0000616__eu-en__reverse,FORWARD_ENTAILMENT
dico_phrasis_0000616__eu-es__forward,FORWARD_ENTAILMENT
dico_phrasis_0000616__eu-es__reverse,FORWARD_ENTAILMENT
dico_phrasis_0000629__en-es__forward,FORWARD_ENTAILMENT
dico_phrasis_0000629__en-es__reverse,FORWARD_ENTAILMENT
dico_phrasis_0000629__en-eu__forward,FORWARD_ENTAILMENT
dico_phrasis_0000629__en-eu__reverse,FORWARD_ENTAILMENT
dico_phrasis_0000629__es-en__forward,FORWARD_ENTAILMENT
dico_phrasis_0000629__es-en__reverse,FORWARD_ENTAILMENT
dico_phrasis_0000629__es-eu__forward,FORWARD_ENTAILMENT
dico_phrasis_0000629__es-eu__reverse,FORWARD_ENTAILMENT
dico_phrasis_0000629__eu-en__forward,FORWARD_ENTAILMENT
dico_phrasis_0000629__eu-en__reverse,FORWARD_ENTAILMENT
dico_phrasis_0000629__eu-es__forward,FORWARD_ENTAILMENT
dico_phrasis_0000629__eu-es__reverse,FORWARD_ENTAILMENT
dico_phrasis_0000630__en-es__forward,FORWARD_ENTAILMENT
dico_phrasis_0000630__en-es__reverse,FORWARD_ENTAILMENT
dico_phrasis_0000630__en-eu__forward,FORWARD_ENTAILMENT
dico_phrasis_0000630__en-eu__reverse,FORWARD_ENTAILMENT
dico_phrasis_0000630__es-en__forward,FORWARD_ENTAILMENT
dico_phrasis_0000630__es-en__reverse,FORWARD_ENTAILMENT
dico_phrasis_0000630__es-eu__forward,FORWARD_ENTAILMENT
dico_phrasis_0000630__es-eu__reverse,FORWARD_ENTAILMENT
dico_phrasis_0000630__eu-en__forward,FORWARD_ENTAILMENT
dico_phrasis_0000630__eu-en__reverse,FORWARD_ENTAILMENT
dico_phrasis_0000630__eu-es__forward,FORWARD_ENTAILMENT
dico_phrasis_0000630__eu-es__reverse,FORWARD_ENTAILMENT
dico_phrasis_0000636__en-es__forward,FORWARD_ENTAILMENT
dico_phrasis_0000636__en-es__reverse,FORWARD_ENTAILMENT
dico_phrasis_0000636__en-eu__forward,FORWARD_ENTAILMENT
dico_phrasis_0000636__en-eu__reverse,FORWARD_ENTAILMENT
dico_phrasis_0000636__es-en__forward,FORWARD_ENTAILMENT
dico_phrasis_0000636__es-en__reverse,FORWARD_ENTAILMENT
dico_phrasis_0000636__es-eu__forward,FORWARD_ENTAILMENT
dico_phrasis_0000636__es-eu__reverse,FORWARD_ENTAILMENT
dico_phrasis_0000636__eu-en__forward,FORWARD_ENTAILMENT
dico_phrasis_0000636__eu-en__reverse,FORWARD_ENTAILMENT
dico_phrasis_0000636__eu-es__forward,FORWARD_ENTAILMENT
dico_phrasis_0000636__eu-es__reverse,FORWARD_ENTAILMENT
dico_phrasis_0000638__en-es__forward,FORWARD_ENTAILMENT
dico_phrasis_0000638__en-es__reverse,FORWARD_ENTAILMENT
dico_phrasis_0000638__en-eu__forward,FORWARD_ENTAILMENT
dico_phrasis_0000638__en-eu__reverse,FORWARD_ENTAILMENT
dico_phrasis_0000638__es-en__forward,FORWARD_ENTAILMENT
dico_phrasis_0000638__es-en__reverse,FORWARD_ENTAILMENT
dico_phrasis_0000638__es-eu__forward,FORWARD_ENTAILMENT
dico_phrasis_0000638__es-eu__reverse,FORWARD_ENTAILMENT
dico_phrasis_0000638__eu-en__forward,FORWARD_ENTAILMENT
dico_phrasis_0000638__eu-en__reverse,FORWARD_ENTAILMENT
dico_phrasis_0000638__eu-es__forward,FORWARD_ENTAILMENT
dico_phrasis_0000638__eu-es__reverse,FORWARD_ENTAILMENT
dico_phrasis_0000642__en-es__forward,FORWARD_ENTAILMENT
dico_phrasis_0000642__en-es__reverse,FORWARD_ENTAILMENT
dico_phrasis_0000642__en-eu__forward,FORWARD_ENTAILMENT
dico_phrasis_0000642__en-eu__reverse,FORWARD_ENTAILMENT
dico_phrasis_0000642__es-en__forward,FORWARD_ENTAILMENT
dico_phrasis_0000642__es-en__reverse,FORWARD_ENTAILMENT
dico_phrasis_0000642__es-eu__forward,FORWARD_ENTAILMENT
dico_phrasis_0000642__es-eu__reverse,FORWARD_ENTAILMENT
dico_phrasis_0000642__eu-en__forward,FORWARD_ENTAILMENT
dico_phrasis_0000642__eu-en__reverse,FORWARD_ENTAILMENT
dico_phrasis_0000642__eu-es__forward,FORWARD_ENTAILMENT
dico_phrasis_0000642__eu-es__reverse,FORWARD_ENTAILMENT
dico_phrasis_0000646__en-es__forward,FORWARD_ENTAILMENT
dico_phrasis_0000646__en-es__reverse,FORWARD_ENTAILMENT
dico_phrasis_0000646__en-eu__forward,FORWARD_ENTAILMENT
dico_phrasis_0000646__en-eu__reverse,FORWARD_ENTAILMENT
dico_phrasis_0000646__es-en__forward,FORWARD_ENTAILMENT
dico_phrasis_0000646__es-en__reverse,FORWARD_ENTAILMENT
dico_phrasis_0000646__es-eu__forward,FORWARD_ENTAILMENT
dico_phrasis_0000646__es-eu__reverse,FORWARD_ENTAILMENT
dico_phrasis_0000646__eu-en__forward,FORWARD_ENTAILMENT
dico_phrasis_0000646__eu-en__reverse,FORWARD_ENTAILMENT
dico_phrasis_0000646__eu-es__forward,FORWARD_ENTAILMENT
dico_phrasis_0000646__eu-es__reverse,FORWARD_ENTAILMENT
dico_phrasis_0000650__en-es__forward,FORWARD_ENTAILMENT
dico_phrasis_0000650__en-es__reverse,FORWARD_ENTAILMENT
dico_phrasis_0000650__en-eu__forward,FORWARD_ENTAILMENT
dico_phrasis_0000650__en-eu__reverse,FORWARD_ENTAILMENT
dico_phrasis_0000650__es-en__forward,FORWARD_ENTAILMENT
dico_phrasis_0000650__es-en__reverse,FORWARD_ENTAILMENT
dico_phrasis_0000650__es-eu__forward,FORWARD_ENTAILMENT
dico_phrasis_0000650__es-eu__reverse,FORWARD_ENTAILMENT
dico_phrasis_0000650__eu-en__forward,FORWARD_ENTAILMENT
dico_phrasis_0000650__eu-en__reverse,FORWARD_ENTAILMENT
dico_phrasis_0000650__eu-es__forward,FORWARD_ENTAILMENT
dico_phrasis_0000650__eu-es__reverse,FORWARD_ENTAILMENT
dico_phrasis_0000652__en-es__forward,FORWARD_ENTAILMENT
dico_phrasis_0000652__en-es__reverse,FORWARD_ENTAILMENT
dico_phrasis_0000652__en-eu__forward,FORWARD_ENTAILMENT
dico_phrasis_0000652__en-eu__reverse,FORWARD_ENTAILMENT
dico_phrasis_0000652__es-en__forward,FORWARD_ENTAILMENT
dico_phrasis_0000652__es-en__reverse,FORWARD_ENTAILMENT
dico_phrasis_0000652__es-eu__forward,FORWARD_ENTAILMENT
dico_phrasis_0000652__es-eu__reverse,FORWARD_ENTAILMENT
dico_phrasis_0000652__eu-en__forward,FORWARD_ENTAILMENT
dico_phrasis_0000652__eu-en__reverse,FORWARD_ENTAILMENT
dico_phrasis_0000652__eu-es__forward,FORWARD_ENTAILMENT
dico_phrasis_0000652__eu-es__reverse,FORWARD_ENTAILMENT
dico_phrasis_0000654__en-es__forward,FORWARD_ENTAILMENT
dico_phrasis_0000654__en-es__reverse,FORWARD_ENTAILMENT
dico_phrasis_0000654__en-eu__forward,FORWARD_ENTAILMENT
dico_phrasis_0000654__en-eu__reverse,FORWARD_ENTAILMENT
dico_phrasis_0000654__es-en__forward,FORWARD_ENTAILMENT
dico_phrasis_0000654__es-en__reverse,FORWARD_ENTAILMENT
dico_phrasis_0000654__es-eu__forward,FORWARD_ENTAILMENT
dico_phrasis_0000654__es-eu__reverse,FORWARD_ENTAILMENT
dico_phrasis_0000654__eu-en__forward,FORWARD_ENTAILMENT
dico_phrasis_0000654__eu-en__reverse,FORWARD_ENTAILMENT
dico_phrasis_0000654__eu-es__forward,FORWARD_ENTAILMENT
dico_phrasis_0000654__eu-es__reverse,FORWARD_ENTAILMENT
dico_phrasis_0000673__en-es__forward,FORWARD_ENTAILMENT
dico_phrasis_0000673__en-es__reverse,FORWARD_ENTAILMENT
dico_phrasis_0000673__en-eu__forward,FORWARD_ENTAILMENT
dico_phrasis_0000673__en-eu__reverse,FORWARD_ENTAILMENT
dico_phrasis_0000673__es-en__forward,FORWARD_ENTAILMENT
dico_phrasis_0000673__es-en__reverse,FORWARD_ENTAILMENT
dico_phrasis_0000673__es-eu__forward,FORWARD_ENTAILMENT
dico_phrasis_0000673__es-eu__reverse,FORWARD_ENTAILMENT
dico_phrasis_0000673__eu-en__forward,FORWARD_ENTAILMENT
dico_phrasis_0000673__eu-en__reverse,FORWARD_ENTAILMENT
dico_phrasis_0000673__eu-es__forward,FORWARD_ENTAILMENT
dico_phrasis_0000673__eu-es__reverse,FORWARD_ENTAILMENT
dico_phrasis_0000683__en-es__forward,FORWARD_ENTAILMENT
dico_phrasis_0000683__en-es__reverse,FORWARD_ENTAILMENT
dico_phrasis_0000683__en-eu__forward,FORWARD_ENTAILMENT
dico_phrasis_0000683__en-eu__reverse,FORWARD_ENTAILMENT
dico_phrasis_0000683__es-en__forward,FORWARD_ENTAILMENT
dico_phrasis_0000683__es-en__reverse,FORWARD_ENTAILMENT
dico_phrasis_0000683__es-eu__forward,FORWARD_ENTAILMENT
dico_phrasis_0000683__es-eu__reverse,FORWARD_ENTAILMENT
dico_phrasis_0000683__eu-en__forward,FORWARD_ENTAILMENT
dico_phrasis_0000683__eu-en__reverse,FORWARD_ENTAILMENT
dico_phrasis_0000683__eu-es__forward,FORWARD_ENTAILMENT
dico_phrasis_0000683__eu-es__reverse,FORWARD_ENTAILMENT
dico_phrasis_0000685__en-es__forward,FORWARD_ENTAILMENT
dico_phrasis_0000685__en-es__reverse,FORWARD_ENTAILMENT
dico_phrasis_0000685__en-eu__forward,FORWARD_ENTAILMENT
dico_phrasis_0000685__en-eu__reverse,FORWARD_ENTAILMENT
dico_phrasis_0000685__es-en__forward,FORWARD_ENTAILMENT
dico_phrasis_0000685__es-en__reverse,FORWARD_ENTAILMENT
dico_phrasis_0000685__es-eu__forward,FORWARD_ENTAILMENT
dico_phrasis_0000685__es-eu__reverse,FORWARD_ENTAILMENT
dico_phrasis_0000685__eu-en__forward,FORWARD_ENTAILMENT
dico_phrasis_0000685__eu-en__reverse,FORWARD_ENTAILMENT
dico_phrasis_0000685__eu-es__forward,FORWARD_ENTAILMENT
dico_phrasis_0000685__eu-es__reverse,FORWARD_ENTAILMENT
dico_phrasis_0000687__en-es__forward,FORWARD_ENTAILMENT
dico_phrasis_0000687__en-es__reverse,FORWARD_ENTAILMENT
dico_phrasis_0000687__en-eu__forward,FORWARD_ENTAILMENT
dico_phrasis_0000687__en-eu__reverse,FORWARD_ENTAILMENT
dico_phrasis_0000687__es-en__forward,FORWARD_ENTAILMENT
dico_phrasis_0000687__es-en__reverse,FORWARD_ENTAILMENT
dico_phrasis_0000687__es-eu__forward,FORWARD_ENTAILMENT
dico_phrasis_0000687__es-eu__reverse,FORWARD_ENTAILMENT
dico_phrasis_0000687__eu-en__forward,FORWARD_ENTAILMENT
dico_phrasis_0000687__eu-en__reverse,FORWARD_ENTAILMENT
dico_phrasis_0000687__eu-es__forward,FORWARD_ENTAILMENT
dico_phrasis_0000687__eu-es__reverse,FORWARD_ENTAILMENT
dico_phrasis_0000689__en-es__forward,FORWARD_ENTAILMENT
dico_phrasis_0000689__en-es__reverse,FORWARD_ENTAILMENT
dico_phrasis_0000689__en-eu__forward,FORWARD_ENTAILMENT
dico_phrasis_0000689__en-eu__reverse,FORWARD_ENTAILMENT
dico_phrasis_0000689__es-en__forward,FORWARD_ENTAILMENT
dico_phrasis_0000689__es-en__reverse,FORWARD_ENTAILMENT
dico_phrasis_0000689__es-eu__forward,FORWARD_ENTAILMENT
dico_phrasis_0000689__es-eu__reverse,FORWARD_ENTAILMENT
dico_phrasis_0000689__eu-en__forward,FORWARD_ENTAILMENT
dico_phrasis_0000689__eu-en__reverse,FORWARD_ENTAILMENT
dico_phrasis_0000689__eu-es__forward,FORWARD_ENTAILMENT
dico_phrasis_0000689__eu-es__reverse,FORWARD_ENTAILMENT
dico_phrasis_0000690__en-es__forward,FORWARD_ENTAILMENT
dico_phrasis_0000690__en-es__reverse,FORWARD_ENTAILMENT
dico_phrasis_0000690__en-eu__forward,FORWARD_ENTAILMENT
dico_phrasis_0000690__en-eu__reverse,FORWARD_ENTAILMENT
dico_phrasis_0000690__es-en__forward,FORWARD_ENTAILMENT
dico_phrasis_0000690__es-en__reverse,FORWARD_ENTAILMENT
dico_phrasis_0000690__es-eu__forward,FORWARD_ENTAILMENT
dico_phrasis_0000690__es-eu__reverse,FORWARD_ENTAILMENT
dico_phrasis_0000690__eu-en__forward,FORWARD_ENTAILMENT
dico_phrasis_0000690__eu-en__reverse,FORWARD_ENTAILMENT
dico_phrasis_0000690__eu-es__forward,FORWARD_ENTAILMENT
dico_phrasis_0000690__eu-es__reverse,FORWARD_ENTAILMENT
dico_phrasis_0000694__en-es__forward,FORWARD_ENTAILMENT
dico_phrasis_0000694__en-es__reverse,FORWARD_ENTAILMENT
dico_phrasis_0000694__en-eu__forward,FORWARD_ENTAILMENT
dico_phrasis_0000694__en-eu__reverse,FORWARD_ENTAILMENT
dico_phrasis_0000694__es-en__forward,FORWARD_ENTAILMENT
dico_phrasis_0000694__es-en__reverse,FORWARD_ENTAILMENT
dico_phrasis_0000694__es-eu__forward,FORWARD_ENTAILMENT
dico_phrasis_0000694__es-eu__reverse,FORWARD_ENTAILMENT
dico_phrasis_0000694__eu-en__forward,FORWARD_ENTAILMENT
dico_phrasis_0000694__eu-en__reverse,FORWARD_ENTAILMENT
dico_phrasis_0000694__eu-es__forward,FORWARD_ENTAILMENT
dico_phrasis_0000694__eu-es__reverse,FORWARD_ENTAILMENT
dico_phrasis_0000713__en-es__forward,FORWARD_ENTAILMENT
dico_phrasis_0000713__en-es__reverse,FORWARD_ENTAILMENT
dico_phrasis_0000713__en-eu__forward,FORWARD_ENTAILMENT
dico_phrasis_0000713__en-eu__reverse,FORWARD_ENTAILMENT
dico_phrasis_0000713__es-en__forward,FORWARD_ENTAILMENT
dico_phrasis_0000713__es-en__reverse,FORWARD_ENTAILMENT
dico_phrasis_0000713__es-eu__forward,FORWARD_ENTAILMENT
dico_phrasis_0000713__es-eu__reverse,FORWARD_ENTAILMENT
dico_phrasis_0000713__eu-en__forward,FORWARD_ENTAILMENT
dico_phrasis_0000713__eu-en__reverse,FORWARD_ENTAILMENT
dico_phrasis_0000713__eu-es__forward,FORWARD_ENTAILMENT
dico_phrasis_0000713__eu-es__reverse,FORWARD_ENTAILMENT
dico_phrasis_0000720__en-es__forward,FORWARD_ENTAILMENT
dico_phrasis_0000720__en-es__reverse,FORWARD_ENTAILMENT
dico_phrasis_0000720__en-eu__forward,FORWARD_ENTAILMENT
dico_phrasis_0000720__en-eu__reverse,FORWARD_ENTAILMENT
dico_phrasis_0000720__es-en__forward,FORWARD_ENTAILMENT
dico_phrasis_0000720__es-en__reverse,FORWARD_ENTAILMENT
dico_phrasis_0000720__es-eu__forward,FORWARD_ENTAILMENT
dico_phrasis_0000720__es-eu__reverse,FORWARD_ENTAILMENT
dico_phrasis_0000720__eu-en__forward,FORWARD_ENTAILMENT
dico_phrasis_0000720__eu-en__reverse,FORWARD_ENTAILMENT
dico_phrasis_0000720__eu-es__forward,FORWARD_ENTAILMENT
dico_phrasis_0000720__eu-es__reverse,FORWARD_ENTAILMENT
dico_phrasis_0000724__en-es__forward,FORWARD_ENTAILMENT
dico_phrasis_0000724__en-es__reverse,FORWARD_ENTAILMENT
dico_phrasis_0000724__en-eu__forward,FORWARD_ENTAILMENT
dico_phrasis_0000724__en-eu__reverse,FORWARD_ENTAILMENT
dico_phrasis_0000724__es-en__forward,FORWARD_ENTAILMENT
dico_phrasis_0000724__es-en__reverse,FORWARD_ENTAILMENT
dico_phrasis_0000724__es-eu__forward,FORWARD_ENTAILMENT
dico_phrasis_0000724__es-eu__reverse,FORWARD_ENTAILMENT
dico_phrasis_0000724__eu-en__forward,FORWARD_ENTAILMENT
dico_phrasis_0000724__eu-en__reverse,FORWARD_ENTAILMENT
dico_phrasis_0000724__eu-es__forward,FORWARD_ENTAILMENT
dico_phrasis_0000724__eu-es__reverse,FORWARD_ENTAILMENT
dico_phrasis_0000725__en-es__forward,FORWARD_ENTAILMENT
dico_phrasis_0000725__en-es__reverse,FORWARD_ENTAILMENT
dico_phrasis_0000725__en-eu__forward,FORWARD_ENTAILMENT
dico_phrasis_0000725__en-eu__reverse,FORWARD_ENTAILMENT
dico_phrasis_0000725__es-en__forward,FORWARD_ENTAILMENT
dico_phrasis_0000725__es-en__reverse,FORWARD_ENTAILMENT
dico_phrasis_0000725__es-eu__forward,FORWARD_ENTAILMENT
dico_phrasis_0000725__es-eu__reverse,FORWARD_ENTAILMENT
dico_phrasis_0000725__eu-en__forward,FORWARD_ENTAILMENT
dico_phrasis_0000725__eu-en__reverse,FORWARD_ENTAILMENT
dico_phrasis_0000725__eu-es__forward,FORWARD_ENTAILMENT
dico_phrasis_0000725__eu-es__reverse,FORWARD_ENTAILMENT
dico_phrasis_0000729__en-es__forward,FORWARD_ENTAILMENT
dico_phrasis_0000729__en-es__reverse,FORWARD_ENTAILMENT
dico_phrasis_0000729__en-eu__forward,FORWARD_ENTAILMENT
dico_phrasis_0000729__en-eu__reverse,FORWARD_ENTAILMENT
dico_phrasis_0000729__es-en__forward,FORWARD_ENTAILMENT
dico_phrasis_0000729__es-en__reverse,FORWARD_ENTAILMENT
dico_phrasis_0000729__es-eu__forward,FORWARD_ENTAILMENT
dico_phrasis_0000729__es-eu__reverse,FORWARD_ENTAILMENT
dico_phrasis_0000729__eu-en__forward,FORWARD_ENTAILMENT
dico_phrasis_0000729__eu-en__reverse,FORWARD_ENTAILMENT
dico_phrasis_0000729__eu-es__forward,FORWARD_ENTAILMENT
dico_phrasis_0000729__eu-es__reverse,FORWARD_ENTAILMENT
dico_phrasis_0000743__en-es__forward,FORWARD_ENTAILMENT
dico_phrasis_0000743__en-es__reverse,FORWARD_ENTAILMENT
dico_phrasis_0000743__en-eu__forward,FORWARD_ENTAILMENT
dico_phrasis_0000743__en-eu__reverse,FORWARD_ENTAILMENT
dico_phrasis_0000743__es-en__forward,FORWARD_ENTAILMENT
dico_phrasis_0000743__es-en__reverse,FORWARD_ENTAILMENT
dico_phrasis_0000743__es-eu__forward,FORWARD_ENTAILMENT
dico_phrasis_0000743__es-eu__reverse,FORWARD_ENTAILMENT
dico_phrasis_0000743__eu-en__forward,FORWARD_ENTAILMENT
dico_phrasis_0000743__eu-en__reverse,FORWARD_ENTAILMENT
dico_phrasis_0000743__eu-es__forward,FORWARD_ENTAILMENT
dico_phrasis_0000743__eu-es__reverse,FORWARD_ENTAILMENT
dico_phrasis_0000748__en-es__forward,FORWARD_ENTAILMENT
dico_phrasis_0000748__en-es__reverse,FORWARD_ENTAILMENT
dico_phrasis_0000748__en-eu__forward,FORWARD_ENTAILMENT
dico_phrasis_0000748__en-eu__reverse,FORWARD_ENTAILMENT
dico_phrasis_0000748__es-en__forward,FORWARD_ENTAILMENT
dico_phrasis_0000748__es-en__reverse,FORWARD_ENTAILMENT
dico_phrasis_0000748__es-eu__forward,FORWARD_ENTAILMENT
dico_phrasis_0000748__es-eu__reverse,FORWARD_ENTAILMENT
dico_phrasis_0000748__eu-en__forward,FORWARD_ENTAILMENT
dico_phrasis_0000748__eu-en__reverse,FORWARD_ENTAILMENT
dico_phrasis_0000748__eu-es__forward,FORWARD_ENTAILMENT
dico_phrasis_0000748__eu-es__reverse,FORWARD_ENTAILMENT
dico_phrasis_0000750__en-es__forward,FORWARD_ENTAILMENT
dico_phrasis_0000750__en-es__reverse,FORWARD_ENTAILMENT
dico_phrasis_0000750__en-eu__forward,FORWARD_ENTAILMENT
dico_phrasis_0000750__en-eu__reverse,FORWARD_ENTAILMENT
dico_phrasis_0000750__es-en__forward,FORWARD_ENTAILMENT
dico_phrasis_0000750__es-en__reverse,FORWARD_ENTAILMENT
dico_phrasis_0000750__es-eu__forward,FORWARD_ENTAILMENT
dico_phrasis_0000750__es-eu__reverse,FORWARD_ENTAILMENT
dico_phrasis_0000750__eu-en__forward,FORWARD_ENTAILMENT
dico_phrasis_0000750__eu-en__reverse,FORWARD_ENTAILMENT
dico_phrasis_0000750__eu-es__forward,FORWARD_ENTAILMENT
dico_phrasis_0000750__eu-es__reverse,FORWARD_ENTAILMENT
dico_phrasis_0000753__en-es__forward,FORWARD_ENTAILMENT
dico_phrasis_0000753__en-es__reverse,FORWARD_ENTAILMENT
dico_phrasis_0000753__en-eu__forward,FORWARD_ENTAILMENT
dico_phrasis_0000753__en-eu__reverse,FORWARD_ENTAILMENT
dico_phrasis_0000753__es-en__forward,FORWARD_ENTAILMENT
dico_phrasis_0000753__es-en__reverse,FORWARD_ENTAILMENT
dico_phrasis_0000753__es-eu__forward,FORWARD_ENTAILMENT
dico_phrasis_0000753__es-eu__reverse,FORWARD_ENTAILMENT
dico_phrasis_0000753__eu-en__forward,FORWARD_ENTAILMENT
dico_phrasis_0000753__eu-en__reverse,FORWARD_ENTAILMENT
dico_phrasis_0000753__eu-es__forward,FORWARD_ENTAILMENT
dico_phrasis_0000753__eu-es__reverse,FORWARD_ENTAILMENT
dico_phrasis_0000755__en-es__forward,FORWARD_ENTAILMENT
dico_phrasis_0000755__en-es__reverse,FORWARD_ENTAILMENT
dico_phrasis_0000755__en-eu__forward,FORWARD_ENTAILMENT
dico_phrasis_0000755__en-eu__reverse,FORWARD_ENTAILMENT
dico_phrasis_0000755__es-en__forward,FORWARD_ENTAILMENT
dico_phrasis_0000755__es-en__reverse,FORWARD_ENTAILMENT
dico_phrasis_0000755__es-eu__forward,FORWARD_ENTAILMENT
dico_phrasis_0000755__es-eu__reverse,FORWARD_ENTAILMENT
dico_phrasis_0000755__eu-en__forward,FORWARD_ENTAILMENT
dico_phrasis_0000755__eu-en__reverse,FORWARD_ENTAILMENT
dico_phrasis_0000755__eu-es__forward,FORWARD_ENTAILMENT
dico_phrasis_0000755__eu-es__reverse,FORWARD_ENTAILMENT
dico_phrasis_0000775__en-es__forward,FORWARD_ENTAILMENT
dico_phrasis_0000775__en-es__reverse,FORWARD_ENTAILMENT
dico_phrasis_0000775__en-eu__forward,FORWARD_ENTAILMENT
dico_phrasis_0000775__en-eu__reverse,FORWARD_ENTAILMENT
dico_phrasis_0000775__es-en__forward,FORWARD_ENTAILMENT
dico_phrasis_0000775__es-en__reverse,FORWARD_ENTAILMENT
dico_phrasis_0000775__es-eu__forward,FORWARD_ENTAILMENT
dico_phrasis_0000775__es-eu__reverse,FORWARD_ENTAILMENT
dico_phrasis_0000775__eu-en__forward,FORWARD_ENTAILMENT
dico_phrasis_0000775__eu-en__reverse,FORWARD_ENTAILMENT
dico_phrasis_0000775__eu-es__forward,FORWARD_ENTAILMENT
dico_phrasis_0000775__eu-es__reverse,FORWARD_ENTAILMENT
dico_phrasis_0000809__en-es__forward,FORWARD_ENTAILMENT
dico_phrasis_0000809__en-es__reverse,FORWARD_ENTAILMENT
dico_phrasis_0000809__en-eu__forward,FORWARD_ENTAILMENT
dico_phrasis_0000809__en-eu__reverse,FORWARD_ENTAILMENT
dico_phrasis_0000809__es-en__forward,FORWARD_ENTAILMENT
dico_phrasis_0000809__es-en__reverse,FORWARD_ENTAILMENT
dico_phrasis_0000809__es-eu__forward,FORWARD_ENTAILMENT
dico_phrasis_0000809__es-eu__reverse,FORWARD_ENTAILMENT
dico_phrasis_0000809__eu-en__forward,FORWARD_ENTAILMENT
dico_phrasis_0000809__eu-en__reverse,FORWARD_ENTAILMENT
dico_phrasis_0000809__eu-es__forward,FORWARD_ENTAILMENT
dico_phrasis_0000809__eu-es__reverse,FORWARD_ENTAILMENT
dico_phrasis_0000823__en-es__forward,FORWARD_ENTAILMENT
dico_phrasis_0000823__en-es__reverse,FORWARD_ENTAILMENT
dico_phrasis_0000823__en-eu__forward,FORWARD_ENTAILMENT
dico_phrasis_0000823__en-eu__reverse,FORWARD_ENTAILMENT
dico_phrasis_0000823__es-en__forward,FORWARD_ENTAILMENT
dico_phrasis_0000823__es-en__reverse,FORWARD_ENTAILMENT
dico_phrasis_0000823__es-eu__forward,FORWARD_ENTAILMENT
dico_phrasis_0000823__es-eu__reverse,FORWARD_ENTAILMENT
dico_phrasis_0000823__eu-en__forward,FORWARD_ENTAILMENT
dico_phrasis_0000823__eu-en__reverse,FORWARD_ENTAILMENT
dico_phrasis_0000823__eu-es__forward,FORWARD_ENTAILMENT
dico_phrasis_0000823__eu-es__reverse,FORWARD_ENTAILMENT
dico_phrasis_0000831__en-es__forward,FORWARD_ENTAILMENT
dico_phrasis_0000831__en-es__reverse,FORWARD_ENTAILMENT
dico_phrasis_0000831__en-eu__forward,FORWARD_ENTAILMENT
dico_phrasis_0000831__en-eu__reverse,FORWARD_ENTAILMENT
dico_phrasis_0000831__es-en__forward,FORWARD_ENTAILMENT
dico_phrasis_0000831__es-en__reverse,FORWARD_ENTAILMENT
dico_phrasis_0000831__es-eu__forward,FORWARD_ENTAILMENT
dico_phrasis_0000831__es-eu__reverse,FORWARD_ENTAILMENT
dico_phrasis_0000831__eu-en__forward,FORWARD_ENTAILMENT
dico_phrasis_0000831__eu-en__reverse,FORWARD_ENTAILMENT
dico_phrasis_0000831__eu-es__forward,FORWARD_ENTAILMENT
dico_phrasis_0000831__eu-es__reverse,FORWARD_ENTAILMENT
dico_phrasis_0000835__en-es__forward,FORWARD_ENTAILMENT
dico_phrasis_0000835__en-es__reverse,FORWARD_ENTAILMENT
dico_phrasis_0000835__en-eu__forward,FORWARD_ENTAILMENT
dico_phrasis_0000835__en-eu__reverse,FORWARD_ENTAILMENT
dico_phrasis_0000835__es-en__forward,FORWARD_ENTAILMENT
dico_phrasis_0000835__es-en__reverse,FORWARD_ENTAILMENT
dico_phrasis_0000835__es-eu__forward,FORWARD_ENTAILMENT
dico_phrasis_0000835__es-eu__reverse,FORWARD_ENTAILMENT
dico_phrasis_0000835__eu-en__forward,FORWARD_ENTAILMENT
dico_phrasis_0000835__eu-en__reverse,FORWARD_ENTAILMENT
dico_phrasis_0000835__eu-es__forward,FORWARD_ENTAILMENT
dico_phrasis_0000835__eu-es__reverse,FORWARD_ENTAILMENT
dico_phrasis_0000837__en-es__forward,FORWARD_ENTAILMENT
dico_phrasis_0000837__en-es__reverse,FORWARD_ENTAILMENT
dico_phrasis_0000837__en-eu__forward,FORWARD_ENTAILMENT
dico_phrasis_0000837__en-eu__reverse,FORWARD_ENTAILMENT
dico_phrasis_0000837__es-en__forward,FORWARD_ENTAILMENT
dico_phrasis_0000837__es-en__reverse,FORWARD_ENTAILMENT
dico_phrasis_0000837__es-eu__forward,FORWARD_ENTAILMENT
dico_phrasis_0000837__es-eu__reverse,FORWARD_ENTAILMENT
dico_phrasis_0000837__eu-en__forward,FORWARD_ENTAILMENT
dico_phrasis_0000837__eu-en__reverse,FORWARD_ENTAILMENT
dico_phrasis_0000837__eu-es__forward,FORWARD_ENTAILMENT
dico_phrasis_0000837__eu-es__reverse,FORWARD_ENTAILMENT
dico_phrasis_0000840__en-es__forward,FORWARD_ENTAILMENT
dico_phrasis_0000840__en-es__reverse,FORWARD_ENTAILMENT
dico_phrasis_0000840__en-eu__forward,FORWARD_ENTAILMENT
dico_phrasis_0000840__en-eu__reverse,FORWARD_ENTAILMENT
dico_phrasis_0000840__es-en__forward,FORWARD_ENTAILMENT
dico_phrasis_0000840__es-en__reverse,FORWARD_ENTAILMENT
dico_phrasis_0000840__es-eu__forward,FORWARD_ENTAILMENT
dico_phrasis_0000840__es-eu__reverse,FORWARD_ENTAILMENT
dico_phrasis_0000840__eu-en__forward,FORWARD_ENTAILMENT
dico_phrasis_0000840__eu-en__reverse,FORWARD_ENTAILMENT
dico_phrasis_0000840__eu-es__forward,FORWARD_ENTAILMENT
dico_phrasis_0000840__eu-es__reverse,FORWARD_ENTAILMENT
dico_phrasis_0000849__en-es__forward,FORWARD_ENTAILMENT
dico_phrasis_0000849__en-es__reverse,FORWARD_ENTAILMENT
dico_phrasis_0000849__en-eu__forward,FORWARD_ENTAILMENT
dico_phrasis_0000849__en-eu__reverse,FORWARD_ENTAILMENT
dico_phrasis_0000849__es-en__forward,FORWARD_ENTAILMENT
dico_phrasis_0000849__es-en__reverse,FORWARD_ENTAILMENT
dico_phrasis_0000849__es-eu__forward,FORWARD_ENTAILMENT
dico_phrasis_0000849__es-eu__reverse,FORWARD_ENTAILMENT
dico_phrasis_0000849__eu-en__forward,FORWARD_ENTAILMENT
dico_phrasis_0000849__eu-en__reverse,FORWARD_ENTAILMENT
dico_phrasis_0000849__eu-es__forward,FORWARD_ENTAILMENT
dico_phrasis_0000849__eu-es__reverse,FORWARD_ENTAILMENT
dico_phrasis_0000851__en-es__forward,FORWARD_ENTAILMENT
dico_phrasis_0000851__en-es__reverse,FORWARD_ENTAILMENT
dico_phrasis_0000851__en-eu__forward,FORWARD_ENTAILMENT
dico_phrasis_0000851__en-eu__reverse,FORWARD_ENTAILMENT
dico_phrasis_0000851__es-en__forward,FORWARD_ENTAILMENT
dico_phrasis_0000851__es-en__reverse,FORWARD_ENTAILMENT
dico_phrasis_0000851__es-eu__forward,FORWARD_ENTAILMENT
dico_phrasis_0000851__es-eu__reverse,FORWARD_ENTAILMENT
dico_phrasis_0000851__eu-en__forward,FORWARD_ENTAILMENT
dico_phrasis_0000851__eu-en__reverse,FORWARD_ENTAILMENT
dico_phrasis_0000851__eu-es__forward,FORWARD_ENTAILMENT
dico_phrasis_0000851__eu-es__reverse,FORWARD_ENTAILMENT
dico_phrasis_0000857__en-es__forward,FORWARD_ENTAILMENT
dico_phrasis_0000857__en-es__reverse,FORWARD_ENTAILMENT
dico_phrasis_0000857__en-eu__forward,FORWARD_ENTAILMENT
dico_phrasis_0000857__en-eu__reverse,FORWARD_ENTAILMENT
dico_phrasis_0000857__es-en__forward,FORWARD_ENTAILMENT
dico_phrasis_0000857__es-en__reverse,FORWARD_ENTAILMENT
dico_phrasis_0000857__es-eu__forward,FORWARD_ENTAILMENT
dico_phrasis_0000857__es-eu__reverse,FORWARD_ENTAILMENT
dico_phrasis_0000857__eu-en__forward,FORWARD_ENTAILMENT
dico_phrasis_0000857__eu-en__reverse,FORWARD_ENTAILMENT
dico_phrasis_0000857__eu-es__forward,FORWARD_ENTAILMENT
dico_phrasis_0000857__eu-es__reverse,FORWARD_ENTAILMENT
dico_phrasis_0000868__en-es__forward,FORWARD_ENTAILMENT
dico_phrasis_0000868__en-es__reverse,FORWARD_ENTAILMENT
dico_phrasis_0000868__en-eu__forward,FORWARD_ENTAILMENT
dico_phrasis_0000868__en-eu__reverse,FORWARD_ENTAILMENT
dico_phrasis_0000868__es-en__forward,FORWARD_ENTAILMENT
dico_phrasis_0000868__es-en__reverse,FORWARD_ENTAILMENT
dico_phrasis_0000868__es-eu__forward,FORWARD_ENTAILMENT
dico_phrasis_0000868__es-eu__reverse,FORWARD_ENTAILMENT
dico_phrasis_0000868__eu-en__forward,FORWARD_ENTAILMENT
dico_phrasis_0000868__eu-en__reverse,FORWARD_ENTAILMENT
dico_phrasis_0000868__eu-es__forward,FORWARD_ENTAILMENT
dico_phrasis_0000868__eu-es__reverse,FORWARD_ENTAILMENT
dico_phrasis_0000875__en-es__forward,FORWARD_ENTAILMENT
dico_phrasis_0000875__en-es__reverse,FORWARD_ENTAILMENT
dico_phrasis_0000875__en-eu__forward,FORWARD_ENTAILMENT
dico_phrasis_0000875__en-eu__reverse,FORWARD_ENTAILMENT
dico_phrasis_0000875__es-en__forward,FORWARD_ENTAILMENT
dico_phrasis_0000875__es-en__reverse,FORWARD_ENTAILMENT
dico_phrasis_0000875__es-eu__forward,FORWARD_ENTAILMENT
dico_phrasis_0000875__es-eu__reverse,FORWARD_ENTAILMENT
dico_phrasis_0000875__eu-en__forward,FORWARD_ENTAILMENT
dico_phrasis_0000875__eu-en__reverse,FORWARD_ENTAILMENT
dico_phrasis_0000875__eu-es__forward,FORWARD_ENTAILMENT
dico_phrasis_0000875__eu-es__reverse,FORWARD_ENTAILMENT
dico_phrasis_0000877__en-es__forward,FORWARD_ENTAILMENT
dico_phrasis_0000877__en-es__reverse,FORWARD_ENTAILMENT
dico_phrasis_0000877__en-eu__forward,FORWARD_ENTAILMENT
dico_phrasis_0000877__en-eu__reverse,FORWARD_ENTAILMENT
dico_phrasis_0000877__es-en__forward,FORWARD_ENTAILMENT
dico_phrasis_0000877__es-en__reverse,FORWARD_ENTAILMENT
dico_phrasis_0000877__es-eu__forward,FORWARD_ENTAILMENT
dico_phrasis_0000877__es-eu__reverse,FORWARD_ENTAILMENT
dico_phrasis_0000877__eu-en__forward,FORWARD_ENTAILMENT
dico_phrasis_0000877__eu-en__reverse,FORWARD_ENTAILMENT
dico_phrasis_0000877__eu-es__forward,FORWARD_ENTAILMENT
dico_phrasis_0000877__eu-es__reverse,FORWARD_ENTAILMENT
dico_phrasis_0000878__en-es__forward,FORWARD_ENTAILMENT
dico_phrasis_0000878__en-es__reverse,FORWARD_ENTAILMENT
dico_phrasis_0000878__en-eu__forward,FORWARD_ENTAILMENT
dico_phrasis_0000878__en-eu__reverse,FORWARD_ENTAILMENT
dico_phrasis_0000878__es-en__forward,FORWARD_ENTAILMENT
dico_phrasis_0000878__es-en__reverse,FORWARD_ENTAILMENT
dico_phrasis_0000878__es-eu__forward,FORWARD_ENTAILMENT
dico_phrasis_0000878__es-eu__reverse,FORWARD_ENTAILMENT
dico_phrasis_0000878__eu-en__forward,FORWARD_ENTAILMENT
dico_phrasis_0000878__eu-en__reverse,FORWARD_ENTAILMENT
dico_phrasis_0000878__eu-es__forward,FORWARD_ENTAILMENT
dico_phrasis_0000878__eu-es__reverse,FORWARD_ENTAILMENT
dico_phrasis_0000879__en-es__forward,FORWARD_ENTAILMENT
dico_phrasis_0000879__en-es__reverse,FORWARD_ENTAILMENT
dico_phrasis_0000879__en-eu__forward,FORWARD_ENTAILMENT
dico_phrasis_0000879__en-eu__reverse,FORWARD_ENTAILMENT
dico_phrasis_0000879__es-en__forward,FORWARD_ENTAILMENT
dico_phrasis_0000879__es-en__reverse,FORWARD_ENTAILMENT
dico_phrasis_0000879__es-eu__forward,FORWARD_ENTAILMENT
dico_phrasis_0000879__es-eu__reverse,FORWARD_ENTAILMENT
dico_phrasis_0000879__eu-en__forward,FORWARD_ENTAILMENT
dico_phrasis_0000879__eu-en__reverse,FORWARD_ENTAILMENT
dico_phrasis_0000879__eu-es__forward,FORWARD_ENTAILMENT
dico_phrasis_0000879__eu-es__reverse,FORWARD_ENTAILMENT
dico_phrasis_0000889__en-es__forward,FORWARD_ENTAILMENT
dico_phrasis_0000889__en-es__reverse,FORWARD_ENTAILMENT
dico_phrasis_0000889__en-eu__forward,FORWARD_ENTAILMENT
dico_phrasis_0000889__en-eu__reverse,FORWARD_ENTAILMENT
dico_phrasis_0000889__es-en__forward,FORWARD_ENTAILMENT
dico_phrasis_0000889__es-en__reverse,FORWARD_ENTAILMENT
dico_phrasis_0000889__es-eu__forward,FORWARD_ENTAILMENT
dico_phrasis_0000889__es-eu__reverse,FORWARD_ENTAILMENT
dico_phrasis_0000889__eu-en__forward,FORWARD_ENTAILMENT
dico_phrasis_0000889__eu-en__reverse,FORWARD_ENTAILMENT
dico_phrasis_0000889__eu-es__forward,FORWARD_ENTAILMENT
dico_phrasis_0000889__eu-es__reverse,FORWARD_ENTAILMENT
dico_phrasis_0000900__en-es__forward,FORWARD_ENTAILMENT
dico_phrasis_0000900__en-es__reverse,FORWARD_ENTAILMENT
dico_phrasis_0000900__en-eu__forward,FORWARD_ENTAILMENT
dico_phrasis_0000900__en-eu__reverse,FORWARD_ENTAILMENT
dico_phrasis_0000900__es-en__forward,FORWARD_ENTAILMENT
dico_phrasis_0000900__es-en__reverse,FORWARD_ENTAILMENT
dico_phrasis_0000900__es-eu__forward,FORWARD_ENTAILMENT
dico_phrasis_0000900__es-eu__reverse,FORWARD_ENTAILMENT
dico_phrasis_0000900__eu-en__forward,FORWARD_ENTAILMENT
dico_phrasis_0000900__eu-en__reverse,FORWARD_ENTAILMENT
dico_phrasis_0000900__eu-es__forward,FORWARD_ENTAILMENT
dico_phrasis_0000900__eu-es__reverse,FORWARD_ENTAILMENT
dico_phrasis_0000901__en-es__forward,FORWARD_ENTAILMENT
dico_phrasis_0000901__en-es__reverse,FORWARD_ENTAILMENT
dico_phrasis_0000901__en-eu__forward,FORWARD_ENTAILMENT
dico_phrasis_0000901__en-eu__reverse,FORWARD_ENTAILMENT
dico_phrasis_0000901__es-en__forward,FORWARD_ENTAILMENT
dico_phrasis_0000901__es-en__reverse,FORWARD_ENTAILMENT
dico_phrasis_0000901__es-eu__forward,FORWARD_ENTAILMENT
dico_phrasis_0000901__es-eu__reverse,FORWARD_ENTAILMENT
dico_phrasis_0000901__eu-en__forward,FORWARD_ENTAILMENT
dico_phrasis_0000901__eu-en__reverse,FORWARD_ENTAILMENT
dico_phrasis_0000901__eu-es__forward,FORWARD_ENTAILMENT
dico_phrasis_0000901__eu-es__reverse,FORWARD_ENTAILMENT
dico_phrasis_0000912__en-es__forward,FORWARD_ENTAILMENT
dico_phrasis_0000912__en-es__reverse,FORWARD_ENTAILMENT
dico_phrasis_0000912__en-eu__forward,FORWARD_ENTAILMENT
dico_phrasis_0000912__en-eu__reverse,FORWARD_ENTAILMENT
dico_phrasis_0000912__es-en__forward,FORWARD_ENTAILMENT
dico_phrasis_0000912__es-en__reverse,FORWARD_ENTAILMENT
dico_phrasis_0000912__es-eu__forward,FORWARD_ENTAILMENT
dico_phrasis_0000912__es-eu__reverse,FORWARD_ENTAILMENT
dico_phrasis_0000912__eu-en__forward,FORWARD_ENTAILMENT
dico_phrasis_0000912__eu-en__reverse,FORWARD_ENTAILMENT
dico_phrasis_0000912__eu-es__forward,FORWARD_ENTAILMENT
dico_phrasis_0000912__eu-es__reverse,FORWARD_ENTAILMENT
dico_phrasis_0000937__en-es__forward,FORWARD_ENTAILMENT
dico_phrasis_0000937__en-es__reverse,FORWARD_ENTAILMENT
dico_phrasis_0000937__en-eu__forward,FORWARD_ENTAILMENT
dico_phrasis_0000937__en-eu__reverse,FORWARD_ENTAILMENT
dico_phrasis_0000937__es-en__forward,FORWARD_ENTAILMENT
dico_phrasis_0000937__es-en__reverse,FORWARD_ENTAILMENT
dico_phrasis_0000937__es-eu__forward,FORWARD_ENTAILMENT
dico_phrasis_0000937__es-eu__reverse,FORWARD_ENTAILMENT
dico_phrasis_0000937__eu-en__forward,FORWARD_ENTAILMENT
dico_phrasis_0000937__eu-en__reverse,FORWARD_ENTAILMENT
dico_phrasis_0000937__eu-es__forward,FORWARD_ENTAILMENT
dico_phrasis_0000937__eu-es__reverse,FORWARD_ENTAILMENT
dico_phrasis_0000939__en-es__forward,FORWARD_ENTAILMENT
dico_phrasis_0000939__en-es__reverse,FORWARD_ENTAILMENT
dico_phrasis_0000939__en-eu__forward,FORWARD_ENTAILMENT
dico_phrasis_0000939__en-eu__reverse,FORWARD_ENTAILMENT
dico_phrasis_0000939__es-en__forward,FORWARD_ENTAILMENT
dico_phrasis_0000939__es-en__reverse,FORWARD_ENTAILMENT
dico_phrasis_0000939__es-eu__forward,FORWARD_ENTAILMENT
dico_phrasis_0000939__es-eu__reverse,FORWARD_ENTAILMENT
dico_phrasis_0000939__eu-en__forward,FORWARD_ENTAILMENT
dico_phrasis_0000939__eu-en__reverse,FORWARD_ENTAILMENT
dico_phrasis_0000939__eu-es__forward,FORWARD_ENTAILMENT
dico_phrasis_0000939__eu-es__reverse,FORWARD_ENTAILMENT
dico_phrasis_0000943__en-es__forward,FORWARD_ENTAILMENT
dico_phrasis_0000943__en-es__reverse,FORWARD_ENTAILMENT
dico_phrasis_0000943__en-eu__forward,FORWARD_ENTAILMENT
dico_phrasis_0000943__en-eu__reverse,FORWARD_ENTAILMENT
dico_phrasis_0000943__es-en__forward,FORWARD_ENTAILMENT
dico_phrasis_0000943__es-en__reverse,FORWARD_ENTAILMENT
dico_phrasis_0000943__es-eu__forward,FORWARD_ENTAILMENT
dico_phrasis_0000943__es-eu__reverse,FORWARD_ENTAILMENT
dico_phrasis_0000943__eu-en__forward,FORWARD_ENTAILMENT
dico_phrasis_0000943__eu-en__reverse,FORWARD_ENTAILMENT
dico_phrasis_0000943__eu-es__forward,FORWARD_ENTAILMENT
dico_phrasis_0000943__eu-es__reverse,FORWARD_ENTAILMENT
dico_phrasis_0000969__en-es__forward,FORWARD_ENTAILMENT
dico_phrasis_0000969__en-es__reverse,FORWARD_ENTAILMENT
dico_phrasis_0000969__en-eu__forward,FORWARD_ENTAILMENT
dico_phrasis_0000969__en-eu__reverse,FORWARD_ENTAILMENT
dico_phrasis_0000969__es-en__forward,FORWARD_ENTAILMENT
dico_phrasis_0000969__es-en__reverse,FORWARD_ENTAILMENT
dico_phrasis_0000969__es-eu__forward,FORWARD_ENTAILMENT
dico_phrasis_0000969__es-eu__reverse,FORWARD_ENTAILMENT
dico_phrasis_0000969__eu-en__forward,FORWARD_ENTAILMENT
dico_phrasis_0000969__eu-en__reverse,FORWARD_ENTAILMENT
dico_phrasis_0000969__eu-es__forward,FORWARD_ENTAILMENT
dico_phrasis_0000969__eu-es__reverse,FORWARD_ENTAILMENT
dico_phrasis_0000970__en-es__forward,FORWARD_ENTAILMENT
dico_phrasis_0000970__en-es__reverse,FORWARD_ENTAILMENT
dico_phrasis_0000970__en-eu__forward,FORWARD_ENTAILMENT
dico_phrasis_0000970__en-eu__reverse,FORWARD_ENTAILMENT
dico_phrasis_0000970__es-en__forward,FORWARD_ENTAILMENT
dico_phrasis_0000970__es-en__reverse,FORWARD_ENTAILMENT
dico_phrasis_0000970__es-eu__forward,FORWARD_ENTAILMENT
dico_phrasis_0000970__es-eu__reverse,FORWARD_ENTAILMENT
dico_phrasis_0000970__eu-en__forward,FORWARD_ENTAILMENT
dico_phrasis_0000970__eu-en__reverse,FORWARD_ENTAILMENT
dico_phrasis_0000970__eu-es__forward,FORWARD_ENTAILMENT
dico_phrasis_0000970__eu-es__reverse,FORWARD_ENTAILMENT
dico_phrasis_0000971__en-es__forward,FORWARD_ENTAILMENT
dico_phrasis_0000971__en-es__reverse,FORWARD_ENTAILMENT
dico_phrasis_0000971__en-eu__forward,FORWARD_ENTAILMENT
dico_phrasis_0000971__en-eu__reverse,FORWARD_ENTAILMENT
dico_phrasis_0000971__es-en__forward,FORWARD_ENTAILMENT
dico_phrasis_0000971__es-en__reverse,FORWARD_ENTAILMENT
dico_phrasis_0000971__es-eu__forward,FORWARD_ENTAILMENT
dico_phrasis_0000971__es-eu__reverse,FORWARD_ENTAILMENT
dico_phrasis_0000971__eu-en__forward,FORWARD_ENTAILMENT
dico_phrasis_0000971__eu-en__reverse,FORWARD_ENTAILMENT
dico_phrasis_0000971__eu-es__forward,FORWARD_ENTAILMENT
dico_phrasis_0000971__eu-es__reverse,FORWARD_ENTAILMENT
dico_phrasis_0000972__en-es__forward,FORWARD_ENTAILMENT
dico_phrasis_0000972__en-es__reverse,FORWARD_ENTAILMENT
dico_phrasis_0000972__en-eu__forward,FORWARD_ENTAILMENT
dico_phrasis_0000972__en-eu__reverse,FORWARD_ENTAILMENT
dico_phrasis_0000972__es-en__forward,FORWARD_ENTAILMENT
dico_phrasis_0000972__es-en__reverse,FORWARD_ENTAILMENT
dico_phrasis_0000972__es-eu__forward,FORWARD_ENTAILMENT
dico_phrasis_0000972__es-eu__reverse,FORWARD_ENTAILMENT
dico_phrasis_0000972__eu-en__forward,FORWARD_ENTAILMENT
dico_phrasis_0000972__eu-en__reverse,FORWARD_ENTAILMENT
dico_phrasis_0000972__eu-es__forward,FORWARD_ENTAILMENT
dico_phrasis_0000972__eu-es__reverse,FORWARD_ENTAILMENT
dico_phrasis_0000974__en-es__forward,FORWARD_ENTAILMENT
dico_phrasis_0000974__en-es__reverse,FORWARD_ENTAILMENT
dico_phrasis_0000974__en-eu__forward,FORWARD_ENTAILMENT
dico_phrasis_0000974__en-eu__reverse,FORWARD_ENTAILMENT
dico_phrasis_0000974__es-en__forward,FORWARD_ENTAILMENT
dico_phrasis_0000974__es-en__reverse,FORWARD_ENTAILMENT
dico_phrasis_0000974__es-eu__forward,FORWARD_ENTAILMENT
dico_phrasis_0000974__es-eu__reverse,FORWARD_ENTAILMENT
dico_phrasis_0000974__eu-en__forward,FORWARD_ENTAILMENT
dico_phrasis_0000974__eu-en__reverse,FORWARD_ENTAILMENT
dico_phrasis_0000974__eu-es__forward,FORWARD_ENTAILMENT
dico_phrasis_0000974__eu-es__reverse,FORWARD_ENTAILMENT
dico_phrasis_0000978__en-es__forward,FORWARD_ENTAILMENT
dico_phrasis_0000978__en-es__reverse,FORWARD_ENTAILMENT
dico_phrasis_0000978__en-eu__forward,FORWARD_ENTAILMENT
dico_phrasis_0000978__en-eu__reverse,FORWARD_ENTAILMENT
dico_phrasis_0000978__es-en__forward,FORWARD_ENTAILMENT
dico_phrasis_0000978__es-en__reverse,FORWARD_ENTAILMENT
dico_phrasis_0000978__es-eu__forward,FORWARD_ENTAILMENT
dico_phrasis_0000978__es-eu__reverse,FORWARD_ENTAILMENT
dico_phrasis_0000978__eu-en__forward,FORWARD_ENTAILMENT
dico_phrasis_0000978__eu-en__reverse,FORWARD_ENTAILMENT
dico_phrasis_0000978__eu-es__forward,FORWARD_ENTAILMENT
dico_phrasis_0000978__eu-es__reverse,FORWARD_ENTAILMENT
dico_phrasis_0000988__en-es__forward,FORWARD_ENTAILMENT
dico_phrasis_0000988__en-es__reverse,FORWARD_ENTAILMENT
dico_phrasis_0000988__en-eu__forward,FORWARD_ENTAILMENT
dico_phrasis_0000988__en-eu__reverse,FORWARD_ENTAILMENT
dico_phrasis_0000988__es-en__forward,FORWARD_ENTAILMENT
dico_phrasis_0000988__es-en__reverse,FORWARD_ENTAILMENT
dico_phrasis_0000988__es-eu__forward,FORWARD_ENTAILMENT
dico_phrasis_0000988__es-eu__reverse,FORWARD_ENTAILMENT
dico_phrasis_0000988__eu-en__forward,FORWARD_ENTAILMENT
dico_phrasis_0000988__eu-en__reverse,FORWARD_ENTAILMENT
dico_phrasis_0000988__eu-es__forward,FORWARD_ENTAILMENT
dico_phrasis_0000988__eu-es__reverse,FORWARD_ENTAILMENT
dico_phrasis_0000993__en-es__forward,FORWARD_ENTAILMENT
dico_phrasis_0000993__en-es__reverse,FORWARD_ENTAILMENT
dico_phrasis_0000993__en-eu__forward,FORWARD_ENTAILMENT
dico_phrasis_0000993__en-eu__reverse,FORWARD_ENTAILMENT
dico_phrasis_0000993__es-en__forward,FORWARD_ENTAILMENT
dico_phrasis_0000993__es-en__reverse,FORWARD_ENTAILMENT
dico_phrasis_0000993__es-eu__forward,FORWARD_ENTAILMENT
dico_phrasis_0000993__es-eu__reverse,FORWARD_ENTAILMENT
dico_phrasis_0000993__eu-en__forward,FORWARD_ENTAILMENT
dico_phrasis_0000993__eu-en__reverse,FORWARD_ENTAILMENT
dico_phrasis_0000993__eu-es__forward,FORWARD_ENTAILMENT
dico_phrasis_0000993__eu-es__reverse,FORWARD_ENTAILMENT
dico_phrasis_0001004__en-es__forward,FORWARD_ENTAILMENT
dico_phrasis_0001004__en-es__reverse,FORWARD_ENTAILMENT
dico_phrasis_0001004__en-eu__forward,FORWARD_ENTAILMENT
dico_phrasis_0001004__en-eu__reverse,FORWARD_ENTAILMENT
dico_phrasis_0001004__es-en__forward,FORWARD_ENTAILMENT
dico_phrasis_0001004__es-en__reverse,FORWARD_ENTAILMENT
dico_phrasis_0001004__es-eu__forward,FORWARD_ENTAILMENT
dico_phrasis_0001004__es-eu__reverse,FORWARD_ENTAILMENT
dico_phrasis_0001004__eu-en__forward,FORWARD_ENTAILMENT
dico_phrasis_0001004__eu-en__reverse,FORWARD_ENTAILMENT
dico_phrasis_0001004__eu-es__forward,FORWARD_ENTAILMENT
dico_phrasis_0001004__eu-es__reverse,FORWARD_ENTAILMENT
dico_phrasis_0001029__en-es__forward,FORWARD_ENTAILMENT
dico_phrasis_0001029__en-es__reverse,FORWARD_ENTAILMENT
dico_phrasis_0001029__en-eu__forward,FORWARD_ENTAILMENT
dico_phrasis_0001029__en-eu__reverse,FORWARD_ENTAILMENT
dico_phrasis_0001029__es-en__forward,FORWARD_ENTAILMENT
dico_phrasis_0001029__es-en__reverse,FORWARD_ENTAILMENT
dico_phrasis_0001029__es-eu__forward,FORWARD_ENTAILMENT
dico_phrasis_0001029__es-eu__reverse,FORWARD_ENTAILMENT
dico_phrasis_0001029__eu-en__forward,FORWARD_ENTAILMENT
dico_phrasis_0001029__eu-en__reverse,FORWARD_ENTAILMENT
dico_phrasis_0001029__eu-es__forward,FORWARD_ENTAILMENT
dico_phrasis_0001029__eu-es__reverse,FORWARD_ENTAILMENT
dico_phrasis_0001034__en-es__forward,FORWARD_ENTAILMENT
dico_phrasis_0001034__en-es__reverse,FORWARD_ENTAILMENT
dico_phrasis_0001034__en-eu__forward,FORWARD_ENTAILMENT
dico_phrasis_0001034__en-eu__reverse,FORWARD_ENTAILMENT
dico_phrasis_0001034__es-en__forward,FORWARD_ENTAILMENT
dico_phrasis_0001034__es-en__reverse,FORWARD_ENTAILMENT
dico_phrasis_0001034__es-eu__forward,FORWARD_ENTAILMENT
dico_phrasis_0001034__es-eu__reverse,FORWARD_ENTAILMENT
dico_phrasis_0001034__eu-en__forward,FORWARD_ENTAILMENT
dico_phrasis_0001034__eu-en__reverse,FORWARD_ENTAILMENT
dico_phrasis_0001034__eu-es__forward,FORWARD_ENTAILMENT
dico_phrasis_0001034__eu-es__reverse,FORWARD_ENTAILMENT
dico_phrasis_0001039__en-es__forward,FORWARD_ENTAILMENT
dico_phrasis_0001039__en-es__reverse,FORWARD_ENTAILMENT
dico_phrasis_0001039__en-eu__forward,FORWARD_ENTAILMENT
dico_phrasis_0001039__en-eu__reverse,FORWARD_ENTAILMENT
dico_phrasis_0001039__es-en__forward,FORWARD_ENTAILMENT
dico_phrasis_0001039__es-en__reverse,FORWARD_ENTAILMENT
dico_phrasis_0001039__es-eu__forward,FORWARD_ENTAILMENT
dico_phrasis_0001039__es-eu__reverse,FORWARD_ENTAILMENT
dico_phrasis_0001039__eu-en__forward,FORWARD_ENTAILMENT
dico_phrasis_0001039__eu-en__reverse,FORWARD_ENTAILMENT
dico_phrasis_0001039__eu-es__forward,FORWARD_ENTAILMENT
dico_phrasis_0001039__eu-es__reverse,FORWARD_ENTAILMENT
dico_phrasis_0001040__en-es__forward,FORWARD_ENTAILMENT
dico_phrasis_0001040__en-es__reverse,FORWARD_ENTAILMENT
dico_phrasis_0001040__en-eu__forward,FORWARD_ENTAILMENT
dico_phrasis_0001040__en-eu__reverse,FORWARD_ENTAILMENT
dico_phrasis_0001040__es-en__forward,FORWARD_ENTAILMENT
dico_phrasis_0001040__es-en__reverse,FORWARD_ENTAILMENT
dico_phrasis_0001040__es-eu__forward,FORWARD_ENTAILMENT
dico_phrasis_0001040__es-eu__reverse,FORWARD_ENTAILMENT
dico_phrasis_0001040__eu-en__forward,FORWARD_ENTAILMENT
dico_phrasis_0001040__eu-en__reverse,FORWARD_ENTAILMENT
dico_phrasis_0001040__eu-es__forward,FORWARD_ENTAILMENT
dico_phrasis_0001040__eu-es__reverse,FORWARD_ENTAILMENT
dico_phrasis_0001045__en-es__forward,FORWARD_ENTAILMENT
dico_phrasis_0001045__en-es__reverse,FORWARD_ENTAILMENT
dico_phrasis_0001045__en-eu__forward,FORWARD_ENTAILMENT
dico_phrasis_0001045__en-eu__reverse,FORWARD_ENTAILMENT
dico_phrasis_0001045__es-en__forward,FORWARD_ENTAILMENT
dico_phrasis_0001045__es-en__reverse,FORWARD_ENTAILMENT
dico_phrasis_0001045__es-eu__forward,FORWARD_ENTAILMENT
dico_phrasis_0001045__es-eu__reverse,FORWARD_ENTAILMENT
dico_phrasis_0001045__eu-en__forward,FORWARD_ENTAILMENT
dico_phrasis_0001045__eu-en__reverse,FORWARD_ENTAILMENT
dico_phrasis_0001045__eu-es__forward,FORWARD_ENTAILMENT
dico_phrasis_0001045__eu-es__reverse,FORWARD_ENTAILMENT
dico_phrasis_0001061__en-es__forward,FORWARD_ENTAILMENT
dico_phrasis_0001061__en-es__reverse,FORWARD_ENTAILMENT
dico_phrasis_0001061__en-eu__forward,FORWARD_ENTAILMENT
dico_phrasis_0001061__en-eu__reverse,FORWARD_ENTAILMENT
dico_phrasis_0001061__es-en__forward,FORWARD_ENTAILMENT
dico_phrasis_0001061__es-en__reverse,FORWARD_ENTAILMENT
dico_phrasis_0001061__es-eu__forward,FORWARD_ENTAILMENT
dico_phrasis_0001061__es-eu__reverse,FORWARD_ENTAILMENT
dico_phrasis_0001061__eu-en__forward,FORWARD_ENTAILMENT
dico_phrasis_0001061__eu-en__reverse,FORWARD_ENTAILMENT
dico_phrasis_0001061__eu-es__forward,FORWARD_ENTAILMENT
dico_phrasis_0001061__eu-es__reverse,FORWARD_ENTAILMENT
dico_phrasis_0001069__en-es__forward,FORWARD_ENTAILMENT
dico_phrasis_0001069__en-es__reverse,FORWARD_ENTAILMENT
dico_phrasis_0001069__en-eu__forward,FORWARD_ENTAILMENT
dico_phrasis_0001069__en-eu__reverse,FORWARD_ENTAILMENT
dico_phrasis_0001069__es-en__forward,FORWARD_ENTAILMENT
dico_phrasis_0001069__es-en__reverse,FORWARD_ENTAILMENT
dico_phrasis_0001069__es-eu__forward,FORWARD_ENTAILMENT
dico_phrasis_0001069__es-eu__reverse,FORWARD_ENTAILMENT
dico_phrasis_0001069__eu-en__forward,FORWARD_ENTAILMENT
dico_phrasis_0001069__eu-en__reverse,FORWARD_ENTAILMENT
dico_phrasis_0001069__eu-es__forward,FORWARD_ENTAILMENT
dico_phrasis_0001069__eu-es__reverse,FORWARD_ENTAILMENT
dico_phrasis_0001072__en-es__forward,FORWARD_ENTAILMENT
dico_phrasis_0001072__en-es__reverse,FORWARD_ENTAILMENT
dico_phrasis_0001072__en-eu__forward,FORWARD_ENTAILMENT
dico_phrasis_0001072__en-eu__reverse,FORWARD_ENTAILMENT
dico_phrasis_0001072__es-en__forward,FORWARD_ENTAILMENT
dico_phrasis_0001072__es-en__reverse,FORWARD_ENTAILMENT
dico_phrasis_0001072__es-eu__forward,FORWARD_ENTAILMENT
dico_phrasis_0001072__es-eu__reverse,FORWARD_ENTAILMENT
dico_phrasis_0001072__eu-en__forward,FORWARD_ENTAILMENT
dico_phrasis_0001072__eu-en__reverse,FORWARD_ENTAILMENT
dico_phrasis_0001072__eu-es__forward,FORWARD_ENTAILMENT
dico_phrasis_0001072__eu-es__reverse,FORWARD_ENTAILMENT
dico_phrasis_0001089__en-es__forward,FORWARD_ENTAILMENT
dico_phrasis_0001089__en-es__reverse,FORWARD_ENTAILMENT
dico_phrasis_0001089__en-eu__forward,FORWARD_ENTAILMENT
dico_phrasis_0001089__en-eu__reverse,FORWARD_ENTAILMENT
dico_phrasis_0001089__es-en__forward,FORWARD_ENTAILMENT
dico_phrasis_0001089__es-en__reverse,FORWARD_ENTAILMENT
dico_phrasis_0001089__es-eu__forward,FORWARD_ENTAILMENT
dico_phrasis_0001089__es-eu__reverse,FORWARD_ENTAILMENT
dico_phrasis_0001089__eu-en__forward,FORWARD_ENTAILMENT
dico_phrasis_0001089__eu-en__reverse,FORWARD_ENTAILMENT
dico_phrasis_0001089__eu-es__forward,FORWARD_ENTAILMENT
dico_phrasis_0001089__eu-es__reverse,FORWARD_ENTAILMENT
dico_phrasis_0001106__en-es__forward,FORWARD_ENTAILMENT
dico_phrasis_0001106__en-es__reverse,FORWARD_ENTAILMENT
dico_phrasis_0001106__en-eu__forward,FORWARD_ENTAILMENT
dico_phrasis_0001106__en-eu__reverse,FORWARD_ENTAILMENT
dico_phrasis_0001106__es-en__forward,FORWARD_ENTAILMENT
dico_phrasis_0001106__es-en__reverse,FORWARD_ENTAILMENT
dico_phrasis_0001106__es-eu__forward,FORWARD_ENTAILMENT
dico_phrasis_0001106__es-eu__reverse,FORWARD_ENTAILMENT
dico_phrasis_0001106__eu-en__forward,FORWARD_ENTAILMENT
dico_phrasis_0001106__eu-en__reverse,FORWARD_ENTAILMENT
dico_phrasis_0001106__eu-es__forward,FORWARD_ENTAILMENT
dico_phrasis_0001106__eu-es__reverse,FORWARD_ENTAILMENT
dico_phrasis_0001132__en-es__forward,FORWARD_ENTAILMENT
dico_phrasis_0001132__en-es__reverse,FORWARD_ENTAILMENT
dico_phrasis_0001132__en-eu__forward,FORWARD_ENTAILMENT
dico_phrasis_0001132__en-eu__reverse,FORWARD_ENTAILMENT
dico_phrasis_0001132__es-en__forward,FORWARD_ENTAILMENT
dico_phrasis_0001132__es-en__reverse,FORWARD_ENTAILMENT
dico_phrasis_0001132__es-eu__forward,FORWARD_ENTAILMENT
dico_phrasis_0001132__es-eu__reverse,FORWARD_ENTAILMENT
dico_phrasis_0001132__eu-en__forward,FORWARD_ENTAILMENT
dico_phrasis_0001132__eu-en__reverse,FORWARD_ENTAILMENT
dico_phrasis_0001132__eu-es__forward,FORWARD_ENTAILMENT
dico_phrasis_0001132__eu-es__reverse,FORWARD_ENTAILMENT
dico_phrasis_0001133__en-es__forward,FORWARD_ENTAILMENT
dico_phrasis_0001133__en-es__reverse,FORWARD_ENTAILMENT
dico_phrasis_0001133__en-eu__forward,FORWARD_ENTAILMENT
dico_phrasis_0001133__en-eu__reverse,FORWARD_ENTAILMENT
dico_phrasis_0001133__es-en__forward,FORWARD_ENTAILMENT
dico_phrasis_0001133__es-en__reverse,FORWARD_ENTAILMENT
dico_phrasis_0001133__es-eu__forward,FORWARD_ENTAILMENT
dico_phrasis_0001133__es-eu__reverse,FORWARD_ENTAILMENT
dico_phrasis_0001133__eu-en__forward,FORWARD_ENTAILMENT
dico_phrasis_0001133__eu-en__reverse,FORWARD_ENTAILMENT
dico_phrasis_0001133__eu-es__forward,FORWARD_ENTAILMENT
dico_phrasis_0001133__eu-es__reverse,FORWARD_ENTAILMENT
dico_phrasis_0001134__en-es__forward,FORWARD_ENTAILMENT
dico_phrasis_0001134__en-es__reverse,FORWARD_ENTAILMENT
dico_phrasis_0001134__en-eu__forward,FORWARD_ENTAILMENT
dico_phrasis_0001134__en-eu__reverse,FORWARD_ENTAILMENT
dico_phrasis_0001134__es-en__forward,FORWARD_ENTAILMENT
dico_phrasis_0001134__es-en__reverse,FORWARD_ENTAILMENT
dico_phrasis_0001134__es-eu__forward,FORWARD_ENTAILMENT
dico_phrasis_0001134__es-eu__reverse,FORWARD_ENTAILMENT
dico_phrasis_0001134__eu-en__forward,FORWARD_ENTAILMENT
dico_phrasis_0001134__eu-en__reverse,FORWARD_ENTAILMENT
dico_phrasis_0001134__eu-es__forward,FORWARD_ENTAILMENT
dico_phrasis_0001134__eu-es__reverse,FORWARD_ENTAILMENT
dico_phrasis_0001143__en-es__forward,FORWARD_ENTAILMENT
dico_phrasis_0001143__en-es__reverse,FORWARD_ENTAILMENT
dico_phrasis_0001143__en-eu__forward,FORWARD_ENTAILMENT
dico_phrasis_0001143__en-eu__reverse,FORWARD_ENTAILMENT
dico_phrasis_0001143__es-en__forward,FORWARD_ENTAILMENT
dico_phrasis_0001143__es-en__reverse,FORWARD_ENTAILMENT
dico_phrasis_0001143__es-eu__forward,FORWARD_ENTAILMENT
dico_phrasis_0001143__es-eu__reverse,FORWARD_ENTAILMENT
dico_phrasis_0001143__eu-en__forward,FORWARD_ENTAILMENT
dico_phrasis_0001143__eu-en__reverse,FORWARD_ENTAILMENT
dico_phrasis_0001143__eu-es__forward,FORWARD_ENTAILMENT
dico_phrasis_0001143__eu-es__reverse,FORWARD_ENTAILMENT
dico_phrasis_0001146__en-es__forward,FORWARD_ENTAILMENT
dico_phrasis_0001146__en-es__reverse,FORWARD_ENTAILMENT
dico_phrasis_0001146__en-eu__forward,FORWARD_ENTAILMENT
dico_phrasis_0001146__en-eu__reverse,FORWARD_ENTAILMENT
dico_phrasis_0001146__es-en__forward,FORWARD_ENTAILMENT
dico_phrasis_0001146__es-en__reverse,FORWARD_ENTAILMENT
dico_phrasis_0001146__es-eu__forward,FORWARD_ENTAILMENT
dico_phrasis_0001146__es-eu__reverse,FORWARD_ENTAILMENT
dico_phrasis_0001146__eu-en__forward,FORWARD_ENTAILMENT
dico_phrasis_0001146__eu-en__reverse,FORWARD_ENTAILMENT
dico_phrasis_0001146__eu-es__forward,FORWARD_ENTAILMENT
dico_phrasis_0001146__eu-es__reverse,FORWARD_ENTAILMENT
dico_phrasis_0001147__en-es__forward,FORWARD_ENTAILMENT
dico_phrasis_0001147__en-es__reverse,FORWARD_ENTAILMENT
dico_phrasis_0001147__en-eu__forward,FORWARD_ENTAILMENT
dico_phrasis_0001147__en-eu__reverse,FORWARD_ENTAILMENT
dico_phrasis_0001147__es-en__forward,FORWARD_ENTAILMENT
dico_phrasis_0001147__es-en__reverse,FORWARD_ENTAILMENT
dico_phrasis_0001147__es-eu__forward,FORWARD_ENTAILMENT
dico_phrasis_0001147__es-eu__reverse,FORWARD_ENTAILMENT
dico_phrasis_0001147__eu-en__forward,FORWARD_ENTAILMENT
dico_phrasis_0001147__eu-en__reverse,FORWARD_ENTAILMENT
dico_phrasis_0001147__eu-es__forward,FORWARD_ENTAILMENT
dico_phrasis_0001147__eu-es__reverse,FORWARD_ENTAILMENT
dico_phrasis_0001173__en-es__forward,FORWARD_ENTAILMENT
dico_phrasis_0001173__en-es__reverse,FORWARD_ENTAILMENT
dico_phrasis_0001173__en-eu__forward,FORWARD_ENTAILMENT
dico_phrasis_0001173__en-eu__reverse,FORWARD_ENTAILMENT
dico_phrasis_0001173__es-en__forward,FORWARD_ENTAILMENT
dico_phrasis_0001173__es-en__reverse,FORWARD_ENTAILMENT
dico_phrasis_0001173__es-eu__forward,FORWARD_ENTAILMENT
dico_phrasis_0001173__es-eu__reverse,FORWARD_ENTAILMENT
dico_phrasis_0001173__eu-en__forward,FORWARD_ENTAILMENT
dico_phrasis_0001173__eu-en__reverse,FORWARD_ENTAILMENT
dico_phrasis_0001173__eu-es__forward,FORWARD_ENTAILMENT
dico_phrasis_0001173__eu-es__reverse,FORWARD_ENTAILMENT
dico_phrasis_0001176__en-es__forward,FORWARD_ENTAILMENT
dico_phrasis_0001176__en-es__reverse,FORWARD_ENTAILMENT
dico_phrasis_0001176__en-eu__forward,FORWARD_ENTAILMENT
dico_phrasis_0001176__en-eu__reverse,FORWARD_ENTAILMENT
dico_phrasis_0001176__es-en__forward,FORWARD_ENTAILMENT
dico_phrasis_0001176__es-en__reverse,FORWARD_ENTAILMENT
dico_phrasis_0001176__es-eu__forward,FORWARD_ENTAILMENT
dico_phrasis_0001176__es-eu__reverse,FORWARD_ENTAILMENT
dico_phrasis_0001176__eu-en__forward,FORWARD_ENTAILMENT
dico_phrasis_0001176__eu-en__reverse,FORWARD_ENTAILMENT
dico_phrasis_0001176__eu-es__forward,FORWARD_ENTAILMENT
dico_phrasis_0001176__eu-es__reverse,FORWARD_ENTAILMENT
dico_phrasis_0001185__en-es__forward,FORWARD_ENTAILMENT
dico_phrasis_0001185__en-es__reverse,FORWARD_ENTAILMENT
dico_phrasis_0001185__en-eu__forward,FORWARD_ENTAILMENT
dico_phrasis_0001185__en-eu__reverse,FORWARD_ENTAILMENT
dico_phrasis_0001185__es-en__forward,FORWARD_ENTAILMENT
dico_phrasis_0001185__es-en__reverse,FORWARD_ENTAILMENT
dico_phrasis_0001185__es-eu__forward,FORWARD_ENTAILMENT
dico_phrasis_0001185__es-eu__reverse,FORWARD_ENTAILMENT
dico_phrasis_0001185__eu-en__forward,FORWARD_ENTAILMENT
dico_phrasis_0001185__eu-en__reverse,FORWARD_ENTAILMENT
dico_phrasis_0001185__eu-es__forward,FORWARD_ENTAILMENT
dico_phrasis_0001185__eu-es__reverse,FORWARD_ENTAILMENT
dico_phrasis_0001186__en-es__forward,FORWARD_ENTAILMENT
dico_phrasis_0001186__en-es__reverse,FORWARD_ENTAILMENT
dico_phrasis_0001186__en-eu__forward,FORWARD_ENTAILMENT
dico_phrasis_0001186__en-eu__reverse,FORWARD_ENTAILMENT
dico_phrasis_0001186__es-en__forward,FORWARD_ENTAILMENT
dico_phrasis_0001186__es-en__reverse,FORWARD_ENTAILMENT
dico_phrasis_0001186__es-eu__forward,FORWARD_ENTAILMENT
dico_phrasis_0001186__es-eu__reverse,FORWARD_ENTAILMENT
dico_phrasis_0001186__eu-en__forward,FORWARD_ENTAILMENT
dico_phrasis_0001186__eu-en__reverse,FORWARD_ENTAILMENT
dico_phrasis_0001186__eu-es__forward,FORWARD_ENTAILMENT
dico_phrasis_0001186__eu-es__reverse,FORWARD_ENTAILMENT
dico_phrasis_0001217__en-es__forward,FORWARD_ENTAILMENT
dico_phrasis_0001217__en-es__reverse,FORWARD_ENTAILMENT
dico_phrasis_0001217__en-eu__forward,FORWARD_ENTAILMENT
dico_phrasis_0001217__en-eu__reverse,FORWARD_ENTAILMENT
dico_phrasis_0001217__es-en__forward,FORWARD_ENTAILMENT
dico_phrasis_0001217__es-en__reverse,FORWARD_ENTAILMENT
dico_phrasis_0001217__es-eu__forward,FORWARD_ENTAILMENT
dico_phrasis_0001217__es-eu__reverse,FORWARD_ENTAILMENT
dico_phrasis_0001217__eu-en__forward,FORWARD_ENTAILMENT
dico_phrasis_0001217__eu-en__reverse,FORWARD_ENTAILMENT
dico_phrasis_0001217__eu-es__forward,FORWARD_ENTAILMENT
dico_phrasis_0001217__eu-es__reverse,FORWARD_ENTAILMENT
dico_phrasis_0001219__en-es__forward,FORWARD_ENTAILMENT
dico_phrasis_0001219__en-es__reverse,FORWARD_ENTAILMENT
dico_phrasis_0001219__en-eu__forward,FORWARD_ENTAILMENT
dico_phrasis_0001219__en-eu__reverse,FORWARD_ENTAILMENT
dico_phrasis_0001219__es-en__forward,FORWARD_ENTAILMENT
dico_phrasis_0001219__es-en__reverse,FORWARD_ENTAILMENT
dico_phrasis_0001219__es-eu__forward,FORWARD_ENTAILMENT
dico_phrasis_0001219__es-eu__reverse,FORWARD_ENTAILMENT
dico_phrasis_0001219__eu-en__forward,FORWARD_ENTAILMENT
dico_phrasis_0001219__eu-en__reverse,FORWARD_ENTAILMENT
dico_phrasis_0001219__eu-es__forward,FORWARD_ENTAILMENT
dico_phrasis_0001219__eu-es__reverse,FORWARD_ENTAILMENT
dico_phrasis_0001227__en-es__forward,FORWARD_ENTAILMENT
dico_phrasis_0001227__en-es__reverse,FORWARD_ENTAILMENT
dico_phrasis_0001227__en-eu__forward,FORWARD_ENTAILMENT
dico_phrasis_0001227__en-eu__reverse,FORWARD_ENTAILMENT
dico_phrasis_0001227__es-en__forward,FORWARD_ENTAILMENT
dico_phrasis_0001227__es-en__reverse,FORWARD_ENTAILMENT
dico_phrasis_0001227__es-eu__forward,FORWARD_ENTAILMENT
dico_phrasis_0001227__es-eu__reverse,FORWARD_ENTAILMENT
dico_phrasis_0001227__eu-en__forward,FORWARD_ENTAILMENT
dico_phrasis_0001227__eu-en__reverse,FORWARD_ENTAILMENT
dico_phrasis_0001227__eu-es__forward,FORWARD_ENTAILMENT
dico_phrasis_0001227__eu-es__reverse,FORWARD_ENTAILMENT
dico_phrasis_0001233__en-es__forward,FORWARD_ENTAILMENT
dico_phrasis_0001233__en-es__reverse,FORWARD_ENTAILMENT
dico_phrasis_0001233__en-eu__forward,FORWARD_ENTAILMENT
dico_phrasis_0001233__en-eu__reverse,FORWARD_ENTAILMENT
dico_phrasis_0001233__es-en__forward,FORWARD_ENTAILMENT
dico_phrasis_0001233__es-en__reverse,FORWARD_ENTAILMENT
dico_phrasis_0001233__es-eu__forward,FORWARD_ENTAILMENT
dico_phrasis_0001233__es-eu__reverse,FORWARD_ENTAILMENT
dico_phrasis_0001233__eu-en__forward,FORWARD_ENTAILMENT
dico_phrasis_0001233__eu-en__reverse,FORWARD_ENTAILMENT
dico_phrasis_0001233__eu-es__forward,FORWARD_ENTAILMENT
dico_phrasis_0001233__eu-es__reverse,FORWARD_ENTAILMENT
dico_phrasis_0001240__en-es__forward,FORWARD_ENTAILMENT
dico_phrasis_0001240__en-es__reverse,FORWARD_ENTAILMENT
dico_phrasis_0001240__en-eu__forward,FORWARD_ENTAILMENT
dico_phrasis_0001240__en-eu__reverse,FORWARD_ENTAILMENT
dico_phrasis_0001240__es-en__forward,FORWARD_ENTAILMENT
dico_phrasis_0001240__es-en__reverse,FORWARD_ENTAILMENT
dico_phrasis_0001240__es-eu__forward,FORWARD_ENTAILMENT
dico_phrasis_0001240__es-eu__reverse,FORWARD_ENTAILMENT
dico_phrasis_0001240__eu-en__forward,FORWARD_ENTAILMENT
dico_phrasis_0001240__eu-en__reverse,FORWARD_ENTAILMENT
dico_phrasis_0001240__eu-es__forward,FORWARD_ENTAILMENT
dico_phrasis_0001240__eu-es__reverse,FORWARD_ENTAILMENT
dico_phrasis_0001253__en-es__forward,FORWARD_ENTAILMENT
dico_phrasis_0001253__en-es__reverse,FORWARD_ENTAILMENT
dico_phrasis_0001253__en-eu__forward,FORWARD_ENTAILMENT
dico_phrasis_0001253__en-eu__reverse,FORWARD_ENTAILMENT
dico_phrasis_0001253__es-en__forward,FORWARD_ENTAILMENT
dico_phrasis_0001253__es-en__reverse,FORWARD_ENTAILMENT
dico_phrasis_0001253__es-eu__forward,FORWARD_ENTAILMENT
dico_phrasis_0001253__es-eu__reverse,FORWARD_ENTAILMENT
dico_phrasis_0001253__eu-en__forward,FORWARD_ENTAILMENT
dico_phrasis_0001253__eu-en__reverse,FORWARD_ENTAILMENT
dico_phrasis_0001253__eu-es__forward,FORWARD_ENTAILMENT
dico_phrasis_0001253__eu-es__reverse,FORWARD_ENTAILMENT
dico_phrasis_0001261__en-es__forward,FORWARD_ENTAILMENT
dico_phrasis_0001261__en-es__reverse,FORWARD_ENTAILMENT
dico_phrasis_0001261__en-eu__forward,FORWARD_ENTAILMENT
dico_phrasis_0001261__en-eu__reverse,FORWARD_ENTAILMENT
dico_phrasis_0001261__es-en__forward,FORWARD_ENTAILMENT
dico_phrasis_0001261__es-en__reverse,FORWARD_ENTAILMENT
dico_phrasis_0001261__es-eu__forward,FORWARD_ENTAILMENT
dico_phrasis_0001261__es-eu__reverse,FORWARD_ENTAILMENT
dico_phrasis_0001261__eu-en__forward,FORWARD_ENTAILMENT
dico_phrasis_0001261__eu-en__reverse,FORWARD_ENTAILMENT
dico_phrasis_0001261__eu-es__forward,FORWARD_ENTAILMENT
dico_phrasis_0001261__eu-es__reverse,FORWARD_ENTAILMENT
dico_phrasis_0001278__en-es__forward,FORWARD_ENTAILMENT
dico_phrasis_0001278__en-es__reverse,FORWARD_ENTAILMENT
dico_phrasis_0001278__en-eu__forward,FORWARD_ENTAILMENT
dico_phrasis_0001278__en-eu__reverse,FORWARD_ENTAILMENT
dico_phrasis_0001278__es-en__forward,FORWARD_ENTAILMENT
dico_phrasis_0001278__es-en__reverse,FORWARD_ENTAILMENT
dico_phrasis_0001278__es-eu__forward,FORWARD_ENTAILMENT
dico_phrasis_0001278__es-eu__reverse,FORWARD_ENTAILMENT
dico_phrasis_0001278__eu-en__forward,FORWARD_ENTAILMENT
dico_phrasis_0001278__eu-en__reverse,FORWARD_ENTAILMENT
dico_phrasis_0001278__eu-es__forward,FORWARD_ENTAILMENT
dico_phrasis_0001278__eu-es__reverse,FORWARD_ENTAILMENT
dico_phrasis_0001279__en-es__forward,FORWARD_ENTAILMENT
dico_phrasis_0001279__en-es__reverse,FORWARD_ENTAILMENT
dico_phrasis_0001279__en-eu__forward,FORWARD_ENTAILMENT
dico_phrasis_0001279__en-eu__reverse,FORWARD_ENTAILMENT
dico_phrasis_0001279__es-en__forward,FORWARD_ENTAILMENT
dico_phrasis_0001279__es-en__reverse,FORWARD_ENTAILMENT
dico_phrasis_0001279__es-eu__forward,FORWARD_ENTAILMENT
dico_phrasis_0001279__es-eu__reverse,FORWARD_ENTAILMENT
dico_phrasis_0001279__eu-en__forward,FORWARD_ENTAILMENT
dico_phrasis_0001279__eu-en__reverse,FORWARD_ENTAILMENT
dico_phrasis_0001279__eu-es__forward,FORWARD_ENTAILMENT
dico_phrasis_0001279__eu-es__reverse,FORWARD_ENTAILMENT
dico_phrasis_0001295__en-es__forward,FORWARD_ENTAILMENT
dico_phrasis_0001295__en-es__reverse,FORWARD_ENTAILMENT
dico_phrasis_0001295__en-eu__forward,FORWARD_ENTAILMENT
dico_phrasis_0001295__en-eu__reverse,FORWARD_ENTAILMENT
dico_phrasis_0001295__es-en__forward,FORWARD_ENTAILMENT
dico_phrasis_0001295__es-en__reverse,FORWARD_ENTAILMENT
dico_phrasis_0001295__es-eu__forward,FORWARD_ENTAILMENT
dico_phrasis_0001295__es-eu__reverse,FORWARD_ENTAILMENT
dico_phrasis_0001295__eu-en__forward,FORWARD_ENTAILMENT
dico_phrasis_0001295__eu-en__reverse,FORWARD_ENTAILMENT
dico_phrasis_0001295__eu-es__forward,FORWARD_ENTAILMENT
dico_phrasis_0001295__eu-es__reverse,FORWARD_ENTAILMENT
dico_phrasis_0001306__en-es__forward,FORWARD_ENTAILMENT
dico_phrasis_0001306__en-es__reverse,FORWARD_ENTAILMENT
dico_phrasis_0001306__en-eu__forward,FORWARD_ENTAILMENT
dico_phrasis_0001306__en-eu__reverse,FORWARD_ENTAILMENT
dico_phrasis_0001306__es-en__forward,FORWARD_ENTAILMENT
dico_phrasis_0001306__es-en__reverse,FORWARD_ENTAILMENT
dico_phrasis_0001306__es-eu__forward,FORWARD_ENTAILMENT
dico_phrasis_0001306__es-eu__reverse,FORWARD_ENTAILMENT
dico_phrasis_0001306__eu-en__forward,FORWARD_ENTAILMENT
dico_phrasis_0001306__eu-en__reverse,FORWARD_ENTAILMENT
dico_phrasis_0001306__eu-es__forward,FORWARD_ENTAILMENT
dico_phrasis_0001306__eu-es__reverse,FORWARD_ENTAILMENT
dico_phrasis_0001315__en-es__forward,FORWARD_ENTAILMENT
dico_phrasis_0001315__en-es__reverse,FORWARD_ENTAILMENT
dico_phrasis_0001315__en-eu__forward,FORWARD_ENTAILMENT
dico_phrasis_0001315__en-eu__reverse,FORWARD_ENTAILMENT
dico_phrasis_0001315__es-en__forward,FORWARD_ENTAILMENT
dico_phrasis_0001315__es-en__reverse,FORWARD_ENTAILMENT
dico_phrasis_0001315__es-eu__forward,FORWARD_ENTAILMENT
dico_phrasis_0001315__es-eu__reverse,FORWARD_ENTAILMENT
dico_phrasis_0001315__eu-en__forward,FORWARD_ENTAILMENT
dico_phrasis_0001315__eu-en__reverse,FORWARD_ENTAILMENT
dico_phrasis_0001315__eu-es__forward,FORWARD_ENTAILMENT
dico_phrasis_0001315__eu-es__reverse,FORWARD_ENTAILMENT
dico_phrasis_0001323__en-es__forward,FORWARD_ENTAILMENT
dico_phrasis_0001323__en-es__reverse,FORWARD_ENTAILMENT
dico_phrasis_0001323__en-eu__forward,FORWARD_ENTAILMENT
dico_phrasis_0001323__en-eu__reverse,FORWARD_ENTAILMENT
dico_phrasis_0001323__es-en__forward,FORWARD_ENTAILMENT
dico_phrasis_0001323__es-en__reverse,FORWARD_ENTAILMENT
dico_phrasis_0001323__es-eu__forward,FORWARD_ENTAILMENT
dico_phrasis_0001323__es-eu__reverse,FORWARD_ENTAILMENT
dico_phrasis_0001323__eu-en__forward,FORWARD_ENTAILMENT
dico_phrasis_0001323__eu-en__reverse,FORWARD_ENTAILMENT
dico_phrasis_0001323__eu-es__forward,FORWARD_ENTAILMENT
dico_phrasis_0001323__eu-es__reverse,FORWARD_ENTAILMENT
dico_phrasis_0001327__en-es__forward,FORWARD_ENTAILMENT
dico_phrasis_0001327__en-es__reverse,FORWARD_ENTAILMENT
dico_phrasis_0001327__en-eu__forward,FORWARD_ENTAILMENT
dico_phrasis_0001327__en-eu__reverse,FORWARD_ENTAILMENT
dico_phrasis_0001327__es-en__forward,FORWARD_ENTAILMENT
dico_phrasis_0001327__es-en__reverse,FORWARD_ENTAILMENT
dico_phrasis_0001327__es-eu__forward,FORWARD_ENTAILMENT
dico_phrasis_0001327__es-eu__reverse,FORWARD_ENTAILMENT
dico_phrasis_0001327__eu-en__forward,FORWARD_ENTAILMENT
dico_phrasis_0001327__eu-en__reverse,FORWARD_ENTAILMENT
dico_phrasis_0001327__eu-es__forward,FORWARD_ENTAILMENT
dico_phrasis_0001327__eu-es__reverse,FORWARD_ENTAILMENT
dico_phrasis_0001328__en-es__forward,FORWARD_ENTAILMENT
dico_phrasis_0001328__en-es__reverse,FORWARD_ENTAILMENT
dico_phrasis_0001328__en-eu__forward,FORWARD_ENTAILMENT
dico_phrasis_0001328__en-eu__reverse,FORWARD_ENTAILMENT
dico_phrasis_0001328__es-en__forward,FORWARD_ENTAILMENT
dico_phrasis_0001328__es-en__reverse,FORWARD_ENTAILMENT
dico_phrasis_0001328__es-eu__forward,FORWARD_ENTAILMENT
dico_phrasis_0001328__es-eu__reverse,FORWARD_ENTAILMENT
dico_phrasis_0001328__eu-en__forward,FORWARD_ENTAILMENT
dico_phrasis_0001328__eu-en__reverse,FORWARD_ENTAILMENT
dico_phrasis_0001328__eu-es__forward,FORWARD_ENTAILMENT
dico_phrasis_0001328__eu-es__reverse,FORWARD_ENTAILMENT
dico_phrasis_0001330__en-es__forward,FORWARD_ENTAILMENT
dico_phrasis_0001330__en-es__reverse,FORWARD_ENTAILMENT
dico_phrasis_0001330__en-eu__forward,FORWARD_ENTAILMENT
dico_phrasis_0001330__en-eu__reverse,FORWARD_ENTAILMENT
dico_phrasis_0001330__es-en__forward,FORWARD_ENTAILMENT
dico_phrasis_0001330__es-en__reverse,FORWARD_ENTAILMENT
dico_phrasis_0001330__es-eu__forward,FORWARD_ENTAILMENT
dico_phrasis_0001330__es-eu__reverse,FORWARD_ENTAILMENT
dico_phrasis_0001330__eu-en__forward,FORWARD_ENTAILMENT
dico_phrasis_0001330__eu-en__reverse,FORWARD_ENTAILMENT
dico_phrasis_0001330__eu-es__forward,FORWARD_ENTAILMENT
dico_phrasis_0001330__eu-es__reverse,FORWARD_ENTAILMENT
dico_phrasis_0001334__en-es__forward,FORWARD_ENTAILMENT
dico_phrasis_0001334__en-es__reverse,FORWARD_ENTAILMENT
dico_phrasis_0001334__en-eu__forward,FORWARD_ENTAILMENT
dico_phrasis_0001334__en-eu__reverse,FORWARD_ENTAILMENT
dico_phrasis_0001334__es-en__forward,FORWARD_ENTAILMENT
dico_phrasis_0001334__es-en__reverse,FORWARD_ENTAILMENT
dico_phrasis_0001334__es-eu__forward,FORWARD_ENTAILMENT
dico_phrasis_0001334__es-eu__reverse,FORWARD_ENTAILMENT
dico_phrasis_0001334__eu-en__forward,FORWARD_ENTAILMENT
dico_phrasis_0001334__eu-en__reverse,FORWARD_ENTAILMENT
dico_phrasis_0001334__eu-es__forward,FORWARD_ENTAILMENT
dico_phrasis_0001334__eu-es__reverse,FORWARD_ENTAILMENT
dico_phrasis_0001337__en-es__forward,FORWARD_ENTAILMENT
dico_phrasis_0001337__en-es__reverse,FORWARD_ENTAILMENT
dico_phrasis_0001337__en-eu__forward,FORWARD_ENTAILMENT
dico_phrasis_0001337__en-eu__reverse,FORWARD_ENTAILMENT
dico_phrasis_0001337__es-en__forward,FORWARD_ENTAILMENT
dico_phrasis_0001337__es-en__reverse,FORWARD_ENTAILMENT
dico_phrasis_0001337__es-eu__forward,FORWARD_ENTAILMENT
dico_phrasis_0001337__es-eu__reverse,FORWARD_ENTAILMENT
dico_phrasis_0001337__eu-en__forward,FORWARD_ENTAILMENT
dico_phrasis_0001337__eu-en__reverse,FORWARD_ENTAILMENT
dico_phrasis_0001337__eu-es__forward,FORWARD_ENTAILMENT
dico_phrasis_0001337__eu-es__reverse,FORWARD_ENTAILMENT
dico_phrasis_0001352__en-es__forward,FORWARD_ENTAILMENT
dico_phrasis_0001352__en-es__reverse,FORWARD_ENTAILMENT
dico_phrasis_0001352__en-eu__forward,FORWARD_ENTAILMENT
dico_phrasis_0001352__en-eu__reverse,FORWARD_ENTAILMENT
dico_phrasis_0001352__es-en__forward,FORWARD_ENTAILMENT
dico_phrasis_0001352__es-en__reverse,FORWARD_ENTAILMENT
dico_phrasis_0001352__es-eu__forward,FORWARD_ENTAILMENT
dico_phrasis_0001352__es-eu__reverse,FORWARD_ENTAILMENT
dico_phrasis_0001352__eu-en__forward,FORWARD_ENTAILMENT
dico_phrasis_0001352__eu-en__reverse,FORWARD_ENTAILMENT
dico_phrasis_0001352__eu-es__forward,FORWARD_ENTAILMENT
dico_phrasis_0001352__eu-es__reverse,FORWARD_ENTAILMENT
dico_phrasis_0001359__en-es__forward,FORWARD_ENTAILMENT
dico_phrasis_0001359__en-es__reverse,FORWARD_ENTAILMENT
dico_phrasis_0001359__en-eu__forward,FORWARD_ENTAILMENT
dico_phrasis_0001359__en-eu__reverse,FORWARD_ENTAILMENT
dico_phrasis_0001359__es-en__forward,FORWARD_ENTAILMENT
dico_phrasis_0001359__es-en__reverse,FORWARD_ENTAILMENT
dico_phrasis_0001359__es-eu__forward,FORWARD_ENTAILMENT
dico_phrasis_0001359__es-eu__reverse,FORWARD_ENTAILMENT
dico_phrasis_0001359__eu-en__forward,FORWARD_ENTAILMENT
dico_phrasis_0001359__eu-en__reverse,FORWARD_ENTAILMENT
dico_phrasis_0001359__eu-es__forward,FORWARD_ENTAILMENT
dico_phrasis_0001359__eu-es__reverse,FORWARD_ENTAILMENT
dico_phrasis_0001361__en-es__forward,FORWARD_ENTAILMENT
dico_phrasis_0001361__en-es__reverse,FORWARD_ENTAILMENT
dico_phrasis_0001361__en-eu__forward,FORWARD_ENTAILMENT
dico_phrasis_0001361__en-eu__reverse,FORWARD_ENTAILMENT
dico_phrasis_0001361__es-en__forward,FORWARD_ENTAILMENT
dico_phrasis_0001361__es-en__reverse,FORWARD_ENTAILMENT
dico_phrasis_0001361__es-eu__forward,FORWARD_ENTAILMENT
dico_phrasis_0001361__es-eu__reverse,FORWARD_ENTAILMENT
dico_phrasis_0001361__eu-en__forward,FORWARD_ENTAILMENT
dico_phrasis_0001361__eu-en__reverse,FORWARD_ENTAILMENT
dico_phrasis_0001361__eu-es__forward,FORWARD_ENTAILMENT
dico_phrasis_0001361__eu-es__reverse,FORWARD_ENTAILMENT
dico_phrasis_0001366__en-es__forward,FORWARD_ENTAILMENT
dico_phrasis_0001366__en-es__reverse,FORWARD_ENTAILMENT
dico_phrasis_0001366__en-eu__forward,FORWARD_ENTAILMENT
dico_phrasis_0001366__en-eu__reverse,FORWARD_ENTAILMENT
dico_phrasis_0001366__es-en__forward,FORWARD_ENTAILMENT
dico_phrasis_0001366__es-en__reverse,FORWARD_ENTAILMENT
dico_phrasis_0001366__es-eu__forward,FORWARD_ENTAILMENT
dico_phrasis_0001366__es-eu__reverse,FORWARD_ENTAILMENT
dico_phrasis_0001366__eu-en__forward,FORWARD_ENTAILMENT
dico_phrasis_0001366__eu-en__reverse,FORWARD_ENTAILMENT
dico_phrasis_0001366__eu-es__forward,FORWARD_ENTAILMENT
dico_phrasis_0001366__eu-es__reverse,FORWARD_ENTAILMENT
dico_phrasis_0001377__en-es__forward,FORWARD_ENTAILMENT
dico_phrasis_0001377__en-es__reverse,FORWARD_ENTAILMENT
dico_phrasis_0001377__en-eu__forward,FORWARD_ENTAILMENT
dico_phrasis_0001377__en-eu__reverse,FORWARD_ENTAILMENT
dico_phrasis_0001377__es-en__forward,FORWARD_ENTAILMENT
dico_phrasis_0001377__es-en__reverse,FORWARD_ENTAILMENT
dico_phrasis_0001377__es-eu__forward,FORWARD_ENTAILMENT
dico_phrasis_0001377__es-eu__reverse,FORWARD_ENTAILMENT
dico_phrasis_0001377__eu-en__forward,FORWARD_ENTAILMENT
dico_phrasis_0001377__eu-en__reverse,FORWARD_ENTAILMENT
dico_phrasis_0001377__eu-es__forward,FORWARD_ENTAILMENT
dico_phrasis_0001377__eu-es__reverse,FORWARD_ENTAILMENT
dico_phrasis_0001378__en-es__forward,FORWARD_ENTAILMENT
dico_phrasis_0001378__en-es__reverse,FORWARD_ENTAILMENT
dico_phrasis_0001378__en-eu__forward,FORWARD_ENTAILMENT
dico_phrasis_0001378__en-eu__reverse,FORWARD_ENTAILMENT
dico_phrasis_0001378__es-en__forward,FORWARD_ENTAILMENT
dico_phrasis_0001378__es-en__reverse,FORWARD_ENTAILMENT
dico_phrasis_0001378__es-eu__forward,FORWARD_ENTAILMENT
dico_phrasis_0001378__es-eu__reverse,FORWARD_ENTAILMENT
dico_phrasis_0001378__eu-en__forward,FORWARD_ENTAILMENT
dico_phrasis_0001378__eu-en__reverse,FORWARD_ENTAILMENT
dico_phrasis_0001378__eu-es__forward,FORWARD_ENTAILMENT
dico_phrasis_0001378__eu-es__reverse,FORWARD_ENTAILMENT
dico_phrasis_0001379__en-es__forward,FORWARD_ENTAILMENT
dico_phrasis_0001379__en-es__reverse,FORWARD_ENTAILMENT
dico_phrasis_0001379__en-eu__forward,FORWARD_ENTAILMENT
dico_phrasis_0001379__en-eu__reverse,FORWARD_ENTAILMENT
dico_phrasis_0001379__es-en__forward,FORWARD_ENTAILMENT
dico_phrasis_0001379__es-en__reverse,FORWARD_ENTAILMENT
dico_phrasis_0001379__es-eu__forward,FORWARD_ENTAILMENT
dico_phrasis_0001379__es-eu__reverse,FORWARD_ENTAILMENT
dico_phrasis_0001379__eu-en__forward,FORWARD_ENTAILMENT
dico_phrasis_0001379__eu-en__reverse,FORWARD_ENTAILMENT
dico_phrasis_0001379__eu-es__forward,FORWARD_ENTAILMENT
dico_phrasis_0001379__eu-es__reverse,FORWARD_ENTAILMENT
dico_phrasis_0001381__en-es__forward,FORWARD_ENTAILMENT
dico_phrasis_0001381__en-es__reverse,FORWARD_ENTAILMENT
dico_phrasis_0001381__en-eu__forward,FORWARD_ENTAILMENT
dico_phrasis_0001381__en-eu__reverse,FORWARD_ENTAILMENT
dico_phrasis_0001381__es-en__forward,FORWARD_ENTAILMENT
dico_phrasis_0001381__es-en__reverse,FORWARD_ENTAILMENT
dico_phrasis_0001381__es-eu__forward,FORWARD_ENTAILMENT
dico_phrasis_0001381__es-eu__reverse,FORWARD_ENTAILMENT
dico_phrasis_0001381__eu-en__forward,FORWARD_ENTAILMENT
dico_phrasis_0001381__eu-en__reverse,FORWARD_ENTAILMENT
dico_phrasis_0001381__eu-es__forward,FORWARD_ENTAILMENT
dico_phrasis_0001381__eu-es__reverse,FORWARD_ENTAILMENT
dico_phrasis_0001387__en-es__forward,FORWARD_ENTAILMENT
dico_phrasis_0001387__en-es__reverse,FORWARD_ENTAILMENT
dico_phrasis_0001387__en-eu__forward,FORWARD_ENTAILMENT
dico_phrasis_0001387__en-eu__reverse,FORWARD_ENTAILMENT
dico_phrasis_0001387__es-en__forward,FORWARD_ENTAILMENT
dico_phrasis_0001387__es-en__reverse,FORWARD_ENTAILMENT
dico_phrasis_0001387__es-eu__forward,FORWARD_ENTAILMENT
dico_phrasis_0001387__es-eu__reverse,FORWARD_ENTAILMENT
dico_phrasis_0001387__eu-en__forward,FORWARD_ENTAILMENT
dico_phrasis_0001387__eu-en__reverse,FORWARD_ENTAILMENT
dico_phrasis_0001387__eu-es__forward,FORWARD_ENTAILMENT
dico_phrasis_0001387__eu-es__reverse,FORWARD_ENTAILMENT
dico_phrasis_0001389__en-es__forward,FORWARD_ENTAILMENT
dico_phrasis_0001389__en-es__reverse,FORWARD_ENTAILMENT
dico_phrasis_0001389__en-eu__forward,FORWARD_ENTAILMENT
dico_phrasis_0001389__en-eu__reverse,FORWARD_ENTAILMENT
dico_phrasis_0001389__es-en__forward,FORWARD_ENTAILMENT
dico_phrasis_0001389__es-en__reverse,FORWARD_ENTAILMENT
dico_phrasis_0001389__es-eu__forward,FORWARD_ENTAILMENT
dico_phrasis_0001389__es-eu__reverse,FORWARD_ENTAILMENT
dico_phrasis_0001389__eu-en__forward,FORWARD_ENTAILMENT
dico_phrasis_0001389__eu-en__reverse,FORWARD_ENTAILMENT
dico_phrasis_0001389__eu-es__forward,FORWARD_ENTAILMENT
dico_phrasis_0001389__eu-es__reverse,FORWARD_ENTAILMENT
dico_phrasis_0001404__en-es__forward,FORWARD_ENTAILMENT
dico_phrasis_0001404__en-es__reverse,FORWARD_ENTAILMENT
dico_phrasis_0001404__en-eu__forward,FORWARD_ENTAILMENT
dico_phrasis_0001404__en-eu__reverse,FORWARD_ENTAILMENT
dico_phrasis_0001404__es-en__forward,FORWARD_ENTAILMENT
dico_phrasis_0001404__es-en__reverse,FORWARD_ENTAILMENT
dico_phrasis_0001404__es-eu__forward,FORWARD_ENTAILMENT
dico_phrasis_0001404__es-eu__reverse,FORWARD_ENTAILMENT
dico_phrasis_0001404__eu-en__forward,FORWARD_ENTAILMENT
dico_phrasis_0001404__eu-en__reverse,FORWARD_ENTAILMENT
dico_phrasis_0001404__eu-es__forward,FORWARD_ENTAILMENT
dico_phrasis_0001404__eu-es__reverse,FORWARD_ENTAILMENT
dico_phrasis_0001419__en-es__forward,FORWARD_ENTAILMENT
dico_phrasis_0001419__en-es__reverse,FORWARD_ENTAILMENT
dico_phrasis_0001419__en-eu__forward,FORWARD_ENTAILMENT
dico_phrasis_0001419__en-eu__reverse,FORWARD_ENTAILMENT
dico_phrasis_0001419__es-en__forward,FORWARD_ENTAILMENT
dico_phrasis_0001419__es-en__reverse,FORWARD_ENTAILMENT
dico_phrasis_0001419__es-eu__forward,FORWARD_ENTAILMENT
dico_phrasis_0001419__es-eu__reverse,FORWARD_ENTAILMENT
dico_phrasis_0001419__eu-en__forward,FORWARD_ENTAILMENT
dico_phrasis_0001419__eu-en__reverse,FORWARD_ENTAILMENT
dico_phrasis_0001419__eu-es__forward,FORWARD_ENTAILMENT
dico_phrasis_0001419__eu-es__reverse,FORWARD_ENTAILMENT
dico_phrasis_0001421__en-es__forward,FORWARD_ENTAILMENT
dico_phrasis_0001421__en-es__reverse,FORWARD_ENTAILMENT
dico_phrasis_0001421__en-eu__forward,FORWARD_ENTAILMENT
dico_phrasis_0001421__en-eu__reverse,FORWARD_ENTAILMENT
dico_phrasis_0001421__es-en__forward,FORWARD_ENTAILMENT
dico_phrasis_0001421__es-en__reverse,FORWARD_ENTAILMENT
dico_phrasis_0001421__es-eu__forward,FORWARD_ENTAILMENT
dico_phrasis_0001421__es-eu__reverse,FORWARD_ENTAILMENT
dico_phrasis_0001421__eu-en__forward,FORWARD_ENTAILMENT
dico_phrasis_0001421__eu-en__reverse,FORWARD_ENTAILMENT
dico_phrasis_0001421__eu-es__forward,FORWARD_ENTAILMENT
dico_phrasis_0001421__eu-es__reverse,FORWARD_ENTAILMENT
dico_phrasis_0001422__en-es__forward,FORWARD_ENTAILMENT
dico_phrasis_0001422__en-es__reverse,FORWARD_ENTAILMENT
dico_phrasis_0001422__en-eu__forward,FORWARD_ENTAILMENT
dico_phrasis_0001422__en-eu__reverse,FORWARD_ENTAILMENT
dico_phrasis_0001422__es-en__forward,FORWARD_ENTAILMENT
dico_phrasis_0001422__es-en__reverse,FORWARD_ENTAILMENT
dico_phrasis_0001422__es-eu__forward,FORWARD_ENTAILMENT
dico_phrasis_0001422__es-eu__reverse,FORWARD_ENTAILMENT
dico_phrasis_0001422__eu-en__forward,FORWARD_ENTAILMENT
dico_phrasis_0001422__eu-en__reverse,FORWARD_ENTAILMENT
dico_phrasis_0001422__eu-es__forward,FORWARD_ENTAILMENT
dico_phrasis_0001422__eu-es__reverse,FORWARD_ENTAILMENT
dico_phrasis_0001425__en-es__forward,FORWARD_ENTAILMENT
dico_phrasis_0001425__en-es__reverse,FORWARD_ENTAILMENT
dico_phrasis_0001425__en-eu__forward,FORWARD_ENTAILMENT
dico_phrasis_0001425__en-eu__reverse,FORWARD_ENTAILMENT
dico_phrasis_0001425__es-en__forward,FORWARD_ENTAILMENT
dico_phrasis_0001425__es-en__reverse,FORWARD_ENTAILMENT
dico_phrasis_0001425__es-eu__forward,FORWARD_ENTAILMENT
dico_phrasis_0001425__es-eu__reverse,FORWARD_ENTAILMENT
dico_phrasis_0001425__eu-en__forward,FORWARD_ENTAILMENT
dico_phrasis_0001425__eu-en__reverse,FORWARD_ENTAILMENT
dico_phrasis_0001425__eu-es__forward,FORWARD_ENTAILMENT
dico_phrasis_0001425__eu-es__reverse,FORWARD_ENTAILMENT
dico_phrasis_0001435__en-es__forward,FORWARD_ENTAILMENT
dico_phrasis_0001435__en-es__reverse,FORWARD_ENTAILMENT
dico_phrasis_0001435__en-eu__forward,FORWARD_ENTAILMENT
dico_phrasis_0001435__en-eu__reverse,FORWARD_ENTAILMENT
dico_phrasis_0001435__es-en__forward,FORWARD_ENTAILMENT
dico_phrasis_0001435__es-en__reverse,FORWARD_ENTAILMENT
dico_phrasis_0001435__es-eu__forward,FORWARD_ENTAILMENT
dico_phrasis_0001435__es-eu__reverse,FORWARD_ENTAILMENT
dico_phrasis_0001435__eu-en__forward,FORWARD_ENTAILMENT
dico_phrasis_0001435__eu-en__reverse,FORWARD_ENTAILMENT
dico_phrasis_0001435__eu-es__forward,FORWARD_ENTAILMENT
dico_phrasis_0001435__eu-es__reverse,FORWARD_ENTAILMENT
dico_phrasis_0001438__en-es__forward,FORWARD_ENTAILMENT
dico_phrasis_0001438__en-es__reverse,FORWARD_ENTAILMENT
dico_phrasis_0001438__en-eu__forward,FORWARD_ENTAILMENT
dico_phrasis_0001438__en-eu__reverse,FORWARD_ENTAILMENT
dico_phrasis_0001438__es-en__forward,FORWARD_ENTAILMENT
dico_phrasis_0001438__es-en__reverse,FORWARD_ENTAILMENT
dico_phrasis_0001438__es-eu__forward,FORWARD_ENTAILMENT
dico_phrasis_0001438__es-eu__reverse,FORWARD_ENTAILMENT
dico_phrasis_0001438__eu-en__forward,FORWARD_ENTAILMENT
dico_phrasis_0001438__eu-en__reverse,FORWARD_ENTAILMENT
dico_phrasis_0001438__eu-es__forward,FORWARD_ENTAILMENT
dico_phrasis_0001438__eu-es__reverse,FORWARD_ENTAILMENT
dico_phrasis_0001441__en-es__forward,FORWARD_ENTAILMENT
dico_phrasis_0001441__en-es__reverse,FORWARD_ENTAILMENT
dico_phrasis_0001441__en-eu__forward,FORWARD_ENTAILMENT
dico_phrasis_0001441__en-eu__reverse,FORWARD_ENTAILMENT
dico_phrasis_0001441__es-en__forward,FORWARD_ENTAILMENT
dico_phrasis_0001441__es-en__reverse,FORWARD_ENTAILMENT
dico_phrasis_0001441__es-eu__forward,FORWARD_ENTAILMENT
dico_phrasis_0001441__es-eu__reverse,FORWARD_ENTAILMENT
dico_phrasis_0001441__eu-en__forward,FORWARD_ENTAILMENT
dico_phrasis_0001441__eu-en__reverse,FORWARD_ENTAILMENT
dico_phrasis_0001441__eu-es__forward,FORWARD_ENTAILMENT
dico_phrasis_0001441__eu-es__reverse,FORWARD_ENTAILMENT
dico_phrasis_0001452__en-es__forward,FORWARD_ENTAILMENT
dico_phrasis_0001452__en-es__reverse,FORWARD_ENTAILMENT
dico_phrasis_0001452__en-eu__forward,FORWARD_ENTAILMENT
dico_phrasis_0001452__en-eu__reverse,FORWARD_ENTAILMENT
dico_phrasis_0001452__es-en__forward,FORWARD_ENTAILMENT
dico_phrasis_0001452__es-en__reverse,FORWARD_ENTAILMENT
dico_phrasis_0001452__es-eu__forward,FORWARD_ENTAILMENT
dico_phrasis_0001452__es-eu__reverse,FORWARD_ENTAILMENT
dico_phrasis_0001452__eu-en__forward,FORWARD_ENTAILMENT
dico_phrasis_0001452__eu-en__reverse,FORWARD_ENTAILMENT
dico_phrasis_0001452__eu-es__forward,FORWARD_ENTAILMENT
dico_phrasis_0001452__eu-es__reverse,FORWARD_ENTAILMENT
dico_phrasis_0001453__en-es__forward,FORWARD_ENTAILMENT
dico_phrasis_0001453__en-es__reverse,FORWARD_ENTAILMENT
dico_phrasis_0001453__en-eu__forward,FORWARD_ENTAILMENT
dico_phrasis_0001453__en-eu__reverse,FORWARD_ENTAILMENT
dico_phrasis_0001453__es-en__forward,FORWARD_ENTAILMENT
dico_phrasis_0001453__es-en__reverse,FORWARD_ENTAILMENT
dico_phrasis_0001453__es-eu__forward,FORWARD_ENTAILMENT
dico_phrasis_0001453__es-eu__reverse,FORWARD_ENTAILMENT
dico_phrasis_0001453__eu-en__forward,FORWARD_ENTAILMENT
dico_phrasis_0001453__eu-en__reverse,FORWARD_ENTAILMENT
dico_phrasis_0001453__eu-es__forward,FORWARD_ENTAILMENT
dico_phrasis_0001453__eu-es__reverse,FORWARD_ENTAILMENT
dico_phrasis_0001457__en-es__forward,FORWARD_ENTAILMENT
dico_phrasis_0001457__en-es__reverse,FORWARD_ENTAILMENT
dico_phrasis_0001457__en-eu__forward,FORWARD_ENTAILMENT
dico_phrasis_0001457__en-eu__reverse,FORWARD_ENTAILMENT
dico_phrasis_0001457__es-en__forward,FORWARD_ENTAILMENT
dico_phrasis_0001457__es-en__reverse,FORWARD_ENTAILMENT
dico_phrasis_0001457__es-eu__forward,FORWARD_ENTAILMENT
dico_phrasis_0001457__es-eu__reverse,FORWARD_ENTAILMENT
dico_phrasis_0001457__eu-en__forward,FORWARD_ENTAILMENT
dico_phrasis_0001457__eu-en__reverse,FORWARD_ENTAILMENT
dico_phrasis_0001457__eu-es__forward,FORWARD_ENTAILMENT
dico_phrasis_0001457__eu-es__reverse,FORWARD_ENTAILMENT
dico_phrasis_0001459__en-es__forward,FORWARD_ENTAILMENT
dico_phrasis_0001459__en-es__reverse,FORWARD_ENTAILMENT
dico_phrasis_0001459__en-eu__forward,FORWARD_ENTAILMENT
dico_phrasis_0001459__en-eu__reverse,FORWARD_ENTAILMENT
dico_phrasis_0001459__es-en__forward,FORWARD_ENTAILMENT
dico_phrasis_0001459__es-en__reverse,FORWARD_ENTAILMENT
dico_phrasis_0001459__es-eu__forward,FORWARD_ENTAILMENT
dico_phrasis_0001459__es-eu__reverse,FORWARD_ENTAILMENT
dico_phrasis_0001459__eu-en__forward,FORWARD_ENTAILMENT
dico_phrasis_0001459__eu-en__reverse,FORWARD_ENTAILMENT
dico_phrasis_0001459__eu-es__forward,FORWARD_ENTAILMENT
dico_phrasis_0001459__eu-es__reverse,FORWARD_ENTAILMENT
dico_phrasis_0001464__en-es__forward,FORWARD_ENTAILMENT
dico_phrasis_0001464__en-es__reverse,FORWARD_ENTAILMENT
dico_phrasis_0001464__en-eu__forward,FORWARD_ENTAILMENT
dico_phrasis_0001464__en-eu__reverse,FORWARD_ENTAILMENT
dico_phrasis_0001464__es-en__forward,FORWARD_ENTAILMENT
dico_phrasis_0001464__es-en__reverse,FORWARD_ENTAILMENT
dico_phrasis_0001464__es-eu__forward,FORWARD_ENTAILMENT
dico_phrasis_0001464__es-eu__reverse,FORWARD_ENTAILMENT
dico_phrasis_0001464__eu-en__forward,FORWARD_ENTAILMENT
dico_phrasis_0001464__eu-en__reverse,FORWARD_ENTAILMENT
dico_phrasis_0001464__eu-es__forward,FORWARD_ENTAILMENT
dico_phrasis_0001464__eu-es__reverse,FORWARD_ENTAILMENT
dico_phrasis_0001473__en-es__forward,FORWARD_ENTAILMENT
dico_phrasis_0001473__en-es__reverse,FORWARD_ENTAILMENT
dico_phrasis_0001473__en-eu__forward,FORWARD_ENTAILMENT
dico_phrasis_0001473__en-eu__reverse,FORWARD_ENTAILMENT
dico_phrasis_0001473__es-en__forward,FORWARD_ENTAILMENT
dico_phrasis_0001473__es-en__reverse,FORWARD_ENTAILMENT
dico_phrasis_0001473__es-eu__forward,FORWARD_ENTAILMENT
dico_phrasis_0001473__es-eu__reverse,FORWARD_ENTAILMENT
dico_phrasis_0001473__eu-en__forward,FORWARD_ENTAILMENT
dico_phrasis_0001473__eu-en__reverse,FORWARD_ENTAILMENT
dico_phrasis_0001473__eu-es__forward,FORWARD_ENTAILMENT
dico_phrasis_0001473__eu-es__reverse,FORWARD_ENTAILMENT
dico_phrasis_0001481__en-es__forward,FORWARD_ENTAILMENT
dico_phrasis_0001481__en-es__reverse,FORWARD_ENTAILMENT
dico_phrasis_0001481__en-eu__forward,FORWARD_ENTAILMENT
dico_phrasis_0001481__en-eu__reverse,FORWARD_ENTAILMENT
dico_phrasis_0001481__es-en__forward,FORWARD_ENTAILMENT
dico_phrasis_0001481__es-en__reverse,FORWARD_ENTAILMENT
dico_phrasis_0001481__es-eu__forward,FORWARD_ENTAILMENT
dico_phrasis_0001481__es-eu__reverse,FORWARD_ENTAILMENT
dico_phrasis_0001481__eu-en__forward,FORWARD_ENTAILMENT
dico_phrasis_0001481__eu-en__reverse,FORWARD_ENTAILMENT
dico_phrasis_0001481__eu-es__forward,FORWARD_ENTAILMENT
dico_phrasis_0001481__eu-es__reverse,FORWARD_ENTAILMENT
dico_phrasis_0001491__en-es__forward,FORWARD_ENTAILMENT
dico_phrasis_0001491__en-es__reverse,FORWARD_ENTAILMENT
dico_phrasis_0001491__en-eu__forward,FORWARD_ENTAILMENT
dico_phrasis_0001491__en-eu__reverse,FORWARD_ENTAILMENT
dico_phrasis_0001491__es-en__forward,FORWARD_ENTAILMENT
dico_phrasis_0001491__es-en__reverse,FORWARD_ENTAILMENT
dico_phrasis_0001491__es-eu__forward,FORWARD_ENTAILMENT
dico_phrasis_0001491__es-eu__reverse,FORWARD_ENTAILMENT
dico_phrasis_0001491__eu-en__forward,FORWARD_ENTAILMENT
dico_phrasis_0001491__eu-en__reverse,FORWARD_ENTAILMENT
dico_phrasis_0001491__eu-es__forward,FORWARD_ENTAILMENT
dico_phrasis_0001491__eu-es__reverse,FORWARD_ENTAILMENT
dico_phrasis_0001492__en-es__forward,FORWARD_ENTAILMENT
dico_phrasis_0001492__en-es__reverse,FORWARD_ENTAILMENT
dico_phrasis_0001492__en-eu__forward,FORWARD_ENTAILMENT
dico_phrasis_0001492__en-eu__reverse,FORWARD_ENTAILMENT
dico_phrasis_0001492__es-en__forward,FORWARD_ENTAILMENT
dico_phrasis_0001492__es-en__reverse,FORWARD_ENTAILMENT
dico_phrasis_0001492__es-eu__forward,FORWARD_ENTAILMENT
dico_phrasis_0001492__es-eu__reverse,FORWARD_ENTAILMENT
dico_phrasis_0001492__eu-en__forward,FORWARD_ENTAILMENT
dico_phrasis_0001492__eu-en__reverse,FORWARD_ENTAILMENT
dico_phrasis_0001492__eu-es__forward,FORWARD_ENTAILMENT
dico_phrasis_0001492__eu-es__reverse,FORWARD_ENTAILMENT
dico_phrasis_0001497__en-es__forward,FORWARD_ENTAILMENT
dico_phrasis_0001497__en-es__reverse,FORWARD_ENTAILMENT
dico_phrasis_0001497__en-eu__forward,FORWARD_ENTAILMENT
dico_phrasis_0001497__en-eu__reverse,FORWARD_ENTAILMENT
dico_phrasis_0001497__es-en__forward,FORWARD_ENTAILMENT
dico_phrasis_0001497__es-en__reverse,FORWARD_ENTAILMENT
dico_phrasis_0001497__es-eu__forward,FORWARD_ENTAILMENT
dico_phrasis_0001497__es-eu__reverse,FORWARD_ENTAILMENT
dico_phrasis_0001497__eu-en__forward,FORWARD_ENTAILMENT
dico_phrasis_0001497__eu-en__reverse,FORWARD_ENTAILMENT
dico_phrasis_0001497__eu-es__forward,FORWARD_ENTAILMENT
dico_phrasis_0001497__eu-es__reverse,FORWARD_ENTAILMENT
dico_phrasis_0001501__en-es__forward,FORWARD_ENTAILMENT
dico_phrasis_0001501__en-es__reverse,FORWARD_ENTAILMENT
dico_phrasis_0001501__en-eu__forward,FORWARD_ENTAILMENT
dico_phrasis_0001501__en-eu__reverse,FORWARD_ENTAILMENT
dico_phrasis_0001501__es-en__forward,FORWARD_ENTAILMENT
dico_phrasis_0001501__es-en__reverse,FORWARD_ENTAILMENT
dico_phrasis_0001501__es-eu__forward,FORWARD_ENTAILMENT
dico_phrasis_0001501__es-eu__reverse,FORWARD_ENTAILMENT
dico_phrasis_0001501__eu-en__forward,FORWARD_ENTAILMENT
dico_phrasis_0001501__eu-en__reverse,FORWARD_ENTAILMENT
dico_phrasis_0001501__eu-es__forward,FORWARD_ENTAILMENT
dico_phrasis_0001501__eu-es__reverse,FORWARD_ENTAILMENT
dico_phrasis_0001510__en-es__forward,FORWARD_ENTAILMENT
dico_phrasis_0001510__en-es__reverse,FORWARD_ENTAILMENT
dico_phrasis_0001510__en-eu__forward,FORWARD_ENTAILMENT
dico_phrasis_0001510__en-eu__reverse,FORWARD_ENTAILMENT
dico_phrasis_0001510__es-en__forward,FORWARD_ENTAILMENT
dico_phrasis_0001510__es-en__reverse,FORWARD_ENTAILMENT
dico_phrasis_0001510__es-eu__forward,FORWARD_ENTAILMENT
dico_phrasis_0001510__es-eu__reverse,FORWARD_ENTAILMENT
dico_phrasis_0001510__eu-en__forward,FORWARD_ENTAILMENT
dico_phrasis_0001510__eu-en__reverse,FORWARD_ENTAILMENT
dico_phrasis_0001510__eu-es__forward,FORWARD_ENTAILMENT
dico_phrasis_0001510__eu-es__reverse,FORWARD_ENTAILMENT
dico_phrasis_0001521__en-es__forward,FORWARD_ENTAILMENT
dico_phrasis_0001521__en-es__reverse,FORWARD_ENTAILMENT
dico_phrasis_0001521__en-eu__forward,FORWARD_ENTAILMENT
dico_phrasis_0001521__en-eu__reverse,FORWARD_ENTAILMENT
dico_phrasis_0001521__es-en__forward,FORWARD_ENTAILMENT
dico_phrasis_0001521__es-en__reverse,FORWARD_ENTAILMENT
dico_phrasis_0001521__es-eu__forward,FORWARD_ENTAILMENT
dico_phrasis_0001521__es-eu__reverse,FORWARD_ENTAILMENT
dico_phrasis_0001521__eu-en__forward,FORWARD_ENTAILMENT
dico_phrasis_0001521__eu-en__reverse,FORWARD_ENTAILMENT
dico_phrasis_0001521__eu-es__forward,FORWARD_ENTAILMENT
dico_phrasis_0001521__eu-es__reverse,FORWARD_ENTAILMENT
dico_phrasis_0001522__en-es__forward,FORWARD_ENTAILMENT
dico_phrasis_0001522__en-es__reverse,FORWARD_ENTAILMENT
dico_phrasis_0001522__en-eu__forward,FORWARD_ENTAILMENT
dico_phrasis_0001522__en-eu__reverse,FORWARD_ENTAILMENT
dico_phrasis_0001522__es-en__forward,FORWARD_ENTAILMENT
dico_phrasis_0001522__es-en__reverse,FORWARD_ENTAILMENT
dico_phrasis_0001522__es-eu__forward,FORWARD_ENTAILMENT
dico_phrasis_0001522__es-eu__reverse,FORWARD_ENTAILMENT
dico_phrasis_0001522__eu-en__forward,FORWARD_ENTAILMENT
dico_phrasis_0001522__eu-en__reverse,FORWARD_ENTAILMENT
dico_phrasis_0001522__eu-es__forward,FORWARD_ENTAILMENT
dico_phrasis_0001522__eu-es__reverse,FORWARD_ENTAILMENT
dico_phrasis_0001525__en-es__forward,FORWARD_ENTAILMENT
dico_phrasis_0001525__en-es__reverse,FORWARD_ENTAILMENT
dico_phrasis_0001525__en-eu__forward,FORWARD_ENTAILMENT
dico_phrasis_0001525__en-eu__reverse,FORWARD_ENTAILMENT
dico_phrasis_0001525__es-en__forward,FORWARD_ENTAILMENT
dico_phrasis_0001525__es-en__reverse,FORWARD_ENTAILMENT
dico_phrasis_0001525__es-eu__forward,FORWARD_ENTAILMENT
dico_phrasis_0001525__es-eu__reverse,FORWARD_ENTAILMENT
dico_phrasis_0001525__eu-en__forward,FORWARD_ENTAILMENT
dico_phrasis_0001525__eu-en__reverse,FORWARD_ENTAILMENT
dico_phrasis_0001525__eu-es__forward,FORWARD_ENTAILMENT
dico_phrasis_0001525__eu-es__reverse,FORWARD_ENTAILMENT
dico_phrasis_0001529__en-es__forward,FORWARD_ENTAILMENT
dico_phrasis_0001529__en-es__reverse,FORWARD_ENTAILMENT
dico_phrasis_0001529__en-eu__forward,FORWARD_ENTAILMENT
dico_phrasis_0001529__en-eu__reverse,FORWARD_ENTAILMENT
dico_phrasis_0001529__es-en__forward,FORWARD_ENTAILMENT
dico_phrasis_0001529__es-en__reverse,FORWARD_ENTAILMENT
dico_phrasis_0001529__es-eu__forward,FORWARD_ENTAILMENT
dico_phrasis_0001529__es-eu__reverse,FORWARD_ENTAILMENT
dico_phrasis_0001529__eu-en__forward,FORWARD_ENTAILMENT
dico_phrasis_0001529__eu-en__reverse,FORWARD_ENTAILMENT
dico_phrasis_0001529__eu-es__forward,FORWARD_ENTAILMENT
dico_phrasis_0001529__eu-es__reverse,FORWARD_ENTAILMENT
dico_phrasis_0001533__en-es__forward,FORWARD_ENTAILMENT
dico_phrasis_0001533__en-es__reverse,FORWARD_ENTAILMENT
dico_phrasis_0001533__en-eu__forward,FORWARD_ENTAILMENT
dico_phrasis_0001533__en-eu__reverse,FORWARD_ENTAILMENT
dico_phrasis_0001533__es-en__forward,FORWARD_ENTAILMENT
dico_phrasis_0001533__es-en__reverse,FORWARD_ENTAILMENT
dico_phrasis_0001533__es-eu__forward,FORWARD_ENTAILMENT
dico_phrasis_0001533__es-eu__reverse,FORWARD_ENTAILMENT
dico_phrasis_0001533__eu-en__forward,FORWARD_ENTAILMENT
dico_phrasis_0001533__eu-en__reverse,FORWARD_ENTAILMENT
dico_phrasis_0001533__eu-es__forward,FORWARD_ENTAILMENT
dico_phrasis_0001533__eu-es__reverse,FORWARD_ENTAILMENT
dico_phrasis_0001539__en-es__forward,FORWARD_ENTAILMENT
dico_phrasis_0001539__en-es__reverse,FORWARD_ENTAILMENT
dico_phrasis_0001539__en-eu__forward,FORWARD_ENTAILMENT
dico_phrasis_0001539__en-eu__reverse,FORWARD_ENTAILMENT
dico_phrasis_0001539__es-en__forward,FORWARD_ENTAILMENT
dico_phrasis_0001539__es-en__reverse,FORWARD_ENTAILMENT
dico_phrasis_0001539__es-eu__forward,FORWARD_ENTAILMENT
dico_phrasis_0001539__es-eu__reverse,FORWARD_ENTAILMENT
dico_phrasis_0001539__eu-en__forward,FORWARD_ENTAILMENT
dico_phrasis_0001539__eu-en__reverse,FORWARD_ENTAILMENT
dico_phrasis_0001539__eu-es__forward,FORWARD_ENTAILMENT
dico_phrasis_0001539__eu-es__reverse,FORWARD_ENTAILMENT
dico_phrasis_0001540__en-es__forward,FORWARD_ENTAILMENT
dico_phrasis_0001540__en-es__reverse,FORWARD_ENTAILMENT
dico_phrasis_0001540__en-eu__forward,FORWARD_ENTAILMENT
dico_phrasis_0001540__en-eu__reverse,FORWARD_ENTAILMENT
dico_phrasis_0001540__es-en__forward,FORWARD_ENTAILMENT
dico_phrasis_0001540__es-en__reverse,FORWARD_ENTAILMENT
dico_phrasis_0001540__es-eu__forward,FORWARD_ENTAILMENT
dico_phrasis_0001540__es-eu__reverse,FORWARD_ENTAILMENT
dico_phrasis_0001540__eu-en__forward,FORWARD_ENTAILMENT
dico_phrasis_0001540__eu-en__reverse,FORWARD_ENTAILMENT
dico_phrasis_0001540__eu-es__forward,FORWARD_ENTAILMENT
dico_phrasis_0001540__eu-es__reverse,FORWARD_ENTAILMENT
dico_phrasis_0001542__en-es__forward,FORWARD_ENTAILMENT
dico_phrasis_0001542__en-es__reverse,FORWARD_ENTAILMENT
dico_phrasis_0001542__en-eu__forward,FORWARD_ENTAILMENT
dico_phrasis_0001542__en-eu__reverse,FORWARD_ENTAILMENT
dico_phrasis_0001542__es-en__forward,FORWARD_ENTAILMENT
dico_phrasis_0001542__es-en__reverse,FORWARD_ENTAILMENT
dico_phrasis_0001542__es-eu__forward,FORWARD_ENTAILMENT
dico_phrasis_0001542__es-eu__reverse,FORWARD_ENTAILMENT
dico_phrasis_0001542__eu-en__forward,FORWARD_ENTAILMENT
dico_phrasis_0001542__eu-en__reverse,FORWARD_ENTAILMENT
dico_phrasis_0001542__eu-es__forward,FORWARD_ENTAILMENT
dico_phrasis_0001542__eu-es__reverse,FORWARD_ENTAILMENT
dico_phrasis_0001543__en-es__forward,FORWARD_ENTAILMENT
dico_phrasis_0001543__en-es__reverse,FORWARD_ENTAILMENT
dico_phrasis_0001543__en-eu__forward,FORWARD_ENTAILMENT
dico_phrasis_0001543__en-eu__reverse,FORWARD_ENTAILMENT
dico_phrasis_0001543__es-en__forward,FORWARD_ENTAILMENT
dico_phrasis_0001543__es-en__reverse,FORWARD_ENTAILMENT
dico_phrasis_0001543__es-eu__forward,FORWARD_ENTAILMENT
dico_phrasis_0001543__es-eu__reverse,FORWARD_ENTAILMENT
dico_phrasis_0001543__eu-en__forward,FORWARD_ENTAILMENT
dico_phrasis_0001543__eu-en__reverse,FORWARD_ENTAILMENT
dico_phrasis_0001543__eu-es__forward,FORWARD_ENTAILMENT
dico_phrasis_0001543__eu-es__reverse,FORWARD_ENTAILMENT
dico_phrasis_0001544__en-es__forward,FORWARD_ENTAILMENT
dico_phrasis_0001544__en-es__reverse,FORWARD_ENTAILMENT
dico_phrasis_0001544__en-eu__forward,FORWARD_ENTAILMENT
dico_phrasis_0001544__en-eu__reverse,FORWARD_ENTAILMENT
dico_phrasis_0001544__es-en__forward,FORWARD_ENTAILMENT
dico_phrasis_0001544__es-en__reverse,FORWARD_ENTAILMENT
dico_phrasis_0001544__es-eu__forward,FORWARD_ENTAILMENT
dico_phrasis_0001544__es-eu__reverse,FORWARD_ENTAILMENT
dico_phrasis_0001544__eu-en__forward,FORWARD_ENTAILMENT
dico_phrasis_0001544__eu-en__reverse,FORWARD_ENTAILMENT
dico_phrasis_0001544__eu-es__forward,FORWARD_ENTAILMENT
dico_phrasis_0001544__eu-es__reverse,FORWARD_ENTAILMENT
dico_phrasis_0001552__en-es__forward,FORWARD_ENTAILMENT
dico_phrasis_0001552__en-es__reverse,FORWARD_ENTAILMENT
dico_phrasis_0001552__en-eu__forward,FORWARD_ENTAILMENT
dico_phrasis_0001552__en-eu__reverse,FORWARD_ENTAILMENT
dico_phrasis_0001552__es-en__forward,FORWARD_ENTAILMENT
dico_phrasis_0001552__es-en__reverse,FORWARD_ENTAILMENT
dico_phrasis_0001552__es-eu__forward,FORWARD_ENTAILMENT
dico_phrasis_0001552__es-eu__reverse,FORWARD_ENTAILMENT
dico_phrasis_0001552__eu-en__forward,FORWARD_ENTAILMENT
dico_phrasis_0001552__eu-en__reverse,FORWARD_ENTAILMENT
dico_phrasis_0001552__eu-es__forward,FORWARD_ENTAILMENT
dico_phrasis_0001552__eu-es__reverse,FORWARD_ENTAILMENT
dico_phrasis_0001553__en-es__forward,FORWARD_ENTAILMENT
dico_phrasis_0001553__en-es__reverse,FORWARD_ENTAILMENT
dico_phrasis_0001553__en-eu__forward,FORWARD_ENTAILMENT
dico_phrasis_0001553__en-eu__reverse,FORWARD_ENTAILMENT
dico_phrasis_0001553__es-en__forward,FORWARD_ENTAILMENT
dico_phrasis_0001553__es-en__reverse,FORWARD_ENTAILMENT
dico_phrasis_0001553__es-eu__forward,FORWARD_ENTAILMENT
dico_phrasis_0001553__es-eu__reverse,FORWARD_ENTAILMENT
dico_phrasis_0001553__eu-en__forward,FORWARD_ENTAILMENT
dico_phrasis_0001553__eu-en__reverse,FORWARD_ENTAILMENT
dico_phrasis_0001553__eu-es__forward,FORWARD_ENTAILMENT
dico_phrasis_0001553__eu-es__reverse,FORWARD_ENTAILMENT
dico_phrasis_0001565__en-es__forward,FORWARD_ENTAILMENT
dico_phrasis_0001565__en-es__reverse,FORWARD_ENTAILMENT
dico_phrasis_0001565__en-eu__forward,FORWARD_ENTAILMENT
dico_phrasis_0001565__en-eu__reverse,FORWARD_ENTAILMENT
dico_phrasis_0001565__es-en__forward,FORWARD_ENTAILMENT
dico_phrasis_0001565__es-en__reverse,FORWARD_ENTAILMENT
dico_phrasis_0001565__es-eu__forward,FORWARD_ENTAILMENT
dico_phrasis_0001565__es-eu__reverse,FORWARD_ENTAILMENT
dico_phrasis_0001565__eu-en__forward,FORWARD_ENTAILMENT
dico_phrasis_0001565__eu-en__reverse,FORWARD_ENTAILMENT
dico_phrasis_0001565__eu-es__forward,FORWARD_ENTAILMENT
dico_phrasis_0001565__eu-es__reverse,FORWARD_ENTAILMENT
dico_phrasis_0001575__en-es__forward,FORWARD_ENTAILMENT
dico_phrasis_0001575__en-es__reverse,FORWARD_ENTAILMENT
dico_phrasis_0001575__en-eu__forward,FORWARD_ENTAILMENT
dico_phrasis_0001575__en-eu__reverse,FORWARD_ENTAILMENT
dico_phrasis_0001575__es-en__forward,FORWARD_ENTAILMENT
dico_phrasis_0001575__es-en__reverse,FORWARD_ENTAILMENT
dico_phrasis_0001575__es-eu__forward,FORWARD_ENTAILMENT
dico_phrasis_0001575__es-eu__reverse,FORWARD_ENTAILMENT
dico_phrasis_0001575__eu-en__forward,FORWARD_ENTAILMENT
dico_phrasis_0001575__eu-en__reverse,FORWARD_ENTAILMENT
dico_phrasis_0001575__eu-es__forward,FORWARD_ENTAILMENT
dico_phrasis_0001575__eu-es__reverse,FORWARD_ENTAILMENT
dico_phrasis_0001588__en-es__forward,FORWARD_ENTAILMENT
dico_phrasis_0001588__en-es__reverse,FORWARD_ENTAILMENT
dico_phrasis_0001588__en-eu__forward,FORWARD_ENTAILMENT
dico_phrasis_0001588__en-eu__reverse,FORWARD_ENTAILMENT
dico_phrasis_0001588__es-en__forward,FORWARD_ENTAILMENT
dico_phrasis_0001588__es-en__reverse,FORWARD_ENTAILMENT
dico_phrasis_0001588__es-eu__forward,FORWARD_ENTAILMENT
dico_phrasis_0001588__es-eu__reverse,FORWARD_ENTAILMENT
dico_phrasis_0001588__eu-en__forward,FORWARD_ENTAILMENT
dico_phrasis_0001588__eu-en__reverse,FORWARD_ENTAILMENT
dico_phrasis_0001588__eu-es__forward,FORWARD_ENTAILMENT
dico_phrasis_0001588__eu-es__reverse,FORWARD_ENTAILMENT
dico_phrasis_0001591__en-es__forward,FORWARD_ENTAILMENT
dico_phrasis_0001591__en-es__reverse,FORWARD_ENTAILMENT
dico_phrasis_0001591__en-eu__forward,FORWARD_ENTAILMENT
dico_phrasis_0001591__en-eu__reverse,FORWARD_ENTAILMENT
dico_phrasis_0001591__es-en__forward,FORWARD_ENTAILMENT
dico_phrasis_0001591__es-en__reverse,FORWARD_ENTAILMENT
dico_phrasis_0001591__es-eu__forward,FORWARD_ENTAILMENT
dico_phrasis_0001591__es-eu__reverse,FORWARD_ENTAILMENT
dico_phrasis_0001591__eu-en__forward,FORWARD_ENTAILMENT
dico_phrasis_0001591__eu-en__reverse,FORWARD_ENTAILMENT
dico_phrasis_0001591__eu-es__forward,FORWARD_ENTAILMENT
dico_phrasis_0001591__eu-es__reverse,FORWARD_ENTAILMENT
dico_phrasis_0001599__en-es__forward,FORWARD_ENTAILMENT
dico_phrasis_0001599__en-es__reverse,FORWARD_ENTAILMENT
dico_phrasis_0001599__en-eu__forward,FORWARD_ENTAILMENT
dico_phrasis_0001599__en-eu__reverse,FORWARD_ENTAILMENT
dico_phrasis_0001599__es-en__forward,FORWARD_ENTAILMENT
dico_phrasis_0001599__es-en__reverse,FORWARD_ENTAILMENT
dico_phrasis_0001599__es-eu__forward,FORWARD_ENTAILMENT
dico_phrasis_0001599__es-eu__reverse,FORWARD_ENTAILMENT
dico_phrasis_0001599__eu-en__forward,FORWARD_ENTAILMENT
dico_phrasis_0001599__eu-en__reverse,FORWARD_ENTAILMENT
dico_phrasis_0001599__eu-es__forward,FORWARD_ENTAILMENT
dico_phrasis_0001599__eu-es__reverse,FORWARD_ENTAILMENT
dico_phrasis_0001611__en-es__forward,FORWARD_ENTAILMENT
dico_phrasis_0001611__en-es__reverse,FORWARD_ENTAILMENT
dico_phrasis_0001611__en-eu__forward,FORWARD_ENTAILMENT
dico_phrasis_0001611__en-eu__reverse,FORWARD_ENTAILMENT
dico_phrasis_0001611__es-en__forward,FORWARD_ENTAILMENT
dico_phrasis_0001611__es-en__reverse,FORWARD_ENTAILMENT
dico_phrasis_0001611__es-eu__forward,FORWARD_ENTAILMENT
dico_phrasis_0001611__es-eu__reverse,FORWARD_ENTAILMENT
dico_phrasis_0001611__eu-en__forward,FORWARD_ENTAILMENT
dico_phrasis_0001611__eu-en__reverse,FORWARD_ENTAILMENT
dico_phrasis_0001611__eu-es__forward,FORWARD_ENTAILMENT
dico_phrasis_0001611__eu-es__reverse,FORWARD_ENTAILMENT
dico_phrasis_0001612__en-es__forward,FORWARD_ENTAILMENT
dico_phrasis_0001612__en-es__reverse,FORWARD_ENTAILMENT
dico_phrasis_0001612__en-eu__forward,FORWARD_ENTAILMENT
dico_phrasis_0001612__en-eu__reverse,FORWARD_ENTAILMENT
dico_phrasis_0001612__es-en__forward,FORWARD_ENTAILMENT
dico_phrasis_0001612__es-en__reverse,FORWARD_ENTAILMENT
dico_phrasis_0001612__es-eu__forward,FORWARD_ENTAILMENT
dico_phrasis_0001612__es-eu__reverse,FORWARD_ENTAILMENT
dico_phrasis_0001612__eu-en__forward,FORWARD_ENTAILMENT
dico_phrasis_0001612__eu-en__reverse,FORWARD_ENTAILMENT
dico_phrasis_0001612__eu-es__forward,FORWARD_ENTAILMENT
dico_phrasis_0001612__eu-es__reverse,FORWARD_ENTAILMENT
dico_phrasis_0001613__en-es__forward,FORWARD_ENTAILMENT
dico_phrasis_0001613__en-es__reverse,FORWARD_ENTAILMENT
dico_phrasis_0001613__en-eu__forward,FORWARD_ENTAILMENT
dico_phrasis_0001613__en-eu__reverse,FORWARD_ENTAILMENT
dico_phrasis_0001613__es-en__forward,FORWARD_ENTAILMENT
dico_phrasis_0001613__es-en__reverse,FORWARD_ENTAILMENT
dico_phrasis_0001613__es-eu__forward,FORWARD_ENTAILMENT
dico_phrasis_0001613__es-eu__reverse,FORWARD_ENTAILMENT
dico_phrasis_0001613__eu-en__forward,FORWARD_ENTAILMENT
dico_phrasis_0001613__eu-en__reverse,FORWARD_ENTAILMENT
dico_phrasis_0001613__eu-es__forward,FORWARD_ENTAILMENT
dico_phrasis_0001613__eu-es__reverse,FORWARD_ENTAILMENT
dico_phrasis_0001617__en-es__forward,FORWARD_ENTAILMENT
dico_phrasis_0001617__en-es__reverse,FORWARD_ENTAILMENT
dico_phrasis_0001617__en-eu__forward,FORWARD_ENTAILMENT
dico_phrasis_0001617__en-eu__reverse,FORWARD_ENTAILMENT
dico_phrasis_0001617__es-en__forward,FORWARD_ENTAILMENT
dico_phrasis_0001617__es-en__reverse,FORWARD_ENTAILMENT
dico_phrasis_0001617__es-eu__forward,FORWARD_ENTAILMENT
dico_phrasis_0001617__es-eu__reverse,FORWARD_ENTAILMENT
dico_phrasis_0001617__eu-en__forward,FORWARD_ENTAILMENT
dico_phrasis_0001617__eu-en__reverse,FORWARD_ENTAILMENT
dico_phrasis_0001617__eu-es__forward,FORWARD_ENTAILMENT
dico_phrasis_0001617__eu-es__reverse,FORWARD_ENTAILMENT
dico_phrasis_0001623__en-es__forward,FORWARD_ENTAILMENT
dico_phrasis_0001623__en-es__reverse,FORWARD_ENTAILMENT
dico_phrasis_0001623__en-eu__forward,FORWARD_ENTAILMENT
dico_phrasis_0001623__en-eu__reverse,FORWARD_ENTAILMENT
dico_phrasis_0001623__es-en__forward,FORWARD_ENTAILMENT
dico_phrasis_0001623__es-en__reverse,FORWARD_ENTAILMENT
dico_phrasis_0001623__es-eu__forward,FORWARD_ENTAILMENT
dico_phrasis_0001623__es-eu__reverse,FORWARD_ENTAILMENT
dico_phrasis_0001623__eu-en__forward,FORWARD_ENTAILMENT
dico_phrasis_0001623__eu-en__reverse,FORWARD_ENTAILMENT
dico_phrasis_0001623__eu-es__forward,FORWARD_ENTAILMENT
dico_phrasis_0001623__eu-es__reverse,FORWARD_ENTAILMENT
dico_phrasis_0001626__en-es__forward,FORWARD_ENTAILMENT
dico_phrasis_0001626__en-es__reverse,FORWARD_ENTAILMENT
dico_phrasis_0001626__en-eu__forward,FORWARD_ENTAILMENT
dico_phrasis_0001626__en-eu__reverse,FORWARD_ENTAILMENT
dico_phrasis_0001626__es-en__forward,FORWARD_ENTAILMENT
dico_phrasis_0001626__es-en__reverse,FORWARD_ENTAILMENT
dico_phrasis_0001626__es-eu__forward,FORWARD_ENTAILMENT
dico_phrasis_0001626__es-eu__reverse,FORWARD_ENTAILMENT
dico_phrasis_0001626__eu-en__forward,FORWARD_ENTAILMENT
dico_phrasis_0001626__eu-en__reverse,FORWARD_ENTAILMENT
dico_phrasis_0001626__eu-es__forward,FORWARD_ENTAILMENT
dico_phrasis_0001626__eu-es__reverse,FORWARD_ENTAILMENT
dico_phrasis_0001630__en-es__forward,FORWARD_ENTAILMENT
dico_phrasis_0001630__en-es__reverse,FORWARD_ENTAILMENT
dico_phrasis_0001630__en-eu__forward,FORWARD_ENTAILMENT
dico_phrasis_0001630__en-eu__reverse,FORWARD_ENTAILMENT
dico_phrasis_0001630__es-en__forward,FORWARD_ENTAILMENT
dico_phrasis_0001630__es-en__reverse,FORWARD_ENTAILMENT
dico_phrasis_0001630__es-eu__forward,FORWARD_ENTAILMENT
dico_phrasis_0001630__es-eu__reverse,FORWARD_ENTAILMENT
dico_phrasis_0001630__eu-en__forward,FORWARD_ENTAILMENT
dico_phrasis_0001630__eu-en__reverse,FORWARD_ENTAILMENT
dico_phrasis_0001630__eu-es__forward,FORWARD_ENTAILMENT
dico_phrasis_0001630__eu-es__reverse,FORWARD_ENTAILMENT
dico_phrasis_0001633__en-es__forward,FORWARD_ENTAILMENT
dico_phrasis_0001633__en-es__reverse,FORWARD_ENTAILMENT
dico_phrasis_0001633__en-eu__forward,FORWARD_ENTAILMENT
dico_phrasis_0001633__en-eu__reverse,FORWARD_ENTAILMENT
dico_phrasis_0001633__es-en__forward,FORWARD_ENTAILMENT
dico_phrasis_0001633__es-en__reverse,FORWARD_ENTAILMENT
dico_phrasis_0001633__es-eu__forward,FORWARD_ENTAILMENT
dico_phrasis_0001633__es-eu__reverse,FORWARD_ENTAILMENT
dico_phrasis_0001633__eu-en__forward,FORWARD_ENTAILMENT
dico_phrasis_0001633__eu-en__reverse,FORWARD_ENTAILMENT
dico_phrasis_0001633__eu-es__forward,FORWARD_ENTAILMENT
dico_phrasis_0001633__eu-es__reverse,FORWARD_ENTAILMENT
dico_phrasis_0001639__en-es__forward,FORWARD_ENTAILMENT
dico_phrasis_0001639__en-es__reverse,FORWARD_ENTAILMENT
dico_phrasis_0001639__en-eu__forward,FORWARD_ENTAILMENT
dico_phrasis_0001639__en-eu__reverse,FORWARD_ENTAILMENT
dico_phrasis_0001639__es-en__forward,FORWARD_ENTAILMENT
dico_phrasis_0001639__es-en__reverse,FORWARD_ENTAILMENT
dico_phrasis_0001639__es-eu__forward,FORWARD_ENTAILMENT
dico_phrasis_0001639__es-eu__reverse,FORWARD_ENTAILMENT
dico_phrasis_0001639__eu-en__forward,FORWARD_ENTAILMENT
dico_phrasis_0001639__eu-en__reverse,FORWARD_ENTAILMENT
dico_phrasis_0001639__eu-es__forward,FORWARD_ENTAILMENT
dico_phrasis_0001639__eu-es__reverse,FORWARD_ENTAILMENT
dico_phrasis_0001645__en-es__forward,FORWARD_ENTAILMENT
dico_phrasis_0001645__en-es__reverse,FORWARD_ENTAILMENT
dico_phrasis_0001645__en-eu__forward,FORWARD_ENTAILMENT
dico_phrasis_0001645__en-eu__reverse,FORWARD_ENTAILMENT
dico_phrasis_0001645__es-en__forward,FORWARD_ENTAILMENT
dico_phrasis_0001645__es-en__reverse,FORWARD_ENTAILMENT
dico_phrasis_0001645__es-eu__forward,FORWARD_ENTAILMENT
dico_phrasis_0001645__es-eu__reverse,FORWARD_ENTAILMENT
dico_phrasis_0001645__eu-en__forward,FORWARD_ENTAILMENT
dico_phrasis_0001645__eu-en__reverse,FORWARD_ENTAILMENT
dico_phrasis_0001645__eu-es__forward,FORWARD_ENTAILMENT
dico_phrasis_0001645__eu-es__reverse,FORWARD_ENTAILMENT
dico_phrasis_0001648__en-es__forward,FORWARD_ENTAILMENT
dico_phrasis_0001648__en-es__reverse,FORWARD_ENTAILMENT
dico_phrasis_0001648__en-eu__forward,FORWARD_ENTAILMENT
dico_phrasis_0001648__en-eu__reverse,FORWARD_ENTAILMENT
dico_phrasis_0001648__es-en__forward,FORWARD_ENTAILMENT
dico_phrasis_0001648__es-en__reverse,FORWARD_ENTAILMENT
dico_phrasis_0001648__es-eu__forward,FORWARD_ENTAILMENT
dico_phrasis_0001648__es-eu__reverse,FORWARD_ENTAILMENT
dico_phrasis_0001648__eu-en__forward,FORWARD_ENTAILMENT
dico_phrasis_0001648__eu-en__reverse,FORWARD_ENTAILMENT
dico_phrasis_0001648__eu-es__forward,FORWARD_ENTAILMENT
dico_phrasis_0001648__eu-es__reverse,FORWARD_ENTAILMENT
dico_phrasis_0001651__en-es__forward,FORWARD_ENTAILMENT
dico_phrasis_0001651__en-es__reverse,FORWARD_ENTAILMENT
dico_phrasis_0001651__en-eu__forward,FORWARD_ENTAILMENT
dico_phrasis_0001651__en-eu__reverse,FORWARD_ENTAILMENT
dico_phrasis_0001651__es-en__forward,FORWARD_ENTAILMENT
dico_phrasis_0001651__es-en__reverse,FORWARD_ENTAILMENT
dico_phrasis_0001651__es-eu__forward,FORWARD_ENTAILMENT
dico_phrasis_0001651__es-eu__reverse,FORWARD_ENTAILMENT
dico_phrasis_0001651__eu-en__forward,FORWARD_ENTAILMENT
dico_phrasis_0001651__eu-en__reverse,FORWARD_ENTAILMENT
dico_phrasis_0001651__eu-es__forward,FORWARD_ENTAILMENT
dico_phrasis_0001651__eu-es__reverse,FORWARD_ENTAILMENT
dico_phrasis_0001653__en-es__forward,FORWARD_ENTAILMENT
dico_phrasis_0001653__en-es__reverse,FORWARD_ENTAILMENT
dico_phrasis_0001653__en-eu__forward,FORWARD_ENTAILMENT
dico_phrasis_0001653__en-eu__reverse,FORWARD_ENTAILMENT
dico_phrasis_0001653__es-en__forward,FORWARD_ENTAILMENT
dico_phrasis_0001653__es-en__reverse,FORWARD_ENTAILMENT
dico_phrasis_0001653__es-eu__forward,FORWARD_ENTAILMENT
dico_phrasis_0001653__es-eu__reverse,FORWARD_ENTAILMENT
dico_phrasis_0001653__eu-en__forward,FORWARD_ENTAILMENT
dico_phrasis_0001653__eu-en__reverse,FORWARD_ENTAILMENT
dico_phrasis_0001653__eu-es__forward,FORWARD_ENTAILMENT
dico_phrasis_0001653__eu-es__reverse,FORWARD_ENTAILMENT
dico_phrasis_0001658__en-es__forward,FORWARD_ENTAILMENT
dico_phrasis_0001658__en-es__reverse,FORWARD_ENTAILMENT
dico_phrasis_0001658__en-eu__forward,FORWARD_ENTAILMENT
dico_phrasis_0001658__en-eu__reverse,FORWARD_ENTAILMENT
dico_phrasis_0001658__es-en__forward,FORWARD_ENTAILMENT
dico_phrasis_0001658__es-en__reverse,FORWARD_ENTAILMENT
dico_phrasis_0001658__es-eu__forward,FORWARD_ENTAILMENT
dico_phrasis_0001658__es-eu__reverse,FORWARD_ENTAILMENT
dico_phrasis_0001658__eu-en__forward,FORWARD_ENTAILMENT
dico_phrasis_0001658__eu-en__reverse,FORWARD_ENTAILMENT
dico_phrasis_0001658__eu-es__forward,FORWARD_ENTAILMENT
dico_phrasis_0001658__eu-es__reverse,FORWARD_ENTAILMENT
dico_phrasis_0001659__en-es__forward,FORWARD_ENTAILMENT
dico_phrasis_0001659__en-es__reverse,FORWARD_ENTAILMENT
dico_phrasis_0001659__en-eu__forward,FORWARD_ENTAILMENT
dico_phrasis_0001659__en-eu__reverse,FORWARD_ENTAILMENT
dico_phrasis_0001659__es-en__forward,FORWARD_ENTAILMENT
dico_phrasis_0001659__es-en__reverse,FORWARD_ENTAILMENT
dico_phrasis_0001659__es-eu__forward,FORWARD_ENTAILMENT
dico_phrasis_0001659__es-eu__reverse,FORWARD_ENTAILMENT
dico_phrasis_0001659__eu-en__forward,FORWARD_ENTAILMENT
dico_phrasis_0001659__eu-en__reverse,FORWARD_ENTAILMENT
dico_phrasis_0001659__eu-es__forward,FORWARD_ENTAILMENT
dico_phrasis_0001659__eu-es__reverse,FORWARD_ENTAILMENT
dico_phrasis_0001663__en-es__forward,FORWARD_ENTAILMENT
dico_phrasis_0001663__en-es__reverse,FORWARD_ENTAILMENT
dico_phrasis_0001663__en-eu__forward,FORWARD_ENTAILMENT
dico_phrasis_0001663__en-eu__reverse,FORWARD_ENTAILMENT
dico_phrasis_0001663__es-en__forward,FORWARD_ENTAILMENT
dico_phrasis_0001663__es-en__reverse,FORWARD_ENTAILMENT
dico_phrasis_0001663__es-eu__forward,FORWARD_ENTAILMENT
dico_phrasis_0001663__es-eu__reverse,FORWARD_ENTAILMENT
dico_phrasis_0001663__eu-en__forward,FORWARD_ENTAILMENT
dico_phrasis_0001663__eu-en__reverse,FORWARD_ENTAILMENT
dico_phrasis_0001663__eu-es__forward,FORWARD_ENTAILMENT
dico_phrasis_0001663__eu-es__reverse,FORWARD_ENTAILMENT
dico_phrasis_0001665__en-es__forward,FORWARD_ENTAILMENT
dico_phrasis_0001665__en-es__reverse,FORWARD_ENTAILMENT
dico_phrasis_0001665__en-eu__forward,FORWARD_ENTAILMENT
dico_phrasis_0001665__en-eu__reverse,FORWARD_ENTAILMENT
dico_phrasis_0001665__es-en__forward,FORWARD_ENTAILMENT
dico_phrasis_0001665__es-en__reverse,FORWARD_ENTAILMENT
dico_phrasis_0001665__es-eu__forward,FORWARD_ENTAILMENT
dico_phrasis_0001665__es-eu__reverse,FORWARD_ENTAILMENT
dico_phrasis_0001665__eu-en__forward,FORWARD_ENTAILMENT
dico_phrasis_0001665__eu-en__reverse,FORWARD_ENTAILMENT
dico_phrasis_0001665__eu-es__forward,FORWARD_ENTAILMENT
dico_phrasis_0001665__eu-es__reverse,FORWARD_ENTAILMENT
dico_phrasis_0001674__en-es__forward,FORWARD_ENTAILMENT
dico_phrasis_0001674__en-es__reverse,FORWARD_ENTAILMENT
dico_phrasis_0001674__en-eu__forward,FORWARD_ENTAILMENT
dico_phrasis_0001674__en-eu__reverse,FORWARD_ENTAILMENT
dico_phrasis_0001674__es-en__forward,FORWARD_ENTAILMENT
dico_phrasis_0001674__es-en__reverse,FORWARD_ENTAILMENT
dico_phrasis_0001674__es-eu__forward,FORWARD_ENTAILMENT
dico_phrasis_0001674__es-eu__reverse,FORWARD_ENTAILMENT
dico_phrasis_0001674__eu-en__forward,FORWARD_ENTAILMENT
dico_phrasis_0001674__eu-en__reverse,FORWARD_ENTAILMENT
dico_phrasis_0001674__eu-es__forward,FORWARD_ENTAILMENT
dico_phrasis_0001674__eu-es__reverse,FORWARD_ENTAILMENT
dico_phrasis_0001686__en-es__forward,FORWARD_ENTAILMENT
dico_phrasis_0001686__en-es__reverse,FORWARD_ENTAILMENT
dico_phrasis_0001686__en-eu__forward,FORWARD_ENTAILMENT
dico_phrasis_0001686__en-eu__reverse,FORWARD_ENTAILMENT
dico_phrasis_0001686__es-en__forward,FORWARD_ENTAILMENT
dico_phrasis_0001686__es-en__reverse,FORWARD_ENTAILMENT
dico_phrasis_0001686__es-eu__forward,FORWARD_ENTAILMENT
dico_phrasis_0001686__es-eu__reverse,FORWARD_ENTAILMENT
dico_phrasis_0001686__eu-en__forward,FORWARD_ENTAILMENT
dico_phrasis_0001686__eu-en__reverse,FORWARD_ENTAILMENT
dico_phrasis_0001686__eu-es__forward,FORWARD_ENTAILMENT
dico_phrasis_0001686__eu-es__reverse,FORWARD_ENTAILMENT
dico_phrasis_0001687__en-es__forward,FORWARD_ENTAILMENT
dico_phrasis_0001687__en-es__reverse,FORWARD_ENTAILMENT
dico_phrasis_0001687__en-eu__forward,FORWARD_ENTAILMENT
dico_phrasis_0001687__en-eu__reverse,FORWARD_ENTAILMENT
dico_phrasis_0001687__es-en__forward,FORWARD_ENTAILMENT
dico_phrasis_0001687__es-en__reverse,FORWARD_ENTAILMENT
dico_phrasis_0001687__es-eu__forward,FORWARD_ENTAILMENT
dico_phrasis_0001687__es-eu__reverse,FORWARD_ENTAILMENT
dico_phrasis_0001687__eu-en__forward,FORWARD_ENTAILMENT
dico_phrasis_0001687__eu-en__reverse,FORWARD_ENTAILMENT
dico_phrasis_0001687__eu-es__forward,FORWARD_ENTAILMENT
dico_phrasis_0001687__eu-es__reverse,FORWARD_ENTAILMENT
dico_phrasis_0001688__en-es__forward,FORWARD_ENTAILMENT
dico_phrasis_0001688__en-es__reverse,FORWARD_ENTAILMENT
dico_phrasis_0001688__en-eu__forward,FORWARD_ENTAILMENT
dico_phrasis_0001688__en-eu__reverse,FORWARD_ENTAILMENT
dico_phrasis_0001688__es-en__forward,FORWARD_ENTAILMENT
dico_phrasis_0001688__es-en__reverse,FORWARD_ENTAILMENT
dico_phrasis_0001688__es-eu__forward,FORWARD_ENTAILMENT
dico_phrasis_0001688__es-eu__reverse,FORWARD_ENTAILMENT
dico_phrasis_0001688__eu-en__forward,FORWARD_ENTAILMENT
dico_phrasis_0001688__eu-en__reverse,FORWARD_ENTAILMENT
dico_phrasis_0001688__eu-es__forward,FORWARD_ENTAILMENT
dico_phrasis_0001688__eu-es__reverse,FORWARD_ENTAILMENT
dico_phrasis_0001698__en-es__forward,FORWARD_ENTAILMENT
dico_phrasis_0001698__en-es__reverse,FORWARD_ENTAILMENT
dico_phrasis_0001698__en-eu__forward,FORWARD_ENTAILMENT
dico_phrasis_0001698__en-eu__reverse,FORWARD_ENTAILMENT
dico_phrasis_0001698__es-en__forward,FORWARD_ENTAILMENT
dico_phrasis_0001698__es-en__reverse,FORWARD_ENTAILMENT
dico_phrasis_0001698__es-eu__forward,FORWARD_ENTAILMENT
dico_phrasis_0001698__es-eu__reverse,FORWARD_ENTAILMENT
dico_phrasis_0001698__eu-en__forward,FORWARD_ENTAILMENT
dico_phrasis_0001698__eu-en__reverse,FORWARD_ENTAILMENT
dico_phrasis_0001698__eu-es__forward,FORWARD_ENTAILMENT
dico_phrasis_0001698__eu-es__reverse,FORWARD_ENTAILMENT
dico_phrasis_0001699__en-es__forward,FORWARD_ENTAILMENT
dico_phrasis_0001699__en-es__reverse,FORWARD_ENTAILMENT
dico_phrasis_0001699__en-eu__forward,FORWARD_ENTAILMENT
dico_phrasis_0001699__en-eu__reverse,FORWARD_ENTAILMENT
dico_phrasis_0001699__es-en__forward,FORWARD_ENTAILMENT
dico_phrasis_0001699__es-en__reverse,FORWARD_ENTAILMENT
dico_phrasis_0001699__es-eu__forward,FORWARD_ENTAILMENT
dico_phrasis_0001699__es-eu__reverse,FORWARD_ENTAILMENT
dico_phrasis_0001699__eu-en__forward,FORWARD_ENTAILMENT
dico_phrasis_0001699__eu-en__reverse,FORWARD_ENTAILMENT
dico_phrasis_0001699__eu-es__forward,FORWARD_ENTAILMENT
dico_phrasis_0001699__eu-es__reverse,FORWARD_ENTAILMENT
dico_phrasis_0001713__en-es__forward,FORWARD_ENTAILMENT
dico_phrasis_0001713__en-es__reverse,FORWARD_ENTAILMENT
dico_phrasis_0001713__en-eu__forward,FORWARD_ENTAILMENT
dico_phrasis_0001713__en-eu__reverse,FORWARD_ENTAILMENT
dico_phrasis_0001713__es-en__forward,FORWARD_ENTAILMENT
dico_phrasis_0001713__es-en__reverse,FORWARD_ENTAILMENT
dico_phrasis_0001713__es-eu__forward,FORWARD_ENTAILMENT
dico_phrasis_0001713__es-eu__reverse,FORWARD_ENTAILMENT
dico_phrasis_0001713__eu-en__forward,FORWARD_ENTAILMENT
dico_phrasis_0001713__eu-en__reverse,FORWARD_ENTAILMENT
dico_phrasis_0001713__eu-es__forward,FORWARD_ENTAILMENT
dico_phrasis_0001713__eu-es__reverse,FORWARD_ENTAILMENT
dico_phrasis_0001714__en-es__forward,FORWARD_ENTAILMENT
dico_phrasis_0001714__en-es__reverse,FORWARD_ENTAILMENT
dico_phrasis_0001714__en-eu__forward,FORWARD_ENTAILMENT
dico_phrasis_0001714__en-eu__reverse,FORWARD_ENTAILMENT
dico_phrasis_0001714__es-en__forward,FORWARD_ENTAILMENT
dico_phrasis_0001714__es-en__reverse,FORWARD_ENTAILMENT
dico_phrasis_0001714__es-eu__forward,FORWARD_ENTAILMENT
dico_phrasis_0001714__es-eu__reverse,FORWARD_ENTAILMENT
dico_phrasis_0001714__eu-en__forward,FORWARD_ENTAILMENT
dico_phrasis_0001714__eu-en__reverse,FORWARD_ENTAILMENT
dico_phrasis_0001714__eu-es__forward,FORWARD_ENTAILMENT
dico_phrasis_0001714__eu-es__reverse,FORWARD_ENTAILMENT
dico_phrasis_0001718__en-es__forward,FORWARD_ENTAILMENT
dico_phrasis_0001718__en-es__reverse,FORWARD_ENTAILMENT
dico_phrasis_0001718__en-eu__forward,FORWARD_ENTAILMENT
dico_phrasis_0001718__en-eu__reverse,FORWARD_ENTAILMENT
dico_phrasis_0001718__es-en__forward,FORWARD_ENTAILMENT
dico_phrasis_0001718__es-en__reverse,FORWARD_ENTAILMENT
dico_phrasis_0001718__es-eu__forward,FORWARD_ENTAILMENT
dico_phrasis_0001718__es-eu__reverse,FORWARD_ENTAILMENT
dico_phrasis_0001718__eu-en__forward,FORWARD_ENTAILMENT
dico_phrasis_0001718__eu-en__reverse,FORWARD_ENTAILMENT
dico_phrasis_0001718__eu-es__forward,FORWARD_ENTAILMENT
dico_phrasis_0001718__eu-es__reverse,FORWARD_ENTAILMENT
dico_phrasis_0001737__en-es__forward,FORWARD_ENTAILMENT
dico_phrasis_0001737__en-es__reverse,FORWARD_ENTAILMENT
dico_phrasis_0001737__en-eu__forward,FORWARD_ENTAILMENT
dico_phrasis_0001737__en-eu__reverse,FORWARD_ENTAILMENT
dico_phrasis_0001737__es-en__forward,FORWARD_ENTAILMENT
dico_phrasis_0001737__es-en__reverse,FORWARD_ENTAILMENT
dico_phrasis_0001737__es-eu__forward,FORWARD_ENTAILMENT
dico_phrasis_0001737__es-eu__reverse,FORWARD_ENTAILMENT
dico_phrasis_0001737__eu-en__forward,FORWARD_ENTAILMENT
dico_phrasis_0001737__eu-en__reverse,FORWARD_ENTAILMENT
dico_phrasis_0001737__eu-es__forward,FORWARD_ENTAILMENT
dico_phrasis_0001737__eu-es__reverse,FORWARD_ENTAILMENT
dico_phrasis_0001739__en-es__forward,FORWARD_ENTAILMENT
dico_phrasis_0001739__en-es__reverse,FORWARD_ENTAILMENT
dico_phrasis_0001739__en-eu__forward,FORWARD_ENTAILMENT
dico_phrasis_0001739__en-eu__reverse,FORWARD_ENTAILMENT
dico_phrasis_0001739__es-en__forward,FORWARD_ENTAILMENT
dico_phrasis_0001739__es-en__reverse,FORWARD_ENTAILMENT
dico_phrasis_0001739__es-eu__forward,FORWARD_ENTAILMENT
dico_phrasis_0001739__es-eu__reverse,FORWARD_ENTAILMENT
dico_phrasis_0001739__eu-en__forward,FORWARD_ENTAILMENT
dico_phrasis_0001739__eu-en__reverse,FORWARD_ENTAILMENT
dico_phrasis_0001739__eu-es__forward,FORWARD_ENTAILMENT
dico_phrasis_0001739__eu-es__reverse,FORWARD_ENTAILMENT
dico_phrasis_0001744__en-es__forward,FORWARD_ENTAILMENT
dico_phrasis_0001744__en-es__reverse,FORWARD_ENTAILMENT
dico_phrasis_0001744__en-eu__forward,FORWARD_ENTAILMENT
dico_phrasis_0001744__en-eu__reverse,FORWARD_ENTAILMENT
dico_phrasis_0001744__es-en__forward,FORWARD_ENTAILMENT
dico_phrasis_0001744__es-en__reverse,FORWARD_ENTAILMENT
dico_phrasis_0001744__es-eu__forward,FORWARD_ENTAILMENT
dico_phrasis_0001744__es-eu__reverse,FORWARD_ENTAILMENT
dico_phrasis_0001744__eu-en__forward,FORWARD_ENTAILMENT
dico_phrasis_0001744__eu-en__reverse,FORWARD_ENTAILMENT
dico_phrasis_0001744__eu-es__forward,FORWARD_ENTAILMENT
dico_phrasis_0001744__eu-es__reverse,FORWARD_ENTAILMENT
dico_phrasis_0001746__en-es__forward,FORWARD_ENTAILMENT
dico_phrasis_0001746__en-es__reverse,FORWARD_ENTAILMENT
dico_phrasis_0001746__en-eu__forward,FORWARD_ENTAILMENT
dico_phrasis_0001746__en-eu__reverse,FORWARD_ENTAILMENT
dico_phrasis_0001746__es-en__forward,FORWARD_ENTAILMENT
dico_phrasis_0001746__es-en__reverse,FORWARD_ENTAILMENT
dico_phrasis_0001746__es-eu__forward,FORWARD_ENTAILMENT
dico_phrasis_0001746__es-eu__reverse,FORWARD_ENTAILMENT
dico_phrasis_0001746__eu-en__forward,FORWARD_ENTAILMENT
dico_phrasis_0001746__eu-en__reverse,FORWARD_ENTAILMENT
dico_phrasis_0001746__eu-es__forward,FORWARD_ENTAILMENT
dico_phrasis_0001746__eu-es__reverse,FORWARD_ENTAILMENT
dico_phrasis_0001749__en-es__forward,FORWARD_ENTAILMENT
dico_phrasis_0001749__en-es__reverse,FORWARD_ENTAILMENT
dico_phrasis_0001749__en-eu__forward,FORWARD_ENTAILMENT
dico_phrasis_0001749__en-eu__reverse,FORWARD_ENTAILMENT
dico_phrasis_0001749__es-en__forward,FORWARD_ENTAILMENT
dico_phrasis_0001749__es-en__reverse,FORWARD_ENTAILMENT
dico_phrasis_0001749__es-eu__forward,FORWARD_ENTAILMENT
dico_phrasis_0001749__es-eu__reverse,FORWARD_ENTAILMENT
dico_phrasis_0001749__eu-en__forward,FORWARD_ENTAILMENT
dico_phrasis_0001749__eu-en__reverse,FORWARD_ENTAILMENT
dico_phrasis_0001749__eu-es__forward,FORWARD_ENTAILMENT
dico_phrasis_0001749__eu-es__reverse,FORWARD_ENTAILMENT
dico_phrasis_0001755__en-es__forward,FORWARD_ENTAILMENT
dico_phrasis_0001755__en-es__reverse,FORWARD_ENTAILMENT
dico_phrasis_0001755__en-eu__forward,FORWARD_ENTAILMENT
dico_phrasis_0001755__en-eu__reverse,FORWARD_ENTAILMENT
dico_phrasis_0001755__es-en__forward,FORWARD_ENTAILMENT
dico_phrasis_0001755__es-en__reverse,FORWARD_ENTAILMENT
dico_phrasis_0001755__es-eu__forward,FORWARD_ENTAILMENT
dico_phrasis_0001755__es-eu__reverse,FORWARD_ENTAILMENT
dico_phrasis_0001755__eu-en__forward,FORWARD_ENTAILMENT
dico_phrasis_0001755__eu-en__reverse,FORWARD_ENTAILMENT
dico_phrasis_0001755__eu-es__forward,FORWARD_ENTAILMENT
dico_phrasis_0001755__eu-es__reverse,FORWARD_ENTAILMENT
dico_phrasis_0001760__en-es__forward,FORWARD_ENTAILMENT
dico_phrasis_0001760__en-es__reverse,FORWARD_ENTAILMENT
dico_phrasis_0001760__en-eu__forward,FORWARD_ENTAILMENT
dico_phrasis_0001760__en-eu__reverse,FORWARD_ENTAILMENT
dico_phrasis_0001760__es-en__forward,FORWARD_ENTAILMENT
dico_phrasis_0001760__es-en__reverse,FORWARD_ENTAILMENT
dico_phrasis_0001760__es-eu__forward,FORWARD_ENTAILMENT
dico_phrasis_0001760__es-eu__reverse,FORWARD_ENTAILMENT
dico_phrasis_0001760__eu-en__forward,FORWARD_ENTAILMENT
dico_phrasis_0001760__eu-en__reverse,FORWARD_ENTAILMENT
dico_phrasis_0001760__eu-es__forward,FORWARD_ENTAILMENT
dico_phrasis_0001760__eu-es__reverse,FORWARD_ENTAILMENT
dico_phrasis_0001761__en-es__forward,FORWARD_ENTAILMENT
dico_phrasis_0001761__en-es__reverse,FORWARD_ENTAILMENT
dico_phrasis_0001761__en-eu__forward,FORWARD_ENTAILMENT
dico_phrasis_0001761__en-eu__reverse,FORWARD_ENTAILMENT
dico_phrasis_0001761__es-en__forward,FORWARD_ENTAILMENT
dico_phrasis_0001761__es-en__reverse,FORWARD_ENTAILMENT
dico_phrasis_0001761__es-eu__forward,FORWARD_ENTAILMENT
dico_phrasis_0001761__es-eu__reverse,FORWARD_ENTAILMENT
dico_phrasis_0001761__eu-en__forward,FORWARD_ENTAILMENT
dico_phrasis_0001761__eu-en__reverse,FORWARD_ENTAILMENT
dico_phrasis_0001761__eu-es__forward,FORWARD_ENTAILMENT
dico_phrasis_0001761__eu-es__reverse,FORWARD_ENTAILMENT
dico_phrasis_0001774__en-es__forward,FORWARD_ENTAILMENT
dico_phrasis_0001774__en-es__reverse,FORWARD_ENTAILMENT
dico_phrasis_0001774__en-eu__forward,FORWARD_ENTAILMENT
dico_phrasis_0001774__en-eu__reverse,FORWARD_ENTAILMENT
dico_phrasis_0001774__es-en__forward,FORWARD_ENTAILMENT
dico_phrasis_0001774__es-en__reverse,FORWARD_ENTAILMENT
dico_phrasis_0001774__es-eu__forward,FORWARD_ENTAILMENT
dico_phrasis_0001774__es-eu__reverse,FORWARD_ENTAILMENT
dico_phrasis_0001774__eu-en__forward,FORWARD_ENTAILMENT
dico_phrasis_0001774__eu-en__reverse,FORWARD_ENTAILMENT
dico_phrasis_0001774__eu-es__forward,FORWARD_ENTAILMENT
dico_phrasis_0001774__eu-es__reverse,FORWARD_ENTAILMENT
dico_phrasis_0001777__en-es__forward,FORWARD_ENTAILMENT
dico_phrasis_0001777__en-es__reverse,FORWARD_ENTAILMENT
dico_phrasis_0001777__en-eu__forward,FORWARD_ENTAILMENT
dico_phrasis_0001777__en-eu__reverse,FORWARD_ENTAILMENT
dico_phrasis_0001777__es-en__forward,FORWARD_ENTAILMENT
dico_phrasis_0001777__es-en__reverse,FORWARD_ENTAILMENT
dico_phrasis_0001777__es-eu__forward,FORWARD_ENTAILMENT
dico_phrasis_0001777__es-eu__reverse,FORWARD_ENTAILMENT
dico_phrasis_0001777__eu-en__forward,FORWARD_ENTAILMENT
dico_phrasis_0001777__eu-en__reverse,FORWARD_ENTAILMENT
dico_phrasis_0001777__eu-es__forward,FORWARD_ENTAILMENT
dico_phrasis_0001777__eu-es__reverse,FORWARD_ENTAILMENT
dico_phrasis_0001779__en-es__forward,FORWARD_ENTAILMENT
dico_phrasis_0001779__en-es__reverse,FORWARD_ENTAILMENT
dico_phrasis_0001779__en-eu__forward,FORWARD_ENTAILMENT
dico_phrasis_0001779__en-eu__reverse,FORWARD_ENTAILMENT
dico_phrasis_0001779__es-en__forward,FORWARD_ENTAILMENT
dico_phrasis_0001779__es-en__reverse,FORWARD_ENTAILMENT
dico_phrasis_0001779__es-eu__forward,FORWARD_ENTAILMENT
dico_phrasis_0001779__es-eu__reverse,FORWARD_ENTAILMENT
dico_phrasis_0001779__eu-en__forward,FORWARD_ENTAILMENT
dico_phrasis_0001779__eu-en__reverse,FORWARD_ENTAILMENT
dico_phrasis_0001779__eu-es__forward,FORWARD_ENTAILMENT
dico_phrasis_0001779__eu-es__reverse,FORWARD_ENTAILMENT
dico_phrasis_0001780__en-es__forward,FORWARD_ENTAILMENT
dico_phrasis_0001780__en-es__reverse,FORWARD_ENTAILMENT
dico_phrasis_0001780__en-eu__forward,FORWARD_ENTAILMENT
dico_phrasis_0001780__en-eu__reverse,FORWARD_ENTAILMENT
dico_phrasis_0001780__es-en__forward,FORWARD_ENTAILMENT
dico_phrasis_0001780__es-en__reverse,FORWARD_ENTAILMENT
dico_phrasis_0001780__es-eu__forward,FORWARD_ENTAILMENT
dico_phrasis_0001780__es-eu__reverse,FORWARD_ENTAILMENT
dico_phrasis_0001780__eu-en__forward,FORWARD_ENTAILMENT
dico_phrasis_0001780__eu-en__reverse,FORWARD_ENTAILMENT
dico_phrasis_0001780__eu-es__forward,FORWARD_ENTAILMENT
dico_phrasis_0001780__eu-es__reverse,FORWARD_ENTAILMENT
dico_phrasis_0001789__en-es__forward,FORWARD_ENTAILMENT
dico_phrasis_0001789__en-es__reverse,FORWARD_ENTAILMENT
dico_phrasis_0001789__en-eu__forward,FORWARD_ENTAILMENT
dico_phrasis_0001789__en-eu__reverse,FORWARD_ENTAILMENT
dico_phrasis_0001789__es-en__forward,FORWARD_ENTAILMENT
dico_phrasis_0001789__es-en__reverse,FORWARD_ENTAILMENT
dico_phrasis_0001789__es-eu__forward,FORWARD_ENTAILMENT
dico_phrasis_0001789__es-eu__reverse,FORWARD_ENTAILMENT
dico_phrasis_0001789__eu-en__forward,FORWARD_ENTAILMENT
dico_phrasis_0001789__eu-en__reverse,FORWARD_ENTAILMENT
dico_phrasis_0001789__eu-es__forward,FORWARD_ENTAILMENT
dico_phrasis_0001789__eu-es__reverse,FORWARD_ENTAILMENT
dico_phrasis_0001794__en-es__forward,FORWARD_ENTAILMENT
dico_phrasis_0001794__en-es__reverse,FORWARD_ENTAILMENT
dico_phrasis_0001794__en-eu__forward,FORWARD_ENTAILMENT
dico_phrasis_0001794__en-eu__reverse,FORWARD_ENTAILMENT
dico_phrasis_0001794__es-en__forward,FORWARD_ENTAILMENT
dico_phrasis_0001794__es-en__reverse,FORWARD_ENTAILMENT
dico_phrasis_0001794__es-eu__forward,FORWARD_ENTAILMENT
dico_phrasis_0001794__es-eu__reverse,FORWARD_ENTAILMENT
dico_phrasis_0001794__eu-en__forward,FORWARD_ENTAILMENT
dico_phrasis_0001794__eu-en__reverse,FORWARD_ENTAILMENT
dico_phrasis_0001794__eu-es__forward,FORWARD_ENTAILMENT
dico_phrasis_0001794__eu-es__reverse,FORWARD_ENTAILMENT
dico_phrasis_0001795__en-es__forward,FORWARD_ENTAILMENT
dico_phrasis_0001795__en-es__reverse,FORWARD_ENTAILMENT
dico_phrasis_0001795__en-eu__forward,FORWARD_ENTAILMENT
dico_phrasis_0001795__en-eu__reverse,FORWARD_ENTAILMENT
dico_phrasis_0001795__es-en__forward,FORWARD_ENTAILMENT
dico_phrasis_0001795__es-en__reverse,FORWARD_ENTAILMENT
dico_phrasis_0001795__es-eu__forward,FORWARD_ENTAILMENT
dico_phrasis_0001795__es-eu__reverse,FORWARD_ENTAILMENT
dico_phrasis_0001795__eu-en__forward,FORWARD_ENTAILMENT
dico_phrasis_0001795__eu-en__reverse,FORWARD_ENTAILMENT
dico_phrasis_0001795__eu-es__forward,FORWARD_ENTAILMENT
dico_phrasis_0001795__eu-es__reverse,FORWARD_ENTAILMENT
dico_phrasis_0001814__en-es__forward,FORWARD_ENTAILMENT
dico_phrasis_0001814__en-es__reverse,FORWARD_ENTAILMENT
dico_phrasis_0001814__en-eu__forward,FORWARD_ENTAILMENT
dico_phrasis_0001814__en-eu__reverse,FORWARD_ENTAILMENT
dico_phrasis_0001814__es-en__forward,FORWARD_ENTAILMENT
dico_phrasis_0001814__es-en__reverse,FORWARD_ENTAILMENT
dico_phrasis_0001814__es-eu__forward,FORWARD_ENTAILMENT
dico_phrasis_0001814__es-eu__reverse,FORWARD_ENTAILMENT
dico_phrasis_0001814__eu-en__forward,FORWARD_ENTAILMENT
dico_phrasis_0001814__eu-en__reverse,FORWARD_ENTAILMENT
dico_phrasis_0001814__eu-es__forward,FORWARD_ENTAILMENT
dico_phrasis_0001814__eu-es__reverse,FORWARD_ENTAILMENT
dico_phrasis_0001819__en-es__forward,FORWARD_ENTAILMENT
dico_phrasis_0001819__en-es__reverse,FORWARD_ENTAILMENT
dico_phrasis_0001819__en-eu__forward,FORWARD_ENTAILMENT
dico_phrasis_0001819__en-eu__reverse,FORWARD_ENTAILMENT
dico_phrasis_0001819__es-en__forward,FORWARD_ENTAILMENT
dico_phrasis_0001819__es-en__reverse,FORWARD_ENTAILMENT
dico_phrasis_0001819__es-eu__forward,FORWARD_ENTAILMENT
dico_phrasis_0001819__es-eu__reverse,FORWARD_ENTAILMENT
dico_phrasis_0001819__eu-en__forward,FORWARD_ENTAILMENT
dico_phrasis_0001819__eu-en__reverse,FORWARD_ENTAILMENT
dico_phrasis_0001819__eu-es__forward,FORWARD_ENTAILMENT
dico_phrasis_0001819__eu-es__reverse,FORWARD_ENTAILMENT
dico_phrasis_0001821__en-es__forward,FORWARD_ENTAILMENT
dico_phrasis_0001821__en-es__reverse,FORWARD_ENTAILMENT
dico_phrasis_0001821__en-eu__forward,FORWARD_ENTAILMENT
dico_phrasis_0001821__en-eu__reverse,FORWARD_ENTAILMENT
dico_phrasis_0001821__es-en__forward,FORWARD_ENTAILMENT
dico_phrasis_0001821__es-en__reverse,FORWARD_ENTAILMENT
dico_phrasis_0001821__es-eu__forward,FORWARD_ENTAILMENT
dico_phrasis_0001821__es-eu__reverse,FORWARD_ENTAILMENT
dico_phrasis_0001821__eu-en__forward,FORWARD_ENTAILMENT
dico_phrasis_0001821__eu-en__reverse,FORWARD_ENTAILMENT
dico_phrasis_0001821__eu-es__forward,FORWARD_ENTAILMENT
dico_phrasis_0001821__eu-es__reverse,FORWARD_ENTAILMENT
dico_phrasis_0001826__en-es__forward,FORWARD_ENTAILMENT
dico_phrasis_0001826__en-es__reverse,FORWARD_ENTAILMENT
dico_phrasis_0001826__en-eu__forward,FORWARD_ENTAILMENT
dico_phrasis_0001826__en-eu__reverse,FORWARD_ENTAILMENT
dico_phrasis_0001826__es-en__forward,FORWARD_ENTAILMENT
dico_phrasis_0001826__es-en__reverse,FORWARD_ENTAILMENT
dico_phrasis_0001826__es-eu__forward,FORWARD_ENTAILMENT
dico_phrasis_0001826__es-eu__reverse,FORWARD_ENTAILMENT
dico_phrasis_0001826__eu-en__forward,FORWARD_ENTAILMENT
dico_phrasis_0001826__eu-en__reverse,FORWARD_ENTAILMENT
dico_phrasis_0001826__eu-es__forward,FORWARD_ENTAILMENT
dico_phrasis_0001826__eu-es__reverse,FORWARD_ENTAILMENT
dico_phrasis_0001827__en-es__forward,FORWARD_ENTAILMENT
dico_phrasis_0001827__en-es__reverse,FORWARD_ENTAILMENT
dico_phrasis_0001827__en-eu__forward,FORWARD_ENTAILMENT
dico_phrasis_0001827__en-eu__reverse,FORWARD_ENTAILMENT
dico_phrasis_0001827__es-en__forward,FORWARD_ENTAILMENT
dico_phrasis_0001827__es-en__reverse,FORWARD_ENTAILMENT
dico_phrasis_0001827__es-eu__forward,FORWARD_ENTAILMENT
dico_phrasis_0001827__es-eu__reverse,FORWARD_ENTAILMENT
dico_phrasis_0001827__eu-en__forward,FORWARD_ENTAILMENT
dico_phrasis_0001827__eu-en__reverse,FORWARD_ENTAILMENT
dico_phrasis_0001827__eu-es__forward,FORWARD_ENTAILMENT
dico_phrasis_0001827__eu-es__reverse,FORWARD_ENTAILMENT
dico_phrasis_0001831__en-es__forward,FORWARD_ENTAILMENT
dico_phrasis_0001831__en-es__reverse,FORWARD_ENTAILMENT
dico_phrasis_0001831__en-eu__forward,FORWARD_ENTAILMENT
dico_phrasis_0001831__en-eu__reverse,FORWARD_ENTAILMENT
dico_phrasis_0001831__es-en__forward,FORWARD_ENTAILMENT
dico_phrasis_0001831__es-en__reverse,FORWARD_ENTAILMENT
dico_phrasis_0001831__es-eu__forward,FORWARD_ENTAILMENT
dico_phrasis_0001831__es-eu__reverse,FORWARD_ENTAILMENT
dico_phrasis_0001831__eu-en__forward,FORWARD_ENTAILMENT
dico_phrasis_0001831__eu-en__reverse,FORWARD_ENTAILMENT
dico_phrasis_0001831__eu-es__forward,FORWARD_ENTAILMENT
dico_phrasis_0001831__eu-es__reverse,FORWARD_ENTAILMENT
dico_phrasis_0001834__en-es__forward,FORWARD_ENTAILMENT
dico_phrasis_0001834__en-es__reverse,FORWARD_ENTAILMENT
dico_phrasis_0001834__en-eu__forward,FORWARD_ENTAILMENT
dico_phrasis_0001834__en-eu__reverse,FORWARD_ENTAILMENT
dico_phrasis_0001834__es-en__forward,FORWARD_ENTAILMENT
dico_phrasis_0001834__es-en__reverse,FORWARD_ENTAILMENT
dico_phrasis_0001834__es-eu__forward,FORWARD_ENTAILMENT
dico_phrasis_0001834__es-eu__reverse,FORWARD_ENTAILMENT
dico_phrasis_0001834__eu-en__forward,FORWARD_ENTAILMENT
dico_phrasis_0001834__eu-en__reverse,FORWARD_ENTAILMENT
dico_phrasis_0001834__eu-es__forward,FORWARD_ENTAILMENT
dico_phrasis_0001834__eu-es__reverse,FORWARD_ENTAILMENT
dico_phrasis_0001843__en-es__forward,FORWARD_ENTAILMENT
dico_phrasis_0001843__en-es__reverse,FORWARD_ENTAILMENT
dico_phrasis_0001843__en-eu__forward,FORWARD_ENTAILMENT
dico_phrasis_0001843__en-eu__reverse,FORWARD_ENTAILMENT
dico_phrasis_0001843__es-en__forward,FORWARD_ENTAILMENT
dico_phrasis_0001843__es-en__reverse,FORWARD_ENTAILMENT
dico_phrasis_0001843__es-eu__forward,FORWARD_ENTAILMENT
dico_phrasis_0001843__es-eu__reverse,FORWARD_ENTAILMENT
dico_phrasis_0001843__eu-en__forward,FORWARD_ENTAILMENT
dico_phrasis_0001843__eu-en__reverse,FORWARD_ENTAILMENT
dico_phrasis_0001843__eu-es__forward,FORWARD_ENTAILMENT
dico_phrasis_0001843__eu-es__reverse,FORWARD_ENTAILMENT
dico_phrasis_0001850__en-es__forward,FORWARD_ENTAILMENT
dico_phrasis_0001850__en-es__reverse,FORWARD_ENTAILMENT
dico_phrasis_0001850__en-eu__forward,FORWARD_ENTAILMENT
dico_phrasis_0001850__en-eu__reverse,FORWARD_ENTAILMENT
dico_phrasis_0001850__es-en__forward,FORWARD_ENTAILMENT
dico_phrasis_0001850__es-en__reverse,FORWARD_ENTAILMENT
dico_phrasis_0001850__es-eu__forward,FORWARD_ENTAILMENT
dico_phrasis_0001850__es-eu__reverse,FORWARD_ENTAILMENT
dico_phrasis_0001850__eu-en__forward,FORWARD_ENTAILMENT
dico_phrasis_0001850__eu-en__reverse,FORWARD_ENTAILMENT
dico_phrasis_0001850__eu-es__forward,FORWARD_ENTAILMENT
dico_phrasis_0001850__eu-es__reverse,FORWARD_ENTAILMENT
dico_phrasis_0001851__en-es__forward,FORWARD_ENTAILMENT
dico_phrasis_0001851__en-es__reverse,FORWARD_ENTAILMENT
dico_phrasis_0001851__en-eu__forward,FORWARD_ENTAILMENT
dico_phrasis_0001851__en-eu__reverse,FORWARD_ENTAILMENT
dico_phrasis_0001851__es-en__forward,FORWARD_ENTAILMENT
dico_phrasis_0001851__es-en__reverse,FORWARD_ENTAILMENT
dico_phrasis_0001851__es-eu__forward,FORWARD_ENTAILMENT
dico_phrasis_0001851__es-eu__reverse,FORWARD_ENTAILMENT
dico_phrasis_0001851__eu-en__forward,FORWARD_ENTAILMENT
dico_phrasis_0001851__eu-en__reverse,FORWARD_ENTAILMENT
dico_phrasis_0001851__eu-es__forward,FORWARD_ENTAILMENT
dico_phrasis_0001851__eu-es__reverse,FORWARD_ENTAILMENT
dico_phrasis_0001858__en-es__forward,FORWARD_ENTAILMENT
dico_phrasis_0001858__en-es__reverse,FORWARD_ENTAILMENT
dico_phrasis_0001858__en-eu__forward,FORWARD_ENTAILMENT
dico_phrasis_0001858__en-eu__reverse,FORWARD_ENTAILMENT
dico_phrasis_0001858__es-en__forward,FORWARD_ENTAILMENT
dico_phrasis_0001858__es-en__reverse,FORWARD_ENTAILMENT
dico_phrasis_0001858__es-eu__forward,FORWARD_ENTAILMENT
dico_phrasis_0001858__es-eu__reverse,FORWARD_ENTAILMENT
dico_phrasis_0001858__eu-en__forward,FORWARD_ENTAILMENT
dico_phrasis_0001858__eu-en__reverse,FORWARD_ENTAILMENT
dico_phrasis_0001858__eu-es__forward,FORWARD_ENTAILMENT
dico_phrasis_0001858__eu-es__reverse,FORWARD_ENTAILMENT
dico_phrasis_0001871__en-es__forward,FORWARD_ENTAILMENT
dico_phrasis_0001871__en-es__reverse,FORWARD_ENTAILMENT
dico_phrasis_0001871__en-eu__forward,FORWARD_ENTAILMENT
dico_phrasis_0001871__en-eu__reverse,FORWARD_ENTAILMENT
dico_phrasis_0001871__es-en__forward,FORWARD_ENTAILMENT
dico_phrasis_0001871__es-en__reverse,FORWARD_ENTAILMENT
dico_phrasis_0001871__es-eu__forward,FORWARD_ENTAILMENT
dico_phrasis_0001871__es-eu__reverse,FORWARD_ENTAILMENT
dico_phrasis_0001871__eu-en__forward,FORWARD_ENTAILMENT
dico_phrasis_0001871__eu-en__reverse,FORWARD_ENTAILMENT
dico_phrasis_0001871__eu-es__forward,FORWARD_ENTAILMENT
dico_phrasis_0001871__eu-es__reverse,FORWARD_ENTAILMENT
dico_phrasis_0001873__en-es__forward,FORWARD_ENTAILMENT
dico_phrasis_0001873__en-es__reverse,FORWARD_ENTAILMENT
dico_phrasis_0001873__en-eu__forward,FORWARD_ENTAILMENT
dico_phrasis_0001873__en-eu__reverse,FORWARD_ENTAILMENT
dico_phrasis_0001873__es-en__forward,FORWARD_ENTAILMENT
dico_phrasis_0001873__es-en__reverse,FORWARD_ENTAILMENT
dico_phrasis_0001873__es-eu__forward,FORWARD_ENTAILMENT
dico_phrasis_0001873__es-eu__reverse,FORWARD_ENTAILMENT
dico_phrasis_0001873__eu-en__forward,FORWARD_ENTAILMENT
dico_phrasis_0001873__eu-en__reverse,FORWARD_ENTAILMENT
dico_phrasis_0001873__eu-es__forward,FORWARD_ENTAILMENT
dico_phrasis_0001873__eu-es__reverse,FORWARD_ENTAILMENT
dico_phrasis_0001878__en-es__forward,FORWARD_ENTAILMENT
dico_phrasis_0001878__en-es__reverse,FORWARD_ENTAILMENT
dico_phrasis_0001878__en-eu__forward,FORWARD_ENTAILMENT
dico_phrasis_0001878__en-eu__reverse,FORWARD_ENTAILMENT
dico_phrasis_0001878__es-en__forward,FORWARD_ENTAILMENT
dico_phrasis_0001878__es-en__reverse,FORWARD_ENTAILMENT
dico_phrasis_0001878__es-eu__forward,FORWARD_ENTAILMENT
dico_phrasis_0001878__es-eu__reverse,FORWARD_ENTAILMENT
dico_phrasis_0001878__eu-en__forward,FORWARD_ENTAILMENT
dico_phrasis_0001878__eu-en__reverse,FORWARD_ENTAILMENT
dico_phrasis_0001878__eu-es__forward,FORWARD_ENTAILMENT
dico_phrasis_0001878__eu-es__reverse,FORWARD_ENTAILMENT
dico_phrasis_0001880__en-es__forward,FORWARD_ENTAILMENT
dico_phrasis_0001880__en-es__reverse,FORWARD_ENTAILMENT
dico_phrasis_0001880__en-eu__forward,FORWARD_ENTAILMENT
dico_phrasis_0001880__en-eu__reverse,FORWARD_ENTAILMENT
dico_phrasis_0001880__es-en__forward,FORWARD_ENTAILMENT
dico_phrasis_0001880__es-en__reverse,FORWARD_ENTAILMENT
dico_phrasis_0001880__es-eu__forward,FORWARD_ENTAILMENT
dico_phrasis_0001880__es-eu__reverse,FORWARD_ENTAILMENT
dico_phrasis_0001880__eu-en__forward,FORWARD_ENTAILMENT
dico_phrasis_0001880__eu-en__reverse,FORWARD_ENTAILMENT
dico_phrasis_0001880__eu-es__forward,FORWARD_ENTAILMENT
dico_phrasis_0001880__eu-es__reverse,FORWARD_ENTAILMENT
dico_phrasis_0001883__en-es__forward,FORWARD_ENTAILMENT
dico_phrasis_0001883__en-es__reverse,FORWARD_ENTAILMENT
dico_phrasis_0001883__en-eu__forward,FORWARD_ENTAILMENT
dico_phrasis_0001883__en-eu__reverse,FORWARD_ENTAILMENT
dico_phrasis_0001883__es-en__forward,FORWARD_ENTAILMENT
dico_phrasis_0001883__es-en__reverse,FORWARD_ENTAILMENT
dico_phrasis_0001883__es-eu__forward,FORWARD_ENTAILMENT
dico_phrasis_0001883__es-eu__reverse,FORWARD_ENTAILMENT
dico_phrasis_0001883__eu-en__forward,FORWARD_ENTAILMENT
dico_phrasis_0001883__eu-en__reverse,FORWARD_ENTAILMENT
dico_phrasis_0001883__eu-es__forward,FORWARD_ENTAILMENT
dico_phrasis_0001883__eu-es__reverse,FORWARD_ENTAILMENT
dico_phrasis_0001885__en-es__forward,FORWARD_ENTAILMENT
dico_phrasis_0001885__en-es__reverse,FORWARD_ENTAILMENT
dico_phrasis_0001885__en-eu__forward,FORWARD_ENTAILMENT
dico_phrasis_0001885__en-eu__reverse,FORWARD_ENTAILMENT
dico_phrasis_0001885__es-en__forward,FORWARD_ENTAILMENT
dico_phrasis_0001885__es-en__reverse,FORWARD_ENTAILMENT
dico_phrasis_0001885__es-eu__forward,FORWARD_ENTAILMENT
dico_phrasis_0001885__es-eu__reverse,FORWARD_ENTAILMENT
dico_phrasis_0001885__eu-en__forward,FORWARD_ENTAILMENT
dico_phrasis_0001885__eu-en__reverse,FORWARD_ENTAILMENT
dico_phrasis_0001885__eu-es__forward,FORWARD_ENTAILMENT
dico_phrasis_0001885__eu-es__reverse,FORWARD_ENTAILMENT
dico_phrasis_0001889__en-es__forward,FORWARD_ENTAILMENT
dico_phrasis_0001889__en-es__reverse,FORWARD_ENTAILMENT
dico_phrasis_0001889__en-eu__forward,FORWARD_ENTAILMENT
dico_phrasis_0001889__en-eu__reverse,FORWARD_ENTAILMENT
dico_phrasis_0001889__es-en__forward,FORWARD_ENTAILMENT
dico_phrasis_0001889__es-en__reverse,FORWARD_ENTAILMENT
dico_phrasis_0001889__es-eu__forward,FORWARD_ENTAILMENT
dico_phrasis_0001889__es-eu__reverse,FORWARD_ENTAILMENT
dico_phrasis_0001889__eu-en__forward,FORWARD_ENTAILMENT
dico_phrasis_0001889__eu-en__reverse,FORWARD_ENTAILMENT
dico_phrasis_0001889__eu-es__forward,FORWARD_ENTAILMENT
dico_phrasis_0001889__eu-es__reverse,FORWARD_ENTAILMENT
dico_phrasis_0001891__en-es__forward,FORWARD_ENTAILMENT
dico_phrasis_0001891__en-es__reverse,FORWARD_ENTAILMENT
dico_phrasis_0001891__en-eu__forward,FORWARD_ENTAILMENT
dico_phrasis_0001891__en-eu__reverse,FORWARD_ENTAILMENT
dico_phrasis_0001891__es-en__forward,FORWARD_ENTAILMENT
dico_phrasis_0001891__es-en__reverse,FORWARD_ENTAILMENT
dico_phrasis_0001891__es-eu__forward,FORWARD_ENTAILMENT
dico_phrasis_0001891__es-eu__reverse,FORWARD_ENTAILMENT
dico_phrasis_0001891__eu-en__forward,FORWARD_ENTAILMENT
dico_phrasis_0001891__eu-en__reverse,FORWARD_ENTAILMENT
dico_phrasis_0001891__eu-es__forward,FORWARD_ENTAILMENT
dico_phrasis_0001891__eu-es__reverse,FORWARD_ENTAILMENT
dico_phrasis_0001896__en-es__forward,FORWARD_ENTAILMENT
dico_phrasis_0001896__en-es__reverse,FORWARD_ENTAILMENT
dico_phrasis_0001896__en-eu__forward,FORWARD_ENTAILMENT
dico_phrasis_0001896__en-eu__reverse,FORWARD_ENTAILMENT
dico_phrasis_0001896__es-en__forward,FORWARD_ENTAILMENT
dico_phrasis_0001896__es-en__reverse,FORWARD_ENTAILMENT
dico_phrasis_0001896__es-eu__forward,FORWARD_ENTAILMENT
dico_phrasis_0001896__es-eu__reverse,FORWARD_ENTAILMENT
dico_phrasis_0001896__eu-en__forward,FORWARD_ENTAILMENT
dico_phrasis_0001896__eu-en__reverse,FORWARD_ENTAILMENT
dico_phrasis_0001896__eu-es__forward,FORWARD_ENTAILMENT
dico_phrasis_0001896__eu-es__reverse,FORWARD_ENTAILMENT
dico_phrasis_0001898__en-es__forward,FORWARD_ENTAILMENT
dico_phrasis_0001898__en-es__reverse,FORWARD_ENTAILMENT
dico_phrasis_0001898__en-eu__forward,FORWARD_ENTAILMENT
dico_phrasis_0001898__en-eu__reverse,FORWARD_ENTAILMENT
dico_phrasis_0001898__es-en__forward,FORWARD_ENTAILMENT
dico_phrasis_0001898__es-en__reverse,FORWARD_ENTAILMENT
dico_phrasis_0001898__es-eu__forward,FORWARD_ENTAILMENT
dico_phrasis_0001898__es-eu__reverse,FORWARD_ENTAILMENT
dico_phrasis_0001898__eu-en__forward,FORWARD_ENTAILMENT
dico_phrasis_0001898__eu-en__reverse,FORWARD_ENTAILMENT
dico_phrasis_0001898__eu-es__forward,FORWARD_ENTAILMENT
dico_phrasis_0001898__eu-es__reverse,FORWARD_ENTAILMENT
dico_phrasis_0001901__en-es__forward,FORWARD_ENTAILMENT
dico_phrasis_0001901__en-es__reverse,FORWARD_ENTAILMENT
dico_phrasis_0001901__en-eu__forward,FORWARD_ENTAILMENT
dico_phrasis_0001901__en-eu__reverse,FORWARD_ENTAILMENT
dico_phrasis_0001901__es-en__forward,FORWARD_ENTAILMENT
dico_phrasis_0001901__es-en__reverse,FORWARD_ENTAILMENT
dico_phrasis_0001901__es-eu__forward,FORWARD_ENTAILMENT
dico_phrasis_0001901__es-eu__reverse,FORWARD_ENTAILMENT
dico_phrasis_0001901__eu-en__forward,FORWARD_ENTAILMENT
dico_phrasis_0001901__eu-en__reverse,FORWARD_ENTAILMENT
dico_phrasis_0001901__eu-es__forward,FORWARD_ENTAILMENT
dico_phrasis_0001901__eu-es__reverse,FORWARD_ENTAILMENT
dico_phrasis_0001904__en-es__forward,FORWARD_ENTAILMENT
dico_phrasis_0001904__en-es__reverse,FORWARD_ENTAILMENT
dico_phrasis_0001904__en-eu__forward,FORWARD_ENTAILMENT
dico_phrasis_0001904__en-eu__reverse,FORWARD_ENTAILMENT
dico_phrasis_0001904__es-en__forward,FORWARD_ENTAILMENT
dico_phrasis_0001904__es-en__reverse,FORWARD_ENTAILMENT
dico_phrasis_0001904__es-eu__forward,FORWARD_ENTAILMENT
dico_phrasis_0001904__es-eu__reverse,FORWARD_ENTAILMENT
dico_phrasis_0001904__eu-en__forward,FORWARD_ENTAILMENT
dico_phrasis_0001904__eu-en__reverse,FORWARD_ENTAILMENT
dico_phrasis_0001904__eu-es__forward,FORWARD_ENTAILMENT
dico_phrasis_0001904__eu-es__reverse,FORWARD_ENTAILMENT
dico_phrasis_0001909__en-es__forward,FORWARD_ENTAILMENT
dico_phrasis_0001909__en-es__reverse,FORWARD_ENTAILMENT
dico_phrasis_0001909__en-eu__forward,FORWARD_ENTAILMENT
dico_phrasis_0001909__en-eu__reverse,FORWARD_ENTAILMENT
dico_phrasis_0001909__es-en__forward,FORWARD_ENTAILMENT
dico_phrasis_0001909__es-en__reverse,FORWARD_ENTAILMENT
dico_phrasis_0001909__es-eu__forward,FORWARD_ENTAILMENT
dico_phrasis_0001909__es-eu__reverse,FORWARD_ENTAILMENT
dico_phrasis_0001909__eu-en__forward,FORWARD_ENTAILMENT
dico_phrasis_0001909__eu-en__reverse,FORWARD_ENTAILMENT
dico_phrasis_0001909__eu-es__forward,FORWARD_ENTAILMENT
dico_phrasis_0001909__eu-es__reverse,FORWARD_ENTAILMENT
dico_phrasis_0001910__en-es__forward,FORWARD_ENTAILMENT
dico_phrasis_0001910__en-es__reverse,FORWARD_ENTAILMENT
dico_phrasis_0001910__en-eu__forward,FORWARD_ENTAILMENT
dico_phrasis_0001910__en-eu__reverse,FORWARD_ENTAILMENT
dico_phrasis_0001910__es-en__forward,FORWARD_ENTAILMENT
dico_phrasis_0001910__es-en__reverse,FORWARD_ENTAILMENT
dico_phrasis_0001910__es-eu__forward,FORWARD_ENTAILMENT
dico_phrasis_0001910__es-eu__reverse,FORWARD_ENTAILMENT
dico_phrasis_0001910__eu-en__forward,FORWARD_ENTAILMENT
dico_phrasis_0001910__eu-en__reverse,FORWARD_ENTAILMENT
dico_phrasis_0001910__eu-es__forward,FORWARD_ENTAILMENT
dico_phrasis_0001910__eu-es__reverse,FORWARD_ENTAILMENT
dico_phrasis_0001924__en-es__forward,FORWARD_ENTAILMENT
dico_phrasis_0001924__en-es__reverse,FORWARD_ENTAILMENT
dico_phrasis_0001924__en-eu__forward,FORWARD_ENTAILMENT
dico_phrasis_0001924__en-eu__reverse,FORWARD_ENTAILMENT
dico_phrasis_0001924__es-en__forward,FORWARD_ENTAILMENT
dico_phrasis_0001924__es-en__reverse,FORWARD_ENTAILMENT
dico_phrasis_0001924__es-eu__forward,FORWARD_ENTAILMENT
dico_phrasis_0001924__es-eu__reverse,FORWARD_ENTAILMENT
dico_phrasis_0001924__eu-en__forward,FORWARD_ENTAILMENT
dico_phrasis_0001924__eu-en__reverse,FORWARD_ENTAILMENT
dico_phrasis_0001924__eu-es__forward,FORWARD_ENTAILMENT
dico_phrasis_0001924__eu-es__reverse,FORWARD_ENTAILMENT
dico_phrasis_0001925__en-es__forward,FORWARD_ENTAILMENT
dico_phrasis_0001925__en-es__reverse,FORWARD_ENTAILMENT
dico_phrasis_0001925__en-eu__forward,FORWARD_ENTAILMENT
dico_phrasis_0001925__en-eu__reverse,FORWARD_ENTAILMENT
dico_phrasis_0001925__es-en__forward,FORWARD_ENTAILMENT
dico_phrasis_0001925__es-en__reverse,FORWARD_ENTAILMENT
dico_phrasis_0001925__es-eu__forward,FORWARD_ENTAILMENT
dico_phrasis_0001925__es-eu__reverse,FORWARD_ENTAILMENT
dico_phrasis_0001925__eu-en__forward,FORWARD_ENTAILMENT
dico_phrasis_0001925__eu-en__reverse,FORWARD_ENTAILMENT
dico_phrasis_0001925__eu-es__forward,FORWARD_ENTAILMENT
dico_phrasis_0001925__eu-es__reverse,FORWARD_ENTAILMENT
dico_phrasis_0001927__en-es__forward,FORWARD_ENTAILMENT
dico_phrasis_0001927__en-es__reverse,FORWARD_ENTAILMENT
dico_phrasis_0001927__en-eu__forward,FORWARD_ENTAILMENT
dico_phrasis_0001927__en-eu__reverse,FORWARD_ENTAILMENT
dico_phrasis_0001927__es-en__forward,FORWARD_ENTAILMENT
dico_phrasis_0001927__es-en__reverse,FORWARD_ENTAILMENT
dico_phrasis_0001927__es-eu__forward,FORWARD_ENTAILMENT
dico_phrasis_0001927__es-eu__reverse,FORWARD_ENTAILMENT
dico_phrasis_0001927__eu-en__forward,FORWARD_ENTAILMENT
dico_phrasis_0001927__eu-en__reverse,FORWARD_ENTAILMENT
dico_phrasis_0001927__eu-es__forward,FORWARD_ENTAILMENT
dico_phrasis_0001927__eu-es__reverse,FORWARD_ENTAILMENT
dico_phrasis_0001930__en-es__forward,FORWARD_ENTAILMENT
dico_phrasis_0001930__en-es__reverse,FORWARD_ENTAILMENT
dico_phrasis_0001930__en-eu__forward,FORWARD_ENTAILMENT
dico_phrasis_0001930__en-eu__reverse,FORWARD_ENTAILMENT
dico_phrasis_0001930__es-en__forward,FORWARD_ENTAILMENT
dico_phrasis_0001930__es-en__reverse,FORWARD_ENTAILMENT
dico_phrasis_0001930__es-eu__forward,FORWARD_ENTAILMENT
dico_phrasis_0001930__es-eu__reverse,FORWARD_ENTAILMENT
dico_phrasis_0001930__eu-en__forward,FORWARD_ENTAILMENT
dico_phrasis_0001930__eu-en__reverse,FORWARD_ENTAILMENT
dico_phrasis_0001930__eu-es__forward,FORWARD_ENTAILMENT
dico_phrasis_0001930__eu-es__reverse,FORWARD_ENTAILMENT
dico_phrasis_0001941__en-es__forward,FORWARD_ENTAILMENT
dico_phrasis_0001941__en-es__reverse,FORWARD_ENTAILMENT
dico_phrasis_0001941__en-eu__forward,FORWARD_ENTAILMENT
dico_phrasis_0001941__en-eu__reverse,FORWARD_ENTAILMENT
dico_phrasis_0001941__es-en__forward,FORWARD_ENTAILMENT
dico_phrasis_0001941__es-en__reverse,FORWARD_ENTAILMENT
dico_phrasis_0001941__es-eu__forward,FORWARD_ENTAILMENT
dico_phrasis_0001941__es-eu__reverse,FORWARD_ENTAILMENT
dico_phrasis_0001941__eu-en__forward,FORWARD_ENTAILMENT
dico_phrasis_0001941__eu-en__reverse,FORWARD_ENTAILMENT
dico_phrasis_0001941__eu-es__forward,FORWARD_ENTAILMENT
dico_phrasis_0001941__eu-es__reverse,FORWARD_ENTAILMENT
dico_phrasis_0001944__en-es__forward,FORWARD_ENTAILMENT
dico_phrasis_0001944__en-es__reverse,FORWARD_ENTAILMENT
dico_phrasis_0001944__en-eu__forward,FORWARD_ENTAILMENT
dico_phrasis_0001944__en-eu__reverse,FORWARD_ENTAILMENT
dico_phrasis_0001944__es-en__forward,FORWARD_ENTAILMENT
dico_phrasis_0001944__es-en__reverse,FORWARD_ENTAILMENT
dico_phrasis_0001944__es-eu__forward,FORWARD_ENTAILMENT
dico_phrasis_0001944__es-eu__reverse,FORWARD_ENTAILMENT
dico_phrasis_0001944__eu-en__forward,FORWARD_ENTAILMENT
dico_phrasis_0001944__eu-en__reverse,FORWARD_ENTAILMENT
dico_phrasis_0001944__eu-es__forward,FORWARD_ENTAILMENT
dico_phrasis_0001944__eu-es__reverse,FORWARD_ENTAILMENT
dico_phrasis_0002031__en-es__forward,FORWARD_ENTAILMENT
dico_phrasis_0002031__en-eu__forward,FORWARD_ENTAILMENT
dico_phrasis_0002031__es-en__forward,FORWARD_ENTAILMENT
dico_phrasis_0002031__es-eu__forward,FORWARD_ENTAILMENT
dico_phrasis_0002031__eu-en__forward,FORWARD_ENTAILMENT
dico_phrasis_0002031__eu-es__forward,FORWARD_ENTAILMENT
dico_phrasis_0002081__en-es__forward,FORWARD_ENTAILMENT
dico_phrasis_0002081__en-eu__forward,FORWARD_ENTAILMENT
dico_phrasis_0002081__es-en__forward,FORWARD_ENTAILMENT
dico_phrasis_0002081__es-eu__forward,FORWARD_ENTAILMENT
dico_phrasis_0002081__eu-en__forward,FORWARD_ENTAILMENT
dico_phrasis_0002081__eu-es__forward,FORWARD_ENTAILMENT
dico_phrasis_0002147__en-es__forward,FORWARD_ENTAILMENT
dico_phrasis_0002147__en-eu__forward,FORWARD_ENTAILMENT
dico_phrasis_0002147__es-en__forward,FORWARD_ENTAILMENT
dico_phrasis_0002147__es-eu__forward,FORWARD_ENTAILMENT
dico_phrasis_0002147__eu-en__forward,FORWARD_ENTAILMENT
dico_phrasis_0002147__eu-es__forward,FORWARD_ENTAILMENT
dico_phrasis_0002296__en-es__forward,FORWARD_ENTAILMENT
dico_phrasis_0002296__en-eu__forward,FORWARD_ENTAILMENT
dico_phrasis_0002296__es-en__forward,FORWARD_ENTAILMENT
dico_phrasis_0002296__es-eu__forward,FORWARD_ENTAILMENT
dico_phrasis_0002296__eu-en__forward,FORWARD_ENTAILMENT
dico_phrasis_0002296__eu-es__forward,FORWARD_ENTAILMENT
dico_phrasis_0002310__en-es__forward,FORWARD_ENTAILMENT
dico_phrasis_0002310__en-eu__forward,FORWARD_ENTAILMENT
dico_phrasis_0002310__es-en__forward,FORWARD_ENTAILMENT
dico_phrasis_0002310__es-eu__forward,FORWARD_ENTAILMENT
dico_phrasis_0002310__eu-en__forward,FORWARD_ENTAILMENT
dico_phrasis_0002310__eu-es__forward,FORWARD_ENTAILMENT
dico_phrasis_0002348__en-es__forward,FORWARD_ENTAILMENT
dico_phrasis_0002348__en-eu__forward,FORWARD_ENTAILMENT
dico_phrasis_0002348__es-en__forward,FORWARD_ENTAILMENT
dico_phrasis_0002348__es-eu__forward,FORWARD_ENTAILMENT
dico_phrasis_0002348__eu-en__forward,FORWARD_ENTAILMENT
dico_phrasis_0002348__eu-es__forward,FORWARD_ENTAILMENT
dico_phrasis_0002385__en-es__forward,FORWARD_ENTAILMENT
dico_phrasis_0002385__en-eu__forward,FORWARD_ENTAILMENT
dico_phrasis_0002385__es-en__forward,FORWARD_ENTAILMENT
dico_phrasis_0002385__es-eu__forward,FORWARD_ENTAILMENT
dico_phrasis_0002385__eu-en__forward,FORWARD_ENTAILMENT
dico_phrasis_0002385__eu-es__forward,FORWARD_ENTAILMENT
dico_phrasis_0002454__en-es__forward,FORWARD_ENTAILMENT
dico_phrasis_0002454__en-eu__forward,FORWARD_ENTAILMENT
dico_phrasis_0002454__es-en__forward,FORWARD_ENTAILMENT
dico_phrasis_0002454__es-eu__forward,FORWARD_ENTAILMENT
dico_phrasis_0002454__eu-en__forward,FORWARD_ENTAILMENT
dico_phrasis_0002454__eu-es__forward,FORWARD_ENTAILMENT
dico_phrasis_0002615__en-es__forward,FORWARD_ENTAILMENT
dico_phrasis_0002615__en-eu__forward,FORWARD_ENTAILMENT
dico_phrasis_0002615__es-en__forward,FORWARD_ENTAILMENT
dico_phrasis_0002615__es-eu__forward,FORWARD_ENTAILMENT
dico_phrasis_0002615__eu-en__forward,FORWARD_ENTAILMENT
dico_phrasis_0002615__eu-es__forward,FORWARD_ENTAILMENT
dico_phrasis_0002630__en-es__forward,FORWARD_ENTAILMENT
dico_phrasis_0002630__en-eu__forward,FORWARD_ENTAILMENT
dico_phrasis_0002630__es-en__forward,FORWARD_ENTAILMENT
dico_phrasis_0002630__es-eu__forward,FORWARD_ENTAILMENT
dico_phrasis_0002630__eu-en__forward,FORWARD_ENTAILMENT
dico_phrasis_0002630__eu-es__forward,FORWARD_ENTAILMENT
dico_phrasis_0002684__en-es__forward,FORWARD_ENTAILMENT
dico_phrasis_0002684__en-eu__forward,FORWARD_ENTAILMENT
dico_phrasis_0002684__es-en__forward,FORWARD_ENTAILMENT
dico_phrasis_0002684__es-eu__forward,FORWARD_ENTAILMENT
dico_phrasis_0002684__eu-en__forward,FORWARD_ENTAILMENT
dico_phrasis_0002684__eu-es__forward,FORWARD_ENTAILMENT
dico_phrasis_0002803__en-es__forward,FORWARD_ENTAILMENT
dico_phrasis_0002803__en-eu__forward,FORWARD_ENTAILMENT
dico_phrasis_0002803__es-en__forward,FORWARD_ENTAILMENT
dico_phrasis_0002803__es-eu__forward,FORWARD_ENTAILMENT
dico_phrasis_0002803__eu-en__forward,FORWARD_ENTAILMENT
dico_phrasis_0002803__eu-es__forward,FORWARD_ENTAILMENT
dico_phrasis_0003058__en-es__forward,FORWARD_ENTAILMENT
dico_phrasis_0003058__en-eu__forward,FORWARD_ENTAILMENT
dico_phrasis_0003058__es-en__forward,FORWARD_ENTAILMENT
dico_phrasis_0003058__es-eu__forward,FORWARD_ENTAILMENT
dico_phrasis_0003058__eu-en__forward,FORWARD_ENTAILMENT
dico_phrasis_0003058__eu-es__forward,FORWARD_ENTAILMENT
dico_phrasis_0003147__en-es__forward,FORWARD_ENTAILMENT
dico_phrasis_0003147__en-eu__forward,FORWARD_ENTAILMENT
dico_phrasis_0003147__es-en__forward,FORWARD_ENTAILMENT
dico_phrasis_0003147__es-eu__forward,FORWARD_ENTAILMENT
dico_phrasis_0003147__eu-en__forward,FORWARD_ENTAILMENT
dico_phrasis_0003147__eu-es__forward,FORWARD_ENTAILMENT
dico_phrasis_0003160__en-es__forward,FORWARD_ENTAILMENT
dico_phrasis_0003160__en-eu__forward,FORWARD_ENTAILMENT
dico_phrasis_0003160__es-en__forward,FORWARD_ENTAILMENT
dico_phrasis_0003160__es-eu__forward,FORWARD_ENTAILMENT
dico_phrasis_0003160__eu-en__forward,FORWARD_ENTAILMENT
dico_phrasis_0003160__eu-es__forward,FORWARD_ENTAILMENT
dico_phrasis_0003230__en-es__forward,FORWARD_ENTAILMENT
dico_phrasis_0003230__en-eu__forward,FORWARD_ENTAILMENT
dico_phrasis_0003230__es-en__forward,FORWARD_ENTAILMENT
dico_phrasis_0003230__es-eu__forward,FORWARD_ENTAILMENT
dico_phrasis_0003230__eu-en__forward,FORWARD_ENTAILMENT
dico_phrasis_0003230__eu-es__forward,FORWARD_ENTAILMENT
dico_phrasis_0003261__en-es__forward,FORWARD_ENTAILMENT
dico_phrasis_0003261__en-eu__forward,FORWARD_ENTAILMENT
dico_phrasis_0003261__es-en__forward,FORWARD_ENTAILMENT
dico_phrasis_0003261__es-eu__forward,FORWARD_ENTAILMENT
dico_phrasis_0003261__eu-en__forward,FORWARD_ENTAILMENT
dico_phrasis_0003261__eu-es__forward,FORWARD_ENTAILMENT
dico_phrasis_0003286__en-es__forward,FORWARD_ENTAILMENT
dico_phrasis_0003286__en-eu__forward,FORWARD_ENTAILMENT
dico_phrasis_0003286__es-en__forward,FORWARD_ENTAILMENT
dico_phrasis_0003286__es-eu__forward,FORWARD_ENTAILMENT
dico_phrasis_0003286__eu-en__forward,FORWARD_ENTAILMENT
dico_phrasis_0003286__eu-es__forward,FORWARD_ENTAILMENT
dico_phrasis_0003558__en-es__forward,FORWARD_ENTAILMENT
dico_phrasis_0003558__en-eu__forward,FORWARD_ENTAILMENT
dico_phrasis_0003558__es-en__forward,FORWARD_ENTAILMENT
dico_phrasis_0003558__es-eu__forward,FORWARD_ENTAILMENT
dico_phrasis_0003558__eu-en__forward,FORWARD_ENTAILMENT
dico_phrasis_0003558__eu-es__forward,FORWARD_ENTAILMENT
dico_phrasis_0003600__en-es__forward,FORWARD_ENTAILMENT
dico_phrasis_0003600__en-eu__forward,FORWARD_ENTAILMENT
dico_phrasis_0003600__es-en__forward,FORWARD_ENTAILMENT
dico_phrasis_0003600__es-eu__forward,FORWARD_ENTAILMENT
dico_phrasis_0003600__eu-en__forward,FORWARD_ENTAILMENT
dico_phrasis_0003600__eu-es__forward,FORWARD_ENTAILMENT
dico_phrasis_0003681__en-es__forward,FORWARD_ENTAILMENT
dico_phrasis_0003681__en-eu__forward,FORWARD_ENTAILMENT
dico_phrasis_0003681__es-en__forward,FORWARD_ENTAILMENT
dico_phrasis_0003681__es-eu__forward,FORWARD_ENTAILMENT
dico_phrasis_0003681__eu-en__forward,FORWARD_ENTAILMENT
dico_phrasis_0003681__eu-es__forward,FORWARD_ENTAILMENT
dico_phrasis_0003754__en-es__forward,FORWARD_ENTAILMENT
dico_phrasis_0003754__en-eu__forward,FORWARD_ENTAILMENT
dico_phrasis_0003754__es-en__forward,FORWARD_ENTAILMENT
dico_phrasis_0003754__es-eu__forward,FORWARD_ENTAILMENT
dico_phrasis_0003754__eu-en__forward,FORWARD_ENTAILMENT
dico_phrasis_0003754__eu-es__forward,FORWARD_ENTAILMENT
dico_phrasis_0003795__en-es__forward,FORWARD_ENTAILMENT
dico_phrasis_0003795__en-eu__forward,FORWARD_ENTAILMENT
dico_phrasis_0003795__es-en__forward,FORWARD_ENTAILMENT
dico_phrasis_0003795__es-eu__forward,FORWARD_ENTAILMENT
dico_phrasis_0003795__eu-en__forward,FORWARD_ENTAILMENT
dico_phrasis_0003795__eu-es__forward,FORWARD_ENTAILMENT
dico_phrasis_0003800__en-es__forward,FORWARD_ENTAILMENT
dico_phrasis_0003800__en-eu__forward,FORWARD_ENTAILMENT
dico_phrasis_0003800__es-en__forward,FORWARD_ENTAILMENT
dico_phrasis_0003800__es-eu__forward,FORWARD_ENTAILMENT
dico_phrasis_0003800__eu-en__forward,FORWARD_ENTAILMENT
dico_phrasis_0003800__eu-es__forward,FORWARD_ENTAILMENT
dico_phrasis_0003857__en-es__forward,FORWARD_ENTAILMENT
dico_phrasis_0003857__en-eu__forward,FORWARD_ENTAILMENT
dico_phrasis_0003857__es-en__forward,FORWARD_ENTAILMENT
dico_phrasis_0003857__es-eu__forward,FORWARD_ENTAILMENT
dico_phrasis_0003857__eu-en__forward,FORWARD_ENTAILMENT
dico_phrasis_0003857__eu-es__forward,FORWARD_ENTAILMENT
dico_phrasis_0003892__en-es__forward,FORWARD_ENTAILMENT
dico_phrasis_0003892__en-eu__forward,FORWARD_ENTAILMENT
dico_phrasis_0003892__es-en__forward,FORWARD_ENTAILMENT
dico_phrasis_0003892__es-eu__forward,FORWARD_ENTAILMENT
dico_phrasis_0003892__eu-en__forward,FORWARD_ENTAILMENT
dico_phrasis_0003892__eu-es__forward,FORWARD_ENTAILMENT
dico_phrasis_0003938__en-es__forward,FORWARD_ENTAILMENT
dico_phrasis_0003938__en-eu__forward,FORWARD_ENTAILMENT
dico_phrasis_0003938__es-en__forward,FORWARD_ENTAILMENT
dico_phrasis_0003938__es-eu__forward,FORWARD_ENTAILMENT
dico_phrasis_0003938__eu-en__forward,FORWARD_ENTAILMENT
dico_phrasis_0003938__eu-es__forward,FORWARD_ENTAILMENT
dico_phrasis_0003972__en-es__forward,FORWARD_ENTAILMENT
dico_phrasis_0003972__en-eu__forward,FORWARD_ENTAILMENT
dico_phrasis_0003972__es-en__forward,FORWARD_ENTAILMENT
dico_phrasis_0003972__es-eu__forward,FORWARD_ENTAILMENT
dico_phrasis_0003972__eu-en__forward,FORWARD_ENTAILMENT
dico_phrasis_0003972__eu-es__forward,FORWARD_ENTAILMENT
dico_phrasis_0003995__en-es__forward,FORWARD_ENTAILMENT
dico_phrasis_0003995__en-eu__forward,FORWARD_ENTAILMENT
dico_phrasis_0003995__es-en__forward,FORWARD_ENTAILMENT
dico_phrasis_0003995__es-eu__forward,FORWARD_ENTAILMENT
dico_phrasis_0003995__eu-en__forward,FORWARD_ENTAILMENT
dico_phrasis_0003995__eu-es__forward,FORWARD_ENTAILMENT
dico_phrasis_0004023__en-es__forward,FORWARD_ENTAILMENT
dico_phrasis_0004023__en-eu__forward,FORWARD_ENTAILMENT
dico_phrasis_0004023__es-en__forward,FORWARD_ENTAILMENT
dico_phrasis_0004023__es-eu__forward,FORWARD_ENTAILMENT
dico_phrasis_0004023__eu-en__forward,FORWARD_ENTAILMENT
dico_phrasis_0004023__eu-es__forward,FORWARD_ENTAILMENT
dico_phrasis_0004029__en-es__forward,FORWARD_ENTAILMENT
dico_phrasis_0004029__en-eu__forward,FORWARD_ENTAILMENT
dico_phrasis_0004029__es-en__forward,FORWARD_ENTAILMENT
dico_phrasis_0004029__es-eu__forward,FORWARD_ENTAILMENT
dico_phrasis_0004029__eu-en__forward,FORWARD_ENTAILMENT
dico_phrasis_0004029__eu-es__forward,FORWARD_ENTAILMENT
dico_phrasis_0004038__en-es__forward,FORWARD_ENTAILMENT
dico_phrasis_0004038__en-eu__forward,FORWARD_ENTAILMENT
dico_phrasis_0004038__es-en__forward,FORWARD_ENTAILMENT
dico_phrasis_0004038__es-eu__forward,FORWARD_ENTAILMENT
dico_phrasis_0004038__eu-en__forward,FORWARD_ENTAILMENT
dico_phrasis_0004038__eu-es__forward,FORWARD_ENTAILMENT
dico_phrasis_0004052__en-es__forward,FORWARD_ENTAILMENT
dico_phrasis_0004052__en-eu__forward,FORWARD_ENTAILMENT
dico_phrasis_0004052__es-en__forward,FORWARD_ENTAILMENT
dico_phrasis_0004052__es-eu__forward,FORWARD_ENTAILMENT
dico_phrasis_0004052__eu-en__forward,FORWARD_ENTAILMENT
dico_phrasis_0004052__eu-es__forward,FORWARD_ENTAILMENT
dico_phrasis_0004056__en-es__forward,FORWARD_ENTAILMENT
dico_phrasis_0004056__en-eu__forward,FORWARD_ENTAILMENT
dico_phrasis_0004056__es-en__forward,FORWARD_ENTAILMENT
dico_phrasis_0004056__es-eu__forward,FORWARD_ENTAILMENT
dico_phrasis_0004056__eu-en__forward,FORWARD_ENTAILMENT
dico_phrasis_0004056__eu-es__forward,FORWARD_ENTAILMENT
dico_phrasis_0004145__en-es__forward,FORWARD_ENTAILMENT
dico_phrasis_0004145__en-eu__forward,FORWARD_ENTAILMENT
dico_phrasis_0004145__es-en__forward,FORWARD_ENTAILMENT
dico_phrasis_0004145__es-eu__forward,FORWARD_ENTAILMENT
dico_phrasis_0004145__eu-en__forward,FORWARD_ENTAILMENT
dico_phrasis_0004145__eu-es__forward,FORWARD_ENTAILMENT
dico_phrasis_0004245__en-es__forward,FORWARD_ENTAILMENT
dico_phrasis_0004245__en-eu__forward,FORWARD_ENTAILMENT
dico_phrasis_0004245__es-en__forward,FORWARD_ENTAILMENT
dico_phrasis_0004245__es-eu__forward,FORWARD_ENTAILMENT
dico_phrasis_0004245__eu-en__forward,FORWARD_ENTAILMENT
dico_phrasis_0004245__eu-es__forward,FORWARD_ENTAILMENT
dico_phrasis_0004262__en-es__forward,FORWARD_ENTAILMENT
dico_phrasis_0004262__en-eu__forward,FORWARD_ENTAILMENT
dico_phrasis_0004262__es-en__forward,FORWARD_ENTAILMENT
dico_phrasis_0004262__es-eu__forward,FORWARD_ENTAILMENT
dico_phrasis_0004262__eu-en__forward,FORWARD_ENTAILMENT
dico_phrasis_0004262__eu-es__forward,FORWARD_ENTAILMENT
dico_phrasis_0004271__en-es__forward,FORWARD_ENTAILMENT
dico_phrasis_0004271__en-eu__forward,FORWARD_ENTAILMENT
dico_phrasis_0004271__es-en__forward,FORWARD_ENTAILMENT
dico_phrasis_0004271__es-eu__forward,FORWARD_ENTAILMENT
dico_phrasis_0004271__eu-en__forward,FORWARD_ENTAILMENT
dico_phrasis_0004271__eu-es__forward,FORWARD_ENTAILMENT
dico_phrasis_0004281__en-es__forward,FORWARD_ENTAILMENT
dico_phrasis_0004281__en-eu__forward,FORWARD_ENTAILMENT
dico_phrasis_0004281__es-en__forward,FORWARD_ENTAILMENT
dico_phrasis_0004281__es-eu__forward,FORWARD_ENTAILMENT
dico_phrasis_0004281__eu-en__forward,FORWARD_ENTAILMENT
dico_phrasis_0004281__eu-es__forward,FORWARD_ENTAILMENT
dico_phrasis_0004414__en-es__forward,FORWARD_ENTAILMENT
dico_phrasis_0004414__en-eu__forward,FORWARD_ENTAILMENT
dico_phrasis_0004414__es-en__forward,FORWARD_ENTAILMENT
dico_phrasis_0004414__es-eu__forward,FORWARD_ENTAILMENT
dico_phrasis_0004414__eu-en__forward,FORWARD_ENTAILMENT
dico_phrasis_0004414__eu-es__forward,FORWARD_ENTAILMENT
dico_phrasis_0004432__en-es__forward,FORWARD_ENTAILMENT
dico_phrasis_0004432__en-eu__forward,FORWARD_ENTAILMENT
dico_phrasis_0004432__es-en__forward,FORWARD_ENTAILMENT
dico_phrasis_0004432__es-eu__forward,FORWARD_ENTAILMENT
dico_phrasis_0004432__eu-en__forward,FORWARD_ENTAILMENT
dico_phrasis_0004432__eu-es__forward,FORWARD_ENTAILMENT
dico_phrasis_0004530__en-es__forward,FORWARD_ENTAILMENT
dico_phrasis_0004530__en-eu__forward,FORWARD_ENTAILMENT
dico_phrasis_0004530__es-en__forward,FORWARD_ENTAILMENT
dico_phrasis_0004530__es-eu__forward,FORWARD_ENTAILMENT
dico_phrasis_0004530__eu-en__forward,FORWARD_ENTAILMENT
dico_phrasis_0004530__eu-es__forward,FORWARD_ENTAILMENT
dico_phrasis_0004719__en-es__forward,FORWARD_ENTAILMENT
dico_phrasis_0004719__en-eu__forward,FORWARD_ENTAILMENT
dico_phrasis_0004719__es-en__forward,FORWARD_ENTAILMENT
dico_phrasis_0004719__es-eu__forward,FORWARD_ENTAILMENT
dico_phrasis_0004719__eu-en__forward,FORWARD_ENTAILMENT
dico_phrasis_0004719__eu-es__forward,FORWARD_ENTAILMENT
dico_phrasis_0004743__en-es__forward,FORWARD_ENTAILMENT
dico_phrasis_0004743__en-eu__forward,FORWARD_ENTAILMENT
dico_phrasis_0004743__es-en__forward,FORWARD_ENTAILMENT
dico_phrasis_0004743__es-eu__forward,FORWARD_ENTAILMENT
dico_phrasis_0004743__eu-en__forward,FORWARD_ENTAILMENT
dico_phrasis_0004743__eu-es__forward,FORWARD_ENTAILMENT
dico_phrasis_0004755__en-es__forward,FORWARD_ENTAILMENT
dico_phrasis_0004755__en-eu__forward,FORWARD_ENTAILMENT
dico_phrasis_0004755__es-en__forward,FORWARD_ENTAILMENT
dico_phrasis_0004755__es-eu__forward,FORWARD_ENTAILMENT
dico_phrasis_0004755__eu-en__forward,FORWARD_ENTAILMENT
dico_phrasis_0004755__eu-es__forward,FORWARD_ENTAILMENT
dico_phrasis_0004825__en-es__forward,FORWARD_ENTAILMENT
dico_phrasis_0004825__en-eu__forward,FORWARD_ENTAILMENT
dico_phrasis_0004825__es-en__forward,FORWARD_ENTAILMENT
dico_phrasis_0004825__es-eu__forward,FORWARD_ENTAILMENT
dico_phrasis_0004825__eu-en__forward,FORWARD_ENTAILMENT
dico_phrasis_0004825__eu-es__forward,FORWARD_ENTAILMENT
dico_phrasis_0004931__en-es__forward,FORWARD_ENTAILMENT
dico_phrasis_0004931__en-eu__forward,FORWARD_ENTAILMENT
dico_phrasis_0004931__es-en__forward,FORWARD_ENTAILMENT
dico_phrasis_0004931__es-eu__forward,FORWARD_ENTAILMENT
dico_phrasis_0004931__eu-en__forward,FORWARD_ENTAILMENT
dico_phrasis_0004931__eu-es__forward,FORWARD_ENTAILMENT
dico_phrasis_0004965__en-es__forward,FORWARD_ENTAILMENT
dico_phrasis_0004965__en-eu__forward,FORWARD_ENTAILMENT
dico_phrasis_0004965__es-en__forward,FORWARD_ENTAILMENT
dico_phrasis_0004965__es-eu__forward,FORWARD_ENTAILMENT
dico_phrasis_0004965__eu-en__forward,FORWARD_ENTAILMENT
dico_phrasis_0004965__eu-es__forward,FORWARD_ENTAILMENT
dico_phrasis_0005233__en-es__forward,FORWARD_ENTAILMENT
dico_phrasis_0005233__en-eu__forward,FORWARD_ENTAILMENT
dico_phrasis_0005233__es-en__forward,FORWARD_ENTAILMENT
dico_phrasis_0005233__es-eu__forward,FORWARD_ENTAILMENT
dico_phrasis_0005233__eu-en__forward,FORWARD_ENTAILMENT
dico_phrasis_0005233__eu-es__forward,FORWARD_ENTAILMENT
dico_phrasis_0005355__en-es__forward,FORWARD_ENTAILMENT
dico_phrasis_0005355__en-eu__forward,FORWARD_ENTAILMENT
dico_phrasis_0005355__es-en__forward,FORWARD_ENTAILMENT
dico_phrasis_0005355__es-eu__forward,FORWARD_ENTAILMENT
dico_phrasis_0005355__eu-en__forward,FORWARD_ENTAILMENT
dico_phrasis_0005355__eu-es__forward,FORWARD_ENTAILMENT
dico_phrasis_0005451__en-es__forward,FORWARD_ENTAILMENT
dico_phrasis_0005451__en-eu__forward,FORWARD_ENTAILMENT
dico_phrasis_0005451__es-en__forward,FORWARD_ENTAILMENT
dico_phrasis_0005451__es-eu__forward,FORWARD_ENTAILMENT
dico_phrasis_0005451__eu-en__forward,FORWARD_ENTAILMENT
dico_phrasis_0005451__eu-es__forward,FORWARD_ENTAILMENT
dico_phrasis_0005509__en-es__forward,FORWARD_ENTAILMENT
dico_phrasis_0005509__en-eu__forward,FORWARD_ENTAILMENT
dico_phrasis_0005509__es-en__forward,FORWARD_ENTAILMENT
dico_phrasis_0005509__es-eu__forward,FORWARD_ENTAILMENT
dico_phrasis_0005509__eu-en__forward,FORWARD_ENTAILMENT
dico_phrasis_0005509__eu-es__forward,FORWARD_ENTAILMENT
dico_phrasis_0005541__en-es__forward,FORWARD_ENTAILMENT
dico_phrasis_0005541__en-eu__forward,FORWARD_ENTAILMENT
dico_phrasis_0005541__es-en__forward,FORWARD_ENTAILMENT
dico_phrasis_0005541__es-eu__forward,FORWARD_ENTAILMENT
dico_phrasis_0005541__eu-en__forward,FORWARD_ENTAILMENT
dico_phrasis_0005541__eu-es__forward,FORWARD_ENTAILMENT
dico_phrasis_0005636__en-es__forward,FORWARD_ENTAILMENT
dico_phrasis_0005636__en-eu__forward,FORWARD_ENTAILMENT
dico_phrasis_0005636__es-en__forward,FORWARD_ENTAILMENT
dico_phrasis_0005636__es-eu__forward,FORWARD_ENTAILMENT
dico_phrasis_0005636__eu-en__forward,FORWARD_ENTAILMENT
dico_phrasis_0005636__eu-es__forward,FORWARD_ENTAILMENT
dico_phrasis_0005736__en-es__forward,FORWARD_ENTAILMENT
dico_phrasis_0005736__en-eu__forward,FORWARD_ENTAILMENT
dico_phrasis_0005736__es-en__forward,FORWARD_ENTAILMENT
dico_phrasis_0005736__es-eu__forward,FORWARD_ENTAILMENT
dico_phrasis_0005736__eu-en__forward,FORWARD_ENTAILMENT
dico_phrasis_0005736__eu-es__forward,FORWARD_ENTAILMENT
dico_phrasis_0005741__en-es__forward,FORWARD_ENTAILMENT
dico_phrasis_0005741__en-eu__forward,FORWARD_ENTAILMENT
dico_phrasis_0005741__es-en__forward,FORWARD_ENTAILMENT
dico_phrasis_0005741__es-eu__forward,FORWARD_ENTAILMENT
dico_phrasis_0005741__eu-en__forward,FORWARD_ENTAILMENT
dico_phrasis_0005741__eu-es__forward,FORWARD_ENTAILMENT
dico_phrasis_0005768__en-es__forward,FORWARD_ENTAILMENT
dico_phrasis_0005768__en-eu__forward,FORWARD_ENTAILMENT
dico_phrasis_0005768__es-en__forward,FORWARD_ENTAILMENT
dico_phrasis_0005768__es-eu__forward,FORWARD_ENTAILMENT
dico_phrasis_0005768__eu-en__forward,FORWARD_ENTAILMENT
dico_phrasis_0005768__eu-es__forward,FORWARD_ENTAILMENT
dico_phrasis_0005778__en-es__forward,FORWARD_ENTAILMENT
dico_phrasis_0005778__en-eu__forward,FORWARD_ENTAILMENT
dico_phrasis_0005778__es-en__forward,FORWARD_ENTAILMENT
dico_phrasis_0005778__es-eu__forward,FORWARD_ENTAILMENT
dico_phrasis_0005778__eu-en__forward,FORWARD_ENTAILMENT
dico_phrasis_0005778__eu-es__forward,FORWARD_ENTAILMENT
dico_phrasis_0005889__en-es__forward,FORWARD_ENTAILMENT
dico_phrasis_0005889__en-eu__forward,FORWARD_ENTAILMENT
dico_phrasis_0005889__es-en__forward,FORWARD_ENTAILMENT
dico_phrasis_0005889__es-eu__forward,FORWARD_ENTAILMENT
dico_phrasis_0005889__eu-en__forward,FORWARD_ENTAILMENT
dico_phrasis_0005889__eu-es__forward,FORWARD_ENTAILMENT
dico_phrasis_0005934__en-es__forward,FORWARD_ENTAILMENT
dico_phrasis_0005934__en-eu__forward,FORWARD_ENTAILMENT
dico_phrasis_0005934__es-en__forward,FORWARD_ENTAILMENT
dico_phrasis_0005934__es-eu__forward,FORWARD_ENTAILMENT
dico_phrasis_0005934__eu-en__forward,FORWARD_ENTAILMENT
dico_phrasis_0005934__eu-es__forward,FORWARD_ENTAILMENT
dico_phrasis_0005972__en-es__forward,FORWARD_ENTAILMENT
dico_phrasis_0005972__en-eu__forward,FORWARD_ENTAILMENT
dico_phrasis_0005972__es-en__forward,FORWARD_ENTAILMENT
dico_phrasis_0005972__es-eu__forward,FORWARD_ENTAILMENT
dico_phrasis_0005972__eu-en__forward,FORWARD_ENTAILMENT
dico_phrasis_0005972__eu-es__forward,FORWARD_ENTAILMENT
dico_phrasis_0006046__en-es__forward,FORWARD_ENTAILMENT
dico_phrasis_0006046__en-eu__forward,FORWARD_ENTAILMENT
dico_phrasis_0006046__es-en__forward,FORWARD_ENTAILMENT
dico_phrasis_0006046__es-eu__forward,FORWARD_ENTAILMENT
dico_phrasis_0006046__eu-en__forward,FORWARD_ENTAILMENT
dico_phrasis_0006046__eu-es__forward,FORWARD_ENTAILMENT
dico_phrasis_0006109__en-es__forward,FORWARD_ENTAILMENT
dico_phrasis_0006109__en-eu__forward,FORWARD_ENTAILMENT
dico_phrasis_0006109__es-en__forward,FORWARD_ENTAILMENT
dico_phrasis_0006109__es-eu__forward,FORWARD_ENTAILMENT
dico_phrasis_0006109__eu-en__forward,FORWARD_ENTAILMENT
dico_phrasis_0006109__eu-es__forward,FORWARD_ENTAILMENT
dico_phrasis_0006155__en-es__forward,FORWARD_ENTAILMENT
dico_phrasis_0006155__en-eu__forward,FORWARD_ENTAILMENT
dico_phrasis_0006155__es-en__forward,FORWARD_ENTAILMENT
dico_phrasis_0006155__es-eu__forward,FORWARD_ENTAILMENT
dico_phrasis_0006155__eu-en__forward,FORWARD_ENTAILMENT
dico_phrasis_0006155__eu-es__forward,FORWARD_ENTAILMENT
dico_phrasis_0006381__en-es__forward,FORWARD_ENTAILMENT
dico_phrasis_0006381__en-eu__forward,FORWARD_ENTAILMENT
dico_phrasis_0006381__es-en__forward,FORWARD_ENTAILMENT
dico_phrasis_0006381__es-eu__forward,FORWARD_ENTAILMENT
dico_phrasis_0006381__eu-en__forward,FORWARD_ENTAILMENT
dico_phrasis_0006381__eu-es__forward,FORWARD_ENTAILMENT
dico_phrasis_0006390__en-es__forward,FORWARD_ENTAILMENT
dico_phrasis_0006390__en-eu__forward,FORWARD_ENTAILMENT
dico_phrasis_0006390__es-en__forward,FORWARD_ENTAILMENT
dico_phrasis_0006390__es-eu__forward,FORWARD_ENTAILMENT
dico_phrasis_0006390__eu-en__forward,FORWARD_ENTAILMENT
dico_phrasis_0006390__eu-es__forward,FORWARD_ENTAILMENT
dico_phrasis_0006408__en-es__forward,FORWARD_ENTAILMENT
dico_phrasis_0006408__en-eu__forward,FORWARD_ENTAILMENT
dico_phrasis_0006408__es-en__forward,FORWARD_ENTAILMENT
dico_phrasis_0006408__es-eu__forward,FORWARD_ENTAILMENT
dico_phrasis_0006408__eu-en__forward,FORWARD_ENTAILMENT
dico_phrasis_0006408__eu-es__forward,FORWARD_ENTAILMENT
dico_phrasis_0006543__en-es__forward,FORWARD_ENTAILMENT
dico_phrasis_0006543__en-eu__forward,FORWARD_ENTAILMENT
dico_phrasis_0006543__es-en__forward,FORWARD_ENTAILMENT
dico_phrasis_0006543__es-eu__forward,FORWARD_ENTAILMENT
dico_phrasis_0006543__eu-en__forward,FORWARD_ENTAILMENT
dico_phrasis_0006543__eu-es__forward,FORWARD_ENTAILMENT
dico_phrasis_0006556__en-es__forward,FORWARD_ENTAILMENT
dico_phrasis_0006556__en-eu__forward,FORWARD_ENTAILMENT
dico_phrasis_0006556__es-en__forward,FORWARD_ENTAILMENT
dico_phrasis_0006556__es-eu__forward,FORWARD_ENTAILMENT
dico_phrasis_0006556__eu-en__forward,FORWARD_ENTAILMENT
dico_phrasis_0006556__eu-es__forward,FORWARD_ENTAILMENT
dico_phrasis_0006564__en-es__forward,FORWARD_ENTAILMENT
dico_phrasis_0006564__en-eu__forward,FORWARD_ENTAILMENT
dico_phrasis_0006564__es-en__forward,FORWARD_ENTAILMENT
dico_phrasis_0006564__es-eu__forward,FORWARD_ENTAILMENT
dico_phrasis_0006564__eu-en__forward,FORWARD_ENTAILMENT
dico_phrasis_0006564__eu-es__forward,FORWARD_ENTAILMENT
dico_phrasis_0006665__en-es__forward,FORWARD_ENTAILMENT
dico_phrasis_0006665__en-eu__forward,FORWARD_ENTAILMENT
dico_phrasis_0006665__es-en__forward,FORWARD_ENTAILMENT
dico_phrasis_0006665__es-eu__forward,FORWARD_ENTAILMENT
dico_phrasis_0006665__eu-en__forward,FORWARD_ENTAILMENT
dico_phrasis_0006665__eu-es__forward,FORWARD_ENTAILMENT
dico_phrasis_0006671__en-es__forward,FORWARD_ENTAILMENT
dico_phrasis_0006671__en-eu__forward,FORWARD_ENTAILMENT
dico_phrasis_0006671__es-en__forward,FORWARD_ENTAILMENT
dico_phrasis_0006671__es-eu__forward,FORWARD_ENTAILMENT
dico_phrasis_0006671__eu-en__forward,FORWARD_ENTAILMENT
dico_phrasis_0006671__eu-es__forward,FORWARD_ENTAILMENT
dico_phrasis_0006843__en-es__forward,FORWARD_ENTAILMENT
dico_phrasis_0006843__en-eu__forward,FORWARD_ENTAILMENT
dico_phrasis_0006843__es-en__forward,FORWARD_ENTAILMENT
dico_phrasis_0006843__es-eu__forward,FORWARD_ENTAILMENT
dico_phrasis_0006843__eu-en__forward,FORWARD_ENTAILMENT
dico_phrasis_0006843__eu-es__forward,FORWARD_ENTAILMENT
dico_phrasis_0006876__en-es__forward,FORWARD_ENTAILMENT
dico_phrasis_0006876__en-eu__forward,FORWARD_ENTAILMENT
dico_phrasis_0006876__es-en__forward,FORWARD_ENTAILMENT
dico_phrasis_0006876__es-eu__forward,FORWARD_ENTAILMENT
dico_phrasis_0006876__eu-en__forward,FORWARD_ENTAILMENT
dico_phrasis_0006876__eu-es__forward,FORWARD_ENTAILMENT
dico_phrasis_0007026__en-es__forward,FORWARD_ENTAILMENT
dico_phrasis_0007026__en-eu__forward,FORWARD_ENTAILMENT
dico_phrasis_0007026__es-en__forward,FORWARD_ENTAILMENT
dico_phrasis_0007026__es-eu__forward,FORWARD_ENTAILMENT
dico_phrasis_0007026__eu-en__forward,FORWARD_ENTAILMENT
dico_phrasis_0007026__eu-es__forward,FORWARD_ENTAILMENT
dico_phrasis_0007053__en-es__forward,FORWARD_ENTAILMENT
dico_phrasis_0007053__en-eu__forward,FORWARD_ENTAILMENT
dico_phrasis_0007053__es-en__forward,FORWARD_ENTAILMENT
dico_phrasis_0007053__es-eu__forward,FORWARD_ENTAILMENT
dico_phrasis_0007053__eu-en__forward,FORWARD_ENTAILMENT
dico_phrasis_0007053__eu-es__forward,FORWARD_ENTAILMENT
dico_phrasis_0007137__en-es__forward,FORWARD_ENTAILMENT
dico_phrasis_0007137__en-eu__forward,FORWARD_ENTAILMENT
dico_phrasis_0007137__es-en__forward,FORWARD_ENTAILMENT
dico_phrasis_0007137__es-eu__forward,FORWARD_ENTAILMENT
dico_phrasis_0007137__eu-en__forward,FORWARD_ENTAILMENT
dico_phrasis_0007137__eu-es__forward,FORWARD_ENTAILMENT
dico_phrasis_0007233__en-es__forward,FORWARD_ENTAILMENT
dico_phrasis_0007233__en-eu__forward,FORWARD_ENTAILMENT
dico_phrasis_0007233__es-en__forward,FORWARD_ENTAILMENT
dico_phrasis_0007233__es-eu__forward,FORWARD_ENTAILMENT
dico_phrasis_0007233__eu-en__forward,FORWARD_ENTAILMENT
dico_phrasis_0007233__eu-es__forward,FORWARD_ENTAILMENT
dico_phrasis_0007240__en-es__forward,FORWARD_ENTAILMENT
dico_phrasis_0007240__en-eu__forward,FORWARD_ENTAILMENT
dico_phrasis_0007240__es-en__forward,FORWARD_ENTAILMENT
dico_phrasis_0007240__es-eu__forward,FORWARD_ENTAILMENT
dico_phrasis_0007240__eu-en__forward,FORWARD_ENTAILMENT
dico_phrasis_0007240__eu-es__forward,FORWARD_ENTAILMENT
dico_phrasis_0007332__en-es__forward,FORWARD_ENTAILMENT
dico_phrasis_0007332__en-eu__forward,FORWARD_ENTAILMENT
dico_phrasis_0007332__es-en__forward,FORWARD_ENTAILMENT
dico_phrasis_0007332__es-eu__forward,FORWARD_ENTAILMENT
dico_phrasis_0007332__eu-en__forward,FORWARD_ENTAILMENT
dico_phrasis_0007332__eu-es__forward,FORWARD_ENTAILMENT
dico_phrasis_0007400__en-es__forward,FORWARD_ENTAILMENT
dico_phrasis_0007400__en-eu__forward,FORWARD_ENTAILMENT
dico_phrasis_0007400__es-en__forward,FORWARD_ENTAILMENT
dico_phrasis_0007400__es-eu__forward,FORWARD_ENTAILMENT
dico_phrasis_0007400__eu-en__forward,FORWARD_ENTAILMENT
dico_phrasis_0007400__eu-es__forward,FORWARD_ENTAILMENT
dico_phrasis_0007467__en-es__forward,FORWARD_ENTAILMENT
dico_phrasis_0007467__en-eu__forward,FORWARD_ENTAILMENT
dico_phrasis_0007467__es-en__forward,FORWARD_ENTAILMENT
dico_phrasis_0007467__es-eu__forward,FORWARD_ENTAILMENT
dico_phrasis_0007467__eu-en__forward,FORWARD_ENTAILMENT
dico_phrasis_0007467__eu-es__forward,FORWARD_ENTAILMENT
dico_phrasis_0007510__en-es__forward,FORWARD_ENTAILMENT
dico_phrasis_0007510__en-eu__forward,FORWARD_ENTAILMENT
dico_phrasis_0007510__es-en__forward,FORWARD_ENTAILMENT
dico_phrasis_0007510__es-eu__forward,FORWARD_ENTAILMENT
dico_phrasis_0007510__eu-en__forward,FORWARD_ENTAILMENT
dico_phrasis_0007510__eu-es__forward,FORWARD_ENTAILMENT
dico_phrasis_0007531__en-es__forward,FORWARD_ENTAILMENT
dico_phrasis_0007531__en-eu__forward,FORWARD_ENTAILMENT
dico_phrasis_0007531__es-en__forward,FORWARD_ENTAILMENT
dico_phrasis_0007531__es-eu__forward,FORWARD_ENTAILMENT
dico_phrasis_0007531__eu-en__forward,FORWARD_ENTAILMENT
dico_phrasis_0007531__eu-es__forward,FORWARD_ENTAILMENT
dico_phrasis_0007655__en-es__forward,FORWARD_ENTAILMENT
dico_phrasis_0007655__en-eu__forward,FORWARD_ENTAILMENT
dico_phrasis_0007655__es-en__forward,FORWARD_ENTAILMENT
dico_phrasis_0007655__es-eu__forward,FORWARD_ENTAILMENT
dico_phrasis_0007655__eu-en__forward,FORWARD_ENTAILMENT
dico_phrasis_0007655__eu-es__forward,FORWARD_ENTAILMENT
dico_phrasis_0007672__en-es__forward,FORWARD_ENTAILMENT
dico_phrasis_0007672__en-eu__forward,FORWARD_ENTAILMENT
dico_phrasis_0007672__es-en__forward,FORWARD_ENTAILMENT
dico_phrasis_0007672__es-eu__forward,FORWARD_ENTAILMENT
dico_phrasis_0007672__eu-en__forward,FORWARD_ENTAILMENT
dico_phrasis_0007672__eu-es__forward,FORWARD_ENTAILMENT
dico_phrasis_0007705__en-es__forward,FORWARD_ENTAILMENT
dico_phrasis_0007705__en-eu__forward,FORWARD_ENTAILMENT
dico_phrasis_0007705__es-en__forward,FORWARD_ENTAILMENT
dico_phrasis_0007705__es-eu__forward,FORWARD_ENTAILMENT
dico_phrasis_0007705__eu-en__forward,FORWARD_ENTAILMENT
dico_phrasis_0007705__eu-es__forward,FORWARD_ENTAILMENT
dico_phrasis_0007721__en-es__forward,FORWARD_ENTAILMENT
dico_phrasis_0007721__en-eu__forward,FORWARD_ENTAILMENT
dico_phrasis_0007721__es-en__forward,FORWARD_ENTAILMENT
dico_phrasis_0007721__es-eu__forward,FORWARD_ENTAILMENT
dico_phrasis_0007721__eu-en__forward,FORWARD_ENTAILMENT
dico_phrasis_0007721__eu-es__forward,FORWARD_ENTAILMENT
dico_phrasis_0007783__en-es__forward,FORWARD_ENTAILMENT
dico_phrasis_0007783__en-eu__forward,FORWARD_ENTAILMENT
dico_phrasis_0007783__es-en__forward,FORWARD_ENTAILMENT
dico_phrasis_0007783__es-eu__forward,FORWARD_ENTAILMENT
dico_phrasis_0007783__eu-en__forward,FORWARD_ENTAILMENT
dico_phrasis_0007783__eu-es__forward,FORWARD_ENTAILMENT
dico_phrasis_0007935__en-es__forward,FORWARD_ENTAILMENT
dico_phrasis_0007935__en-eu__forward,FORWARD_ENTAILMENT
dico_phrasis_0007935__es-en__forward,FORWARD_ENTAILMENT
dico_phrasis_0007935__es-eu__forward,FORWARD_ENTAILMENT
dico_phrasis_0007935__eu-en__forward,FORWARD_ENTAILMENT
dico_phrasis_0007935__eu-es__forward,FORWARD_ENTAILMENT
dico_phrasis_0007963__en-es__forward,FORWARD_ENTAILMENT
dico_phrasis_0007963__en-eu__forward,FORWARD_ENTAILMENT
dico_phrasis_0007963__es-en__forward,FORWARD_ENTAILMENT
dico_phrasis_0007963__es-eu__forward,FORWARD_ENTAILMENT
dico_phrasis_0007963__eu-en__forward,FORWARD_ENTAILMENT
dico_phrasis_0007963__eu-es__forward,FORWARD_ENTAILMENT
dico_phrasis_0007964__en-es__forward,FORWARD_ENTAILMENT
dico_phrasis_0007964__en-eu__forward,FORWARD_ENTAILMENT
dico_phrasis_0007964__es-en__forward,FORWARD_ENTAILMENT
dico_phrasis_0007964__es-eu__forward,FORWARD_ENTAILMENT
dico_phrasis_0007964__eu-en__forward,FORWARD_ENTAILMENT
dico_phrasis_0007964__eu-es__forward,FORWARD_ENTAILMENT
dico_phrasis_0008005__en-es__forward,FORWARD_ENTAILMENT
dico_phrasis_0008005__en-eu__forward,FORWARD_ENTAILMENT
dico_phrasis_0008005__es-en__forward,FORWARD_ENTAILMENT
dico_phrasis_0008005__es-eu__forward,FORWARD_ENTAILMENT
dico_phrasis_0008005__eu-en__forward,FORWARD_ENTAILMENT
dico_phrasis_0008005__eu-es__forward,FORWARD_ENTAILMENT
dico_phrasis_0008019__en-es__forward,FORWARD_ENTAILMENT
dico_phrasis_0008019__en-eu__forward,FORWARD_ENTAILMENT
dico_phrasis_0008019__es-en__forward,FORWARD_ENTAILMENT
dico_phrasis_0008019__es-eu__forward,FORWARD_ENTAILMENT
dico_phrasis_0008019__eu-en__forward,FORWARD_ENTAILMENT
dico_phrasis_0008019__eu-es__forward,FORWARD_ENTAILMENT
dico_phrasis_0008083__en-es__forward,FORWARD_ENTAILMENT
dico_phrasis_0008083__en-eu__forward,FORWARD_ENTAILMENT
dico_phrasis_0008083__es-en__forward,FORWARD_ENTAILMENT
dico_phrasis_0008083__es-eu__forward,FORWARD_ENTAILMENT
dico_phrasis_0008083__eu-en__forward,FORWARD_ENTAILMENT
dico_phrasis_0008083__eu-es__forward,FORWARD_ENTAILMENT
dico_phrasis_0008099__en-es__forward,FORWARD_ENTAILMENT
dico_phrasis_0008099__en-eu__forward,FORWARD_ENTAILMENT
dico_phrasis_0008099__es-en__forward,FORWARD_ENTAILMENT
dico_phrasis_0008099__es-eu__forward,FORWARD_ENTAILMENT
dico_phrasis_0008099__eu-en__forward,FORWARD_ENTAILMENT
dico_phrasis_0008099__eu-es__forward,FORWARD_ENTAILMENT
dico_phrasis_0008155__en-es__forward,FORWARD_ENTAILMENT
dico_phrasis_0008155__en-eu__forward,FORWARD_ENTAILMENT
dico_phrasis_0008155__es-en__forward,FORWARD_ENTAILMENT
dico_phrasis_0008155__es-eu__forward,FORWARD_ENTAILMENT
dico_phrasis_0008155__eu-en__forward,FORWARD_ENTAILMENT
dico_phrasis_0008155__eu-es__forward,FORWARD_ENTAILMENT
dico_phrasis_0008180__en-es__forward,FORWARD_ENTAILMENT
dico_phrasis_0008180__en-eu__forward,FORWARD_ENTAILMENT
dico_phrasis_0008180__es-en__forward,FORWARD_ENTAILMENT
dico_phrasis_0008180__es-eu__forward,FORWARD_ENTAILMENT
dico_phrasis_0008180__eu-en__forward,FORWARD_ENTAILMENT
dico_phrasis_0008180__eu-es__forward,FORWARD_ENTAILMENT
dico_phrasis_0008278__en-es__forward,FORWARD_ENTAILMENT
dico_phrasis_0008278__en-eu__forward,FORWARD_ENTAILMENT
dico_phrasis_0008278__es-en__forward,FORWARD_ENTAILMENT
dico_phrasis_0008278__es-eu__forward,FORWARD_ENTAILMENT
dico_phrasis_0008278__eu-en__forward,FORWARD_ENTAILMENT
dico_phrasis_0008278__eu-es__forward,FORWARD_ENTAILMENT
dico_phrasis_0008478__en-es__forward,FORWARD_ENTAILMENT
dico_phrasis_0008478__en-eu__forward,FORWARD_ENTAILMENT
dico_phrasis_0008478__es-en__forward,FORWARD_ENTAILMENT
dico_phrasis_0008478__es-eu__forward,FORWARD_ENTAILMENT
dico_phrasis_0008478__eu-en__forward,FORWARD_ENTAILMENT
dico_phrasis_0008478__eu-es__forward,FORWARD_ENTAILMENT
dico_phrasis_0008753__en-es__forward,FORWARD_ENTAILMENT
dico_phrasis_0008753__en-eu__forward,FORWARD_ENTAILMENT
dico_phrasis_0008753__es-en__forward,FORWARD_ENTAILMENT
dico_phrasis_0008753__es-eu__forward,FORWARD_ENTAILMENT
dico_phrasis_0008753__eu-en__forward,FORWARD_ENTAILMENT
dico_phrasis_0008753__eu-es__forward,FORWARD_ENTAILMENT
dico_phrasis_0008762__en-es__forward,FORWARD_ENTAILMENT
dico_phrasis_0008762__en-eu__forward,FORWARD_ENTAILMENT
dico_phrasis_0008762__es-en__forward,FORWARD_ENTAILMENT
dico_phrasis_0008762__es-eu__forward,FORWARD_ENTAILMENT
dico_phrasis_0008762__eu-en__forward,FORWARD_ENTAILMENT
dico_phrasis_0008762__eu-es__forward,FORWARD_ENTAILMENT
dico_phrasis_0008794__en-es__forward,FORWARD_ENTAILMENT
dico_phrasis_0008794__en-eu__forward,FORWARD_ENTAILMENT
dico_phrasis_0008794__es-en__forward,FORWARD_ENTAILMENT
dico_phrasis_0008794__es-eu__forward,FORWARD_ENTAILMENT
dico_phrasis_0008794__eu-en__forward,FORWARD_ENTAILMENT
dico_phrasis_0008794__eu-es__forward,FORWARD_ENTAILMENT
dico_phrasis_0008870__en-es__forward,FORWARD_ENTAILMENT
dico_phrasis_0008870__en-eu__forward,FORWARD_ENTAILMENT
dico_phrasis_0008870__es-en__forward,FORWARD_ENTAILMENT
dico_phrasis_0008870__es-eu__forward,FORWARD_ENTAILMENT
dico_phrasis_0008870__eu-en__forward,FORWARD_ENTAILMENT
dico_phrasis_0008870__eu-es__forward,FORWARD_ENTAILMENT
dico_phrasis_0008880__en-es__forward,FORWARD_ENTAILMENT
dico_phrasis_0008880__en-eu__forward,FORWARD_ENTAILMENT
dico_phrasis_0008880__es-en__forward,FORWARD_ENTAILMENT
dico_phrasis_0008880__es-eu__forward,FORWARD_ENTAILMENT
dico_phrasis_0008880__eu-en__forward,FORWARD_ENTAILMENT
dico_phrasis_0008880__eu-es__forward,FORWARD_ENTAILMENT
dico_phrasis_0009015__en-es__forward,FORWARD_ENTAILMENT
dico_phrasis_0009015__en-eu__forward,FORWARD_ENTAILMENT
dico_phrasis_0009015__es-en__forward,FORWARD_ENTAILMENT
dico_phrasis_0009015__es-eu__forward,FORWARD_ENTAILMENT
dico_phrasis_0009015__eu-en__forward,FORWARD_ENTAILMENT
dico_phrasis_0009015__eu-es__forward,FORWARD_ENTAILMENT
dico_phrasis_0009042__en-es__forward,FORWARD_ENTAILMENT
dico_phrasis_0009042__en-eu__forward,FORWARD_ENTAILMENT
dico_phrasis_0009042__es-en__forward,FORWARD_ENTAILMENT
dico_phrasis_0009042__es-eu__forward,FORWARD_ENTAILMENT
dico_phrasis_0009042__eu-en__forward,FORWARD_ENTAILMENT
dico_phrasis_0009042__eu-es__forward,FORWARD_ENTAILMENT
dico_phrasis_0009047__en-es__forward,FORWARD_ENTAILMENT
dico_phrasis_0009047__en-eu__forward,FORWARD_ENTAILMENT
dico_phrasis_0009047__es-en__forward,FORWARD_ENTAILMENT
dico_phrasis_0009047__es-eu__forward,FORWARD_ENTAILMENT
dico_phrasis_0009047__eu-en__forward,FORWARD_ENTAILMENT
dico_phrasis_0009047__eu-es__forward,FORWARD_ENTAILMENT
dico_phrasis_0009118__en-es__forward,FORWARD_ENTAILMENT
dico_phrasis_0009118__en-eu__forward,FORWARD_ENTAILMENT
dico_phrasis_0009118__es-en__forward,FORWARD_ENTAILMENT
dico_phrasis_0009118__es-eu__forward,FORWARD_ENTAILMENT
dico_phrasis_0009118__eu-en__forward,FORWARD_ENTAILMENT
dico_phrasis_0009118__eu-es__forward,FORWARD_ENTAILMENT
dico_phrasis_0009131__en-es__forward,FORWARD_ENTAILMENT
dico_phrasis_0009131__en-eu__forward,FORWARD_ENTAILMENT
dico_phrasis_0009131__es-en__forward,FORWARD_ENTAILMENT
dico_phrasis_0009131__es-eu__forward,FORWARD_ENTAILMENT
dico_phrasis_0009131__eu-en__forward,FORWARD_ENTAILMENT
dico_phrasis_0009131__eu-es__forward,FORWARD_ENTAILMENT
dico_phrasis_0009232__en-es__forward,FORWARD_ENTAILMENT
dico_phrasis_0009232__en-eu__forward,FORWARD_ENTAILMENT
dico_phrasis_0009232__es-en__forward,FORWARD_ENTAILMENT
dico_phrasis_0009232__es-eu__forward,FORWARD_ENTAILMENT
dico_phrasis_0009232__eu-en__forward,FORWARD_ENTAILMENT
dico_phrasis_0009232__eu-es__forward,FORWARD_ENTAILMENT
dico_phrasis_0009249__en-es__forward,FORWARD_ENTAILMENT
dico_phrasis_0009249__en-eu__forward,FORWARD_ENTAILMENT
dico_phrasis_0009249__es-en__forward,FORWARD_ENTAILMENT
dico_phrasis_0009249__es-eu__forward,FORWARD_ENTAILMENT
dico_phrasis_0009249__eu-en__forward,FORWARD_ENTAILMENT
dico_phrasis_0009249__eu-es__forward,FORWARD_ENTAILMENT
dico_phrasis_0009265__en-es__forward,FORWARD_ENTAILMENT
dico_phrasis_0009265__en-eu__forward,FORWARD_ENTAILMENT
dico_phrasis_0009265__es-en__forward,FORWARD_ENTAILMENT
dico_phrasis_0009265__es-eu__forward,FORWARD_ENTAILMENT
dico_phrasis_0009265__eu-en__forward,FORWARD_ENTAILMENT
dico_phrasis_0009265__eu-es__forward,FORWARD_ENTAILMENT
dico_phrasis_0009379__en-es__forward,FORWARD_ENTAILMENT
dico_phrasis_0009379__en-eu__forward,FORWARD_ENTAILMENT
dico_phrasis_0009379__es-en__forward,FORWARD_ENTAILMENT
dico_phrasis_0009379__es-eu__forward,FORWARD_ENTAILMENT
dico_phrasis_0009379__eu-en__forward,FORWARD_ENTAILMENT
dico_phrasis_0009379__eu-es__forward,FORWARD_ENTAILMENT
dico_phrasis_0009404__en-es__forward,FORWARD_ENTAILMENT
dico_phrasis_0009404__en-eu__forward,FORWARD_ENTAILMENT
dico_phrasis_0009404__es-en__forward,FORWARD_ENTAILMENT
dico_phrasis_0009404__es-eu__forward,FORWARD_ENTAILMENT
dico_phrasis_0009404__eu-en__forward,FORWARD_ENTAILMENT
dico_phrasis_0009404__eu-es__forward,FORWARD_ENTAILMENT
dico_phrasis_0009547__en-es__forward,FORWARD_ENTAILMENT
dico_phrasis_0009547__en-eu__forward,FORWARD_ENTAILMENT
dico_phrasis_0009547__es-en__forward,FORWARD_ENTAILMENT
dico_phrasis_0009547__es-eu__forward,FORWARD_ENTAILMENT
dico_phrasis_0009547__eu-en__forward,FORWARD_ENTAILMENT
dico_phrasis_0009547__eu-es__forward,FORWARD_ENTAILMENT
dico_phrasis_0009593__en-es__forward,FORWARD_ENTAILMENT
dico_phrasis_0009593__en-eu__forward,FORWARD_ENTAILMENT
dico_phrasis_0009593__es-en__forward,FORWARD_ENTAILMENT
dico_phrasis_0009593__es-eu__forward,FORWARD_ENTAILMENT
dico_phrasis_0009593__eu-en__forward,FORWARD_ENTAILMENT
dico_phrasis_0009593__eu-es__forward,FORWARD_ENTAILMENT
dico_phrasis_0009709__en-es__forward,FORWARD_ENTAILMENT
dico_phrasis_0009709__en-eu__forward,FORWARD_ENTAILMENT
dico_phrasis_0009709__es-en__forward,FORWARD_ENTAILMENT
dico_phrasis_0009709__es-eu__forward,FORWARD_ENTAILMENT
dico_phrasis_0009709__eu-en__forward,FORWARD_ENTAILMENT
dico_phrasis_0009709__eu-es__forward,FORWARD_ENTAILMENT
dico_phrasis_0009722__en-es__forward,FORWARD_ENTAILMENT
dico_phrasis_0009722__en-eu__forward,FORWARD_ENTAILMENT
dico_phrasis_0009722__es-en__forward,FORWARD_ENTAILMENT
dico_phrasis_0009722__es-eu__forward,FORWARD_ENTAILMENT
dico_phrasis_0009722__eu-en__forward,FORWARD_ENTAILMENT
dico_phrasis_0009722__eu-es__forward,FORWARD_ENTAILMENT
dico_phrasis_0009724__en-es__forward,FORWARD_ENTAILMENT
dico_phrasis_0009724__en-eu__forward,FORWARD_ENTAILMENT
dico_phrasis_0009724__es-en__forward,FORWARD_ENTAILMENT
dico_phrasis_0009724__es-eu__forward,FORWARD_ENTAILMENT
dico_phrasis_0009724__eu-en__forward,FORWARD_ENTAILMENT
dico_phrasis_0009724__eu-es__forward,FORWARD_ENTAILMENT
dico_phrasis_0009760__en-es__forward,FORWARD_ENTAILMENT
dico_phrasis_0009760__en-eu__forward,FORWARD_ENTAILMENT
dico_phrasis_0009760__es-en__forward,FORWARD_ENTAILMENT
dico_phrasis_0009760__es-eu__forward,FORWARD_ENTAILMENT
dico_phrasis_0009760__eu-en__forward,FORWARD_ENTAILMENT
dico_phrasis_0009760__eu-es__forward,FORWARD_ENTAILMENT
dico_phrasis_0009771__en-es__forward,FORWARD_ENTAILMENT
dico_phrasis_0009771__en-eu__forward,FORWARD_ENTAILMENT
dico_phrasis_0009771__es-en__forward,FORWARD_ENTAILMENT
dico_phrasis_0009771__es-eu__forward,FORWARD_ENTAILMENT
dico_phrasis_0009771__eu-en__forward,FORWARD_ENTAILMENT
dico_phrasis_0009771__eu-es__forward,FORWARD_ENTAILMENT
dico_phrasis_0009838__en-es__forward,FORWARD_ENTAILMENT
dico_phrasis_0009838__en-eu__forward,FORWARD_ENTAILMENT
dico_phrasis_0009838__es-en__forward,FORWARD_ENTAILMENT
dico_phrasis_0009838__es-eu__forward,FORWARD_ENTAILMENT
dico_phrasis_0009838__eu-en__forward,FORWARD_ENTAILMENT
dico_phrasis_0009838__eu-es__forward,FORWARD_ENTAILMENT
dico_phrasis_0010095__en-es__forward,FORWARD_ENTAILMENT
dico_phrasis_0010095__en-eu__forward,FORWARD_ENTAILMENT
dico_phrasis_0010095__es-en__forward,FORWARD_ENTAILMENT
dico_phrasis_0010095__es-eu__forward,FORWARD_ENTAILMENT
dico_phrasis_0010095__eu-en__forward,FORWARD_ENTAILMENT
dico_phrasis_0010095__eu-es__forward,FORWARD_ENTAILMENT
dico_phrasis_0010173__en-es__forward,FORWARD_ENTAILMENT
dico_phrasis_0010173__en-eu__forward,FORWARD_ENTAILMENT
dico_phrasis_0010173__es-en__forward,FORWARD_ENTAILMENT
dico_phrasis_0010173__es-eu__forward,FORWARD_ENTAILMENT
dico_phrasis_0010173__eu-en__forward,FORWARD_ENTAILMENT
dico_phrasis_0010173__eu-es__forward,FORWARD_ENTAILMENT
