instance_id,label
dico_phrasis_0000001__eu-eu__flipped,
dico_phrasis_0000001__eu-eu__original,
dico_phrasis_0000003__eu-eu__flipped,
dico_phrasis_0000003__eu-eu__original,
dico_phrasis_0000005__eu-eu__flipped,
dico_phrasis_0000005__eu-eu__original,
dico_phrasis_0000006__eu-eu__flipped,
dico_phrasis_0000006__eu-eu__original,
dico_phrasis_0000009__eu-eu__flipped,
dico_phrasis_0000009__eu-eu__original,
dico_phrasis_0000011__eu-eu__flipped,
dico_phrasis_0000011__eu-eu__original,
dico_phrasis_0000012__eu-eu__flipped,
dico_phrasis_0000012__eu-eu__original,
dico_phrasis_0000013__eu-eu__flipped,
dico_phrasis_0000013__eu-eu__original,
dico_phrasis_0000014__eu-eu__flipped,
dico_phrasis_0000014__eu-eu__original,
dico_phrasis_0000015__eu-eu__flipped,
dico_phrasis_0000015__eu-eu__original,
dico_phrasis_0000016__eu-eu__flipped,
dico_phrasis_0000016__eu-eu__original,
dico_phrasis_0000017__eu-eu__flipped,
dico_phrasis_0000017__eu-eu__original,
dico_phrasis_0000020__eu-eu__flipped,
dico_phrasis_0000020__eu-eu__original,
dico_phrasis_0000022__eu-eu__flipped,
dico_phrasis_0000022__eu-eu__original,
dico_phrasis_0000025__eu-eu__flipped,
dico_phrasis_0000025__eu-eu__original,
dico_phrasis_0000027__eu-eu__flipped,
dico_phrasis_0000027__eu-eu__original,
dico_phrasis_0000028__eu-eu__flipped,
dico_phrasis_0000028__eu-eu__original,
dico_phrasis_0000029__eu-eu__flipped,
dico_phrasis_0000029__eu-eu__original,
dico_phrasis_0000033__eu-eu__flipped,
dico_phrasis_0000033__eu-eu__original,
dico_phrasis_0000036__eu-eu__flipped,
dico_phrasis_0000036__eu-eu__original,
dico_phrasis_0000037__eu-eu__flipped,
dico_phrasis_0000037__eu-eu__original,
dico_phrasis_0000038__eu-eu__flipped,
dico_phrasis_0000038__eu-eu__original,
dico_phrasis_0000039__eu-eu__flipped,
dico_phrasis_0000039__eu-eu__original,
dico_phrasis_0000042__eu-eu__flipped,
dico_phrasis_0000042__eu-eu__original,
dico_phrasis_0000043__eu-eu__flipped,
dico_phrasis_0000043__eu-eu__original,
dico_phrasis_0000044__eu-eu__flipped,
dico_phrasis_0000044__eu-eu__original,
dico_phrasis_0000045__eu-eu__flipped,
dico_phrasis_0000045__eu-eu__original,
dico_phrasis_0000047__eu-eu__flipped,
dico_phrasis_0000047__eu-eu__original,
dico_phrasis_0000048__eu-eu__flipped,
dico_phrasis_0000048__eu-eu__original,
dico_phrasis_0000049__eu-eu__flipped,
dico_phrasis_0000049__eu-eu__original,
dico_phrasis_0000050__eu-eu__flipped,
dico_phrasis_0000050__eu-eu__original,
dico_phrasis_0000051__eu-eu__flipped,
dico_phrasis_0000051__eu-eu__original,
dico_phrasis_0000052__eu-eu__flipped,
dico_phrasis_0000052__eu-eu__original,
dico_phrasis_0000053__eu-eu__flipped,
dico_phrasis_0000053__eu-eu__original,
dico_phrasis_0000054__eu-eu__flipped,
dico_phrasis_0000054__eu-eu__original,
dico_phrasis_0000055__eu-eu__flipped,
dico_phrasis_0000055__eu-eu__original,
dico_phrasis_0000057__eu-eu__flipped,
dico_phrasis_0000057__eu-eu__original,
dico_phrasis_0000058__eu-eu__flipped,
dico_phrasis_0000058__eu-eu__original,
dico_phrasis_0000060__eu-eu__flipped,
dico_phrasis_0000060__eu-eu__original,
dico_phrasis_0000061__eu-eu__flipped,
dico_phrasis_0000061__eu-eu__original,
dico_phrasis_0000062__eu-eu__flipped,
dico_phrasis_0000062__eu-eu__original,
dico_phrasis_0000063__eu-eu__flipped,
dico_phrasis_0000063__eu-eu__original,
dico_phrasis_0000065__eu-eu__flipped,
dico_phrasis_0000065__eu-eu__original,
dico_phrasis_0000066__eu-eu__flipped,
dico_phrasis_0000066__eu-eu__original,
dico_phrasis_0000068__eu-eu__flipped,
dico_phrasis_0000068__eu-eu__original,
dico_phrasis_0000069__eu-eu__flipped,
dico_phrasis_0000069__eu-eu__original,
dico_phrasis_0000072__eu-eu__flipped,
dico_phrasis_0000072__eu-eu__original,
dico_phrasis_0000073__eu-eu__flipped,
dico_phrasis_0000073__eu-eu__original,
dico_phrasis_0000074__eu-eu__flipped,
dico_phrasis_0000074__eu-eu__original,
dico_phrasis_0000075__eu-eu__flipped,
dico_phrasis_0000075__eu-eu__original,
dico_phrasis_0000076__eu-eu__flipped,
dico_phrasis_0000076__eu-eu__original,
dico_phrasis_0000077__eu-eu__flipped,
dico_phrasis_0000077__eu-eu__original,
dico_phrasis_0000079__eu-eu__flipped,
dico_phrasis_0000079__eu-eu__original,
dico_phrasis_0000080__eu-eu__flipped,
dico_phrasis_0000080__eu-eu__original,
dico_phrasis_0000082__eu-eu__flipped,
dico_phrasis_0000082__eu-eu__original,
dico_phrasis_0000083__eu-eu__flipped,
dico_phrasis_0000083__eu-eu__original,
dico_phrasis_0000085__eu-eu__flipped,
dico_phrasis_0000085__eu-eu__original,
dico_phrasis_0000086__eu-eu__flipped,
dico_phrasis_0000086__eu-eu__original,
dico_phrasis_0000088__eu-eu__flipped,
dico_phrasis_0000088__eu-eu__original,
dico_phrasis_0000089__eu-eu__flipped,
dico_phrasis_0000089__eu-eu__original,
dico_phrasis_0000090__eu-eu__flipped,
dico_phrasis_0000090__eu-eu__original,
dico_phrasis_0000091__eu-eu__flipped,
dico_phrasis_0000091__eu-eu__original,
dico_phrasis_0000095__eu-eu__flipped,
dico_phrasis_0000095__eu-eu__original,
dico_phrasis_0000097__eu-eu__flipped,
dico_phrasis_0000097__eu-eu__original,
dico_phrasis_0000098__eu-eu__flipped,
dico_phrasis_0000098__eu-eu__original,
dico_phrasis_0000100__eu-eu__flipped,
dico_phrasis_0000100__eu-eu__original,
dico_phrasis_0000102__eu-eu__flipped,
dico_phrasis_0000102__eu-eu__original,
dico_phrasis_0000103__eu-eu__flipped,
dico_phrasis_0000103__eu-eu__original,
dico_phrasis_0000104__eu-eu__flipped,
dico_phrasis_0000104__eu-eu__original,
dico_phrasis_0000105__eu-eu__flipped,
dico_phrasis_0000105__eu-eu__original,
dico_phrasis_0000107__eu-eu__flipped,
dico_phrasis_0000107__eu-eu__original,
dico_phrasis_0000108__eu-eu__flipped,
dico_phrasis_0000108__eu-eu__original,
dico_phrasis_0000109__eu-eu__flipped,
dico_phrasis_0000109__eu-eu__original,
dico_phrasis_0000110__eu-eu__flipped,
dico_phrasis_0000110__eu-eu__original,
dico_phrasis_0000112__eu-eu__flipped,
dico_phrasis_0000112__eu-eu__original,
dico_phrasis_0000113__eu-eu__flipped,
dico_phrasis_0000113__eu-eu__original,
dico_phrasis_0000115__eu-eu__flipped,
dico_phrasis_0000115__eu-eu__original,
dico_phrasis_0000116__eu-eu__flipped,
dico_phrasis_0000116__eu-eu__original,
dico_phrasis_0000117__eu-eu__flipped,
dico_phrasis_0000117__eu-eu__original,
dico_phrasis_0000119__eu-eu__flipped,
dico_phrasis_0000119__eu-eu__original,
dico_phrasis_0000121__eu-eu__flipped,
dico_phrasis_0000121__eu-eu__original,
dico_phrasis_0000122__eu-eu__flipped,
dico_phrasis_0000122__eu-eu__original,
dico_phrasis_0000124__eu-eu__flipped,
dico_phrasis_0000124__eu-eu__original,
dico_phrasis_0000126__eu-eu__flipped,
dico_phrasis_0000126__eu-eu__original,
dico_phrasis_0000127__eu-eu__flipped,
dico_phrasis_0000127__eu-eu__original,
dico_phrasis_0000128__eu-eu__flipped,
dico_phrasis_0000128__eu-eu__original,
dico_phrasis_0000129__eu-eu__flipped,
dico_phrasis_0000129__eu-eu__original,
dico_phrasis_0000131__eu-eu__flipped,
dico_phrasis_0000131__eu-eu__original,
dico_phrasis_0000132__eu-eu__flipped,
dico_phrasis_0000132__eu-eu__original,
dico_phrasis_0000134__eu-eu__flipped,
dico_phrasis_0000134__eu-eu__original,
dico_phrasis_0000135__eu-eu__flipped,
dico_phrasis_0000135__eu-eu__original,
dico_phrasis_0000136__eu-eu__flipped,
dico_phrasis_0000136__eu-eu__original,
dico_phrasis_0000137__eu-eu__flipped,
dico_phrasis_0000137__eu-eu__original,
dico_phrasis_0000140__eu-eu__flipped,
dico_phrasis_0000140__eu-eu__original,
dico_phrasis_0000142__eu-eu__flipped,
dico_phrasis_0000142__eu-eu__original,
dico_phrasis_0000144__eu-eu__flipped,
dico_phrasis_0000144__eu-eu__original,
dico_phrasis_0000146__eu-eu__flipped,
dico_phrasis_0000146__eu-eu__original,
dico_phrasis_0000147__eu-eu__flipped,
dico_phrasis_0000147__eu-eu__original,
dico_phrasis_0000148__eu-eu__flipped,
dico_phrasis_0000148__eu-eu__original,
dico_phrasis_0000149__eu-eu__flipped,
dico_phrasis_0000149__eu-eu__original,
dico_phrasis_0000150__eu-eu__flipped,
dico_phrasis_0000150__eu-eu__original,
dico_phrasis_0000151__eu-eu__flipped,
dico_phrasis_0000151__eu-eu__original,
dico_phrasis_0000152__eu-eu__flipped,
dico_phrasis_0000152__eu-eu__original,
dico_phrasis_0000153__eu-eu__flipped,
dico_phrasis_0000153__eu-eu__original,
dico_phrasis_0000154__eu-eu__flipped,
dico_phrasis_0000154__eu-eu__original,
dico_phrasis_0000156__eu-eu__flipped,
dico_phrasis_0000156__eu-eu__original,
dico_phrasis_0000157__eu-eu__flipped,
dico_phrasis_0000157__eu-eu__original,
dico_phrasis_0000159__eu-eu__flipped,
dico_phrasis_0000159__eu-eu__original,
dico_phrasis_0000160__eu-eu__flipped,
dico_phrasis_0000160__eu-eu__original,
dico_phrasis_0000161__eu-eu__flipped,
dico_phrasis_0000161__eu-eu__original,
dico_phrasis_0000163__eu-eu__flipped,
dico_phrasis_0000163__eu-eu__original,
dico_phrasis_0000166__eu-eu__flipped,
dico_phrasis_0000166__eu-eu__original,
dico_phrasis_0000167__eu-eu__flipped,
dico_phrasis_0000167__eu-eu__original,
dico_phrasis_0000168__eu-eu__flipped,
dico_phrasis_0000168__eu-eu__original,
dico_phrasis_0000169__eu-eu__flipped,
dico_phrasis_0000169__eu-eu__original,
dico_phrasis_0000170__eu-eu__flipped,
dico_phrasis_0000170__eu-eu__original,
dico_phrasis_0000171__eu-eu__flipped,
dico_phrasis_0000171__eu-eu__original,
dico_phrasis_0000172__eu-eu__flipped,
dico_phrasis_0000172__eu-eu__original,
dico_phrasis_0000173__eu-eu__flipped,
dico_phrasis_0000173__eu-eu__original,
dico_phrasis_0000175__eu-eu__flipped,
dico_phrasis_0000175__eu-eu__original,
dico_phrasis_0000176__eu-eu__flipped,
dico_phrasis_0000176__eu-eu__original,
dico_phrasis_0000177__eu-eu__flipped,
dico_phrasis_0000177__eu-eu__original,
dico_phrasis_0000178__eu-eu__flipped,
dico_phrasis_0000178__eu-eu__original,
dico_phrasis_0000180__eu-eu__flipped,
dico_phrasis_0000180__eu-eu__original,
dico_phrasis_0000181__eu-eu__flipped,
dico_phrasis_0000181__eu-eu__original,
dico_phrasis_0000183__eu-eu__flipped,
dico_phrasis_0000183__eu-eu__original,
dico_phrasis_0000184__eu-eu__flipped,
dico_phrasis_0000184__eu-eu__original,
dico_phrasis_0000186__eu-eu__flipped,
dico_phrasis_0000186__eu-eu__original,
dico_phrasis_0000189__eu-eu__flipped,
dico_phrasis_0000189__eu-eu__original,
dico_phrasis_0000191__eu-eu__flipped,
dico_phrasis_0000191__eu-eu__original,
dico_phrasis_0000193__eu-eu__flipped,
dico_phrasis_0000193__eu-eu__original,
dico_phrasis_0000194__eu-eu__flipped,
dico_phrasis_0000194__eu-eu__original,
dico_phrasis_0000195__eu-eu__flipped,
dico_phrasis_0000195__eu-eu__original,
dico_phrasis_0000196__eu-eu__flipped,
dico_phrasis_0000196__eu-eu__original,
dico_phrasis_0000200__eu-eu__flipped,
dico_phrasis_0000200__eu-eu__original,
dico_phrasis_0000201__eu-eu__flipped,
dico_phrasis_0000201__eu-eu__original,
dico_phrasis_0000202__eu-eu__flipped,
dico_phrasis_0000202__eu-eu__original,
dico_phrasis_0000203__eu-eu__flipped,
dico_phrasis_0000203__eu-eu__original,
dico_phrasis_0000204__eu-eu__flipped,
dico_phrasis_0000204__eu-eu__original,
dico_phrasis_0000205__eu-eu__flipped,
dico_phrasis_0000205__eu-eu__original,
dico_phrasis_0000206__eu-eu__flipped,
dico_phrasis_0000206__eu-eu__original,
dico_phrasis_0000207__eu-eu__flipped,
dico_phrasis_0000207__eu-eu__original,
dico_phrasis_0000208__eu-eu__flipped,
dico_phrasis_0000208__eu-eu__original,
dico_phrasis_0000209__eu-eu__flipped,
dico_phrasis_0000209__eu-eu__original,
dico_phrasis_0000210__eu-eu__flipped,
dico_phrasis_0000210__eu-eu__original,
dico_phrasis_0000211__eu-eu__flipped,
dico_phrasis_0000211__eu-eu__original,
dico_phrasis_0000212__eu-eu__flipped,
dico_phrasis_0000212__eu-eu__original,
dico_phrasis_0000213__eu-eu__flipped,
dico_phrasis_0000213__eu-eu__original,
dico_phrasis_0000214__eu-eu__flipped,
dico_phrasis_0000214__eu-eu__original,
dico_phrasis_0000215__eu-eu__flipped,
dico_phrasis_0000215__eu-eu__original,
dico_phrasis_0000216__eu-eu__flipped,
dico_phrasis_0000216__eu-eu__original,
dico_phrasis_0000217__eu-eu__flipped,
dico_phrasis_0000217__eu-eu__original,
dico_phrasis_0000218__eu-eu__flipped,
dico_phrasis_0000218__eu-eu__original,
dico_phrasis_0000220__eu-eu__flipped,
dico_phrasis_0000220__eu-eu__original,
dico_phrasis_0000222__eu-eu__flipped,
dico_phrasis_0000222__eu-eu__original,
dico_phrasis_0000227__eu-eu__flipped,
dico_phrasis_0000227__eu-eu__original,
dico_phrasis_0000228__eu-eu__flipped,
dico_phrasis_0000228__eu-eu__original,
dico_phrasis_0000229__eu-eu__flipped,
dico_phrasis_0000229__eu-eu__original,
dico_phrasis_0000230__eu-eu__flipped,
dico_phrasis_0000230__eu-eu__original,
dico_phrasis_0000231__eu-eu__flipped,
dico_phrasis_0000231__eu-eu__original,
dico_phrasis_0000233__eu-eu__flipped,
dico_phrasis_0000233__eu-eu__original,
dico_phrasis_0000234__eu-eu__flipped,
dico_phrasis_0000234__eu-eu__original,
dico_phrasis_0000235__eu-eu__flipped,
dico_phrasis_0000235__eu-eu__original,
dico_phrasis_0000236__eu-eu__flipped,
dico_phrasis_0000236__eu-eu__original,
dico_phrasis_0000237__eu-eu__flipped,
dico_phrasis_0000237__eu-eu__original,
dico_phrasis_0000238__eu-eu__flipped,
dico_phrasis_0000238__eu-eu__original,
dico_phrasis_0000239__eu-eu__flipped,
dico_phrasis_0000239__eu-eu__original,
dico_phrasis_0000242__eu-eu__flipped,
dico_phrasis_0000242__eu-eu__original,
dico_phrasis_0000243__eu-eu__flipped,
dico_phrasis_0000243__eu-eu__original,
dico_phrasis_0000244__eu-eu__flipped,
dico_phrasis_0000244__eu-eu__original,
dico_phrasis_0000245__eu-eu__flipped,
dico_phrasis_0000245__eu-eu__original,
dico_phrasis_0000247__eu-eu__flipped,
dico_phrasis_0000247__eu-eu__original,
dico_phrasis_0000248__eu-eu__flipped,
dico_phrasis_0000248__eu-eu__original,
dico_phrasis_0000251__eu-eu__flipped,
dico_phrasis_0000251__eu-eu__original,
dico_phrasis_0000252__eu-eu__flipped,
dico_phrasis_0000252__eu-eu__original,
dico_phrasis_0000253__eu-eu__flipped,
dico_phrasis_0000253__eu-eu__original,
dico_phrasis_0000254__eu-eu__flipped,
dico_phrasis_0000254__eu-eu__original,
dico_phrasis_0000256__eu-eu__flipped,
dico_phrasis_0000256__eu-eu__original,
dico_phrasis_0000257__eu-eu__flipped,
dico_phrasis_0000257__eu-eu__original,
dico_phrasis_0000258__eu-eu__flipped,
dico_phrasis_0000258__eu-eu__original,
dico_phrasis_0000260__eu-eu__flipped,
dico_phrasis_0000260__eu-eu__original,
dico_phrasis_0000261__eu-eu__flipped,
dico_phrasis_0000261__eu-eu__original,
dico_phrasis_0000265__eu-eu__flipped,
dico_phrasis_0000265__eu-eu__original,
dico_phrasis_0000266__eu-eu__flipped,
dico_phrasis_0000266__eu-eu__original,
dico_phrasis_0000267__eu-eu__flipped,
dico_phrasis_0000267__eu-eu__original,
dico_phrasis_0000269__eu-eu__flipped,
dico_phrasis_0000269__eu-eu__original,
dico_phrasis_0000270__eu-eu__flipped,
dico_phrasis_0000270__eu-eu__original,
dico_phrasis_0000272__eu-eu__flipped,
dico_phrasis_0000272__eu-eu__original,
dico_phrasis_0000273__eu-eu__flipped,
dico_phrasis_0000273__eu-eu__original,
dico_phrasis_0000274__eu-eu__flipped,
dico_phrasis_0000274__eu-eu__original,
dico_phrasis_0000276__eu-eu__flipped,
dico_phrasis_0000276__eu-eu__original,
dico_phrasis_0000278__eu-eu__flipped,
dico_phrasis_0000278__eu-eu__original,
dico_phrasis_0000280__eu-eu__flipped,
dico_phrasis_0000280__eu-eu__original,
dico_phrasis_0000282__eu-eu__flipped,
dico_phrasis_0000282__eu-eu__original,
dico_phrasis_0000285__eu-eu__flipped,
dico_phrasis_0000285__eu-eu__original,
dico_phrasis_0000286__eu-eu__flipped,
dico_phrasis_0000286__eu-eu__original,
dico_phrasis_0000287__eu-eu__flipped,
dico_phrasis_0000287__eu-eu__original,
dico_phrasis_0000289__eu-eu__flipped,
dico_phrasis_0000289__eu-eu__original,
dico_phrasis_0000291__eu-eu__flipped,
dico_phrasis_0000291__eu-eu__original,
dico_phrasis_0000292__eu-eu__flipped,
dico_phrasis_0000292__eu-eu__original,
dico_phrasis_0000293__eu-eu__flipped,
dico_phrasis_0000293__eu-eu__original,
dico_phrasis_0000296__eu-eu__flipped,
dico_phrasis_0000296__eu-eu__original,
dico_phrasis_0000297__eu-eu__flipped,
dico_phrasis_0000297__eu-eu__original,
dico_phrasis_0000298__eu-eu__flipped,
dico_phrasis_0000298__eu-eu__original,
dico_phrasis_0000300__eu-eu__flipped,
dico_phrasis_0000300__eu-eu__original,
dico_phrasis_0000301__eu-eu__flipped,
dico_phrasis_0000301__eu-eu__original,
dico_phrasis_0000302__eu-eu__flipped,
dico_phrasis_0000302__eu-eu__original,
dico_phrasis_0000304__eu-eu__flipped,
dico_phrasis_0000304__eu-eu__original,
dico_phrasis_0000305__eu-eu__flipped,
dico_phrasis_0000305__eu-eu__original,
dico_phrasis_0000307__eu-eu__flipped,
dico_phrasis_0000307__eu-eu__original,
dico_phrasis_0000310__eu-eu__flipped,
dico_phrasis_0000310__eu-eu__original,
dico_phrasis_0000311__eu-eu__flipped,
dico_phrasis_0000311__eu-eu__original,
dico_phrasis_0000314__eu-eu__flipped,
dico_phrasis_0000314__eu-eu__original,
dico_phrasis_0000315__eu-eu__flipped,
dico_phrasis_0000315__eu-eu__original,
dico_phrasis_0000316__eu-eu__flipped,
dico_phrasis_0000316__eu-eu__original,
dico_phrasis_0000317__eu-eu__flipped,
dico_phrasis_0000317__eu-eu__original,
dico_phrasis_0000318__eu-eu__flipped,
dico_phrasis_0000318__eu-eu__original,
dico_phrasis_0000319__eu-eu__flipped,
dico_phrasis_0000319__eu-eu__original,
dico_phrasis_0000320__eu-eu__flipped,
dico_phrasis_0000320__eu-eu__original,
dico_phrasis_0000321__eu-eu__flipped,
dico_phrasis_0000321__eu-eu__original,
dico_phrasis_0000322__eu-eu__flipped,
dico_phrasis_0000322__eu-eu__original,
dico_phrasis_0000323__eu-eu__flipped,
dico_phrasis_0000323__eu-eu__original,
dico_phrasis_0000324__eu-eu__flipped,
dico_phrasis_0000324__eu-eu__original,
dico_phrasis_0000325__eu-eu__flipped,
dico_phrasis_0000325__eu-eu__original,
dico_phrasis_0000327__eu-eu__flipped,
dico_phrasis_0000327__eu-eu__original,
dico_phrasis_0000332__eu-eu__flipped,
dico_phrasis_0000332__eu-eu__original,
dico_phrasis_0000333__eu-eu__flipped,
dico_phrasis_0000333__eu-eu__original,
dico_phrasis_0000334__eu-eu__flipped,
dico_phrasis_0000334__eu-eu__original,
dico_phrasis_0000335__eu-eu__flipped,
dico_phrasis_0000335__eu-eu__original,
dico_phrasis_0000336__eu-eu__flipped,
dico_phrasis_0000336__eu-eu__original,
dico_phrasis_0000337__eu-eu__flipped,
dico_phrasis_0000337__eu-eu__original,
dico_phrasis_0000341__eu-eu__flipped,
dico_phrasis_0000341__eu-eu__original,
dico_phrasis_0000343__eu-eu__flipped,
dico_phrasis_0000343__eu-eu__original,
dico_phrasis_0000344__eu-eu__flipped,
dico_phrasis_0000344__eu-eu__original,
dico_phrasis_0000346__eu-eu__flipped,
dico_phrasis_0000346__eu-eu__original,
dico_phrasis_0000347__eu-eu__flipped,
dico_phrasis_0000347__eu-eu__original,
dico_phrasis_0000348__eu-eu__flipped,
dico_phrasis_0000348__eu-eu__original,
dico_phrasis_0000349__eu-eu__flipped,
dico_phrasis_0000349__eu-eu__original,
dico_phrasis_0000351__eu-eu__flipped,
dico_phrasis_0000351__eu-eu__original,
dico_phrasis_0000353__eu-eu__flipped,
dico_phrasis_0000353__eu-eu__original,
dico_phrasis_0000354__eu-eu__flipped,
dico_phrasis_0000354__eu-eu__original,
dico_phrasis_0000355__eu-eu__flipped,
dico_phrasis_0000355__eu-eu__original,
dico_phrasis_0000356__eu-eu__flipped,
dico_phrasis_0000356__eu-eu__original,
dico_phrasis_0000357__eu-eu__flipped,
dico_phrasis_0000357__eu-eu__original,
dico_phrasis_0000358__eu-eu__flipped,
dico_phrasis_0000358__eu-eu__original,
dico_phrasis_0000359__eu-eu__flipped,
dico_phrasis_0000359__eu-eu__original,
dico_phrasis_0000360__eu-eu__flipped,
dico_phrasis_0000360__eu-eu__original,
dico_phrasis_0000361__eu-eu__flipped,
dico_phrasis_0000361__eu-eu__original,
dico_phrasis_0000362__eu-eu__flipped,
dico_phrasis_0000362__eu-eu__original,
dico_phrasis_0000363__eu-eu__flipped,
dico_phrasis_0000363__eu-eu__original,
dico_phrasis_0000364__eu-eu__flipped,
dico_phrasis_0000364__eu-eu__original,
dico_phrasis_0000365__eu-eu__flipped,
dico_phrasis_0000365__eu-eu__original,
dico_phrasis_0000366__eu-eu__flipped,
dico_phrasis_0000366__eu-eu__original,
dico_phrasis_0000368__eu-eu__flipped,
dico_phrasis_0000368__eu-eu__original,
dico_phrasis_0000369__eu-eu__flipped,
dico_phrasis_0000369__eu-eu__original,
dico_phrasis_0000371__eu-eu__flipped,
dico_phrasis_0000371__eu-eu__original,
dico_phrasis_0000373__eu-eu__flipped,
dico_phrasis_0000373__eu-eu__original,
dico_phrasis_0000376__eu-eu__flipped,
dico_phrasis_0000376__eu-eu__original,
dico_phrasis_0000377__eu-eu__flipped,
dico_phrasis_0000377__eu-eu__original,
dico_phrasis_0000378__eu-eu__flipped,
dico_phrasis_0000378__eu-eu__original,
dico_phrasis_0000379__eu-eu__flipped,
dico_phrasis_0000379__eu-eu__original,
dico_phrasis_0000380__eu-eu__flipped,
dico_phrasis_0000380__eu-eu__original,
dico_phrasis_0000381__eu-eu__flipped,
dico_phrasis_0000381__eu-eu__original,
dico_phrasis_0000382__eu-eu__flipped,
dico_phrasis_0000382__eu-eu__original,
dico_phrasis_0000383__eu-eu__flipped,
dico_phrasis_0000383__eu-eu__original,
dico_phrasis_0000384__eu-eu__flipped,
dico_phrasis_0000384__eu-eu__original,
dico_phrasis_0000385__eu-eu__flipped,
dico_phrasis_0000385__eu-eu__original,
dico_phrasis_0000386__eu-eu__flipped,
dico_phrasis_0000386__eu-eu__original,
dico_phrasis_0000387__eu-eu__flipped,
dico_phrasis_0000387__eu-eu__original,
dico_phrasis_0000388__eu-eu__flipped,
dico_phrasis_0000388__eu-eu__original,
dico_phrasis_0000389__eu-eu__flipped,
dico_phrasis_0000389__eu-eu__original,
dico_phrasis_0000390__eu-eu__flipped,
dico_phrasis_0000390__eu-eu__original,
dico_phrasis_0000392__eu-eu__flipped,
dico_phrasis_0000392__eu-eu__original,
dico_phrasis_0000395__eu-eu__flipped,
dico_phrasis_0000395__eu-eu__original,
dico_phrasis_0000398__eu-eu__flipped,
dico_phrasis_0000398__eu-eu__original,
dico_phrasis_0000399__eu-eu__flipped,
dico_phrasis_0000399__eu-eu__original,
dico_phrasis_0000400__eu-eu__flipped,
dico_phrasis_0000400__eu-eu__original,
dico_phrasis_0000401__eu-eu__flipped,
dico_phrasis_0000401__eu-eu__original,
dico_phrasis_0000402__eu-eu__flipped,
dico_phrasis_0000402__eu-eu__original,
dico_phrasis_0000403__eu-eu__flipped,
dico_phrasis_0000403__eu-eu__original,
dico_phrasis_0000404__eu-eu__flipped,
dico_phrasis_0000404__eu-eu__original,
dico_phrasis_0000406__eu-eu__flipped,
dico_phrasis_0000406__eu-eu__original,
dico_phrasis_0000407__eu-eu__flipped,
dico_phrasis_0000407__eu-eu__original,
dico_phrasis_0000409__eu-eu__flipped,
dico_phrasis_0000409__eu-eu__original,
dico_phrasis_0000410__eu-eu__flipped,
dico_phrasis_0000410__eu-eu__original,
dico_phrasis_0000411__eu-eu__flipped,
dico_phrasis_0000411__eu-eu__original,
dico_phrasis_0000412__eu-eu__flipped,
dico_phrasis_0000412__eu-eu__original,
dico_phrasis_0000413__eu-eu__flipped,
dico_phrasis_0000413__eu-eu__original,
dico_phrasis_0000414__eu-eu__flipped,
dico_phrasis_0000414__eu-eu__original,
dico_phrasis_0000415__eu-eu__flipped,
dico_phrasis_0000415__eu-eu__original,
dico_phrasis_0000416__eu-eu__flipped,
dico_phrasis_0000416__eu-eu__original,
dico_phrasis_0000417__eu-eu__flipped,
dico_phrasis_0000417__eu-eu__original,
dico_phrasis_0000418__eu-eu__flipped,
dico_phrasis_0000418__eu-eu__original,
dico_phrasis_0000419__eu-eu__flipped,
dico_phrasis_0000419__eu-eu__original,
dico_phrasis_0000420__eu-eu__flipped,
dico_phrasis_0000420__eu-eu__original,
dico_phrasis_0000422__eu-eu__flipped,
dico_phrasis_0000422__eu-eu__original,
dico_phrasis_0000423__eu-eu__flipped,
dico_phrasis_0000423__eu-eu__original,
dico_phrasis_0000424__eu-eu__flipped,
dico_phrasis_0000424__eu-eu__original,
dico_phrasis_0000426__eu-eu__flipped,
dico_phrasis_0000426__eu-eu__original,
dico_phrasis_0000427__eu-eu__flipped,
dico_phrasis_0000427__eu-eu__original,
dico_phrasis_0000428__eu-eu__flipped,
dico_phrasis_0000428__eu-eu__original,
dico_phrasis_0000429__eu-eu__flipped,
dico_phrasis_0000429__eu-eu__original,
dico_phrasis_0000430__eu-eu__flipped,
dico_phrasis_0000430__eu-eu__original,
dico_phrasis_0000431__eu-eu__flipped,
dico_phrasis_0000431__eu-eu__original,
dico_phrasis_0000434__eu-eu__flipped,
dico_phrasis_0000434__eu-eu__original,
dico_phrasis_0000435__eu-eu__flipped,
dico_phrasis_0000435__eu-eu__original,
dico_phrasis_0000436__eu-eu__flipped,
dico_phrasis_0000436__eu-eu__original,
dico_phrasis_0000437__eu-eu__flipped,
dico_phrasis_0000437__eu-eu__original,
dico_phrasis_0000438__eu-eu__flipped,
dico_phrasis_0000438__eu-eu__original,
dico_phrasis_0000439__eu-eu__flipped,
dico_phrasis_0000439__eu-eu__original,
dico_phrasis_0000440__eu-eu__flipped,
dico_phrasis_0000440__eu-eu__original,
dico_phrasis_0000441__eu-eu__flipped,
dico_phrasis_0000441__eu-eu__original,
dico_phrasis_0000442__eu-eu__flipped,
dico_phrasis_0000442__eu-eu__original,
dico_phrasis_0000443__eu-eu__flipped,
dico_phrasis_0000443__eu-eu__original,
dico_phrasis_0000446__eu-eu__flipped,
dico_phrasis_0000446__eu-eu__original,
dico_phrasis_0000448__eu-eu__flipped,
dico_phrasis_0000448__eu-eu__original,
dico_phrasis_0000450__eu-eu__flipped,
dico_phrasis_0000450__eu-eu__original,
dico_phrasis_0000451__eu-eu__flipped,
dico_phrasis_0000451__eu-eu__original,
dico_phrasis_0000454__eu-eu__flipped,
dico_phrasis_0000454__eu-eu__original,
dico_phrasis_0000455__eu-eu__flipped,
dico_phrasis_0000455__eu-eu__original,
dico_phrasis_0000456__eu-eu__flipped,
dico_phrasis_0000456__eu-eu__original,
dico_phrasis_0000458__eu-eu__flipped,
dico_phrasis_0000458__eu-eu__original,
dico_phrasis_0000459__eu-eu__flipped,
dico_phrasis_0000459__eu-eu__original,
dico_phrasis_0000460__eu-eu__flipped,
dico_phrasis_0000460__eu-eu__original,
dico_phrasis_0000461__eu-eu__flipped,
dico_phrasis_0000461__eu-eu__original,
dico_phrasis_0000462__eu-eu__flipped,
dico_phrasis_0000462__eu-eu__original,
dico_phrasis_0000464__eu-eu__flipped,
dico_phrasis_0000464__eu-eu__original,
dico_phrasis_0000467__eu-eu__flipped,
dico_phrasis_0000467__eu-eu__original,
dico_phrasis_0000468__eu-eu__flipped,
dico_phrasis_0000468__eu-eu__original,
dico_phrasis_0000471__eu-eu__flipped,
dico_phrasis_0000471__eu-eu__original,
dico_phrasis_0000472__eu-eu__flipped,
dico_phrasis_0000472__eu-eu__original,
dico_phrasis_0000473__eu-eu__flipped,
dico_phrasis_0000473__eu-eu__original,
dico_phrasis_0000475__eu-eu__flipped,
dico_phrasis_0000475__eu-eu__original,
dico_phrasis_0000476__eu-eu__flipped,
dico_phrasis_0000476__eu-eu__original,
dico_phrasis_0000478__eu-eu__flipped,
dico_phrasis_0000478__eu-eu__original,
dico_phrasis_0000479__eu-eu__flipped,
dico_phrasis_0000479__eu-eu__original,
dico_phrasis_0000482__eu-eu__flipped,
dico_phrasis_0000482__eu-eu__original,
dico_phrasis_0000483__eu-eu__flipped,
dico_phrasis_0000483__eu-eu__original,
dico_phrasis_0000484__eu-eu__flipped,
dico_phrasis_0000484__eu-eu__original,
dico_phrasis_0000485__eu-eu__flipped,
dico_phrasis_0000485__eu-eu__original,
dico_phrasis_0000486__eu-eu__flipped,
dico_phrasis_0000486__eu-eu__original,
dico_phrasis_0000488__eu-eu__flipped,
dico_phrasis_0000488__eu-eu__original,
dico_phrasis_0000489__eu-eu__flipped,
dico_phrasis_0000489__eu-eu__original,
dico_phrasis_0000490__eu-eu__flipped,
dico_phrasis_0000490__eu-eu__original,
dico_phrasis_0000491__eu-eu__flipped,
dico_phrasis_0000491__eu-eu__original,
dico_phrasis_0000492__eu-eu__flipped,
dico_phrasis_0000492__eu-eu__original,
dico_phrasis_0000494__eu-eu__flipped,
dico_phrasis_0000494__eu-eu__original,
dico_phrasis_0000496__eu-eu__flipped,
dico_phrasis_0000496__eu-eu__original,
dico_phrasis_0000498__eu-eu__flipped,
dico_phrasis_0000498__eu-eu__original,
dico_phrasis_0000500__eu-eu__flipped,
dico_phrasis_0000500__eu-eu__original,
dico_phrasis_0000501__eu-eu__flipped,
dico_phrasis_0000501__eu-eu__original,
dico_phrasis_0000503__eu-eu__flipped,
dico_phrasis_0000503__eu-eu__original,
dico_phrasis_0000505__eu-eu__flipped,
dico_phrasis_0000505__eu-eu__original,
dico_phrasis_0000506__eu-eu__flipped,
dico_phrasis_0000506__eu-eu__original,
dico_phrasis_0000507__eu-eu__flipped,
dico_phrasis_0000507__eu-eu__original,
dico_phrasis_0000508__eu-eu__flipped,
dico_phrasis_0000508__eu-eu__original,
dico_phrasis_0000509__eu-eu__flipped,
dico_phrasis_0000509__eu-eu__original,
dico_phrasis_0000510__eu-eu__flipped,
dico_phrasis_0000510__eu-eu__original,
dico_phrasis_0000511__eu-eu__flipped,
dico_phrasis_0000511__eu-eu__original,
dico_phrasis_0000512__eu-eu__flipped,
dico_phrasis_0000512__eu-eu__original,
dico_phrasis_0000513__eu-eu__flipped,
dico_phrasis_0000513__eu-eu__original,
dico_phrasis_0000515__eu-eu__flipped,
dico_phrasis_0000515__eu-eu__original,
dico_phrasis_0000517__eu-eu__flipped,
dico_phrasis_0000517__eu-eu__original,
dico_phrasis_0000519__eu-eu__flipped,
dico_phrasis_0000519__eu-eu__original,
dico_phrasis_0000522__eu-eu__flipped,
dico_phrasis_0000522__eu-eu__original,
dico_phrasis_0000525__eu-eu__flipped,
dico_phrasis_0000525__eu-eu__original,
dico_phrasis_0000529__eu-eu__flipped,
dico_phrasis_0000529__eu-eu__original,
dico_phrasis_0000530__eu-eu__flipped,
dico_phrasis_0000530__eu-eu__original,
dico_phrasis_0000531__eu-eu__flipped,
dico_phrasis_0000531__eu-eu__original,
dico_phrasis_0000532__eu-eu__flipped,
dico_phrasis_0000532__eu-eu__original,
dico_phrasis_0000533__eu-eu__flipped,
dico_phrasis_0000533__eu-eu__original,
dico_phrasis_0000534__eu-eu__flipped,
dico_phrasis_0000534__eu-eu__original,
dico_phrasis_0000535__eu-eu__flipped,
dico_phrasis_0000535__eu-eu__original,
dico_phrasis_0000536__eu-eu__flipped,
dico_phrasis_0000536__eu-eu__original,
dico_phrasis_0000538__eu-eu__flipped,
dico_phrasis_0000538__eu-eu__original,
dico_phrasis_0000539__eu-eu__flipped,
dico_phrasis_0000539__eu-eu__original,
dico_phrasis_0000543__eu-eu__flipped,
dico_phrasis_0000543__eu-eu__original,
dico_phrasis_0000544__eu-eu__flipped,
dico_phrasis_0000544__eu-eu__original,
dico_phrasis_0000545__eu-eu__flipped,
dico_phrasis_0000545__eu-eu__original,
dico_phrasis_0000546__eu-eu__flipped,
dico_phrasis_0000546__eu-eu__original,
dico_phrasis_0000548__eu-eu__flipped,
dico_phrasis_0000548__eu-eu__original,
dico_phrasis_0000550__eu-eu__flipped,
dico_phrasis_0000550__eu-eu__original,
dico_phrasis_0000551__eu-eu__flipped,
dico_phrasis_0000551__eu-eu__original,
dico_phrasis_0000553__eu-eu__flipped,
dico_phrasis_0000553__eu-eu__original,
dico_phrasis_0000554__eu-eu__flipped,
dico_phrasis_0000554__eu-eu__original,
dico_phrasis_0000555__eu-eu__flipped,
dico_phrasis_0000555__eu-eu__original,
dico_phrasis_0000557__eu-eu__flipped,
dico_phrasis_0000557__eu-eu__original,
dico_phrasis_0000558__eu-eu__flipped,
dico_phrasis_0000558__eu-eu__original,
dico_phrasis_0000564__eu-eu__flipped,
dico_phrasis_0000564__eu-eu__original,
dico_phrasis_0000565__eu-eu__flipped,
dico_phrasis_0000565__eu-eu__original,
dico_phrasis_0000566__eu-eu__flipped,
dico_phrasis_0000566__eu-eu__original,
dico_phrasis_0000567__eu-eu__flipped,
dico_phrasis_0000567__eu-eu__original,
dico_phrasis_0000569__eu-eu__flipped,
dico_phrasis_0000569__eu-eu__original,
dico_phrasis_0000570__eu-eu__flipped,
dico_phrasis_0000570__eu-eu__original,
dico_phrasis_0000571__eu-eu__flipped,
dico_phrasis_0000571__eu-eu__original,
dico_phrasis_0000572__eu-eu__flipped,
dico_phrasis_0000572__eu-eu__original,
dico_phrasis_0000573__eu-eu__flipped,
dico_phrasis_0000573__eu-eu__original,
dico_phrasis_0000574__eu-eu__flipped,
dico_phrasis_0000574__eu-eu__original,
dico_phrasis_0000575__eu-eu__flipped,
dico_phrasis_0000575__eu-eu__original,
dico_phrasis_0000576__eu-eu__flipped,
dico_phrasis_0000576__eu-eu__original,
dico_phrasis_0000577__eu-eu__flipped,
dico_phrasis_0000577__eu-eu__original,
dico_phrasis_0000578__eu-eu__flipped,
dico_phrasis_0000578__eu-eu__original,
dico_phrasis_0000579__eu-eu__flipped,
dico_phrasis_0000579__eu-eu__original,
dico_phrasis_0000581__eu-eu__flipped,
dico_phrasis_0000581__eu-eu__original,
dico_phrasis_0000582__eu-eu__flipped,
dico_phrasis_0000582__eu-eu__original,
dico_phrasis_0000583__eu-eu__flipped,
dico_phrasis_0000583__eu-eu__original,
dico_phrasis_0000584__eu-eu__flipped,
dico_phrasis_0000584__eu-eu__original,
dico_phrasis_0000585__eu-eu__flipped,
dico_phrasis_0000585__eu-eu__original,
dico_phrasis_0000586__eu-eu__flipped,
dico_phrasis_0000586__eu-eu__original,
dico_phrasis_0000587__eu-eu__flipped,
dico_phrasis_0000587__eu-eu__original,
dico_phrasis_0000588__eu-eu__flipped,
dico_phrasis_0000588__eu-eu__original,
dico_phrasis_0000589__eu-eu__flipped,
dico_phrasis_0000589__eu-eu__original,
dico_phrasis_0000591__eu-eu__flipped,
dico_phrasis_0000591__eu-eu__original,
dico_phrasis_0000592__eu-eu__flipped,
dico_phrasis_0000592__eu-eu__original,
dico_phrasis_0000593__eu-eu__flipped,
dico_phrasis_0000593__eu-eu__original,
dico_phrasis_0000594__eu-eu__flipped,
dico_phrasis_0000594__eu-eu__original,
dico_phrasis_0000595__eu-eu__flipped,
dico_phrasis_0000595__eu-eu__original,
dico_phrasis_0000596__eu-eu__flipped,
dico_phrasis_0000596__eu-eu__original,
dico_phrasis_0000597__eu-eu__flipped,
dico_phrasis_0000597__eu-eu__original,
dico_phrasis_0000598__eu-eu__flipped,
dico_phrasis_0000598__eu-eu__original,
dico_phrasis_0000600__eu-eu__flipped,
dico_phrasis_0000600__eu-eu__original,
dico_phrasis_0000601__eu-eu__flipped,
dico_phrasis_0000601__eu-eu__original,
dico_phrasis_0000603__eu-eu__flipped,
dico_phrasis_0000603__eu-eu__original,
dico_phrasis_0000605__eu-eu__flipped,
dico_phrasis_0000605__eu-eu__original,
dico_phrasis_0000606__eu-eu__flipped,
dico_phrasis_0000606__eu-eu__original,
dico_phrasis_0000607__eu-eu__flipped,
dico_phrasis_0000607__eu-eu__original,
dico_phrasis_0000608__eu-eu__flipped,
dico_phrasis_0000608__eu-eu__original,
dico_phrasis_0000609__eu-eu__flipped,
dico_phrasis_0000609__eu-eu__original,
dico_phrasis_0000610__eu-eu__flipped,
dico_phrasis_0000610__eu-eu__original,
dico_phrasis_0000611__eu-eu__flipped,
dico_phrasis_0000611__eu-eu__original,
dico_phrasis_0000612__eu-eu__flipped,
dico_phrasis_0000612__eu-eu__original,
dico_phrasis_0000613__eu-eu__flipped,
dico_phrasis_0000613__eu-eu__original,
dico_phrasis_0000615__eu-eu__flipped,
dico_phrasis_0000615__eu-eu__original,
dico_phrasis_0000617__eu-eu__flipped,
dico_phrasis_0000617__eu-eu__original,
dico_phrasis_0000624__eu-eu__flipped,
dico_phrasis_0000624__eu-eu__original,
dico_phrasis_0000625__eu-eu__flipped,
dico_phrasis_0000625__eu-eu__original,
dico_phrasis_0000626__eu-eu__flipped,
dico_phrasis_0000626__eu-eu__original,
dico_phrasis_0000628__eu-eu__flipped,
dico_phrasis_0000628__eu-eu__original,
dico_phrasis_0000629__eu-eu__flipped,
dico_phrasis_0000629__eu-eu__original,
dico_phrasis_0000630__eu-eu__flipped,
dico_phrasis_0000630__eu-eu__original,
dico_phrasis_0000631__eu-eu__flipped,
dico_phrasis_0000631__eu-eu__original,
dico_phrasis_0000633__eu-eu__flipped,
dico_phrasis_0000633__eu-eu__original,
dico_phrasis_0000634__eu-eu__flipped,
dico_phrasis_0000634__eu-eu__original,
dico_phrasis_0000635__eu-eu__flipped,
dico_phrasis_0000635__eu-eu__original,
dico_phrasis_0000636__eu-eu__flipped,
dico_phrasis_0000636__eu-eu__original,
dico_phrasis_0000637__eu-eu__flipped,
dico_phrasis_0000637__eu-eu__original,
dico_phrasis_0000638__eu-eu__flipped,
dico_phrasis_0000638__eu-eu__original,
dico_phrasis_0000639__eu-eu__flipped,
dico_phrasis_0000639__eu-eu__original,
dico_phrasis_0000640__eu-eu__flipped,
dico_phrasis_0000640__eu-eu__original,
dico_phrasis_0000642__eu-eu__flipped,
dico_phrasis_0000642__eu-eu__original,
dico_phrasis_0000643__eu-eu__flipped,
dico_phrasis_0000643__eu-eu__original,
dico_phrasis_0000645__eu-eu__flipped,
dico_phrasis_0000645__eu-eu__original,
dico_phrasis_0000646__eu-eu__flipped,
dico_phrasis_0000646__eu-eu__original,
dico_phrasis_0000648__eu-eu__flipped,
dico_phrasis_0000648__eu-eu__original,
dico_phrasis_0000649__eu-eu__flipped,
dico_phrasis_0000649__eu-eu__original,
dico_phrasis_0000650__eu-eu__flipped,
dico_phrasis_0000650__eu-eu__original,
dico_phrasis_0000651__eu-eu__flipped,
dico_phrasis_0000651__eu-eu__original,
dico_phrasis_0000652__eu-eu__flipped,
dico_phrasis_0000652__eu-eu__original,
dico_phrasis_0000655__eu-eu__flipped,
dico_phrasis_0000655__eu-eu__original,
dico_phrasis_0000656__eu-eu__flipped,
dico_phrasis_0000656__eu-eu__original,
dico_phrasis_0000658__eu-eu__flipped,
dico_phrasis_0000658__eu-eu__original,
dico_phrasis_0000660__eu-eu__flipped,
dico_phrasis_0000660__eu-eu__original,
dico_phrasis_0000663__eu-eu__flipped,
dico_phrasis_0000663__eu-eu__original,
dico_phrasis_0000664__eu-eu__flipped,
dico_phrasis_0000664__eu-eu__original,
dico_phrasis_0000665__eu-eu__flipped,
dico_phrasis_0000665__eu-eu__original,
dico_phrasis_0000668__eu-eu__flipped,
dico_phrasis_0000668__eu-eu__original,
dico_phrasis_0000670__eu-eu__flipped,
dico_phrasis_0000670__eu-eu__original,
dico_phrasis_0000672__eu-eu__flipped,
dico_phrasis_0000672__eu-eu__original,
dico_phrasis_0000673__eu-eu__flipped,
dico_phrasis_0000673__eu-eu__original,
dico_phrasis_0000674__eu-eu__flipped,
dico_phrasis_0000674__eu-eu__original,
dico_phrasis_0000677__eu-eu__flipped,
dico_phrasis_0000677__eu-eu__original,
dico_phrasis_0000678__eu-eu__flipped,
dico_phrasis_0000678__eu-eu__original,
dico_phrasis_0000679__eu-eu__flipped,
dico_phrasis_0000679__eu-eu__original,
dico_phrasis_0000681__eu-eu__flipped,
dico_phrasis_0000681__eu-eu__original,
dico_phrasis_0000682__eu-eu__flipped,
dico_phrasis_0000682__eu-eu__original,
dico_phrasis_0000684__eu-eu__flipped,
dico_phrasis_0000684__eu-eu__original,
dico_phrasis_0000686__eu-eu__flipped,
dico_phrasis_0000686__eu-eu__original,
dico_phrasis_0000687__eu-eu__flipped,
dico_phrasis_0000687__eu-eu__original,
dico_phrasis_0000688__eu-eu__flipped,
dico_phrasis_0000688__eu-eu__original,
dico_phrasis_0000689__eu-eu__flipped,
dico_phrasis_0000689__eu-eu__original,
dico_phrasis_0000690__eu-eu__flipped,
dico_phrasis_0000690__eu-eu__original,
dico_phrasis_0000691__eu-eu__flipped,
dico_phrasis_0000691__eu-eu__original,
dico_phrasis_0000692__eu-eu__flipped,
dico_phrasis_0000692__eu-eu__original,
dico_phrasis_0000694__eu-eu__flipped,
dico_phrasis_0000694__eu-eu__original,
dico_phrasis_0000695__eu-eu__flipped,
dico_phrasis_0000695__eu-eu__original,
dico_phrasis_0000696__eu-eu__flipped,
dico_phrasis_0000696__eu-eu__original,
dico_phrasis_0000697__eu-eu__flipped,
dico_phrasis_0000697__eu-eu__original,
dico_phrasis_0000699__eu-eu__flipped,
dico_phrasis_0000699__eu-eu__original,
dico_phrasis_0000700__eu-eu__flipped,
dico_phrasis_0000700__eu-eu__original,
dico_phrasis_0000703__eu-eu__flipped,
dico_phrasis_0000703__eu-eu__original,
dico_phrasis_0000704__eu-eu__flipped,
dico_phrasis_0000704__eu-eu__original,
dico_phrasis_0000706__eu-eu__flipped,
dico_phrasis_0000706__eu-eu__original,
dico_phrasis_0000709__eu-eu__flipped,
dico_phrasis_0000709__eu-eu__original,
dico_phrasis_0000710__eu-eu__flipped,
dico_phrasis_0000710__eu-eu__original,
dico_phrasis_0000713__eu-eu__flipped,
dico_phrasis_0000713__eu-eu__original,
dico_phrasis_0000717__eu-eu__flipped,
dico_phrasis_0000717__eu-eu__original,
dico_phrasis_0000719__eu-eu__flipped,
dico_phrasis_0000719__eu-eu__original,
dico_phrasis_0000720__eu-eu__flipped,
dico_phrasis_0000720__eu-eu__original,
dico_phrasis_0000722__eu-eu__flipped,
dico_phrasis_0000722__eu-eu__original,
dico_phrasis_0000723__eu-eu__flipped,
dico_phrasis_0000723__eu-eu__original,
dico_phrasis_0000727__eu-eu__flipped,
dico_phrasis_0000727__eu-eu__original,
dico_phrasis_0000730__eu-eu__flipped,
dico_phrasis_0000730__eu-eu__original,
dico_phrasis_0000735__eu-eu__flipped,
dico_phrasis_0000735__eu-eu__original,
dico_phrasis_0000736__eu-eu__flipped,
dico_phrasis_0000736__eu-eu__original,
dico_phrasis_0000737__eu-eu__flipped,
dico_phrasis_0000737__eu-eu__original,
dico_phrasis_0000740__eu-eu__flipped,
dico_phrasis_0000740__eu-eu__original,
dico_phrasis_0000741__eu-eu__flipped,
dico_phrasis_0000741__eu-eu__original,
dico_phrasis_0000742__eu-eu__flipped,
dico_phrasis_0000742__eu-eu__original,
dico_phrasis_0000744__eu-eu__flipped,
dico_phrasis_0000744__eu-eu__original,
dico_phrasis_0000745__eu-eu__flipped,
dico_phrasis_0000745__eu-eu__original,
dico_phrasis_0000746__eu-eu__flipped,
dico_phrasis_0000746__eu-eu__original,
dico_phrasis_0000747__eu-eu__flipped,
dico_phrasis_0000747__eu-eu__original,
dico_phrasis_0000748__eu-eu__flipped,
dico_phrasis_0000748__eu-eu__original,
dico_phrasis_0000749__eu-eu__flipped,
dico_phrasis_0000749__eu-eu__original,
dico_phrasis_0000750__eu-eu__flipped,
dico_phrasis_0000750__eu-eu__original,
dico_phrasis_0000751__eu-eu__flipped,
dico_phrasis_0000751__eu-eu__original,
dico_phrasis_0000753__eu-eu__flipped,
dico_phrasis_0000753__eu-eu__original,
dico_phrasis_0000755__eu-eu__flipped,
dico_phrasis_0000755__eu-eu__original,
dico_phrasis_0000756__eu-eu__flipped,
dico_phrasis_0000756__eu-eu__original,
dico_phrasis_0000758__eu-eu__flipped,
dico_phrasis_0000758__eu-eu__original,
dico_phrasis_0000759__eu-eu__flipped,
dico_phrasis_0000759__eu-eu__original,
dico_phrasis_0000761__eu-eu__flipped,
dico_phrasis_0000761__eu-eu__original,
dico_phrasis_0000763__eu-eu__flipped,
dico_phrasis_0000763__eu-eu__original,
dico_phrasis_0000765__eu-eu__flipped,
dico_phrasis_0000765__eu-eu__original,
dico_phrasis_0000767__eu-eu__flipped,
dico_phrasis_0000767__eu-eu__original,
dico_phrasis_0000770__eu-eu__flipped,
dico_phrasis_0000770__eu-eu__original,
dico_phrasis_0000771__eu-eu__flipped,
dico_phrasis_0000771__eu-eu__original,
dico_phrasis_0000772__eu-eu__flipped,
dico_phrasis_0000772__eu-eu__original,
dico_phrasis_0000775__eu-eu__flipped,
dico_phrasis_0000775__eu-eu__original,
dico_phrasis_0000776__eu-eu__flipped,
dico_phrasis_0000776__eu-eu__original,
dico_phrasis_0000779__eu-eu__flipped,
dico_phrasis_0000779__eu-eu__original,
dico_phrasis_0000780__eu-eu__flipped,
dico_phrasis_0000780__eu-eu__original,
dico_phrasis_0000783__eu-eu__flipped,
dico_phrasis_0000783__eu-eu__original,
dico_phrasis_0000785__eu-eu__flipped,
dico_phrasis_0000785__eu-eu__original,
dico_phrasis_0000786__eu-eu__flipped,
dico_phrasis_0000786__eu-eu__original,
dico_phrasis_0000789__eu-eu__flipped,
dico_phrasis_0000789__eu-eu__original,
dico_phrasis_0000790__eu-eu__flipped,
dico_phrasis_0000790__eu-eu__original,
dico_phrasis_0000791__eu-eu__flipped,
dico_phrasis_0000791__eu-eu__original,
dico_phrasis_0000792__eu-eu__flipped,
dico_phrasis_0000792__eu-eu__original,
dico_phrasis_0000793__eu-eu__flipped,
dico_phrasis_0000793__eu-eu__original,
dico_phrasis_0000794__eu-eu__flipped,
dico_phrasis_0000794__eu-eu__original,
dico_phrasis_0000795__eu-eu__flipped,
dico_phrasis_0000795__eu-eu__original,
dico_phrasis_0000796__eu-eu__flipped,
dico_phrasis_0000796__eu-eu__original,
dico_phrasis_0000797__eu-eu__flipped,
dico_phrasis_0000797__eu-eu__original,
dico_phrasis_0000798__eu-eu__flipped,
dico_phrasis_0000798__eu-eu__original,
dico_phrasis_0000799__eu-eu__flipped,
dico_phrasis_0000799__eu-eu__original,
dico_phrasis_0000800__eu-eu__flipped,
dico_phrasis_0000800__eu-eu__original,
dico_phrasis_0000804__eu-eu__flipped,
dico_phrasis_0000804__eu-eu__original,
dico_phrasis_0000806__eu-eu__flipped,
dico_phrasis_0000806__eu-eu__original,
dico_phrasis_0000807__eu-eu__flipped,
dico_phrasis_0000807__eu-eu__original,
dico_phrasis_0000810__eu-eu__flipped,
dico_phrasis_0000810__eu-eu__original,
dico_phrasis_0000812__eu-eu__flipped,
dico_phrasis_0000812__eu-eu__original,
dico_phrasis_0000813__eu-eu__flipped,
dico_phrasis_0000813__eu-eu__original,
dico_phrasis_0000814__eu-eu__flipped,
dico_phrasis_0000814__eu-eu__original,
dico_phrasis_0000818__eu-eu__flipped,
dico_phrasis_0000818__eu-eu__original,
dico_phrasis_0000819__eu-eu__flipped,
dico_phrasis_0000819__eu-eu__original,
dico_phrasis_0000820__eu-eu__flipped,
dico_phrasis_0000820__eu-eu__original,
dico_phrasis_0000821__eu-eu__flipped,
dico_phrasis_0000821__eu-eu__original,
dico_phrasis_0000823__eu-eu__flipped,
dico_phrasis_0000823__eu-eu__original,
dico_phrasis_0000824__eu-eu__flipped,
dico_phrasis_0000824__eu-eu__original,
dico_phrasis_0000826__eu-eu__flipped,
dico_phrasis_0000826__eu-eu__original,
dico_phrasis_0000827__eu-eu__flipped,
dico_phrasis_0000827__eu-eu__original,
dico_phrasis_0000828__eu-eu__flipped,
dico_phrasis_0000828__eu-eu__original,
dico_phrasis_0000829__eu-eu__flipped,
dico_phrasis_0000829__eu-eu__original,
dico_phrasis_0000832__eu-eu__flipped,
dico_phrasis_0000832__eu-eu__original,
dico_phrasis_0000834__eu-eu__flipped,
dico_phrasis_0000834__eu-eu__original,
dico_phrasis_0000835__eu-eu__flipped,
dico_phrasis_0000835__eu-eu__original,
dico_phrasis_0000837__eu-eu__flipped,
dico_phrasis_0000837__eu-eu__original,
dico_phrasis_0000838__eu-eu__flipped,
dico_phrasis_0000838__eu-eu__original,
dico_phrasis_0000839__eu-eu__flipped,
dico_phrasis_0000839__eu-eu__original,
dico_phrasis_0000840__eu-eu__flipped,
dico_phrasis_0000840__eu-eu__original,
dico_phrasis_0000841__eu-eu__flipped,
dico_phrasis_0000841__eu-eu__original,
dico_phrasis_0000843__eu-eu__flipped,
dico_phrasis_0000843__eu-eu__original,
dico_phrasis_0000844__eu-eu__flipped,
dico_phrasis_0000844__eu-eu__original,
dico_phrasis_0000847__eu-eu__flipped,
dico_phrasis_0000847__eu-eu__original,
dico_phrasis_0000848__eu-eu__flipped,
dico_phrasis_0000848__eu-eu__original,
dico_phrasis_0000849__eu-eu__flipped,
dico_phrasis_0000849__eu-eu__original,
dico_phrasis_0000850__eu-eu__flipped,
dico_phrasis_0000850__eu-eu__original,
dico_phrasis_0000851__eu-eu__flipped,
dico_phrasis_0000851__eu-eu__original,
dico_phrasis_0000853__eu-eu__flipped,
dico_phrasis_0000853__eu-eu__original,
dico_phrasis_0000854__eu-eu__flipped,
dico_phrasis_0000854__eu-eu__original,
dico_phrasis_0000856__eu-eu__flipped,
dico_phrasis_0000856__eu-eu__original,
dico_phrasis_0000857__eu-eu__flipped,
dico_phrasis_0000857__eu-eu__original,
dico_phrasis_0000858__eu-eu__flipped,
dico_phrasis_0000858__eu-eu__original,
dico_phrasis_0000860__eu-eu__flipped,
dico_phrasis_0000860__eu-eu__original,
dico_phrasis_0000861__eu-eu__flipped,
dico_phrasis_0000861__eu-eu__original,
dico_phrasis_0000862__eu-eu__flipped,
dico_phrasis_0000862__eu-eu__original,
dico_phrasis_0000864__eu-eu__flipped,
dico_phrasis_0000864__eu-eu__original,
dico_phrasis_0000865__eu-eu__flipped,
dico_phrasis_0000865__eu-eu__original,
dico_phrasis_0000868__eu-eu__flipped,
dico_phrasis_0000868__eu-eu__original,
dico_phrasis_0000871__eu-eu__flipped,
dico_phrasis_0000871__eu-eu__original,
dico_phrasis_0000873__eu-eu__flipped,
dico_phrasis_0000873__eu-eu__original,
dico_phrasis_0000877__eu-eu__flipped,
dico_phrasis_0000877__eu-eu__original,
dico_phrasis_0000878__eu-eu__flipped,
dico_phrasis_0000878__eu-eu__original,
dico_phrasis_0000879__eu-eu__flipped,
dico_phrasis_0000879__eu-eu__original,
dico_phrasis_0000880__eu-eu__flipped,
dico_phrasis_0000880__eu-eu__original,
dico_phrasis_0000883__eu-eu__flipped,
dico_phrasis_0000883__eu-eu__original,
dico_phrasis_0000884__eu-eu__flipped,
dico_phrasis_0000884__eu-eu__original,
dico_phrasis_0000885__eu-eu__flipped,
dico_phrasis_0000885__eu-eu__original,
dico_phrasis_0000886__eu-eu__flipped,
dico_phrasis_0000886__eu-eu__original,
dico_phrasis_0000888__eu-eu__flipped,
dico_phrasis_0000888__eu-eu__original,
dico_phrasis_0000889__eu-eu__flipped,
dico_phrasis_0000889__eu-eu__original,
dico_phrasis_0000891__eu-eu__flipped,
dico_phrasis_0000891__eu-eu__original,
dico_phrasis_0000892__eu-eu__flipped,
dico_phrasis_0000892__eu-eu__original,
dico_phrasis_0000894__eu-eu__flipped,
dico_phrasis_0000894__eu-eu__original,
dico_phrasis_0000898__eu-eu__flipped,
dico_phrasis_0000898__eu-eu__original,
dico_phrasis_0000899__eu-eu__flipped,
dico_phrasis_0000899__eu-eu__original,
dico_phrasis_0000900__eu-eu__flipped,
dico_phrasis_0000900__eu-eu__original,
dico_phrasis_0000901__eu-eu__flipped,
dico_phrasis_0000901__eu-eu__original,
dico_phrasis_0000902__eu-eu__flipped,
dico_phrasis_0000902__eu-eu__original,
dico_phrasis_0000903__eu-eu__flipped,
dico_phrasis_0000903__eu-eu__original,
dico_phrasis_0000909__eu-eu__flipped,
dico_phrasis_0000909__eu-eu__original,
dico_phrasis_0000910__eu-eu__flipped,
dico_phrasis_0000910__eu-eu__original,
dico_phrasis_0000912__eu-eu__flipped,
dico_phrasis_0000912__eu-eu__original,
dico_phrasis_0000913__eu-eu__flipped,
dico_phrasis_0000913__eu-eu__original,
dico_phrasis_0000914__eu-eu__flipped,
dico_phrasis_0000914__eu-eu__original,
dico_phrasis_0000916__eu-eu__flipped,
dico_phrasis_0000916__eu-eu__original,
dico_phrasis_0000919__eu-eu__flipped,
dico_phrasis_0000919__eu-eu__original,
dico_phrasis_0000920__eu-eu__flipped,
dico_phrasis_0000920__eu-eu__original,
dico_phrasis_0000922__eu-eu__flipped,
dico_phrasis_0000922__eu-eu__original,
dico_phrasis_0000924__eu-eu__flipped,
dico_phrasis_0000924__eu-eu__original,
dico_phrasis_0000925__eu-eu__flipped,
dico_phrasis_0000925__eu-eu__original,
dico_phrasis_0000926__eu-eu__flipped,
dico_phrasis_0000926__eu-eu__original,
dico_phrasis_0000927__eu-eu__flipped,
dico_phrasis_0000927__eu-eu__original,
dico_phrasis_0000930__eu-eu__flipped,
dico_phrasis_0000930__eu-eu__original,
dico_phrasis_0000934__eu-eu__flipped,
dico_phrasis_0000934__eu-eu__original,
dico_phrasis_0000935__eu-eu__flipped,
dico_phrasis_0000935__eu-eu__original,
dico_phrasis_0000937__eu-eu__flipped,
dico_phrasis_0000937__eu-eu__original,
dico_phrasis_0000938__eu-eu__flipped,
dico_phrasis_0000938__eu-eu__original,
dico_phrasis_0000940__eu-eu__flipped,
dico_phrasis_0000940__eu-eu__original,
dico_phrasis_0000941__eu-eu__flipped,
dico_phrasis_0000941__eu-eu__original,
dico_phrasis_0000945__eu-eu__flipped,
dico_phrasis_0000945__eu-eu__original,
dico_phrasis_0000949__eu-eu__flipped,
dico_phrasis_0000949__eu-eu__original,
dico_phrasis_0000951__eu-eu__flipped,
dico_phrasis_0000951__eu-eu__original,
dico_phrasis_0000955__eu-eu__flipped,
dico_phrasis_0000955__eu-eu__original,
dico_phrasis_0000956__eu-eu__flipped,
dico_phrasis_0000956__eu-eu__original,
dico_phrasis_0000957__eu-eu__flipped,
dico_phrasis_0000957__eu-eu__original,
dico_phrasis_0000959__eu-eu__flipped,
dico_phrasis_0000959__eu-eu__original,
dico_phrasis_0000960__eu-eu__flipped,
dico_phrasis_0000960__eu-eu__original,
dico_phrasis_0000961__eu-eu__flipped,
dico_phrasis_0000961__eu-eu__original,
dico_phrasis_0000962__eu-eu__flipped,
dico_phrasis_0000962__eu-eu__original,
dico_phrasis_0000964__eu-eu__flipped,
dico_phrasis_0000964__eu-eu__original,
dico_phrasis_0000967__eu-eu__flipped,
dico_phrasis_0000967__eu-eu__original,
dico_phrasis_0000969__eu-eu__flipped,
dico_phrasis_0000969__eu-eu__original,
dico_phrasis_0000970__eu-eu__flipped,
dico_phrasis_0000970__eu-eu__original,
dico_phrasis_0000971__eu-eu__flipped,
dico_phrasis_0000971__eu-eu__original,
dico_phrasis_0000973__eu-eu__flipped,
dico_phrasis_0000973__eu-eu__original,
dico_phrasis_0000974__eu-eu__flipped,
dico_phrasis_0000974__eu-eu__original,
dico_phrasis_0000976__eu-eu__flipped,
dico_phrasis_0000976__eu-eu__original,
dico_phrasis_0000978__eu-eu__flipped,
dico_phrasis_0000978__eu-eu__original,
dico_phrasis_0000981__eu-eu__flipped,
dico_phrasis_0000981__eu-eu__original,
dico_phrasis_0000984__eu-eu__flipped,
dico_phrasis_0000984__eu-eu__original,
dico_phrasis_0000987__eu-eu__flipped,
dico_phrasis_0000987__eu-eu__original,
dico_phrasis_0000989__eu-eu__flipped,
dico_phrasis_0000989__eu-eu__original,
dico_phrasis_0000990__eu-eu__flipped,
dico_phrasis_0000990__eu-eu__original,
dico_phrasis_0000993__eu-eu__flipped,
dico_phrasis_0000993__eu-eu__original,
dico_phrasis_0000995__eu-eu__flipped,
dico_phrasis_0000995__eu-eu__original,
dico_phrasis_0000997__eu-eu__flipped,
dico_phrasis_0000997__eu-eu__original,
dico_phrasis_0000998__eu-eu__flipped,
dico_phrasis_0000998__eu-eu__original,
dico_phrasis_0000999__eu-eu__flipped,
dico_phrasis_0000999__eu-eu__original,
dico_phrasis_0001001__eu-eu__flipped,
dico_phrasis_0001001__eu-eu__original,
dico_phrasis_0001002__eu-eu__flipped,
dico_phrasis_0001002__eu-eu__original,
dico_phrasis_0001003__eu-eu__flipped,
dico_phrasis_0001003__eu-eu__original,
dico_phrasis_0001004__eu-eu__flipped,
dico_phrasis_0001004__eu-eu__original,
dico_phrasis_0001006__eu-eu__flipped,
dico_phrasis_0001006__eu-eu__original,
dico_phrasis_0001008__eu-eu__flipped,
dico_phrasis_0001008__eu-eu__original,
dico_phrasis_0001010__eu-eu__flipped,
dico_phrasis_0001010__eu-eu__original,
dico_phrasis_0001011__eu-eu__flipped,
dico_phrasis_0001011__eu-eu__original,
dico_phrasis_0001012__eu-eu__flipped,
dico_phrasis_0001012__eu-eu__original,
dico_phrasis_0001014__eu-eu__flipped,
dico_phrasis_0001014__eu-eu__original,
dico_phrasis_0001015__eu-eu__flipped,
dico_phrasis_0001015__eu-eu__original,
dico_phrasis_0001017__eu-eu__flipped,
dico_phrasis_0001017__eu-eu__original,
dico_phrasis_0001018__eu-eu__flipped,
dico_phrasis_0001018__eu-eu__original,
dico_phrasis_0001019__eu-eu__flipped,
dico_phrasis_0001019__eu-eu__original,
dico_phrasis_0001020__eu-eu__flipped,
dico_phrasis_0001020__eu-eu__original,
dico_phrasis_0001021__eu-eu__flipped,
dico_phrasis_0001021__eu-eu__original,
dico_phrasis_0001022__eu-eu__flipped,
dico_phrasis_0001022__eu-eu__original,
dico_phrasis_0001024__eu-eu__flipped,
dico_phrasis_0001024__eu-eu__original,
dico_phrasis_0001027__eu-eu__flipped,
dico_phrasis_0001027__eu-eu__original,
dico_phrasis_0001034__eu-eu__flipped,
dico_phrasis_0001034__eu-eu__original,
dico_phrasis_0001035__eu-eu__flipped,
dico_phrasis_0001035__eu-eu__original,
dico_phrasis_0001039__eu-eu__flipped,
dico_phrasis_0001039__eu-eu__original,
dico_phrasis_0001041__eu-eu__flipped,
dico_phrasis_0001041__eu-eu__original,
dico_phrasis_0001042__eu-eu__flipped,
dico_phrasis_0001042__eu-eu__original,
dico_phrasis_0001044__eu-eu__flipped,
dico_phrasis_0001044__eu-eu__original,
dico_phrasis_0001045__eu-eu__flipped,
dico_phrasis_0001045__eu-eu__original,
dico_phrasis_0001049__eu-eu__flipped,
dico_phrasis_0001049__eu-eu__original,
dico_phrasis_0001052__eu-eu__flipped,
dico_phrasis_0001052__eu-eu__original,
dico_phrasis_0001053__eu-eu__flipped,
dico_phrasis_0001053__eu-eu__original,
dico_phrasis_0001054__eu-eu__flipped,
dico_phrasis_0001054__eu-eu__original,
dico_phrasis_0001056__eu-eu__flipped,
dico_phrasis_0001056__eu-eu__original,
dico_phrasis_0001057__eu-eu__flipped,
dico_phrasis_0001057__eu-eu__original,
dico_phrasis_0001059__eu-eu__flipped,
dico_phrasis_0001059__eu-eu__original,
dico_phrasis_0001060__eu-eu__flipped,
dico_phrasis_0001060__eu-eu__original,
dico_phrasis_0001061__eu-eu__flipped,
dico_phrasis_0001061__eu-eu__original,
dico_phrasis_0001064__eu-eu__flipped,
dico_phrasis_0001064__eu-eu__original,
dico_phrasis_0001065__eu-eu__flipped,
dico_phrasis_0001065__eu-eu__original,
dico_phrasis_0001066__eu-eu__flipped,
dico_phrasis_0001066__eu-eu__original,
dico_phrasis_0001072__eu-eu__flipped,
dico_phrasis_0001072__eu-eu__original,
dico_phrasis_0001073__eu-eu__flipped,
dico_phrasis_0001073__eu-eu__original,
dico_phrasis_0001074__eu-eu__flipped,
dico_phrasis_0001074__eu-eu__original,
dico_phrasis_0001075__eu-eu__flipped,
dico_phrasis_0001075__eu-eu__original,
dico_phrasis_0001076__eu-eu__flipped,
dico_phrasis_0001076__eu-eu__original,
dico_phrasis_0001078__eu-eu__flipped,
dico_phrasis_0001078__eu-eu__original,
dico_phrasis_0001081__eu-eu__flipped,
dico_phrasis_0001081__eu-eu__original,
dico_phrasis_0001082__eu-eu__flipped,
dico_phrasis_0001082__eu-eu__original,
dico_phrasis_0001088__eu-eu__flipped,
dico_phrasis_0001088__eu-eu__original,
dico_phrasis_0001089__eu-eu__flipped,
dico_phrasis_0001089__eu-eu__original,
dico_phrasis_0001090__eu-eu__flipped,
dico_phrasis_0001090__eu-eu__original,
dico_phrasis_0001091__eu-eu__flipped,
dico_phrasis_0001091__eu-eu__original,
dico_phrasis_0001092__eu-eu__flipped,
dico_phrasis_0001092__eu-eu__original,
dico_phrasis_0001093__eu-eu__flipped,
dico_phrasis_0001093__eu-eu__original,
dico_phrasis_0001094__eu-eu__flipped,
dico_phrasis_0001094__eu-eu__original,
dico_phrasis_0001096__eu-eu__flipped,
dico_phrasis_0001096__eu-eu__original,
dico_phrasis_0001098__eu-eu__flipped,
dico_phrasis_0001098__eu-eu__original,
dico_phrasis_0001099__eu-eu__flipped,
dico_phrasis_0001099__eu-eu__original,
dico_phrasis_0001101__eu-eu__flipped,
dico_phrasis_0001101__eu-eu__original,
dico_phrasis_0001106__eu-eu__flipped,
dico_phrasis_0001106__eu-eu__original,
dico_phrasis_0001107__eu-eu__flipped,
dico_phrasis_0001107__eu-eu__original,
dico_phrasis_0001108__eu-eu__flipped,
dico_phrasis_0001108__eu-eu__original,
dico_phrasis_0001110__eu-eu__flipped,
dico_phrasis_0001110__eu-eu__original,
dico_phrasis_0001111__eu-eu__flipped,
dico_phrasis_0001111__eu-eu__original,
dico_phrasis_0001113__eu-eu__flipped,
dico_phrasis_0001113__eu-eu__original,
dico_phrasis_0001114__eu-eu__flipped,
dico_phrasis_0001114__eu-eu__original,
dico_phrasis_0001119__eu-eu__flipped,
dico_phrasis_0001119__eu-eu__original,
dico_phrasis_0001120__eu-eu__flipped,
dico_phrasis_0001120__eu-eu__original,
dico_phrasis_0001124__eu-eu__flipped,
dico_phrasis_0001124__eu-eu__original,
dico_phrasis_0001125__eu-eu__flipped,
dico_phrasis_0001125__eu-eu__original,
dico_phrasis_0001127__eu-eu__flipped,
dico_phrasis_0001127__eu-eu__original,
dico_phrasis_0001130__eu-eu__flipped,
dico_phrasis_0001130__eu-eu__original,
dico_phrasis_0001132__eu-eu__flipped,
dico_phrasis_0001132__eu-eu__original,
dico_phrasis_0001134__eu-eu__flipped,
dico_phrasis_0001134__eu-eu__original,
dico_phrasis_0001135__eu-eu__flipped,
dico_phrasis_0001135__eu-eu__original,
dico_phrasis_0001138__eu-eu__flipped,
dico_phrasis_0001138__eu-eu__original,
dico_phrasis_0001140__eu-eu__flipped,
dico_phrasis_0001140__eu-eu__original,
dico_phrasis_0001145__eu-eu__flipped,
dico_phrasis_0001145__eu-eu__original,
dico_phrasis_0001146__eu-eu__flipped,
dico_phrasis_0001146__eu-eu__original,
dico_phrasis_0001148__eu-eu__flipped,
dico_phrasis_0001148__eu-eu__original,
dico_phrasis_0001151__eu-eu__flipped,
dico_phrasis_0001151__eu-eu__original,
dico_phrasis_0001152__eu-eu__flipped,
dico_phrasis_0001152__eu-eu__original,
dico_phrasis_0001154__eu-eu__flipped,
dico_phrasis_0001154__eu-eu__original,
dico_phrasis_0001157__eu-eu__flipped,
dico_phrasis_0001157__eu-eu__original,
dico_phrasis_0001158__eu-eu__flipped,
dico_phrasis_0001158__eu-eu__original,
dico_phrasis_0001161__eu-eu__flipped,
dico_phrasis_0001161__eu-eu__original,
dico_phrasis_0001162__eu-eu__flipped,
dico_phrasis_0001162__eu-eu__original,
dico_phrasis_0001165__eu-eu__flipped,
dico_phrasis_0001165__eu-eu__original,
dico_phrasis_0001170__eu-eu__flipped,
dico_phrasis_0001170__eu-eu__original,
dico_phrasis_0001172__eu-eu__flipped,
dico_phrasis_0001172__eu-eu__original,
dico_phrasis_0001173__eu-eu__flipped,
dico_phrasis_0001173__eu-eu__original,
dico_phrasis_0001177__eu-eu__flipped,
dico_phrasis_0001177__eu-eu__original,
dico_phrasis_0001178__eu-eu__flipped,
dico_phrasis_0001178__eu-eu__original,
dico_phrasis_0001180__eu-eu__flipped,
dico_phrasis_0001180__eu-eu__original,
dico_phrasis_0001181__eu-eu__flipped,
dico_phrasis_0001181__eu-eu__original,
dico_phrasis_0001182__eu-eu__flipped,
dico_phrasis_0001182__eu-eu__original,
dico_phrasis_0001183__eu-eu__flipped,
dico_phrasis_0001183__eu-eu__original,
dico_phrasis_0001184__eu-eu__flipped,
dico_phrasis_0001184__eu-eu__original,
dico_phrasis_0001185__eu-eu__flipped,
dico_phrasis_0001185__eu-eu__original,
dico_phrasis_0001186__eu-eu__flipped,
dico_phrasis_0001186__eu-eu__original,
dico_phrasis_0001187__eu-eu__flipped,
dico_phrasis_0001187__eu-eu__original,
dico_phrasis_0001189__eu-eu__flipped,
dico_phrasis_0001189__eu-eu__original,
dico_phrasis_0001190__eu-eu__flipped,
dico_phrasis_0001190__eu-eu__original,
dico_phrasis_0001192__eu-eu__flipped,
dico_phrasis_0001192__eu-eu__original,
dico_phrasis_0001195__eu-eu__flipped,
dico_phrasis_0001195__eu-eu__original,
dico_phrasis_0001196__eu-eu__flipped,
dico_phrasis_0001196__eu-eu__original,
dico_phrasis_0001197__eu-eu__flipped,
dico_phrasis_0001197__eu-eu__original,
dico_phrasis_0001198__eu-eu__flipped,
dico_phrasis_0001198__eu-eu__original,
dico_phrasis_0001199__eu-eu__flipped,
dico_phrasis_0001199__eu-eu__original,
dico_phrasis_0001200__eu-eu__flipped,
dico_phrasis_0001200__eu-eu__original,
dico_phrasis_0001201__eu-eu__flipped,
dico_phrasis_0001201__eu-eu__original,
dico_phrasis_0001202__eu-eu__flipped,
dico_phrasis_0001202__eu-eu__original,
dico_phrasis_0001205__eu-eu__flipped,
dico_phrasis_0001205__eu-eu__original,
dico_phrasis_0001206__eu-eu__flipped,
dico_phrasis_0001206__eu-eu__original,
dico_phrasis_0001207__eu-eu__flipped,
dico_phrasis_0001207__eu-eu__original,
dico_phrasis_0001209__eu-eu__flipped,
dico_phrasis_0001209__eu-eu__original,
dico_phrasis_0001211__eu-eu__flipped,
dico_phrasis_0001211__eu-eu__original,
dico_phrasis_0001212__eu-eu__flipped,
dico_phrasis_0001212__eu-eu__original,
dico_phrasis_0001213__eu-eu__flipped,
dico_phrasis_0001213__eu-eu__original,
dico_phrasis_0001219__eu-eu__flipped,
dico_phrasis_0001219__eu-eu__original,
dico_phrasis_0001220__eu-eu__flipped,
dico_phrasis_0001220__eu-eu__original,
dico_phrasis_0001222__eu-eu__flipped,
dico_phrasis_0001222__eu-eu__original,
dico_phrasis_0001223__eu-eu__flipped,
dico_phrasis_0001223__eu-eu__original,
dico_phrasis_0001225__eu-eu__flipped,
dico_phrasis_0001225__eu-eu__original,
dico_phrasis_0001226__eu-eu__flipped,
dico_phrasis_0001226__eu-eu__original,
dico_phrasis_0001227__eu-eu__flipped,
dico_phrasis_0001227__eu-eu__original,
dico_phrasis_0001228__eu-eu__flipped,
dico_phrasis_0001228__eu-eu__original,
dico_phrasis_0001230__eu-eu__flipped,
dico_phrasis_0001230__eu-eu__original,
dico_phrasis_0001232__eu-eu__flipped,
dico_phrasis_0001232__eu-eu__original,
dico_phrasis_0001233__eu-eu__flipped,
dico_phrasis_0001233__eu-eu__original,
dico_phrasis_0001234__eu-eu__flipped,
dico_phrasis_0001234__eu-eu__original,
dico_phrasis_0001235__eu-eu__flipped,
dico_phrasis_0001235__eu-eu__original,
dico_phrasis_0001238__eu-eu__flipped,
dico_phrasis_0001238__eu-eu__original,
dico_phrasis_0001240__eu-eu__flipped,
dico_phrasis_0001240__eu-eu__original,
dico_phrasis_0001241__eu-eu__flipped,
dico_phrasis_0001241__eu-eu__original,
dico_phrasis_0001242__eu-eu__flipped,
dico_phrasis_0001242__eu-eu__original,
dico_phrasis_0001244__eu-eu__flipped,
dico_phrasis_0001244__eu-eu__original,
dico_phrasis_0001245__eu-eu__flipped,
dico_phrasis_0001245__eu-eu__original,
dico_phrasis_0001246__eu-eu__flipped,
dico_phrasis_0001246__eu-eu__original,
dico_phrasis_0001247__eu-eu__flipped,
dico_phrasis_0001247__eu-eu__original,
dico_phrasis_0001249__eu-eu__flipped,
dico_phrasis_0001249__eu-eu__original,
dico_phrasis_0001250__eu-eu__flipped,
dico_phrasis_0001250__eu-eu__original,
dico_phrasis_0001251__eu-eu__flipped,
dico_phrasis_0001251__eu-eu__original,
dico_phrasis_0001253__eu-eu__flipped,
dico_phrasis_0001253__eu-eu__original,
dico_phrasis_0001254__eu-eu__flipped,
dico_phrasis_0001254__eu-eu__original,
dico_phrasis_0001257__eu-eu__flipped,
dico_phrasis_0001257__eu-eu__original,
dico_phrasis_0001259__eu-eu__flipped,
dico_phrasis_0001259__eu-eu__original,
dico_phrasis_0001260__eu-eu__flipped,
dico_phrasis_0001260__eu-eu__original,
dico_phrasis_0001261__eu-eu__flipped,
dico_phrasis_0001261__eu-eu__original,
dico_phrasis_0001262__eu-eu__flipped,
dico_phrasis_0001262__eu-eu__original,
dico_phrasis_0001266__eu-eu__flipped,
dico_phrasis_0001266__eu-eu__original,
dico_phrasis_0001268__eu-eu__flipped,
dico_phrasis_0001268__eu-eu__original,
dico_phrasis_0001269__eu-eu__flipped,
dico_phrasis_0001269__eu-eu__original,
dico_phrasis_0001272__eu-eu__flipped,
dico_phrasis_0001272__eu-eu__original,
dico_phrasis_0001273__eu-eu__flipped,
dico_phrasis_0001273__eu-eu__original,
dico_phrasis_0001274__eu-eu__flipped,
dico_phrasis_0001274__eu-eu__original,
dico_phrasis_0001276__eu-eu__flipped,
dico_phrasis_0001276__eu-eu__original,
dico_phrasis_0001278__eu-eu__flipped,
dico_phrasis_0001278__eu-eu__original,
dico_phrasis_0001280__eu-eu__flipped,
dico_phrasis_0001280__eu-eu__original,
dico_phrasis_0001283__eu-eu__flipped,
dico_phrasis_0001283__eu-eu__original,
dico_phrasis_0001284__eu-eu__flipped,
dico_phrasis_0001284__eu-eu__original,
dico_phrasis_0001285__eu-eu__flipped,
dico_phrasis_0001285__eu-eu__original,
dico_phrasis_0001287__eu-eu__flipped,
dico_phrasis_0001287__eu-eu__original,
dico_phrasis_0001288__eu-eu__flipped,
dico_phrasis_0001288__eu-eu__original,
dico_phrasis_0001289__eu-eu__flipped,
dico_phrasis_0001289__eu-eu__original,
dico_phrasis_0001292__eu-eu__flipped,
dico_phrasis_0001292__eu-eu__original,
dico_phrasis_0001293__eu-eu__flipped,
dico_phrasis_0001293__eu-eu__original,
dico_phrasis_0001294__eu-eu__flipped,
dico_phrasis_0001294__eu-eu__original,
dico_phrasis_0001295__eu-eu__flipped,
dico_phrasis_0001295__eu-eu__original,
dico_phrasis_0001296__eu-eu__flipped,
dico_phrasis_0001296__eu-eu__original,
dico_phrasis_0001297__eu-eu__flipped,
dico_phrasis_0001297__eu-eu__original,
dico_phrasis_0001298__eu-eu__flipped,
dico_phrasis_0001298__eu-eu__original,
dico_phrasis_0001299__eu-eu__flipped,
dico_phrasis_0001299__eu-eu__original,
dico_phrasis_0001301__eu-eu__flipped,
dico_phrasis_0001301__eu-eu__original,
dico_phrasis_0001303__eu-eu__flipped,
dico_phrasis_0001303__eu-eu__original,
dico_phrasis_0001304__eu-eu__flipped,
dico_phrasis_0001304__eu-eu__original,
dico_phrasis_0001305__eu-eu__flipped,
dico_phrasis_0001305__eu-eu__original,
dico_phrasis_0001307__eu-eu__flipped,
dico_phrasis_0001307__eu-eu__original,
dico_phrasis_0001308__eu-eu__flipped,
dico_phrasis_0001308__eu-eu__original,
dico_phrasis_0001310__eu-eu__flipped,
dico_phrasis_0001310__eu-eu__original,
dico_phrasis_0001311__eu-eu__flipped,
dico_phrasis_0001311__eu-eu__original,
dico_phrasis_0001313__eu-eu__flipped,
dico_phrasis_0001313__eu-eu__original,
dico_phrasis_0001314__eu-eu__flipped,
dico_phrasis_0001314__eu-eu__original,
dico_phrasis_0001316__eu-eu__flipped,
dico_phrasis_0001316__eu-eu__original,
dico_phrasis_0001317__eu-eu__flipped,
dico_phrasis_0001317__eu-eu__original,
dico_phrasis_0001318__eu-eu__flipped,
dico_phrasis_0001318__eu-eu__original,
dico_phrasis_0001319__eu-eu__flipped,
dico_phrasis_0001319__eu-eu__original,
dico_phrasis_0001322__eu-eu__flipped,
dico_phrasis_0001322__eu-eu__original,
dico_phrasis_0001326__eu-eu__flipped,
dico_phrasis_0001326__eu-eu__original,
dico_phrasis_0001327__eu-eu__flipped,
dico_phrasis_0001327__eu-eu__original,
dico_phrasis_0001328__eu-eu__flipped,
dico_phrasis_0001328__eu-eu__original,
dico_phrasis_0001329__eu-eu__flipped,
dico_phrasis_0001329__eu-eu__original,
dico_phrasis_0001330__eu-eu__flipped,
dico_phrasis_0001330__eu-eu__original,
dico_phrasis_0001331__eu-eu__flipped,
dico_phrasis_0001331__eu-eu__original,
dico_phrasis_0001332__eu-eu__flipped,
dico_phrasis_0001332__eu-eu__original,
dico_phrasis_0001333__eu-eu__flipped,
dico_phrasis_0001333__eu-eu__original,
dico_phrasis_0001334__eu-eu__flipped,
dico_phrasis_0001334__eu-eu__original,
dico_phrasis_0001335__eu-eu__flipped,
dico_phrasis_0001335__eu-eu__original,
dico_phrasis_0001336__eu-eu__flipped,
dico_phrasis_0001336__eu-eu__original,
dico_phrasis_0001337__eu-eu__flipped,
dico_phrasis_0001337__eu-eu__original,
dico_phrasis_0001338__eu-eu__flipped,
dico_phrasis_0001338__eu-eu__original,
dico_phrasis_0001339__eu-eu__flipped,
dico_phrasis_0001339__eu-eu__original,
dico_phrasis_0001340__eu-eu__flipped,
dico_phrasis_0001340__eu-eu__original,
dico_phrasis_0001341__eu-eu__flipped,
dico_phrasis_0001341__eu-eu__original,
dico_phrasis_0001343__eu-eu__flipped,
dico_phrasis_0001343__eu-eu__original,
dico_phrasis_0001344__eu-eu__flipped,
dico_phrasis_0001344__eu-eu__original,
dico_phrasis_0001345__eu-eu__flipped,
dico_phrasis_0001345__eu-eu__original,
dico_phrasis_0001347__eu-eu__flipped,
dico_phrasis_0001347__eu-eu__original,
dico_phrasis_0001348__eu-eu__flipped,
dico_phrasis_0001348__eu-eu__original,
dico_phrasis_0001349__eu-eu__flipped,
dico_phrasis_0001349__eu-eu__original,
dico_phrasis_0001353__eu-eu__flipped,
dico_phrasis_0001353__eu-eu__original,
dico_phrasis_0001354__eu-eu__flipped,
dico_phrasis_0001354__eu-eu__original,
dico_phrasis_0001355__eu-eu__flipped,
dico_phrasis_0001355__eu-eu__original,
dico_phrasis_0001356__eu-eu__flipped,
dico_phrasis_0001356__eu-eu__original,
dico_phrasis_0001357__eu-eu__flipped,
dico_phrasis_0001357__eu-eu__original,
dico_phrasis_0001358__eu-eu__flipped,
dico_phrasis_0001358__eu-eu__original,
dico_phrasis_0001359__eu-eu__flipped,
dico_phrasis_0001359__eu-eu__original,
dico_phrasis_0001360__eu-eu__flipped,
dico_phrasis_0001360__eu-eu__original,
dico_phrasis_0001363__eu-eu__flipped,
dico_phrasis_0001363__eu-eu__original,
dico_phrasis_0001364__eu-eu__flipped,
dico_phrasis_0001364__eu-eu__original,
dico_phrasis_0001365__eu-eu__flipped,
dico_phrasis_0001365__eu-eu__original,
dico_phrasis_0001366__eu-eu__flipped,
dico_phrasis_0001366__eu-eu__original,
dico_phrasis_0001367__eu-eu__flipped,
dico_phrasis_0001367__eu-eu__original,
dico_phrasis_0001368__eu-eu__flipped,
dico_phrasis_0001368__eu-eu__original,
dico_phrasis_0001369__eu-eu__flipped,
dico_phrasis_0001369__eu-eu__original,
dico_phrasis_0001370__eu-eu__flipped,
dico_phrasis_0001370__eu-eu__original,
dico_phrasis_0001371__eu-eu__flipped,
dico_phrasis_0001371__eu-eu__original,
dico_phrasis_0001372__eu-eu__flipped,
dico_phrasis_0001372__eu-eu__original,
dico_phrasis_0001373__eu-eu__flipped,
dico_phrasis_0001373__eu-eu__original,
dico_phrasis_0001375__eu-eu__flipped,
dico_phrasis_0001375__eu-eu__original,
dico_phrasis_0001376__eu-eu__flipped,
dico_phrasis_0001376__eu-eu__original,
dico_phrasis_0001377__eu-eu__flipped,
dico_phrasis_0001377__eu-eu__original,
dico_phrasis_0001380__eu-eu__flipped,
dico_phrasis_0001380__eu-eu__original,
dico_phrasis_0001381__eu-eu__flipped,
dico_phrasis_0001381__eu-eu__original,
dico_phrasis_0001382__eu-eu__flipped,
dico_phrasis_0001382__eu-eu__original,
dico_phrasis_0001383__eu-eu__flipped,
dico_phrasis_0001383__eu-eu__original,
dico_phrasis_0001384__eu-eu__flipped,
dico_phrasis_0001384__eu-eu__original,
dico_phrasis_0001385__eu-eu__flipped,
dico_phrasis_0001385__eu-eu__original,
dico_phrasis_0001387__eu-eu__flipped,
dico_phrasis_0001387__eu-eu__original,
dico_phrasis_0001388__eu-eu__flipped,
dico_phrasis_0001388__eu-eu__original,
dico_phrasis_0001389__eu-eu__flipped,
dico_phrasis_0001389__eu-eu__original,
dico_phrasis_0001390__eu-eu__flipped,
dico_phrasis_0001390__eu-eu__original,
dico_phrasis_0001393__eu-eu__flipped,
dico_phrasis_0001393__eu-eu__original,
dico_phrasis_0001394__eu-eu__flipped,
dico_phrasis_0001394__eu-eu__original,
dico_phrasis_0001396__eu-eu__flipped,
dico_phrasis_0001396__eu-eu__original,
dico_phrasis_0001397__eu-eu__flipped,
dico_phrasis_0001397__eu-eu__original,
dico_phrasis_0001399__eu-eu__flipped,
dico_phrasis_0001399__eu-eu__original,
dico_phrasis_0001401__eu-eu__flipped,
dico_phrasis_0001401__eu-eu__original,
dico_phrasis_0001402__eu-eu__flipped,
dico_phrasis_0001402__eu-eu__original,
dico_phrasis_0001403__eu-eu__flipped,
dico_phrasis_0001403__eu-eu__original,
dico_phrasis_0001405__eu-eu__flipped,
dico_phrasis_0001405__eu-eu__original,
dico_phrasis_0001406__eu-eu__flipped,
dico_phrasis_0001406__eu-eu__original,
dico_phrasis_0001407__eu-eu__flipped,
dico_phrasis_0001407__eu-eu__original,
dico_phrasis_0001409__eu-eu__flipped,
dico_phrasis_0001409__eu-eu__original,
dico_phrasis_0001411__eu-eu__flipped,
dico_phrasis_0001411__eu-eu__original,
dico_phrasis_0001412__eu-eu__flipped,
dico_phrasis_0001412__eu-eu__original,
dico_phrasis_0001415__eu-eu__flipped,
dico_phrasis_0001415__eu-eu__original,
dico_phrasis_0001416__eu-eu__flipped,
dico_phrasis_0001416__eu-eu__original,
dico_phrasis_0001417__eu-eu__flipped,
dico_phrasis_0001417__eu-eu__original,
dico_phrasis_0001418__eu-eu__flipped,
dico_phrasis_0001418__eu-eu__original,
dico_phrasis_0001419__eu-eu__flipped,
dico_phrasis_0001419__eu-eu__original,
dico_phrasis_0001421__eu-eu__flipped,
dico_phrasis_0001421__eu-eu__original,
dico_phrasis_0001422__eu-eu__flipped,
dico_phrasis_0001422__eu-eu__original,
dico_phrasis_0001424__eu-eu__flipped,
dico_phrasis_0001424__eu-eu__original,
dico_phrasis_0001425__eu-eu__flipped,
dico_phrasis_0001425__eu-eu__original,
dico_phrasis_0001426__eu-eu__flipped,
dico_phrasis_0001426__eu-eu__original,
dico_phrasis_0001427__eu-eu__flipped,
dico_phrasis_0001427__eu-eu__original,
dico_phrasis_0001428__eu-eu__flipped,
dico_phrasis_0001428__eu-eu__original,
dico_phrasis_0001429__eu-eu__flipped,
dico_phrasis_0001429__eu-eu__original,
dico_phrasis_0001430__eu-eu__flipped,
dico_phrasis_0001430__eu-eu__original,
dico_phrasis_0001431__eu-eu__flipped,
dico_phrasis_0001431__eu-eu__original,
dico_phrasis_0001432__eu-eu__flipped,
dico_phrasis_0001432__eu-eu__original,
dico_phrasis_0001434__eu-eu__flipped,
dico_phrasis_0001434__eu-eu__original,
dico_phrasis_0001435__eu-eu__flipped,
dico_phrasis_0001435__eu-eu__original,
dico_phrasis_0001436__eu-eu__flipped,
dico_phrasis_0001436__eu-eu__original,
dico_phrasis_0001438__eu-eu__flipped,
dico_phrasis_0001438__eu-eu__original,
dico_phrasis_0001439__eu-eu__flipped,
dico_phrasis_0001439__eu-eu__original,
dico_phrasis_0001440__eu-eu__flipped,
dico_phrasis_0001440__eu-eu__original,
dico_phrasis_0001442__eu-eu__flipped,
dico_phrasis_0001442__eu-eu__original,
dico_phrasis_0001443__eu-eu__flipped,
dico_phrasis_0001443__eu-eu__original,
dico_phrasis_0001445__eu-eu__flipped,
dico_phrasis_0001445__eu-eu__original,
dico_phrasis_0001448__eu-eu__flipped,
dico_phrasis_0001448__eu-eu__original,
dico_phrasis_0001449__eu-eu__flipped,
dico_phrasis_0001449__eu-eu__original,
dico_phrasis_0001450__eu-eu__flipped,
dico_phrasis_0001450__eu-eu__original,
dico_phrasis_0001452__eu-eu__flipped,
dico_phrasis_0001452__eu-eu__original,
dico_phrasis_0001453__eu-eu__flipped,
dico_phrasis_0001453__eu-eu__original,
dico_phrasis_0001454__eu-eu__flipped,
dico_phrasis_0001454__eu-eu__original,
dico_phrasis_0001455__eu-eu__flipped,
dico_phrasis_0001455__eu-eu__original,
dico_phrasis_0001459__eu-eu__flipped,
dico_phrasis_0001459__eu-eu__original,
dico_phrasis_0001460__eu-eu__flipped,
dico_phrasis_0001460__eu-eu__original,
dico_phrasis_0001462__eu-eu__flipped,
dico_phrasis_0001462__eu-eu__original,
dico_phrasis_0001463__eu-eu__flipped,
dico_phrasis_0001463__eu-eu__original,
dico_phrasis_0001464__eu-eu__flipped,
dico_phrasis_0001464__eu-eu__original,
dico_phrasis_0001466__eu-eu__flipped,
dico_phrasis_0001466__eu-eu__original,
dico_phrasis_0001467__eu-eu__flipped,
dico_phrasis_0001467__eu-eu__original,
dico_phrasis_0001469__eu-eu__flipped,
dico_phrasis_0001469__eu-eu__original,
dico_phrasis_0001470__eu-eu__flipped,
dico_phrasis_0001470__eu-eu__original,
dico_phrasis_0001471__eu-eu__flipped,
dico_phrasis_0001471__eu-eu__original,
dico_phrasis_0001473__eu-eu__flipped,
dico_phrasis_0001473__eu-eu__original,
dico_phrasis_0001474__eu-eu__flipped,
dico_phrasis_0001474__eu-eu__original,
dico_phrasis_0001476__eu-eu__flipped,
dico_phrasis_0001476__eu-eu__original,
dico_phrasis_0001477__eu-eu__flipped,
dico_phrasis_0001477__eu-eu__original,
dico_phrasis_0001478__eu-eu__flipped,
dico_phrasis_0001478__eu-eu__original,
dico_phrasis_0001480__eu-eu__flipped,
dico_phrasis_0001480__eu-eu__original,
dico_phrasis_0001481__eu-eu__flipped,
dico_phrasis_0001481__eu-eu__original,
dico_phrasis_0001482__eu-eu__flipped,
dico_phrasis_0001482__eu-eu__original,
dico_phrasis_0001483__eu-eu__flipped,
dico_phrasis_0001483__eu-eu__original,
dico_phrasis_0001485__eu-eu__flipped,
dico_phrasis_0001485__eu-eu__original,
dico_phrasis_0001489__eu-eu__flipped,
dico_phrasis_0001489__eu-eu__original,
dico_phrasis_0001490__eu-eu__flipped,
dico_phrasis_0001490__eu-eu__original,
dico_phrasis_0001492__eu-eu__flipped,
dico_phrasis_0001492__eu-eu__original,
dico_phrasis_0001494__eu-eu__flipped,
dico_phrasis_0001494__eu-eu__original,
dico_phrasis_0001495__eu-eu__flipped,
dico_phrasis_0001495__eu-eu__original,
dico_phrasis_0001496__eu-eu__flipped,
dico_phrasis_0001496__eu-eu__original,
dico_phrasis_0001497__eu-eu__flipped,
dico_phrasis_0001497__eu-eu__original,
dico_phrasis_0001498__eu-eu__flipped,
dico_phrasis_0001498__eu-eu__original,
dico_phrasis_0001499__eu-eu__flipped,
dico_phrasis_0001499__eu-eu__original,
dico_phrasis_0001500__eu-eu__flipped,
dico_phrasis_0001500__eu-eu__original,
dico_phrasis_0001502__eu-eu__flipped,
dico_phrasis_0001502__eu-eu__original,
dico_phrasis_0001504__eu-eu__flipped,
dico_phrasis_0001504__eu-eu__original,
dico_phrasis_0001507__eu-eu__flipped,
dico_phrasis_0001507__eu-eu__original,
dico_phrasis_0001508__eu-eu__flipped,
dico_phrasis_0001508__eu-eu__original,
dico_phrasis_0001509__eu-eu__flipped,
dico_phrasis_0001509__eu-eu__original,
dico_phrasis_0001510__eu-eu__flipped,
dico_phrasis_0001510__eu-eu__original,
dico_phrasis_0001512__eu-eu__flipped,
dico_phrasis_0001512__eu-eu__original,
dico_phrasis_0001513__eu-eu__flipped,
dico_phrasis_0001513__eu-eu__original,
dico_phrasis_0001514__eu-eu__flipped,
dico_phrasis_0001514__eu-eu__original,
dico_phrasis_0001515__eu-eu__flipped,
dico_phrasis_0001515__eu-eu__original,
dico_phrasis_0001516__eu-eu__flipped,
dico_phrasis_0001516__eu-eu__original,
dico_phrasis_0001517__eu-eu__flipped,
dico_phrasis_0001517__eu-eu__original,
dico_phrasis_0001518__eu-eu__flipped,
dico_phrasis_0001518__eu-eu__original,
dico_phrasis_0001519__eu-eu__flipped,
dico_phrasis_0001519__eu-eu__original,
dico_phrasis_0001520__eu-eu__flipped,
dico_phrasis_0001520__eu-eu__original,
dico_phrasis_0001522__eu-eu__flipped,
dico_phrasis_0001522__eu-eu__original,
dico_phrasis_0001524__eu-eu__flipped,
dico_phrasis_0001524__eu-eu__original,
dico_phrasis_0001526__eu-eu__flipped,
dico_phrasis_0001526__eu-eu__original,
dico_phrasis_0001528__eu-eu__flipped,
dico_phrasis_0001528__eu-eu__original,
dico_phrasis_0001529__eu-eu__flipped,
dico_phrasis_0001529__eu-eu__original,
dico_phrasis_0001531__eu-eu__flipped,
dico_phrasis_0001531__eu-eu__original,
dico_phrasis_0001532__eu-eu__flipped,
dico_phrasis_0001532__eu-eu__original,
dico_phrasis_0001533__eu-eu__flipped,
dico_phrasis_0001533__eu-eu__original,
dico_phrasis_0001534__eu-eu__flipped,
dico_phrasis_0001534__eu-eu__original,
dico_phrasis_0001535__eu-eu__flipped,
dico_phrasis_0001535__eu-eu__original,
dico_phrasis_0001536__eu-eu__flipped,
dico_phrasis_0001536__eu-eu__original,
dico_phrasis_0001537__eu-eu__flipped,
dico_phrasis_0001537__eu-eu__original,
dico_phrasis_0001539__eu-eu__flipped,
dico_phrasis_0001539__eu-eu__original,
dico_phrasis_0001541__eu-eu__flipped,
dico_phrasis_0001541__eu-eu__original,
dico_phrasis_0001542__eu-eu__flipped,
dico_phrasis_0001542__eu-eu__original,
dico_phrasis_0001543__eu-eu__flipped,
dico_phrasis_0001543__eu-eu__original,
dico_phrasis_0001544__eu-eu__flipped,
dico_phrasis_0001544__eu-eu__original,
dico_phrasis_0001545__eu-eu__flipped,
dico_phrasis_0001545__eu-eu__original,
dico_phrasis_0001546__eu-eu__flipped,
dico_phrasis_0001546__eu-eu__original,
dico_phrasis_0001548__eu-eu__flipped,
dico_phrasis_0001548__eu-eu__original,
dico_phrasis_0001549__eu-eu__flipped,
dico_phrasis_0001549__eu-eu__original,
dico_phrasis_0001552__eu-eu__flipped,
dico_phrasis_0001552__eu-eu__original,
dico_phrasis_0001553__eu-eu__flipped,
dico_phrasis_0001553__eu-eu__original,
dico_phrasis_0001554__eu-eu__flipped,
dico_phrasis_0001554__eu-eu__original,
dico_phrasis_0001556__eu-eu__flipped,
dico_phrasis_0001556__eu-eu__original,
dico_phrasis_0001557__eu-eu__flipped,
dico_phrasis_0001557__eu-eu__original,
dico_phrasis_0001558__eu-eu__flipped,
dico_phrasis_0001558__eu-eu__original,
dico_phrasis_0001559__eu-eu__flipped,
dico_phrasis_0001559__eu-eu__original,
dico_phrasis_0001560__eu-eu__flipped,
dico_phrasis_0001560__eu-eu__original,
dico_phrasis_0001561__eu-eu__flipped,
dico_phrasis_0001561__eu-eu__original,
dico_phrasis_0001563__eu-eu__flipped,
dico_phrasis_0001563__eu-eu__original,
dico_phrasis_0001565__eu-eu__flipped,
dico_phrasis_0001565__eu-eu__original,
dico_phrasis_0001566__eu-eu__flipped,
dico_phrasis_0001566__eu-eu__original,
dico_phrasis_0001568__eu-eu__flipped,
dico_phrasis_0001568__eu-eu__original,
dico_phrasis_0001569__eu-eu__flipped,
dico_phrasis_0001569__eu-eu__original,
dico_phrasis_0001570__eu-eu__flipped,
dico_phrasis_0001570__eu-eu__original,
dico_phrasis_0001572__eu-eu__flipped,
dico_phrasis_0001572__eu-eu__original,
dico_phrasis_0001574__eu-eu__flipped,
dico_phrasis_0001574__eu-eu__original,
dico_phrasis_0001575__eu-eu__flipped,
dico_phrasis_0001575__eu-eu__original,
dico_phrasis_0001578__eu-eu__flipped,
dico_phrasis_0001578__eu-eu__original,
dico_phrasis_0001579__eu-eu__flipped,
dico_phrasis_0001579__eu-eu__original,
dico_phrasis_0001581__eu-eu__flipped,
dico_phrasis_0001581__eu-eu__original,
dico_phrasis_0001582__eu-eu__flipped,
dico_phrasis_0001582__eu-eu__original,
dico_phrasis_0001585__eu-eu__flipped,
dico_phrasis_0001585__eu-eu__original,
dico_phrasis_0001587__eu-eu__flipped,
dico_phrasis_0001587__eu-eu__original,
dico_phrasis_0001588__eu-eu__flipped,
dico_phrasis_0001588__eu-eu__original,
dico_phrasis_0001589__eu-eu__flipped,
dico_phrasis_0001589__eu-eu__original,
dico_phrasis_0001596__eu-eu__flipped,
dico_phrasis_0001596__eu-eu__original,
dico_phrasis_0001597__eu-eu__flipped,
dico_phrasis_0001597__eu-eu__original,
dico_phrasis_0001598__eu-eu__flipped,
dico_phrasis_0001598__eu-eu__original,
dico_phrasis_0001601__eu-eu__flipped,
dico_phrasis_0001601__eu-eu__original,
dico_phrasis_0001602__eu-eu__flipped,
dico_phrasis_0001602__eu-eu__original,
dico_phrasis_0001603__eu-eu__flipped,
dico_phrasis_0001603__eu-eu__original,
dico_phrasis_0001604__eu-eu__flipped,
dico_phrasis_0001604__eu-eu__original,
dico_phrasis_0001607__eu-eu__flipped,
dico_phrasis_0001607__eu-eu__original,
dico_phrasis_0001608__eu-eu__flipped,
dico_phrasis_0001608__eu-eu__original,
dico_phrasis_0001609__eu-eu__flipped,
dico_phrasis_0001609__eu-eu__original,
dico_phrasis_0001610__eu-eu__flipped,
dico_phrasis_0001610__eu-eu__original,
dico_phrasis_0001611__eu-eu__flipped,
dico_phrasis_0001611__eu-eu__original,
dico_phrasis_0001613__eu-eu__flipped,
dico_phrasis_0001613__eu-eu__original,
dico_phrasis_0001614__eu-eu__flipped,
dico_phrasis_0001614__eu-eu__original,
dico_phrasis_0001615__eu-eu__flipped,
dico_phrasis_0001615__eu-eu__original,
dico_phrasis_0001617__eu-eu__flipped,
dico_phrasis_0001617__eu-eu__original,
dico_phrasis_0001619__eu-eu__flipped,
dico_phrasis_0001619__eu-eu__original,
dico_phrasis_0001620__eu-eu__flipped,
dico_phrasis_0001620__eu-eu__original,
dico_phrasis_0001621__eu-eu__flipped,
dico_phrasis_0001621__eu-eu__original,
dico_phrasis_0001622__eu-eu__flipped,
dico_phrasis_0001622__eu-eu__original,
dico_phrasis_0001624__eu-eu__flipped,
dico_phrasis_0001624__eu-eu__original,
dico_phrasis_0001625__eu-eu__flipped,
dico_phrasis_0001625__eu-eu__original,
dico_phrasis_0001627__eu-eu__flipped,
dico_phrasis_0001627__eu-eu__original,
dico_phrasis_0001631__eu-eu__flipped,
dico_phrasis_0001631__eu-eu__original,
dico_phrasis_0001632__eu-eu__flipped,
dico_phrasis_0001632__eu-eu__original,
dico_phrasis_0001633__eu-eu__flipped,
dico_phrasis_0001633__eu-eu__original,
dico_phrasis_0001634__eu-eu__flipped,
dico_phrasis_0001634__eu-eu__original,
dico_phrasis_0001635__eu-eu__flipped,
dico_phrasis_0001635__eu-eu__original,
dico_phrasis_0001636__eu-eu__flipped,
dico_phrasis_0001636__eu-eu__original,
dico_phrasis_0001637__eu-eu__flipped,
dico_phrasis_0001637__eu-eu__original,
dico_phrasis_0001639__eu-eu__flipped,
dico_phrasis_0001639__eu-eu__original,
dico_phrasis_0001640__eu-eu__flipped,
dico_phrasis_0001640__eu-eu__original,
dico_phrasis_0001641__eu-eu__flipped,
dico_phrasis_0001641__eu-eu__original,
dico_phrasis_0001643__eu-eu__flipped,
dico_phrasis_0001643__eu-eu__original,
dico_phrasis_0001646__eu-eu__flipped,
dico_phrasis_0001646__eu-eu__original,
dico_phrasis_0001647__eu-eu__flipped,
dico_phrasis_0001647__eu-eu__original,
dico_phrasis_0001648__eu-eu__flipped,
dico_phrasis_0001648__eu-eu__original,
dico_phrasis_0001649__eu-eu__flipped,
dico_phrasis_0001649__eu-eu__original,
dico_phrasis_0001650__eu-eu__flipped,
dico_phrasis_0001650__eu-eu__original,
dico_phrasis_0001651__eu-eu__flipped,
dico_phrasis_0001651__eu-eu__original,
dico_phrasis_0001652__eu-eu__flipped,
dico_phrasis_0001652__eu-eu__original,
dico_phrasis_0001653__eu-eu__flipped,
dico_phrasis_0001653__eu-eu__original,
dico_phrasis_0001655__eu-eu__flipped,
dico_phrasis_0001655__eu-eu__original,
dico_phrasis_0001657__eu-eu__flipped,
dico_phrasis_0001657__eu-eu__original,
dico_phrasis_0001660__eu-eu__flipped,
dico_phrasis_0001660__eu-eu__original,
dico_phrasis_0001661__eu-eu__flipped,
dico_phrasis_0001661__eu-eu__original,
dico_phrasis_0001664__eu-eu__flipped,
dico_phrasis_0001664__eu-eu__original,
dico_phrasis_0001668__eu-eu__flipped,
dico_phrasis_0001668__eu-eu__original,
dico_phrasis_0001670__eu-eu__flipped,
dico_phrasis_0001670__eu-eu__original,
dico_phrasis_0001671__eu-eu__flipped,
dico_phrasis_0001671__eu-eu__original,
dico_phrasis_0001672__eu-eu__flipped,
dico_phrasis_0001672__eu-eu__original,
dico_phrasis_0001673__eu-eu__flipped,
dico_phrasis_0001673__eu-eu__original,
dico_phrasis_0001674__eu-eu__flipped,
dico_phrasis_0001674__eu-eu__original,
dico_phrasis_0001677__eu-eu__flipped,
dico_phrasis_0001677__eu-eu__original,
dico_phrasis_0001678__eu-eu__flipped,
dico_phrasis_0001678__eu-eu__original,
dico_phrasis_0001679__eu-eu__flipped,
dico_phrasis_0001679__eu-eu__original,
dico_phrasis_0001680__eu-eu__flipped,
dico_phrasis_0001680__eu-eu__original,
dico_phrasis_0001681__eu-eu__flipped,
dico_phrasis_0001681__eu-eu__original,
dico_phrasis_0001683__eu-eu__flipped,
dico_phrasis_0001683__eu-eu__original,
dico_phrasis_0001684__eu-eu__flipped,
dico_phrasis_0001684__eu-eu__original,
dico_phrasis_0001686__eu-eu__flipped,
dico_phrasis_0001686__eu-eu__original,
dico_phrasis_0001687__eu-eu__flipped,
dico_phrasis_0001687__eu-eu__original,
dico_phrasis_0001688__eu-eu__flipped,
dico_phrasis_0001688__eu-eu__original,
dico_phrasis_0001689__eu-eu__flipped,
dico_phrasis_0001689__eu-eu__original,
dico_phrasis_0001692__eu-eu__flipped,
dico_phrasis_0001692__eu-eu__original,
dico_phrasis_0001694__eu-eu__flipped,
dico_phrasis_0001694__eu-eu__original,
dico_phrasis_0001695__eu-eu__flipped,
dico_phrasis_0001695__eu-eu__original,
dico_phrasis_0001697__eu-eu__flipped,
dico_phrasis_0001697__eu-eu__original,
dico_phrasis_0001699__eu-eu__flipped,
dico_phrasis_0001699__eu-eu__original,
dico_phrasis_0001700__eu-eu__flipped,
dico_phrasis_0001700__eu-eu__original,
dico_phrasis_0001701__eu-eu__flipped,
dico_phrasis_0001701__eu-eu__original,
dico_phrasis_0001704__eu-eu__flipped,
dico_phrasis_0001704__eu-eu__original,
dico_phrasis_0001705__eu-eu__flipped,
dico_phrasis_0001705__eu-eu__original,
dico_phrasis_0001707__eu-eu__flipped,
dico_phrasis_0001707__eu-eu__original,
dico_phrasis_0001708__eu-eu__flipped,
dico_phrasis_0001708__eu-eu__original,
dico_phrasis_0001709__eu-eu__flipped,
dico_phrasis_0001709__eu-eu__original,
dico_phrasis_0001711__eu-eu__flipped,
dico_phrasis_0001711__eu-eu__original,
dico_phrasis_0001712__eu-eu__flipped,
dico_phrasis_0001712__eu-eu__original,
dico_phrasis_0001713__eu-eu__flipped,
dico_phrasis_0001713__eu-eu__original,
dico_phrasis_0001715__eu-eu__flipped,
dico_phrasis_0001715__eu-eu__original,
dico_phrasis_0001716__eu-eu__flipped,
dico_phrasis_0001716__eu-eu__original,
dico_phrasis_0001717__eu-eu__flipped,
dico_phrasis_0001717__eu-eu__original,
dico_phrasis_0001718__eu-eu__flipped,
dico_phrasis_0001718__eu-eu__original,
dico_phrasis_0001719__eu-eu__flipped,
dico_phrasis_0001719__eu-eu__original,
dico_phrasis_0001720__eu-eu__flipped,
dico_phrasis_0001720__eu-eu__original,
dico_phrasis_0001721__eu-eu__flipped,
dico_phrasis_0001721__eu-eu__original,
dico_phrasis_0001722__eu-eu__flipped,
dico_phrasis_0001722__eu-eu__original,
dico_phrasis_0001723__eu-eu__flipped,
dico_phrasis_0001723__eu-eu__original,
dico_phrasis_0001724__eu-eu__flipped,
dico_phrasis_0001724__eu-eu__original,
dico_phrasis_0001725__eu-eu__flipped,
dico_phrasis_0001725__eu-eu__original,
dico_phrasis_0001728__eu-eu__flipped,
dico_phrasis_0001728__eu-eu__original,
dico_phrasis_0001729__eu-eu__flipped,
dico_phrasis_0001729__eu-eu__original,
dico_phrasis_0001730__eu-eu__flipped,
dico_phrasis_0001730__eu-eu__original,
dico_phrasis_0001732__eu-eu__flipped,
dico_phrasis_0001732__eu-eu__original,
dico_phrasis_0001733__eu-eu__flipped,
dico_phrasis_0001733__eu-eu__original,
dico_phrasis_0001734__eu-eu__flipped,
dico_phrasis_0001734__eu-eu__original,
dico_phrasis_0001735__eu-eu__flipped,
dico_phrasis_0001735__eu-eu__original,
dico_phrasis_0001736__eu-eu__flipped,
dico_phrasis_0001736__eu-eu__original,
dico_phrasis_0001737__eu-eu__flipped,
dico_phrasis_0001737__eu-eu__original,
dico_phrasis_0001738__eu-eu__flipped,
dico_phrasis_0001738__eu-eu__original,
dico_phrasis_0001740__eu-eu__flipped,
dico_phrasis_0001740__eu-eu__original,
dico_phrasis_0001741__eu-eu__flipped,
dico_phrasis_0001741__eu-eu__original,
dico_phrasis_0001745__eu-eu__flipped,
dico_phrasis_0001745__eu-eu__original,
dico_phrasis_0001746__eu-eu__flipped,
dico_phrasis_0001746__eu-eu__original,
dico_phrasis_0001747__eu-eu__flipped,
dico_phrasis_0001747__eu-eu__original,
dico_phrasis_0001753__eu-eu__flipped,
dico_phrasis_0001753__eu-eu__original,
dico_phrasis_0001754__eu-eu__flipped,
dico_phrasis_0001754__eu-eu__original,
dico_phrasis_0001758__eu-eu__flipped,
dico_phrasis_0001758__eu-eu__original,
dico_phrasis_0001759__eu-eu__flipped,
dico_phrasis_0001759__eu-eu__original,
dico_phrasis_0001760__eu-eu__flipped,
dico_phrasis_0001760__eu-eu__original,
dico_phrasis_0001761__eu-eu__flipped,
dico_phrasis_0001761__eu-eu__original,
dico_phrasis_0001762__eu-eu__flipped,
dico_phrasis_0001762__eu-eu__original,
dico_phrasis_0001763__eu-eu__flipped,
dico_phrasis_0001763__eu-eu__original,
dico_phrasis_0001765__eu-eu__flipped,
dico_phrasis_0001765__eu-eu__original,
dico_phrasis_0001766__eu-eu__flipped,
dico_phrasis_0001766__eu-eu__original,
dico_phrasis_0001767__eu-eu__flipped,
dico_phrasis_0001767__eu-eu__original,
dico_phrasis_0001770__eu-eu__flipped,
dico_phrasis_0001770__eu-eu__original,
dico_phrasis_0001771__eu-eu__flipped,
dico_phrasis_0001771__eu-eu__original,
dico_phrasis_0001774__eu-eu__flipped,
dico_phrasis_0001774__eu-eu__original,
dico_phrasis_0001775__eu-eu__flipped,
dico_phrasis_0001775__eu-eu__original,
dico_phrasis_0001776__eu-eu__flipped,
dico_phrasis_0001776__eu-eu__original,
dico_phrasis_0001777__eu-eu__flipped,
dico_phrasis_0001777__eu-eu__original,
dico_phrasis_0001779__eu-eu__flipped,
dico_phrasis_0001779__eu-eu__original,
dico_phrasis_0001780__eu-eu__flipped,
dico_phrasis_0001780__eu-eu__original,
dico_phrasis_0001782__eu-eu__flipped,
dico_phrasis_0001782__eu-eu__original,
dico_phrasis_0001783__eu-eu__flipped,
dico_phrasis_0001783__eu-eu__original,
dico_phrasis_0001784__eu-eu__flipped,
dico_phrasis_0001784__eu-eu__original,
dico_phrasis_0001785__eu-eu__flipped,
dico_phrasis_0001785__eu-eu__original,
dico_phrasis_0001786__eu-eu__flipped,
dico_phrasis_0001786__eu-eu__original,
dico_phrasis_0001787__eu-eu__flipped,
dico_phrasis_0001787__eu-eu__original,
dico_phrasis_0001788__eu-eu__flipped,
dico_phrasis_0001788__eu-eu__original,
dico_phrasis_0001789__eu-eu__flipped,
dico_phrasis_0001789__eu-eu__original,
dico_phrasis_0001790__eu-eu__flipped,
dico_phrasis_0001790__eu-eu__original,
dico_phrasis_0001791__eu-eu__flipped,
dico_phrasis_0001791__eu-eu__original,
dico_phrasis_0001792__eu-eu__flipped,
dico_phrasis_0001792__eu-eu__original,
dico_phrasis_0001793__eu-eu__flipped,
dico_phrasis_0001793__eu-eu__original,
dico_phrasis_0001795__eu-eu__flipped,
dico_phrasis_0001795__eu-eu__original,
dico_phrasis_0001796__eu-eu__flipped,
dico_phrasis_0001796__eu-eu__original,
dico_phrasis_0001797__eu-eu__flipped,
dico_phrasis_0001797__eu-eu__original,
dico_phrasis_0001798__eu-eu__flipped,
dico_phrasis_0001798__eu-eu__original,
dico_phrasis_0001799__eu-eu__flipped,
dico_phrasis_0001799__eu-eu__original,
dico_phrasis_0001803__eu-eu__flipped,
dico_phrasis_0001803__eu-eu__original,
dico_phrasis_0001804__eu-eu__flipped,
dico_phrasis_0001804__eu-eu__original,
dico_phrasis_0001805__eu-eu__flipped,
dico_phrasis_0001805__eu-eu__original,
dico_phrasis_0001806__eu-eu__flipped,
dico_phrasis_0001806__eu-eu__original,
dico_phrasis_0001807__eu-eu__flipped,
dico_phrasis_0001807__eu-eu__original,
dico_phrasis_0001808__eu-eu__flipped,
dico_phrasis_0001808__eu-eu__original,
dico_phrasis_0001809__eu-eu__flipped,
dico_phrasis_0001809__eu-eu__original,
dico_phrasis_0001810__eu-eu__flipped,
dico_phrasis_0001810__eu-eu__original,
dico_phrasis_0001811__eu-eu__flipped,
dico_phrasis_0001811__eu-eu__original,
dico_phrasis_0001812__eu-eu__flipped,
dico_phrasis_0001812__eu-eu__original,
dico_phrasis_0001813__eu-eu__flipped,
dico_phrasis_0001813__eu-eu__original,
dico_phrasis_0001814__eu-eu__flipped,
dico_phrasis_0001814__eu-eu__original,
dico_phrasis_0001815__eu-eu__flipped,
dico_phrasis_0001815__eu-eu__original,
dico_phrasis_0001816__eu-eu__flipped,
dico_phrasis_0001816__eu-eu__original,
dico_phrasis_0001819__eu-eu__flipped,
dico_phrasis_0001819__eu-eu__original,
dico_phrasis_0001820__eu-eu__flipped,
dico_phrasis_0001820__eu-eu__original,
dico_phrasis_0001821__eu-eu__flipped,
dico_phrasis_0001821__eu-eu__original,
dico_phrasis_0001823__eu-eu__flipped,
dico_phrasis_0001823__eu-eu__original,
dico_phrasis_0001824__eu-eu__flipped,
dico_phrasis_0001824__eu-eu__original,
dico_phrasis_0001825__eu-eu__flipped,
dico_phrasis_0001825__eu-eu__original,
dico_phrasis_0001826__eu-eu__flipped,
dico_phrasis_0001826__eu-eu__original,
dico_phrasis_0001827__eu-eu__flipped,
dico_phrasis_0001827__eu-eu__original,
dico_phrasis_0001829__eu-eu__flipped,
dico_phrasis_0001829__eu-eu__original,
dico_phrasis_0001831__eu-eu__flipped,
dico_phrasis_0001831__eu-eu__original,
dico_phrasis_0001832__eu-eu__flipped,
dico_phrasis_0001832__eu-eu__original,
dico_phrasis_0001833__eu-eu__flipped,
dico_phrasis_0001833__eu-eu__original,
dico_phrasis_0001835__eu-eu__flipped,
dico_phrasis_0001835__eu-eu__original,
dico_phrasis_0001837__eu-eu__flipped,
dico_phrasis_0001837__eu-eu__original,
dico_phrasis_0001838__eu-eu__flipped,
dico_phrasis_0001838__eu-eu__original,
dico_phrasis_0001839__eu-eu__flipped,
dico_phrasis_0001839__eu-eu__original,
dico_phrasis_0001840__eu-eu__flipped,
dico_phrasis_0001840__eu-eu__original,
dico_phrasis_0001842__eu-eu__flipped,
dico_phrasis_0001842__eu-eu__original,
dico_phrasis_0001843__eu-eu__flipped,
dico_phrasis_0001843__eu-eu__original,
dico_phrasis_0001844__eu-eu__flipped,
dico_phrasis_0001844__eu-eu__original,
dico_phrasis_0001845__eu-eu__flipped,
dico_phrasis_0001845__eu-eu__original,
dico_phrasis_0001849__eu-eu__flipped,
dico_phrasis_0001849__eu-eu__original,
dico_phrasis_0001850__eu-eu__flipped,
dico_phrasis_0001850__eu-eu__original,
dico_phrasis_0001851__eu-eu__flipped,
dico_phrasis_0001851__eu-eu__original,
dico_phrasis_0001852__eu-eu__flipped,
dico_phrasis_0001852__eu-eu__original,
dico_phrasis_0001853__eu-eu__flipped,
dico_phrasis_0001853__eu-eu__original,
dico_phrasis_0001854__eu-eu__flipped,
dico_phrasis_0001854__eu-eu__original,
dico_phrasis_0001855__eu-eu__flipped,
dico_phrasis_0001855__eu-eu__original,
dico_phrasis_0001859__eu-eu__flipped,
dico_phrasis_0001859__eu-eu__original,
dico_phrasis_0001860__eu-eu__flipped,
dico_phrasis_0001860__eu-eu__original,
dico_phrasis_0001861__eu-eu__flipped,
dico_phrasis_0001861__eu-eu__original,
dico_phrasis_0001863__eu-eu__flipped,
dico_phrasis_0001863__eu-eu__original,
dico_phrasis_0001864__eu-eu__flipped,
dico_phrasis_0001864__eu-eu__original,
dico_phrasis_0001865__eu-eu__flipped,
dico_phrasis_0001865__eu-eu__original,
dico_phrasis_0001866__eu-eu__flipped,
dico_phrasis_0001866__eu-eu__original,
dico_phrasis_0001867__eu-eu__flipped,
dico_phrasis_0001867__eu-eu__original,
dico_phrasis_0001869__eu-eu__flipped,
dico_phrasis_0001869__eu-eu__original,
dico_phrasis_0001873__eu-eu__flipped,
dico_phrasis_0001873__eu-eu__original,
dico_phrasis_0001874__eu-eu__flipped,
dico_phrasis_0001874__eu-eu__original,
dico_phrasis_0001876__eu-eu__flipped,
dico_phrasis_0001876__eu-eu__original,
dico_phrasis_0001877__eu-eu__flipped,
dico_phrasis_0001877__eu-eu__original,
dico_phrasis_0001878__eu-eu__flipped,
dico_phrasis_0001878__eu-eu__original,
dico_phrasis_0001879__eu-eu__flipped,
dico_phrasis_0001879__eu-eu__original,
dico_phrasis_0001881__eu-eu__flipped,
dico_phrasis_0001881__eu-eu__original,
dico_phrasis_0001885__eu-eu__flipped,
dico_phrasis_0001885__eu-eu__original,
dico_phrasis_0001888__eu-eu__flipped,
dico_phrasis_0001888__eu-eu__original,
dico_phrasis_0001890__eu-eu__flipped,
dico_phrasis_0001890__eu-eu__original,
dico_phrasis_0001893__eu-eu__flipped,
dico_phrasis_0001893__eu-eu__original,
dico_phrasis_0001894__eu-eu__flipped,
dico_phrasis_0001894__eu-eu__original,
dico_phrasis_0001895__eu-eu__flipped,
dico_phrasis_0001895__eu-eu__original,
dico_phrasis_0001896__eu-eu__flipped,
dico_phrasis_0001896__eu-eu__original,
dico_phrasis_0001897__eu-eu__flipped,
dico_phrasis_0001897__eu-eu__original,
dico_phrasis_0001898__eu-eu__flipped,
dico_phrasis_0001898__eu-eu__original,
dico_phrasis_0001899__eu-eu__flipped,
dico_phrasis_0001899__eu-eu__original,
dico_phrasis_0001901__eu-eu__flipped,
dico_phrasis_0001901__eu-eu__original,
dico_phrasis_0001902__eu-eu__flipped,
dico_phrasis_0001902__eu-eu__original,
dico_phrasis_0001903__eu-eu__flipped,
dico_phrasis_0001903__eu-eu__original,
dico_phrasis_0001907__eu-eu__flipped,
dico_phrasis_0001907__eu-eu__original,
dico_phrasis_0001909__eu-eu__flipped,
dico_phrasis_0001909__eu-eu__original,
dico_phrasis_0001910__eu-eu__flipped,
dico_phrasis_0001910__eu-eu__original,
dico_phrasis_0001911__eu-eu__flipped,
dico_phrasis_0001911__eu-eu__original,
dico_phrasis_0001912__eu-eu__flipped,
dico_phrasis_0001912__eu-eu__original,
dico_phrasis_0001913__eu-eu__flipped,
dico_phrasis_0001913__eu-eu__original,
dico_phrasis_0001914__eu-eu__flipped,
dico_phrasis_0001914__eu-eu__original,
dico_phrasis_0001915__eu-eu__flipped,
dico_phrasis_0001915__eu-eu__original,
dico_phrasis_0001916__eu-eu__flipped,
dico_phrasis_0001916__eu-eu__original,
dico_phrasis_0001917__eu-eu__flipped,
dico_phrasis_0001917__eu-eu__original,
dico_phrasis_0001918__eu-eu__flipped,
dico_phrasis_0001918__eu-eu__original,
dico_phrasis_0001919__eu-eu__flipped,
dico_phrasis_0001919__eu-eu__original,
dico_phrasis_0001920__eu-eu__flipped,
dico_phrasis_0001920__eu-eu__original,
dico_phrasis_0001921__eu-eu__flipped,
dico_phrasis_0001921__eu-eu__original,
dico_phrasis_0001922__eu-eu__flipped,
dico_phrasis_0001922__eu-eu__original,
dico_phrasis_0001923__eu-eu__flipped,
dico_phrasis_0001923__eu-eu__original,
dico_phrasis_0001924__eu-eu__flipped,
dico_phrasis_0001924__eu-eu__original,
dico_phrasis_0001925__eu-eu__flipped,
dico_phrasis_0001925__eu-eu__original,
dico_phrasis_0001927__eu-eu__flipped,
dico_phrasis_0001927__eu-eu__original,
dico_phrasis_0001928__eu-eu__flipped,
dico_phrasis_0001928__eu-eu__original,
dico_phrasis_0001929__eu-eu__flipped,
dico_phrasis_0001929__eu-eu__original,
dico_phrasis_0001931__eu-eu__flipped,
dico_phrasis_0001931__eu-eu__original,
dico_phrasis_0001932__eu-eu__flipped,
dico_phrasis_0001932__eu-eu__original,
dico_phrasis_0001933__eu-eu__flipped,
dico_phrasis_0001933__eu-eu__original,
dico_phrasis_0001934__eu-eu__flipped,
dico_phrasis_0001934__eu-eu__original,
dico_phrasis_0001935__eu-eu__flipped,
dico_phrasis_0001935__eu-eu__original,
dico_phrasis_0001936__eu-eu__flipped,
dico_phrasis_0001936__eu-eu__original,
dico_phrasis_0001939__eu-eu__flipped,
dico_phrasis_0001939__eu-eu__original,
dico_phrasis_0001941__eu-eu__flipped,
dico_phrasis_0001941__eu-eu__original,
dico_phrasis_0001942__eu-eu__flipped,
dico_phrasis_0001942__eu-eu__original,
dico_phrasis_0001943__eu-eu__flipped,
dico_phrasis_0001943__eu-eu__original,
dico_phrasis_0001946__eu-eu__flipped,
dico_phrasis_0001946__eu-eu__original,
dico_phrasis_0001947__eu-eu__original,
dico_phrasis_0001950__eu-eu__original,
dico_phrasis_0001951__eu-eu__original,
dico_phrasis_0001956__eu-eu__original,
dico_phrasis_0001958__eu-eu__original,
dico_phrasis_0001959__eu-eu__original,
dico_phrasis_0001964__eu-eu__original,
dico_phrasis_0001965__eu-eu__original,
dico_phrasis_0001966__eu-eu__original,
dico_phrasis_0001967__eu-eu__original,
dico_phrasis_0001969__eu-eu__original,
dico_phrasis_0001970__eu-eu__original,
dico_phrasis_0001972__eu-eu__original,
dico_phrasis_0001983__eu-eu__original,
dico_phrasis_0001992__eu-eu__original,
dico_phrasis_0001995__eu-eu__original,
dico_phrasis_0001997__eu-eu__original,
dico_phrasis_0002000__eu-eu__original,
dico_phrasis_0002001__eu-eu__original,
dico_phrasis_0002002__eu-eu__original,
dico_phrasis_0002006__eu-eu__original,
dico_phrasis_0002011__eu-eu__original,
dico_phrasis_0002012__eu-eu__original,
dico_phrasis_0002013__eu-eu__original,
dico_phrasis_0002019__eu-eu__original,
dico_phrasis_0002023__eu-eu__original,
dico_phrasis_0002032__eu-eu__original,
dico_phrasis_0002033__eu-eu__original,
dico_phrasis_0002037__eu-eu__original,
dico_phrasis_0002049__eu-eu__original,
dico_phrasis_0002053__eu-eu__original,
dico_phrasis_0002055__eu-eu__original,
dico_phrasis_0002060__eu-eu__original,
dico_phrasis_0002061__eu-eu__original,
dico_phrasis_0002062__eu-eu__original,
dico_phrasis_0002068__eu-eu__original,
dico_phrasis_0002070__eu-eu__original,
dico_phrasis_0002074__eu-eu__original,
dico_phrasis_0002075__eu-eu__original,
dico_phrasis_0002082__eu-eu__original,
dico_phrasis_0002083__eu-eu__original,
dico_phrasis_0002085__eu-eu__original,
dico_phrasis_0002086__eu-eu__original,
dico_phrasis_0002093__eu-eu__original,
dico_phrasis_0002094__eu-eu__original,
dico_phrasis_0002097__eu-eu__original,
dico_phrasis_0002107__eu-eu__original,
dico_phrasis_0002109__eu-eu__original,
dico_phrasis_0002114__eu-eu__original,
dico_phrasis_0002120__eu-eu__original,
dico_phrasis_0002126__eu-eu__original,
dico_phrasis_0002129__eu-eu__original,
dico_phrasis_0002130__eu-eu__original,
dico_phrasis_0002134__eu-eu__original,
dico_phrasis_0002137__eu-eu__original,
dico_phrasis_0002153__eu-eu__original,
dico_phrasis_0002156__eu-eu__original,
dico_phrasis_0002161__eu-eu__original,
dico_phrasis_0002164__eu-eu__original,
dico_phrasis_0002168__eu-eu__original,
dico_phrasis_0002170__eu-eu__original,
dico_phrasis_0002173__eu-eu__original,
dico_phrasis_0002190__eu-eu__original,
dico_phrasis_0002194__eu-eu__original,
dico_phrasis_0002195__eu-eu__original,
dico_phrasis_0002200__eu-eu__original,
dico_phrasis_0002203__eu-eu__original,
dico_phrasis_0002210__eu-eu__original,
dico_phrasis_0002213__eu-eu__original,
dico_phrasis_0002219__eu-eu__original,
dico_phrasis_0002225__eu-eu__original,
dico_phrasis_0002226__eu-eu__original,
dico_phrasis_0002227__eu-eu__original,
dico_phrasis_0002228__eu-eu__original,
dico_phrasis_0002230__eu-eu__original,
dico_phrasis_0002235__eu-eu__original,
dico_phrasis_0002238__eu-eu__original,
dico_phrasis_0002252__eu-eu__original,
dico_phrasis_0002261__eu-eu__original,
dico_phrasis_0002262__eu-eu__original,
dico_phrasis_0002274__eu-eu__original,
dico_phrasis_0002275__eu-eu__original,
dico_phrasis_0002284__eu-eu__original,
dico_phrasis_0002285__eu-eu__original,
dico_phrasis_0002286__eu-eu__original,
dico_phrasis_0002293__eu-eu__original,
dico_phrasis_0002296__eu-eu__original,
dico_phrasis_0002297__eu-eu__original,
dico_phrasis_0002305__eu-eu__original,
dico_phrasis_0002316__eu-eu__original,
dico_phrasis_0002320__eu-eu__original,
dico_phrasis_0002322__eu-eu__original,
dico_phrasis_0002323__eu-eu__original,
dico_phrasis_0002325__eu-eu__original,
dico_phrasis_0002327__eu-eu__original,
dico_phrasis_0002329__eu-eu__original,
dico_phrasis_0002335__eu-eu__original,
dico_phrasis_0002340__eu-eu__original,
dico_phrasis_0002345__eu-eu__original,
dico_phrasis_0002347__eu-eu__original,
dico_phrasis_0002352__eu-eu__original,
dico_phrasis_0002353__eu-eu__original,
dico_phrasis_0002359__eu-eu__original,
dico_phrasis_0002360__eu-eu__original,
dico_phrasis_0002370__eu-eu__original,
dico_phrasis_0002378__eu-eu__original,
dico_phrasis_0002384__eu-eu__original,
dico_phrasis_0002385__eu-eu__original,
dico_phrasis_0002388__eu-eu__original,
dico_phrasis_0002389__eu-eu__original,
dico_phrasis_0002393__eu-eu__original,
dico_phrasis_0002402__eu-eu__original,
dico_phrasis_0002404__eu-eu__original,
dico_phrasis_0002407__eu-eu__original,
dico_phrasis_0002410__eu-eu__original,
dico_phrasis_0002412__eu-eu__original,
dico_phrasis_0002414__eu-eu__original,
dico_phrasis_0002415__eu-eu__original,
dico_phrasis_0002416__eu-eu__original,
dico_phrasis_0002419__eu-eu__original,
dico_phrasis_0002420__eu-eu__original,
dico_phrasis_0002422__eu-eu__original,
dico_phrasis_0002425__eu-eu__original,
dico_phrasis_0002427__eu-eu__original,
dico_phrasis_0002431__eu-eu__original,
dico_phrasis_0002432__eu-eu__original,
dico_phrasis_0002433__eu-eu__original,
dico_phrasis_0002439__eu-eu__original,
dico_phrasis_0002440__eu-eu__original,
dico_phrasis_0002441__eu-eu__original,
dico_phrasis_0002445__eu-eu__original,
dico_phrasis_0002447__eu-eu__original,
dico_phrasis_0002450__eu-eu__original,
dico_phrasis_0002451__eu-eu__original,
dico_phrasis_0002453__eu-eu__original,
dico_phrasis_0002454__eu-eu__original,
dico_phrasis_0002456__eu-eu__original,
dico_phrasis_0002459__eu-eu__original,
dico_phrasis_0002460__eu-eu__original,
dico_phrasis_0002461__eu-eu__original,
dico_phrasis_0002468__eu-eu__original,
dico_phrasis_0002469__eu-eu__original,
dico_phrasis_0002472__eu-eu__original,
dico_phrasis_0002473__eu-eu__original,
dico_phrasis_0002474__eu-eu__original,
dico_phrasis_0002475__eu-eu__original,
dico_phrasis_0002476__eu-eu__original,
dico_phrasis_0002480__eu-eu__original,
dico_phrasis_0002484__eu-eu__original,
dico_phrasis_0002485__eu-eu__original,
dico_phrasis_0002489__eu-eu__original,
dico_phrasis_0002494__eu-eu__original,
dico_phrasis_0002496__eu-eu__original,
dico_phrasis_0002501__eu-eu__original,
dico_phrasis_0002502__eu-eu__original,
dico_phrasis_0002504__eu-eu__original,
dico_phrasis_0002507__eu-eu__original,
dico_phrasis_0002508__eu-eu__original,
dico_phrasis_0002509__eu-eu__original,
dico_phrasis_0002511__eu-eu__original,
dico_phrasis_0002517__eu-eu__original,
dico_phrasis_0002518__eu-eu__original,
dico_phrasis_0002522__eu-eu__original,
dico_phrasis_0002524__eu-eu__original,
dico_phrasis_0002525__eu-eu__original,
dico_phrasis_0002529__eu-eu__original,
dico_phrasis_0002530__eu-eu__original,
dico_phrasis_0002535__eu-eu__original,
dico_phrasis_0002537__eu-eu__original,
dico_phrasis_0002538__eu-eu__original,
dico_phrasis_0002539__eu-eu__original,
dico_phrasis_0002540__eu-eu__original,
dico_phrasis_0002541__eu-eu__original,
dico_phrasis_0002543__eu-eu__original,
dico_phrasis_0002545__eu-eu__original,
dico_phrasis_0002546__eu-eu__original,
dico_phrasis_0002547__eu-eu__original,
dico_phrasis_0002552__eu-eu__original,
dico_phrasis_0002553__eu-eu__original,
dico_phrasis_0002555__eu-eu__original,
dico_phrasis_0002556__eu-eu__original,
dico_phrasis_0002557__eu-eu__original,
dico_phrasis_0002558__eu-eu__original,
dico_phrasis_0002561__eu-eu__original,
dico_phrasis_0002565__eu-eu__original,
dico_phrasis_0002568__eu-eu__original,
dico_phrasis_0002571__eu-eu__original,
dico_phrasis_0002572__eu-eu__original,
dico_phrasis_0002575__eu-eu__original,
dico_phrasis_0002577__eu-eu__original,
dico_phrasis_0002578__eu-eu__original,
dico_phrasis_0002579__eu-eu__original,
dico_phrasis_0002585__eu-eu__original,
dico_phrasis_0002592__eu-eu__original,
dico_phrasis_0002593__eu-eu__original,
dico_phrasis_0002594__eu-eu__original,
dico_phrasis_0002598__eu-eu__original,
dico_phrasis_0002603__eu-eu__original,
dico_phrasis_0002604__eu-eu__original,
dico_phrasis_0002605__eu-eu__original,
dico_phrasis_0002606__eu-eu__original,
dico_phrasis_0002609__eu-eu__original,
dico_phrasis_0002621__eu-eu__original,
dico_phrasis_0002626__eu-eu__original,
dico_phrasis_0002628__eu-eu__original,
dico_phrasis_0002631__eu-eu__original,
dico_phrasis_0002633__eu-eu__original,
dico_phrasis_0002637__eu-eu__original,
dico_phrasis_0002638__eu-eu__original,
dico_phrasis_0002642__eu-eu__original,
dico_phrasis_0002643__eu-eu__original,
dico_phrasis_0002646__eu-eu__original,
dico_phrasis_0002647__eu-eu__original,
dico_phrasis_0002649__eu-eu__original,
dico_phrasis_0002650__eu-eu__original,
dico_phrasis_0002652__eu-eu__original,
dico_phrasis_0002655__eu-eu__original,
dico_phrasis_0002656__eu-eu__original,
dico_phrasis_0002657__eu-eu__original,
dico_phrasis_0002658__eu-eu__original,
dico_phrasis_0002659__eu-eu__original,
dico_phrasis_0002660__eu-eu__original,
dico_phrasis_0002661__eu-eu__original,
dico_phrasis_0002662__eu-eu__original,
dico_phrasis_0002663__eu-eu__original,
dico_phrasis_0002664__eu-eu__original,
dico_phrasis_0002667__eu-eu__original,
dico_phrasis_0002673__eu-eu__original,
dico_phrasis_0002674__eu-eu__original,
dico_phrasis_0002677__eu-eu__original,
dico_phrasis_0002678__eu-eu__original,
dico_phrasis_0002680__eu-eu__original,
dico_phrasis_0002681__eu-eu__original,
dico_phrasis_0002684__eu-eu__original,
dico_phrasis_0002685__eu-eu__original,
dico_phrasis_0002689__eu-eu__original,
dico_phrasis_0002691__eu-eu__original,
dico_phrasis_0002697__eu-eu__original,
dico_phrasis_0002701__eu-eu__original,
dico_phrasis_0002702__eu-eu__original,
dico_phrasis_0002705__eu-eu__original,
dico_phrasis_0002707__eu-eu__original,
dico_phrasis_0002709__eu-eu__original,
dico_phrasis_0002710__eu-eu__original,
dico_phrasis_0002713__eu-eu__original,
dico_phrasis_0002714__eu-eu__original,
dico_phrasis_0002717__eu-eu__original,
dico_phrasis_0002718__eu-eu__original,
dico_phrasis_0002720__eu-eu__original,
dico_phrasis_0002723__eu-eu__original,
dico_phrasis_0002727__eu-eu__original,
dico_phrasis_0002728__eu-eu__original,
dico_phrasis_0002730__eu-eu__original,
dico_phrasis_0002735__eu-eu__original,
dico_phrasis_0002742__eu-eu__original,
dico_phrasis_0002743__eu-eu__original,
dico_phrasis_0002745__eu-eu__original,
dico_phrasis_0002746__eu-eu__original,
dico_phrasis_0002748__eu-eu__original,
dico_phrasis_0002749__eu-eu__original,
dico_phrasis_0002752__eu-eu__original,
dico_phrasis_0002758__eu-eu__original,
dico_phrasis_0002759__eu-eu__original,
dico_phrasis_0002760__eu-eu__original,
dico_phrasis_0002761__eu-eu__original,
dico_phrasis_0002763__eu-eu__original,
dico_phrasis_0002769__eu-eu__original,
dico_phrasis_0002771__eu-eu__original,
dico_phrasis_0002773__eu-eu__original,
dico_phrasis_0002777__eu-eu__original,
dico_phrasis_0002780__eu-eu__original,
dico_phrasis_0002783__eu-eu__original,
dico_phrasis_0002785__eu-eu__original,
dico_phrasis_0002786__eu-eu__original,
dico_phrasis_0002788__eu-eu__original,
dico_phrasis_0002791__eu-eu__original,
dico_phrasis_0002795__eu-eu__original,
dico_phrasis_0002797__eu-eu__original,
dico_phrasis_0002799__eu-eu__original,
dico_phrasis_0002800__eu-eu__original,
dico_phrasis_0002802__eu-eu__original,
dico_phrasis_0002803__eu-eu__original,
dico_phrasis_0002805__eu-eu__original,
dico_phrasis_0002807__eu-eu__original,
dico_phrasis_0002808__eu-eu__original,
dico_phrasis_0002815__eu-eu__original,
dico_phrasis_0002817__eu-eu__original,
dico_phrasis_0002820__eu-eu__original,
dico_phrasis_0002831__eu-eu__original,
dico_phrasis_0002832__eu-eu__original,
dico_phrasis_0002833__eu-eu__original,
dico_phrasis_0002834__eu-eu__original,
dico_phrasis_0002836__eu-eu__original,
dico_phrasis_0002837__eu-eu__original,
dico_phrasis_0002849__eu-eu__original,
dico_phrasis_0002850__eu-eu__original,
dico_phrasis_0002852__eu-eu__original,
dico_phrasis_0002853__eu-eu__original,
dico_phrasis_0002854__eu-eu__original,
dico_phrasis_0002856__eu-eu__original,
dico_phrasis_0002861__eu-eu__original,
dico_phrasis_0002865__eu-eu__original,
dico_phrasis_0002869__eu-eu__original,
dico_phrasis_0002870__eu-eu__original,
dico_phrasis_0002871__eu-eu__original,
dico_phrasis_0002873__eu-eu__original,
dico_phrasis_0002877__eu-eu__original,
dico_phrasis_0002881__eu-eu__original,
dico_phrasis_0002883__eu-eu__original,
dico_phrasis_0002892__eu-eu__original,
dico_phrasis_0002894__eu-eu__original,
dico_phrasis_0002897__eu-eu__original,
dico_phrasis_0002899__eu-eu__original,
dico_phrasis_0002902__eu-eu__original,
dico_phrasis_0002904__eu-eu__original,
dico_phrasis_0002905__eu-eu__original,
dico_phrasis_0002907__eu-eu__original,
dico_phrasis_0002910__eu-eu__original,
dico_phrasis_0002911__eu-eu__original,
dico_phrasis_0002917__eu-eu__original,
dico_phrasis_0002918__eu-eu__original,
dico_phrasis_0002919__eu-eu__original,
dico_phrasis_0002921__eu-eu__original,
dico_phrasis_0002922__eu-eu__original,
dico_phrasis_0002924__eu-eu__original,
dico_phrasis_0002926__eu-eu__original,
dico_phrasis_0002929__eu-eu__original,
dico_phrasis_0002931__eu-eu__original,
dico_phrasis_0002932__eu-eu__original,
dico_phrasis_0002935__eu-eu__original,
dico_phrasis_0002936__eu-eu__original,
dico_phrasis_0002939__eu-eu__original,
dico_phrasis_0002940__eu-eu__original,
dico_phrasis_0002941__eu-eu__original,
dico_phrasis_0002944__eu-eu__original,
dico_phrasis_0002945__eu-eu__original,
dico_phrasis_0002953__eu-eu__original,
dico_phrasis_0002954__eu-eu__original,
dico_phrasis_0002955__eu-eu__original,
dico_phrasis_0002956__eu-eu__original,
dico_phrasis_0002957__eu-eu__original,
dico_phrasis_0002963__eu-eu__original,
dico_phrasis_0002965__eu-eu__original,
dico_phrasis_0002968__eu-eu__original,
dico_phrasis_0002970__eu-eu__original,
dico_phrasis_0002977__eu-eu__original,
dico_phrasis_0002982__eu-eu__original,
dico_phrasis_0002985__eu-eu__original,
dico_phrasis_0002987__eu-eu__original,
dico_phrasis_0002988__eu-eu__original,
dico_phrasis_0002990__eu-eu__original,
dico_phrasis_0002998__eu-eu__original,
dico_phrasis_0003001__eu-eu__original,
dico_phrasis_0003004__eu-eu__original,
dico_phrasis_0003005__eu-eu__original,
dico_phrasis_0003008__eu-eu__original,
dico_phrasis_0003011__eu-eu__original,
dico_phrasis_0003012__eu-eu__original,
dico_phrasis_0003023__eu-eu__original,
dico_phrasis_0003029__eu-eu__original,
dico_phrasis_0003034__eu-eu__original,
dico_phrasis_0003035__eu-eu__original,
dico_phrasis_0003036__eu-eu__original,
dico_phrasis_0003038__eu-eu__original,
dico_phrasis_0003039__eu-eu__original,
dico_phrasis_0003040__eu-eu__original,
dico_phrasis_0003041__eu-eu__original,
dico_phrasis_0003042__eu-eu__original,
dico_phrasis_0003043__eu-eu__original,
dico_phrasis_0003045__eu-eu__original,
dico_phrasis_0003046__eu-eu__original,
dico_phrasis_0003058__eu-eu__original,
dico_phrasis_0003068__eu-eu__original,
dico_phrasis_0003069__eu-eu__original,
dico_phrasis_0003071__eu-eu__original,
dico_phrasis_0003073__eu-eu__original,
dico_phrasis_0003078__eu-eu__original,
dico_phrasis_0003079__eu-eu__original,
dico_phrasis_0003080__eu-eu__original,
dico_phrasis_0003082__eu-eu__original,
dico_phrasis_0003083__eu-eu__original,
dico_phrasis_0003085__eu-eu__original,
dico_phrasis_0003086__eu-eu__original,
dico_phrasis_0003087__eu-eu__original,
dico_phrasis_0003088__eu-eu__original,
dico_phrasis_0003090__eu-eu__original,
dico_phrasis_0003091__eu-eu__original,
dico_phrasis_0003092__eu-eu__original,
dico_phrasis_0003095__eu-eu__original,
dico_phrasis_0003098__eu-eu__original,
dico_phrasis_0003100__eu-eu__original,
dico_phrasis_0003101__eu-eu__original,
dico_phrasis_0003102__eu-eu__original,
dico_phrasis_0003103__eu-eu__original,
dico_phrasis_0003104__eu-eu__original,
dico_phrasis_0003105__eu-eu__original,
dico_phrasis_0003106__eu-eu__original,
dico_phrasis_0003109__eu-eu__original,
dico_phrasis_0003111__eu-eu__original,
dico_phrasis_0003113__eu-eu__original,
dico_phrasis_0003116__eu-eu__original,
dico_phrasis_0003117__eu-eu__original,
dico_phrasis_0003121__eu-eu__original,
dico_phrasis_0003130__eu-eu__original,
dico_phrasis_0003131__eu-eu__original,
dico_phrasis_0003132__eu-eu__original,
dico_phrasis_0003134__eu-eu__original,
dico_phrasis_0003135__eu-eu__original,
dico_phrasis_0003137__eu-eu__original,
dico_phrasis_0003140__eu-eu__original,
dico_phrasis_0003146__eu-eu__original,
dico_phrasis_0003150__eu-eu__original,
dico_phrasis_0003151__eu-eu__original,
dico_phrasis_0003153__eu-eu__original,
dico_phrasis_0003154__eu-eu__original,
dico_phrasis_0003155__eu-eu__original,
dico_phrasis_0003156__eu-eu__original,
dico_phrasis_0003169__eu-eu__original,
dico_phrasis_0003172__eu-eu__original,
dico_phrasis_0003173__eu-eu__original,
dico_phrasis_0003177__eu-eu__original,
dico_phrasis_0003180__eu-eu__original,
dico_phrasis_0003181__eu-eu__original,
dico_phrasis_0003194__eu-eu__original,
dico_phrasis_0003198__eu-eu__original,
dico_phrasis_0003201__eu-eu__original,
dico_phrasis_0003202__eu-eu__original,
dico_phrasis_0003206__eu-eu__original,
dico_phrasis_0003207__eu-eu__original,
dico_phrasis_0003208__eu-eu__original,
dico_phrasis_0003225__eu-eu__original,
dico_phrasis_0003228__eu-eu__original,
dico_phrasis_0003230__eu-eu__original,
dico_phrasis_0003231__eu-eu__original,
dico_phrasis_0003233__eu-eu__original,
dico_phrasis_0003234__eu-eu__original,
dico_phrasis_0003235__eu-eu__original,
dico_phrasis_0003238__eu-eu__original,
dico_phrasis_0003239__eu-eu__original,
dico_phrasis_0003240__eu-eu__original,
dico_phrasis_0003242__eu-eu__original,
dico_phrasis_0003244__eu-eu__original,
dico_phrasis_0003247__eu-eu__original,
dico_phrasis_0003248__eu-eu__original,
dico_phrasis_0003255__eu-eu__original,
dico_phrasis_0003257__eu-eu__original,
dico_phrasis_0003258__eu-eu__original,
dico_phrasis_0003260__eu-eu__original,
dico_phrasis_0003261__eu-eu__original,
dico_phrasis_0003262__eu-eu__original,
dico_phrasis_0003265__eu-eu__original,
dico_phrasis_0003266__eu-eu__original,
dico_phrasis_0003269__eu-eu__original,
dico_phrasis_0003270__eu-eu__original,
dico_phrasis_0003271__eu-eu__original,
dico_phrasis_0003273__eu-eu__original,
dico_phrasis_0003274__eu-eu__original,
dico_phrasis_0003277__eu-eu__original,
dico_phrasis_0003279__eu-eu__original,
dico_phrasis_0003282__eu-eu__original,
dico_phrasis_0003284__eu-eu__original,
dico_phrasis_0003287__eu-eu__original,
dico_phrasis_0003288__eu-eu__original,
dico_phrasis_0003291__eu-eu__original,
dico_phrasis_0003292__eu-eu__original,
dico_phrasis_0003293__eu-eu__original,
dico_phrasis_0003295__eu-eu__original,
dico_phrasis_0003296__eu-eu__original,
dico_phrasis_0003297__eu-eu__original,
dico_phrasis_0003298__eu-eu__original,
dico_phrasis_0003299__eu-eu__original,
dico_phrasis_0003300__eu-eu__original,
dico_phrasis_0003301__eu-eu__original,
dico_phrasis_0003303__eu-eu__original,
dico_phrasis_0003308__eu-eu__original,
dico_phrasis_0003315__eu-eu__original,
dico_phrasis_0003316__eu-eu__original,
dico_phrasis_0003318__eu-eu__original,
