instance_id,pair_id,text1_lang,text2_lang,text1,text2,reverse_pair_id,label
dico_phrasis_0000001__eu-eu__flipped,dico_phrasis_0000001,eu,eu,Oposizio kontserbadorea,Kontserbadoreak,dico_phrasis_0000001__eu-eu__original,FORWARD_ENTAILMENT
dico_phrasis_0000001__eu-eu__original,dico_phrasis_0000001,eu,eu,Kontserbadoreak,Oposizio kontserbadorea,dico_phrasis_0000001__eu-eu__flipped,BACKWARD_ENTAILMENT
dico_phrasis_0000003__eu-eu__flipped,dico_phrasis_0000003,eu,eu,Shinzo Abe Japoniako lehen ministroa,Abe,dico_phrasis_0000003__eu-eu__original,FORWARD_ENTAILMENT
dico_phrasis_0000003__eu-eu__original,dico_phrasis_0000003,eu,eu,Abe,Shinzo Abe Japoniako lehen ministroa,dico_phrasis_0000003__eu-eu__flipped,BACKWARD_ENTAILMENT
dico_phrasis_0000005__eu-eu__flipped,dico_phrasis_0000005,eu,eu,misil balistikoak,misilak,dico_phrasis_0000005__eu-eu__original,FORWARD_ENTAILMENT
dico_phrasis_0000005__eu-eu__original,dico_phrasis_0000005,eu,eu,misilak,misil balistikoak,dico_phrasis_0000005__eu-eu__flipped,BACKWARD_ENTAILMENT
dico_phrasis_0000006__eu-eu__flipped,dico_phrasis_0000006,eu,eu,hildako guztien artean,hildako 9 lagunen artean,dico_phrasis_0000006__eu-eu__original,FORWARD_ENTAILMENT
dico_phrasis_0000006__eu-eu__original,dico_phrasis_0000006,eu,eu,hildako 9 lagunen artean,hildako guztien artean,dico_phrasis_0000006__eu-eu__flipped,BACKWARD_ENTAILMENT
dico_phrasis_0000009__eu-eu__flipped,dico_phrasis_0000009,eu,eu,89 hildako,22 hildako,dico_phrasis_0000009__eu-eu__original,FORWARD_ENTAILMENT
dico_phrasis_0000009__eu-eu__original,dico_phrasis_0000009,eu,eu,22 hildako,89 hildako,dico_phrasis_0000009__eu-eu__flipped,BACKWARD_ENTAILMENT
dico_phrasis_0000011__eu-eu__flipped,dico_phrasis_0000011,eu,eu,garaipen zabala,-ren garaipena,dico_phrasis_0000011__eu-eu__original,FORWARD_ENTAILMENT
dico_phrasis_0000011__eu-eu__original,dico_phrasis_0000011,eu,eu,-ren garaipena,garaipen zabala,dico_phrasis_0000011__eu-eu__flipped,BACKWARD_ENTAILMENT
dico_phrasis_0000012__eu-eu__flipped,dico_phrasis_0000012,eu,eu,ospitaleko edozein ohetan,ospitalean,dico_phrasis_0000012__eu-eu__original,FORWARD_ENTAILMENT
dico_phrasis_0000012__eu-eu__original,dico_phrasis_0000012,eu,eu,ospitalean,ospitaleko edozein ohetan,dico_phrasis_0000012__eu-eu__flipped,BACKWARD_ENTAILMENT
dico_phrasis_0000013__eu-eu__flipped,dico_phrasis_0000013,eu,eu,Sindh Asanbleako presidenteorde gisa,SAko presidenteordea,dico_phrasis_0000013__eu-eu__original,FORWARD_ENTAILMENT
dico_phrasis_0000013__eu-eu__original,dico_phrasis_0000013,eu,eu,SAko presidenteordea,Sindh Asanbleako presidenteorde gisa,dico_phrasis_0000013__eu-eu__flipped,BACKWARD_ENTAILMENT
dico_phrasis_0000014__eu-eu__flipped,dico_phrasis_0000014,eu,eu,"haren seme-alabarik gazteena, Lady Soames",haren azken seme-alaba,dico_phrasis_0000014__eu-eu__original,FORWARD_ENTAILMENT
dico_phrasis_0000014__eu-eu__original,dico_phrasis_0000014,eu,eu,haren azken seme-alaba,"haren seme-alabarik gazteena, Lady Soames",dico_phrasis_0000014__eu-eu__flipped,BACKWARD_ENTAILMENT
dico_phrasis_0000015__eu-eu__flipped,dico_phrasis_0000015,eu,eu,Golkoko uretan,itsasora,dico_phrasis_0000015__eu-eu__original,FORWARD_ENTAILMENT
dico_phrasis_0000015__eu-eu__original,dico_phrasis_0000015,eu,eu,itsasora,Golkoko uretan,dico_phrasis_0000015__eu-eu__flipped,BACKWARD_ENTAILMENT
dico_phrasis_0000016__eu-eu__flipped,dico_phrasis_0000016,eu,eu,edozein presidentek bezala,-ren presidentea,dico_phrasis_0000016__eu-eu__original,FORWARD_ENTAILMENT
dico_phrasis_0000016__eu-eu__original,dico_phrasis_0000016,eu,eu,-ren presidentea,edozein presidentek bezala,dico_phrasis_0000016__eu-eu__flipped,BACKWARD_ENTAILMENT
dico_phrasis_0000017__eu-eu__flipped,dico_phrasis_0000017,eu,eu,New Orleanseko desfileko tiroketan,New Orleanseko tiroketa batean,dico_phrasis_0000017__eu-eu__original,FORWARD_ENTAILMENT
dico_phrasis_0000017__eu-eu__original,dico_phrasis_0000017,eu,eu,New Orleanseko tiroketa batean,New Orleanseko desfileko tiroketan,dico_phrasis_0000017__eu-eu__flipped,BACKWARD_ENTAILMENT
dico_phrasis_0000020__eu-eu__flipped,dico_phrasis_0000020,eu,eu,MKOren aldarrikapena,aldarrikapena,dico_phrasis_0000020__eu-eu__original,FORWARD_ENTAILMENT
dico_phrasis_0000020__eu-eu__original,dico_phrasis_0000020,eu,eu,aldarrikapena,MKOren aldarrikapena,dico_phrasis_0000020__eu-eu__flipped,BACKWARD_ENTAILMENT
dico_phrasis_0000022__eu-eu__flipped,dico_phrasis_0000022,eu,eu,Australiako itsasontzia,Itsasontzia,dico_phrasis_0000022__eu-eu__original,FORWARD_ENTAILMENT
dico_phrasis_0000022__eu-eu__original,dico_phrasis_0000022,eu,eu,Itsasontzia,Australiako itsasontzia,dico_phrasis_0000022__eu-eu__flipped,BACKWARD_ENTAILMENT
dico_phrasis_0000025__eu-eu__flipped,dico_phrasis_0000025,eu,eu,Bostongo biktimentzat,Bostongo biktimak,dico_phrasis_0000025__eu-eu__original,FORWARD_ENTAILMENT
dico_phrasis_0000025__eu-eu__original,dico_phrasis_0000025,eu,eu,Bostongo biktimak,Bostongo biktimentzat,dico_phrasis_0000025__eu-eu__flipped,BACKWARD_ENTAILMENT
dico_phrasis_0000027__eu-eu__flipped,dico_phrasis_0000027,eu,eu,Ed Snowdenen aferaren inguruan,Edward Snowdenen inguruan,dico_phrasis_0000027__eu-eu__original,FORWARD_ENTAILMENT
dico_phrasis_0000027__eu-eu__original,dico_phrasis_0000027,eu,eu,Edward Snowdenen inguruan,Ed Snowdenen aferaren inguruan,dico_phrasis_0000027__eu-eu__flipped,BACKWARD_ENTAILMENT
dico_phrasis_0000028__eu-eu__flipped,dico_phrasis_0000028,eu,eu,plan baterako,proposamen,dico_phrasis_0000028__eu-eu__original,FORWARD_ENTAILMENT
dico_phrasis_0000028__eu-eu__original,dico_phrasis_0000028,eu,eu,proposamen,plan baterako,dico_phrasis_0000028__eu-eu__flipped,BACKWARD_ENTAILMENT
dico_phrasis_0000029__eu-eu__flipped,dico_phrasis_0000029,eu,eu,gatibualdian bost urte oso eman ondoren,ia bost urteko gatibualdiaren ondoren,dico_phrasis_0000029__eu-eu__original,FORWARD_ENTAILMENT
dico_phrasis_0000029__eu-eu__original,dico_phrasis_0000029,eu,eu,ia bost urteko gatibualdiaren ondoren,gatibualdian bost urte oso eman ondoren,dico_phrasis_0000029__eu-eu__flipped,BACKWARD_ENTAILMENT
dico_phrasis_0000033__eu-eu__flipped,dico_phrasis_0000033,eu,eu,9 turista atzerritar eta pakistandar bat,10 turista atzerritar,dico_phrasis_0000033__eu-eu__original,FORWARD_ENTAILMENT
dico_phrasis_0000033__eu-eu__original,dico_phrasis_0000033,eu,eu,10 turista atzerritar,9 turista atzerritar eta pakistandar bat,dico_phrasis_0000033__eu-eu__flipped,BACKWARD_ENTAILMENT
dico_phrasis_0000036__eu-eu__flipped,dico_phrasis_0000036,eu,eu,Australiako lehen ministro berri gisa,Australiako lehen ministro gisa,dico_phrasis_0000036__eu-eu__original,FORWARD_ENTAILMENT
dico_phrasis_0000036__eu-eu__original,dico_phrasis_0000036,eu,eu,Australiako lehen ministro gisa,Australiako lehen ministro berri gisa,dico_phrasis_0000036__eu-eu__flipped,BACKWARD_ENTAILMENT
dico_phrasis_0000037__eu-eu__flipped,dico_phrasis_0000037,eu,eu,seme-alaba bakarraren politikaren,seme-alaba bakarraren politika,dico_phrasis_0000037__eu-eu__original,FORWARD_ENTAILMENT
dico_phrasis_0000037__eu-eu__original,dico_phrasis_0000037,eu,eu,seme-alaba bakarraren politika,seme-alaba bakarraren politikaren,dico_phrasis_0000037__eu-eu__flipped,BACKWARD_ENTAILMENT
dico_phrasis_0000038__eu-eu__flipped,dico_phrasis_0000038,eu,eu,Ama bat,Emakume bat,dico_phrasis_0000038__eu-eu__original,FORWARD_ENTAILMENT
dico_phrasis_0000038__eu-eu__original,dico_phrasis_0000038,eu,eu,Emakume bat,Ama bat,dico_phrasis_0000038__eu-eu__flipped,BACKWARD_ENTAILMENT
dico_phrasis_0000039__eu-eu__flipped,dico_phrasis_0000039,eu,eu,bere zortzi urteko alabaren ondoren,zortzi urteko neska baten ondoren,dico_phrasis_0000039__eu-eu__original,FORWARD_ENTAILMENT
dico_phrasis_0000039__eu-eu__original,dico_phrasis_0000039,eu,eu,zortzi urteko neska baten ondoren,bere zortzi urteko alabaren ondoren,dico_phrasis_0000039__eu-eu__flipped,BACKWARD_ENTAILMENT
dico_phrasis_0000042__eu-eu__flipped,dico_phrasis_0000042,eu,eu,"ehuneko 0,2 gora","ehuneko 0,2",dico_phrasis_0000042__eu-eu__original,FORWARD_ENTAILMENT
dico_phrasis_0000042__eu-eu__original,dico_phrasis_0000042,eu,eu,"ehuneko 0,2","ehuneko 0,2 gora",dico_phrasis_0000042__eu-eu__flipped,BACKWARD_ENTAILMENT
dico_phrasis_0000043__eu-eu__flipped,dico_phrasis_0000043,eu,eu,arma kimikoen,arma kimikoak,dico_phrasis_0000043__eu-eu__original,FORWARD_ENTAILMENT
dico_phrasis_0000043__eu-eu__original,dico_phrasis_0000043,eu,eu,arma kimikoak,arma kimikoen,dico_phrasis_0000043__eu-eu__flipped,BACKWARD_ENTAILMENT
dico_phrasis_0000044__eu-eu__flipped,dico_phrasis_0000044,eu,eu,NBEko Arma Kimikoen Adituak,Arma Kimikoen Taldea,dico_phrasis_0000044__eu-eu__original,FORWARD_ENTAILMENT
dico_phrasis_0000044__eu-eu__original,dico_phrasis_0000044,eu,eu,Arma Kimikoen Taldea,NBEko Arma Kimikoen Adituak,dico_phrasis_0000044__eu-eu__flipped,BACKWARD_ENTAILMENT
dico_phrasis_0000045__eu-eu__flipped,dico_phrasis_0000045,eu,eu,-ren oposizioko alderdia,-ren oposizioa,dico_phrasis_0000045__eu-eu__original,FORWARD_ENTAILMENT
dico_phrasis_0000045__eu-eu__original,dico_phrasis_0000045,eu,eu,-ren oposizioa,-ren oposizioko alderdia,dico_phrasis_0000045__eu-eu__flipped,BACKWARD_ENTAILMENT
dico_phrasis_0000047__eu-eu__flipped,dico_phrasis_0000047,eu,eu,Bangladesheko kolapsoan hildakoak,hildakoen kopurua,dico_phrasis_0000047__eu-eu__original,FORWARD_ENTAILMENT
dico_phrasis_0000047__eu-eu__original,dico_phrasis_0000047,eu,eu,hildakoen kopurua,Bangladesheko kolapsoan hildakoak,dico_phrasis_0000047__eu-eu__flipped,BACKWARD_ENTAILMENT
dico_phrasis_0000048__eu-eu__flipped,dico_phrasis_0000048,eu,eu,Italiako gobernua,Italia,dico_phrasis_0000048__eu-eu__original,FORWARD_ENTAILMENT
dico_phrasis_0000048__eu-eu__original,dico_phrasis_0000048,eu,eu,Italia,Italiako gobernua,dico_phrasis_0000048__eu-eu__flipped,BACKWARD_ENTAILMENT
dico_phrasis_0000049__eu-eu__flipped,dico_phrasis_0000049,eu,eu,asilo humanitarioa,asiloa,dico_phrasis_0000049__eu-eu__original,FORWARD_ENTAILMENT
dico_phrasis_0000049__eu-eu__original,dico_phrasis_0000049,eu,eu,asiloa,asilo humanitarioa,dico_phrasis_0000049__eu-eu__flipped,BACKWARD_ENTAILMENT
dico_phrasis_0000050__eu-eu__flipped,dico_phrasis_0000050,eu,eu,AEBen esku-sartze militarraren aurka,esku-hartze militarraren aurka,dico_phrasis_0000050__eu-eu__original,FORWARD_ENTAILMENT
dico_phrasis_0000050__eu-eu__original,dico_phrasis_0000050,eu,eu,esku-hartze militarraren aurka,AEBen esku-sartze militarraren aurka,dico_phrasis_0000050__eu-eu__flipped,BACKWARD_ENTAILMENT
dico_phrasis_0000051__eu-eu__flipped,dico_phrasis_0000051,eu,eu,otsaileko hauteskunde orokorrak,hauteskunde orokorrak,dico_phrasis_0000051__eu-eu__original,FORWARD_ENTAILMENT
dico_phrasis_0000051__eu-eu__original,dico_phrasis_0000051,eu,eu,hauteskunde orokorrak,otsaileko hauteskunde orokorrak,dico_phrasis_0000051__eu-eu__flipped,BACKWARD_ENTAILMENT
dico_phrasis_0000052__eu-eu__flipped,dico_phrasis_0000052,eu,eu,Thailandiako oposizioko Alderdi Demokrata,Thailandiako oposizioko alderdia,dico_phrasis_0000052__eu-eu__original,FORWARD_ENTAILMENT
dico_phrasis_0000052__eu-eu__original,dico_phrasis_0000052,eu,eu,Thailandiako oposizioko alderdia,Thailandiako oposizioko Alderdi Demokrata,dico_phrasis_0000052__eu-eu__flipped,BACKWARD_ENTAILMENT
dico_phrasis_0000053__eu-eu__flipped,dico_phrasis_0000053,eu,eu,Irakeko gatazkan,Iraken,dico_phrasis_0000053__eu-eu__original,FORWARD_ENTAILMENT
dico_phrasis_0000053__eu-eu__original,dico_phrasis_0000053,eu,eu,Iraken,Irakeko gatazkan,dico_phrasis_0000053__eu-eu__flipped,BACKWARD_ENTAILMENT
dico_phrasis_0000054__eu-eu__flipped,dico_phrasis_0000054,eu,eu,Benghazin,Benghazikoa,dico_phrasis_0000054__eu-eu__original,FORWARD_ENTAILMENT
dico_phrasis_0000054__eu-eu__original,dico_phrasis_0000054,eu,eu,Benghazikoa,Benghazin,dico_phrasis_0000054__eu-eu__flipped,BACKWARD_ENTAILMENT
dico_phrasis_0000055__eu-eu__flipped,dico_phrasis_0000055,eu,eu,haren printze jaioberri berria,haren printze berria,dico_phrasis_0000055__eu-eu__original,FORWARD_ENTAILMENT
dico_phrasis_0000055__eu-eu__original,dico_phrasis_0000055,eu,eu,haren printze berria,haren printze jaioberri berria,dico_phrasis_0000055__eu-eu__flipped,BACKWARD_ENTAILMENT
dico_phrasis_0000057__eu-eu__flipped,dico_phrasis_0000057,eu,eu,Gurutzatuen gaztelu historikoa,Gurutzatuen gaztelua,dico_phrasis_0000057__eu-eu__original,FORWARD_ENTAILMENT
dico_phrasis_0000057__eu-eu__original,dico_phrasis_0000057,eu,eu,Gurutzatuen gaztelua,Gurutzatuen gaztelu historikoa,dico_phrasis_0000057__eu-eu__flipped,BACKWARD_ENTAILMENT
dico_phrasis_0000058__eu-eu__flipped,dico_phrasis_0000058,eu,eu,Morsiren jarraitzaile guztien artean,Morsiren lau jarraitzaile,dico_phrasis_0000058__eu-eu__original,FORWARD_ENTAILMENT
dico_phrasis_0000058__eu-eu__original,dico_phrasis_0000058,eu,eu,Morsiren lau jarraitzaile,Morsiren jarraitzaile guztien artean,dico_phrasis_0000058__eu-eu__flipped,BACKWARD_ENTAILMENT
dico_phrasis_0000060__eu-eu__flipped,dico_phrasis_0000060,eu,eu,bost gizon,Bost pertsona,dico_phrasis_0000060__eu-eu__original,FORWARD_ENTAILMENT
dico_phrasis_0000060__eu-eu__original,dico_phrasis_0000060,eu,eu,Bost pertsona,bost gizon,dico_phrasis_0000060__eu-eu__flipped,BACKWARD_ENTAILMENT
dico_phrasis_0000061__eu-eu__flipped,dico_phrasis_0000061,eu,eu,desagertutako 40engatik,40 desagertu,dico_phrasis_0000061__eu-eu__original,FORWARD_ENTAILMENT
dico_phrasis_0000061__eu-eu__original,dico_phrasis_0000061,eu,eu,40 desagertu,desagertutako 40engatik,dico_phrasis_0000061__eu-eu__flipped,BACKWARD_ENTAILMENT
dico_phrasis_0000062__eu-eu__flipped,dico_phrasis_0000062,eu,eu,Kanadako tren-sutean,Kanadako tren-istripuan,dico_phrasis_0000062__eu-eu__original,FORWARD_ENTAILMENT
dico_phrasis_0000062__eu-eu__original,dico_phrasis_0000062,eu,eu,Kanadako tren-istripuan,Kanadako tren-sutean,dico_phrasis_0000062__eu-eu__flipped,BACKWARD_ENTAILMENT
dico_phrasis_0000063__eu-eu__flipped,dico_phrasis_0000063,eu,eu,Israelgo agintariak,Israel,dico_phrasis_0000063__eu-eu__original,FORWARD_ENTAILMENT
dico_phrasis_0000063__eu-eu__original,dico_phrasis_0000063,eu,eu,Israel,Israelgo agintariak,dico_phrasis_0000063__eu-eu__flipped,BACKWARD_ENTAILMENT
dico_phrasis_0000065__eu-eu__flipped,dico_phrasis_0000065,eu,eu,hegoafrikarrak,Hegoafrika,dico_phrasis_0000065__eu-eu__original,FORWARD_ENTAILMENT
dico_phrasis_0000065__eu-eu__original,dico_phrasis_0000065,eu,eu,Hegoafrika,hegoafrikarrak,dico_phrasis_0000065__eu-eu__flipped,BACKWARD_ENTAILMENT
dico_phrasis_0000066__eu-eu__flipped,dico_phrasis_0000066,eu,eu,William printzea eta Catherine,William printzea,dico_phrasis_0000066__eu-eu__original,FORWARD_ENTAILMENT
dico_phrasis_0000066__eu-eu__original,dico_phrasis_0000066,eu,eu,William printzea,William printzea eta Catherine,dico_phrasis_0000066__eu-eu__flipped,BACKWARD_ENTAILMENT
dico_phrasis_0000068__eu-eu__flipped,dico_phrasis_0000068,eu,eu,Hil arte triskatzen du,Hiltzen du,dico_phrasis_0000068__eu-eu__original,FORWARD_ENTAILMENT
dico_phrasis_0000068__eu-eu__original,dico_phrasis_0000068,eu,eu,Hiltzen du,Hil arte triskatzen du,dico_phrasis_0000068__eu-eu__flipped,BACKWARD_ENTAILMENT
dico_phrasis_0000069__eu-eu__flipped,dico_phrasis_0000069,eu,eu,AEBetako drone-erasoa,Aire-erasoa,dico_phrasis_0000069__eu-eu__original,FORWARD_ENTAILMENT
dico_phrasis_0000069__eu-eu__original,dico_phrasis_0000069,eu,eu,Aire-erasoa,AEBetako drone-erasoa,dico_phrasis_0000069__eu-eu__flipped,BACKWARD_ENTAILMENT
dico_phrasis_0000072__eu-eu__flipped,dico_phrasis_0000072,eu,eu,militanteak,2 militante,dico_phrasis_0000072__eu-eu__original,FORWARD_ENTAILMENT
dico_phrasis_0000072__eu-eu__original,dico_phrasis_0000072,eu,eu,2 militante,militanteak,dico_phrasis_0000072__eu-eu__flipped,BACKWARD_ENTAILMENT
dico_phrasis_0000073__eu-eu__flipped,dico_phrasis_0000073,eu,eu,interes-tasak,tasak,dico_phrasis_0000073__eu-eu__original,FORWARD_ENTAILMENT
dico_phrasis_0000073__eu-eu__original,dico_phrasis_0000073,eu,eu,tasak,interes-tasak,dico_phrasis_0000073__eu-eu__flipped,BACKWARD_ENTAILMENT
dico_phrasis_0000074__eu-eu__flipped,dico_phrasis_0000074,eu,eu,AEBetako epailea,Epailea,dico_phrasis_0000074__eu-eu__original,FORWARD_ENTAILMENT
dico_phrasis_0000074__eu-eu__original,dico_phrasis_0000074,eu,eu,Epailea,AEBetako epailea,dico_phrasis_0000074__eu-eu__flipped,BACKWARD_ENTAILMENT
dico_phrasis_0000075__eu-eu__flipped,dico_phrasis_0000075,eu,eu,Ipar Carolinako Estatuko Azokako atrakzio-operadorea,atrakzio-operadorea,dico_phrasis_0000075__eu-eu__original,FORWARD_ENTAILMENT
dico_phrasis_0000075__eu-eu__original,dico_phrasis_0000075,eu,eu,atrakzio-operadorea,Ipar Carolinako Estatuko Azokako atrakzio-operadorea,dico_phrasis_0000075__eu-eu__flipped,BACKWARD_ENTAILMENT
dico_phrasis_0000076__eu-eu__flipped,dico_phrasis_0000076,eu,eu,16 soldadu,12 soldadu,dico_phrasis_0000076__eu-eu__original,FORWARD_ENTAILMENT
dico_phrasis_0000076__eu-eu__original,dico_phrasis_0000076,eu,eu,12 soldadu,16 soldadu,dico_phrasis_0000076__eu-eu__flipped,BACKWARD_ENTAILMENT
dico_phrasis_0000077__eu-eu__flipped,dico_phrasis_0000077,eu,eu,Myrtle Beacheko tiroketetan,Miamiko tiroketan,dico_phrasis_0000077__eu-eu__original,FORWARD_ENTAILMENT
dico_phrasis_0000077__eu-eu__original,dico_phrasis_0000077,eu,eu,Miamiko tiroketan,Myrtle Beacheko tiroketetan,dico_phrasis_0000077__eu-eu__flipped,BACKWARD_ENTAILMENT
dico_phrasis_0000079__eu-eu__flipped,dico_phrasis_0000079,eu,eu,Irakeko findegirako,petrolio-findegirako,dico_phrasis_0000079__eu-eu__original,FORWARD_ENTAILMENT
dico_phrasis_0000079__eu-eu__original,dico_phrasis_0000079,eu,eu,petrolio-findegirako,Irakeko findegirako,dico_phrasis_0000079__eu-eu__flipped,BACKWARD_ENTAILMENT
dico_phrasis_0000080__eu-eu__flipped,dico_phrasis_0000080,eu,eu,Kairoko kanpalekuetako manifestariak,Kairoko manifestariak,dico_phrasis_0000080__eu-eu__original,FORWARD_ENTAILMENT
dico_phrasis_0000080__eu-eu__original,dico_phrasis_0000080,eu,eu,Kairoko manifestariak,Kairoko kanpalekuetako manifestariak,dico_phrasis_0000080__eu-eu__flipped,BACKWARD_ENTAILMENT
dico_phrasis_0000082__eu-eu__flipped,dico_phrasis_0000082,eu,eu,Arizonako baso-sutea,Sutea,dico_phrasis_0000082__eu-eu__original,FORWARD_ENTAILMENT
dico_phrasis_0000082__eu-eu__original,dico_phrasis_0000082,eu,eu,Sutea,Arizonako baso-sutea,dico_phrasis_0000082__eu-eu__flipped,BACKWARD_ENTAILMENT
dico_phrasis_0000083__eu-eu__flipped,dico_phrasis_0000083,eu,eu,Kanadako gobernua,Kanada,dico_phrasis_0000083__eu-eu__original,FORWARD_ENTAILMENT
dico_phrasis_0000083__eu-eu__original,dico_phrasis_0000083,eu,eu,Kanada,Kanadako gobernua,dico_phrasis_0000083__eu-eu__flipped,BACKWARD_ENTAILMENT
dico_phrasis_0000085__eu-eu__flipped,dico_phrasis_0000085,eu,eu,arma-trafikoagatiko akusazioak,zigorrak,dico_phrasis_0000085__eu-eu__original,FORWARD_ENTAILMENT
dico_phrasis_0000085__eu-eu__original,dico_phrasis_0000085,eu,eu,zigorrak,arma-trafikoagatiko akusazioak,dico_phrasis_0000085__eu-eu__flipped,BACKWARD_ENTAILMENT
dico_phrasis_0000086__eu-eu__flipped,dico_phrasis_0000086,eu,eu,marinel errusiarren aurka,Errusiaren aurka,dico_phrasis_0000086__eu-eu__original,FORWARD_ENTAILMENT
dico_phrasis_0000086__eu-eu__original,dico_phrasis_0000086,eu,eu,Errusiaren aurka,marinel errusiarren aurka,dico_phrasis_0000086__eu-eu__flipped,BACKWARD_ENTAILMENT
dico_phrasis_0000088__eu-eu__flipped,dico_phrasis_0000088,eu,eu,Siriako aire-eraso berriak,Siriako aire-erasoa,dico_phrasis_0000088__eu-eu__original,FORWARD_ENTAILMENT
dico_phrasis_0000088__eu-eu__original,dico_phrasis_0000088,eu,eu,Siriako aire-erasoa,Siriako aire-eraso berriak,dico_phrasis_0000088__eu-eu__flipped,BACKWARD_ENTAILMENT
dico_phrasis_0000089__eu-eu__flipped,dico_phrasis_0000089,eu,eu,presidentetzarako hautagaitzarako,presidentetzarako hautagaitza,dico_phrasis_0000089__eu-eu__original,FORWARD_ENTAILMENT
dico_phrasis_0000089__eu-eu__original,dico_phrasis_0000089,eu,eu,presidentetzarako hautagaitza,presidentetzarako hautagaitzarako,dico_phrasis_0000089__eu-eu__flipped,BACKWARD_ENTAILMENT
dico_phrasis_0000090__eu-eu__flipped,dico_phrasis_0000090,eu,eu,pirateria-akusazioak,akusazioak,dico_phrasis_0000090__eu-eu__original,FORWARD_ENTAILMENT
dico_phrasis_0000090__eu-eu__original,dico_phrasis_0000090,eu,eu,akusazioak,pirateria-akusazioak,dico_phrasis_0000090__eu-eu__flipped,BACKWARD_ENTAILMENT
dico_phrasis_0000091__eu-eu__flipped,dico_phrasis_0000091,eu,eu,istiluen aurkako poliziarekin,poliziarekin,dico_phrasis_0000091__eu-eu__original,FORWARD_ENTAILMENT
dico_phrasis_0000091__eu-eu__original,dico_phrasis_0000091,eu,eu,poliziarekin,istiluen aurkako poliziarekin,dico_phrasis_0000091__eu-eu__flipped,BACKWARD_ENTAILMENT
dico_phrasis_0000095__eu-eu__flipped,dico_phrasis_0000095,eu,eu,Mutil gazte bat,Haur bat,dico_phrasis_0000095__eu-eu__original,FORWARD_ENTAILMENT
dico_phrasis_0000095__eu-eu__original,dico_phrasis_0000095,eu,eu,Haur bat,Mutil gazte bat,dico_phrasis_0000095__eu-eu__flipped,BACKWARD_ENTAILMENT
dico_phrasis_0000097__eu-eu__flipped,dico_phrasis_0000097,eu,eu,Bi dama,Bi emakume,dico_phrasis_0000097__eu-eu__original,FORWARD_ENTAILMENT
dico_phrasis_0000097__eu-eu__original,dico_phrasis_0000097,eu,eu,Bi emakume,Bi dama,dico_phrasis_0000097__eu-eu__flipped,BACKWARD_ENTAILMENT
dico_phrasis_0000098__eu-eu__flipped,dico_phrasis_0000098,eu,eu,belarretan zehar,belar gainean,dico_phrasis_0000098__eu-eu__original,FORWARD_ENTAILMENT
dico_phrasis_0000098__eu-eu__original,dico_phrasis_0000098,eu,eu,belar gainean,belarretan zehar,dico_phrasis_0000098__eu-eu__flipped,BACKWARD_ENTAILMENT
dico_phrasis_0000100__eu-eu__flipped,dico_phrasis_0000100,eu,eu,txakur zuri bat,Txakur bat,dico_phrasis_0000100__eu-eu__original,FORWARD_ENTAILMENT
dico_phrasis_0000100__eu-eu__original,dico_phrasis_0000100,eu,eu,Txakur bat,txakur zuri bat,dico_phrasis_0000100__eu-eu__flipped,BACKWARD_ENTAILMENT
dico_phrasis_0000102__eu-eu__flipped,dico_phrasis_0000102,eu,eu,Mutil txiki bat,Mutil bat,dico_phrasis_0000102__eu-eu__original,FORWARD_ENTAILMENT
dico_phrasis_0000102__eu-eu__original,dico_phrasis_0000102,eu,eu,Mutil bat,Mutil txiki bat,dico_phrasis_0000102__eu-eu__flipped,BACKWARD_ENTAILMENT
dico_phrasis_0000103__eu-eu__flipped,dico_phrasis_0000103,eu,eu,gainetik jauzi egiten ari da,jauzi egiten du,dico_phrasis_0000103__eu-eu__original,FORWARD_ENTAILMENT
dico_phrasis_0000103__eu-eu__original,dico_phrasis_0000103,eu,eu,jauzi egiten du,gainetik jauzi egiten ari da,dico_phrasis_0000103__eu-eu__flipped,BACKWARD_ENTAILMENT
dico_phrasis_0000104__eu-eu__flipped,dico_phrasis_0000104,eu,eu,marra arrosak dituen ile tindatuarekin,ile tindatuarekin,dico_phrasis_0000104__eu-eu__original,FORWARD_ENTAILMENT
dico_phrasis_0000104__eu-eu__original,dico_phrasis_0000104,eu,eu,ile tindatuarekin,marra arrosak dituen ile tindatuarekin,dico_phrasis_0000104__eu-eu__flipped,BACKWARD_ENTAILMENT
dico_phrasis_0000105__eu-eu__flipped,dico_phrasis_0000105,eu,eu,kamera handi bat,kamera bat,dico_phrasis_0000105__eu-eu__original,FORWARD_ENTAILMENT
dico_phrasis_0000105__eu-eu__original,dico_phrasis_0000105,eu,eu,kamera bat,kamera handi bat,dico_phrasis_0000105__eu-eu__flipped,BACKWARD_ENTAILMENT
dico_phrasis_0000107__eu-eu__flipped,dico_phrasis_0000107,eu,eu,Txakur marroi eta zuri bat,Txakur bat,dico_phrasis_0000107__eu-eu__original,FORWARD_ENTAILMENT
dico_phrasis_0000107__eu-eu__original,dico_phrasis_0000107,eu,eu,Txakur bat,Txakur marroi eta zuri bat,dico_phrasis_0000107__eu-eu__flipped,BACKWARD_ENTAILMENT
dico_phrasis_0000108__eu-eu__flipped,dico_phrasis_0000108,eu,eu,Txakur txiki bat,txakur bat,dico_phrasis_0000108__eu-eu__original,FORWARD_ENTAILMENT
dico_phrasis_0000108__eu-eu__original,dico_phrasis_0000108,eu,eu,txakur bat,Txakur txiki bat,dico_phrasis_0000108__eu-eu__flipped,BACKWARD_ENTAILMENT
dico_phrasis_0000109__eu-eu__flipped,dico_phrasis_0000109,eu,eu,belar guztietan,belar batzuetan,dico_phrasis_0000109__eu-eu__original,FORWARD_ENTAILMENT
dico_phrasis_0000109__eu-eu__original,dico_phrasis_0000109,eu,eu,belar batzuetan,belar guztietan,dico_phrasis_0000109__eu-eu__flipped,BACKWARD_ENTAILMENT
dico_phrasis_0000110__eu-eu__flipped,dico_phrasis_0000110,eu,eu,tabernako taburete altuetan,taburete altuetan,dico_phrasis_0000110__eu-eu__original,FORWARD_ENTAILMENT
dico_phrasis_0000110__eu-eu__original,dico_phrasis_0000110,eu,eu,taburete altuetan,tabernako taburete altuetan,dico_phrasis_0000110__eu-eu__flipped,BACKWARD_ENTAILMENT
dico_phrasis_0000112__eu-eu__flipped,dico_phrasis_0000112,eu,eu,elurretan barrena,elurretan,dico_phrasis_0000112__eu-eu__original,FORWARD_ENTAILMENT
dico_phrasis_0000112__eu-eu__original,dico_phrasis_0000112,eu,eu,elurretan,elurretan barrena,dico_phrasis_0000112__eu-eu__flipped,BACKWARD_ENTAILMENT
dico_phrasis_0000113__eu-eu__flipped,dico_phrasis_0000113,eu,eu,haur txiki bat,haur bat,dico_phrasis_0000113__eu-eu__original,FORWARD_ENTAILMENT
dico_phrasis_0000113__eu-eu__original,dico_phrasis_0000113,eu,eu,haur bat,haur txiki bat,dico_phrasis_0000113__eu-eu__flipped,BACKWARD_ENTAILMENT
dico_phrasis_0000115__eu-eu__flipped,dico_phrasis_0000115,eu,eu,bere batearekin,bate bat,dico_phrasis_0000115__eu-eu__original,FORWARD_ENTAILMENT
dico_phrasis_0000115__eu-eu__original,dico_phrasis_0000115,eu,eu,bate bat,bere batearekin,dico_phrasis_0000115__eu-eu__flipped,BACKWARD_ENTAILMENT
dico_phrasis_0000116__eu-eu__flipped,dico_phrasis_0000116,eu,eu,futbol-baloi more batekin,pilota more batekin,dico_phrasis_0000116__eu-eu__original,FORWARD_ENTAILMENT
dico_phrasis_0000116__eu-eu__original,dico_phrasis_0000116,eu,eu,pilota more batekin,futbol-baloi more batekin,dico_phrasis_0000116__eu-eu__flipped,BACKWARD_ENTAILMENT
dico_phrasis_0000117__eu-eu__flipped,dico_phrasis_0000117,eu,eu,Txakur marroi argala,Txakur marroia,dico_phrasis_0000117__eu-eu__original,FORWARD_ENTAILMENT
dico_phrasis_0000117__eu-eu__original,dico_phrasis_0000117,eu,eu,Txakur marroia,Txakur marroi argala,dico_phrasis_0000117__eu-eu__flipped,BACKWARD_ENTAILMENT
dico_phrasis_0000119__eu-eu__flipped,dico_phrasis_0000119,eu,eu,haurrena,lau haurrena,dico_phrasis_0000119__eu-eu__original,FORWARD_ENTAILMENT
dico_phrasis_0000119__eu-eu__original,dico_phrasis_0000119,eu,eu,lau haurrena,haurrena,dico_phrasis_0000119__eu-eu__flipped,BACKWARD_ENTAILMENT
dico_phrasis_0000121__eu-eu__flipped,dico_phrasis_0000121,eu,eu,ur barearen gainean,ur gainean,dico_phrasis_0000121__eu-eu__original,FORWARD_ENTAILMENT
dico_phrasis_0000121__eu-eu__original,dico_phrasis_0000121,eu,eu,ur gainean,ur barearen gainean,dico_phrasis_0000121__eu-eu__flipped,BACKWARD_ENTAILMENT
dico_phrasis_0000122__eu-eu__flipped,dico_phrasis_0000122,eu,eu,lurperatutako igerileku batera,igerileku batera,dico_phrasis_0000122__eu-eu__original,FORWARD_ENTAILMENT
dico_phrasis_0000122__eu-eu__original,dico_phrasis_0000122,eu,eu,igerileku batera,lurperatutako igerileku batera,dico_phrasis_0000122__eu-eu__flipped,BACKWARD_ENTAILMENT
dico_phrasis_0000124__eu-eu__flipped,dico_phrasis_0000124,eu,eu,Emakume gazte bat,Pertsona bat,dico_phrasis_0000124__eu-eu__original,FORWARD_ENTAILMENT
dico_phrasis_0000124__eu-eu__original,dico_phrasis_0000124,eu,eu,Pertsona bat,Emakume gazte bat,dico_phrasis_0000124__eu-eu__flipped,BACKWARD_ENTAILMENT
dico_phrasis_0000126__eu-eu__flipped,dico_phrasis_0000126,eu,eu,muino batean,mendi batean,dico_phrasis_0000126__eu-eu__original,FORWARD_ENTAILMENT
dico_phrasis_0000126__eu-eu__original,dico_phrasis_0000126,eu,eu,mendi batean,muino batean,dico_phrasis_0000126__eu-eu__flipped,BACKWARD_ENTAILMENT
dico_phrasis_0000127__eu-eu__flipped,dico_phrasis_0000127,eu,eu,elurretan barrena,elurretan,dico_phrasis_0000127__eu-eu__original,FORWARD_ENTAILMENT
dico_phrasis_0000127__eu-eu__original,dico_phrasis_0000127,eu,eu,elurretan,elurretan barrena,dico_phrasis_0000127__eu-eu__flipped,BACKWARD_ENTAILMENT
dico_phrasis_0000128__eu-eu__flipped,dico_phrasis_0000128,eu,eu,hondarrezko itsasertzean zehar,lehorrean,dico_phrasis_0000128__eu-eu__original,FORWARD_ENTAILMENT
dico_phrasis_0000128__eu-eu__original,dico_phrasis_0000128,eu,eu,lehorrean,hondarrezko itsasertzean zehar,dico_phrasis_0000128__eu-eu__flipped,BACKWARD_ENTAILMENT
dico_phrasis_0000129__eu-eu__flipped,dico_phrasis_0000129,eu,eu,Txakur beltz bat,Txakurra,dico_phrasis_0000129__eu-eu__original,FORWARD_ENTAILMENT
dico_phrasis_0000129__eu-eu__original,dico_phrasis_0000129,eu,eu,Txakurra,Txakur beltz bat,dico_phrasis_0000129__eu-eu__flipped,BACKWARD_ENTAILMENT
dico_phrasis_0000131__eu-eu__flipped,dico_phrasis_0000131,eu,eu,burbuilak,burbuila bat,dico_phrasis_0000131__eu-eu__original,FORWARD_ENTAILMENT
dico_phrasis_0000131__eu-eu__original,dico_phrasis_0000131,eu,eu,burbuila bat,burbuilak,dico_phrasis_0000131__eu-eu__flipped,BACKWARD_ENTAILMENT
dico_phrasis_0000132__eu-eu__flipped,dico_phrasis_0000132,eu,eu,Haur bat,Pertsona,dico_phrasis_0000132__eu-eu__original,FORWARD_ENTAILMENT
dico_phrasis_0000132__eu-eu__original,dico_phrasis_0000132,eu,eu,Pertsona,Haur bat,dico_phrasis_0000132__eu-eu__flipped,BACKWARD_ENTAILMENT
dico_phrasis_0000134__eu-eu__flipped,dico_phrasis_0000134,eu,eu,Tamaina ertaineko txakur marroi eta zuri marradun bat,Txakur zuri eta arre argi bat,dico_phrasis_0000134__eu-eu__original,FORWARD_ENTAILMENT
dico_phrasis_0000134__eu-eu__original,dico_phrasis_0000134,eu,eu,Txakur zuri eta arre argi bat,Tamaina ertaineko txakur marroi eta zuri marradun bat,dico_phrasis_0000134__eu-eu__flipped,BACKWARD_ENTAILMENT
dico_phrasis_0000135__eu-eu__flipped,dico_phrasis_0000135,eu,eu,pertsonena,laurena,dico_phrasis_0000135__eu-eu__original,FORWARD_ENTAILMENT
dico_phrasis_0000135__eu-eu__original,dico_phrasis_0000135,eu,eu,laurena,pertsonena,dico_phrasis_0000135__eu-eu__flipped,BACKWARD_ENTAILMENT
dico_phrasis_0000136__eu-eu__flipped,dico_phrasis_0000136,eu,eu,zuhaitz baten ondoan,zuhaitz bat,dico_phrasis_0000136__eu-eu__original,FORWARD_ENTAILMENT
dico_phrasis_0000136__eu-eu__original,dico_phrasis_0000136,eu,eu,zuhaitz bat,zuhaitz baten ondoan,dico_phrasis_0000136__eu-eu__flipped,BACKWARD_ENTAILMENT
dico_phrasis_0000137__eu-eu__flipped,dico_phrasis_0000137,eu,eu,gora salto egiten du,salto egiten,dico_phrasis_0000137__eu-eu__original,FORWARD_ENTAILMENT
dico_phrasis_0000137__eu-eu__original,dico_phrasis_0000137,eu,eu,salto egiten,gora salto egiten du,dico_phrasis_0000137__eu-eu__flipped,BACKWARD_ENTAILMENT
dico_phrasis_0000140__eu-eu__flipped,dico_phrasis_0000140,eu,eu,Gizon bat eta emakume bat,Emakumea,dico_phrasis_0000140__eu-eu__original,FORWARD_ENTAILMENT
dico_phrasis_0000140__eu-eu__original,dico_phrasis_0000140,eu,eu,Emakumea,Gizon bat eta emakume bat,dico_phrasis_0000140__eu-eu__flipped,BACKWARD_ENTAILMENT
dico_phrasis_0000142__eu-eu__flipped,dico_phrasis_0000142,eu,eu,Mutil gazte bat,Mutil bat,dico_phrasis_0000142__eu-eu__original,FORWARD_ENTAILMENT
dico_phrasis_0000142__eu-eu__original,dico_phrasis_0000142,eu,eu,Mutil bat,Mutil gazte bat,dico_phrasis_0000142__eu-eu__flipped,BACKWARD_ENTAILMENT
dico_phrasis_0000144__eu-eu__flipped,dico_phrasis_0000144,eu,eu,apar-burbuiletan,burbuilekin,dico_phrasis_0000144__eu-eu__original,FORWARD_ENTAILMENT
dico_phrasis_0000144__eu-eu__original,dico_phrasis_0000144,eu,eu,burbuilekin,apar-burbuiletan,dico_phrasis_0000144__eu-eu__flipped,BACKWARD_ENTAILMENT
dico_phrasis_0000146__eu-eu__flipped,dico_phrasis_0000146,eu,eu,Bi txakur beltz,Txakur beltz bat,dico_phrasis_0000146__eu-eu__original,FORWARD_ENTAILMENT
dico_phrasis_0000146__eu-eu__original,dico_phrasis_0000146,eu,eu,Txakur beltz bat,Bi txakur beltz,dico_phrasis_0000146__eu-eu__flipped,BACKWARD_ENTAILMENT
dico_phrasis_0000147__eu-eu__flipped,dico_phrasis_0000147,eu,eu,belarrezko eremu handi batean zehar,belar gainean,dico_phrasis_0000147__eu-eu__original,FORWARD_ENTAILMENT
dico_phrasis_0000147__eu-eu__original,dico_phrasis_0000147,eu,eu,belar gainean,belarrezko eremu handi batean zehar,dico_phrasis_0000147__eu-eu__flipped,BACKWARD_ENTAILMENT
dico_phrasis_0000148__eu-eu__flipped,dico_phrasis_0000148,eu,eu,Hainbat txakur handi,Hiru txakur,dico_phrasis_0000148__eu-eu__original,FORWARD_ENTAILMENT
dico_phrasis_0000148__eu-eu__original,dico_phrasis_0000148,eu,eu,Hiru txakur,Hainbat txakur handi,dico_phrasis_0000148__eu-eu__flipped,BACKWARD_ENTAILMENT
dico_phrasis_0000149__eu-eu__flipped,dico_phrasis_0000149,eu,eu,Neska,Pertsona bat,dico_phrasis_0000149__eu-eu__original,FORWARD_ENTAILMENT
dico_phrasis_0000149__eu-eu__original,dico_phrasis_0000149,eu,eu,Pertsona bat,Neska,dico_phrasis_0000149__eu-eu__flipped,BACKWARD_ENTAILMENT
dico_phrasis_0000150__eu-eu__flipped,dico_phrasis_0000150,eu,eu,Txakur zuri handi bat,Txakur zuri bat,dico_phrasis_0000150__eu-eu__original,FORWARD_ENTAILMENT
dico_phrasis_0000150__eu-eu__original,dico_phrasis_0000150,eu,eu,Txakur zuri bat,Txakur zuri handi bat,dico_phrasis_0000150__eu-eu__flipped,BACKWARD_ENTAILMENT
dico_phrasis_0000151__eu-eu__flipped,dico_phrasis_0000151,eu,eu,zelai elurtu batean zehar,elurretan zehar,dico_phrasis_0000151__eu-eu__original,FORWARD_ENTAILMENT
dico_phrasis_0000151__eu-eu__original,dico_phrasis_0000151,eu,eu,elurretan zehar,zelai elurtu batean zehar,dico_phrasis_0000151__eu-eu__flipped,BACKWARD_ENTAILMENT
dico_phrasis_0000152__eu-eu__flipped,dico_phrasis_0000152,eu,eu,Neskatila bat,Neska bat,dico_phrasis_0000152__eu-eu__original,FORWARD_ENTAILMENT
dico_phrasis_0000152__eu-eu__original,dico_phrasis_0000152,eu,eu,Neska bat,Neskatila bat,dico_phrasis_0000152__eu-eu__flipped,BACKWARD_ENTAILMENT
dico_phrasis_0000153__eu-eu__flipped,dico_phrasis_0000153,eu,eu,zelai urtsu batean barrena,belarretan barrena,dico_phrasis_0000153__eu-eu__original,FORWARD_ENTAILMENT
dico_phrasis_0000153__eu-eu__original,dico_phrasis_0000153,eu,eu,belarretan barrena,zelai urtsu batean barrena,dico_phrasis_0000153__eu-eu__flipped,BACKWARD_ENTAILMENT
dico_phrasis_0000154__eu-eu__flipped,dico_phrasis_0000154,eu,eu,hiru txakur zuri-beltz,Txakur zuri-beltza,dico_phrasis_0000154__eu-eu__original,FORWARD_ENTAILMENT
dico_phrasis_0000154__eu-eu__original,dico_phrasis_0000154,eu,eu,Txakur zuri-beltza,hiru txakur zuri-beltz,dico_phrasis_0000154__eu-eu__flipped,BACKWARD_ENTAILMENT
dico_phrasis_0000156__eu-eu__flipped,dico_phrasis_0000156,eu,eu,zelai elurtu batean,elur zurian,dico_phrasis_0000156__eu-eu__original,FORWARD_ENTAILMENT
dico_phrasis_0000156__eu-eu__original,dico_phrasis_0000156,eu,eu,elur zurian,zelai elurtu batean,dico_phrasis_0000156__eu-eu__flipped,BACKWARD_ENTAILMENT
dico_phrasis_0000157__eu-eu__flipped,dico_phrasis_0000157,eu,eu,Bi txakur beltz,Bi txakur,dico_phrasis_0000157__eu-eu__original,FORWARD_ENTAILMENT
dico_phrasis_0000157__eu-eu__original,dico_phrasis_0000157,eu,eu,Bi txakur,Bi txakur beltz,dico_phrasis_0000157__eu-eu__flipped,BACKWARD_ENTAILMENT
dico_phrasis_0000159__eu-eu__flipped,dico_phrasis_0000159,eu,eu,eramaten ari den bitartean,eramaten ari da,dico_phrasis_0000159__eu-eu__original,FORWARD_ENTAILMENT
dico_phrasis_0000159__eu-eu__original,dico_phrasis_0000159,eu,eu,eramaten ari da,eramaten ari den bitartean,dico_phrasis_0000159__eu-eu__flipped,BACKWARD_ENTAILMENT
dico_phrasis_0000160__eu-eu__flipped,dico_phrasis_0000160,eu,eu,autobideko erlaitz baten azpian,zubiaren azpian,dico_phrasis_0000160__eu-eu__original,FORWARD_ENTAILMENT
dico_phrasis_0000160__eu-eu__original,dico_phrasis_0000160,eu,eu,zubiaren azpian,autobideko erlaitz baten azpian,dico_phrasis_0000160__eu-eu__flipped,BACKWARD_ENTAILMENT
dico_phrasis_0000161__eu-eu__flipped,dico_phrasis_0000161,eu,eu,hankan,norberaren hanka,dico_phrasis_0000161__eu-eu__original,FORWARD_ENTAILMENT
dico_phrasis_0000161__eu-eu__original,dico_phrasis_0000161,eu,eu,norberaren hanka,hankan,dico_phrasis_0000161__eu-eu__flipped,BACKWARD_ENTAILMENT
dico_phrasis_0000163__eu-eu__flipped,dico_phrasis_0000163,eu,eu,muino elurtu batean,elurretan,dico_phrasis_0000163__eu-eu__original,FORWARD_ENTAILMENT
dico_phrasis_0000163__eu-eu__original,dico_phrasis_0000163,eu,eu,elurretan,muino elurtu batean,dico_phrasis_0000163__eu-eu__flipped,BACKWARD_ENTAILMENT
dico_phrasis_0000166__eu-eu__flipped,dico_phrasis_0000166,eu,eu,Bi neska ilehori,Bi neska,dico_phrasis_0000166__eu-eu__original,FORWARD_ENTAILMENT
dico_phrasis_0000166__eu-eu__original,dico_phrasis_0000166,eu,eu,Bi neska,Bi neska ilehori,dico_phrasis_0000166__eu-eu__flipped,BACKWARD_ENTAILMENT
dico_phrasis_0000167__eu-eu__flipped,dico_phrasis_0000167,eu,eu,mutil bat,gizon bat,dico_phrasis_0000167__eu-eu__original,FORWARD_ENTAILMENT
dico_phrasis_0000167__eu-eu__original,dico_phrasis_0000167,eu,eu,gizon bat,mutil bat,dico_phrasis_0000167__eu-eu__flipped,BACKWARD_ENTAILMENT
dico_phrasis_0000168__eu-eu__flipped,dico_phrasis_0000168,eu,eu,"Txakur beltz, marroi eta zuri bat",Txakur beltz eta zuri bat,dico_phrasis_0000168__eu-eu__original,FORWARD_ENTAILMENT
dico_phrasis_0000168__eu-eu__original,dico_phrasis_0000168,eu,eu,Txakur beltz eta zuri bat,"Txakur beltz, marroi eta zuri bat",dico_phrasis_0000168__eu-eu__flipped,BACKWARD_ENTAILMENT
dico_phrasis_0000169__eu-eu__flipped,dico_phrasis_0000169,eu,eu,Txakurrak,Bi txakurrak,dico_phrasis_0000169__eu-eu__original,FORWARD_ENTAILMENT
dico_phrasis_0000169__eu-eu__original,dico_phrasis_0000169,eu,eu,Bi txakurrak,Txakurrak,dico_phrasis_0000169__eu-eu__flipped,BACKWARD_ENTAILMENT
dico_phrasis_0000170__eu-eu__flipped,dico_phrasis_0000170,eu,eu,Bost galgo,Hiru galgo,dico_phrasis_0000170__eu-eu__original,FORWARD_ENTAILMENT
dico_phrasis_0000170__eu-eu__original,dico_phrasis_0000170,eu,eu,Hiru galgo,Bost galgo,dico_phrasis_0000170__eu-eu__flipped,BACKWARD_ENTAILMENT
dico_phrasis_0000171__eu-eu__flipped,dico_phrasis_0000171,eu,eu,hondarrezko pista batean,pista batean,dico_phrasis_0000171__eu-eu__original,FORWARD_ENTAILMENT
dico_phrasis_0000171__eu-eu__original,dico_phrasis_0000171,eu,eu,pista batean,hondarrezko pista batean,dico_phrasis_0000171__eu-eu__flipped,BACKWARD_ENTAILMENT
dico_phrasis_0000172__eu-eu__flipped,dico_phrasis_0000172,eu,eu,belardun lautada batean,belar gainean,dico_phrasis_0000172__eu-eu__original,FORWARD_ENTAILMENT
dico_phrasis_0000172__eu-eu__original,dico_phrasis_0000172,eu,eu,belar gainean,belardun lautada batean,dico_phrasis_0000172__eu-eu__flipped,BACKWARD_ENTAILMENT
dico_phrasis_0000173__eu-eu__flipped,dico_phrasis_0000173,eu,eu,zuhaitz baten adar batean,zuhaitz bat,dico_phrasis_0000173__eu-eu__original,FORWARD_ENTAILMENT
dico_phrasis_0000173__eu-eu__original,dico_phrasis_0000173,eu,eu,zuhaitz bat,zuhaitz baten adar batean,dico_phrasis_0000173__eu-eu__flipped,BACKWARD_ENTAILMENT
dico_phrasis_0000175__eu-eu__flipped,dico_phrasis_0000175,eu,eu,pertsonen,pertsonak,dico_phrasis_0000175__eu-eu__original,FORWARD_ENTAILMENT
dico_phrasis_0000175__eu-eu__original,dico_phrasis_0000175,eu,eu,pertsonak,pertsonen,dico_phrasis_0000175__eu-eu__flipped,BACKWARD_ENTAILMENT
dico_phrasis_0000176__eu-eu__flipped,dico_phrasis_0000176,eu,eu,Bi neska,Bi pertsona,dico_phrasis_0000176__eu-eu__original,FORWARD_ENTAILMENT
dico_phrasis_0000176__eu-eu__original,dico_phrasis_0000176,eu,eu,Bi pertsona,Bi neska,dico_phrasis_0000176__eu-eu__flipped,BACKWARD_ENTAILMENT
dico_phrasis_0000177__eu-eu__flipped,dico_phrasis_0000177,eu,eu,neskatila bat,bat,dico_phrasis_0000177__eu-eu__original,FORWARD_ENTAILMENT
dico_phrasis_0000177__eu-eu__original,dico_phrasis_0000177,eu,eu,bat,neskatila bat,dico_phrasis_0000177__eu-eu__flipped,BACKWARD_ENTAILMENT
dico_phrasis_0000178__eu-eu__flipped,dico_phrasis_0000178,eu,eu,uretan zehar,uretan,dico_phrasis_0000178__eu-eu__original,FORWARD_ENTAILMENT
dico_phrasis_0000178__eu-eu__original,dico_phrasis_0000178,eu,eu,uretan,uretan zehar,dico_phrasis_0000178__eu-eu__flipped,BACKWARD_ENTAILMENT
dico_phrasis_0000180__eu-eu__flipped,dico_phrasis_0000180,eu,eu,makilekin,makila batekin,dico_phrasis_0000180__eu-eu__original,FORWARD_ENTAILMENT
dico_phrasis_0000180__eu-eu__original,dico_phrasis_0000180,eu,eu,makila batekin,makilekin,dico_phrasis_0000180__eu-eu__flipped,BACKWARD_ENTAILMENT
dico_phrasis_0000181__eu-eu__flipped,dico_phrasis_0000181,eu,eu,lurrezko bidezidor batetik behera,lurrezko eremu batean,dico_phrasis_0000181__eu-eu__original,FORWARD_ENTAILMENT
dico_phrasis_0000181__eu-eu__original,dico_phrasis_0000181,eu,eu,lurrezko eremu batean,lurrezko bidezidor batetik behera,dico_phrasis_0000181__eu-eu__flipped,BACKWARD_ENTAILMENT
dico_phrasis_0000183__eu-eu__flipped,dico_phrasis_0000183,eu,eu,belar luze berdearen,belarraren,dico_phrasis_0000183__eu-eu__original,FORWARD_ENTAILMENT
dico_phrasis_0000183__eu-eu__original,dico_phrasis_0000183,eu,eu,belarraren,belar luze berdearen,dico_phrasis_0000183__eu-eu__flipped,BACKWARD_ENTAILMENT
dico_phrasis_0000184__eu-eu__flipped,dico_phrasis_0000184,eu,eu,kayakean dabil,…ra nabigatzen du,dico_phrasis_0000184__eu-eu__original,FORWARD_ENTAILMENT
dico_phrasis_0000184__eu-eu__original,dico_phrasis_0000184,eu,eu,…ra nabigatzen du,kayakean dabil,dico_phrasis_0000184__eu-eu__flipped,BACKWARD_ENTAILMENT
dico_phrasis_0000186__eu-eu__flipped,dico_phrasis_0000186,eu,eu,Frisbee beltz bakar bat,Frisbee bat,dico_phrasis_0000186__eu-eu__original,FORWARD_ENTAILMENT
dico_phrasis_0000186__eu-eu__original,dico_phrasis_0000186,eu,eu,Frisbee bat,Frisbee beltz bakar bat,dico_phrasis_0000186__eu-eu__flipped,BACKWARD_ENTAILMENT
dico_phrasis_0000189__eu-eu__flipped,dico_phrasis_0000189,eu,eu,hondartza koloretsu batean zehar,hondartza batean zehar,dico_phrasis_0000189__eu-eu__original,FORWARD_ENTAILMENT
dico_phrasis_0000189__eu-eu__original,dico_phrasis_0000189,eu,eu,hondartza batean zehar,hondartza koloretsu batean zehar,dico_phrasis_0000189__eu-eu__flipped,BACKWARD_ENTAILMENT
dico_phrasis_0000191__eu-eu__flipped,dico_phrasis_0000191,eu,eu,zelaian zehar,zelaian,dico_phrasis_0000191__eu-eu__original,FORWARD_ENTAILMENT
dico_phrasis_0000191__eu-eu__original,dico_phrasis_0000191,eu,eu,zelaian,zelaian zehar,dico_phrasis_0000191__eu-eu__flipped,BACKWARD_ENTAILMENT
dico_phrasis_0000193__eu-eu__flipped,dico_phrasis_0000193,eu,eu,Txakur marroi bat,Txakur bat,dico_phrasis_0000193__eu-eu__original,FORWARD_ENTAILMENT
dico_phrasis_0000193__eu-eu__original,dico_phrasis_0000193,eu,eu,Txakur bat,Txakur marroi bat,dico_phrasis_0000193__eu-eu__flipped,BACKWARD_ENTAILMENT
dico_phrasis_0000194__eu-eu__flipped,dico_phrasis_0000194,eu,eu,Bi txakur beltz,Bi txakur,dico_phrasis_0000194__eu-eu__original,FORWARD_ENTAILMENT
dico_phrasis_0000194__eu-eu__original,dico_phrasis_0000194,eu,eu,Bi txakur,Bi txakur beltz,dico_phrasis_0000194__eu-eu__flipped,BACKWARD_ENTAILMENT
dico_phrasis_0000195__eu-eu__flipped,dico_phrasis_0000195,eu,eu,San Bernardo txakurra,Txakur handi marroi eta zuria,dico_phrasis_0000195__eu-eu__original,FORWARD_ENTAILMENT
dico_phrasis_0000195__eu-eu__original,dico_phrasis_0000195,eu,eu,Txakur handi marroi eta zuria,San Bernardo txakurra,dico_phrasis_0000195__eu-eu__flipped,BACKWARD_ENTAILMENT
dico_phrasis_0000196__eu-eu__flipped,dico_phrasis_0000196,eu,eu,sofa gorri baten gainean,sofa baten gainean,dico_phrasis_0000196__eu-eu__original,FORWARD_ENTAILMENT
dico_phrasis_0000196__eu-eu__original,dico_phrasis_0000196,eu,eu,sofa baten gainean,sofa gorri baten gainean,dico_phrasis_0000196__eu-eu__flipped,BACKWARD_ENTAILMENT
dico_phrasis_0000200__eu-eu__flipped,dico_phrasis_0000200,eu,eu,zutik dagoen bitartean,zutik dago,dico_phrasis_0000200__eu-eu__original,FORWARD_ENTAILMENT
dico_phrasis_0000200__eu-eu__original,dico_phrasis_0000200,eu,eu,zutik dago,zutik dagoen bitartean,dico_phrasis_0000200__eu-eu__flipped,BACKWARD_ENTAILMENT
dico_phrasis_0000201__eu-eu__flipped,dico_phrasis_0000201,eu,eu,Bi txakur,Txakur bat,dico_phrasis_0000201__eu-eu__original,FORWARD_ENTAILMENT
dico_phrasis_0000201__eu-eu__original,dico_phrasis_0000201,eu,eu,Txakur bat,Bi txakur,dico_phrasis_0000201__eu-eu__flipped,BACKWARD_ENTAILMENT
dico_phrasis_0000202__eu-eu__flipped,dico_phrasis_0000202,eu,eu,Collie bat,Txakur bat,dico_phrasis_0000202__eu-eu__original,FORWARD_ENTAILMENT
dico_phrasis_0000202__eu-eu__original,dico_phrasis_0000202,eu,eu,Txakur bat,Collie bat,dico_phrasis_0000202__eu-eu__flipped,BACKWARD_ENTAILMENT
dico_phrasis_0000203__eu-eu__flipped,dico_phrasis_0000203,eu,eu,Bi txakur marroixka,Bi txakur,dico_phrasis_0000203__eu-eu__original,FORWARD_ENTAILMENT
dico_phrasis_0000203__eu-eu__original,dico_phrasis_0000203,eu,eu,Bi txakur,Bi txakur marroixka,dico_phrasis_0000203__eu-eu__flipped,BACKWARD_ENTAILMENT
dico_phrasis_0000204__eu-eu__flipped,dico_phrasis_0000204,eu,eu,elurtutako zelai berdean barrena,belar gainean,dico_phrasis_0000204__eu-eu__original,FORWARD_ENTAILMENT
dico_phrasis_0000204__eu-eu__original,dico_phrasis_0000204,eu,eu,belar gainean,elurtutako zelai berdean barrena,dico_phrasis_0000204__eu-eu__flipped,BACKWARD_ENTAILMENT
dico_phrasis_0000205__eu-eu__flipped,dico_phrasis_0000205,eu,eu,Artzain-txakur alemaniarra,Txakur beltza,dico_phrasis_0000205__eu-eu__original,FORWARD_ENTAILMENT
dico_phrasis_0000205__eu-eu__original,dico_phrasis_0000205,eu,eu,Txakur beltza,Artzain-txakur alemaniarra,dico_phrasis_0000205__eu-eu__flipped,BACKWARD_ENTAILMENT
dico_phrasis_0000206__eu-eu__flipped,dico_phrasis_0000206,eu,eu,txakur zuri-beltz batekin,txakur batekin,dico_phrasis_0000206__eu-eu__original,FORWARD_ENTAILMENT
dico_phrasis_0000206__eu-eu__original,dico_phrasis_0000206,eu,eu,txakur batekin,txakur zuri-beltz batekin,dico_phrasis_0000206__eu-eu__flipped,BACKWARD_ENTAILMENT
dico_phrasis_0000207__eu-eu__flipped,dico_phrasis_0000207,eu,eu,Haur txikia,Haurra,dico_phrasis_0000207__eu-eu__original,FORWARD_ENTAILMENT
dico_phrasis_0000207__eu-eu__original,dico_phrasis_0000207,eu,eu,Haurra,Haur txikia,dico_phrasis_0000207__eu-eu__flipped,BACKWARD_ENTAILMENT
dico_phrasis_0000208__eu-eu__flipped,dico_phrasis_0000208,eu,eu,Neskatila txiki bat,Haurtxo bat,dico_phrasis_0000208__eu-eu__original,FORWARD_ENTAILMENT
dico_phrasis_0000208__eu-eu__original,dico_phrasis_0000208,eu,eu,Haurtxo bat,Neskatila txiki bat,dico_phrasis_0000208__eu-eu__flipped,BACKWARD_ENTAILMENT
dico_phrasis_0000209__eu-eu__flipped,dico_phrasis_0000209,eu,eu,jolas-parke berde eta zuria,jolas-parke berdea,dico_phrasis_0000209__eu-eu__original,FORWARD_ENTAILMENT
dico_phrasis_0000209__eu-eu__original,dico_phrasis_0000209,eu,eu,jolas-parke berdea,jolas-parke berde eta zuria,dico_phrasis_0000209__eu-eu__flipped,BACKWARD_ENTAILMENT
dico_phrasis_0000210__eu-eu__flipped,dico_phrasis_0000210,eu,eu,metalezko iragazki batekin,iragazki batekin,dico_phrasis_0000210__eu-eu__original,FORWARD_ENTAILMENT
dico_phrasis_0000210__eu-eu__original,dico_phrasis_0000210,eu,eu,iragazki batekin,metalezko iragazki batekin,dico_phrasis_0000210__eu-eu__flipped,BACKWARD_ENTAILMENT
dico_phrasis_0000211__eu-eu__flipped,dico_phrasis_0000211,eu,eu,bat-batean lokartzen da,lo dago,dico_phrasis_0000211__eu-eu__original,FORWARD_ENTAILMENT
dico_phrasis_0000211__eu-eu__original,dico_phrasis_0000211,eu,eu,lo dago,bat-batean lokartzen da,dico_phrasis_0000211__eu-eu__flipped,BACKWARD_ENTAILMENT
dico_phrasis_0000212__eu-eu__flipped,dico_phrasis_0000212,eu,eu,Bi txakur gris,Bi txakur,dico_phrasis_0000212__eu-eu__original,FORWARD_ENTAILMENT
dico_phrasis_0000212__eu-eu__original,dico_phrasis_0000212,eu,eu,Bi txakur,Bi txakur gris,dico_phrasis_0000212__eu-eu__flipped,BACKWARD_ENTAILMENT
dico_phrasis_0000213__eu-eu__flipped,dico_phrasis_0000213,eu,eu,Bi txakur arre,Bi txakur,dico_phrasis_0000213__eu-eu__original,FORWARD_ENTAILMENT
dico_phrasis_0000213__eu-eu__original,dico_phrasis_0000213,eu,eu,Bi txakur,Bi txakur arre,dico_phrasis_0000213__eu-eu__flipped,BACKWARD_ENTAILMENT
dico_phrasis_0000214__eu-eu__flipped,dico_phrasis_0000214,eu,eu,snowboardlari altu bat,Pertsona bat,dico_phrasis_0000214__eu-eu__original,FORWARD_ENTAILMENT
dico_phrasis_0000214__eu-eu__original,dico_phrasis_0000214,eu,eu,Pertsona bat,snowboardlari altu bat,dico_phrasis_0000214__eu-eu__flipped,BACKWARD_ENTAILMENT
dico_phrasis_0000215__eu-eu__flipped,dico_phrasis_0000215,eu,eu,Txakur zuri bat,Txakur bat,dico_phrasis_0000215__eu-eu__original,FORWARD_ENTAILMENT
dico_phrasis_0000215__eu-eu__original,dico_phrasis_0000215,eu,eu,Txakur bat,Txakur zuri bat,dico_phrasis_0000215__eu-eu__flipped,BACKWARD_ENTAILMENT
dico_phrasis_0000216__eu-eu__flipped,dico_phrasis_0000216,eu,eu,Mutil gazte bat,Mutil bat,dico_phrasis_0000216__eu-eu__original,FORWARD_ENTAILMENT
dico_phrasis_0000216__eu-eu__original,dico_phrasis_0000216,eu,eu,Mutil bat,Mutil gazte bat,dico_phrasis_0000216__eu-eu__flipped,BACKWARD_ENTAILMENT
dico_phrasis_0000217__eu-eu__flipped,dico_phrasis_0000217,eu,eu,Emakumeak,Emakume bat,dico_phrasis_0000217__eu-eu__original,FORWARD_ENTAILMENT
dico_phrasis_0000217__eu-eu__original,dico_phrasis_0000217,eu,eu,Emakume bat,Emakumeak,dico_phrasis_0000217__eu-eu__flipped,BACKWARD_ENTAILMENT
dico_phrasis_0000218__eu-eu__flipped,dico_phrasis_0000218,eu,eu,belarretan barrena,belar gainean,dico_phrasis_0000218__eu-eu__original,FORWARD_ENTAILMENT
dico_phrasis_0000218__eu-eu__original,dico_phrasis_0000218,eu,eu,belar gainean,belarretan barrena,dico_phrasis_0000218__eu-eu__flipped,BACKWARD_ENTAILMENT
dico_phrasis_0000220__eu-eu__flipped,dico_phrasis_0000220,eu,eu,pilota laranja bat,pilota bat,dico_phrasis_0000220__eu-eu__original,FORWARD_ENTAILMENT
dico_phrasis_0000220__eu-eu__original,dico_phrasis_0000220,eu,eu,pilota bat,pilota laranja bat,dico_phrasis_0000220__eu-eu__flipped,BACKWARD_ENTAILMENT
dico_phrasis_0000222__eu-eu__flipped,dico_phrasis_0000222,eu,eu,Txakur marroi bat,txakur bat,dico_phrasis_0000222__eu-eu__original,FORWARD_ENTAILMENT
dico_phrasis_0000222__eu-eu__original,dico_phrasis_0000222,eu,eu,txakur bat,Txakur marroi bat,dico_phrasis_0000222__eu-eu__flipped,BACKWARD_ENTAILMENT
dico_phrasis_0000227__eu-eu__flipped,dico_phrasis_0000227,eu,eu,ozeanoan zehar,uretan zehar,dico_phrasis_0000227__eu-eu__original,FORWARD_ENTAILMENT
dico_phrasis_0000227__eu-eu__original,dico_phrasis_0000227,eu,eu,uretan zehar,ozeanoan zehar,dico_phrasis_0000227__eu-eu__flipped,BACKWARD_ENTAILMENT
dico_phrasis_0000228__eu-eu__flipped,dico_phrasis_0000228,eu,eu,Saudi Arabiako emakumeak,emakumeak,dico_phrasis_0000228__eu-eu__original,FORWARD_ENTAILMENT
dico_phrasis_0000228__eu-eu__original,dico_phrasis_0000228,eu,eu,emakumeak,Saudi Arabiako emakumeak,dico_phrasis_0000228__eu-eu__flipped,BACKWARD_ENTAILMENT
dico_phrasis_0000229__eu-eu__flipped,dico_phrasis_0000229,eu,eu,ostiral eguerdia,ostirala,dico_phrasis_0000229__eu-eu__original,FORWARD_ENTAILMENT
dico_phrasis_0000229__eu-eu__original,dico_phrasis_0000229,eu,eu,ostirala,ostiral eguerdia,dico_phrasis_0000229__eu-eu__flipped,BACKWARD_ENTAILMENT
dico_phrasis_0000230__eu-eu__flipped,dico_phrasis_0000230,eu,eu,787 Dreamliner hegazkinetan,Boeing 787 Dreamlinerra,dico_phrasis_0000230__eu-eu__original,FORWARD_ENTAILMENT
dico_phrasis_0000230__eu-eu__original,dico_phrasis_0000230,eu,eu,Boeing 787 Dreamlinerra,787 Dreamliner hegazkinetan,dico_phrasis_0000230__eu-eu__flipped,BACKWARD_ENTAILMENT
dico_phrasis_0000231__eu-eu__flipped,dico_phrasis_0000231,eu,eu,Boeingen akzioak,akzioak,dico_phrasis_0000231__eu-eu__original,FORWARD_ENTAILMENT
dico_phrasis_0000231__eu-eu__original,dico_phrasis_0000231,eu,eu,akzioak,Boeingen akzioak,dico_phrasis_0000231__eu-eu__flipped,BACKWARD_ENTAILMENT
dico_phrasis_0000233__eu-eu__flipped,dico_phrasis_0000233,eu,eu,Hego Korearekin,Hegoarekin,dico_phrasis_0000233__eu-eu__original,FORWARD_ENTAILMENT
dico_phrasis_0000233__eu-eu__original,dico_phrasis_0000233,eu,eu,Hegoarekin,Hego Korearekin,dico_phrasis_0000233__eu-eu__flipped,BACKWARD_ENTAILMENT
dico_phrasis_0000234__eu-eu__flipped,dico_phrasis_0000234,eu,eu,zaldi-haragiaren eskandaluagatik,zaldi-haragiaren eskandalua,dico_phrasis_0000234__eu-eu__original,FORWARD_ENTAILMENT
dico_phrasis_0000234__eu-eu__original,dico_phrasis_0000234,eu,eu,zaldi-haragiaren eskandalua,zaldi-haragiaren eskandaluagatik,dico_phrasis_0000234__eu-eu__flipped,BACKWARD_ENTAILMENT
dico_phrasis_0000235__eu-eu__flipped,dico_phrasis_0000235,eu,eu,aire-eraso berria,aire-erasoa,dico_phrasis_0000235__eu-eu__original,FORWARD_ENTAILMENT
dico_phrasis_0000235__eu-eu__original,dico_phrasis_0000235,eu,eu,aire-erasoa,aire-eraso berria,dico_phrasis_0000235__eu-eu__flipped,BACKWARD_ENTAILMENT
dico_phrasis_0000236__eu-eu__flipped,dico_phrasis_0000236,eu,eu,Ehunka hildako eta/edo zauritu,100 hildako edo zauritu inguru,dico_phrasis_0000236__eu-eu__original,FORWARD_ENTAILMENT
dico_phrasis_0000236__eu-eu__original,dico_phrasis_0000236,eu,eu,100 hildako edo zauritu inguru,Ehunka hildako eta/edo zauritu,dico_phrasis_0000236__eu-eu__flipped,BACKWARD_ENTAILMENT
dico_phrasis_0000237__eu-eu__flipped,dico_phrasis_0000237,eu,eu,Indonesian itsasontzi bat iraultzea,Indonesian itsasontzi bat hondoratzea,dico_phrasis_0000237__eu-eu__original,FORWARD_ENTAILMENT
dico_phrasis_0000237__eu-eu__original,dico_phrasis_0000237,eu,eu,Indonesian itsasontzi bat hondoratzea,Indonesian itsasontzi bat iraultzea,dico_phrasis_0000237__eu-eu__flipped,BACKWARD_ENTAILMENT
dico_phrasis_0000238__eu-eu__flipped,dico_phrasis_0000238,eu,eu,sexu mistoko eskolan «debekua»,sexu mistoko eskolen debekua,dico_phrasis_0000238__eu-eu__original,FORWARD_ENTAILMENT
dico_phrasis_0000238__eu-eu__original,dico_phrasis_0000238,eu,eu,sexu mistoko eskolen debekua,sexu mistoko eskolan «debekua»,dico_phrasis_0000238__eu-eu__flipped,BACKWARD_ENTAILMENT
dico_phrasis_0000239__eu-eu__flipped,dico_phrasis_0000239,eu,eu,gayei buruz,gayak,dico_phrasis_0000239__eu-eu__original,FORWARD_ENTAILMENT
dico_phrasis_0000239__eu-eu__original,dico_phrasis_0000239,eu,eu,gayak,gayei buruz,dico_phrasis_0000239__eu-eu__flipped,BACKWARD_ENTAILMENT
dico_phrasis_0000242__eu-eu__flipped,dico_phrasis_0000242,eu,eu,Ipar Koreako hirugarren proba nuklear polemikoa,Ipar Koreako proba nuklearra,dico_phrasis_0000242__eu-eu__original,FORWARD_ENTAILMENT
dico_phrasis_0000242__eu-eu__original,dico_phrasis_0000242,eu,eu,Ipar Koreako proba nuklearra,Ipar Koreako hirugarren proba nuklear polemikoa,dico_phrasis_0000242__eu-eu__flipped,BACKWARD_ENTAILMENT
dico_phrasis_0000243__eu-eu__flipped,dico_phrasis_0000243,eu,eu,polimerozko naira-billeteak,polimerozko billeteak,dico_phrasis_0000243__eu-eu__original,FORWARD_ENTAILMENT
dico_phrasis_0000243__eu-eu__original,dico_phrasis_0000243,eu,eu,polimerozko billeteak,polimerozko naira-billeteak,dico_phrasis_0000243__eu-eu__flipped,BACKWARD_ENTAILMENT
dico_phrasis_0000244__eu-eu__flipped,dico_phrasis_0000244,eu,eu,Obaman,Obama,dico_phrasis_0000244__eu-eu__original,FORWARD_ENTAILMENT
dico_phrasis_0000244__eu-eu__original,dico_phrasis_0000244,eu,eu,Obama,Obaman,dico_phrasis_0000244__eu-eu__flipped,BACKWARD_ENTAILMENT
dico_phrasis_0000245__eu-eu__flipped,dico_phrasis_0000245,eu,eu,Desagertutako panda gorria,Panda gorria,dico_phrasis_0000245__eu-eu__original,FORWARD_ENTAILMENT
dico_phrasis_0000245__eu-eu__original,dico_phrasis_0000245,eu,eu,Panda gorria,Desagertutako panda gorria,dico_phrasis_0000245__eu-eu__flipped,BACKWARD_ENTAILMENT
dico_phrasis_0000247__eu-eu__flipped,dico_phrasis_0000247,eu,eu,protestariei,protestak,dico_phrasis_0000247__eu-eu__original,FORWARD_ENTAILMENT
dico_phrasis_0000247__eu-eu__original,dico_phrasis_0000247,eu,eu,protestak,protestariei,dico_phrasis_0000247__eu-eu__flipped,BACKWARD_ENTAILMENT
dico_phrasis_0000248__eu-eu__flipped,dico_phrasis_0000248,eu,eu,50. urteurrenean,50. urteurrena,dico_phrasis_0000248__eu-eu__original,FORWARD_ENTAILMENT
dico_phrasis_0000248__eu-eu__original,dico_phrasis_0000248,eu,eu,50. urteurrena,50. urteurrenean,dico_phrasis_0000248__eu-eu__flipped,BACKWARD_ENTAILMENT
dico_phrasis_0000251__eu-eu__flipped,dico_phrasis_0000251,eu,eu,itxaropen handiak,itxaropenak,dico_phrasis_0000251__eu-eu__original,FORWARD_ENTAILMENT
dico_phrasis_0000251__eu-eu__original,dico_phrasis_0000251,eu,eu,itxaropenak,itxaropen handiak,dico_phrasis_0000251__eu-eu__flipped,BACKWARD_ENTAILMENT
dico_phrasis_0000252__eu-eu__flipped,dico_phrasis_0000252,eu,eu,konderriko funtzionario batzuk,NM konderria,dico_phrasis_0000252__eu-eu__original,FORWARD_ENTAILMENT
dico_phrasis_0000252__eu-eu__original,dico_phrasis_0000252,eu,eu,NM konderria,konderriko funtzionario batzuk,dico_phrasis_0000252__eu-eu__flipped,BACKWARD_ENTAILMENT
dico_phrasis_0000253__eu-eu__flipped,dico_phrasis_0000253,eu,eu,Mumbaiko polizia,Indiako polizia,dico_phrasis_0000253__eu-eu__original,FORWARD_ENTAILMENT
dico_phrasis_0000253__eu-eu__original,dico_phrasis_0000253,eu,eu,Indiako polizia,Mumbaiko polizia,dico_phrasis_0000253__eu-eu__flipped,BACKWARD_ENTAILMENT
dico_phrasis_0000254__eu-eu__flipped,dico_phrasis_0000254,eu,eu,Siriari buruz,Siria,dico_phrasis_0000254__eu-eu__original,FORWARD_ENTAILMENT
dico_phrasis_0000254__eu-eu__original,dico_phrasis_0000254,eu,eu,Siria,Siriari buruz,dico_phrasis_0000254__eu-eu__flipped,BACKWARD_ENTAILMENT
dico_phrasis_0000256__eu-eu__flipped,dico_phrasis_0000256,eu,eu,immigrazio-legearen proiektua taxutzeko azken erabaki handiak,immigrazioari buruzko azken erabaki handiak,dico_phrasis_0000256__eu-eu__original,FORWARD_ENTAILMENT
dico_phrasis_0000256__eu-eu__original,dico_phrasis_0000256,eu,eu,immigrazioari buruzko azken erabaki handiak,immigrazio-legearen proiektua taxutzeko azken erabaki handiak,dico_phrasis_0000256__eu-eu__flipped,BACKWARD_ENTAILMENT
dico_phrasis_0000257__eu-eu__flipped,dico_phrasis_0000257,eu,eu,Senatuko Justizia Batzordea,Batzordea,dico_phrasis_0000257__eu-eu__original,FORWARD_ENTAILMENT
dico_phrasis_0000257__eu-eu__original,dico_phrasis_0000257,eu,eu,Batzordea,Senatuko Justizia Batzordea,dico_phrasis_0000257__eu-eu__flipped,BACKWARD_ENTAILMENT
dico_phrasis_0000258__eu-eu__flipped,dico_phrasis_0000258,eu,eu,NBEko buruak presionatzen du,NBEk presionatzen du,dico_phrasis_0000258__eu-eu__original,FORWARD_ENTAILMENT
dico_phrasis_0000258__eu-eu__original,dico_phrasis_0000258,eu,eu,NBEk presionatzen du,NBEko buruak presionatzen du,dico_phrasis_0000258__eu-eu__flipped,BACKWARD_ENTAILMENT
dico_phrasis_0000260__eu-eu__flipped,dico_phrasis_0000260,eu,eu,Talibanen espetxe-ihesa,Pakistango espetxe-ihesa,dico_phrasis_0000260__eu-eu__original,FORWARD_ENTAILMENT
dico_phrasis_0000260__eu-eu__original,dico_phrasis_0000260,eu,eu,Pakistango espetxe-ihesa,Talibanen espetxe-ihesa,dico_phrasis_0000260__eu-eu__flipped,BACKWARD_ENTAILMENT
dico_phrasis_0000261__eu-eu__flipped,dico_phrasis_0000261,eu,eu,bonba-erasoak,bonba,dico_phrasis_0000261__eu-eu__original,FORWARD_ENTAILMENT
dico_phrasis_0000261__eu-eu__original,dico_phrasis_0000261,eu,eu,bonba,bonba-erasoak,dico_phrasis_0000261__eu-eu__flipped,BACKWARD_ENTAILMENT
dico_phrasis_0000265__eu-eu__flipped,dico_phrasis_0000265,eu,eu,munduko potentzia guztiak,sei potentzia global,dico_phrasis_0000265__eu-eu__original,FORWARD_ENTAILMENT
dico_phrasis_0000265__eu-eu__original,dico_phrasis_0000265,eu,eu,sei potentzia global,munduko potentzia guztiak,dico_phrasis_0000265__eu-eu__flipped,BACKWARD_ENTAILMENT
dico_phrasis_0000266__eu-eu__flipped,dico_phrasis_0000266,eu,eu,Patriot misil-bateriak,Patriot misil-bateria,dico_phrasis_0000266__eu-eu__original,FORWARD_ENTAILMENT
dico_phrasis_0000266__eu-eu__original,dico_phrasis_0000266,eu,eu,Patriot misil-bateria,Patriot misil-bateriak,dico_phrasis_0000266__eu-eu__flipped,BACKWARD_ENTAILMENT
dico_phrasis_0000267__eu-eu__flipped,dico_phrasis_0000267,eu,eu,6 hildako,Hildako bat,dico_phrasis_0000267__eu-eu__original,FORWARD_ENTAILMENT
dico_phrasis_0000267__eu-eu__original,dico_phrasis_0000267,eu,eu,Hildako bat,6 hildako,dico_phrasis_0000267__eu-eu__flipped,BACKWARD_ENTAILMENT
dico_phrasis_0000269__eu-eu__flipped,dico_phrasis_0000269,eu,eu,mundu mailako sinesgarritasuna,sinesgarritasuna,dico_phrasis_0000269__eu-eu__original,FORWARD_ENTAILMENT
dico_phrasis_0000269__eu-eu__original,dico_phrasis_0000269,eu,eu,sinesgarritasuna,mundu mailako sinesgarritasuna,dico_phrasis_0000269__eu-eu__flipped,BACKWARD_ENTAILMENT
dico_phrasis_0000270__eu-eu__flipped,dico_phrasis_0000270,eu,eu,terrorista suizidak,terrorista suizida,dico_phrasis_0000270__eu-eu__original,FORWARD_ENTAILMENT
dico_phrasis_0000270__eu-eu__original,dico_phrasis_0000270,eu,eu,terrorista suizida,terrorista suizidak,dico_phrasis_0000270__eu-eu__flipped,BACKWARD_ENTAILMENT
dico_phrasis_0000272__eu-eu__flipped,dico_phrasis_0000272,eu,eu,Morsiren aldeko gisa,Morsiren aldeko lau lagun,dico_phrasis_0000272__eu-eu__original,FORWARD_ENTAILMENT
dico_phrasis_0000272__eu-eu__original,dico_phrasis_0000272,eu,eu,Morsiren aldeko lau lagun,Morsiren aldeko gisa,dico_phrasis_0000272__eu-eu__flipped,BACKWARD_ENTAILMENT
dico_phrasis_0000273__eu-eu__flipped,dico_phrasis_0000273,eu,eu,5 snowboardlari,5 pertsona,dico_phrasis_0000273__eu-eu__original,FORWARD_ENTAILMENT
dico_phrasis_0000273__eu-eu__original,dico_phrasis_0000273,eu,eu,5 pertsona,5 snowboardlari,dico_phrasis_0000273__eu-eu__flipped,BACKWARD_ENTAILMENT
dico_phrasis_0000274__eu-eu__flipped,dico_phrasis_0000274,eu,eu,presidente afganiarra,legegile afganiarra,dico_phrasis_0000274__eu-eu__original,FORWARD_ENTAILMENT
dico_phrasis_0000274__eu-eu__original,dico_phrasis_0000274,eu,eu,legegile afganiarra,presidente afganiarra,dico_phrasis_0000274__eu-eu__flipped,BACKWARD_ENTAILMENT
dico_phrasis_0000276__eu-eu__flipped,dico_phrasis_0000276,eu,eu,Pilula antisorgailua,Jaiotza-kontrola,dico_phrasis_0000276__eu-eu__original,FORWARD_ENTAILMENT
dico_phrasis_0000276__eu-eu__original,dico_phrasis_0000276,eu,eu,Jaiotza-kontrola,Pilula antisorgailua,dico_phrasis_0000276__eu-eu__flipped,BACKWARD_ENTAILMENT
dico_phrasis_0000278__eu-eu__flipped,dico_phrasis_0000278,eu,eu,hegaldi zuzenetan,hegaldietan,dico_phrasis_0000278__eu-eu__original,FORWARD_ENTAILMENT
dico_phrasis_0000278__eu-eu__original,dico_phrasis_0000278,eu,eu,hegaldietan,hegaldi zuzenetan,dico_phrasis_0000278__eu-eu__flipped,BACKWARD_ENTAILMENT
dico_phrasis_0000280__eu-eu__flipped,dico_phrasis_0000280,eu,eu,gerrak hondatutako familia-elkartzeak,familia-elkartzeak,dico_phrasis_0000280__eu-eu__original,FORWARD_ENTAILMENT
dico_phrasis_0000280__eu-eu__original,dico_phrasis_0000280,eu,eu,familia-elkartzeak,gerrak hondatutako familia-elkartzeak,dico_phrasis_0000280__eu-eu__flipped,BACKWARD_ENTAILMENT
dico_phrasis_0000282__eu-eu__flipped,dico_phrasis_0000282,eu,eu,AEBetako dronea,dronea,dico_phrasis_0000282__eu-eu__original,FORWARD_ENTAILMENT
dico_phrasis_0000282__eu-eu__original,dico_phrasis_0000282,eu,eu,dronea,AEBetako dronea,dico_phrasis_0000282__eu-eu__flipped,BACKWARD_ENTAILMENT
dico_phrasis_0000285__eu-eu__flipped,dico_phrasis_0000285,eu,eu,kolonoentzako 1.800 etxebizitza gehiago,kolonoentzako 1.500 etxebizitza,dico_phrasis_0000285__eu-eu__original,FORWARD_ENTAILMENT
dico_phrasis_0000285__eu-eu__original,dico_phrasis_0000285,eu,eu,kolonoentzako 1.500 etxebizitza,kolonoentzako 1.800 etxebizitza gehiago,dico_phrasis_0000285__eu-eu__flipped,BACKWARD_ENTAILMENT
dico_phrasis_0000286__eu-eu__flipped,dico_phrasis_0000286,eu,eu,Tren-gidaria,Gidaria,dico_phrasis_0000286__eu-eu__original,FORWARD_ENTAILMENT
dico_phrasis_0000286__eu-eu__original,dico_phrasis_0000286,eu,eu,Gidaria,Tren-gidaria,dico_phrasis_0000286__eu-eu__flipped,BACKWARD_ENTAILMENT
dico_phrasis_0000287__eu-eu__flipped,dico_phrasis_0000287,eu,eu,aire-erasoak,aire-erasoa,dico_phrasis_0000287__eu-eu__original,FORWARD_ENTAILMENT
dico_phrasis_0000287__eu-eu__original,dico_phrasis_0000287,eu,eu,aire-erasoa,aire-erasoak,dico_phrasis_0000287__eu-eu__flipped,BACKWARD_ENTAILMENT
dico_phrasis_0000289__eu-eu__flipped,dico_phrasis_0000289,eu,eu,70 hildako baino gehiago,Gehienez 50 hildako,dico_phrasis_0000289__eu-eu__original,FORWARD_ENTAILMENT
dico_phrasis_0000289__eu-eu__original,dico_phrasis_0000289,eu,eu,Gehienez 50 hildako,70 hildako baino gehiago,dico_phrasis_0000289__eu-eu__flipped,BACKWARD_ENTAILMENT
dico_phrasis_0000291__eu-eu__flipped,dico_phrasis_0000291,eu,eu,25 gorpu gehiago,25 gorpu,dico_phrasis_0000291__eu-eu__original,FORWARD_ENTAILMENT
dico_phrasis_0000291__eu-eu__original,dico_phrasis_0000291,eu,eu,25 gorpu,25 gorpu gehiago,dico_phrasis_0000291__eu-eu__flipped,BACKWARD_ENTAILMENT
dico_phrasis_0000292__eu-eu__flipped,dico_phrasis_0000292,eu,eu,kolono berri bakoitzarentzako etxebizitzak,kokaguneetako 900 etxebizitza,dico_phrasis_0000292__eu-eu__original,FORWARD_ENTAILMENT
dico_phrasis_0000292__eu-eu__original,dico_phrasis_0000292,eu,eu,kokaguneetako 900 etxebizitza,kolono berri bakoitzarentzako etxebizitzak,dico_phrasis_0000292__eu-eu__flipped,BACKWARD_ENTAILMENT
dico_phrasis_0000293__eu-eu__flipped,dico_phrasis_0000293,eu,eu,Washingtongo National Mall-en,National Mall-en,dico_phrasis_0000293__eu-eu__original,FORWARD_ENTAILMENT
dico_phrasis_0000293__eu-eu__original,dico_phrasis_0000293,eu,eu,National Mall-en,Washingtongo National Mall-en,dico_phrasis_0000293__eu-eu__flipped,BACKWARD_ENTAILMENT
dico_phrasis_0000296__eu-eu__flipped,dico_phrasis_0000296,eu,eu,"Virginiako gobernadore ohi Bob McDonnell, emaztea",Virginiako gobernadore ohi Bob McDonnell,dico_phrasis_0000296__eu-eu__original,FORWARD_ENTAILMENT
dico_phrasis_0000296__eu-eu__original,dico_phrasis_0000296,eu,eu,Virginiako gobernadore ohi Bob McDonnell,"Virginiako gobernadore ohi Bob McDonnell, emaztea",dico_phrasis_0000296__eu-eu__flipped,BACKWARD_ENTAILMENT
dico_phrasis_0000297__eu-eu__flipped,dico_phrasis_0000297,eu,eu,"Tornadoak, ekaitz suntsitzaileak",Tornadoak,dico_phrasis_0000297__eu-eu__original,FORWARD_ENTAILMENT
dico_phrasis_0000297__eu-eu__original,dico_phrasis_0000297,eu,eu,Tornadoak,"Tornadoak, ekaitz suntsitzaileak",dico_phrasis_0000297__eu-eu__flipped,BACKWARD_ENTAILMENT
dico_phrasis_0000298__eu-eu__flipped,dico_phrasis_0000298,eu,eu,«oinarririk gabeko» AEBen hackeo-salaketak,AEBen hackeoari buruzko baieztapenak,dico_phrasis_0000298__eu-eu__original,FORWARD_ENTAILMENT
dico_phrasis_0000298__eu-eu__original,dico_phrasis_0000298,eu,eu,AEBen hackeoari buruzko baieztapenak,«oinarririk gabeko» AEBen hackeo-salaketak,dico_phrasis_0000298__eu-eu__flipped,BACKWARD_ENTAILMENT
dico_phrasis_0000300__eu-eu__flipped,dico_phrasis_0000300,eu,eu,AEBko Senatua,Senatua,dico_phrasis_0000300__eu-eu__original,FORWARD_ENTAILMENT
dico_phrasis_0000300__eu-eu__original,dico_phrasis_0000300,eu,eu,Senatua,AEBko Senatua,dico_phrasis_0000300__eu-eu__flipped,BACKWARD_ENTAILMENT
dico_phrasis_0000301__eu-eu__flipped,dico_phrasis_0000301,eu,eu,Fedeko hurrengo presidente gisa,Fedeko buru gisa,dico_phrasis_0000301__eu-eu__original,FORWARD_ENTAILMENT
dico_phrasis_0000301__eu-eu__original,dico_phrasis_0000301,eu,eu,Fedeko buru gisa,Fedeko hurrengo presidente gisa,dico_phrasis_0000301__eu-eu__flipped,BACKWARD_ENTAILMENT
dico_phrasis_0000302__eu-eu__flipped,dico_phrasis_0000302,eu,eu,Virginiako hilerri batean,Virginian,dico_phrasis_0000302__eu-eu__original,FORWARD_ENTAILMENT
dico_phrasis_0000302__eu-eu__original,dico_phrasis_0000302,eu,eu,Virginian,Virginiako hilerri batean,dico_phrasis_0000302__eu-eu__flipped,BACKWARD_ENTAILMENT
dico_phrasis_0000304__eu-eu__flipped,dico_phrasis_0000304,eu,eu,Egiptoko liskarretan,liskarretan,dico_phrasis_0000304__eu-eu__original,FORWARD_ENTAILMENT
dico_phrasis_0000304__eu-eu__original,dico_phrasis_0000304,eu,eu,liskarretan,Egiptoko liskarretan,dico_phrasis_0000304__eu-eu__flipped,BACKWARD_ENTAILMENT
dico_phrasis_0000305__eu-eu__flipped,dico_phrasis_0000305,eu,eu,Irakeko Ashraf kanpalekuan,Irakeko kanpaleku batean,dico_phrasis_0000305__eu-eu__original,FORWARD_ENTAILMENT
dico_phrasis_0000305__eu-eu__original,dico_phrasis_0000305,eu,eu,Irakeko kanpaleku batean,Irakeko Ashraf kanpalekuan,dico_phrasis_0000305__eu-eu__flipped,BACKWARD_ENTAILMENT
dico_phrasis_0000307__eu-eu__flipped,dico_phrasis_0000307,eu,eu,Ekaitzaren ondorioz hildakoen kopurua,Hildakoen kopurua,dico_phrasis_0000307__eu-eu__original,FORWARD_ENTAILMENT
dico_phrasis_0000307__eu-eu__original,dico_phrasis_0000307,eu,eu,Hildakoen kopurua,Ekaitzaren ondorioz hildakoen kopurua,dico_phrasis_0000307__eu-eu__flipped,BACKWARD_ENTAILMENT
dico_phrasis_0000310__eu-eu__flipped,dico_phrasis_0000310,eu,eu,AEBetako Ordezkarien Ganbera,AEB,dico_phrasis_0000310__eu-eu__original,FORWARD_ENTAILMENT
dico_phrasis_0000310__eu-eu__original,dico_phrasis_0000310,eu,eu,AEB,AEBetako Ordezkarien Ganbera,dico_phrasis_0000310__eu-eu__flipped,BACKWARD_ENTAILMENT
dico_phrasis_0000311__eu-eu__flipped,dico_phrasis_0000311,eu,eu,Siriako arma kimikoen erreserba,Siriaren arma kimikoak,dico_phrasis_0000311__eu-eu__original,FORWARD_ENTAILMENT
dico_phrasis_0000311__eu-eu__original,dico_phrasis_0000311,eu,eu,Siriaren arma kimikoak,Siriako arma kimikoen erreserba,dico_phrasis_0000311__eu-eu__flipped,BACKWARD_ENTAILMENT
dico_phrasis_0000314__eu-eu__flipped,dico_phrasis_0000314,eu,eu,hilketa-saiakeragatiko zazpi akusazio,hilketa-akusazio bat,dico_phrasis_0000314__eu-eu__original,FORWARD_ENTAILMENT
dico_phrasis_0000314__eu-eu__original,dico_phrasis_0000314,eu,eu,hilketa-akusazio bat,hilketa-saiakeragatiko zazpi akusazio,dico_phrasis_0000314__eu-eu__flipped,BACKWARD_ENTAILMENT
dico_phrasis_0000315__eu-eu__flipped,dico_phrasis_0000315,eu,eu,"Richardson, Mexiko Berriko gobernadore ohia",presidentea,dico_phrasis_0000315__eu-eu__original,FORWARD_ENTAILMENT
dico_phrasis_0000315__eu-eu__original,dico_phrasis_0000315,eu,eu,presidentea,"Richardson, Mexiko Berriko gobernadore ohia",dico_phrasis_0000315__eu-eu__flipped,BACKWARD_ENTAILMENT
dico_phrasis_0000316__eu-eu__flipped,dico_phrasis_0000316,eu,eu,89 hil,11 hildako,dico_phrasis_0000316__eu-eu__original,FORWARD_ENTAILMENT
dico_phrasis_0000316__eu-eu__original,dico_phrasis_0000316,eu,eu,11 hildako,89 hil,dico_phrasis_0000316__eu-eu__flipped,BACKWARD_ENTAILMENT
dico_phrasis_0000317__eu-eu__flipped,dico_phrasis_0000317,eu,eu,gutxienez 15,15,dico_phrasis_0000317__eu-eu__original,FORWARD_ENTAILMENT
dico_phrasis_0000317__eu-eu__original,dico_phrasis_0000317,eu,eu,15,gutxienez 15,dico_phrasis_0000317__eu-eu__flipped,BACKWARD_ENTAILMENT
dico_phrasis_0000318__eu-eu__flipped,dico_phrasis_0000318,eu,eu,5 hildakoren artean,Bost hildako,dico_phrasis_0000318__eu-eu__original,FORWARD_ENTAILMENT
dico_phrasis_0000318__eu-eu__original,dico_phrasis_0000318,eu,eu,Bost hildako,5 hildakoren artean,dico_phrasis_0000318__eu-eu__flipped,BACKWARD_ENTAILMENT
dico_phrasis_0000319__eu-eu__flipped,dico_phrasis_0000319,eu,eu,Israelgo aire-erasoak,Israelgo hegazkinak,dico_phrasis_0000319__eu-eu__original,FORWARD_ENTAILMENT
dico_phrasis_0000319__eu-eu__original,dico_phrasis_0000319,eu,eu,Israelgo hegazkinak,Israelgo aire-erasoak,dico_phrasis_0000319__eu-eu__flipped,BACKWARD_ENTAILMENT
dico_phrasis_0000320__eu-eu__flipped,dico_phrasis_0000320,eu,eu,atzerriko 11 eskalatzaile,atzerriko 10 turista,dico_phrasis_0000320__eu-eu__original,FORWARD_ENTAILMENT
dico_phrasis_0000320__eu-eu__original,dico_phrasis_0000320,eu,eu,atzerriko 10 turista,atzerriko 11 eskalatzaile,dico_phrasis_0000320__eu-eu__flipped,BACKWARD_ENTAILMENT
dico_phrasis_0000321__eu-eu__flipped,dico_phrasis_0000321,eu,eu,Errusiako Kazan hirian,Errusian,dico_phrasis_0000321__eu-eu__original,FORWARD_ENTAILMENT
dico_phrasis_0000321__eu-eu__original,dico_phrasis_0000321,eu,eu,Errusian,Errusiako Kazan hirian,dico_phrasis_0000321__eu-eu__flipped,BACKWARD_ENTAILMENT
dico_phrasis_0000322__eu-eu__flipped,dico_phrasis_0000322,eu,eu,Morsiren elkarrizketarako deiari,presidentearen elkarrizketarako deia,dico_phrasis_0000322__eu-eu__original,FORWARD_ENTAILMENT
dico_phrasis_0000322__eu-eu__original,dico_phrasis_0000322,eu,eu,presidentearen elkarrizketarako deia,Morsiren elkarrizketarako deiari,dico_phrasis_0000322__eu-eu__flipped,BACKWARD_ENTAILMENT
dico_phrasis_0000323__eu-eu__flipped,dico_phrasis_0000323,eu,eu,Kapera Sixtinoa,Vatikanoa,dico_phrasis_0000323__eu-eu__original,FORWARD_ENTAILMENT
dico_phrasis_0000323__eu-eu__original,dico_phrasis_0000323,eu,eu,Vatikanoa,Kapera Sixtinoa,dico_phrasis_0000323__eu-eu__flipped,BACKWARD_ENTAILMENT
dico_phrasis_0000324__eu-eu__flipped,dico_phrasis_0000324,eu,eu,Pakistango hego-mendebaldea,Pakistan,dico_phrasis_0000324__eu-eu__original,FORWARD_ENTAILMENT
dico_phrasis_0000324__eu-eu__original,dico_phrasis_0000324,eu,eu,Pakistan,Pakistango hego-mendebaldea,dico_phrasis_0000324__eu-eu__flipped,BACKWARD_ENTAILMENT
dico_phrasis_0000325__eu-eu__flipped,dico_phrasis_0000325,eu,eu,Anaia Musulmanen jarduerak,Anaia Musulmanak,dico_phrasis_0000325__eu-eu__original,FORWARD_ENTAILMENT
dico_phrasis_0000325__eu-eu__original,dico_phrasis_0000325,eu,eu,Anaia Musulmanak,Anaia Musulmanen jarduerak,dico_phrasis_0000325__eu-eu__flipped,BACKWARD_ENTAILMENT
dico_phrasis_0000327__eu-eu__flipped,dico_phrasis_0000327,eu,eu,talde-bortxaketagatik,bortxaketagatik,dico_phrasis_0000327__eu-eu__original,FORWARD_ENTAILMENT
dico_phrasis_0000327__eu-eu__original,dico_phrasis_0000327,eu,eu,bortxaketagatik,talde-bortxaketagatik,dico_phrasis_0000327__eu-eu__flipped,BACKWARD_ENTAILMENT
dico_phrasis_0000332__eu-eu__flipped,dico_phrasis_0000332,eu,eu,manifestariei,manifestariak,dico_phrasis_0000332__eu-eu__original,FORWARD_ENTAILMENT
dico_phrasis_0000332__eu-eu__original,dico_phrasis_0000332,eu,eu,manifestariak,manifestariei,dico_phrasis_0000332__eu-eu__flipped,BACKWARD_ENTAILMENT
dico_phrasis_0000333__eu-eu__flipped,dico_phrasis_0000333,eu,eu,2020ko Tokioko Olinpiar Jokoetan,Tokio 2020 Olinpiar Jokoak,dico_phrasis_0000333__eu-eu__original,FORWARD_ENTAILMENT
dico_phrasis_0000333__eu-eu__original,dico_phrasis_0000333,eu,eu,Tokio 2020 Olinpiar Jokoak,2020ko Tokioko Olinpiar Jokoetan,dico_phrasis_0000333__eu-eu__flipped,BACKWARD_ENTAILMENT
dico_phrasis_0000334__eu-eu__flipped,dico_phrasis_0000334,eu,eu,poliziaren ondoren,polizia,dico_phrasis_0000334__eu-eu__original,FORWARD_ENTAILMENT
dico_phrasis_0000334__eu-eu__original,dico_phrasis_0000334,eu,eu,polizia,poliziaren ondoren,dico_phrasis_0000334__eu-eu__flipped,BACKWARD_ENTAILMENT
dico_phrasis_0000335__eu-eu__flipped,dico_phrasis_0000335,eu,eu,gizon armatuarekin,gizon armatua,dico_phrasis_0000335__eu-eu__original,FORWARD_ENTAILMENT
dico_phrasis_0000335__eu-eu__original,dico_phrasis_0000335,eu,eu,gizon armatua,gizon armatuarekin,dico_phrasis_0000335__eu-eu__flipped,BACKWARD_ENTAILMENT
dico_phrasis_0000336__eu-eu__flipped,dico_phrasis_0000336,eu,eu,eraso berrietan,erasoetan,dico_phrasis_0000336__eu-eu__original,FORWARD_ENTAILMENT
dico_phrasis_0000336__eu-eu__original,dico_phrasis_0000336,eu,eu,erasoetan,eraso berrietan,dico_phrasis_0000336__eu-eu__flipped,BACKWARD_ENTAILMENT
dico_phrasis_0000337__eu-eu__flipped,dico_phrasis_0000337,eu,eu,Pakistan iparraldean,pakistandarra,dico_phrasis_0000337__eu-eu__original,FORWARD_ENTAILMENT
dico_phrasis_0000337__eu-eu__original,dico_phrasis_0000337,eu,eu,pakistandarra,Pakistan iparraldean,dico_phrasis_0000337__eu-eu__flipped,BACKWARD_ENTAILMENT
dico_phrasis_0000341__eu-eu__flipped,dico_phrasis_0000341,eu,eu,Siriari buruzko elkarrizketak,elkarrizketak,dico_phrasis_0000341__eu-eu__original,FORWARD_ENTAILMENT
dico_phrasis_0000341__eu-eu__original,dico_phrasis_0000341,eu,eu,elkarrizketak,Siriari buruzko elkarrizketak,dico_phrasis_0000341__eu-eu__flipped,BACKWARD_ENTAILMENT
dico_phrasis_0000343__eu-eu__flipped,dico_phrasis_0000343,eu,eu,Irismen laburreko misilak,Misilak,dico_phrasis_0000343__eu-eu__original,FORWARD_ENTAILMENT
dico_phrasis_0000343__eu-eu__original,dico_phrasis_0000343,eu,eu,Misilak,Irismen laburreko misilak,dico_phrasis_0000343__eu-eu__flipped,BACKWARD_ENTAILMENT
dico_phrasis_0000344__eu-eu__flipped,dico_phrasis_0000344,eu,eu,AEBetako zor-sabaiari buruzko akordioetara,zor-sabaiari buruzko elkarrizketetan,dico_phrasis_0000344__eu-eu__original,FORWARD_ENTAILMENT
dico_phrasis_0000344__eu-eu__original,dico_phrasis_0000344,eu,eu,zor-sabaiari buruzko elkarrizketetan,AEBetako zor-sabaiari buruzko akordioetara,dico_phrasis_0000344__eu-eu__flipped,BACKWARD_ENTAILMENT
dico_phrasis_0000346__eu-eu__flipped,dico_phrasis_0000346,eu,eu,Obama,AEBetako gobernua,dico_phrasis_0000346__eu-eu__original,FORWARD_ENTAILMENT
dico_phrasis_0000346__eu-eu__original,dico_phrasis_0000346,eu,eu,AEBetako gobernua,Obama,dico_phrasis_0000346__eu-eu__flipped,BACKWARD_ENTAILMENT
dico_phrasis_0000347__eu-eu__flipped,dico_phrasis_0000347,eu,eu,Mubaraken,Mubarak,dico_phrasis_0000347__eu-eu__original,FORWARD_ENTAILMENT
dico_phrasis_0000347__eu-eu__original,dico_phrasis_0000347,eu,eu,Mubarak,Mubaraken,dico_phrasis_0000347__eu-eu__flipped,BACKWARD_ENTAILMENT
dico_phrasis_0000348__eu-eu__flipped,dico_phrasis_0000348,eu,eu,Peruko kartzelan,kartzelan,dico_phrasis_0000348__eu-eu__original,FORWARD_ENTAILMENT
dico_phrasis_0000348__eu-eu__original,dico_phrasis_0000348,eu,eu,kartzelan,Peruko kartzelan,dico_phrasis_0000348__eu-eu__flipped,BACKWARD_ENTAILMENT
dico_phrasis_0000349__eu-eu__flipped,dico_phrasis_0000349,eu,eu,semearen alde,semearentzat,dico_phrasis_0000349__eu-eu__original,FORWARD_ENTAILMENT
dico_phrasis_0000349__eu-eu__original,dico_phrasis_0000349,eu,eu,semearentzat,semearen alde,dico_phrasis_0000349__eu-eu__flipped,BACKWARD_ENTAILMENT
dico_phrasis_0000351__eu-eu__flipped,dico_phrasis_0000351,eu,eu,AEBetako Aire Armadako helikoptero-tripulazio oro,AEBetako Aire Armadako helikoptero-tripulazioko lau kide,dico_phrasis_0000351__eu-eu__original,FORWARD_ENTAILMENT
dico_phrasis_0000351__eu-eu__original,dico_phrasis_0000351,eu,eu,AEBetako Aire Armadako helikoptero-tripulazioko lau kide,AEBetako Aire Armadako helikoptero-tripulazio oro,dico_phrasis_0000351__eu-eu__flipped,BACKWARD_ENTAILMENT
dico_phrasis_0000353__eu-eu__flipped,dico_phrasis_0000353,eu,eu,Texasko parke eolikoaren proiektuan,Texasko parke eolikoan,dico_phrasis_0000353__eu-eu__original,FORWARD_ENTAILMENT
dico_phrasis_0000353__eu-eu__original,dico_phrasis_0000353,eu,eu,Texasko parke eolikoan,Texasko parke eolikoaren proiektuan,dico_phrasis_0000353__eu-eu__flipped,BACKWARD_ENTAILMENT
dico_phrasis_0000354__eu-eu__flipped,dico_phrasis_0000354,eu,eu,11 eskalatzaile atzerritar,11 turista atzerritar,dico_phrasis_0000354__eu-eu__original,FORWARD_ENTAILMENT
dico_phrasis_0000354__eu-eu__original,dico_phrasis_0000354,eu,eu,11 turista atzerritar,11 eskalatzaile atzerritar,dico_phrasis_0000354__eu-eu__flipped,BACKWARD_ENTAILMENT
dico_phrasis_0000355__eu-eu__flipped,dico_phrasis_0000355,eu,eu,easyJet kostu txikiko airelinea britainiarrarena,easyJetena,dico_phrasis_0000355__eu-eu__original,FORWARD_ENTAILMENT
dico_phrasis_0000355__eu-eu__original,dico_phrasis_0000355,eu,eu,easyJetena,easyJet kostu txikiko airelinea britainiarrarena,dico_phrasis_0000355__eu-eu__flipped,BACKWARD_ENTAILMENT
dico_phrasis_0000356__eu-eu__flipped,dico_phrasis_0000356,eu,eu,Tunisiako oposizioko buruzagia,Tunisiako oposizioko politikaria,dico_phrasis_0000356__eu-eu__original,FORWARD_ENTAILMENT
dico_phrasis_0000356__eu-eu__original,dico_phrasis_0000356,eu,eu,Tunisiako oposizioko politikaria,Tunisiako oposizioko buruzagia,dico_phrasis_0000356__eu-eu__flipped,BACKWARD_ENTAILMENT
dico_phrasis_0000357__eu-eu__flipped,dico_phrasis_0000357,eu,eu,NSAko salatari Edward Snowden,Edward Snowden salataria,dico_phrasis_0000357__eu-eu__original,FORWARD_ENTAILMENT
dico_phrasis_0000357__eu-eu__original,dico_phrasis_0000357,eu,eu,Edward Snowden salataria,NSAko salatari Edward Snowden,dico_phrasis_0000357__eu-eu__flipped,BACKWARD_ENTAILMENT
dico_phrasis_0000358__eu-eu__flipped,dico_phrasis_0000358,eu,eu,hegaldian,hegan egiten du,dico_phrasis_0000358__eu-eu__original,FORWARD_ENTAILMENT
dico_phrasis_0000358__eu-eu__original,dico_phrasis_0000358,eu,eu,hegan egiten du,hegaldian,dico_phrasis_0000358__eu-eu__flipped,BACKWARD_ENTAILMENT
dico_phrasis_0000359__eu-eu__flipped,dico_phrasis_0000359,eu,eu,Afganistango erasoan,Afganistanen,dico_phrasis_0000359__eu-eu__original,FORWARD_ENTAILMENT
dico_phrasis_0000359__eu-eu__original,dico_phrasis_0000359,eu,eu,Afganistanen,Afganistango erasoan,dico_phrasis_0000359__eu-eu__flipped,BACKWARD_ENTAILMENT
dico_phrasis_0000360__eu-eu__flipped,dico_phrasis_0000360,eu,eu,The Washington Post-entzat,Washington Post,dico_phrasis_0000360__eu-eu__original,FORWARD_ENTAILMENT
dico_phrasis_0000360__eu-eu__original,dico_phrasis_0000360,eu,eu,Washington Post,The Washington Post-entzat,dico_phrasis_0000360__eu-eu__flipped,BACKWARD_ENTAILMENT
dico_phrasis_0000361__eu-eu__flipped,dico_phrasis_0000361,eu,eu,Kimen osabaren garbiketa,Garbiketa,dico_phrasis_0000361__eu-eu__original,FORWARD_ENTAILMENT
dico_phrasis_0000361__eu-eu__original,dico_phrasis_0000361,eu,eu,Garbiketa,Kimen osabaren garbiketa,dico_phrasis_0000361__eu-eu__flipped,BACKWARD_ENTAILMENT
dico_phrasis_0000362__eu-eu__flipped,dico_phrasis_0000362,eu,eu,Egiptoko gobernuaren mehatxuaren aurrean,Egipton,dico_phrasis_0000362__eu-eu__original,FORWARD_ENTAILMENT
dico_phrasis_0000362__eu-eu__original,dico_phrasis_0000362,eu,eu,Egipton,Egiptoko gobernuaren mehatxuaren aurrean,dico_phrasis_0000362__eu-eu__flipped,BACKWARD_ENTAILMENT
dico_phrasis_0000363__eu-eu__flipped,dico_phrasis_0000363,eu,eu,Zipreko bankuei buruz,bankuen,dico_phrasis_0000363__eu-eu__original,FORWARD_ENTAILMENT
dico_phrasis_0000363__eu-eu__original,dico_phrasis_0000363,eu,eu,bankuen,Zipreko bankuei buruz,dico_phrasis_0000363__eu-eu__flipped,BACKWARD_ENTAILMENT
dico_phrasis_0000364__eu-eu__flipped,dico_phrasis_0000364,eu,eu,AEBetako drone-erasoak,AEBetako droneak,dico_phrasis_0000364__eu-eu__original,FORWARD_ENTAILMENT
dico_phrasis_0000364__eu-eu__original,dico_phrasis_0000364,eu,eu,AEBetako droneak,AEBetako drone-erasoak,dico_phrasis_0000364__eu-eu__flipped,BACKWARD_ENTAILMENT
dico_phrasis_0000365__eu-eu__flipped,dico_phrasis_0000365,eu,eu,merkatari iruzurgilea,merkataria,dico_phrasis_0000365__eu-eu__original,FORWARD_ENTAILMENT
dico_phrasis_0000365__eu-eu__original,dico_phrasis_0000365,eu,eu,merkataria,merkatari iruzurgilea,dico_phrasis_0000365__eu-eu__flipped,BACKWARD_ENTAILMENT
dico_phrasis_0000366__eu-eu__flipped,dico_phrasis_0000366,eu,eu,gobernuaren itxieraren,itxieraren,dico_phrasis_0000366__eu-eu__original,FORWARD_ENTAILMENT
dico_phrasis_0000366__eu-eu__original,dico_phrasis_0000366,eu,eu,itxieraren,gobernuaren itxieraren,dico_phrasis_0000366__eu-eu__flipped,BACKWARD_ENTAILMENT
dico_phrasis_0000368__eu-eu__flipped,dico_phrasis_0000368,eu,eu,NATOko soldaduak,NATOko 3 soldadu,dico_phrasis_0000368__eu-eu__original,FORWARD_ENTAILMENT
dico_phrasis_0000368__eu-eu__original,dico_phrasis_0000368,eu,eu,NATOko 3 soldadu,NATOko soldaduak,dico_phrasis_0000368__eu-eu__flipped,BACKWARD_ENTAILMENT
dico_phrasis_0000369__eu-eu__flipped,dico_phrasis_0000369,eu,eu,Asiana Air konpainiaren Boeing 777 hegazkin baten istripua,Boeing 777 hegazkin baten istripua,dico_phrasis_0000369__eu-eu__original,FORWARD_ENTAILMENT
dico_phrasis_0000369__eu-eu__original,dico_phrasis_0000369,eu,eu,Boeing 777 hegazkin baten istripua,Asiana Air konpainiaren Boeing 777 hegazkin baten istripua,dico_phrasis_0000369__eu-eu__flipped,BACKWARD_ENTAILMENT
dico_phrasis_0000371__eu-eu__flipped,dico_phrasis_0000371,eu,eu,Ipar Waziristanen,Pakistanen ipar-mendebaldean,dico_phrasis_0000371__eu-eu__original,FORWARD_ENTAILMENT
dico_phrasis_0000371__eu-eu__original,dico_phrasis_0000371,eu,eu,Pakistanen ipar-mendebaldean,Ipar Waziristanen,dico_phrasis_0000371__eu-eu__flipped,BACKWARD_ENTAILMENT
dico_phrasis_0000373__eu-eu__flipped,dico_phrasis_0000373,eu,eu,azken konponbide-planen inguruan,konponbide-planaren inguruan,dico_phrasis_0000373__eu-eu__original,FORWARD_ENTAILMENT
dico_phrasis_0000373__eu-eu__original,dico_phrasis_0000373,eu,eu,konponbide-planaren inguruan,azken konponbide-planen inguruan,dico_phrasis_0000373__eu-eu__flipped,BACKWARD_ENTAILMENT
dico_phrasis_0000376__eu-eu__flipped,dico_phrasis_0000376,eu,eu,Bost hildako,Lau hildako,dico_phrasis_0000376__eu-eu__original,FORWARD_ENTAILMENT
dico_phrasis_0000376__eu-eu__original,dico_phrasis_0000376,eu,eu,Lau hildako,Bost hildako,dico_phrasis_0000376__eu-eu__flipped,BACKWARD_ENTAILMENT
dico_phrasis_0000377__eu-eu__flipped,dico_phrasis_0000377,eu,eu,Indonesian tren batek erregai-kamioi batekin talka egin duenean,Indonesian izandako tren-istripuan,dico_phrasis_0000377__eu-eu__original,FORWARD_ENTAILMENT
dico_phrasis_0000377__eu-eu__original,dico_phrasis_0000377,eu,eu,Indonesian izandako tren-istripuan,Indonesian tren batek erregai-kamioi batekin talka egin duenean,dico_phrasis_0000377__eu-eu__flipped,BACKWARD_ENTAILMENT
dico_phrasis_0000378__eu-eu__flipped,dico_phrasis_0000378,eu,eu,Miss Amerikaren koroa,Miss Amerika,dico_phrasis_0000378__eu-eu__original,FORWARD_ENTAILMENT
dico_phrasis_0000378__eu-eu__original,dico_phrasis_0000378,eu,eu,Miss Amerika,Miss Amerikaren koroa,dico_phrasis_0000378__eu-eu__flipped,BACKWARD_ENTAILMENT
dico_phrasis_0000379__eu-eu__flipped,dico_phrasis_0000379,eu,eu,gizon austriarra,austriarra,dico_phrasis_0000379__eu-eu__original,FORWARD_ENTAILMENT
dico_phrasis_0000379__eu-eu__original,dico_phrasis_0000379,eu,eu,austriarra,gizon austriarra,dico_phrasis_0000379__eu-eu__flipped,BACKWARD_ENTAILMENT
dico_phrasis_0000380__eu-eu__flipped,dico_phrasis_0000380,eu,eu,Gas-bonbonaren leherketa hilgarria,Gas-bonbonaren leherketa,dico_phrasis_0000380__eu-eu__original,FORWARD_ENTAILMENT
dico_phrasis_0000380__eu-eu__original,dico_phrasis_0000380,eu,eu,Gas-bonbonaren leherketa,Gas-bonbonaren leherketa hilgarria,dico_phrasis_0000380__eu-eu__flipped,BACKWARD_ENTAILMENT
dico_phrasis_0000381__eu-eu__flipped,dico_phrasis_0000381,eu,eu,Brasil osoan,Brasil,dico_phrasis_0000381__eu-eu__original,FORWARD_ENTAILMENT
dico_phrasis_0000381__eu-eu__original,dico_phrasis_0000381,eu,eu,Brasil,Brasil osoan,dico_phrasis_0000381__eu-eu__flipped,BACKWARD_ENTAILMENT
dico_phrasis_0000382__eu-eu__flipped,dico_phrasis_0000382,eu,eu,kontzesioak gorabehera,kontzesioa gorabehera,dico_phrasis_0000382__eu-eu__original,FORWARD_ENTAILMENT
dico_phrasis_0000382__eu-eu__original,dico_phrasis_0000382,eu,eu,kontzesioa gorabehera,kontzesioak gorabehera,dico_phrasis_0000382__eu-eu__flipped,BACKWARD_ENTAILMENT
dico_phrasis_0000383__eu-eu__flipped,dico_phrasis_0000383,eu,eu,Guatemalan,Guatemala,dico_phrasis_0000383__eu-eu__original,FORWARD_ENTAILMENT
dico_phrasis_0000383__eu-eu__original,dico_phrasis_0000383,eu,eu,Guatemala,Guatemalan,dico_phrasis_0000383__eu-eu__flipped,BACKWARD_ENTAILMENT
dico_phrasis_0000384__eu-eu__flipped,dico_phrasis_0000384,eu,eu,Keniako terrorismoaren aurkako polizia,Keniako polizia,dico_phrasis_0000384__eu-eu__original,FORWARD_ENTAILMENT
dico_phrasis_0000384__eu-eu__original,dico_phrasis_0000384,eu,eu,Keniako polizia,Keniako terrorismoaren aurkako polizia,dico_phrasis_0000384__eu-eu__flipped,BACKWARD_ENTAILMENT
dico_phrasis_0000385__eu-eu__flipped,dico_phrasis_0000385,eu,eu,Atenasko merkataritza-gune batean,Greziako merkataritza-gune batean,dico_phrasis_0000385__eu-eu__original,FORWARD_ENTAILMENT
dico_phrasis_0000385__eu-eu__original,dico_phrasis_0000385,eu,eu,Greziako merkataritza-gune batean,Atenasko merkataritza-gune batean,dico_phrasis_0000385__eu-eu__flipped,BACKWARD_ENTAILMENT
dico_phrasis_0000386__eu-eu__flipped,dico_phrasis_0000386,eu,eu,Emakume gidariak,Emakumeak,dico_phrasis_0000386__eu-eu__original,FORWARD_ENTAILMENT
dico_phrasis_0000386__eu-eu__original,dico_phrasis_0000386,eu,eu,Emakumeak,Emakume gidariak,dico_phrasis_0000386__eu-eu__flipped,BACKWARD_ENTAILMENT
dico_phrasis_0000387__eu-eu__flipped,dico_phrasis_0000387,eu,eu,taldeko bortxaketagatik,bortxaketagatik,dico_phrasis_0000387__eu-eu__original,FORWARD_ENTAILMENT
dico_phrasis_0000387__eu-eu__original,dico_phrasis_0000387,eu,eu,bortxaketagatik,taldeko bortxaketagatik,dico_phrasis_0000387__eu-eu__flipped,BACKWARD_ENTAILMENT
dico_phrasis_0000388__eu-eu__flipped,dico_phrasis_0000388,eu,eu,"Rupiah Banda, Zambiako presidente ohia",Zambiako presidente ohia,dico_phrasis_0000388__eu-eu__original,FORWARD_ENTAILMENT
dico_phrasis_0000388__eu-eu__original,dico_phrasis_0000388,eu,eu,Zambiako presidente ohia,"Rupiah Banda, Zambiako presidente ohia",dico_phrasis_0000388__eu-eu__flipped,BACKWARD_ENTAILMENT
dico_phrasis_0000389__eu-eu__flipped,dico_phrasis_0000389,eu,eu,AEBetako enplegu-datu sendoei buruz,datu baikorren,dico_phrasis_0000389__eu-eu__original,FORWARD_ENTAILMENT
dico_phrasis_0000389__eu-eu__original,dico_phrasis_0000389,eu,eu,datu baikorren,AEBetako enplegu-datu sendoei buruz,dico_phrasis_0000389__eu-eu__flipped,BACKWARD_ENTAILMENT
dico_phrasis_0000390__eu-eu__flipped,dico_phrasis_0000390,eu,eu,gutxienez 75,47 pertsona,dico_phrasis_0000390__eu-eu__original,FORWARD_ENTAILMENT
dico_phrasis_0000390__eu-eu__original,dico_phrasis_0000390,eu,eu,47 pertsona,gutxienez 75,dico_phrasis_0000390__eu-eu__flipped,BACKWARD_ENTAILMENT
dico_phrasis_0000392__eu-eu__flipped,dico_phrasis_0000392,eu,eu,gizon bat eta emakume bat,bi,dico_phrasis_0000392__eu-eu__original,FORWARD_ENTAILMENT
dico_phrasis_0000392__eu-eu__original,dico_phrasis_0000392,eu,eu,bi,gizon bat eta emakume bat,dico_phrasis_0000392__eu-eu__flipped,BACKWARD_ENTAILMENT
dico_phrasis_0000395__eu-eu__flipped,dico_phrasis_0000395,eu,eu,Hakimullah Mehsud Pakistango talibanen buruzagia,Pakistango talibanen buruzagi berri gisa,dico_phrasis_0000395__eu-eu__original,FORWARD_ENTAILMENT
dico_phrasis_0000395__eu-eu__original,dico_phrasis_0000395,eu,eu,Pakistango talibanen buruzagi berri gisa,Hakimullah Mehsud Pakistango talibanen buruzagia,dico_phrasis_0000395__eu-eu__flipped,BACKWARD_ENTAILMENT
dico_phrasis_0000398__eu-eu__flipped,dico_phrasis_0000398,eu,eu,arma kimikoen plan «zehatzei» buruz,arma kimikoak,dico_phrasis_0000398__eu-eu__original,FORWARD_ENTAILMENT
dico_phrasis_0000398__eu-eu__original,dico_phrasis_0000398,eu,eu,arma kimikoak,arma kimikoen plan «zehatzei» buruz,dico_phrasis_0000398__eu-eu__flipped,BACKWARD_ENTAILMENT
dico_phrasis_0000399__eu-eu__flipped,dico_phrasis_0000399,eu,eu,soldadu israeldarrak,soldadu israeldarra,dico_phrasis_0000399__eu-eu__original,FORWARD_ENTAILMENT
dico_phrasis_0000399__eu-eu__original,dico_phrasis_0000399,eu,eu,soldadu israeldarra,soldadu israeldarrak,dico_phrasis_0000399__eu-eu__flipped,BACKWARD_ENTAILMENT
dico_phrasis_0000400__eu-eu__flipped,dico_phrasis_0000400,eu,eu,Mali iparraldeko al-Qaidarekin lotutako matxinoak,al-Qaedaren Maliko aliatuak,dico_phrasis_0000400__eu-eu__original,FORWARD_ENTAILMENT
dico_phrasis_0000400__eu-eu__original,dico_phrasis_0000400,eu,eu,al-Qaedaren Maliko aliatuak,Mali iparraldeko al-Qaidarekin lotutako matxinoak,dico_phrasis_0000400__eu-eu__flipped,BACKWARD_ENTAILMENT
dico_phrasis_0000401__eu-eu__flipped,dico_phrasis_0000401,eu,eu,Buckingham jauregiko atxiloketaren ondoren,Buckingham jauregira atxilotuta,dico_phrasis_0000401__eu-eu__original,FORWARD_ENTAILMENT
dico_phrasis_0000401__eu-eu__original,dico_phrasis_0000401,eu,eu,Buckingham jauregira atxilotuta,Buckingham jauregiko atxiloketaren ondoren,dico_phrasis_0000401__eu-eu__flipped,BACKWARD_ENTAILMENT
dico_phrasis_0000402__eu-eu__flipped,dico_phrasis_0000402,eu,eu,Anaidi Musulmanak,ren Anaidia,dico_phrasis_0000402__eu-eu__original,FORWARD_ENTAILMENT
dico_phrasis_0000402__eu-eu__original,dico_phrasis_0000402,eu,eu,ren Anaidia,Anaidi Musulmanak,dico_phrasis_0000402__eu-eu__flipped,BACKWARD_ENTAILMENT
dico_phrasis_0000403__eu-eu__flipped,dico_phrasis_0000403,eu,eu,NATOko zortzi soldadu,NATOko 4 soldadu,dico_phrasis_0000403__eu-eu__original,FORWARD_ENTAILMENT
dico_phrasis_0000403__eu-eu__original,dico_phrasis_0000403,eu,eu,NATOko 4 soldadu,NATOko zortzi soldadu,dico_phrasis_0000403__eu-eu__flipped,BACKWARD_ENTAILMENT
dico_phrasis_0000404__eu-eu__flipped,dico_phrasis_0000404,eu,eu,haren Anaia Musulmanak,haren anaidia,dico_phrasis_0000404__eu-eu__original,FORWARD_ENTAILMENT
dico_phrasis_0000404__eu-eu__original,dico_phrasis_0000404,eu,eu,haren anaidia,haren Anaia Musulmanak,dico_phrasis_0000404__eu-eu__flipped,BACKWARD_ENTAILMENT
dico_phrasis_0000406__eu-eu__flipped,dico_phrasis_0000406,eu,eu,Garzon Espainiako tren-gidaria,Espainiako tren-istripuko gidaria,dico_phrasis_0000406__eu-eu__original,FORWARD_ENTAILMENT
dico_phrasis_0000406__eu-eu__original,dico_phrasis_0000406,eu,eu,Espainiako tren-istripuko gidaria,Garzon Espainiako tren-gidaria,dico_phrasis_0000406__eu-eu__flipped,BACKWARD_ENTAILMENT
dico_phrasis_0000407__eu-eu__flipped,dico_phrasis_0000407,eu,eu,tiroz hil,hil,dico_phrasis_0000407__eu-eu__original,FORWARD_ENTAILMENT
dico_phrasis_0000407__eu-eu__original,dico_phrasis_0000407,eu,eu,hil,tiroz hil,dico_phrasis_0000407__eu-eu__flipped,BACKWARD_ENTAILMENT
dico_phrasis_0000409__eu-eu__flipped,dico_phrasis_0000409,eu,eu,AEBen drone-erasoan,drone-erasoaren ondoren,dico_phrasis_0000409__eu-eu__original,FORWARD_ENTAILMENT
dico_phrasis_0000409__eu-eu__original,dico_phrasis_0000409,eu,eu,drone-erasoaren ondoren,AEBen drone-erasoan,dico_phrasis_0000409__eu-eu__flipped,BACKWARD_ENTAILMENT
dico_phrasis_0000410__eu-eu__flipped,dico_phrasis_0000410,eu,eu,Pakistango talibanen buruzagia,Pakistango talibanak,dico_phrasis_0000410__eu-eu__original,FORWARD_ENTAILMENT
dico_phrasis_0000410__eu-eu__original,dico_phrasis_0000410,eu,eu,Pakistango talibanak,Pakistango talibanen buruzagia,dico_phrasis_0000410__eu-eu__flipped,BACKWARD_ENTAILMENT
dico_phrasis_0000411__eu-eu__flipped,dico_phrasis_0000411,eu,eu,"dolua egin, ospatu",dolua egiten du,dico_phrasis_0000411__eu-eu__original,FORWARD_ENTAILMENT
dico_phrasis_0000411__eu-eu__original,dico_phrasis_0000411,eu,eu,dolua egiten du,"dolua egin, ospatu",dico_phrasis_0000411__eu-eu__flipped,BACKWARD_ENTAILMENT
dico_phrasis_0000412__eu-eu__flipped,dico_phrasis_0000412,eu,eu,Txinako auzitegia,Txina,dico_phrasis_0000412__eu-eu__original,FORWARD_ENTAILMENT
dico_phrasis_0000412__eu-eu__original,dico_phrasis_0000412,eu,eu,Txina,Txinako auzitegia,dico_phrasis_0000412__eu-eu__flipped,BACKWARD_ENTAILMENT
dico_phrasis_0000413__eu-eu__flipped,dico_phrasis_0000413,eu,eu,New Yorkeko bi suhiltzaile,Bi suhiltzaile,dico_phrasis_0000413__eu-eu__original,FORWARD_ENTAILMENT
dico_phrasis_0000413__eu-eu__original,dico_phrasis_0000413,eu,eu,Bi suhiltzaile,New Yorkeko bi suhiltzaile,dico_phrasis_0000413__eu-eu__flipped,BACKWARD_ENTAILMENT
dico_phrasis_0000414__eu-eu__flipped,dico_phrasis_0000414,eu,eu,Aske utzitako Pussy Rioteko bi kide,Pussy Rioteko 2 kide,dico_phrasis_0000414__eu-eu__original,FORWARD_ENTAILMENT
dico_phrasis_0000414__eu-eu__original,dico_phrasis_0000414,eu,eu,Pussy Rioteko 2 kide,Aske utzitako Pussy Rioteko bi kide,dico_phrasis_0000414__eu-eu__flipped,BACKWARD_ENTAILMENT
dico_phrasis_0000415__eu-eu__flipped,dico_phrasis_0000415,eu,eu,Singapurreko akzioak,Akzioak,dico_phrasis_0000415__eu-eu__original,FORWARD_ENTAILMENT
dico_phrasis_0000415__eu-eu__original,dico_phrasis_0000415,eu,eu,Akzioak,Singapurreko akzioak,dico_phrasis_0000415__eu-eu__flipped,BACKWARD_ENTAILMENT
dico_phrasis_0000416__eu-eu__flipped,dico_phrasis_0000416,eu,eu,18 hildako,sei hildako,dico_phrasis_0000416__eu-eu__original,FORWARD_ENTAILMENT
dico_phrasis_0000416__eu-eu__original,dico_phrasis_0000416,eu,eu,sei hildako,18 hildako,dico_phrasis_0000416__eu-eu__flipped,BACKWARD_ENTAILMENT
dico_phrasis_0000417__eu-eu__flipped,dico_phrasis_0000417,eu,eu,Frantziako treneko bidaiariak,Frantziako trena,dico_phrasis_0000417__eu-eu__original,FORWARD_ENTAILMENT
dico_phrasis_0000417__eu-eu__original,dico_phrasis_0000417,eu,eu,Frantziako trena,Frantziako treneko bidaiariak,dico_phrasis_0000417__eu-eu__flipped,BACKWARD_ENTAILMENT
dico_phrasis_0000418__eu-eu__flipped,dico_phrasis_0000418,eu,eu,Siriako errefuxiatuei,Siria,dico_phrasis_0000418__eu-eu__original,FORWARD_ENTAILMENT
dico_phrasis_0000418__eu-eu__original,dico_phrasis_0000418,eu,eu,Siria,Siriako errefuxiatuei,dico_phrasis_0000418__eu-eu__flipped,BACKWARD_ENTAILMENT
dico_phrasis_0000419__eu-eu__flipped,dico_phrasis_0000419,eu,eu,Bostongo maratoiko atentatuan,Bostongo maratoian,dico_phrasis_0000419__eu-eu__original,FORWARD_ENTAILMENT
dico_phrasis_0000419__eu-eu__original,dico_phrasis_0000419,eu,eu,Bostongo maratoian,Bostongo maratoiko atentatuan,dico_phrasis_0000419__eu-eu__flipped,BACKWARD_ENTAILMENT
dico_phrasis_0000420__eu-eu__flipped,dico_phrasis_0000420,eu,eu,8 hildako,4 hildako,dico_phrasis_0000420__eu-eu__original,FORWARD_ENTAILMENT
dico_phrasis_0000420__eu-eu__original,dico_phrasis_0000420,eu,eu,4 hildako,8 hildako,dico_phrasis_0000420__eu-eu__flipped,BACKWARD_ENTAILMENT
dico_phrasis_0000422__eu-eu__flipped,dico_phrasis_0000422,eu,eu,8 hildako,Bost hildako,dico_phrasis_0000422__eu-eu__original,FORWARD_ENTAILMENT
dico_phrasis_0000422__eu-eu__original,dico_phrasis_0000422,eu,eu,Bost hildako,8 hildako,dico_phrasis_0000422__eu-eu__flipped,BACKWARD_ENTAILMENT
dico_phrasis_0000423__eu-eu__flipped,dico_phrasis_0000423,eu,eu,Baqubako leherketetan,Irakeko bonba-leherketetan,dico_phrasis_0000423__eu-eu__original,FORWARD_ENTAILMENT
dico_phrasis_0000423__eu-eu__original,dico_phrasis_0000423,eu,eu,Irakeko bonba-leherketetan,Baqubako leherketetan,dico_phrasis_0000423__eu-eu__flipped,BACKWARD_ENTAILMENT
dico_phrasis_0000424__eu-eu__flipped,dico_phrasis_0000424,eu,eu,Bostongo maratoiko bonba-leherketan,AEBetako maratoiko bonba-leherketan,dico_phrasis_0000424__eu-eu__original,FORWARD_ENTAILMENT
dico_phrasis_0000424__eu-eu__original,dico_phrasis_0000424,eu,eu,AEBetako maratoiko bonba-leherketan,Bostongo maratoiko bonba-leherketan,dico_phrasis_0000424__eu-eu__flipped,BACKWARD_ENTAILMENT
dico_phrasis_0000426__eu-eu__flipped,dico_phrasis_0000426,eu,eu,Katu zuri-beltz bat,Katu bat,dico_phrasis_0000426__eu-eu__original,FORWARD_ENTAILMENT
dico_phrasis_0000426__eu-eu__original,dico_phrasis_0000426,eu,eu,Katu bat,Katu zuri-beltz bat,dico_phrasis_0000426__eu-eu__flipped,BACKWARD_ENTAILMENT
dico_phrasis_0000427__eu-eu__flipped,dico_phrasis_0000427,eu,eu,itsaso urdinean,uretan,dico_phrasis_0000427__eu-eu__original,FORWARD_ENTAILMENT
dico_phrasis_0000427__eu-eu__original,dico_phrasis_0000427,eu,eu,uretan,itsaso urdinean,dico_phrasis_0000427__eu-eu__flipped,BACKWARD_ENTAILMENT
dico_phrasis_0000428__eu-eu__flipped,dico_phrasis_0000428,eu,eu,Neska gazte bat,Emakume bat,dico_phrasis_0000428__eu-eu__original,FORWARD_ENTAILMENT
dico_phrasis_0000428__eu-eu__original,dico_phrasis_0000428,eu,eu,Emakume bat,Neska gazte bat,dico_phrasis_0000428__eu-eu__flipped,BACKWARD_ENTAILMENT
dico_phrasis_0000429__eu-eu__flipped,dico_phrasis_0000429,eu,eu,zelai berde eta oparo batean,zelai batean,dico_phrasis_0000429__eu-eu__original,FORWARD_ENTAILMENT
dico_phrasis_0000429__eu-eu__original,dico_phrasis_0000429,eu,eu,zelai batean,zelai berde eta oparo batean,dico_phrasis_0000429__eu-eu__flipped,BACKWARD_ENTAILMENT
dico_phrasis_0000430__eu-eu__flipped,dico_phrasis_0000430,eu,eu,janariarekin eta garagardoarekin,janariarekin,dico_phrasis_0000430__eu-eu__original,FORWARD_ENTAILMENT
dico_phrasis_0000430__eu-eu__original,dico_phrasis_0000430,eu,eu,janariarekin,janariarekin eta garagardoarekin,dico_phrasis_0000430__eu-eu__flipped,BACKWARD_ENTAILMENT
dico_phrasis_0000431__eu-eu__flipped,dico_phrasis_0000431,eu,eu,emakume gazte bat,emakume bat,dico_phrasis_0000431__eu-eu__original,FORWARD_ENTAILMENT
dico_phrasis_0000431__eu-eu__original,dico_phrasis_0000431,eu,eu,emakume bat,emakume gazte bat,dico_phrasis_0000431__eu-eu__flipped,BACKWARD_ENTAILMENT
dico_phrasis_0000434__eu-eu__flipped,dico_phrasis_0000434,eu,eu,Hainbat kardinal,Bost txori,dico_phrasis_0000434__eu-eu__original,FORWARD_ENTAILMENT
dico_phrasis_0000434__eu-eu__original,dico_phrasis_0000434,eu,eu,Bost txori,Hainbat kardinal,dico_phrasis_0000434__eu-eu__flipped,BACKWARD_ENTAILMENT
dico_phrasis_0000435__eu-eu__flipped,dico_phrasis_0000435,eu,eu,Scooter gorriak,Ziklomotor gorri bat,dico_phrasis_0000435__eu-eu__original,FORWARD_ENTAILMENT
dico_phrasis_0000435__eu-eu__original,dico_phrasis_0000435,eu,eu,Ziklomotor gorri bat,Scooter gorriak,dico_phrasis_0000435__eu-eu__flipped,BACKWARD_ENTAILMENT
dico_phrasis_0000436__eu-eu__flipped,dico_phrasis_0000436,eu,eu,hiriko tren-geltokian,geltoki batean,dico_phrasis_0000436__eu-eu__original,FORWARD_ENTAILMENT
dico_phrasis_0000436__eu-eu__original,dico_phrasis_0000436,eu,eu,geltoki batean,hiriko tren-geltokian,dico_phrasis_0000436__eu-eu__flipped,BACKWARD_ENTAILMENT
dico_phrasis_0000437__eu-eu__flipped,dico_phrasis_0000437,eu,eu,liburu-denda baten kanpoan,denda baten ondoan,dico_phrasis_0000437__eu-eu__original,FORWARD_ENTAILMENT
dico_phrasis_0000437__eu-eu__original,dico_phrasis_0000437,eu,eu,denda baten ondoan,liburu-denda baten kanpoan,dico_phrasis_0000437__eu-eu__flipped,BACKWARD_ENTAILMENT
dico_phrasis_0000438__eu-eu__flipped,dico_phrasis_0000438,eu,eu,Bikote gazte bat,Bikote bat,dico_phrasis_0000438__eu-eu__original,FORWARD_ENTAILMENT
dico_phrasis_0000438__eu-eu__original,dico_phrasis_0000438,eu,eu,Bikote bat,Bikote gazte bat,dico_phrasis_0000438__eu-eu__flipped,BACKWARD_ENTAILMENT
dico_phrasis_0000439__eu-eu__flipped,dico_phrasis_0000439,eu,eu,Bi emakume irribarretsu,Emakume irribarretsu bat,dico_phrasis_0000439__eu-eu__original,FORWARD_ENTAILMENT
dico_phrasis_0000439__eu-eu__original,dico_phrasis_0000439,eu,eu,Emakume irribarretsu bat,Bi emakume irribarretsu,dico_phrasis_0000439__eu-eu__flipped,BACKWARD_ENTAILMENT
dico_phrasis_0000440__eu-eu__flipped,dico_phrasis_0000440,eu,eu,"Katu gris, beltz eta zuri bat",Katu bat,dico_phrasis_0000440__eu-eu__original,FORWARD_ENTAILMENT
dico_phrasis_0000440__eu-eu__original,dico_phrasis_0000440,eu,eu,Katu bat,"Katu gris, beltz eta zuri bat",dico_phrasis_0000440__eu-eu__flipped,BACKWARD_ENTAILMENT
dico_phrasis_0000441__eu-eu__flipped,dico_phrasis_0000441,eu,eu,Buru berdea eta bular zuria dituen txoria,Txori berde eta zuria,dico_phrasis_0000441__eu-eu__original,FORWARD_ENTAILMENT
dico_phrasis_0000441__eu-eu__original,dico_phrasis_0000441,eu,eu,Txori berde eta zuria,Buru berdea eta bular zuria dituen txoria,dico_phrasis_0000441__eu-eu__flipped,BACKWARD_ENTAILMENT
dico_phrasis_0000442__eu-eu__flipped,dico_phrasis_0000442,eu,eu,emakume irribarretsu bat,emakume bat,dico_phrasis_0000442__eu-eu__original,FORWARD_ENTAILMENT
dico_phrasis_0000442__eu-eu__original,dico_phrasis_0000442,eu,eu,emakume bat,emakume irribarretsu bat,dico_phrasis_0000442__eu-eu__flipped,BACKWARD_ENTAILMENT
dico_phrasis_0000443__eu-eu__flipped,dico_phrasis_0000443,eu,eu,adineko pertsonena,pertsonena,dico_phrasis_0000443__eu-eu__original,FORWARD_ENTAILMENT
dico_phrasis_0000443__eu-eu__original,dico_phrasis_0000443,eu,eu,pertsonena,adineko pertsonena,dico_phrasis_0000443__eu-eu__flipped,BACKWARD_ENTAILMENT
dico_phrasis_0000446__eu-eu__flipped,dico_phrasis_0000446,eu,eu,leiho baten,leiho bat,dico_phrasis_0000446__eu-eu__original,FORWARD_ENTAILMENT
dico_phrasis_0000446__eu-eu__original,dico_phrasis_0000446,eu,eu,leiho bat,leiho baten,dico_phrasis_0000446__eu-eu__flipped,BACKWARD_ENTAILMENT
dico_phrasis_0000448__eu-eu__flipped,dico_phrasis_0000448,eu,eu,sofa urdin baten gainean,sofa baten gainean,dico_phrasis_0000448__eu-eu__original,FORWARD_ENTAILMENT
dico_phrasis_0000448__eu-eu__original,dico_phrasis_0000448,eu,eu,sofa baten gainean,sofa urdin baten gainean,dico_phrasis_0000448__eu-eu__flipped,BACKWARD_ENTAILMENT
dico_phrasis_0000450__eu-eu__flipped,dico_phrasis_0000450,eu,eu,sofa berde baten gainean,sofaren gainean,dico_phrasis_0000450__eu-eu__original,FORWARD_ENTAILMENT
dico_phrasis_0000450__eu-eu__original,dico_phrasis_0000450,eu,eu,sofaren gainean,sofa berde baten gainean,dico_phrasis_0000450__eu-eu__flipped,BACKWARD_ENTAILMENT
dico_phrasis_0000451__eu-eu__flipped,dico_phrasis_0000451,eu,eu,mutil gazte bat,Gizona,dico_phrasis_0000451__eu-eu__original,FORWARD_ENTAILMENT
dico_phrasis_0000451__eu-eu__original,dico_phrasis_0000451,eu,eu,Gizona,mutil gazte bat,dico_phrasis_0000451__eu-eu__flipped,BACKWARD_ENTAILMENT
dico_phrasis_0000454__eu-eu__flipped,dico_phrasis_0000454,eu,eu,itsasontzi batean,itsasontzi bat,dico_phrasis_0000454__eu-eu__original,FORWARD_ENTAILMENT
dico_phrasis_0000454__eu-eu__original,dico_phrasis_0000454,eu,eu,itsasontzi bat,itsasontzi batean,dico_phrasis_0000454__eu-eu__flipped,BACKWARD_ENTAILMENT
dico_phrasis_0000455__eu-eu__flipped,dico_phrasis_0000455,eu,eu,Bizikleta arrosa bat,Bizikleta bat,dico_phrasis_0000455__eu-eu__original,FORWARD_ENTAILMENT
dico_phrasis_0000455__eu-eu__original,dico_phrasis_0000455,eu,eu,Bizikleta bat,Bizikleta arrosa bat,dico_phrasis_0000455__eu-eu__flipped,BACKWARD_ENTAILMENT
dico_phrasis_0000456__eu-eu__flipped,dico_phrasis_0000456,eu,eu,Autobus berde bat,Autobus bat,dico_phrasis_0000456__eu-eu__original,FORWARD_ENTAILMENT
dico_phrasis_0000456__eu-eu__original,dico_phrasis_0000456,eu,eu,Autobus bat,Autobus berde bat,dico_phrasis_0000456__eu-eu__flipped,BACKWARD_ENTAILMENT
dico_phrasis_0000458__eu-eu__flipped,dico_phrasis_0000458,eu,eu,sofa handiekin eta jangela-mahai batekin,jangela-mahai batekin,dico_phrasis_0000458__eu-eu__original,FORWARD_ENTAILMENT
dico_phrasis_0000458__eu-eu__original,dico_phrasis_0000458,eu,eu,jangela-mahai batekin,sofa handiekin eta jangela-mahai batekin,dico_phrasis_0000458__eu-eu__flipped,BACKWARD_ENTAILMENT
dico_phrasis_0000459__eu-eu__flipped,dico_phrasis_0000459,eu,eu,Bi gizon gazte,Mutil pare bat,dico_phrasis_0000459__eu-eu__original,FORWARD_ENTAILMENT
dico_phrasis_0000459__eu-eu__original,dico_phrasis_0000459,eu,eu,Mutil pare bat,Bi gizon gazte,dico_phrasis_0000459__eu-eu__flipped,BACKWARD_ENTAILMENT
dico_phrasis_0000460__eu-eu__flipped,dico_phrasis_0000460,eu,eu,Lehen planoko irudi bat,Lehen plano bat,dico_phrasis_0000460__eu-eu__original,FORWARD_ENTAILMENT
dico_phrasis_0000460__eu-eu__original,dico_phrasis_0000460,eu,eu,Lehen plano bat,Lehen planoko irudi bat,dico_phrasis_0000460__eu-eu__flipped,BACKWARD_ENTAILMENT
dico_phrasis_0000461__eu-eu__flipped,dico_phrasis_0000461,eu,eu,adar izoztu baten gainean,adar baten gainean,dico_phrasis_0000461__eu-eu__original,FORWARD_ENTAILMENT
dico_phrasis_0000461__eu-eu__original,dico_phrasis_0000461,eu,eu,adar baten gainean,adar izoztu baten gainean,dico_phrasis_0000461__eu-eu__flipped,BACKWARD_ENTAILMENT
dico_phrasis_0000462__eu-eu__flipped,dico_phrasis_0000462,eu,eu,Ahate marroiak eta zuriak,Ahate marroi bat eta ahate zuri bat,dico_phrasis_0000462__eu-eu__original,FORWARD_ENTAILMENT
dico_phrasis_0000462__eu-eu__original,dico_phrasis_0000462,eu,eu,Ahate marroi bat eta ahate zuri bat,Ahate marroiak eta zuriak,dico_phrasis_0000462__eu-eu__flipped,BACKWARD_ENTAILMENT
dico_phrasis_0000464__eu-eu__flipped,dico_phrasis_0000464,eu,eu,alkandora urdin bat eta praka beixak jantzita,alkandora urdin bat jantzita,dico_phrasis_0000464__eu-eu__original,FORWARD_ENTAILMENT
dico_phrasis_0000464__eu-eu__original,dico_phrasis_0000464,eu,eu,alkandora urdin bat jantzita,alkandora urdin bat eta praka beixak jantzita,dico_phrasis_0000464__eu-eu__flipped,BACKWARD_ENTAILMENT
dico_phrasis_0000467__eu-eu__flipped,dico_phrasis_0000467,eu,eu,altzari beixekin eta pantaila lauko telebistarekin,pantaila handiko telebistarekin,dico_phrasis_0000467__eu-eu__original,FORWARD_ENTAILMENT
dico_phrasis_0000467__eu-eu__original,dico_phrasis_0000467,eu,eu,pantaila handiko telebistarekin,altzari beixekin eta pantaila lauko telebistarekin,dico_phrasis_0000467__eu-eu__flipped,BACKWARD_ENTAILMENT
dico_phrasis_0000468__eu-eu__flipped,dico_phrasis_0000468,eu,eu,Txori zuri handi bat,Txori zuri bat,dico_phrasis_0000468__eu-eu__original,FORWARD_ENTAILMENT
dico_phrasis_0000468__eu-eu__original,dico_phrasis_0000468,eu,eu,Txori zuri bat,Txori zuri handi bat,dico_phrasis_0000468__eu-eu__flipped,BACKWARD_ENTAILMENT
dico_phrasis_0000471__eu-eu__flipped,dico_phrasis_0000471,eu,eu,Katu gorrixka bat,Katu bat,dico_phrasis_0000471__eu-eu__original,FORWARD_ENTAILMENT
dico_phrasis_0000471__eu-eu__original,dico_phrasis_0000471,eu,eu,Katu bat,Katu gorrixka bat,dico_phrasis_0000471__eu-eu__flipped,BACKWARD_ENTAILMENT
dico_phrasis_0000472__eu-eu__flipped,dico_phrasis_0000472,eu,eu,Tren urdina,Trena,dico_phrasis_0000472__eu-eu__original,FORWARD_ENTAILMENT
dico_phrasis_0000472__eu-eu__original,dico_phrasis_0000472,eu,eu,Trena,Tren urdina,dico_phrasis_0000472__eu-eu__flipped,BACKWARD_ENTAILMENT
dico_phrasis_0000473__eu-eu__flipped,dico_phrasis_0000473,eu,eu,zelai belartsu batean,zelai batean,dico_phrasis_0000473__eu-eu__original,FORWARD_ENTAILMENT
dico_phrasis_0000473__eu-eu__original,dico_phrasis_0000473,eu,eu,zelai batean,zelai belartsu batean,dico_phrasis_0000473__eu-eu__flipped,BACKWARD_ENTAILMENT
dico_phrasis_0000475__eu-eu__flipped,dico_phrasis_0000475,eu,eu,Bi emakume gazte irribarretsu,Bi emakume,dico_phrasis_0000475__eu-eu__original,FORWARD_ENTAILMENT
dico_phrasis_0000475__eu-eu__original,dico_phrasis_0000475,eu,eu,Bi emakume,Bi emakume gazte irribarretsu,dico_phrasis_0000475__eu-eu__flipped,BACKWARD_ENTAILMENT
dico_phrasis_0000476__eu-eu__flipped,dico_phrasis_0000476,eu,eu,Bidaiari-hegazkin handi bat,Bidaiari-hegazkin bat,dico_phrasis_0000476__eu-eu__original,FORWARD_ENTAILMENT
dico_phrasis_0000476__eu-eu__original,dico_phrasis_0000476,eu,eu,Bidaiari-hegazkin bat,Bidaiari-hegazkin handi bat,dico_phrasis_0000476__eu-eu__flipped,BACKWARD_ENTAILMENT
dico_phrasis_0000478__eu-eu__flipped,dico_phrasis_0000478,eu,eu,belar berdezko zelai batean,zelai batean,dico_phrasis_0000478__eu-eu__original,FORWARD_ENTAILMENT
dico_phrasis_0000478__eu-eu__original,dico_phrasis_0000478,eu,eu,zelai batean,belar berdezko zelai batean,dico_phrasis_0000478__eu-eu__flipped,BACKWARD_ENTAILMENT
dico_phrasis_0000479__eu-eu__flipped,dico_phrasis_0000479,eu,eu,autobus baten kanpoan,kanpoan,dico_phrasis_0000479__eu-eu__original,FORWARD_ENTAILMENT
dico_phrasis_0000479__eu-eu__original,dico_phrasis_0000479,eu,eu,kanpoan,autobus baten kanpoan,dico_phrasis_0000479__eu-eu__flipped,BACKWARD_ENTAILMENT
dico_phrasis_0000482__eu-eu__flipped,dico_phrasis_0000482,eu,eu,Zilar-koloreko auto bat,Auto bat,dico_phrasis_0000482__eu-eu__original,FORWARD_ENTAILMENT
dico_phrasis_0000482__eu-eu__original,dico_phrasis_0000482,eu,eu,Auto bat,Zilar-koloreko auto bat,dico_phrasis_0000482__eu-eu__flipped,BACKWARD_ENTAILMENT
dico_phrasis_0000483__eu-eu__flipped,dico_phrasis_0000483,eu,eu,aldean,aldea,dico_phrasis_0000483__eu-eu__original,FORWARD_ENTAILMENT
dico_phrasis_0000483__eu-eu__original,dico_phrasis_0000483,eu,eu,aldea,aldean,dico_phrasis_0000483__eu-eu__flipped,BACKWARD_ENTAILMENT
dico_phrasis_0000484__eu-eu__flipped,dico_phrasis_0000484,eu,eu,gizon bat,norbait,dico_phrasis_0000484__eu-eu__original,FORWARD_ENTAILMENT
dico_phrasis_0000484__eu-eu__original,dico_phrasis_0000484,eu,eu,norbait,gizon bat,dico_phrasis_0000484__eu-eu__flipped,BACKWARD_ENTAILMENT
dico_phrasis_0000485__eu-eu__flipped,dico_phrasis_0000485,eu,eu,moto klasiko batekin,moto batekin,dico_phrasis_0000485__eu-eu__original,FORWARD_ENTAILMENT
dico_phrasis_0000485__eu-eu__original,dico_phrasis_0000485,eu,eu,moto batekin,moto klasiko batekin,dico_phrasis_0000485__eu-eu__flipped,BACKWARD_ENTAILMENT
dico_phrasis_0000486__eu-eu__flipped,dico_phrasis_0000486,eu,eu,auto klasiko batean,auto bat,dico_phrasis_0000486__eu-eu__original,FORWARD_ENTAILMENT
dico_phrasis_0000486__eu-eu__original,dico_phrasis_0000486,eu,eu,auto bat,auto klasiko batean,dico_phrasis_0000486__eu-eu__flipped,BACKWARD_ENTAILMENT
dico_phrasis_0000488__eu-eu__flipped,dico_phrasis_0000488,eu,eu,Txori gorri eta marroi bat,Txoria,dico_phrasis_0000488__eu-eu__original,FORWARD_ENTAILMENT
dico_phrasis_0000488__eu-eu__original,dico_phrasis_0000488,eu,eu,Txoria,Txori gorri eta marroi bat,dico_phrasis_0000488__eu-eu__flipped,BACKWARD_ENTAILMENT
dico_phrasis_0000489__eu-eu__flipped,dico_phrasis_0000489,eu,eu,Haurrak,Lau haur,dico_phrasis_0000489__eu-eu__original,FORWARD_ENTAILMENT
dico_phrasis_0000489__eu-eu__original,dico_phrasis_0000489,eu,eu,Lau haur,Haurrak,dico_phrasis_0000489__eu-eu__flipped,BACKWARD_ENTAILMENT
dico_phrasis_0000490__eu-eu__flipped,dico_phrasis_0000490,eu,eu,jatetxe italiar batean,jatetxe batean,dico_phrasis_0000490__eu-eu__original,FORWARD_ENTAILMENT
dico_phrasis_0000490__eu-eu__original,dico_phrasis_0000490,eu,eu,jatetxe batean,jatetxe italiar batean,dico_phrasis_0000490__eu-eu__flipped,BACKWARD_ENTAILMENT
dico_phrasis_0000491__eu-eu__flipped,dico_phrasis_0000491,eu,eu,Artilezko ardi bat,Ardi bat,dico_phrasis_0000491__eu-eu__original,FORWARD_ENTAILMENT
dico_phrasis_0000491__eu-eu__original,dico_phrasis_0000491,eu,eu,Ardi bat,Artilezko ardi bat,dico_phrasis_0000491__eu-eu__flipped,BACKWARD_ENTAILMENT
dico_phrasis_0000492__eu-eu__flipped,dico_phrasis_0000492,eu,eu,zaldiz ibiltzean,zaldiz ibiltzea,dico_phrasis_0000492__eu-eu__original,FORWARD_ENTAILMENT
dico_phrasis_0000492__eu-eu__original,dico_phrasis_0000492,eu,eu,zaldiz ibiltzea,zaldiz ibiltzean,dico_phrasis_0000492__eu-eu__flipped,BACKWARD_ENTAILMENT
dico_phrasis_0000494__eu-eu__flipped,dico_phrasis_0000494,eu,eu,trenbideko errailen gainean,errailak,dico_phrasis_0000494__eu-eu__original,FORWARD_ENTAILMENT
dico_phrasis_0000494__eu-eu__original,dico_phrasis_0000494,eu,eu,errailak,trenbideko errailen gainean,dico_phrasis_0000494__eu-eu__flipped,BACKWARD_ENTAILMENT
dico_phrasis_0000496__eu-eu__flipped,dico_phrasis_0000496,eu,eu,jatetxe bateko mahai batean,mahai batean,dico_phrasis_0000496__eu-eu__original,FORWARD_ENTAILMENT
dico_phrasis_0000496__eu-eu__original,dico_phrasis_0000496,eu,eu,mahai batean,jatetxe bateko mahai batean,dico_phrasis_0000496__eu-eu__flipped,BACKWARD_ENTAILMENT
dico_phrasis_0000498__eu-eu__flipped,dico_phrasis_0000498,eu,eu,eserita daude,daude,dico_phrasis_0000498__eu-eu__original,FORWARD_ENTAILMENT
dico_phrasis_0000498__eu-eu__original,dico_phrasis_0000498,eu,eu,daude,eserita daude,dico_phrasis_0000498__eu-eu__flipped,BACKWARD_ENTAILMENT
dico_phrasis_0000500__eu-eu__flipped,dico_phrasis_0000500,eu,eu,Bi katakume txiki,Bi katu,dico_phrasis_0000500__eu-eu__original,FORWARD_ENTAILMENT
dico_phrasis_0000500__eu-eu__original,dico_phrasis_0000500,eu,eu,Bi katu,Bi katakume txiki,dico_phrasis_0000500__eu-eu__flipped,BACKWARD_ENTAILMENT
dico_phrasis_0000501__eu-eu__flipped,dico_phrasis_0000501,eu,eu,Jangela arrosa dotore bat,Jangela dotorea,dico_phrasis_0000501__eu-eu__original,FORWARD_ENTAILMENT
dico_phrasis_0000501__eu-eu__original,dico_phrasis_0000501,eu,eu,Jangela dotorea,Jangela arrosa dotore bat,dico_phrasis_0000501__eu-eu__flipped,BACKWARD_ENTAILMENT
dico_phrasis_0000503__eu-eu__flipped,dico_phrasis_0000503,eu,eu,Bizikleta berde bat,Bizikleta bat,dico_phrasis_0000503__eu-eu__original,FORWARD_ENTAILMENT
dico_phrasis_0000503__eu-eu__original,dico_phrasis_0000503,eu,eu,Bizikleta bat,Bizikleta berde bat,dico_phrasis_0000503__eu-eu__flipped,BACKWARD_ENTAILMENT
dico_phrasis_0000505__eu-eu__flipped,dico_phrasis_0000505,eu,eu,kanoa gorri batean,kanoa gorri bat,dico_phrasis_0000505__eu-eu__original,FORWARD_ENTAILMENT
dico_phrasis_0000505__eu-eu__original,dico_phrasis_0000505,eu,eu,kanoa gorri bat,kanoa gorri batean,dico_phrasis_0000505__eu-eu__flipped,BACKWARD_ENTAILMENT
dico_phrasis_0000506__eu-eu__flipped,dico_phrasis_0000506,eu,eu,Emakume bat eta neska gazte bat,Emakume bat eta haur bat,dico_phrasis_0000506__eu-eu__original,FORWARD_ENTAILMENT
dico_phrasis_0000506__eu-eu__original,dico_phrasis_0000506,eu,eu,Emakume bat eta haur bat,Emakume bat eta neska gazte bat,dico_phrasis_0000506__eu-eu__flipped,BACKWARD_ENTAILMENT
dico_phrasis_0000507__eu-eu__flipped,dico_phrasis_0000507,eu,eu,manta more baten gainean,manta baten gainean,dico_phrasis_0000507__eu-eu__original,FORWARD_ENTAILMENT
dico_phrasis_0000507__eu-eu__original,dico_phrasis_0000507,eu,eu,manta baten gainean,manta more baten gainean,dico_phrasis_0000507__eu-eu__flipped,BACKWARD_ENTAILMENT
dico_phrasis_0000508__eu-eu__flipped,dico_phrasis_0000508,eu,eu,Bulego-espazio txiki bat,Bulego bat,dico_phrasis_0000508__eu-eu__original,FORWARD_ENTAILMENT
dico_phrasis_0000508__eu-eu__original,dico_phrasis_0000508,eu,eu,Bulego bat,Bulego-espazio txiki bat,dico_phrasis_0000508__eu-eu__flipped,BACKWARD_ENTAILMENT
dico_phrasis_0000509__eu-eu__flipped,dico_phrasis_0000509,eu,eu,Edozein neska gazte,Emakume gaztea,dico_phrasis_0000509__eu-eu__original,FORWARD_ENTAILMENT
dico_phrasis_0000509__eu-eu__original,dico_phrasis_0000509,eu,eu,Emakume gaztea,Edozein neska gazte,dico_phrasis_0000509__eu-eu__flipped,BACKWARD_ENTAILMENT
dico_phrasis_0000510__eu-eu__flipped,dico_phrasis_0000510,eu,eu,Emakumezko zaldizko gazte bat,Zaldizko gaztea,dico_phrasis_0000510__eu-eu__original,FORWARD_ENTAILMENT
dico_phrasis_0000510__eu-eu__original,dico_phrasis_0000510,eu,eu,Zaldizko gaztea,Emakumezko zaldizko gazte bat,dico_phrasis_0000510__eu-eu__flipped,BACKWARD_ENTAILMENT
dico_phrasis_0000511__eu-eu__flipped,dico_phrasis_0000511,eu,eu,Beltxarga beltz bat,Txori bat,dico_phrasis_0000511__eu-eu__original,FORWARD_ENTAILMENT
dico_phrasis_0000511__eu-eu__original,dico_phrasis_0000511,eu,eu,Txori bat,Beltxarga beltz bat,dico_phrasis_0000511__eu-eu__flipped,BACKWARD_ENTAILMENT
dico_phrasis_0000512__eu-eu__flipped,dico_phrasis_0000512,eu,eu,Txori hori bat,Txori bat,dico_phrasis_0000512__eu-eu__original,FORWARD_ENTAILMENT
dico_phrasis_0000512__eu-eu__original,dico_phrasis_0000512,eu,eu,Txori bat,Txori hori bat,dico_phrasis_0000512__eu-eu__flipped,BACKWARD_ENTAILMENT
dico_phrasis_0000513__eu-eu__flipped,dico_phrasis_0000513,eu,eu,hegazkin txiki baten aurrean,hegazkin baten aurrean,dico_phrasis_0000513__eu-eu__original,FORWARD_ENTAILMENT
dico_phrasis_0000513__eu-eu__original,dico_phrasis_0000513,eu,eu,hegazkin baten aurrean,hegazkin txiki baten aurrean,dico_phrasis_0000513__eu-eu__flipped,BACKWARD_ENTAILMENT
dico_phrasis_0000515__eu-eu__flipped,dico_phrasis_0000515,eu,eu,belarrezko zelai baten erdian,belarrezko zelai batean,dico_phrasis_0000515__eu-eu__original,FORWARD_ENTAILMENT
dico_phrasis_0000515__eu-eu__original,dico_phrasis_0000515,eu,eu,belarrezko zelai batean,belarrezko zelai baten erdian,dico_phrasis_0000515__eu-eu__flipped,BACKWARD_ENTAILMENT
dico_phrasis_0000517__eu-eu__flipped,dico_phrasis_0000517,eu,eu,Mutil txiki bat,Mutila,dico_phrasis_0000517__eu-eu__original,FORWARD_ENTAILMENT
dico_phrasis_0000517__eu-eu__original,dico_phrasis_0000517,eu,eu,Mutila,Mutil txiki bat,dico_phrasis_0000517__eu-eu__flipped,BACKWARD_ENTAILMENT
dico_phrasis_0000519__eu-eu__flipped,dico_phrasis_0000519,eu,eu,apaletan eta mostradorean,apaletan,dico_phrasis_0000519__eu-eu__original,FORWARD_ENTAILMENT
dico_phrasis_0000519__eu-eu__original,dico_phrasis_0000519,eu,eu,apaletan,apaletan eta mostradorean,dico_phrasis_0000519__eu-eu__flipped,BACKWARD_ENTAILMENT
dico_phrasis_0000522__eu-eu__flipped,dico_phrasis_0000522,eu,eu,zilar-koloreko tren baten aurrean,tren baten aurrean,dico_phrasis_0000522__eu-eu__original,FORWARD_ENTAILMENT
dico_phrasis_0000522__eu-eu__original,dico_phrasis_0000522,eu,eu,tren baten aurrean,zilar-koloreko tren baten aurrean,dico_phrasis_0000522__eu-eu__flipped,BACKWARD_ENTAILMENT
dico_phrasis_0000525__eu-eu__flipped,dico_phrasis_0000525,eu,eu,ozeanoaren gainean,ur gainean,dico_phrasis_0000525__eu-eu__original,FORWARD_ENTAILMENT
dico_phrasis_0000525__eu-eu__original,dico_phrasis_0000525,eu,eu,ur gainean,ozeanoaren gainean,dico_phrasis_0000525__eu-eu__flipped,BACKWARD_ENTAILMENT
dico_phrasis_0000529__eu-eu__flipped,dico_phrasis_0000529,eu,eu,zelai berde batean,zelai batean,dico_phrasis_0000529__eu-eu__original,FORWARD_ENTAILMENT
dico_phrasis_0000529__eu-eu__original,dico_phrasis_0000529,eu,eu,zelai batean,zelai berde batean,dico_phrasis_0000529__eu-eu__flipped,BACKWARD_ENTAILMENT
dico_phrasis_0000530__eu-eu__flipped,dico_phrasis_0000530,eu,eu,Lau emakume eta bi gizon,Emakume bat,dico_phrasis_0000530__eu-eu__original,FORWARD_ENTAILMENT
dico_phrasis_0000530__eu-eu__original,dico_phrasis_0000530,eu,eu,Emakume bat,Lau emakume eta bi gizon,dico_phrasis_0000530__eu-eu__flipped,BACKWARD_ENTAILMENT
dico_phrasis_0000531__eu-eu__flipped,dico_phrasis_0000531,eu,eu,zaldi zuri baten gainean,zaldi zuri bat,dico_phrasis_0000531__eu-eu__original,FORWARD_ENTAILMENT
dico_phrasis_0000531__eu-eu__original,dico_phrasis_0000531,eu,eu,zaldi zuri bat,zaldi zuri baten gainean,dico_phrasis_0000531__eu-eu__flipped,BACKWARD_ENTAILMENT
dico_phrasis_0000532__eu-eu__flipped,dico_phrasis_0000532,eu,eu,trenbideko errailen gainean,errailak,dico_phrasis_0000532__eu-eu__original,FORWARD_ENTAILMENT
dico_phrasis_0000532__eu-eu__original,dico_phrasis_0000532,eu,eu,errailak,trenbideko errailen gainean,dico_phrasis_0000532__eu-eu__flipped,BACKWARD_ENTAILMENT
dico_phrasis_0000533__eu-eu__flipped,dico_phrasis_0000533,eu,eu,ardi baten ondoan,ardi bat,dico_phrasis_0000533__eu-eu__original,FORWARD_ENTAILMENT
dico_phrasis_0000533__eu-eu__original,dico_phrasis_0000533,eu,eu,ardi bat,ardi baten ondoan,dico_phrasis_0000533__eu-eu__flipped,BACKWARD_ENTAILMENT
dico_phrasis_0000534__eu-eu__flipped,dico_phrasis_0000534,eu,eu,Etxeko katu marroi argia,Etxeko katua,dico_phrasis_0000534__eu-eu__original,FORWARD_ENTAILMENT
dico_phrasis_0000534__eu-eu__original,dico_phrasis_0000534,eu,eu,Etxeko katua,Etxeko katu marroi argia,dico_phrasis_0000534__eu-eu__flipped,BACKWARD_ENTAILMENT
dico_phrasis_0000535__eu-eu__flipped,dico_phrasis_0000535,eu,eu,bi solairuko autobus gorri bat,autobus bat,dico_phrasis_0000535__eu-eu__original,FORWARD_ENTAILMENT
dico_phrasis_0000535__eu-eu__original,dico_phrasis_0000535,eu,eu,autobus bat,bi solairuko autobus gorri bat,dico_phrasis_0000535__eu-eu__flipped,BACKWARD_ENTAILMENT
dico_phrasis_0000536__eu-eu__flipped,dico_phrasis_0000536,eu,eu,beherantz gidatzen,gidatzen,dico_phrasis_0000536__eu-eu__original,FORWARD_ENTAILMENT
dico_phrasis_0000536__eu-eu__original,dico_phrasis_0000536,eu,eu,gidatzen,beherantz gidatzen,dico_phrasis_0000536__eu-eu__flipped,BACKWARD_ENTAILMENT
dico_phrasis_0000538__eu-eu__flipped,dico_phrasis_0000538,eu,eu,Lehen planoko ikuspegi bat,Lehen planoa,dico_phrasis_0000538__eu-eu__original,FORWARD_ENTAILMENT
dico_phrasis_0000538__eu-eu__original,dico_phrasis_0000538,eu,eu,Lehen planoa,Lehen planoko ikuspegi bat,dico_phrasis_0000538__eu-eu__flipped,BACKWARD_ENTAILMENT
dico_phrasis_0000539__eu-eu__flipped,dico_phrasis_0000539,eu,eu,Behi marroi eta zuriak,Behiak,dico_phrasis_0000539__eu-eu__original,FORWARD_ENTAILMENT
dico_phrasis_0000539__eu-eu__original,dico_phrasis_0000539,eu,eu,Behiak,Behi marroi eta zuriak,dico_phrasis_0000539__eu-eu__flipped,BACKWARD_ENTAILMENT
dico_phrasis_0000543__eu-eu__flipped,dico_phrasis_0000543,eu,eu,Emakume irribarretsu bat,Emakume bat,dico_phrasis_0000543__eu-eu__original,FORWARD_ENTAILMENT
dico_phrasis_0000543__eu-eu__original,dico_phrasis_0000543,eu,eu,Emakume bat,Emakume irribarretsu bat,dico_phrasis_0000543__eu-eu__flipped,BACKWARD_ENTAILMENT
dico_phrasis_0000544__eu-eu__flipped,dico_phrasis_0000544,eu,eu,garagardoarekin eta janariarekin,edariak dituena,dico_phrasis_0000544__eu-eu__original,FORWARD_ENTAILMENT
dico_phrasis_0000544__eu-eu__original,dico_phrasis_0000544,eu,eu,edariak dituena,garagardoarekin eta janariarekin,dico_phrasis_0000544__eu-eu__flipped,BACKWARD_ENTAILMENT
dico_phrasis_0000545__eu-eu__flipped,dico_phrasis_0000545,eu,eu,Bi arrano burusoil,Bi arrano,dico_phrasis_0000545__eu-eu__original,FORWARD_ENTAILMENT
dico_phrasis_0000545__eu-eu__original,dico_phrasis_0000545,eu,eu,Bi arrano,Bi arrano burusoil,dico_phrasis_0000545__eu-eu__flipped,BACKWARD_ENTAILMENT
dico_phrasis_0000546__eu-eu__flipped,dico_phrasis_0000546,eu,eu,Edozein zozo,Txori beltza,dico_phrasis_0000546__eu-eu__original,FORWARD_ENTAILMENT
dico_phrasis_0000546__eu-eu__original,dico_phrasis_0000546,eu,eu,Txori beltza,Edozein zozo,dico_phrasis_0000546__eu-eu__flipped,BACKWARD_ENTAILMENT
dico_phrasis_0000548__eu-eu__flipped,dico_phrasis_0000548,eu,eu,zaldi gris eta zuri baten,zaldi zuri eta gris bat,dico_phrasis_0000548__eu-eu__original,FORWARD_ENTAILMENT
dico_phrasis_0000548__eu-eu__original,dico_phrasis_0000548,eu,eu,zaldi zuri eta gris bat,zaldi gris eta zuri baten,dico_phrasis_0000548__eu-eu__flipped,BACKWARD_ENTAILMENT
dico_phrasis_0000550__eu-eu__flipped,dico_phrasis_0000550,eu,eu,belarrezko zelai berde batean,zelai batean,dico_phrasis_0000550__eu-eu__original,FORWARD_ENTAILMENT
dico_phrasis_0000550__eu-eu__original,dico_phrasis_0000550,eu,eu,zelai batean,belarrezko zelai berde batean,dico_phrasis_0000550__eu-eu__flipped,BACKWARD_ENTAILMENT
dico_phrasis_0000551__eu-eu__flipped,dico_phrasis_0000551,eu,eu,txalupa berde handi bat,txalupan,dico_phrasis_0000551__eu-eu__original,FORWARD_ENTAILMENT
dico_phrasis_0000551__eu-eu__original,dico_phrasis_0000551,eu,eu,txalupan,txalupa berde handi bat,dico_phrasis_0000551__eu-eu__flipped,BACKWARD_ENTAILMENT
dico_phrasis_0000553__eu-eu__flipped,dico_phrasis_0000553,eu,eu,Bi arrano burusoil,Arrano burusoila,dico_phrasis_0000553__eu-eu__original,FORWARD_ENTAILMENT
dico_phrasis_0000553__eu-eu__original,dico_phrasis_0000553,eu,eu,Arrano burusoila,Bi arrano burusoil,dico_phrasis_0000553__eu-eu__flipped,BACKWARD_ENTAILMENT
dico_phrasis_0000554__eu-eu__flipped,dico_phrasis_0000554,eu,eu,Gizon afrikar bat,Gizon bat,dico_phrasis_0000554__eu-eu__original,FORWARD_ENTAILMENT
dico_phrasis_0000554__eu-eu__original,dico_phrasis_0000554,eu,eu,Gizon bat,Gizon afrikar bat,dico_phrasis_0000554__eu-eu__flipped,BACKWARD_ENTAILMENT
dico_phrasis_0000555__eu-eu__flipped,dico_phrasis_0000555,eu,eu,Zaldi talde bat,Bi zaldi,dico_phrasis_0000555__eu-eu__original,FORWARD_ENTAILMENT
dico_phrasis_0000555__eu-eu__original,dico_phrasis_0000555,eu,eu,Bi zaldi,Zaldi talde bat,dico_phrasis_0000555__eu-eu__flipped,BACKWARD_ENTAILMENT
dico_phrasis_0000557__eu-eu__flipped,dico_phrasis_0000557,eu,eu,kokatuta dago,da,dico_phrasis_0000557__eu-eu__original,FORWARD_ENTAILMENT
dico_phrasis_0000557__eu-eu__original,dico_phrasis_0000557,eu,eu,da,kokatuta dago,dico_phrasis_0000557__eu-eu__flipped,BACKWARD_ENTAILMENT
dico_phrasis_0000558__eu-eu__flipped,dico_phrasis_0000558,eu,eu,Egurrezko mahai bat,Mahai bat,dico_phrasis_0000558__eu-eu__original,FORWARD_ENTAILMENT
dico_phrasis_0000558__eu-eu__original,dico_phrasis_0000558,eu,eu,Mahai bat,Egurrezko mahai bat,dico_phrasis_0000558__eu-eu__flipped,BACKWARD_ENTAILMENT
dico_phrasis_0000564__eu-eu__flipped,dico_phrasis_0000564,eu,eu,BMW motozikleta bat,Motozikleta bat,dico_phrasis_0000564__eu-eu__original,FORWARD_ENTAILMENT
dico_phrasis_0000564__eu-eu__original,dico_phrasis_0000564,eu,eu,Motozikleta bat,BMW motozikleta bat,dico_phrasis_0000564__eu-eu__flipped,BACKWARD_ENTAILMENT
dico_phrasis_0000565__eu-eu__flipped,dico_phrasis_0000565,eu,eu,Bi emakume irribarretsu,Bi emakume,dico_phrasis_0000565__eu-eu__original,FORWARD_ENTAILMENT
dico_phrasis_0000565__eu-eu__original,dico_phrasis_0000565,eu,eu,Bi emakume,Bi emakume irribarretsu,dico_phrasis_0000565__eu-eu__flipped,BACKWARD_ENTAILMENT
dico_phrasis_0000566__eu-eu__flipped,dico_phrasis_0000566,eu,eu,ostruka baten aurpegiaren,ostruka baten,dico_phrasis_0000566__eu-eu__original,FORWARD_ENTAILMENT
dico_phrasis_0000566__eu-eu__original,dico_phrasis_0000566,eu,eu,ostruka baten,ostruka baten aurpegiaren,dico_phrasis_0000566__eu-eu__flipped,BACKWARD_ENTAILMENT
dico_phrasis_0000567__eu-eu__flipped,dico_phrasis_0000567,eu,eu,ur urdinaren gainean,ur gainean,dico_phrasis_0000567__eu-eu__original,FORWARD_ENTAILMENT
dico_phrasis_0000567__eu-eu__original,dico_phrasis_0000567,eu,eu,ur gainean,ur urdinaren gainean,dico_phrasis_0000567__eu-eu__flipped,BACKWARD_ENTAILMENT
dico_phrasis_0000569__eu-eu__flipped,dico_phrasis_0000569,eu,eu,Bi txori txiki,Bi txori,dico_phrasis_0000569__eu-eu__original,FORWARD_ENTAILMENT
dico_phrasis_0000569__eu-eu__original,dico_phrasis_0000569,eu,eu,Bi txori,Bi txori txiki,dico_phrasis_0000569__eu-eu__flipped,BACKWARD_ENTAILMENT
dico_phrasis_0000570__eu-eu__flipped,dico_phrasis_0000570,eu,eu,pistetan,pistak,dico_phrasis_0000570__eu-eu__original,FORWARD_ENTAILMENT
dico_phrasis_0000570__eu-eu__original,dico_phrasis_0000570,eu,eu,pistak,pistetan,dico_phrasis_0000570__eu-eu__flipped,BACKWARD_ENTAILMENT
dico_phrasis_0000571__eu-eu__flipped,dico_phrasis_0000571,eu,eu,Autobus gorriak,Bi autobus gorri,dico_phrasis_0000571__eu-eu__original,FORWARD_ENTAILMENT
dico_phrasis_0000571__eu-eu__original,dico_phrasis_0000571,eu,eu,Bi autobus gorri,Autobus gorriak,dico_phrasis_0000571__eu-eu__flipped,BACKWARD_ENTAILMENT
dico_phrasis_0000572__eu-eu__flipped,dico_phrasis_0000572,eu,eu,Txakur zuri-beltz bat,Txakur bat,dico_phrasis_0000572__eu-eu__original,FORWARD_ENTAILMENT
dico_phrasis_0000572__eu-eu__original,dico_phrasis_0000572,eu,eu,Txakur bat,Txakur zuri-beltz bat,dico_phrasis_0000572__eu-eu__flipped,BACKWARD_ENTAILMENT
dico_phrasis_0000573__eu-eu__flipped,dico_phrasis_0000573,eu,eu,auto batetik,bidaiari-ibilgailu batetik,dico_phrasis_0000573__eu-eu__original,FORWARD_ENTAILMENT
dico_phrasis_0000573__eu-eu__original,dico_phrasis_0000573,eu,eu,bidaiari-ibilgailu batetik,auto batetik,dico_phrasis_0000573__eu-eu__flipped,BACKWARD_ENTAILMENT
dico_phrasis_0000574__eu-eu__flipped,dico_phrasis_0000574,eu,eu,Bi behi zuri-beltz,Behi zuri-beltz bat,dico_phrasis_0000574__eu-eu__original,FORWARD_ENTAILMENT
dico_phrasis_0000574__eu-eu__original,dico_phrasis_0000574,eu,eu,Behi zuri-beltz bat,Bi behi zuri-beltz,dico_phrasis_0000574__eu-eu__flipped,BACKWARD_ENTAILMENT
dico_phrasis_0000575__eu-eu__flipped,dico_phrasis_0000575,eu,eu,Etxeko bulego bat,Gela bat,dico_phrasis_0000575__eu-eu__original,FORWARD_ENTAILMENT
dico_phrasis_0000575__eu-eu__original,dico_phrasis_0000575,eu,eu,Gela bat,Etxeko bulego bat,dico_phrasis_0000575__eu-eu__flipped,BACKWARD_ENTAILMENT
dico_phrasis_0000576__eu-eu__flipped,dico_phrasis_0000576,eu,eu,lurrezko bideetarako bizikleta batzuk,bizikleta bat,dico_phrasis_0000576__eu-eu__original,FORWARD_ENTAILMENT
dico_phrasis_0000576__eu-eu__original,dico_phrasis_0000576,eu,eu,bizikleta bat,lurrezko bideetarako bizikleta batzuk,dico_phrasis_0000576__eu-eu__flipped,BACKWARD_ENTAILMENT
dico_phrasis_0000577__eu-eu__flipped,dico_phrasis_0000577,eu,eu,leiho baten,leihoa,dico_phrasis_0000577__eu-eu__original,FORWARD_ENTAILMENT
dico_phrasis_0000577__eu-eu__original,dico_phrasis_0000577,eu,eu,leihoa,leiho baten,dico_phrasis_0000577__eu-eu__flipped,BACKWARD_ENTAILMENT
dico_phrasis_0000578__eu-eu__flipped,dico_phrasis_0000578,eu,eu,mokadutxoekin,janaria duena,dico_phrasis_0000578__eu-eu__original,FORWARD_ENTAILMENT
dico_phrasis_0000578__eu-eu__original,dico_phrasis_0000578,eu,eu,janaria duena,mokadutxoekin,dico_phrasis_0000578__eu-eu__flipped,BACKWARD_ENTAILMENT
dico_phrasis_0000579__eu-eu__flipped,dico_phrasis_0000579,eu,eu,zaldi zuri batekin,zaldi zuri bat,dico_phrasis_0000579__eu-eu__original,FORWARD_ENTAILMENT
dico_phrasis_0000579__eu-eu__original,dico_phrasis_0000579,eu,eu,zaldi zuri bat,zaldi zuri batekin,dico_phrasis_0000579__eu-eu__flipped,BACKWARD_ENTAILMENT
dico_phrasis_0000581__eu-eu__flipped,dico_phrasis_0000581,eu,eu,Lau emakume eta bi gizon,Gizon bat eta emakume bat,dico_phrasis_0000581__eu-eu__original,FORWARD_ENTAILMENT
dico_phrasis_0000581__eu-eu__original,dico_phrasis_0000581,eu,eu,Gizon bat eta emakume bat,Lau emakume eta bi gizon,dico_phrasis_0000581__eu-eu__flipped,BACKWARD_ENTAILMENT
dico_phrasis_0000582__eu-eu__flipped,dico_phrasis_0000582,eu,eu,Ile iluneko hiru emakume gazte,Hiru emakume gazte,dico_phrasis_0000582__eu-eu__original,FORWARD_ENTAILMENT
dico_phrasis_0000582__eu-eu__original,dico_phrasis_0000582,eu,eu,Hiru emakume gazte,Ile iluneko hiru emakume gazte,dico_phrasis_0000582__eu-eu__flipped,BACKWARD_ENTAILMENT
dico_phrasis_0000583__eu-eu__flipped,dico_phrasis_0000583,eu,eu,Adardun behi zuri-beltz bat,Behi zuri-beltz bat,dico_phrasis_0000583__eu-eu__original,FORWARD_ENTAILMENT
dico_phrasis_0000583__eu-eu__original,dico_phrasis_0000583,eu,eu,Behi zuri-beltz bat,Adardun behi zuri-beltz bat,dico_phrasis_0000583__eu-eu__flipped,BACKWARD_ENTAILMENT
dico_phrasis_0000584__eu-eu__flipped,dico_phrasis_0000584,eu,eu,"bakeroak, bikini-gain ilun bat eta eskumuturreko bat jantzita","eskumuturreko bat, bikini-gain bat eta bakeroak jantzita",dico_phrasis_0000584__eu-eu__original,FORWARD_ENTAILMENT
dico_phrasis_0000584__eu-eu__original,dico_phrasis_0000584,eu,eu,"eskumuturreko bat, bikini-gain bat eta bakeroak jantzita","bakeroak, bikini-gain ilun bat eta eskumuturreko bat jantzita",dico_phrasis_0000584__eu-eu__flipped,BACKWARD_ENTAILMENT
dico_phrasis_0000585__eu-eu__flipped,dico_phrasis_0000585,eu,eu,telebista txiki batetik oso gertu,telebista txiki bat,dico_phrasis_0000585__eu-eu__original,FORWARD_ENTAILMENT
dico_phrasis_0000585__eu-eu__original,dico_phrasis_0000585,eu,eu,telebista txiki bat,telebista txiki batetik oso gertu,dico_phrasis_0000585__eu-eu__flipped,BACKWARD_ENTAILMENT
dico_phrasis_0000586__eu-eu__flipped,dico_phrasis_0000586,eu,eu,Txirrindulari guztiak,Hiru txirrindulari,dico_phrasis_0000586__eu-eu__original,FORWARD_ENTAILMENT
dico_phrasis_0000586__eu-eu__original,dico_phrasis_0000586,eu,eu,Hiru txirrindulari,Txirrindulari guztiak,dico_phrasis_0000586__eu-eu__flipped,BACKWARD_ENTAILMENT
dico_phrasis_0000587__eu-eu__flipped,dico_phrasis_0000587,eu,eu,zaldi marroi baten gainean,zaldi marroi bat,dico_phrasis_0000587__eu-eu__original,FORWARD_ENTAILMENT
dico_phrasis_0000587__eu-eu__original,dico_phrasis_0000587,eu,eu,zaldi marroi bat,zaldi marroi baten gainean,dico_phrasis_0000587__eu-eu__flipped,BACKWARD_ENTAILMENT
dico_phrasis_0000588__eu-eu__flipped,dico_phrasis_0000588,eu,eu,peluxezko animalia askorekin,peluxezko animaliekin,dico_phrasis_0000588__eu-eu__original,FORWARD_ENTAILMENT
dico_phrasis_0000588__eu-eu__original,dico_phrasis_0000588,eu,eu,peluxezko animaliekin,peluxezko animalia askorekin,dico_phrasis_0000588__eu-eu__flipped,BACKWARD_ENTAILMENT
dico_phrasis_0000589__eu-eu__flipped,dico_phrasis_0000589,eu,eu,Gizon bat,Norbait,dico_phrasis_0000589__eu-eu__original,FORWARD_ENTAILMENT
dico_phrasis_0000589__eu-eu__original,dico_phrasis_0000589,eu,eu,Norbait,Gizon bat,dico_phrasis_0000589__eu-eu__flipped,BACKWARD_ENTAILMENT
dico_phrasis_0000591__eu-eu__flipped,dico_phrasis_0000591,eu,eu,"Katu gris, beltz eta zuri bat",Katu gris bat,dico_phrasis_0000591__eu-eu__original,FORWARD_ENTAILMENT
dico_phrasis_0000591__eu-eu__original,dico_phrasis_0000591,eu,eu,Katu gris bat,"Katu gris, beltz eta zuri bat",dico_phrasis_0000591__eu-eu__flipped,BACKWARD_ENTAILMENT
dico_phrasis_0000592__eu-eu__flipped,dico_phrasis_0000592,eu,eu,egurrezko makila bat,makila bat,dico_phrasis_0000592__eu-eu__original,FORWARD_ENTAILMENT
dico_phrasis_0000592__eu-eu__original,dico_phrasis_0000592,eu,eu,makila bat,egurrezko makila bat,dico_phrasis_0000592__eu-eu__flipped,BACKWARD_ENTAILMENT
dico_phrasis_0000593__eu-eu__flipped,dico_phrasis_0000593,eu,eu,jantzita dagoen bitartean,jantzita,dico_phrasis_0000593__eu-eu__original,FORWARD_ENTAILMENT
dico_phrasis_0000593__eu-eu__original,dico_phrasis_0000593,eu,eu,jantzita,jantzita dagoen bitartean,dico_phrasis_0000593__eu-eu__flipped,BACKWARD_ENTAILMENT
dico_phrasis_0000594__eu-eu__flipped,dico_phrasis_0000594,eu,eu,bulldog bat,pug arrazako txakur bat,dico_phrasis_0000594__eu-eu__original,FORWARD_ENTAILMENT
dico_phrasis_0000594__eu-eu__original,dico_phrasis_0000594,eu,eu,pug arrazako txakur bat,bulldog bat,dico_phrasis_0000594__eu-eu__flipped,BACKWARD_ENTAILMENT
dico_phrasis_0000595__eu-eu__flipped,dico_phrasis_0000595,eu,eu,larruzko aulki beltz batean,larruzko aulki batean,dico_phrasis_0000595__eu-eu__original,FORWARD_ENTAILMENT
dico_phrasis_0000595__eu-eu__original,dico_phrasis_0000595,eu,eu,larruzko aulki batean,larruzko aulki beltz batean,dico_phrasis_0000595__eu-eu__flipped,BACKWARD_ENTAILMENT
dico_phrasis_0000596__eu-eu__flipped,dico_phrasis_0000596,eu,eu,Behi zuri-beltz adardun bat,Behi zuri-beltz bat,dico_phrasis_0000596__eu-eu__original,FORWARD_ENTAILMENT
dico_phrasis_0000596__eu-eu__original,dico_phrasis_0000596,eu,eu,Behi zuri-beltz bat,Behi zuri-beltz adardun bat,dico_phrasis_0000596__eu-eu__flipped,BACKWARD_ENTAILMENT
dico_phrasis_0000597__eu-eu__flipped,dico_phrasis_0000597,eu,eu,belarrez estalitako baso-eremu batean,belarrez estalitako eremu batean,dico_phrasis_0000597__eu-eu__original,FORWARD_ENTAILMENT
dico_phrasis_0000597__eu-eu__original,dico_phrasis_0000597,eu,eu,belarrez estalitako eremu batean,belarrez estalitako baso-eremu batean,dico_phrasis_0000597__eu-eu__flipped,BACKWARD_ENTAILMENT
dico_phrasis_0000598__eu-eu__flipped,dico_phrasis_0000598,eu,eu,Gizon gazte ilegorri bat,Gizon gazte bat,dico_phrasis_0000598__eu-eu__original,FORWARD_ENTAILMENT
dico_phrasis_0000598__eu-eu__original,dico_phrasis_0000598,eu,eu,Gizon gazte bat,Gizon gazte ilegorri bat,dico_phrasis_0000598__eu-eu__flipped,BACKWARD_ENTAILMENT
dico_phrasis_0000600__eu-eu__flipped,dico_phrasis_0000600,eu,eu,hiri bateko kale batean,kalea,dico_phrasis_0000600__eu-eu__original,FORWARD_ENTAILMENT
dico_phrasis_0000600__eu-eu__original,dico_phrasis_0000600,eu,eu,kalea,hiri bateko kale batean,dico_phrasis_0000600__eu-eu__flipped,BACKWARD_ENTAILMENT
dico_phrasis_0000601__eu-eu__flipped,dico_phrasis_0000601,eu,eu,bizkarraren,bizkarra,dico_phrasis_0000601__eu-eu__original,FORWARD_ENTAILMENT
dico_phrasis_0000601__eu-eu__original,dico_phrasis_0000601,eu,eu,bizkarra,bizkarraren,dico_phrasis_0000601__eu-eu__flipped,BACKWARD_ENTAILMENT
dico_phrasis_0000603__eu-eu__flipped,dico_phrasis_0000603,eu,eu,bainugelako konketa batean,konketa batean,dico_phrasis_0000603__eu-eu__original,FORWARD_ENTAILMENT
dico_phrasis_0000603__eu-eu__original,dico_phrasis_0000603,eu,eu,konketa batean,bainugelako konketa batean,dico_phrasis_0000603__eu-eu__flipped,BACKWARD_ENTAILMENT
dico_phrasis_0000605__eu-eu__flipped,dico_phrasis_0000605,eu,eu,barrualdeko geltoki baten barruan,geltoki batean,dico_phrasis_0000605__eu-eu__original,FORWARD_ENTAILMENT
dico_phrasis_0000605__eu-eu__original,dico_phrasis_0000605,eu,eu,geltoki batean,barrualdeko geltoki baten barruan,dico_phrasis_0000605__eu-eu__flipped,BACKWARD_ENTAILMENT
dico_phrasis_0000606__eu-eu__flipped,dico_phrasis_0000606,eu,eu,hiriko kale batean,kale bat,dico_phrasis_0000606__eu-eu__original,FORWARD_ENTAILMENT
dico_phrasis_0000606__eu-eu__original,dico_phrasis_0000606,eu,eu,kale bat,hiriko kale batean,dico_phrasis_0000606__eu-eu__flipped,BACKWARD_ENTAILMENT
dico_phrasis_0000607__eu-eu__flipped,dico_phrasis_0000607,eu,eu,bi solairuko autobus gorri baten,Bi solairuko autobus gorri bat,dico_phrasis_0000607__eu-eu__original,FORWARD_ENTAILMENT
dico_phrasis_0000607__eu-eu__original,dico_phrasis_0000607,eu,eu,Bi solairuko autobus gorri bat,bi solairuko autobus gorri baten,dico_phrasis_0000607__eu-eu__flipped,BACKWARD_ENTAILMENT
dico_phrasis_0000608__eu-eu__flipped,dico_phrasis_0000608,eu,eu,besoetan hartua eta laztandua izatea,laztandua izatea,dico_phrasis_0000608__eu-eu__original,FORWARD_ENTAILMENT
dico_phrasis_0000608__eu-eu__original,dico_phrasis_0000608,eu,eu,laztandua izatea,besoetan hartua eta laztandua izatea,dico_phrasis_0000608__eu-eu__flipped,BACKWARD_ENTAILMENT
dico_phrasis_0000609__eu-eu__flipped,dico_phrasis_0000609,eu,eu,Bi solairuko autobus gorri bat,Bi solairuko autobus bat,dico_phrasis_0000609__eu-eu__original,FORWARD_ENTAILMENT
dico_phrasis_0000609__eu-eu__original,dico_phrasis_0000609,eu,eu,Bi solairuko autobus bat,Bi solairuko autobus gorri bat,dico_phrasis_0000609__eu-eu__flipped,BACKWARD_ENTAILMENT
dico_phrasis_0000610__eu-eu__flipped,dico_phrasis_0000610,eu,eu,beherantz gidatzen du,gidatzen du,dico_phrasis_0000610__eu-eu__original,FORWARD_ENTAILMENT
dico_phrasis_0000610__eu-eu__original,dico_phrasis_0000610,eu,eu,gidatzen du,beherantz gidatzen du,dico_phrasis_0000610__eu-eu__flipped,BACKWARD_ENTAILMENT
dico_phrasis_0000611__eu-eu__flipped,dico_phrasis_0000611,eu,eu,txano batekin eta jaka batekin,kapela batekin,dico_phrasis_0000611__eu-eu__original,FORWARD_ENTAILMENT
dico_phrasis_0000611__eu-eu__original,dico_phrasis_0000611,eu,eu,kapela batekin,txano batekin eta jaka batekin,dico_phrasis_0000611__eu-eu__flipped,BACKWARD_ENTAILMENT
dico_phrasis_0000612__eu-eu__flipped,dico_phrasis_0000612,eu,eu,egongela baten,egongela bat,dico_phrasis_0000612__eu-eu__original,FORWARD_ENTAILMENT
dico_phrasis_0000612__eu-eu__original,dico_phrasis_0000612,eu,eu,egongela bat,egongela baten,dico_phrasis_0000612__eu-eu__flipped,BACKWARD_ENTAILMENT
dico_phrasis_0000613__eu-eu__flipped,dico_phrasis_0000613,eu,eu,Londresko bi solairuko autobus gorri zahar bat,Bi solairuko autobus gorria,dico_phrasis_0000613__eu-eu__original,FORWARD_ENTAILMENT
dico_phrasis_0000613__eu-eu__original,dico_phrasis_0000613,eu,eu,Bi solairuko autobus gorria,Londresko bi solairuko autobus gorri zahar bat,dico_phrasis_0000613__eu-eu__flipped,BACKWARD_ENTAILMENT
dico_phrasis_0000615__eu-eu__flipped,dico_phrasis_0000615,eu,eu,zurezko zoru baten gainean,zoruan,dico_phrasis_0000615__eu-eu__original,FORWARD_ENTAILMENT
dico_phrasis_0000615__eu-eu__original,dico_phrasis_0000615,eu,eu,zoruan,zurezko zoru baten gainean,dico_phrasis_0000615__eu-eu__flipped,BACKWARD_ENTAILMENT
dico_phrasis_0000617__eu-eu__flipped,dico_phrasis_0000617,eu,eu,Katu gris eta zuria,Katu zuria,dico_phrasis_0000617__eu-eu__original,FORWARD_ENTAILMENT
dico_phrasis_0000617__eu-eu__original,dico_phrasis_0000617,eu,eu,Katu zuria,Katu gris eta zuria,dico_phrasis_0000617__eu-eu__flipped,BACKWARD_ENTAILMENT
dico_phrasis_0000624__eu-eu__flipped,dico_phrasis_0000624,eu,eu,kamioi artikulatu zuri batena,kamioi artikulatu batena,dico_phrasis_0000624__eu-eu__original,FORWARD_ENTAILMENT
dico_phrasis_0000624__eu-eu__original,dico_phrasis_0000624,eu,eu,kamioi artikulatu batena,kamioi artikulatu zuri batena,dico_phrasis_0000624__eu-eu__flipped,BACKWARD_ENTAILMENT
dico_phrasis_0000625__eu-eu__flipped,dico_phrasis_0000625,eu,eu,lira beltzez eta zuriz,beltzez,dico_phrasis_0000625__eu-eu__original,FORWARD_ENTAILMENT
dico_phrasis_0000625__eu-eu__original,dico_phrasis_0000625,eu,eu,beltzez,lira beltzez eta zuriz,dico_phrasis_0000625__eu-eu__flipped,BACKWARD_ENTAILMENT
dico_phrasis_0000626__eu-eu__flipped,dico_phrasis_0000626,eu,eu,zaldi beltz eta zuri baten,zaldi beltz baten,dico_phrasis_0000626__eu-eu__original,FORWARD_ENTAILMENT
dico_phrasis_0000626__eu-eu__original,dico_phrasis_0000626,eu,eu,zaldi beltz baten,zaldi beltz eta zuri baten,dico_phrasis_0000626__eu-eu__flipped,BACKWARD_ENTAILMENT
dico_phrasis_0000628__eu-eu__flipped,dico_phrasis_0000628,eu,eu,Hegazkin zuri txiki bat,Hegazkin txiki bat,dico_phrasis_0000628__eu-eu__original,FORWARD_ENTAILMENT
dico_phrasis_0000628__eu-eu__original,dico_phrasis_0000628,eu,eu,Hegazkin txiki bat,Hegazkin zuri txiki bat,dico_phrasis_0000628__eu-eu__flipped,BACKWARD_ENTAILMENT
dico_phrasis_0000629__eu-eu__flipped,dico_phrasis_0000629,eu,eu,kaskodun gizon baten ondoan,gizon bat dagoen bitartean,dico_phrasis_0000629__eu-eu__original,FORWARD_ENTAILMENT
dico_phrasis_0000629__eu-eu__original,dico_phrasis_0000629,eu,eu,gizon bat dagoen bitartean,kaskodun gizon baten ondoan,dico_phrasis_0000629__eu-eu__flipped,BACKWARD_ENTAILMENT
dico_phrasis_0000630__eu-eu__flipped,dico_phrasis_0000630,eu,eu,"errepide baten ertzean, atzealdean aintzira bat eta mendi bat daudela",errepide baten eta aintzira baten ondoan,dico_phrasis_0000630__eu-eu__original,FORWARD_ENTAILMENT
dico_phrasis_0000630__eu-eu__original,dico_phrasis_0000630,eu,eu,errepide baten eta aintzira baten ondoan,"errepide baten ertzean, atzealdean aintzira bat eta mendi bat daudela",dico_phrasis_0000630__eu-eu__flipped,BACKWARD_ENTAILMENT
dico_phrasis_0000631__eu-eu__flipped,dico_phrasis_0000631,eu,eu,zaldi marroi baten,zaldi baten,dico_phrasis_0000631__eu-eu__original,FORWARD_ENTAILMENT
dico_phrasis_0000631__eu-eu__original,dico_phrasis_0000631,eu,eu,zaldi baten,zaldi marroi baten,dico_phrasis_0000631__eu-eu__flipped,BACKWARD_ENTAILMENT
dico_phrasis_0000633__eu-eu__flipped,dico_phrasis_0000633,eu,eu,Bi arrano,Bi animalia,dico_phrasis_0000633__eu-eu__original,FORWARD_ENTAILMENT
dico_phrasis_0000633__eu-eu__original,dico_phrasis_0000633,eu,eu,Bi animalia,Bi arrano,dico_phrasis_0000633__eu-eu__flipped,BACKWARD_ENTAILMENT
dico_phrasis_0000634__eu-eu__flipped,dico_phrasis_0000634,eu,eu,Katu gris eta zuria,Katua,dico_phrasis_0000634__eu-eu__original,FORWARD_ENTAILMENT
dico_phrasis_0000634__eu-eu__original,dico_phrasis_0000634,eu,eu,Katua,Katu gris eta zuria,dico_phrasis_0000634__eu-eu__flipped,BACKWARD_ENTAILMENT
dico_phrasis_0000635__eu-eu__flipped,dico_phrasis_0000635,eu,eu,eserita dagoen bitartean,eserita,dico_phrasis_0000635__eu-eu__original,FORWARD_ENTAILMENT
dico_phrasis_0000635__eu-eu__original,dico_phrasis_0000635,eu,eu,eserita,eserita dagoen bitartean,dico_phrasis_0000635__eu-eu__flipped,BACKWARD_ENTAILMENT
dico_phrasis_0000636__eu-eu__flipped,dico_phrasis_0000636,eu,eu,eserita dagoen bitartean,eserita,dico_phrasis_0000636__eu-eu__original,FORWARD_ENTAILMENT
dico_phrasis_0000636__eu-eu__original,dico_phrasis_0000636,eu,eu,eserita,eserita dagoen bitartean,dico_phrasis_0000636__eu-eu__flipped,BACKWARD_ENTAILMENT
dico_phrasis_0000637__eu-eu__flipped,dico_phrasis_0000637,eu,eu,Filipinei,Filipinentzat,dico_phrasis_0000637__eu-eu__original,EQUIVALENCE
dico_phrasis_0000637__eu-eu__original,dico_phrasis_0000637,eu,eu,Filipinentzat,Filipinei,dico_phrasis_0000637__eu-eu__flipped,EQUIVALENCE
dico_phrasis_0000638__eu-eu__flipped,dico_phrasis_0000638,eu,eu,indargabetu,indargabetzen du,dico_phrasis_0000638__eu-eu__original,EQUIVALENCE
dico_phrasis_0000638__eu-eu__original,dico_phrasis_0000638,eu,eu,indargabetzen du,indargabetu,dico_phrasis_0000638__eu-eu__flipped,EQUIVALENCE
dico_phrasis_0000639__eu-eu__flipped,dico_phrasis_0000639,eu,eu,Israelgo lehen ministro ohi Sharon,Israelgo lehen ministro ohi Ariel Sharon,dico_phrasis_0000639__eu-eu__original,EQUIVALENCE
dico_phrasis_0000639__eu-eu__original,dico_phrasis_0000639,eu,eu,Israelgo lehen ministro ohi Ariel Sharon,Israelgo lehen ministro ohi Sharon,dico_phrasis_0000639__eu-eu__flipped,EQUIVALENCE
dico_phrasis_0000640__eu-eu__flipped,dico_phrasis_0000640,eu,eu,Ronaldo-k sartutako hiru gol,Ronaldo-ren hiruko gola,dico_phrasis_0000640__eu-eu__original,EQUIVALENCE
dico_phrasis_0000640__eu-eu__original,dico_phrasis_0000640,eu,eu,Ronaldo-ren hiruko gola,Ronaldo-k sartutako hiru gol,dico_phrasis_0000640__eu-eu__flipped,EQUIVALENCE
dico_phrasis_0000642__eu-eu__flipped,dico_phrasis_0000642,eu,eu,Ukrainako manifestariak,manifestari ukrainarrak,dico_phrasis_0000642__eu-eu__original,EQUIVALENCE
dico_phrasis_0000642__eu-eu__original,dico_phrasis_0000642,eu,eu,manifestari ukrainarrak,Ukrainako manifestariak,dico_phrasis_0000642__eu-eu__flipped,EQUIVALENCE
dico_phrasis_0000643__eu-eu__flipped,dico_phrasis_0000643,eu,eu,Shehla Raza,Shehla Raza bera,dico_phrasis_0000643__eu-eu__original,EQUIVALENCE
dico_phrasis_0000643__eu-eu__original,dico_phrasis_0000643,eu,eu,Shehla Raza bera,Shehla Raza,dico_phrasis_0000643__eu-eu__flipped,EQUIVALENCE
dico_phrasis_0000645__eu-eu__flipped,dico_phrasis_0000645,eu,eu,euroaren eremu osoko langabezia,Euroguneko langabezia,dico_phrasis_0000645__eu-eu__original,EQUIVALENCE
dico_phrasis_0000645__eu-eu__original,dico_phrasis_0000645,eu,eu,Euroguneko langabezia,euroaren eremu osoko langabezia,dico_phrasis_0000645__eu-eu__flipped,EQUIVALENCE
dico_phrasis_0000646__eu-eu__flipped,dico_phrasis_0000646,eu,eu,H. Koreako presidentea,Hego Koreako presidentea,dico_phrasis_0000646__eu-eu__original,EQUIVALENCE
dico_phrasis_0000646__eu-eu__original,dico_phrasis_0000646,eu,eu,Hego Koreako presidentea,H. Koreako presidentea,dico_phrasis_0000646__eu-eu__flipped,EQUIVALENCE
dico_phrasis_0000648__eu-eu__flipped,dico_phrasis_0000648,eu,eu,"John Kerry, AEBetako Estatu idazkaria","Kerry, AEBetako diplomazialari nagusia",dico_phrasis_0000648__eu-eu__original,EQUIVALENCE
dico_phrasis_0000648__eu-eu__original,dico_phrasis_0000648,eu,eu,"Kerry, AEBetako diplomazialari nagusia","John Kerry, AEBetako Estatu idazkaria",dico_phrasis_0000648__eu-eu__flipped,EQUIVALENCE
dico_phrasis_0000649__eu-eu__flipped,dico_phrasis_0000649,eu,eu,eusten du,eutsi,dico_phrasis_0000649__eu-eu__original,EQUIVALENCE
dico_phrasis_0000649__eu-eu__original,dico_phrasis_0000649,eu,eu,eutsi,eusten du,dico_phrasis_0000649__eu-eu__flipped,EQUIVALENCE
dico_phrasis_0000650__eu-eu__flipped,dico_phrasis_0000650,eu,eu,116 urte zituela,116 urterekin,dico_phrasis_0000650__eu-eu__original,EQUIVALENCE
dico_phrasis_0000650__eu-eu__original,dico_phrasis_0000650,eu,eu,116 urterekin,116 urte zituela,dico_phrasis_0000650__eu-eu__flipped,EQUIVALENCE
dico_phrasis_0000651__eu-eu__flipped,dico_phrasis_0000651,eu,eu,Iranen akordio nuklearra,Irango akordio nuklearra,dico_phrasis_0000651__eu-eu__original,EQUIVALENCE
dico_phrasis_0000651__eu-eu__original,dico_phrasis_0000651,eu,eu,Irango akordio nuklearra,Iranen akordio nuklearra,dico_phrasis_0000651__eu-eu__flipped,EQUIVALENCE
dico_phrasis_0000652__eu-eu__flipped,dico_phrasis_0000652,eu,eu,erantzuten ari da,erreakzionatzen,dico_phrasis_0000652__eu-eu__original,EQUIVALENCE
dico_phrasis_0000652__eu-eu__original,dico_phrasis_0000652,eu,eu,erreakzionatzen,erantzuten ari da,dico_phrasis_0000652__eu-eu__flipped,EQUIVALENCE
dico_phrasis_0000655__eu-eu__flipped,dico_phrasis_0000655,eu,eu,erasoaren inguruan,erasoari buruz,dico_phrasis_0000655__eu-eu__original,EQUIVALENCE
dico_phrasis_0000655__eu-eu__original,dico_phrasis_0000655,eu,eu,erasoari buruz,erasoaren inguruan,dico_phrasis_0000655__eu-eu__flipped,EQUIVALENCE
dico_phrasis_0000656__eu-eu__flipped,dico_phrasis_0000656,eu,eu,desagertutako aireontzitik datorrena,desagertutako hegazkinetik,dico_phrasis_0000656__eu-eu__original,EQUIVALENCE
dico_phrasis_0000656__eu-eu__original,dico_phrasis_0000656,eu,eu,desagertutako hegazkinetik,desagertutako aireontzitik datorrena,dico_phrasis_0000656__eu-eu__flipped,EQUIVALENCE
dico_phrasis_0000658__eu-eu__flipped,dico_phrasis_0000658,eu,eu,laguntza emateko,laguntzeko,dico_phrasis_0000658__eu-eu__original,EQUIVALENCE
dico_phrasis_0000658__eu-eu__original,dico_phrasis_0000658,eu,eu,laguntzeko,laguntza emateko,dico_phrasis_0000658__eu-eu__flipped,EQUIVALENCE
dico_phrasis_0000660__eu-eu__flipped,dico_phrasis_0000660,eu,eu,Pakistango agintari militar ohi Pervez Musharraf,Pakistango presidente ohi Pervez Musharraf,dico_phrasis_0000660__eu-eu__original,EQUIVALENCE
dico_phrasis_0000660__eu-eu__original,dico_phrasis_0000660,eu,eu,Pakistango presidente ohi Pervez Musharraf,Pakistango agintari militar ohi Pervez Musharraf,dico_phrasis_0000660__eu-eu__flipped,EQUIVALENCE
dico_phrasis_0000663__eu-eu__flipped,dico_phrasis_0000663,eu,eu,oroitu,gogoratu,dico_phrasis_0000663__eu-eu__original,EQUIVALENCE
dico_phrasis_0000663__eu-eu__original,dico_phrasis_0000663,eu,eu,gogoratu,oroitu,dico_phrasis_0000663__eu-eu__flipped,EQUIVALENCE
dico_phrasis_0000664__eu-eu__flipped,dico_phrasis_0000664,eu,eu,eztabaidatutako uharteen parean,auzitan dauden uharteen parean,dico_phrasis_0000664__eu-eu__original,EQUIVALENCE
dico_phrasis_0000664__eu-eu__original,dico_phrasis_0000664,eu,eu,auzitan dauden uharteen parean,eztabaidatutako uharteen parean,dico_phrasis_0000664__eu-eu__flipped,EQUIVALENCE
dico_phrasis_0000665__eu-eu__flipped,dico_phrasis_0000665,eu,eu,onura aterako du,onura ateratzen,dico_phrasis_0000665__eu-eu__original,EQUIVALENCE
dico_phrasis_0000665__eu-eu__original,dico_phrasis_0000665,eu,eu,onura ateratzen,onura aterako du,dico_phrasis_0000665__eu-eu__flipped,EQUIVALENCE
dico_phrasis_0000668__eu-eu__flipped,dico_phrasis_0000668,eu,eu,azaroan,azaroan zehar,dico_phrasis_0000668__eu-eu__original,EQUIVALENCE
dico_phrasis_0000668__eu-eu__original,dico_phrasis_0000668,eu,eu,azaroan zehar,azaroan,dico_phrasis_0000668__eu-eu__flipped,EQUIVALENCE
dico_phrasis_0000670__eu-eu__flipped,dico_phrasis_0000670,eu,eu,Aaron Hernandez futbol amerikarreko jokalaria,Aaron Hernandez futbol amerikarreko jokalari profesionala,dico_phrasis_0000670__eu-eu__original,EQUIVALENCE
dico_phrasis_0000670__eu-eu__original,dico_phrasis_0000670,eu,eu,Aaron Hernandez futbol amerikarreko jokalari profesionala,Aaron Hernandez futbol amerikarreko jokalaria,dico_phrasis_0000670__eu-eu__flipped,EQUIVALENCE
dico_phrasis_0000672__eu-eu__flipped,dico_phrasis_0000672,eu,eu,jasotzeko,jaso ondoren,dico_phrasis_0000672__eu-eu__original,EQUIVALENCE
dico_phrasis_0000672__eu-eu__original,dico_phrasis_0000672,eu,eu,jaso ondoren,jasotzeko,dico_phrasis_0000672__eu-eu__flipped,EQUIVALENCE
dico_phrasis_0000673__eu-eu__flipped,dico_phrasis_0000673,eu,eu,Gurutze Gorriko kideak,Gurutze Gorriko langileak,dico_phrasis_0000673__eu-eu__original,EQUIVALENCE
dico_phrasis_0000673__eu-eu__original,dico_phrasis_0000673,eu,eu,Gurutze Gorriko langileak,Gurutze Gorriko kideak,dico_phrasis_0000673__eu-eu__flipped,EQUIVALENCE
dico_phrasis_0000674__eu-eu__flipped,dico_phrasis_0000674,eu,eu,Papua Ginea Berriko immigrazio-zentroan,PNGko immigrazio-zentroan,dico_phrasis_0000674__eu-eu__original,EQUIVALENCE
dico_phrasis_0000674__eu-eu__original,dico_phrasis_0000674,eu,eu,PNGko immigrazio-zentroan,Papua Ginea Berriko immigrazio-zentroan,dico_phrasis_0000674__eu-eu__flipped,EQUIVALENCE
dico_phrasis_0000677__eu-eu__flipped,dico_phrasis_0000677,eu,eu,Egiptoko indarrak bezala,Egiptoko polizia gisa,dico_phrasis_0000677__eu-eu__original,EQUIVALENCE
dico_phrasis_0000677__eu-eu__original,dico_phrasis_0000677,eu,eu,Egiptoko polizia gisa,Egiptoko indarrak bezala,dico_phrasis_0000677__eu-eu__flipped,EQUIVALENCE
dico_phrasis_0000678__eu-eu__flipped,dico_phrasis_0000678,eu,eu,«aurrerapausotzat» jotako misil gidatu bat,aurrerapausotzat deskribatutako misil gidatu bat,dico_phrasis_0000678__eu-eu__original,EQUIVALENCE
dico_phrasis_0000678__eu-eu__original,dico_phrasis_0000678,eu,eu,aurrerapausotzat deskribatutako misil gidatu bat,«aurrerapausotzat» jotako misil gidatu bat,dico_phrasis_0000678__eu-eu__flipped,EQUIVALENCE
dico_phrasis_0000679__eu-eu__flipped,dico_phrasis_0000679,eu,eu,parte hartzeari uko egitea,boikot egitea,dico_phrasis_0000679__eu-eu__original,EQUIVALENCE
dico_phrasis_0000679__eu-eu__original,dico_phrasis_0000679,eu,eu,boikot egitea,parte hartzeari uko egitea,dico_phrasis_0000679__eu-eu__flipped,EQUIVALENCE
dico_phrasis_0000681__eu-eu__flipped,dico_phrasis_0000681,eu,eu,Krimeako penintsulari buruz,Krimeari buruz,dico_phrasis_0000681__eu-eu__original,EQUIVALENCE
dico_phrasis_0000681__eu-eu__original,dico_phrasis_0000681,eu,eu,Krimeari buruz,Krimeako penintsulari buruz,dico_phrasis_0000681__eu-eu__flipped,EQUIVALENCE
dico_phrasis_0000682__eu-eu__flipped,dico_phrasis_0000682,eu,eu,AEBetako 3 diplomatiko,AEBetako hiru diplomatiko,dico_phrasis_0000682__eu-eu__original,EQUIVALENCE
dico_phrasis_0000682__eu-eu__original,dico_phrasis_0000682,eu,eu,AEBetako hiru diplomatiko,AEBetako 3 diplomatiko,dico_phrasis_0000682__eu-eu__flipped,EQUIVALENCE
dico_phrasis_0000684__eu-eu__flipped,dico_phrasis_0000684,eu,eu,Adolf Hitlerri,Hitlerri,dico_phrasis_0000684__eu-eu__original,EQUIVALENCE
dico_phrasis_0000684__eu-eu__original,dico_phrasis_0000684,eu,eu,Hitlerri,Adolf Hitlerri,dico_phrasis_0000684__eu-eu__flipped,EQUIVALENCE
dico_phrasis_0000686__eu-eu__flipped,dico_phrasis_0000686,eu,eu,Moskuko metroan sutea piztu ondoren,Moskuko metroko sutean,dico_phrasis_0000686__eu-eu__original,EQUIVALENCE
dico_phrasis_0000686__eu-eu__original,dico_phrasis_0000686,eu,eu,Moskuko metroko sutean,Moskuko metroan sutea piztu ondoren,dico_phrasis_0000686__eu-eu__flipped,EQUIVALENCE
dico_phrasis_0000687__eu-eu__flipped,dico_phrasis_0000687,eu,eu,elkarretaratze jendetsurako,manifestazio jendetsurako,dico_phrasis_0000687__eu-eu__original,EQUIVALENCE
dico_phrasis_0000687__eu-eu__original,dico_phrasis_0000687,eu,eu,manifestazio jendetsurako,elkarretaratze jendetsurako,dico_phrasis_0000687__eu-eu__flipped,EQUIVALENCE
dico_phrasis_0000688__eu-eu__flipped,dico_phrasis_0000688,eu,eu,bultza dezake,lagun dezake,dico_phrasis_0000688__eu-eu__original,EQUIVALENCE
dico_phrasis_0000688__eu-eu__original,dico_phrasis_0000688,eu,eu,lagun dezake,bultza dezake,dico_phrasis_0000688__eu-eu__flipped,EQUIVALENCE
dico_phrasis_0000689__eu-eu__flipped,dico_phrasis_0000689,eu,eu,Errusiako ospitale psikiatriko bateko sutea,Sutea Errusiako ospitale psikiatriko batean,dico_phrasis_0000689__eu-eu__original,EQUIVALENCE
dico_phrasis_0000689__eu-eu__original,dico_phrasis_0000689,eu,eu,Sutea Errusiako ospitale psikiatriko batean,Errusiako ospitale psikiatriko bateko sutea,dico_phrasis_0000689__eu-eu__flipped,EQUIVALENCE
dico_phrasis_0000690__eu-eu__flipped,dico_phrasis_0000690,eu,eu,Sumendi-erupzioa,Sumendia erupzioan,dico_phrasis_0000690__eu-eu__original,EQUIVALENCE
dico_phrasis_0000690__eu-eu__original,dico_phrasis_0000690,eu,eu,Sumendia erupzioan,Sumendi-erupzioa,dico_phrasis_0000690__eu-eu__flipped,EQUIVALENCE
dico_phrasis_0000691__eu-eu__flipped,dico_phrasis_0000691,eu,eu,Doris Lessing Nobel sariduna,Doris Lessing Nobel saridun idazlea,dico_phrasis_0000691__eu-eu__original,EQUIVALENCE
dico_phrasis_0000691__eu-eu__original,dico_phrasis_0000691,eu,eu,Doris Lessing Nobel saridun idazlea,Doris Lessing Nobel sariduna,dico_phrasis_0000691__eu-eu__flipped,EQUIVALENCE
dico_phrasis_0000692__eu-eu__flipped,dico_phrasis_0000692,eu,eu,Israelgo armada,Israelgo indarrak,dico_phrasis_0000692__eu-eu__original,EQUIVALENCE
dico_phrasis_0000692__eu-eu__original,dico_phrasis_0000692,eu,eu,Israelgo indarrak,Israelgo armada,dico_phrasis_0000692__eu-eu__flipped,EQUIVALENCE
dico_phrasis_0000694__eu-eu__flipped,dico_phrasis_0000694,eu,eu,irailaren 7ko hauteskundeak,irailaren 7rako hauteskundeak,dico_phrasis_0000694__eu-eu__original,EQUIVALENCE
dico_phrasis_0000694__eu-eu__original,dico_phrasis_0000694,eu,eu,irailaren 7rako hauteskundeak,irailaren 7ko hauteskundeak,dico_phrasis_0000694__eu-eu__flipped,EQUIVALENCE
dico_phrasis_0000695__eu-eu__flipped,dico_phrasis_0000695,eu,eu,"Kevin Rudd, Australiako lehen ministroa",Kevin Rudd Australiako lehen ministroa,dico_phrasis_0000695__eu-eu__original,EQUIVALENCE
dico_phrasis_0000695__eu-eu__original,dico_phrasis_0000695,eu,eu,Kevin Rudd Australiako lehen ministroa,"Kevin Rudd, Australiako lehen ministroa",dico_phrasis_0000695__eu-eu__flipped,EQUIVALENCE
dico_phrasis_0000696__eu-eu__flipped,dico_phrasis_0000696,eu,eu,Qaedarako mehatxuak aipatuz,Al-Qaedaren mehatxuagatik,dico_phrasis_0000696__eu-eu__original,EQUIVALENCE
dico_phrasis_0000696__eu-eu__original,dico_phrasis_0000696,eu,eu,Al-Qaedaren mehatxuagatik,Qaedarako mehatxuak aipatuz,dico_phrasis_0000696__eu-eu__flipped,EQUIVALENCE
dico_phrasis_0000697__eu-eu__flipped,dico_phrasis_0000697,eu,eu,"Paul Walker, «Fast and Furious» filmeko izarra","«Fast & Furious» filmeko izarra, Paul Walker",dico_phrasis_0000697__eu-eu__original,EQUIVALENCE
dico_phrasis_0000697__eu-eu__original,dico_phrasis_0000697,eu,eu,"«Fast & Furious» filmeko izarra, Paul Walker","Paul Walker, «Fast and Furious» filmeko izarra",dico_phrasis_0000697__eu-eu__flipped,EQUIVALENCE
dico_phrasis_0000699__eu-eu__flipped,dico_phrasis_0000699,eu,eu,negoziazio nuklearretarako,gai nuklearrei buruzko negoziazioei dagokienez,dico_phrasis_0000699__eu-eu__original,EQUIVALENCE
dico_phrasis_0000699__eu-eu__original,dico_phrasis_0000699,eu,eu,gai nuklearrei buruzko negoziazioei dagokienez,negoziazio nuklearretarako,dico_phrasis_0000699__eu-eu__flipped,EQUIVALENCE
dico_phrasis_0000700__eu-eu__flipped,dico_phrasis_0000700,eu,eu,Filipinak,Filipinetako nazioa,dico_phrasis_0000700__eu-eu__original,EQUIVALENCE
dico_phrasis_0000700__eu-eu__original,dico_phrasis_0000700,eu,eu,Filipinetako nazioa,Filipinak,dico_phrasis_0000700__eu-eu__flipped,EQUIVALENCE
dico_phrasis_0000703__eu-eu__flipped,dico_phrasis_0000703,eu,eu,bueltan ematen du,itzultzen du,dico_phrasis_0000703__eu-eu__original,EQUIVALENCE
dico_phrasis_0000703__eu-eu__original,dico_phrasis_0000703,eu,eu,itzultzen du,bueltan ematen du,dico_phrasis_0000703__eu-eu__flipped,EQUIVALENCE
dico_phrasis_0000704__eu-eu__flipped,dico_phrasis_0000704,eu,eu,Indonesiako erupzioan,Indonesiako sumendia lehertzean,dico_phrasis_0000704__eu-eu__original,EQUIVALENCE
dico_phrasis_0000704__eu-eu__original,dico_phrasis_0000704,eu,eu,Indonesiako sumendia lehertzean,Indonesiako erupzioan,dico_phrasis_0000704__eu-eu__flipped,EQUIVALENCE
dico_phrasis_0000706__eu-eu__flipped,dico_phrasis_0000706,eu,eu,apostasiagatik,norberaren erlijioari uko egiteagatik,dico_phrasis_0000706__eu-eu__original,EQUIVALENCE
dico_phrasis_0000706__eu-eu__original,dico_phrasis_0000706,eu,eu,norberaren erlijioari uko egiteagatik,apostasiagatik,dico_phrasis_0000706__eu-eu__flipped,EQUIVALENCE
dico_phrasis_0000709__eu-eu__flipped,dico_phrasis_0000709,eu,eu,Bostongo bonbardaketaren susmagarria,Bostongo bonba-erasoaren susmagarria,dico_phrasis_0000709__eu-eu__original,EQUIVALENCE
dico_phrasis_0000709__eu-eu__original,dico_phrasis_0000709,eu,eu,Bostongo bonba-erasoaren susmagarria,Bostongo bonbardaketaren susmagarria,dico_phrasis_0000709__eu-eu__flipped,EQUIVALENCE
dico_phrasis_0000710__eu-eu__flipped,dico_phrasis_0000710,eu,eu,Egiptoko nahasmendua,ezinegona Egipton,dico_phrasis_0000710__eu-eu__original,EQUIVALENCE
dico_phrasis_0000710__eu-eu__original,dico_phrasis_0000710,eu,eu,ezinegona Egipton,Egiptoko nahasmendua,dico_phrasis_0000710__eu-eu__flipped,EQUIVALENCE
dico_phrasis_0000713__eu-eu__flipped,dico_phrasis_0000713,eu,eu,"Glee-ko izarra, Cory Monteith","Cory Monteith, Glee-ko aktorea",dico_phrasis_0000713__eu-eu__original,EQUIVALENCE
dico_phrasis_0000713__eu-eu__original,dico_phrasis_0000713,eu,eu,"Cory Monteith, Glee-ko aktorea","Glee-ko izarra, Cory Monteith",dico_phrasis_0000713__eu-eu__flipped,EQUIVALENCE
dico_phrasis_0000717__eu-eu__flipped,dico_phrasis_0000717,eu,eu,Malaysia Airlines konpainiaren hegazkin bat,Malaysia Airlines konpainiak operatutako hegazkin bat,dico_phrasis_0000717__eu-eu__original,EQUIVALENCE
dico_phrasis_0000717__eu-eu__original,dico_phrasis_0000717,eu,eu,Malaysia Airlines konpainiak operatutako hegazkin bat,Malaysia Airlines konpainiaren hegazkin bat,dico_phrasis_0000717__eu-eu__flipped,EQUIVALENCE
dico_phrasis_0000719__eu-eu__flipped,dico_phrasis_0000719,eu,eu,Txinaren akzioak,Txinako akzioak,dico_phrasis_0000719__eu-eu__original,EQUIVALENCE
dico_phrasis_0000719__eu-eu__original,dico_phrasis_0000719,eu,eu,Txinako akzioak,Txinaren akzioak,dico_phrasis_0000719__eu-eu__flipped,EQUIVALENCE
dico_phrasis_0000720__eu-eu__flipped,dico_phrasis_0000720,eu,eu,Indian Girl 6ren ondoren,6 urte inguruko neska indiarra,dico_phrasis_0000720__eu-eu__original,EQUIVALENCE
dico_phrasis_0000720__eu-eu__original,dico_phrasis_0000720,eu,eu,6 urte inguruko neska indiarra,Indian Girl 6ren ondoren,dico_phrasis_0000720__eu-eu__flipped,EQUIVALENCE
dico_phrasis_0000722__eu-eu__flipped,dico_phrasis_0000722,eu,eu,oinez dabil,oinez mugitzen,dico_phrasis_0000722__eu-eu__original,EQUIVALENCE
dico_phrasis_0000722__eu-eu__original,dico_phrasis_0000722,eu,eu,oinez mugitzen,oinez dabil,dico_phrasis_0000722__eu-eu__flipped,EQUIVALENCE
dico_phrasis_0000723__eu-eu__flipped,dico_phrasis_0000723,eu,eu,pose bati eusten ari dira,posatzen ari dira,dico_phrasis_0000723__eu-eu__original,EQUIVALENCE
dico_phrasis_0000723__eu-eu__original,dico_phrasis_0000723,eu,eu,posatzen ari dira,pose bati eusten ari dira,dico_phrasis_0000723__eu-eu__flipped,EQUIVALENCE
dico_phrasis_0000727__eu-eu__flipped,dico_phrasis_0000727,eu,eu,eusten ari da,eusten,dico_phrasis_0000727__eu-eu__original,EQUIVALENCE
dico_phrasis_0000727__eu-eu__original,dico_phrasis_0000727,eu,eu,eusten,eusten ari da,dico_phrasis_0000727__eu-eu__flipped,EQUIVALENCE
dico_phrasis_0000730__eu-eu__flipped,dico_phrasis_0000730,eu,eu,uretara sartzen,uretara,dico_phrasis_0000730__eu-eu__original,EQUIVALENCE
dico_phrasis_0000730__eu-eu__original,dico_phrasis_0000730,eu,eu,uretara,uretara sartzen,dico_phrasis_0000730__eu-eu__flipped,EQUIVALENCE
dico_phrasis_0000735__eu-eu__flipped,dico_phrasis_0000735,eu,eu,korrika ari dira,korrika mugitzen,dico_phrasis_0000735__eu-eu__original,EQUIVALENCE
dico_phrasis_0000735__eu-eu__original,dico_phrasis_0000735,eu,eu,korrika mugitzen,korrika ari dira,dico_phrasis_0000735__eu-eu__flipped,EQUIVALENCE
dico_phrasis_0000736__eu-eu__flipped,dico_phrasis_0000736,eu,eu,Bi txakur,Txakur pare bat,dico_phrasis_0000736__eu-eu__original,EQUIVALENCE
dico_phrasis_0000736__eu-eu__original,dico_phrasis_0000736,eu,eu,Txakur pare bat,Bi txakur,dico_phrasis_0000736__eu-eu__flipped,EQUIVALENCE
dico_phrasis_0000737__eu-eu__flipped,dico_phrasis_0000737,eu,eu,jantzita dago,jantzita,dico_phrasis_0000737__eu-eu__original,EQUIVALENCE
dico_phrasis_0000737__eu-eu__original,dico_phrasis_0000737,eu,eu,jantzita,jantzita dago,dico_phrasis_0000737__eu-eu__flipped,EQUIVALENCE
dico_phrasis_0000740__eu-eu__flipped,dico_phrasis_0000740,eu,eu,zutik daude,zutik egon,dico_phrasis_0000740__eu-eu__original,EQUIVALENCE
dico_phrasis_0000740__eu-eu__original,dico_phrasis_0000740,eu,eu,zutik egon,zutik daude,dico_phrasis_0000740__eu-eu__flipped,EQUIVALENCE
dico_phrasis_0000741__eu-eu__flipped,dico_phrasis_0000741,eu,eu,hiru haurrak,hiru haurrez osatutako talde bat,dico_phrasis_0000741__eu-eu__original,EQUIVALENCE
dico_phrasis_0000741__eu-eu__original,dico_phrasis_0000741,eu,eu,hiru haurrez osatutako talde bat,hiru haurrak,dico_phrasis_0000741__eu-eu__flipped,EQUIVALENCE
dico_phrasis_0000742__eu-eu__flipped,dico_phrasis_0000742,eu,eu,eusten du,eusten ari da,dico_phrasis_0000742__eu-eu__original,EQUIVALENCE
dico_phrasis_0000742__eu-eu__original,dico_phrasis_0000742,eu,eu,eusten ari da,eusten du,dico_phrasis_0000742__eu-eu__flipped,EQUIVALENCE
dico_phrasis_0000744__eu-eu__flipped,dico_phrasis_0000744,eu,eu,urpekaria,urpekaritza egiteko ekipatutako pertsona,dico_phrasis_0000744__eu-eu__original,EQUIVALENCE
dico_phrasis_0000744__eu-eu__original,dico_phrasis_0000744,eu,eu,urpekaritza egiteko ekipatutako pertsona,urpekaria,dico_phrasis_0000744__eu-eu__flipped,EQUIVALENCE
dico_phrasis_0000745__eu-eu__flipped,dico_phrasis_0000745,eu,eu,azkar korrika ari da,esprintean ari da,dico_phrasis_0000745__eu-eu__original,EQUIVALENCE
dico_phrasis_0000745__eu-eu__original,dico_phrasis_0000745,eu,eu,esprintean ari da,azkar korrika ari da,dico_phrasis_0000745__eu-eu__flipped,EQUIVALENCE
dico_phrasis_0000746__eu-eu__flipped,dico_phrasis_0000746,eu,eu,Auto multzo bat,Auto asko,dico_phrasis_0000746__eu-eu__original,EQUIVALENCE
dico_phrasis_0000746__eu-eu__original,dico_phrasis_0000746,eu,eu,Auto asko,Auto multzo bat,dico_phrasis_0000746__eu-eu__flipped,EQUIVALENCE
dico_phrasis_0000747__eu-eu__flipped,dico_phrasis_0000747,eu,eu,uretan murgilduta,uretan,dico_phrasis_0000747__eu-eu__original,EQUIVALENCE
dico_phrasis_0000747__eu-eu__original,dico_phrasis_0000747,eu,eu,uretan,uretan murgilduta,dico_phrasis_0000747__eu-eu__flipped,EQUIVALENCE
dico_phrasis_0000748__eu-eu__flipped,dico_phrasis_0000748,eu,eu,lepoko urdinarekin,kolore urdineko lepokoa jantzita,dico_phrasis_0000748__eu-eu__original,EQUIVALENCE
dico_phrasis_0000748__eu-eu__original,dico_phrasis_0000748,eu,eu,kolore urdineko lepokoa jantzita,lepoko urdinarekin,dico_phrasis_0000748__eu-eu__flipped,EQUIVALENCE
dico_phrasis_0000749__eu-eu__flipped,dico_phrasis_0000749,eu,eu,elurretan,elur artean,dico_phrasis_0000749__eu-eu__original,EQUIVALENCE
dico_phrasis_0000749__eu-eu__original,dico_phrasis_0000749,eu,eu,elur artean,elurretan,dico_phrasis_0000749__eu-eu__flipped,EQUIVALENCE
dico_phrasis_0000750__eu-eu__flipped,dico_phrasis_0000750,eu,eu,Txakur beltza,ile beltzeko txakur bat,dico_phrasis_0000750__eu-eu__original,EQUIVALENCE
dico_phrasis_0000750__eu-eu__original,dico_phrasis_0000750,eu,eu,ile beltzeko txakur bat,Txakur beltza,dico_phrasis_0000750__eu-eu__flipped,EQUIVALENCE
dico_phrasis_0000751__eu-eu__flipped,dico_phrasis_0000751,eu,eu,atzetik dabil,atzetik korrika ari da,dico_phrasis_0000751__eu-eu__original,EQUIVALENCE
dico_phrasis_0000751__eu-eu__original,dico_phrasis_0000751,eu,eu,atzetik korrika ari da,atzetik dabil,dico_phrasis_0000751__eu-eu__flipped,EQUIVALENCE
dico_phrasis_0000753__eu-eu__flipped,dico_phrasis_0000753,eu,eu,putz egiten ari da,putz egiten du,dico_phrasis_0000753__eu-eu__original,EQUIVALENCE
dico_phrasis_0000753__eu-eu__original,dico_phrasis_0000753,eu,eu,putz egiten du,putz egiten ari da,dico_phrasis_0000753__eu-eu__flipped,EQUIVALENCE
dico_phrasis_0000755__eu-eu__flipped,dico_phrasis_0000755,eu,eu,koloretako kutxak,kolore anitzeko blokeak,dico_phrasis_0000755__eu-eu__original,EQUIVALENCE
dico_phrasis_0000755__eu-eu__original,dico_phrasis_0000755,eu,eu,kolore anitzeko blokeak,koloretako kutxak,dico_phrasis_0000755__eu-eu__flipped,EQUIVALENCE
dico_phrasis_0000756__eu-eu__flipped,dico_phrasis_0000756,eu,eu,malabareak egiten daude,malabareak egiten ari dira,dico_phrasis_0000756__eu-eu__original,EQUIVALENCE
dico_phrasis_0000756__eu-eu__original,dico_phrasis_0000756,eu,eu,malabareak egiten ari dira,malabareak egiten daude,dico_phrasis_0000756__eu-eu__flipped,EQUIVALENCE
dico_phrasis_0000758__eu-eu__flipped,dico_phrasis_0000758,eu,eu,zuhaitzez betetako eremu elurtu batean barrena,baso elurtu batean barrena,dico_phrasis_0000758__eu-eu__original,EQUIVALENCE
dico_phrasis_0000758__eu-eu__original,dico_phrasis_0000758,eu,eu,baso elurtu batean barrena,zuhaitzez betetako eremu elurtu batean barrena,dico_phrasis_0000758__eu-eu__flipped,EQUIVALENCE
dico_phrasis_0000759__eu-eu__flipped,dico_phrasis_0000759,eu,eu,koadrodun alkandora batekin,koadrodun alkandora jantzita,dico_phrasis_0000759__eu-eu__original,EQUIVALENCE
dico_phrasis_0000759__eu-eu__original,dico_phrasis_0000759,eu,eu,koadrodun alkandora jantzita,koadrodun alkandora batekin,dico_phrasis_0000759__eu-eu__flipped,EQUIVALENCE
dico_phrasis_0000761__eu-eu__flipped,dico_phrasis_0000761,eu,eu,dardarka ari da,dardarak,dico_phrasis_0000761__eu-eu__original,EQUIVALENCE
dico_phrasis_0000761__eu-eu__original,dico_phrasis_0000761,eu,eu,dardarak,dardarka ari da,dico_phrasis_0000761__eu-eu__flipped,EQUIVALENCE
dico_phrasis_0000763__eu-eu__flipped,dico_phrasis_0000763,eu,eu,Txakur arre bat,Txakur marroi bat,dico_phrasis_0000763__eu-eu__original,EQUIVALENCE
dico_phrasis_0000763__eu-eu__original,dico_phrasis_0000763,eu,eu,Txakur marroi bat,Txakur arre bat,dico_phrasis_0000763__eu-eu__flipped,EQUIVALENCE
dico_phrasis_0000765__eu-eu__flipped,dico_phrasis_0000765,eu,eu,uretan,uretan murgilduta,dico_phrasis_0000765__eu-eu__original,EQUIVALENCE
dico_phrasis_0000765__eu-eu__original,dico_phrasis_0000765,eu,eu,uretan murgilduta,uretan,dico_phrasis_0000765__eu-eu__flipped,EQUIVALENCE
dico_phrasis_0000767__eu-eu__flipped,dico_phrasis_0000767,eu,eu,jauzi handika ari da,jauzi luzeak eginez,dico_phrasis_0000767__eu-eu__original,EQUIVALENCE
dico_phrasis_0000767__eu-eu__original,dico_phrasis_0000767,eu,eu,jauzi luzeak eginez,jauzi handika ari da,dico_phrasis_0000767__eu-eu__flipped,EQUIVALENCE
dico_phrasis_0000770__eu-eu__flipped,dico_phrasis_0000770,eu,eu,surfean dabil,surfean ari da,dico_phrasis_0000770__eu-eu__original,EQUIVALENCE
dico_phrasis_0000770__eu-eu__original,dico_phrasis_0000770,eu,eu,surfean ari da,surfean dabil,dico_phrasis_0000770__eu-eu__flipped,EQUIVALENCE
dico_phrasis_0000771__eu-eu__flipped,dico_phrasis_0000771,eu,eu,autoan,automobil baten barruan,dico_phrasis_0000771__eu-eu__original,EQUIVALENCE
dico_phrasis_0000771__eu-eu__original,dico_phrasis_0000771,eu,eu,automobil baten barruan,autoan,dico_phrasis_0000771__eu-eu__flipped,EQUIVALENCE
dico_phrasis_0000772__eu-eu__flipped,dico_phrasis_0000772,eu,eu,kayakean dabil,kayak batean dabil,dico_phrasis_0000772__eu-eu__original,EQUIVALENCE
dico_phrasis_0000772__eu-eu__original,dico_phrasis_0000772,eu,eu,kayak batean dabil,kayakean dabil,dico_phrasis_0000772__eu-eu__flipped,EQUIVALENCE
dico_phrasis_0000775__eu-eu__flipped,dico_phrasis_0000775,eu,eu,usainak hartzen ari da,usainka ari da,dico_phrasis_0000775__eu-eu__original,EQUIVALENCE
dico_phrasis_0000775__eu-eu__original,dico_phrasis_0000775,eu,eu,usainka ari da,usainak hartzen ari da,dico_phrasis_0000775__eu-eu__flipped,EQUIVALENCE
dico_phrasis_0000776__eu-eu__flipped,dico_phrasis_0000776,eu,eu,belar gainean,belarrezko lur gainean,dico_phrasis_0000776__eu-eu__original,EQUIVALENCE
dico_phrasis_0000776__eu-eu__original,dico_phrasis_0000776,eu,eu,belarrezko lur gainean,belar gainean,dico_phrasis_0000776__eu-eu__flipped,EQUIVALENCE
dico_phrasis_0000779__eu-eu__flipped,dico_phrasis_0000779,eu,eu,Txakur marroi eta zuri bat,Txakur zuri eta marroia,dico_phrasis_0000779__eu-eu__original,EQUIVALENCE
dico_phrasis_0000779__eu-eu__original,dico_phrasis_0000779,eu,eu,Txakur zuri eta marroia,Txakur marroi eta zuri bat,dico_phrasis_0000779__eu-eu__flipped,EQUIVALENCE
dico_phrasis_0000780__eu-eu__flipped,dico_phrasis_0000780,eu,eu,jolasten ari dira,jolasten,dico_phrasis_0000780__eu-eu__original,EQUIVALENCE
dico_phrasis_0000780__eu-eu__original,dico_phrasis_0000780,eu,eu,jolasten,jolasten ari dira,dico_phrasis_0000780__eu-eu__flipped,EQUIVALENCE
dico_phrasis_0000783__eu-eu__flipped,dico_phrasis_0000783,eu,eu,tente jarraitzen du,zutik dago,dico_phrasis_0000783__eu-eu__original,EQUIVALENCE
dico_phrasis_0000783__eu-eu__original,dico_phrasis_0000783,eu,eu,zutik dago,tente jarraitzen du,dico_phrasis_0000783__eu-eu__flipped,EQUIVALENCE
dico_phrasis_0000785__eu-eu__flipped,dico_phrasis_0000785,eu,eu,elurrez estalitako mendi baten aurrean,mendi elurtu baten aurrean,dico_phrasis_0000785__eu-eu__original,EQUIVALENCE
dico_phrasis_0000785__eu-eu__original,dico_phrasis_0000785,eu,eu,mendi elurtu baten aurrean,elurrez estalitako mendi baten aurrean,dico_phrasis_0000785__eu-eu__flipped,EQUIVALENCE
dico_phrasis_0000786__eu-eu__flipped,dico_phrasis_0000786,eu,eu,hartzen ari dira,hartzeko ekintza egiten,dico_phrasis_0000786__eu-eu__original,EQUIVALENCE
dico_phrasis_0000786__eu-eu__original,dico_phrasis_0000786,eu,eu,hartzeko ekintza egiten,hartzen ari dira,dico_phrasis_0000786__eu-eu__flipped,EQUIVALENCE
dico_phrasis_0000789__eu-eu__flipped,dico_phrasis_0000789,eu,eu,lasterketan ari dira,lasterketa batean lehiatzen,dico_phrasis_0000789__eu-eu__original,EQUIVALENCE
dico_phrasis_0000789__eu-eu__original,dico_phrasis_0000789,eu,eu,lasterketa batean lehiatzen,lasterketan ari dira,dico_phrasis_0000789__eu-eu__flipped,EQUIVALENCE
dico_phrasis_0000790__eu-eu__flipped,dico_phrasis_0000790,eu,eu,jauzi egiten ari da,jauzi egiten du,dico_phrasis_0000790__eu-eu__original,EQUIVALENCE
dico_phrasis_0000790__eu-eu__original,dico_phrasis_0000790,eu,eu,jauzi egiten du,jauzi egiten ari da,dico_phrasis_0000790__eu-eu__flipped,EQUIVALENCE
dico_phrasis_0000791__eu-eu__flipped,dico_phrasis_0000791,eu,eu,egiten du,egiten ari da,dico_phrasis_0000791__eu-eu__original,EQUIVALENCE
dico_phrasis_0000791__eu-eu__original,dico_phrasis_0000791,eu,eu,egiten ari da,egiten du,dico_phrasis_0000791__eu-eu__flipped,EQUIVALENCE
dico_phrasis_0000792__eu-eu__flipped,dico_phrasis_0000792,eu,eu,bere ohe elastikoa erabiltzen,bere ohe elastikoaren gainean,dico_phrasis_0000792__eu-eu__original,EQUIVALENCE
dico_phrasis_0000792__eu-eu__original,dico_phrasis_0000792,eu,eu,bere ohe elastikoaren gainean,bere ohe elastikoa erabiltzen,dico_phrasis_0000792__eu-eu__flipped,EQUIVALENCE
dico_phrasis_0000793__eu-eu__flipped,dico_phrasis_0000793,eu,eu,jolasten du,jolasten ari dira,dico_phrasis_0000793__eu-eu__original,EQUIVALENCE
dico_phrasis_0000793__eu-eu__original,dico_phrasis_0000793,eu,eu,jolasten ari dira,jolasten du,dico_phrasis_0000793__eu-eu__flipped,EQUIVALENCE
dico_phrasis_0000794__eu-eu__flipped,dico_phrasis_0000794,eu,eu,emakume bat eta txakur bat,txakur batekin doan emakume heldu bat,dico_phrasis_0000794__eu-eu__original,EQUIVALENCE
dico_phrasis_0000794__eu-eu__original,dico_phrasis_0000794,eu,eu,txakur batekin doan emakume heldu bat,emakume bat eta txakur bat,dico_phrasis_0000794__eu-eu__flipped,EQUIVALENCE
dico_phrasis_0000795__eu-eu__flipped,dico_phrasis_0000795,eu,eu,Hiru pertsona,Hiru norbanako,dico_phrasis_0000795__eu-eu__original,EQUIVALENCE
dico_phrasis_0000795__eu-eu__original,dico_phrasis_0000795,eu,eu,Hiru norbanako,Hiru pertsona,dico_phrasis_0000795__eu-eu__flipped,EQUIVALENCE
dico_phrasis_0000796__eu-eu__flipped,dico_phrasis_0000796,eu,eu,eskia egitea debekatzeko seinale baten atzean,eskia egitea debekatzen duen seinale baten atzean,dico_phrasis_0000796__eu-eu__original,EQUIVALENCE
dico_phrasis_0000796__eu-eu__original,dico_phrasis_0000796,eu,eu,eskia egitea debekatzen duen seinale baten atzean,eskia egitea debekatzeko seinale baten atzean,dico_phrasis_0000796__eu-eu__flipped,EQUIVALENCE
dico_phrasis_0000797__eu-eu__flipped,dico_phrasis_0000797,eu,eu,txakur zuri-beltz bat,larru zuri-beltzeko txakurra,dico_phrasis_0000797__eu-eu__original,EQUIVALENCE
dico_phrasis_0000797__eu-eu__original,dico_phrasis_0000797,eu,eu,larru zuri-beltzeko txakurra,txakur zuri-beltz bat,dico_phrasis_0000797__eu-eu__flipped,EQUIVALENCE
dico_phrasis_0000798__eu-eu__flipped,dico_phrasis_0000798,eu,eu,elurretan,elur zurian,dico_phrasis_0000798__eu-eu__original,EQUIVALENCE
dico_phrasis_0000798__eu-eu__original,dico_phrasis_0000798,eu,eu,elur zurian,elurretan,dico_phrasis_0000798__eu-eu__flipped,EQUIVALENCE
dico_phrasis_0000799__eu-eu__flipped,dico_phrasis_0000799,eu,eu,hondartzan,itsasertzean,dico_phrasis_0000799__eu-eu__original,EQUIVALENCE
dico_phrasis_0000799__eu-eu__original,dico_phrasis_0000799,eu,eu,itsasertzean,hondartzan,dico_phrasis_0000799__eu-eu__flipped,EQUIVALENCE
dico_phrasis_0000800__eu-eu__flipped,dico_phrasis_0000800,eu,eu,txakur zuri-beltz bat,ile zuri-beltzeko txakur bat,dico_phrasis_0000800__eu-eu__original,EQUIVALENCE
dico_phrasis_0000800__eu-eu__original,dico_phrasis_0000800,eu,eu,ile zuri-beltzeko txakur bat,txakur zuri-beltz bat,dico_phrasis_0000800__eu-eu__flipped,EQUIVALENCE
dico_phrasis_0000804__eu-eu__flipped,dico_phrasis_0000804,eu,eu,zelai zabal batean,zelai batean,dico_phrasis_0000804__eu-eu__original,EQUIVALENCE
dico_phrasis_0000804__eu-eu__original,dico_phrasis_0000804,eu,eu,zelai batean,zelai zabal batean,dico_phrasis_0000804__eu-eu__flipped,EQUIVALENCE
dico_phrasis_0000806__eu-eu__flipped,dico_phrasis_0000806,eu,eu,jauzi egiten du,jauzi egiten ari da,dico_phrasis_0000806__eu-eu__original,EQUIVALENCE
dico_phrasis_0000806__eu-eu__original,dico_phrasis_0000806,eu,eu,jauzi egiten ari da,jauzi egiten du,dico_phrasis_0000806__eu-eu__flipped,EQUIVALENCE
dico_phrasis_0000807__eu-eu__flipped,dico_phrasis_0000807,eu,eu,gorantz mugitzen da,igotzen da,dico_phrasis_0000807__eu-eu__original,EQUIVALENCE
dico_phrasis_0000807__eu-eu__original,dico_phrasis_0000807,eu,eu,igotzen da,gorantz mugitzen da,dico_phrasis_0000807__eu-eu__flipped,EQUIVALENCE
dico_phrasis_0000810__eu-eu__flipped,dico_phrasis_0000810,eu,eu,korrika dabil,korrika ari da,dico_phrasis_0000810__eu-eu__original,EQUIVALENCE
dico_phrasis_0000810__eu-eu__original,dico_phrasis_0000810,eu,eu,korrika ari da,korrika dabil,dico_phrasis_0000810__eu-eu__flipped,EQUIVALENCE
dico_phrasis_0000812__eu-eu__flipped,dico_phrasis_0000812,eu,eu,belarrean zehar,belarraren gainetik,dico_phrasis_0000812__eu-eu__original,EQUIVALENCE
dico_phrasis_0000812__eu-eu__original,dico_phrasis_0000812,eu,eu,belarraren gainetik,belarrean zehar,dico_phrasis_0000812__eu-eu__flipped,EQUIVALENCE
dico_phrasis_0000813__eu-eu__flipped,dico_phrasis_0000813,eu,eu,Txakur marroi eta zuri bat,Txakur zuri eta marroi bat,dico_phrasis_0000813__eu-eu__original,EQUIVALENCE
dico_phrasis_0000813__eu-eu__original,dico_phrasis_0000813,eu,eu,Txakur zuri eta marroi bat,Txakur marroi eta zuri bat,dico_phrasis_0000813__eu-eu__flipped,EQUIVALENCE
dico_phrasis_0000814__eu-eu__flipped,dico_phrasis_0000814,eu,eu,Batman mozorro batekin,Batman jantzi batekin,dico_phrasis_0000814__eu-eu__original,EQUIVALENCE
dico_phrasis_0000814__eu-eu__original,dico_phrasis_0000814,eu,eu,Batman jantzi batekin,Batman mozorro batekin,dico_phrasis_0000814__eu-eu__flipped,EQUIVALENCE
dico_phrasis_0000818__eu-eu__flipped,dico_phrasis_0000818,eu,eu,jokatzen ari da,jokatzen du,dico_phrasis_0000818__eu-eu__original,EQUIVALENCE
dico_phrasis_0000818__eu-eu__original,dico_phrasis_0000818,eu,eu,jokatzen du,jokatzen ari da,dico_phrasis_0000818__eu-eu__flipped,EQUIVALENCE
dico_phrasis_0000819__eu-eu__flipped,dico_phrasis_0000819,eu,eu,jaten du,jaten ari da,dico_phrasis_0000819__eu-eu__original,EQUIVALENCE
dico_phrasis_0000819__eu-eu__original,dico_phrasis_0000819,eu,eu,jaten ari da,jaten du,dico_phrasis_0000819__eu-eu__flipped,EQUIVALENCE
dico_phrasis_0000820__eu-eu__flipped,dico_phrasis_0000820,eu,eu,jolasean ari dira,jolasean aritzea,dico_phrasis_0000820__eu-eu__original,EQUIVALENCE
dico_phrasis_0000820__eu-eu__original,dico_phrasis_0000820,eu,eu,jolasean aritzea,jolasean ari dira,dico_phrasis_0000820__eu-eu__flipped,EQUIVALENCE
dico_phrasis_0000821__eu-eu__flipped,dico_phrasis_0000821,eu,eu,handik jauzi eginez urruntzen ari da,handik jauzi egiten ari da,dico_phrasis_0000821__eu-eu__original,EQUIVALENCE
dico_phrasis_0000821__eu-eu__original,dico_phrasis_0000821,eu,eu,handik jauzi egiten ari da,handik jauzi eginez urruntzen ari da,dico_phrasis_0000821__eu-eu__flipped,EQUIVALENCE
dico_phrasis_0000823__eu-eu__flipped,dico_phrasis_0000823,eu,eu,belardun lurraren gainean,belar gainean,dico_phrasis_0000823__eu-eu__original,EQUIVALENCE
dico_phrasis_0000823__eu-eu__original,dico_phrasis_0000823,eu,eu,belar gainean,belardun lurraren gainean,dico_phrasis_0000823__eu-eu__flipped,EQUIVALENCE
dico_phrasis_0000824__eu-eu__flipped,dico_phrasis_0000824,eu,eu,elurretan,elur artean,dico_phrasis_0000824__eu-eu__original,EQUIVALENCE
dico_phrasis_0000824__eu-eu__original,dico_phrasis_0000824,eu,eu,elur artean,elurretan,dico_phrasis_0000824__eu-eu__flipped,EQUIVALENCE
dico_phrasis_0000826__eu-eu__flipped,dico_phrasis_0000826,eu,eu,zaldiz ibiltzen da,zaldiz ibiltzen ari da,dico_phrasis_0000826__eu-eu__original,EQUIVALENCE
dico_phrasis_0000826__eu-eu__original,dico_phrasis_0000826,eu,eu,zaldiz ibiltzen ari da,zaldiz ibiltzen da,dico_phrasis_0000826__eu-eu__flipped,EQUIVALENCE
dico_phrasis_0000827__eu-eu__flipped,dico_phrasis_0000827,eu,eu,ikustea,ikusten,dico_phrasis_0000827__eu-eu__original,EQUIVALENCE
dico_phrasis_0000827__eu-eu__original,dico_phrasis_0000827,eu,eu,ikusten,ikustea,dico_phrasis_0000827__eu-eu__flipped,EQUIVALENCE
dico_phrasis_0000828__eu-eu__flipped,dico_phrasis_0000828,eu,eu,zutik egon,zutik daude,dico_phrasis_0000828__eu-eu__original,EQUIVALENCE
dico_phrasis_0000828__eu-eu__original,dico_phrasis_0000828,eu,eu,zutik daude,zutik egon,dico_phrasis_0000828__eu-eu__flipped,EQUIVALENCE
dico_phrasis_0000829__eu-eu__flipped,dico_phrasis_0000829,eu,eu,atzealdean,haien atzean,dico_phrasis_0000829__eu-eu__original,EQUIVALENCE
dico_phrasis_0000829__eu-eu__original,dico_phrasis_0000829,eu,eu,haien atzean,atzealdean,dico_phrasis_0000829__eu-eu__flipped,EQUIVALENCE
dico_phrasis_0000832__eu-eu__flipped,dico_phrasis_0000832,eu,eu,ahoan,bere barailen artean helduta,dico_phrasis_0000832__eu-eu__original,EQUIVALENCE
dico_phrasis_0000832__eu-eu__original,dico_phrasis_0000832,eu,eu,bere barailen artean helduta,ahoan,dico_phrasis_0000832__eu-eu__flipped,EQUIVALENCE
dico_phrasis_0000834__eu-eu__flipped,dico_phrasis_0000834,eu,eu,saiatzen ari da,saiatzen,dico_phrasis_0000834__eu-eu__original,EQUIVALENCE
dico_phrasis_0000834__eu-eu__original,dico_phrasis_0000834,eu,eu,saiatzen,saiatzen ari da,dico_phrasis_0000834__eu-eu__flipped,EQUIVALENCE
dico_phrasis_0000835__eu-eu__flipped,dico_phrasis_0000835,eu,eu,toki publiko batean,jendaurrean,dico_phrasis_0000835__eu-eu__original,EQUIVALENCE
dico_phrasis_0000835__eu-eu__original,dico_phrasis_0000835,eu,eu,jendaurrean,toki publiko batean,dico_phrasis_0000835__eu-eu__flipped,EQUIVALENCE
dico_phrasis_0000837__eu-eu__flipped,dico_phrasis_0000837,eu,eu,hizketan ari da,hizketan,dico_phrasis_0000837__eu-eu__original,EQUIVALENCE
dico_phrasis_0000837__eu-eu__original,dico_phrasis_0000837,eu,eu,hizketan,hizketan ari da,dico_phrasis_0000837__eu-eu__flipped,EQUIVALENCE
dico_phrasis_0000838__eu-eu__flipped,dico_phrasis_0000838,eu,eu,ur azaletan barrena,sakonera gutxiko uretan zehar,dico_phrasis_0000838__eu-eu__original,EQUIVALENCE
dico_phrasis_0000838__eu-eu__original,dico_phrasis_0000838,eu,eu,sakonera gutxiko uretan zehar,ur azaletan barrena,dico_phrasis_0000838__eu-eu__flipped,EQUIVALENCE
dico_phrasis_0000839__eu-eu__flipped,dico_phrasis_0000839,eu,eu,alkandora gorria jantzita,kolore gorriko alkandora jantzita,dico_phrasis_0000839__eu-eu__original,EQUIVALENCE
dico_phrasis_0000839__eu-eu__original,dico_phrasis_0000839,eu,eu,kolore gorriko alkandora jantzita,alkandora gorria jantzita,dico_phrasis_0000839__eu-eu__flipped,EQUIVALENCE
dico_phrasis_0000840__eu-eu__flipped,dico_phrasis_0000840,eu,eu,Mutikoa,seme mutikoa,dico_phrasis_0000840__eu-eu__original,EQUIVALENCE
dico_phrasis_0000840__eu-eu__original,dico_phrasis_0000840,eu,eu,seme mutikoa,Mutikoa,dico_phrasis_0000840__eu-eu__flipped,EQUIVALENCE
dico_phrasis_0000841__eu-eu__flipped,dico_phrasis_0000841,eu,eu,bigarren gizon batengana,beste gizon batengana,dico_phrasis_0000841__eu-eu__original,EQUIVALENCE
dico_phrasis_0000841__eu-eu__original,dico_phrasis_0000841,eu,eu,beste gizon batengana,bigarren gizon batengana,dico_phrasis_0000841__eu-eu__flipped,EQUIVALENCE
dico_phrasis_0000843__eu-eu__flipped,dico_phrasis_0000843,eu,eu,Jende multzo bat,Jendetza bat,dico_phrasis_0000843__eu-eu__original,EQUIVALENCE
dico_phrasis_0000843__eu-eu__original,dico_phrasis_0000843,eu,eu,Jendetza bat,Jende multzo bat,dico_phrasis_0000843__eu-eu__flipped,EQUIVALENCE
dico_phrasis_0000844__eu-eu__flipped,dico_phrasis_0000844,eu,eu,korrika egiten ari da,korrika egiten du,dico_phrasis_0000844__eu-eu__original,EQUIVALENCE
dico_phrasis_0000844__eu-eu__original,dico_phrasis_0000844,eu,eu,korrika egiten du,korrika egiten ari da,dico_phrasis_0000844__eu-eu__flipped,EQUIVALENCE
dico_phrasis_0000847__eu-eu__flipped,dico_phrasis_0000847,eu,eu,eguzki-sartze bat,eguzkia sartu zen,dico_phrasis_0000847__eu-eu__original,EQUIVALENCE
dico_phrasis_0000847__eu-eu__original,dico_phrasis_0000847,eu,eu,eguzkia sartu zen,eguzki-sartze bat,dico_phrasis_0000847__eu-eu__flipped,EQUIVALENCE
dico_phrasis_0000848__eu-eu__flipped,dico_phrasis_0000848,eu,eu,atzera eta aurrera mugitzen ari da,kulunkatzen ari da,dico_phrasis_0000848__eu-eu__original,EQUIVALENCE
dico_phrasis_0000848__eu-eu__original,dico_phrasis_0000848,eu,eu,kulunkatzen ari da,atzera eta aurrera mugitzen ari da,dico_phrasis_0000848__eu-eu__flipped,EQUIVALENCE
dico_phrasis_0000849__eu-eu__flipped,dico_phrasis_0000849,eu,eu,elur sakonean barrena,elur-geruza sakonean barrena,dico_phrasis_0000849__eu-eu__original,EQUIVALENCE
dico_phrasis_0000849__eu-eu__original,dico_phrasis_0000849,eu,eu,elur-geruza sakonean barrena,elur sakonean barrena,dico_phrasis_0000849__eu-eu__flipped,EQUIVALENCE
dico_phrasis_0000850__eu-eu__flipped,dico_phrasis_0000850,eu,eu,belarrez estalitako lurrean,belarretan,dico_phrasis_0000850__eu-eu__original,EQUIVALENCE
dico_phrasis_0000850__eu-eu__original,dico_phrasis_0000850,eu,eu,belarretan,belarrez estalitako lurrean,dico_phrasis_0000850__eu-eu__flipped,EQUIVALENCE
dico_phrasis_0000851__eu-eu__flipped,dico_phrasis_0000851,eu,eu,txakur bat,etxeko txakur bat,dico_phrasis_0000851__eu-eu__original,EQUIVALENCE
dico_phrasis_0000851__eu-eu__original,dico_phrasis_0000851,eu,eu,etxeko txakur bat,txakur bat,dico_phrasis_0000851__eu-eu__flipped,EQUIVALENCE
dico_phrasis_0000853__eu-eu__flipped,dico_phrasis_0000853,eu,eu,marka marroiekin,orban marroiekin,dico_phrasis_0000853__eu-eu__original,EQUIVALENCE
dico_phrasis_0000853__eu-eu__original,dico_phrasis_0000853,eu,eu,orban marroiekin,marka marroiekin,dico_phrasis_0000853__eu-eu__flipped,EQUIVALENCE
dico_phrasis_0000854__eu-eu__flipped,dico_phrasis_0000854,eu,eu,tipoen,gizonen,dico_phrasis_0000854__eu-eu__original,EQUIVALENCE
dico_phrasis_0000854__eu-eu__original,dico_phrasis_0000854,eu,eu,gizonen,tipoen,dico_phrasis_0000854__eu-eu__flipped,EQUIVALENCE
dico_phrasis_0000856__eu-eu__flipped,dico_phrasis_0000856,eu,eu,Union Jack bezalakoa,Britainia Handiko bandera nazionalaren antzekoa,dico_phrasis_0000856__eu-eu__original,EQUIVALENCE
dico_phrasis_0000856__eu-eu__original,dico_phrasis_0000856,eu,eu,Britainia Handiko bandera nazionalaren antzekoa,Union Jack bezalakoa,dico_phrasis_0000856__eu-eu__flipped,EQUIVALENCE
dico_phrasis_0000857__eu-eu__flipped,dico_phrasis_0000857,eu,eu,txakur zuria,ile zuriko txakur bat,dico_phrasis_0000857__eu-eu__original,EQUIVALENCE
dico_phrasis_0000857__eu-eu__original,dico_phrasis_0000857,eu,eu,ile zuriko txakur bat,txakur zuria,dico_phrasis_0000857__eu-eu__flipped,EQUIVALENCE
dico_phrasis_0000858__eu-eu__flipped,dico_phrasis_0000858,eu,eu,oztopoaren gainetik,oztopo baten gainetik,dico_phrasis_0000858__eu-eu__original,EQUIVALENCE
dico_phrasis_0000858__eu-eu__original,dico_phrasis_0000858,eu,eu,oztopo baten gainetik,oztopoaren gainetik,dico_phrasis_0000858__eu-eu__flipped,EQUIVALENCE
dico_phrasis_0000860__eu-eu__flipped,dico_phrasis_0000860,eu,eu,"John Demjanjuk, kondenatutako nazien heriotza-esparruko zaindaria","Demjanjuk, nazien heriotza-esparruko zaindari ohia",dico_phrasis_0000860__eu-eu__original,EQUIVALENCE
dico_phrasis_0000860__eu-eu__original,dico_phrasis_0000860,eu,eu,"Demjanjuk, nazien heriotza-esparruko zaindari ohia","John Demjanjuk, kondenatutako nazien heriotza-esparruko zaindaria",dico_phrasis_0000860__eu-eu__flipped,EQUIVALENCE
dico_phrasis_0000861__eu-eu__flipped,dico_phrasis_0000861,eu,eu,Olinpiar Jokoetan,Joko Olinpikoetan,dico_phrasis_0000861__eu-eu__original,EQUIVALENCE
dico_phrasis_0000861__eu-eu__original,dico_phrasis_0000861,eu,eu,Joko Olinpikoetan,Olinpiar Jokoetan,dico_phrasis_0000861__eu-eu__flipped,EQUIVALENCE
dico_phrasis_0000862__eu-eu__flipped,dico_phrasis_0000862,eu,eu,Baimenduta,baimendu,dico_phrasis_0000862__eu-eu__original,EQUIVALENCE
dico_phrasis_0000862__eu-eu__original,dico_phrasis_0000862,eu,eu,baimendu,Baimenduta,dico_phrasis_0000862__eu-eu__flipped,EQUIVALENCE
dico_phrasis_0000864__eu-eu__flipped,dico_phrasis_0000864,eu,eu,«house sister» eskandaluagatik,«house sister» deituriko polemikagatik,dico_phrasis_0000864__eu-eu__original,EQUIVALENCE
dico_phrasis_0000864__eu-eu__original,dico_phrasis_0000864,eu,eu,«house sister» deituriko polemikagatik,«house sister» eskandaluagatik,dico_phrasis_0000864__eu-eu__flipped,EQUIVALENCE
dico_phrasis_0000865__eu-eu__flipped,dico_phrasis_0000865,eu,eu,amildu egiten da,behera egiten du nabarmen,dico_phrasis_0000865__eu-eu__original,EQUIVALENCE
dico_phrasis_0000865__eu-eu__original,dico_phrasis_0000865,eu,eu,behera egiten du nabarmen,amildu egiten da,dico_phrasis_0000865__eu-eu__flipped,EQUIVALENCE
dico_phrasis_0000868__eu-eu__flipped,dico_phrasis_0000868,eu,eu,Erretiratu da,Erretiroa iragarri du,dico_phrasis_0000868__eu-eu__original,EQUIVALENCE
dico_phrasis_0000868__eu-eu__original,dico_phrasis_0000868,eu,eu,Erretiroa iragarri du,Erretiratu da,dico_phrasis_0000868__eu-eu__flipped,EQUIVALENCE
dico_phrasis_0000871__eu-eu__flipped,dico_phrasis_0000871,eu,eu,Lance Armstrongen film biografikoa,Lance Armstrongi buruzko film biografiko bat,dico_phrasis_0000871__eu-eu__original,EQUIVALENCE
dico_phrasis_0000871__eu-eu__original,dico_phrasis_0000871,eu,eu,Lance Armstrongi buruzko film biografiko bat,Lance Armstrongen film biografikoa,dico_phrasis_0000871__eu-eu__flipped,EQUIVALENCE
dico_phrasis_0000873__eu-eu__flipped,dico_phrasis_0000873,eu,eu,ospitalean,ospitale baten barruan,dico_phrasis_0000873__eu-eu__original,EQUIVALENCE
dico_phrasis_0000873__eu-eu__original,dico_phrasis_0000873,eu,eu,ospitale baten barruan,ospitalean,dico_phrasis_0000873__eu-eu__flipped,EQUIVALENCE
dico_phrasis_0000877__eu-eu__flipped,dico_phrasis_0000877,eu,eu,sutan utzita,sutan,dico_phrasis_0000877__eu-eu__original,EQUIVALENCE
dico_phrasis_0000877__eu-eu__original,dico_phrasis_0000877,eu,eu,sutan,sutan utzita,dico_phrasis_0000877__eu-eu__flipped,EQUIVALENCE
dico_phrasis_0000878__eu-eu__flipped,dico_phrasis_0000878,eu,eu,«amildegi fiskalari» buruzko akordioa,amildegi fiskalari buruzko akordioa,dico_phrasis_0000878__eu-eu__original,EQUIVALENCE
dico_phrasis_0000878__eu-eu__original,dico_phrasis_0000878,eu,eu,amildegi fiskalari buruzko akordioa,«amildegi fiskalari» buruzko akordioa,dico_phrasis_0000878__eu-eu__flipped,EQUIVALENCE
dico_phrasis_0000879__eu-eu__flipped,dico_phrasis_0000879,eu,eu,Jenni Rivera musika-izar mexikarra,Jenni Rivera abeslari mexikarra,dico_phrasis_0000879__eu-eu__original,EQUIVALENCE
dico_phrasis_0000879__eu-eu__original,dico_phrasis_0000879,eu,eu,Jenni Rivera abeslari mexikarra,Jenni Rivera musika-izar mexikarra,dico_phrasis_0000879__eu-eu__flipped,EQUIVALENCE
dico_phrasis_0000880__eu-eu__flipped,dico_phrasis_0000880,eu,eu,Bangladesheko eraikin-kolapsoa,Bangladesheko eraikin baten kolapsoa,dico_phrasis_0000880__eu-eu__original,EQUIVALENCE
dico_phrasis_0000880__eu-eu__original,dico_phrasis_0000880,eu,eu,Bangladesheko eraikin baten kolapsoa,Bangladesheko eraikin-kolapsoa,dico_phrasis_0000880__eu-eu__flipped,EQUIVALENCE
dico_phrasis_0000883__eu-eu__flipped,dico_phrasis_0000883,eu,eu,hasierako onespena,hasierako oniritzia,dico_phrasis_0000883__eu-eu__original,EQUIVALENCE
dico_phrasis_0000883__eu-eu__original,dico_phrasis_0000883,eu,eu,hasierako oniritzia,hasierako onespena,dico_phrasis_0000883__eu-eu__flipped,EQUIVALENCE
dico_phrasis_0000884__eu-eu__flipped,dico_phrasis_0000884,eu,eu,Fla. apartamentu-tiroketaren ondoren,Floridako apartamentu-tiroketaren ondoren,dico_phrasis_0000884__eu-eu__original,EQUIVALENCE
dico_phrasis_0000884__eu-eu__original,dico_phrasis_0000884,eu,eu,Floridako apartamentu-tiroketaren ondoren,Fla. apartamentu-tiroketaren ondoren,dico_phrasis_0000884__eu-eu__flipped,EQUIVALENCE
dico_phrasis_0000885__eu-eu__flipped,dico_phrasis_0000885,eu,eu,poliziak egina,legea betearazteko agenteek burutua,dico_phrasis_0000885__eu-eu__original,EQUIVALENCE
dico_phrasis_0000885__eu-eu__original,dico_phrasis_0000885,eu,eu,legea betearazteko agenteek burutua,poliziak egina,dico_phrasis_0000885__eu-eu__flipped,EQUIVALENCE
dico_phrasis_0000886__eu-eu__flipped,dico_phrasis_0000886,eu,eu,Diana Galesko printzesari eta Dodi Al-Fayedi buruzkoa,Diana printzesari eta Dodi Fayedi buruzkoa,dico_phrasis_0000886__eu-eu__original,EQUIVALENCE
dico_phrasis_0000886__eu-eu__original,dico_phrasis_0000886,eu,eu,Diana printzesari eta Dodi Fayedi buruzkoa,Diana Galesko printzesari eta Dodi Al-Fayedi buruzkoa,dico_phrasis_0000886__eu-eu__flipped,EQUIVALENCE
dico_phrasis_0000888__eu-eu__flipped,dico_phrasis_0000888,eu,eu,Indiako Modi,Narendra Modi,dico_phrasis_0000888__eu-eu__original,EQUIVALENCE
dico_phrasis_0000888__eu-eu__original,dico_phrasis_0000888,eu,eu,Narendra Modi,Indiako Modi,dico_phrasis_0000888__eu-eu__flipped,EQUIVALENCE
dico_phrasis_0000889__eu-eu__flipped,dico_phrasis_0000889,eu,eu,debekua kentzean,baimentzean,dico_phrasis_0000889__eu-eu__original,EQUIVALENCE
dico_phrasis_0000889__eu-eu__original,dico_phrasis_0000889,eu,eu,baimentzean,debekua kentzean,dico_phrasis_0000889__eu-eu__flipped,EQUIVALENCE
dico_phrasis_0000891__eu-eu__flipped,dico_phrasis_0000891,eu,eu,Bozkatzen du,bozkatzea,dico_phrasis_0000891__eu-eu__original,EQUIVALENCE
dico_phrasis_0000891__eu-eu__original,dico_phrasis_0000891,eu,eu,bozkatzea,Bozkatzen du,dico_phrasis_0000891__eu-eu__flipped,EQUIVALENCE
dico_phrasis_0000892__eu-eu__flipped,dico_phrasis_0000892,eu,eu,Errusian ikatz-meategi batean izandako leherketan,Errusiako ikatz-meategi batean izandako leherketan,dico_phrasis_0000892__eu-eu__original,EQUIVALENCE
dico_phrasis_0000892__eu-eu__original,dico_phrasis_0000892,eu,eu,Errusiako ikatz-meategi batean izandako leherketan,Errusian ikatz-meategi batean izandako leherketan,dico_phrasis_0000892__eu-eu__flipped,EQUIVALENCE
dico_phrasis_0000894__eu-eu__flipped,dico_phrasis_0000894,eu,eu,Elur-ekaitzak bortizki jotzen du,Elur-ekaitzak gogor jotzen du,dico_phrasis_0000894__eu-eu__original,EQUIVALENCE
dico_phrasis_0000894__eu-eu__original,dico_phrasis_0000894,eu,eu,Elur-ekaitzak gogor jotzen du,Elur-ekaitzak bortizki jotzen du,dico_phrasis_0000894__eu-eu__flipped,EQUIVALENCE
dico_phrasis_0000898__eu-eu__flipped,dico_phrasis_0000898,eu,eu,Kosovoko organo-trafikoaren auzian zehar,Kosovoko organo-trafikoaren auzian,dico_phrasis_0000898__eu-eu__original,EQUIVALENCE
dico_phrasis_0000898__eu-eu__original,dico_phrasis_0000898,eu,eu,Kosovoko organo-trafikoaren auzian,Kosovoko organo-trafikoaren auzian zehar,dico_phrasis_0000898__eu-eu__flipped,EQUIVALENCE
dico_phrasis_0000899__eu-eu__flipped,dico_phrasis_0000899,eu,eu,JFKren heriotzari buruz,JFKren heriotzaz,dico_phrasis_0000899__eu-eu__original,EQUIVALENCE
dico_phrasis_0000899__eu-eu__original,dico_phrasis_0000899,eu,eu,JFKren heriotzaz,JFKren heriotzari buruz,dico_phrasis_0000899__eu-eu__flipped,EQUIVALENCE
dico_phrasis_0000900__eu-eu__flipped,dico_phrasis_0000900,eu,eu,aske uztea onartzen du,aske uzten du,dico_phrasis_0000900__eu-eu__original,EQUIVALENCE
dico_phrasis_0000900__eu-eu__original,dico_phrasis_0000900,eu,eu,aske uzten du,aske uztea onartzen du,dico_phrasis_0000900__eu-eu__flipped,EQUIVALENCE
dico_phrasis_0000901__eu-eu__flipped,dico_phrasis_0000901,eu,eu,hiru hiritan,3 hiritan,dico_phrasis_0000901__eu-eu__original,EQUIVALENCE
dico_phrasis_0000901__eu-eu__original,dico_phrasis_0000901,eu,eu,3 hiritan,hiru hiritan,dico_phrasis_0000901__eu-eu__flipped,EQUIVALENCE
dico_phrasis_0000902__eu-eu__flipped,dico_phrasis_0000902,eu,eu,Egiptoko presidentea,Egiptoko buruzagia,dico_phrasis_0000902__eu-eu__original,EQUIVALENCE
dico_phrasis_0000902__eu-eu__original,dico_phrasis_0000902,eu,eu,Egiptoko buruzagia,Egiptoko presidentea,dico_phrasis_0000902__eu-eu__flipped,EQUIVALENCE
dico_phrasis_0000903__eu-eu__flipped,dico_phrasis_0000903,eu,eu,38 mila milioi AEBko dolarreko errekorra,38 mila milioi dolarreko errekorra,dico_phrasis_0000903__eu-eu__original,EQUIVALENCE
dico_phrasis_0000903__eu-eu__original,dico_phrasis_0000903,eu,eu,38 mila milioi dolarreko errekorra,38 mila milioi AEBko dolarreko errekorra,dico_phrasis_0000903__eu-eu__flipped,EQUIVALENCE
dico_phrasis_0000909__eu-eu__flipped,dico_phrasis_0000909,eu,eu,Kanadako tren-istripuan,Kanadako tren-hondamendian,dico_phrasis_0000909__eu-eu__original,EQUIVALENCE
dico_phrasis_0000909__eu-eu__original,dico_phrasis_0000909,eu,eu,Kanadako tren-hondamendian,Kanadako tren-istripuan,dico_phrasis_0000909__eu-eu__flipped,EQUIVALENCE
dico_phrasis_0000910__eu-eu__flipped,dico_phrasis_0000910,eu,eu,atzeratzea,atzeratu dezake,dico_phrasis_0000910__eu-eu__original,EQUIVALENCE
dico_phrasis_0000910__eu-eu__original,dico_phrasis_0000910,eu,eu,atzeratu dezake,atzeratzea,dico_phrasis_0000910__eu-eu__flipped,EQUIVALENCE
dico_phrasis_0000912__eu-eu__flipped,dico_phrasis_0000912,eu,eu,lan egiten du,lanean ari da,dico_phrasis_0000912__eu-eu__original,EQUIVALENCE
dico_phrasis_0000912__eu-eu__original,dico_phrasis_0000912,eu,eu,lanean ari da,lan egiten du,dico_phrasis_0000912__eu-eu__flipped,EQUIVALENCE
dico_phrasis_0000913__eu-eu__flipped,dico_phrasis_0000913,eu,eu,1-Egiptoko Mursiren aldeko aliantzak malgutasuna adierazten du,Egiptoko Mursiren aldeko aliantzak konpromisorako prestutasuna adierazten du,dico_phrasis_0000913__eu-eu__original,EQUIVALENCE
dico_phrasis_0000913__eu-eu__original,dico_phrasis_0000913,eu,eu,Egiptoko Mursiren aldeko aliantzak konpromisorako prestutasuna adierazten du,1-Egiptoko Mursiren aldeko aliantzak malgutasuna adierazten du,dico_phrasis_0000913__eu-eu__flipped,EQUIVALENCE
dico_phrasis_0000914__eu-eu__flipped,dico_phrasis_0000914,eu,eu,Egiptoko Barne ministroa,Egiptoko barne-arazoetarako ministroa,dico_phrasis_0000914__eu-eu__original,EQUIVALENCE
dico_phrasis_0000914__eu-eu__original,dico_phrasis_0000914,eu,eu,Egiptoko barne-arazoetarako ministroa,Egiptoko Barne ministroa,dico_phrasis_0000914__eu-eu__flipped,EQUIVALENCE
dico_phrasis_0000916__eu-eu__flipped,dico_phrasis_0000916,eu,eu,Raffles Place eta Marina Bay artean,Raffles Place barrutia Marina Bay eremuarekin lotuz,dico_phrasis_0000916__eu-eu__original,EQUIVALENCE
dico_phrasis_0000916__eu-eu__original,dico_phrasis_0000916,eu,eu,Raffles Place barrutia Marina Bay eremuarekin lotuz,Raffles Place eta Marina Bay artean,dico_phrasis_0000916__eu-eu__flipped,EQUIVALENCE
dico_phrasis_0000919__eu-eu__flipped,dico_phrasis_0000919,eu,eu,Asiako akzioak,Asiako merkatuak,dico_phrasis_0000919__eu-eu__original,EQUIVALENCE
dico_phrasis_0000919__eu-eu__original,dico_phrasis_0000919,eu,eu,Asiako merkatuak,Asiako akzioak,dico_phrasis_0000919__eu-eu__flipped,EQUIVALENCE
dico_phrasis_0000920__eu-eu__flipped,dico_phrasis_0000920,eu,eu,hiru asteko maximoak,3 asteko maximoa,dico_phrasis_0000920__eu-eu__original,EQUIVALENCE
dico_phrasis_0000920__eu-eu__original,dico_phrasis_0000920,eu,eu,3 asteko maximoa,hiru asteko maximoak,dico_phrasis_0000920__eu-eu__flipped,EQUIVALENCE
dico_phrasis_0000922__eu-eu__flipped,dico_phrasis_0000922,eu,eu,Filipinak,Filipinetako nazioa,dico_phrasis_0000922__eu-eu__original,EQUIVALENCE
dico_phrasis_0000922__eu-eu__original,dico_phrasis_0000922,eu,eu,Filipinetako nazioa,Filipinak,dico_phrasis_0000922__eu-eu__flipped,EQUIVALENCE
dico_phrasis_0000924__eu-eu__flipped,dico_phrasis_0000924,eu,eu,Txinako yuana,Txinako renminbia,dico_phrasis_0000924__eu-eu__original,EQUIVALENCE
dico_phrasis_0000924__eu-eu__original,dico_phrasis_0000924,eu,eu,Txinako renminbia,Txinako yuana,dico_phrasis_0000924__eu-eu__flipped,EQUIVALENCE
dico_phrasis_0000925__eu-eu__flipped,dico_phrasis_0000925,eu,eu,zigorra jasotzekoa izatea,zigortua izatea,dico_phrasis_0000925__eu-eu__original,EQUIVALENCE
dico_phrasis_0000925__eu-eu__original,dico_phrasis_0000925,eu,eu,zigortua izatea,zigorra jasotzekoa izatea,dico_phrasis_0000925__eu-eu__flipped,EQUIVALENCE
dico_phrasis_0000926__eu-eu__flipped,dico_phrasis_0000926,eu,eu,izena ematea,izena ematen du,dico_phrasis_0000926__eu-eu__original,EQUIVALENCE
dico_phrasis_0000926__eu-eu__original,dico_phrasis_0000926,eu,eu,izena ematen du,izena ematea,dico_phrasis_0000926__eu-eu__flipped,EQUIVALENCE
dico_phrasis_0000927__eu-eu__flipped,dico_phrasis_0000927,eu,eu,hiltzen ari da,hil zuen,dico_phrasis_0000927__eu-eu__original,EQUIVALENCE
dico_phrasis_0000927__eu-eu__original,dico_phrasis_0000927,eu,eu,hil zuen,hiltzen ari da,dico_phrasis_0000927__eu-eu__flipped,EQUIVALENCE
dico_phrasis_0000930__eu-eu__flipped,dico_phrasis_0000930,eu,eu,bozkatu,botoa eman,dico_phrasis_0000930__eu-eu__original,EQUIVALENCE
dico_phrasis_0000930__eu-eu__original,dico_phrasis_0000930,eu,eu,botoa eman,bozkatu,dico_phrasis_0000930__eu-eu__flipped,EQUIVALENCE
dico_phrasis_0000934__eu-eu__flipped,dico_phrasis_0000934,eu,eu,harrapatu du,harrapatzen du,dico_phrasis_0000934__eu-eu__original,EQUIVALENCE
dico_phrasis_0000934__eu-eu__original,dico_phrasis_0000934,eu,eu,harrapatzen du,harrapatu du,dico_phrasis_0000934__eu-eu__flipped,EQUIVALENCE
dico_phrasis_0000935__eu-eu__flipped,dico_phrasis_0000935,eu,eu,Irango presidente Hassan Rouhani,Irango buruzagi Rouhani,dico_phrasis_0000935__eu-eu__original,EQUIVALENCE
dico_phrasis_0000935__eu-eu__original,dico_phrasis_0000935,eu,eu,Irango buruzagi Rouhani,Irango presidente Hassan Rouhani,dico_phrasis_0000935__eu-eu__flipped,EQUIVALENCE
dico_phrasis_0000937__eu-eu__flipped,dico_phrasis_0000937,eu,eu,bost akusatu guztiak,bost akusatuak,dico_phrasis_0000937__eu-eu__original,EQUIVALENCE
dico_phrasis_0000937__eu-eu__original,dico_phrasis_0000937,eu,eu,bost akusatuak,bost akusatu guztiak,dico_phrasis_0000937__eu-eu__flipped,EQUIVALENCE
dico_phrasis_0000938__eu-eu__flipped,dico_phrasis_0000938,eu,eu,galdekatua,galderei erantzun behar die,dico_phrasis_0000938__eu-eu__original,EQUIVALENCE
dico_phrasis_0000938__eu-eu__original,dico_phrasis_0000938,eu,eu,galderei erantzun behar die,galdekatua,dico_phrasis_0000938__eu-eu__flipped,EQUIVALENCE
dico_phrasis_0000940__eu-eu__flipped,dico_phrasis_0000940,eu,eu,ezkontzeko,ezkontzarako,dico_phrasis_0000940__eu-eu__original,EQUIVALENCE
dico_phrasis_0000940__eu-eu__original,dico_phrasis_0000940,eu,eu,ezkontzarako,ezkontzeko,dico_phrasis_0000940__eu-eu__flipped,EQUIVALENCE
dico_phrasis_0000941__eu-eu__flipped,dico_phrasis_0000941,eu,eu,pub batean izandako helikoptero-istripuaren ondoren,helikoptero bat pub baten kontra erori ondoren,dico_phrasis_0000941__eu-eu__original,EQUIVALENCE
dico_phrasis_0000941__eu-eu__original,dico_phrasis_0000941,eu,eu,helikoptero bat pub baten kontra erori ondoren,pub batean izandako helikoptero-istripuaren ondoren,dico_phrasis_0000941__eu-eu__flipped,EQUIVALENCE
dico_phrasis_0000945__eu-eu__flipped,dico_phrasis_0000945,eu,eu,Bost palestinar,5 palestinar,dico_phrasis_0000945__eu-eu__original,EQUIVALENCE
dico_phrasis_0000945__eu-eu__original,dico_phrasis_0000945,eu,eu,5 palestinar,Bost palestinar,dico_phrasis_0000945__eu-eu__flipped,EQUIVALENCE
dico_phrasis_0000949__eu-eu__flipped,dico_phrasis_0000949,eu,eu,Hegoafrikako Nelson Mandela,Hegoafrikako ikono Nelson Mandela,dico_phrasis_0000949__eu-eu__original,EQUIVALENCE
dico_phrasis_0000949__eu-eu__original,dico_phrasis_0000949,eu,eu,Hegoafrikako ikono Nelson Mandela,Hegoafrikako Nelson Mandela,dico_phrasis_0000949__eu-eu__flipped,EQUIVALENCE
dico_phrasis_0000951__eu-eu__flipped,dico_phrasis_0000951,eu,eu,Cannesen dagoen lapurra,Cannesko lapurra,dico_phrasis_0000951__eu-eu__original,EQUIVALENCE
dico_phrasis_0000951__eu-eu__original,dico_phrasis_0000951,eu,eu,Cannesko lapurra,Cannesen dagoen lapurra,dico_phrasis_0000951__eu-eu__flipped,EQUIVALENCE
dico_phrasis_0000955__eu-eu__flipped,dico_phrasis_0000955,eu,eu,Bostongo maratoiaren ekitaldian,Bostongo maratoian,dico_phrasis_0000955__eu-eu__original,EQUIVALENCE
dico_phrasis_0000955__eu-eu__original,dico_phrasis_0000955,eu,eu,Bostongo maratoian,Bostongo maratoiaren ekitaldian,dico_phrasis_0000955__eu-eu__flipped,EQUIVALENCE
dico_phrasis_0000956__eu-eu__flipped,dico_phrasis_0000956,eu,eu,Kenyako AG,Kenyako Auzitegi Gorena,dico_phrasis_0000956__eu-eu__original,EQUIVALENCE
dico_phrasis_0000956__eu-eu__original,dico_phrasis_0000956,eu,eu,Kenyako Auzitegi Gorena,Kenyako AG,dico_phrasis_0000956__eu-eu__flipped,EQUIVALENCE
dico_phrasis_0000957__eu-eu__flipped,dico_phrasis_0000957,eu,eu,Venezuelako presidente Hugo Chavez,Venezuelako Hugo Chavez,dico_phrasis_0000957__eu-eu__original,EQUIVALENCE
dico_phrasis_0000957__eu-eu__original,dico_phrasis_0000957,eu,eu,Venezuelako Hugo Chavez,Venezuelako presidente Hugo Chavez,dico_phrasis_0000957__eu-eu__flipped,EQUIVALENCE
dico_phrasis_0000959__eu-eu__flipped,dico_phrasis_0000959,eu,eu,Siriako mugen barruan,Sirian,dico_phrasis_0000959__eu-eu__original,EQUIVALENCE
dico_phrasis_0000959__eu-eu__original,dico_phrasis_0000959,eu,eu,Sirian,Siriako mugen barruan,dico_phrasis_0000959__eu-eu__flipped,EQUIVALENCE
dico_phrasis_0000960__eu-eu__flipped,dico_phrasis_0000960,eu,eu,Ez du froga erabakigarririk ikusten,Ezin da ondorio erabakigarririk atera,dico_phrasis_0000960__eu-eu__original,EQUIVALENCE
dico_phrasis_0000960__eu-eu__original,dico_phrasis_0000960,eu,eu,Ezin da ondorio erabakigarririk atera,Ez du froga erabakigarririk ikusten,dico_phrasis_0000960__eu-eu__flipped,EQUIVALENCE
dico_phrasis_0000961__eu-eu__flipped,dico_phrasis_0000961,eu,eu,Doris Lessing Nobel sariduna,Nobel saria irabazi zuen Doris Lessing idazlea,dico_phrasis_0000961__eu-eu__original,EQUIVALENCE
dico_phrasis_0000961__eu-eu__original,dico_phrasis_0000961,eu,eu,Nobel saria irabazi zuen Doris Lessing idazlea,Doris Lessing Nobel sariduna,dico_phrasis_0000961__eu-eu__flipped,EQUIVALENCE
dico_phrasis_0000962__eu-eu__flipped,dico_phrasis_0000962,eu,eu,Bostongo bonbaren susmagarria,Bostongo atentatuaren susmagarria,dico_phrasis_0000962__eu-eu__original,EQUIVALENCE
dico_phrasis_0000962__eu-eu__original,dico_phrasis_0000962,eu,eu,Bostongo atentatuaren susmagarria,Bostongo bonbaren susmagarria,dico_phrasis_0000962__eu-eu__flipped,EQUIVALENCE
dico_phrasis_0000964__eu-eu__flipped,dico_phrasis_0000964,eu,eu,koroatua da,koroa jasotzen du,dico_phrasis_0000964__eu-eu__original,EQUIVALENCE
dico_phrasis_0000964__eu-eu__original,dico_phrasis_0000964,eu,eu,koroa jasotzen du,koroatua da,dico_phrasis_0000964__eu-eu__flipped,EQUIVALENCE
dico_phrasis_0000967__eu-eu__flipped,dico_phrasis_0000967,eu,eu,Siriako armada,Siriako tropak,dico_phrasis_0000967__eu-eu__original,EQUIVALENCE
dico_phrasis_0000967__eu-eu__original,dico_phrasis_0000967,eu,eu,Siriako tropak,Siriako armada,dico_phrasis_0000967__eu-eu__flipped,EQUIVALENCE
dico_phrasis_0000969__eu-eu__flipped,dico_phrasis_0000969,eu,eu,omenaldia egin,omenaldia egiten du,dico_phrasis_0000969__eu-eu__original,EQUIVALENCE
dico_phrasis_0000969__eu-eu__original,dico_phrasis_0000969,eu,eu,omenaldia egiten du,omenaldia egin,dico_phrasis_0000969__eu-eu__flipped,EQUIVALENCE
dico_phrasis_0000970__eu-eu__flipped,dico_phrasis_0000970,eu,eu,Mandelari,Nelson Mandelari,dico_phrasis_0000970__eu-eu__original,EQUIVALENCE
dico_phrasis_0000970__eu-eu__original,dico_phrasis_0000970,eu,eu,Nelson Mandelari,Mandelari,dico_phrasis_0000970__eu-eu__flipped,EQUIVALENCE
dico_phrasis_0000971__eu-eu__flipped,dico_phrasis_0000971,eu,eu,prentsaren afarian,kazetarien afarian,dico_phrasis_0000971__eu-eu__original,EQUIVALENCE
dico_phrasis_0000971__eu-eu__original,dico_phrasis_0000971,eu,eu,kazetarien afarian,prentsaren afarian,dico_phrasis_0000971__eu-eu__flipped,EQUIVALENCE
dico_phrasis_0000973__eu-eu__flipped,dico_phrasis_0000973,eu,eu,Indonesiako sumendi-erupzioan,Indonesiako sumendi-erupzioak eraginda,dico_phrasis_0000973__eu-eu__original,EQUIVALENCE
dico_phrasis_0000973__eu-eu__original,dico_phrasis_0000973,eu,eu,Indonesiako sumendi-erupzioak eraginda,Indonesiako sumendi-erupzioan,dico_phrasis_0000973__eu-eu__flipped,EQUIVALENCE
dico_phrasis_0000974__eu-eu__flipped,dico_phrasis_0000974,eu,eu,bukatu,amaitu,dico_phrasis_0000974__eu-eu__original,EQUIVALENCE
dico_phrasis_0000974__eu-eu__original,dico_phrasis_0000974,eu,eu,amaitu,bukatu,dico_phrasis_0000974__eu-eu__flipped,EQUIVALENCE
dico_phrasis_0000976__eu-eu__flipped,dico_phrasis_0000976,eu,eu,Brasilgo liderra,Brasilgo buruzagia,dico_phrasis_0000976__eu-eu__original,EQUIVALENCE
dico_phrasis_0000976__eu-eu__original,dico_phrasis_0000976,eu,eu,Brasilgo buruzagia,Brasilgo liderra,dico_phrasis_0000976__eu-eu__flipped,EQUIVALENCE
dico_phrasis_0000978__eu-eu__flipped,dico_phrasis_0000978,eu,eu,AEBetako drone-erasoa,Ustezko AEBetako drone-erasoa,dico_phrasis_0000978__eu-eu__original,EQUIVALENCE
dico_phrasis_0000978__eu-eu__original,dico_phrasis_0000978,eu,eu,Ustezko AEBetako drone-erasoa,AEBetako drone-erasoa,dico_phrasis_0000978__eu-eu__flipped,EQUIVALENCE
dico_phrasis_0000981__eu-eu__flipped,dico_phrasis_0000981,eu,eu,Mandela,Nelson Mandela bera,dico_phrasis_0000981__eu-eu__original,EQUIVALENCE
dico_phrasis_0000981__eu-eu__original,dico_phrasis_0000981,eu,eu,Nelson Mandela bera,Mandela,dico_phrasis_0000981__eu-eu__flipped,EQUIVALENCE
dico_phrasis_0000984__eu-eu__flipped,dico_phrasis_0000984,eu,eu,Siria barrura,Siria barruan,dico_phrasis_0000984__eu-eu__original,EQUIVALENCE
dico_phrasis_0000984__eu-eu__original,dico_phrasis_0000984,eu,eu,Siria barruan,Siria barrura,dico_phrasis_0000984__eu-eu__flipped,EQUIVALENCE
dico_phrasis_0000987__eu-eu__flipped,dico_phrasis_0000987,eu,eu,Doctor Who telesaila,Doctor Who,dico_phrasis_0000987__eu-eu__original,EQUIVALENCE
dico_phrasis_0000987__eu-eu__original,dico_phrasis_0000987,eu,eu,Doctor Who,Doctor Who telesaila,dico_phrasis_0000987__eu-eu__flipped,EQUIVALENCE
dico_phrasis_0000989__eu-eu__flipped,dico_phrasis_0000989,eu,eu,Barbara Bush lehen dama izandakoa,Barbara Bush lehen dama ohia,dico_phrasis_0000989__eu-eu__original,EQUIVALENCE
dico_phrasis_0000989__eu-eu__original,dico_phrasis_0000989,eu,eu,Barbara Bush lehen dama ohia,Barbara Bush lehen dama izandakoa,dico_phrasis_0000989__eu-eu__flipped,EQUIVALENCE
dico_phrasis_0000990__eu-eu__flipped,dico_phrasis_0000990,eu,eu,Txinan polizia-etxe baten aurkako erasoan,Txinatar polizia-etxe baten aurkako erasoan,dico_phrasis_0000990__eu-eu__original,EQUIVALENCE
dico_phrasis_0000990__eu-eu__original,dico_phrasis_0000990,eu,eu,Txinatar polizia-etxe baten aurkako erasoan,Txinan polizia-etxe baten aurkako erasoan,dico_phrasis_0000990__eu-eu__flipped,EQUIVALENCE
dico_phrasis_0000993__eu-eu__flipped,dico_phrasis_0000993,eu,eu,Pussy Riot taldeko partaide Maria Alyokhina,Pussy Riot taldeko kide Alyokhina,dico_phrasis_0000993__eu-eu__original,EQUIVALENCE
dico_phrasis_0000993__eu-eu__original,dico_phrasis_0000993,eu,eu,Pussy Riot taldeko kide Alyokhina,Pussy Riot taldeko partaide Maria Alyokhina,dico_phrasis_0000993__eu-eu__flipped,EQUIVALENCE
dico_phrasis_0000995__eu-eu__flipped,dico_phrasis_0000995,eu,eu,bere gain hartzea,bere gain hartzen du,dico_phrasis_0000995__eu-eu__original,EQUIVALENCE
dico_phrasis_0000995__eu-eu__original,dico_phrasis_0000995,eu,eu,bere gain hartzen du,bere gain hartzea,dico_phrasis_0000995__eu-eu__flipped,EQUIVALENCE
dico_phrasis_0000997__eu-eu__flipped,dico_phrasis_0000997,eu,eu,abisua emanda,abisuarekin,dico_phrasis_0000997__eu-eu__original,EQUIVALENCE
dico_phrasis_0000997__eu-eu__original,dico_phrasis_0000997,eu,eu,abisuarekin,abisua emanda,dico_phrasis_0000997__eu-eu__flipped,EQUIVALENCE
dico_phrasis_0000998__eu-eu__flipped,dico_phrasis_0000998,eu,eu,Mohamed Morsiren aldekoei buruz,Morsiren aldekoei buruz,dico_phrasis_0000998__eu-eu__original,EQUIVALENCE
dico_phrasis_0000998__eu-eu__original,dico_phrasis_0000998,eu,eu,Morsiren aldekoei buruz,Mohamed Morsiren aldekoei buruz,dico_phrasis_0000998__eu-eu__flipped,EQUIVALENCE
dico_phrasis_0000999__eu-eu__flipped,dico_phrasis_0000999,eu,eu,Hrithik Roshanek eta Sussannek osatutako senar-emazteak,Hrithik Roshan eta haren emazte Sussanne,dico_phrasis_0000999__eu-eu__original,EQUIVALENCE
dico_phrasis_0000999__eu-eu__original,dico_phrasis_0000999,eu,eu,Hrithik Roshan eta haren emazte Sussanne,Hrithik Roshanek eta Sussannek osatutako senar-emazteak,dico_phrasis_0000999__eu-eu__flipped,EQUIVALENCE
dico_phrasis_0001001__eu-eu__flipped,dico_phrasis_0001001,eu,eu,"Tiro-hotsak, leherketak","Tiroak, leherketak",dico_phrasis_0001001__eu-eu__original,EQUIVALENCE
dico_phrasis_0001001__eu-eu__original,dico_phrasis_0001001,eu,eu,"Tiroak, leherketak","Tiro-hotsak, leherketak",dico_phrasis_0001001__eu-eu__flipped,EQUIVALENCE
dico_phrasis_0001002__eu-eu__flipped,dico_phrasis_0001002,eu,eu,borrokatu,borrokan aritu,dico_phrasis_0001002__eu-eu__original,EQUIVALENCE
dico_phrasis_0001002__eu-eu__original,dico_phrasis_0001002,eu,eu,borrokan aritu,borrokatu,dico_phrasis_0001002__eu-eu__flipped,EQUIVALENCE
dico_phrasis_0001003__eu-eu__flipped,dico_phrasis_0001003,eu,eu,gerra-legeen urraketengatik,gerra-krimenengatik,dico_phrasis_0001003__eu-eu__original,EQUIVALENCE
dico_phrasis_0001003__eu-eu__original,dico_phrasis_0001003,eu,eu,gerra-krimenengatik,gerra-legeen urraketengatik,dico_phrasis_0001003__eu-eu__flipped,EQUIVALENCE
dico_phrasis_0001004__eu-eu__flipped,dico_phrasis_0001004,eu,eu,manifestariei buruz,protesten artean,dico_phrasis_0001004__eu-eu__original,EQUIVALENCE
dico_phrasis_0001004__eu-eu__original,dico_phrasis_0001004,eu,eu,protesten artean,manifestariei buruz,dico_phrasis_0001004__eu-eu__flipped,EQUIVALENCE
dico_phrasis_0001006__eu-eu__flipped,dico_phrasis_0001006,eu,eu,Gazako Zerrendaren barruan,Gazan,dico_phrasis_0001006__eu-eu__original,EQUIVALENCE
dico_phrasis_0001006__eu-eu__original,dico_phrasis_0001006,eu,eu,Gazan,Gazako Zerrendaren barruan,dico_phrasis_0001006__eu-eu__flipped,EQUIVALENCE
dico_phrasis_0001008__eu-eu__flipped,dico_phrasis_0001008,eu,eu,hildakoen artean,hildakoak,dico_phrasis_0001008__eu-eu__original,EQUIVALENCE
dico_phrasis_0001008__eu-eu__original,dico_phrasis_0001008,eu,eu,hildakoak,hildakoen artean,dico_phrasis_0001008__eu-eu__flipped,EQUIVALENCE
dico_phrasis_0001010__eu-eu__flipped,dico_phrasis_0001010,eu,eu,harrapatzen du,harrapatua izan da,dico_phrasis_0001010__eu-eu__original,EQUIVALENCE
dico_phrasis_0001010__eu-eu__original,dico_phrasis_0001010,eu,eu,harrapatua izan da,harrapatzen du,dico_phrasis_0001010__eu-eu__flipped,EQUIVALENCE
dico_phrasis_0001011__eu-eu__flipped,dico_phrasis_0001011,eu,eu,absolbitua,errugabetzat joa,dico_phrasis_0001011__eu-eu__original,EQUIVALENCE
dico_phrasis_0001011__eu-eu__original,dico_phrasis_0001011,eu,eu,errugabetzat joa,absolbitua,dico_phrasis_0001011__eu-eu__flipped,EQUIVALENCE
dico_phrasis_0001012__eu-eu__flipped,dico_phrasis_0001012,eu,eu,AEB-Errusiako akordioa,AEB-Errusia akordioa,dico_phrasis_0001012__eu-eu__original,EQUIVALENCE
dico_phrasis_0001012__eu-eu__original,dico_phrasis_0001012,eu,eu,AEB-Errusia akordioa,AEB-Errusiako akordioa,dico_phrasis_0001012__eu-eu__flipped,EQUIVALENCE
dico_phrasis_0001014__eu-eu__flipped,dico_phrasis_0001014,eu,eu,askapena,askatzeko ekintza,dico_phrasis_0001014__eu-eu__original,EQUIVALENCE
dico_phrasis_0001014__eu-eu__original,dico_phrasis_0001014,eu,eu,askatzeko ekintza,askapena,dico_phrasis_0001014__eu-eu__flipped,EQUIVALENCE
dico_phrasis_0001015__eu-eu__flipped,dico_phrasis_0001015,eu,eu,ezkontzeko asmoa,ezkontzeko,dico_phrasis_0001015__eu-eu__original,EQUIVALENCE
dico_phrasis_0001015__eu-eu__original,dico_phrasis_0001015,eu,eu,ezkontzeko,ezkontzeko asmoa,dico_phrasis_0001015__eu-eu__flipped,EQUIVALENCE
dico_phrasis_0001017__eu-eu__flipped,dico_phrasis_0001017,eu,eu,Jesse Jackson Jr. bere ezkontidearekin batera,Jesse Jackson Jr. eta emaztea,dico_phrasis_0001017__eu-eu__original,EQUIVALENCE
dico_phrasis_0001017__eu-eu__original,dico_phrasis_0001017,eu,eu,Jesse Jackson Jr. eta emaztea,Jesse Jackson Jr. bere ezkontidearekin batera,dico_phrasis_0001017__eu-eu__flipped,EQUIVALENCE
dico_phrasis_0001018__eu-eu__flipped,dico_phrasis_0001018,eu,eu,haurren aurkako sexu-erasoak,haurren sexu-abusuak,dico_phrasis_0001018__eu-eu__original,EQUIVALENCE
dico_phrasis_0001018__eu-eu__original,dico_phrasis_0001018,eu,eu,haurren sexu-abusuak,haurren aurkako sexu-erasoak,dico_phrasis_0001018__eu-eu__flipped,EQUIVALENCE
dico_phrasis_0001019__eu-eu__flipped,dico_phrasis_0001019,eu,eu,abdikatzen du,abdikatu,dico_phrasis_0001019__eu-eu__original,EQUIVALENCE
dico_phrasis_0001019__eu-eu__original,dico_phrasis_0001019,eu,eu,abdikatu,abdikatzen du,dico_phrasis_0001019__eu-eu__flipped,EQUIVALENCE
dico_phrasis_0001020__eu-eu__flipped,dico_phrasis_0001020,eu,eu,abiatu,abiatzen da,dico_phrasis_0001020__eu-eu__original,EQUIVALENCE
dico_phrasis_0001020__eu-eu__original,dico_phrasis_0001020,eu,eu,abiatzen da,abiatu,dico_phrasis_0001020__eu-eu__flipped,EQUIVALENCE
dico_phrasis_0001021__eu-eu__flipped,dico_phrasis_0001021,eu,eu,"Mahats gorriak, ahabiak",ahabien eta mahats gorrien konbinazio bat,dico_phrasis_0001021__eu-eu__original,EQUIVALENCE
dico_phrasis_0001021__eu-eu__original,dico_phrasis_0001021,eu,eu,ahabien eta mahats gorrien konbinazio bat,"Mahats gorriak, ahabiak",dico_phrasis_0001021__eu-eu__flipped,EQUIVALENCE
dico_phrasis_0001022__eu-eu__flipped,dico_phrasis_0001022,eu,eu,eskuratu,Erosten du,dico_phrasis_0001022__eu-eu__original,EQUIVALENCE
dico_phrasis_0001022__eu-eu__original,dico_phrasis_0001022,eu,eu,Erosten du,eskuratu,dico_phrasis_0001022__eu-eu__flipped,EQUIVALENCE
dico_phrasis_0001024__eu-eu__flipped,dico_phrasis_0001024,eu,eu,arma-tiro baten ondorioz,tiro baten ondorioz,dico_phrasis_0001024__eu-eu__original,EQUIVALENCE
dico_phrasis_0001024__eu-eu__original,dico_phrasis_0001024,eu,eu,tiro baten ondorioz,arma-tiro baten ondorioz,dico_phrasis_0001024__eu-eu__flipped,EQUIVALENCE
dico_phrasis_0001027__eu-eu__flipped,dico_phrasis_0001027,eu,eu,hasi,hasten da,dico_phrasis_0001027__eu-eu__original,EQUIVALENCE
dico_phrasis_0001027__eu-eu__original,dico_phrasis_0001027,eu,eu,hasten da,hasi,dico_phrasis_0001027__eu-eu__flipped,EQUIVALENCE
dico_phrasis_0001034__eu-eu__flipped,dico_phrasis_0001034,eu,eu,Erretiratzen da,erretiratzea,dico_phrasis_0001034__eu-eu__original,EQUIVALENCE
dico_phrasis_0001034__eu-eu__original,dico_phrasis_0001034,eu,eu,erretiratzea,Erretiratzen da,dico_phrasis_0001034__eu-eu__flipped,EQUIVALENCE
dico_phrasis_0001035__eu-eu__flipped,dico_phrasis_0001035,eu,eu,Morsiren babesleak,Morsiren aldekoak,dico_phrasis_0001035__eu-eu__original,EQUIVALENCE
dico_phrasis_0001035__eu-eu__original,dico_phrasis_0001035,eu,eu,Morsiren aldekoak,Morsiren babesleak,dico_phrasis_0001035__eu-eu__flipped,EQUIVALENCE
dico_phrasis_0001039__eu-eu__flipped,dico_phrasis_0001039,eu,eu,Singapurreko osasun-zentro baten barruan,Singapurreko ospitale batean,dico_phrasis_0001039__eu-eu__original,EQUIVALENCE
dico_phrasis_0001039__eu-eu__original,dico_phrasis_0001039,eu,eu,Singapurreko ospitale batean,Singapurreko osasun-zentro baten barruan,dico_phrasis_0001039__eu-eu__flipped,EQUIVALENCE
dico_phrasis_0001041__eu-eu__flipped,dico_phrasis_0001041,eu,eu,elkarrizketetara,negoziazioetara,dico_phrasis_0001041__eu-eu__original,EQUIVALENCE
dico_phrasis_0001041__eu-eu__original,dico_phrasis_0001041,eu,eu,negoziazioetara,elkarrizketetara,dico_phrasis_0001041__eu-eu__flipped,EQUIVALENCE
dico_phrasis_0001042__eu-eu__flipped,dico_phrasis_0001042,eu,eu,Bangladeshen eraikin bat kolapsatzearen ondoriozko hildako kopurua,Bangladesheko eraikinaren kolapsoaren hildako kopurua,dico_phrasis_0001042__eu-eu__original,EQUIVALENCE
dico_phrasis_0001042__eu-eu__original,dico_phrasis_0001042,eu,eu,Bangladesheko eraikinaren kolapsoaren hildako kopurua,Bangladeshen eraikin bat kolapsatzearen ondoriozko hildako kopurua,dico_phrasis_0001042__eu-eu__flipped,EQUIVALENCE
dico_phrasis_0001044__eu-eu__flipped,dico_phrasis_0001044,eu,eu,otoitzetarako,otoitzarekin,dico_phrasis_0001044__eu-eu__original,EQUIVALENCE
dico_phrasis_0001044__eu-eu__original,dico_phrasis_0001044,eu,eu,otoitzarekin,otoitzetarako,dico_phrasis_0001044__eu-eu__flipped,EQUIVALENCE
dico_phrasis_0001045__eu-eu__flipped,dico_phrasis_0001045,eu,eu,Frantzisko aita santua,Frantzisko,dico_phrasis_0001045__eu-eu__original,EQUIVALENCE
dico_phrasis_0001045__eu-eu__original,dico_phrasis_0001045,eu,eu,Frantzisko,Frantzisko aita santua,dico_phrasis_0001045__eu-eu__flipped,EQUIVALENCE
dico_phrasis_0001049__eu-eu__flipped,dico_phrasis_0001049,eu,eu,Filipinak eta matxinoak,Filipinak talde matxinoekin batera,dico_phrasis_0001049__eu-eu__original,EQUIVALENCE
dico_phrasis_0001049__eu-eu__original,dico_phrasis_0001049,eu,eu,Filipinak talde matxinoekin batera,Filipinak eta matxinoak,dico_phrasis_0001049__eu-eu__flipped,EQUIVALENCE
dico_phrasis_0001052__eu-eu__flipped,dico_phrasis_0001052,eu,eu,Lurrikara berri bortitza,Lurrikara berri indartsua,dico_phrasis_0001052__eu-eu__original,EQUIVALENCE
dico_phrasis_0001052__eu-eu__original,dico_phrasis_0001052,eu,eu,Lurrikara berri indartsua,Lurrikara berri bortitza,dico_phrasis_0001052__eu-eu__flipped,EQUIVALENCE
dico_phrasis_0001053__eu-eu__flipped,dico_phrasis_0001053,eu,eu,Pakistango eskualde suntsitua,Pak eskualde suntsitua,dico_phrasis_0001053__eu-eu__original,EQUIVALENCE
dico_phrasis_0001053__eu-eu__original,dico_phrasis_0001053,eu,eu,Pak eskualde suntsitua,Pakistango eskualde suntsitua,dico_phrasis_0001053__eu-eu__flipped,EQUIVALENCE
dico_phrasis_0001054__eu-eu__flipped,dico_phrasis_0001054,eu,eu,Lilly Pulitzer diseinatzaile eta goi-gizarteko kidea,Lilly Pulitzer moda-diseinatzailea,dico_phrasis_0001054__eu-eu__original,EQUIVALENCE
dico_phrasis_0001054__eu-eu__original,dico_phrasis_0001054,eu,eu,Lilly Pulitzer moda-diseinatzailea,Lilly Pulitzer diseinatzaile eta goi-gizarteko kidea,dico_phrasis_0001054__eu-eu__flipped,EQUIVALENCE
dico_phrasis_0001056__eu-eu__flipped,dico_phrasis_0001056,eu,eu,"John McAfee, softwarean aditua",John McAfee softwarearen gurua,dico_phrasis_0001056__eu-eu__original,EQUIVALENCE
dico_phrasis_0001056__eu-eu__original,dico_phrasis_0001056,eu,eu,John McAfee softwarearen gurua,"John McAfee, softwarean aditua",dico_phrasis_0001056__eu-eu__flipped,EQUIVALENCE
dico_phrasis_0001057__eu-eu__flipped,dico_phrasis_0001057,eu,eu,tornadoak jotako Oklahomara,tornadoak suntsitutako Oklahomara,dico_phrasis_0001057__eu-eu__original,EQUIVALENCE
dico_phrasis_0001057__eu-eu__original,dico_phrasis_0001057,eu,eu,tornadoak suntsitutako Oklahomara,tornadoak jotako Oklahomara,dico_phrasis_0001057__eu-eu__flipped,EQUIVALENCE
dico_phrasis_0001059__eu-eu__flipped,dico_phrasis_0001059,eu,eu,Adly Mansour epailea,Mansour epaile gorena,dico_phrasis_0001059__eu-eu__original,EQUIVALENCE
dico_phrasis_0001059__eu-eu__original,dico_phrasis_0001059,eu,eu,Mansour epaile gorena,Adly Mansour epailea,dico_phrasis_0001059__eu-eu__flipped,EQUIVALENCE
dico_phrasis_0001060__eu-eu__flipped,dico_phrasis_0001060,eu,eu,3 hildako,Hiru hildako,dico_phrasis_0001060__eu-eu__original,EQUIVALENCE
dico_phrasis_0001060__eu-eu__original,dico_phrasis_0001060,eu,eu,Hiru hildako,3 hildako,dico_phrasis_0001060__eu-eu__flipped,EQUIVALENCE
dico_phrasis_0001061__eu-eu__flipped,dico_phrasis_0001061,eu,eu,"IAEA, Iran","Iran, energia atomikoaren agentzia",dico_phrasis_0001061__eu-eu__original,EQUIVALENCE
dico_phrasis_0001061__eu-eu__original,dico_phrasis_0001061,eu,eu,"Iran, energia atomikoaren agentzia","IAEA, Iran",dico_phrasis_0001061__eu-eu__flipped,EQUIVALENCE
dico_phrasis_0001064__eu-eu__flipped,dico_phrasis_0001064,eu,eu,hamarkada bateko espetxealdia,10 urteko espetxealdia,dico_phrasis_0001064__eu-eu__original,EQUIVALENCE
dico_phrasis_0001064__eu-eu__original,dico_phrasis_0001064,eu,eu,10 urteko espetxealdia,hamarkada bateko espetxealdia,dico_phrasis_0001064__eu-eu__flipped,EQUIVALENCE
dico_phrasis_0001065__eu-eu__flipped,dico_phrasis_0001065,eu,eu,Semea,pertsona horren semea,dico_phrasis_0001065__eu-eu__original,EQUIVALENCE
dico_phrasis_0001065__eu-eu__original,dico_phrasis_0001065,eu,eu,pertsona horren semea,Semea,dico_phrasis_0001065__eu-eu__flipped,EQUIVALENCE
dico_phrasis_0001066__eu-eu__flipped,dico_phrasis_0001066,eu,eu,beste Taleban-a,beste Taliban-a,dico_phrasis_0001066__eu-eu__original,EQUIVALENCE
dico_phrasis_0001066__eu-eu__original,dico_phrasis_0001066,eu,eu,beste Taliban-a,beste Taleban-a,dico_phrasis_0001066__eu-eu__flipped,EQUIVALENCE
dico_phrasis_0001072__eu-eu__flipped,dico_phrasis_0001072,eu,eu,ohartarazi zuen,ohartarazten du,dico_phrasis_0001072__eu-eu__original,EQUIVALENCE
dico_phrasis_0001072__eu-eu__original,dico_phrasis_0001072,eu,eu,ohartarazten du,ohartarazi zuen,dico_phrasis_0001072__eu-eu__flipped,EQUIVALENCE
dico_phrasis_0001073__eu-eu__flipped,dico_phrasis_0001073,eu,eu,Jakarta,Indonesiako hiriburua,dico_phrasis_0001073__eu-eu__original,EQUIVALENCE
dico_phrasis_0001073__eu-eu__original,dico_phrasis_0001073,eu,eu,Indonesiako hiriburua,Jakarta,dico_phrasis_0001073__eu-eu__flipped,EQUIVALENCE
dico_phrasis_0001074__eu-eu__flipped,dico_phrasis_0001074,eu,eu,Betlehem hiriaren barruan,Betlehemen,dico_phrasis_0001074__eu-eu__original,EQUIVALENCE
dico_phrasis_0001074__eu-eu__original,dico_phrasis_0001074,eu,eu,Betlehemen,Betlehem hiriaren barruan,dico_phrasis_0001074__eu-eu__flipped,EQUIVALENCE
dico_phrasis_0001075__eu-eu__flipped,dico_phrasis_0001075,eu,eu,Eraikin baten erorketa Indian,Eraikin bat erori da Indian,dico_phrasis_0001075__eu-eu__original,EQUIVALENCE
dico_phrasis_0001075__eu-eu__original,dico_phrasis_0001075,eu,eu,Eraikin bat erori da Indian,Eraikin baten erorketa Indian,dico_phrasis_0001075__eu-eu__flipped,EQUIVALENCE
dico_phrasis_0001076__eu-eu__flipped,dico_phrasis_0001076,eu,eu,bisitatu,ikustera joan,dico_phrasis_0001076__eu-eu__original,EQUIVALENCE
dico_phrasis_0001076__eu-eu__original,dico_phrasis_0001076,eu,eu,ikustera joan,bisitatu,dico_phrasis_0001076__eu-eu__flipped,EQUIVALENCE
dico_phrasis_0001078__eu-eu__flipped,dico_phrasis_0001078,eu,eu,"urteko % 1,1era","urteko ehuneko 1,1era",dico_phrasis_0001078__eu-eu__original,EQUIVALENCE
dico_phrasis_0001078__eu-eu__original,dico_phrasis_0001078,eu,eu,"urteko ehuneko 1,1era","urteko % 1,1era",dico_phrasis_0001078__eu-eu__flipped,EQUIVALENCE
dico_phrasis_0001081__eu-eu__flipped,dico_phrasis_0001081,eu,eu,kolapsoaren ondoren,kolapsatu ondoren,dico_phrasis_0001081__eu-eu__original,EQUIVALENCE
dico_phrasis_0001081__eu-eu__original,dico_phrasis_0001081,eu,eu,kolapsatu ondoren,kolapsoaren ondoren,dico_phrasis_0001081__eu-eu__flipped,EQUIVALENCE
dico_phrasis_0001082__eu-eu__flipped,dico_phrasis_0001082,eu,eu,Libanoko lurraldean sartuz,Libanora,dico_phrasis_0001082__eu-eu__original,EQUIVALENCE
dico_phrasis_0001082__eu-eu__original,dico_phrasis_0001082,eu,eu,Libanora,Libanoko lurraldean sartuz,dico_phrasis_0001082__eu-eu__flipped,EQUIVALENCE
dico_phrasis_0001088__eu-eu__flipped,dico_phrasis_0001088,eu,eu,Macintosh ordenagailu bat,Apple ordenagailu bat,dico_phrasis_0001088__eu-eu__original,EQUIVALENCE
dico_phrasis_0001088__eu-eu__original,dico_phrasis_0001088,eu,eu,Apple ordenagailu bat,Macintosh ordenagailu bat,dico_phrasis_0001088__eu-eu__flipped,EQUIVALENCE
dico_phrasis_0001089__eu-eu__flipped,dico_phrasis_0001089,eu,eu,zelai batean,zelai ireki batean,dico_phrasis_0001089__eu-eu__original,EQUIVALENCE
dico_phrasis_0001089__eu-eu__original,dico_phrasis_0001089,eu,eu,zelai ireki batean,zelai batean,dico_phrasis_0001089__eu-eu__flipped,EQUIVALENCE
dico_phrasis_0001090__eu-eu__flipped,dico_phrasis_0001090,eu,eu,ardi bat,ardi-azienda bat,dico_phrasis_0001090__eu-eu__original,EQUIVALENCE
dico_phrasis_0001090__eu-eu__original,dico_phrasis_0001090,eu,eu,ardi-azienda bat,ardi bat,dico_phrasis_0001090__eu-eu__flipped,EQUIVALENCE
dico_phrasis_0001091__eu-eu__flipped,dico_phrasis_0001091,eu,eu,sukalde baten barruan,sukalde batean,dico_phrasis_0001091__eu-eu__original,EQUIVALENCE
dico_phrasis_0001091__eu-eu__original,dico_phrasis_0001091,eu,eu,sukalde batean,sukalde baten barruan,dico_phrasis_0001091__eu-eu__flipped,EQUIVALENCE
dico_phrasis_0001092__eu-eu__flipped,dico_phrasis_0001092,eu,eu,Emakume zaharra,Adineko emakume bat,dico_phrasis_0001092__eu-eu__original,EQUIVALENCE
dico_phrasis_0001092__eu-eu__original,dico_phrasis_0001092,eu,eu,Adineko emakume bat,Emakume zaharra,dico_phrasis_0001092__eu-eu__flipped,EQUIVALENCE
dico_phrasis_0001093__eu-eu__flipped,dico_phrasis_0001093,eu,eu,larre batean,bazkaleku baten barruan,dico_phrasis_0001093__eu-eu__original,EQUIVALENCE
dico_phrasis_0001093__eu-eu__original,dico_phrasis_0001093,eu,eu,bazkaleku baten barruan,larre batean,dico_phrasis_0001093__eu-eu__flipped,EQUIVALENCE
dico_phrasis_0001094__eu-eu__flipped,dico_phrasis_0001094,eu,eu,belarrezko eremu batean,belarretan,dico_phrasis_0001094__eu-eu__original,EQUIVALENCE
dico_phrasis_0001094__eu-eu__original,dico_phrasis_0001094,eu,eu,belarretan,belarrezko eremu batean,dico_phrasis_0001094__eu-eu__flipped,EQUIVALENCE
dico_phrasis_0001096__eu-eu__flipped,dico_phrasis_0001096,eu,eu,talde bat,bilduma bat,dico_phrasis_0001096__eu-eu__original,EQUIVALENCE
dico_phrasis_0001096__eu-eu__original,dico_phrasis_0001096,eu,eu,bilduma bat,talde bat,dico_phrasis_0001096__eu-eu__flipped,EQUIVALENCE
dico_phrasis_0001098__eu-eu__flipped,dico_phrasis_0001098,eu,eu,gainazal elurtuaren gainean,elurraren gainean,dico_phrasis_0001098__eu-eu__original,EQUIVALENCE
dico_phrasis_0001098__eu-eu__original,dico_phrasis_0001098,eu,eu,elurraren gainean,gainazal elurtuaren gainean,dico_phrasis_0001098__eu-eu__flipped,EQUIVALENCE
dico_phrasis_0001099__eu-eu__flipped,dico_phrasis_0001099,eu,eu,«U2» idatzita dagoen lekuan,«U2» dioen seinale batekin,dico_phrasis_0001099__eu-eu__original,EQUIVALENCE
dico_phrasis_0001099__eu-eu__original,dico_phrasis_0001099,eu,eu,«U2» dioen seinale batekin,«U2» idatzita dagoen lekuan,dico_phrasis_0001099__eu-eu__flipped,EQUIVALENCE
dico_phrasis_0001101__eu-eu__flipped,dico_phrasis_0001101,eu,eu,bi txakur eta katu bat,katu bakar batek lagundutako bi txakur,dico_phrasis_0001101__eu-eu__original,EQUIVALENCE
dico_phrasis_0001101__eu-eu__original,dico_phrasis_0001101,eu,eu,katu bakar batek lagundutako bi txakur,bi txakur eta katu bat,dico_phrasis_0001101__eu-eu__flipped,EQUIVALENCE
dico_phrasis_0001106__eu-eu__flipped,dico_phrasis_0001106,eu,eu,belaz bidaiatzen ari da,bela bidez nabigatzen ari da,dico_phrasis_0001106__eu-eu__original,EQUIVALENCE
dico_phrasis_0001106__eu-eu__original,dico_phrasis_0001106,eu,eu,bela bidez nabigatzen ari da,belaz bidaiatzen ari da,dico_phrasis_0001106__eu-eu__flipped,EQUIVALENCE
dico_phrasis_0001107__eu-eu__flipped,dico_phrasis_0001107,eu,eu,haur txiki batekin,haurtxo batekin,dico_phrasis_0001107__eu-eu__original,EQUIVALENCE
dico_phrasis_0001107__eu-eu__original,dico_phrasis_0001107,eu,eu,haurtxo batekin,haur txiki batekin,dico_phrasis_0001107__eu-eu__flipped,EQUIVALENCE
dico_phrasis_0001108__eu-eu__flipped,dico_phrasis_0001108,eu,eu,aulkian eserita,aulki batean eserita,dico_phrasis_0001108__eu-eu__original,EQUIVALENCE
dico_phrasis_0001108__eu-eu__original,dico_phrasis_0001108,eu,eu,aulki batean eserita,aulkian eserita,dico_phrasis_0001108__eu-eu__flipped,EQUIVALENCE
dico_phrasis_0001110__eu-eu__flipped,dico_phrasis_0001110,eu,eu,hegazkin gorri eta zuri bat,gorriz eta zuriz margotutako hegazkin bat,dico_phrasis_0001110__eu-eu__original,EQUIVALENCE
dico_phrasis_0001110__eu-eu__original,dico_phrasis_0001110,eu,eu,gorriz eta zuriz margotutako hegazkin bat,hegazkin gorri eta zuri bat,dico_phrasis_0001110__eu-eu__flipped,EQUIVALENCE
dico_phrasis_0001111__eu-eu__flipped,dico_phrasis_0001111,eu,eu,ibilgailua gidatzen ari da,gidatzen ari da,dico_phrasis_0001111__eu-eu__original,EQUIVALENCE
dico_phrasis_0001111__eu-eu__original,dico_phrasis_0001111,eu,eu,gidatzen ari da,ibilgailua gidatzen ari da,dico_phrasis_0001111__eu-eu__flipped,EQUIVALENCE
dico_phrasis_0001113__eu-eu__flipped,dico_phrasis_0001113,eu,eu,posatzen ari dira,pose bat hartzen,dico_phrasis_0001113__eu-eu__original,EQUIVALENCE
dico_phrasis_0001113__eu-eu__original,dico_phrasis_0001113,eu,eu,pose bat hartzen,posatzen ari dira,dico_phrasis_0001113__eu-eu__flipped,EQUIVALENCE
dico_phrasis_0001114__eu-eu__flipped,dico_phrasis_0001114,eu,eu,begirada zuzentzen ari da,begira dago,dico_phrasis_0001114__eu-eu__original,EQUIVALENCE
dico_phrasis_0001114__eu-eu__original,dico_phrasis_0001114,eu,eu,begira dago,begirada zuzentzen ari da,dico_phrasis_0001114__eu-eu__flipped,EQUIVALENCE
dico_phrasis_0001119__eu-eu__flipped,dico_phrasis_0001119,eu,eu,animaliaren itxituraren,bere kaiolaren,dico_phrasis_0001119__eu-eu__original,EQUIVALENCE
dico_phrasis_0001119__eu-eu__original,dico_phrasis_0001119,eu,eu,bere kaiolaren,animaliaren itxituraren,dico_phrasis_0001119__eu-eu__flipped,EQUIVALENCE
dico_phrasis_0001120__eu-eu__flipped,dico_phrasis_0001120,eu,eu,bi solairuko autobus gorri bat,gorriz margotutako bi solairuko autobus bat,dico_phrasis_0001120__eu-eu__original,EQUIVALENCE
dico_phrasis_0001120__eu-eu__original,dico_phrasis_0001120,eu,eu,gorriz margotutako bi solairuko autobus bat,bi solairuko autobus gorri bat,dico_phrasis_0001120__eu-eu__flipped,EQUIVALENCE
dico_phrasis_0001124__eu-eu__flipped,dico_phrasis_0001124,eu,eu,Pantaila lauko telebista bat,pantaila laua duen telebista bat,dico_phrasis_0001124__eu-eu__original,EQUIVALENCE
dico_phrasis_0001124__eu-eu__original,dico_phrasis_0001124,eu,eu,pantaila laua duen telebista bat,Pantaila lauko telebista bat,dico_phrasis_0001124__eu-eu__flipped,EQUIVALENCE
dico_phrasis_0001125__eu-eu__flipped,dico_phrasis_0001125,eu,eu,gela bat,barneko espazio bat,dico_phrasis_0001125__eu-eu__original,EQUIVALENCE
dico_phrasis_0001125__eu-eu__original,dico_phrasis_0001125,eu,eu,barneko espazio bat,gela bat,dico_phrasis_0001125__eu-eu__flipped,EQUIVALENCE
dico_phrasis_0001127__eu-eu__flipped,dico_phrasis_0001127,eu,eu,argazki-gailurako,kamerarako,dico_phrasis_0001127__eu-eu__original,EQUIVALENCE
dico_phrasis_0001127__eu-eu__original,dico_phrasis_0001127,eu,eu,kamerarako,argazki-gailurako,dico_phrasis_0001127__eu-eu__flipped,EQUIVALENCE
dico_phrasis_0001130__eu-eu__flipped,dico_phrasis_0001130,eu,eu,kamioi gorria,gorriz margotutako kamioi bat,dico_phrasis_0001130__eu-eu__original,EQUIVALENCE
dico_phrasis_0001130__eu-eu__original,dico_phrasis_0001130,eu,eu,gorriz margotutako kamioi bat,kamioi gorria,dico_phrasis_0001130__eu-eu__flipped,EQUIVALENCE
dico_phrasis_0001132__eu-eu__flipped,dico_phrasis_0001132,eu,eu,hegaldian,hegan,dico_phrasis_0001132__eu-eu__original,EQUIVALENCE
dico_phrasis_0001132__eu-eu__original,dico_phrasis_0001132,eu,eu,hegan,hegaldian,dico_phrasis_0001132__eu-eu__flipped,EQUIVALENCE
dico_phrasis_0001134__eu-eu__flipped,dico_phrasis_0001134,eu,eu,edaten ari dira,edaten,dico_phrasis_0001134__eu-eu__original,EQUIVALENCE
dico_phrasis_0001134__eu-eu__original,dico_phrasis_0001134,eu,eu,edaten,edaten ari dira,dico_phrasis_0001134__eu-eu__flipped,EQUIVALENCE
dico_phrasis_0001135__eu-eu__flipped,dico_phrasis_0001135,eu,eu,janaria kontsumitzen ari da,jaten ari da,dico_phrasis_0001135__eu-eu__original,EQUIVALENCE
dico_phrasis_0001135__eu-eu__original,dico_phrasis_0001135,eu,eu,jaten ari da,janaria kontsumitzen ari da,dico_phrasis_0001135__eu-eu__flipped,EQUIVALENCE
dico_phrasis_0001138__eu-eu__flipped,dico_phrasis_0001138,eu,eu,Hegaztiak,animalia hegaztiak,dico_phrasis_0001138__eu-eu__original,EQUIVALENCE
dico_phrasis_0001138__eu-eu__original,dico_phrasis_0001138,eu,eu,animalia hegaztiak,Hegaztiak,dico_phrasis_0001138__eu-eu__flipped,EQUIVALENCE
dico_phrasis_0001140__eu-eu__flipped,dico_phrasis_0001140,eu,eu,sukalde baten barruan,sukaldean,dico_phrasis_0001140__eu-eu__original,EQUIVALENCE
dico_phrasis_0001140__eu-eu__original,dico_phrasis_0001140,eu,eu,sukaldean,sukalde baten barruan,dico_phrasis_0001140__eu-eu__flipped,EQUIVALENCE
dico_phrasis_0001145__eu-eu__flipped,dico_phrasis_0001145,eu,eu,ur gainean,uraren gainazalean,dico_phrasis_0001145__eu-eu__original,EQUIVALENCE
dico_phrasis_0001145__eu-eu__original,dico_phrasis_0001145,eu,eu,uraren gainazalean,ur gainean,dico_phrasis_0001145__eu-eu__flipped,EQUIVALENCE
dico_phrasis_0001146__eu-eu__flipped,dico_phrasis_0001146,eu,eu,pausatuta dago,pausatzen da,dico_phrasis_0001146__eu-eu__original,EQUIVALENCE
dico_phrasis_0001146__eu-eu__original,dico_phrasis_0001146,eu,eu,pausatzen da,pausatuta dago,dico_phrasis_0001146__eu-eu__flipped,EQUIVALENCE
dico_phrasis_0001148__eu-eu__flipped,dico_phrasis_0001148,eu,eu,pausatuta dago,eserita dago,dico_phrasis_0001148__eu-eu__original,EQUIVALENCE
dico_phrasis_0001148__eu-eu__original,dico_phrasis_0001148,eu,eu,eserita dago,pausatuta dago,dico_phrasis_0001148__eu-eu__flipped,EQUIVALENCE
dico_phrasis_0001151__eu-eu__flipped,dico_phrasis_0001151,eu,eu,kabestru urdin bat jarrita,kabestru urdin batekin,dico_phrasis_0001151__eu-eu__original,EQUIVALENCE
dico_phrasis_0001151__eu-eu__original,dico_phrasis_0001151,eu,eu,kabestru urdin batekin,kabestru urdin bat jarrita,dico_phrasis_0001151__eu-eu__flipped,EQUIVALENCE
dico_phrasis_0001152__eu-eu__flipped,dico_phrasis_0001152,eu,eu,lehen plano bat,enkoadraketa estuko irudi bat,dico_phrasis_0001152__eu-eu__original,EQUIVALENCE
dico_phrasis_0001152__eu-eu__original,dico_phrasis_0001152,eu,eu,enkoadraketa estuko irudi bat,lehen plano bat,dico_phrasis_0001152__eu-eu__flipped,EQUIVALENCE
dico_phrasis_0001154__eu-eu__flipped,dico_phrasis_0001154,eu,eu,txakurkume marroi argi bat,txakur gazte marroi argi bat,dico_phrasis_0001154__eu-eu__original,EQUIVALENCE
dico_phrasis_0001154__eu-eu__original,dico_phrasis_0001154,eu,eu,txakur gazte marroi argi bat,txakurkume marroi argi bat,dico_phrasis_0001154__eu-eu__flipped,EQUIVALENCE
dico_phrasis_0001157__eu-eu__flipped,dico_phrasis_0001157,eu,eu,Txori urdina,lumaje urdineko txori bat,dico_phrasis_0001157__eu-eu__original,EQUIVALENCE
dico_phrasis_0001157__eu-eu__original,dico_phrasis_0001157,eu,eu,lumaje urdineko txori bat,Txori urdina,dico_phrasis_0001157__eu-eu__flipped,EQUIVALENCE
dico_phrasis_0001158__eu-eu__flipped,dico_phrasis_0001158,eu,eu,zelai batean,lautada batean,dico_phrasis_0001158__eu-eu__original,EQUIVALENCE
dico_phrasis_0001158__eu-eu__original,dico_phrasis_0001158,eu,eu,lautada batean,zelai batean,dico_phrasis_0001158__eu-eu__flipped,EQUIVALENCE
dico_phrasis_0001161__eu-eu__flipped,dico_phrasis_0001161,eu,eu,leiho-koskan,leiho-ertzean,dico_phrasis_0001161__eu-eu__original,EQUIVALENCE
dico_phrasis_0001161__eu-eu__original,dico_phrasis_0001161,eu,eu,leiho-ertzean,leiho-koskan,dico_phrasis_0001161__eu-eu__flipped,EQUIVALENCE
dico_phrasis_0001162__eu-eu__flipped,dico_phrasis_0001162,eu,eu,aireratzen,abiatzen,dico_phrasis_0001162__eu-eu__original,EQUIVALENCE
dico_phrasis_0001162__eu-eu__original,dico_phrasis_0001162,eu,eu,abiatzen,aireratzen,dico_phrasis_0001162__eu-eu__flipped,EQUIVALENCE
dico_phrasis_0001165__eu-eu__flipped,dico_phrasis_0001165,eu,eu,pista batean,pista baten gainean,dico_phrasis_0001165__eu-eu__original,EQUIVALENCE
dico_phrasis_0001165__eu-eu__original,dico_phrasis_0001165,eu,eu,pista baten gainean,pista batean,dico_phrasis_0001165__eu-eu__flipped,EQUIVALENCE
dico_phrasis_0001170__eu-eu__flipped,dico_phrasis_0001170,eu,eu,egurrezko hesi zahar baten,egurrezko hesi hondatu baten,dico_phrasis_0001170__eu-eu__original,EQUIVALENCE
dico_phrasis_0001170__eu-eu__original,dico_phrasis_0001170,eu,eu,egurrezko hesi hondatu baten,egurrezko hesi zahar baten,dico_phrasis_0001170__eu-eu__flipped,EQUIVALENCE
dico_phrasis_0001172__eu-eu__flipped,dico_phrasis_0001172,eu,eu,bidaiatzen du,doa,dico_phrasis_0001172__eu-eu__original,EQUIVALENCE
dico_phrasis_0001172__eu-eu__original,dico_phrasis_0001172,eu,eu,doa,bidaiatzen du,dico_phrasis_0001172__eu-eu__flipped,EQUIVALENCE
dico_phrasis_0001173__eu-eu__flipped,dico_phrasis_0001173,eu,eu,Zuri-beltzeko irudia,Zuri-beltzeko irudi bat,dico_phrasis_0001173__eu-eu__original,EQUIVALENCE
dico_phrasis_0001173__eu-eu__original,dico_phrasis_0001173,eu,eu,Zuri-beltzeko irudi bat,Zuri-beltzeko irudia,dico_phrasis_0001173__eu-eu__flipped,EQUIVALENCE
dico_phrasis_0001177__eu-eu__flipped,dico_phrasis_0001177,eu,eu,Hegaztia,hegazti bat,dico_phrasis_0001177__eu-eu__original,EQUIVALENCE
dico_phrasis_0001177__eu-eu__original,dico_phrasis_0001177,eu,eu,hegazti bat,Hegaztia,dico_phrasis_0001177__eu-eu__flipped,EQUIVALENCE
dico_phrasis_0001178__eu-eu__flipped,dico_phrasis_0001178,eu,eu,kolore marroiko zaldiaren gainean,zaldi marroiaren gainean,dico_phrasis_0001178__eu-eu__original,EQUIVALENCE
dico_phrasis_0001178__eu-eu__original,dico_phrasis_0001178,eu,eu,zaldi marroiaren gainean,kolore marroiko zaldiaren gainean,dico_phrasis_0001178__eu-eu__flipped,EQUIVALENCE
dico_phrasis_0001180__eu-eu__flipped,dico_phrasis_0001180,eu,eu,zaldiz dabil,zaldiz bidaiatzen,dico_phrasis_0001180__eu-eu__original,EQUIVALENCE
dico_phrasis_0001180__eu-eu__original,dico_phrasis_0001180,eu,eu,zaldiz bidaiatzen,zaldiz dabil,dico_phrasis_0001180__eu-eu__flipped,EQUIVALENCE
dico_phrasis_0001181__eu-eu__flipped,dico_phrasis_0001181,eu,eu,hegoak gora eta behera mugitzen ari da,hegoak astintzen ari da,dico_phrasis_0001181__eu-eu__original,EQUIVALENCE
dico_phrasis_0001181__eu-eu__original,dico_phrasis_0001181,eu,eu,hegoak astintzen ari da,hegoak gora eta behera mugitzen ari da,dico_phrasis_0001181__eu-eu__flipped,EQUIVALENCE
dico_phrasis_0001182__eu-eu__flipped,dico_phrasis_0001182,eu,eu,Sukaldea,sukalde bat,dico_phrasis_0001182__eu-eu__original,EQUIVALENCE
dico_phrasis_0001182__eu-eu__original,dico_phrasis_0001182,eu,eu,sukalde bat,Sukaldea,dico_phrasis_0001182__eu-eu__flipped,EQUIVALENCE
dico_phrasis_0001183__eu-eu__flipped,dico_phrasis_0001183,eu,eu,trenbideko bidaiari-ibilgailua,Trena,dico_phrasis_0001183__eu-eu__original,EQUIVALENCE
dico_phrasis_0001183__eu-eu__original,dico_phrasis_0001183,eu,eu,Trena,trenbideko bidaiari-ibilgailua,dico_phrasis_0001183__eu-eu__flipped,EQUIVALENCE
dico_phrasis_0001184__eu-eu__flipped,dico_phrasis_0001184,eu,eu,tren-terminalean,tren-geltokian,dico_phrasis_0001184__eu-eu__original,EQUIVALENCE
dico_phrasis_0001184__eu-eu__original,dico_phrasis_0001184,eu,eu,tren-geltokian,tren-terminalean,dico_phrasis_0001184__eu-eu__flipped,EQUIVALENCE
dico_phrasis_0001185__eu-eu__flipped,dico_phrasis_0001185,eu,eu,sofa batean,sofan,dico_phrasis_0001185__eu-eu__original,EQUIVALENCE
dico_phrasis_0001185__eu-eu__original,dico_phrasis_0001185,eu,eu,sofan,sofa batean,dico_phrasis_0001185__eu-eu__flipped,EQUIVALENCE
dico_phrasis_0001186__eu-eu__flipped,dico_phrasis_0001186,eu,eu,gizonezko heldua,Gizona,dico_phrasis_0001186__eu-eu__original,EQUIVALENCE
dico_phrasis_0001186__eu-eu__original,dico_phrasis_0001186,eu,eu,Gizona,gizonezko heldua,dico_phrasis_0001186__eu-eu__flipped,EQUIVALENCE
dico_phrasis_0001187__eu-eu__flipped,dico_phrasis_0001187,eu,eu,Emakume batzuk,Emakume bat,dico_phrasis_0001187__eu-eu__original,EQUIVALENCE
dico_phrasis_0001187__eu-eu__original,dico_phrasis_0001187,eu,eu,Emakume bat,Emakume batzuk,dico_phrasis_0001187__eu-eu__flipped,EQUIVALENCE
dico_phrasis_0001189__eu-eu__flipped,dico_phrasis_0001189,eu,eu,ur gainean flotatzen,ur gainean,dico_phrasis_0001189__eu-eu__original,EQUIVALENCE
dico_phrasis_0001189__eu-eu__original,dico_phrasis_0001189,eu,eu,ur gainean,ur gainean flotatzen,dico_phrasis_0001189__eu-eu__flipped,EQUIVALENCE
dico_phrasis_0001190__eu-eu__flipped,dico_phrasis_0001190,eu,eu,behi marroi eta zuriak,kolore marroi eta zuriko behiak,dico_phrasis_0001190__eu-eu__original,EQUIVALENCE
dico_phrasis_0001190__eu-eu__original,dico_phrasis_0001190,eu,eu,kolore marroi eta zuriko behiak,behi marroi eta zuriak,dico_phrasis_0001190__eu-eu__flipped,EQUIVALENCE
dico_phrasis_0001192__eu-eu__flipped,dico_phrasis_0001192,eu,eu,oinezkoentzako espaloian,espaloi batean,dico_phrasis_0001192__eu-eu__original,EQUIVALENCE
dico_phrasis_0001192__eu-eu__original,dico_phrasis_0001192,eu,eu,espaloi batean,oinezkoentzako espaloian,dico_phrasis_0001192__eu-eu__flipped,EQUIVALENCE
dico_phrasis_0001195__eu-eu__flipped,dico_phrasis_0001195,eu,eu,belarrez estalitako zelai baten gainean,belarrezko zelai batean,dico_phrasis_0001195__eu-eu__original,EQUIVALENCE
dico_phrasis_0001195__eu-eu__original,dico_phrasis_0001195,eu,eu,belarrezko zelai batean,belarrez estalitako zelai baten gainean,dico_phrasis_0001195__eu-eu__flipped,EQUIVALENCE
dico_phrasis_0001196__eu-eu__flipped,dico_phrasis_0001196,eu,eu,oinez ibiltzen,oinez mugitzen,dico_phrasis_0001196__eu-eu__original,EQUIVALENCE
dico_phrasis_0001196__eu-eu__original,dico_phrasis_0001196,eu,eu,oinez mugitzen,oinez ibiltzen,dico_phrasis_0001196__eu-eu__flipped,EQUIVALENCE
dico_phrasis_0001197__eu-eu__flipped,dico_phrasis_0001197,eu,eu,mahaiaren gainean,mahai gainean,dico_phrasis_0001197__eu-eu__original,EQUIVALENCE
dico_phrasis_0001197__eu-eu__original,dico_phrasis_0001197,eu,eu,mahai gainean,mahaiaren gainean,dico_phrasis_0001197__eu-eu__flipped,EQUIVALENCE
dico_phrasis_0001198__eu-eu__flipped,dico_phrasis_0001198,eu,eu,kamerarantz,kamerarantz zuzenduta,dico_phrasis_0001198__eu-eu__original,EQUIVALENCE
dico_phrasis_0001198__eu-eu__original,dico_phrasis_0001198,eu,eu,kamerarantz zuzenduta,kamerarantz,dico_phrasis_0001198__eu-eu__flipped,EQUIVALENCE
dico_phrasis_0001199__eu-eu__flipped,dico_phrasis_0001199,eu,eu,elurraren barruan,elurretan,dico_phrasis_0001199__eu-eu__original,EQUIVALENCE
dico_phrasis_0001199__eu-eu__original,dico_phrasis_0001199,eu,eu,elurretan,elurraren barruan,dico_phrasis_0001199__eu-eu__flipped,EQUIVALENCE
dico_phrasis_0001200__eu-eu__flipped,dico_phrasis_0001200,eu,eu,katua,felino bat,dico_phrasis_0001200__eu-eu__original,EQUIVALENCE
dico_phrasis_0001200__eu-eu__original,dico_phrasis_0001200,eu,eu,felino bat,katua,dico_phrasis_0001200__eu-eu__flipped,EQUIVALENCE
dico_phrasis_0001201__eu-eu__flipped,dico_phrasis_0001201,eu,eu,zaldi arrea,zaldi arre bat,dico_phrasis_0001201__eu-eu__original,EQUIVALENCE
dico_phrasis_0001201__eu-eu__original,dico_phrasis_0001201,eu,eu,zaldi arre bat,zaldi arrea,dico_phrasis_0001201__eu-eu__flipped,EQUIVALENCE
dico_phrasis_0001202__eu-eu__flipped,dico_phrasis_0001202,eu,eu,etzanda,etzanda dago,dico_phrasis_0001202__eu-eu__original,EQUIVALENCE
dico_phrasis_0001202__eu-eu__original,dico_phrasis_0001202,eu,eu,etzanda dago,etzanda,dico_phrasis_0001202__eu-eu__flipped,EQUIVALENCE
dico_phrasis_0001205__eu-eu__flipped,dico_phrasis_0001205,eu,eu,Emakumea,emakume heldu bat,dico_phrasis_0001205__eu-eu__original,EQUIVALENCE
dico_phrasis_0001205__eu-eu__original,dico_phrasis_0001205,eu,eu,emakume heldu bat,Emakumea,dico_phrasis_0001205__eu-eu__flipped,EQUIVALENCE
dico_phrasis_0001206__eu-eu__flipped,dico_phrasis_0001206,eu,eu,gizonezko heldua,Gizona,dico_phrasis_0001206__eu-eu__original,EQUIVALENCE
dico_phrasis_0001206__eu-eu__original,dico_phrasis_0001206,eu,eu,Gizona,gizonezko heldua,dico_phrasis_0001206__eu-eu__flipped,EQUIVALENCE
dico_phrasis_0001207__eu-eu__flipped,dico_phrasis_0001207,eu,eu,Lau pertsona,Lau pertsonako talde bat,dico_phrasis_0001207__eu-eu__original,EQUIVALENCE
dico_phrasis_0001207__eu-eu__original,dico_phrasis_0001207,eu,eu,Lau pertsonako talde bat,Lau pertsona,dico_phrasis_0001207__eu-eu__flipped,EQUIVALENCE
dico_phrasis_0001209__eu-eu__flipped,dico_phrasis_0001209,eu,eu,jaten ari dira,jaten dute,dico_phrasis_0001209__eu-eu__original,EQUIVALENCE
dico_phrasis_0001209__eu-eu__original,dico_phrasis_0001209,eu,eu,jaten dute,jaten ari dira,dico_phrasis_0001209__eu-eu__flipped,EQUIVALENCE
dico_phrasis_0001211__eu-eu__flipped,dico_phrasis_0001211,eu,eu,belar berdearen gainean,belarrezko zelaian,dico_phrasis_0001211__eu-eu__original,EQUIVALENCE
dico_phrasis_0001211__eu-eu__original,dico_phrasis_0001211,eu,eu,belarrezko zelaian,belar berdearen gainean,dico_phrasis_0001211__eu-eu__flipped,EQUIVALENCE
dico_phrasis_0001212__eu-eu__flipped,dico_phrasis_0001212,eu,eu,Ordenagailuko mahai nahasia,Bulegoko mahai oso betea,dico_phrasis_0001212__eu-eu__original,EQUIVALENCE
dico_phrasis_0001212__eu-eu__original,dico_phrasis_0001212,eu,eu,Bulegoko mahai oso betea,Ordenagailuko mahai nahasia,dico_phrasis_0001212__eu-eu__flipped,EQUIVALENCE
dico_phrasis_0001213__eu-eu__flipped,dico_phrasis_0001213,eu,eu,Bi solairuko autobus gorri bat,Solairu biko autobus gorria,dico_phrasis_0001213__eu-eu__original,EQUIVALENCE
dico_phrasis_0001213__eu-eu__original,dico_phrasis_0001213,eu,eu,Solairu biko autobus gorria,Bi solairuko autobus gorri bat,dico_phrasis_0001213__eu-eu__flipped,EQUIVALENCE
dico_phrasis_0001219__eu-eu__flipped,dico_phrasis_0001219,eu,eu,biltegiratze-estalpe baten barruan,estalpearen barruan,dico_phrasis_0001219__eu-eu__original,EQUIVALENCE
dico_phrasis_0001219__eu-eu__original,dico_phrasis_0001219,eu,eu,estalpearen barruan,biltegiratze-estalpe baten barruan,dico_phrasis_0001219__eu-eu__flipped,EQUIVALENCE
dico_phrasis_0001220__eu-eu__flipped,dico_phrasis_0001220,eu,eu,atzealdean,eszenaren atzealdean,dico_phrasis_0001220__eu-eu__original,EQUIVALENCE
dico_phrasis_0001220__eu-eu__original,dico_phrasis_0001220,eu,eu,eszenaren atzealdean,atzealdean,dico_phrasis_0001220__eu-eu__flipped,EQUIVALENCE
dico_phrasis_0001222__eu-eu__flipped,dico_phrasis_0001222,eu,eu,lo egiten,lotan atseden hartzen,dico_phrasis_0001222__eu-eu__original,EQUIVALENCE
dico_phrasis_0001222__eu-eu__original,dico_phrasis_0001222,eu,eu,lotan atseden hartzen,lo egiten,dico_phrasis_0001222__eu-eu__flipped,EQUIVALENCE
dico_phrasis_0001223__eu-eu__flipped,dico_phrasis_0001223,eu,eu,goian pausatuta,leku garai batean pausatuta,dico_phrasis_0001223__eu-eu__original,EQUIVALENCE
dico_phrasis_0001223__eu-eu__original,dico_phrasis_0001223,eu,eu,leku garai batean pausatuta,goian pausatuta,dico_phrasis_0001223__eu-eu__flipped,EQUIVALENCE
dico_phrasis_0001225__eu-eu__flipped,dico_phrasis_0001225,eu,eu,flotatzen,ur gainean mantentzen,dico_phrasis_0001225__eu-eu__original,EQUIVALENCE
dico_phrasis_0001225__eu-eu__original,dico_phrasis_0001225,eu,eu,ur gainean mantentzen,flotatzen,dico_phrasis_0001225__eu-eu__flipped,EQUIVALENCE
dico_phrasis_0001226__eu-eu__flipped,dico_phrasis_0001226,eu,eu,erdian,erdialdean,dico_phrasis_0001226__eu-eu__original,EQUIVALENCE
dico_phrasis_0001226__eu-eu__original,dico_phrasis_0001226,eu,eu,erdialdean,erdian,dico_phrasis_0001226__eu-eu__flipped,EQUIVALENCE
dico_phrasis_0001227__eu-eu__flipped,dico_phrasis_0001227,eu,eu,Tren beltza,beltzez margotutako tren bat,dico_phrasis_0001227__eu-eu__original,EQUIVALENCE
dico_phrasis_0001227__eu-eu__original,dico_phrasis_0001227,eu,eu,beltzez margotutako tren bat,Tren beltza,dico_phrasis_0001227__eu-eu__flipped,EQUIVALENCE
dico_phrasis_0001228__eu-eu__flipped,dico_phrasis_0001228,eu,eu,trenbidean zehar,trenbidetik behera,dico_phrasis_0001228__eu-eu__original,EQUIVALENCE
dico_phrasis_0001228__eu-eu__original,dico_phrasis_0001228,eu,eu,trenbidetik behera,trenbidean zehar,dico_phrasis_0001228__eu-eu__flipped,EQUIVALENCE
dico_phrasis_0001230__eu-eu__flipped,dico_phrasis_0001230,eu,eu,Txakur marroi argi bat,Txakur marroia,dico_phrasis_0001230__eu-eu__original,EQUIVALENCE
dico_phrasis_0001230__eu-eu__original,dico_phrasis_0001230,eu,eu,Txakur marroia,Txakur marroi argi bat,dico_phrasis_0001230__eu-eu__flipped,EQUIVALENCE
dico_phrasis_0001232__eu-eu__flipped,dico_phrasis_0001232,eu,eu,tren-errailen gainean,trenbideen gainean,dico_phrasis_0001232__eu-eu__original,EQUIVALENCE
dico_phrasis_0001232__eu-eu__original,dico_phrasis_0001232,eu,eu,trenbideen gainean,tren-errailen gainean,dico_phrasis_0001232__eu-eu__flipped,EQUIVALENCE
dico_phrasis_0001233__eu-eu__flipped,dico_phrasis_0001233,eu,eu,beherantz gidatzen du,beherantz gidatzen,dico_phrasis_0001233__eu-eu__original,EQUIVALENCE
dico_phrasis_0001233__eu-eu__original,dico_phrasis_0001233,eu,eu,beherantz gidatzen,beherantz gidatzen du,dico_phrasis_0001233__eu-eu__flipped,EQUIVALENCE
dico_phrasis_0001234__eu-eu__flipped,dico_phrasis_0001234,eu,eu,azkar gidatzea,lasterka gidatzea,dico_phrasis_0001234__eu-eu__original,EQUIVALENCE
dico_phrasis_0001234__eu-eu__original,dico_phrasis_0001234,eu,eu,lasterka gidatzea,azkar gidatzea,dico_phrasis_0001234__eu-eu__flipped,EQUIVALENCE
dico_phrasis_0001235__eu-eu__flipped,dico_phrasis_0001235,eu,eu,Kirol-auto gorri guztiak,Gorriz margotutako kirol-auto guztiak,dico_phrasis_0001235__eu-eu__original,EQUIVALENCE
dico_phrasis_0001235__eu-eu__original,dico_phrasis_0001235,eu,eu,Gorriz margotutako kirol-auto guztiak,Kirol-auto gorri guztiak,dico_phrasis_0001235__eu-eu__flipped,EQUIVALENCE
dico_phrasis_0001238__eu-eu__flipped,dico_phrasis_0001238,eu,eu,metalezko barra baten gainean,metalezko zerrenda baten gainean,dico_phrasis_0001238__eu-eu__original,EQUIVALENCE
dico_phrasis_0001238__eu-eu__original,dico_phrasis_0001238,eu,eu,metalezko zerrenda baten gainean,metalezko barra baten gainean,dico_phrasis_0001238__eu-eu__flipped,EQUIVALENCE
dico_phrasis_0001240__eu-eu__flipped,dico_phrasis_0001240,eu,eu,afariko mahaian,jantokiko mahaiaren ondoan,dico_phrasis_0001240__eu-eu__original,EQUIVALENCE
dico_phrasis_0001240__eu-eu__original,dico_phrasis_0001240,eu,eu,jantokiko mahaiaren ondoan,afariko mahaian,dico_phrasis_0001240__eu-eu__flipped,EQUIVALENCE
dico_phrasis_0001241__eu-eu__flipped,dico_phrasis_0001241,eu,eu,Bikote asiar zaharrago bat,Adineko bikote asiar bat,dico_phrasis_0001241__eu-eu__original,EQUIVALENCE
dico_phrasis_0001241__eu-eu__original,dico_phrasis_0001241,eu,eu,Adineko bikote asiar bat,Bikote asiar zaharrago bat,dico_phrasis_0001241__eu-eu__flipped,EQUIVALENCE
dico_phrasis_0001242__eu-eu__flipped,dico_phrasis_0001242,eu,eu,zaldi marroia,ile marroia duen zaldi bat,dico_phrasis_0001242__eu-eu__original,EQUIVALENCE
dico_phrasis_0001242__eu-eu__original,dico_phrasis_0001242,eu,eu,ile marroia duen zaldi bat,zaldi marroia,dico_phrasis_0001242__eu-eu__flipped,EQUIVALENCE
dico_phrasis_0001244__eu-eu__flipped,dico_phrasis_0001244,eu,eu,mahai baten ondoan,mahai baten alboan,dico_phrasis_0001244__eu-eu__original,EQUIVALENCE
dico_phrasis_0001244__eu-eu__original,dico_phrasis_0001244,eu,eu,mahai baten alboan,mahai baten ondoan,dico_phrasis_0001244__eu-eu__flipped,EQUIVALENCE
dico_phrasis_0001245__eu-eu__flipped,dico_phrasis_0001245,eu,eu,aparkatuta daude,aparkatu ondoren geldirik,dico_phrasis_0001245__eu-eu__original,EQUIVALENCE
dico_phrasis_0001245__eu-eu__original,dico_phrasis_0001245,eu,eu,aparkatu ondoren geldirik,aparkatuta daude,dico_phrasis_0001245__eu-eu__flipped,EQUIVALENCE
dico_phrasis_0001246__eu-eu__flipped,dico_phrasis_0001246,eu,eu,zuhaitz batetik datorrena,zuhaitz batetik,dico_phrasis_0001246__eu-eu__original,EQUIVALENCE
dico_phrasis_0001246__eu-eu__original,dico_phrasis_0001246,eu,eu,zuhaitz batetik,zuhaitz batetik datorrena,dico_phrasis_0001246__eu-eu__flipped,EQUIVALENCE
dico_phrasis_0001247__eu-eu__flipped,dico_phrasis_0001247,eu,eu,zuri-beltzeko argazki bat,monokromoan egindako argazki bat,dico_phrasis_0001247__eu-eu__original,EQUIVALENCE
dico_phrasis_0001247__eu-eu__original,dico_phrasis_0001247,eu,eu,monokromoan egindako argazki bat,zuri-beltzeko argazki bat,dico_phrasis_0001247__eu-eu__flipped,EQUIVALENCE
dico_phrasis_0001249__eu-eu__flipped,dico_phrasis_0001249,eu,eu,garraio-terminal batean sartzen,geltoki batera,dico_phrasis_0001249__eu-eu__original,EQUIVALENCE
dico_phrasis_0001249__eu-eu__original,dico_phrasis_0001249,eu,eu,geltoki batera,garraio-terminal batean sartzen,dico_phrasis_0001249__eu-eu__flipped,EQUIVALENCE
dico_phrasis_0001250__eu-eu__flipped,dico_phrasis_0001250,eu,eu,begira dago,begirada zuzentzen ari da,dico_phrasis_0001250__eu-eu__original,EQUIVALENCE
dico_phrasis_0001250__eu-eu__original,dico_phrasis_0001250,eu,eu,begirada zuzentzen ari da,begira dago,dico_phrasis_0001250__eu-eu__flipped,EQUIVALENCE
dico_phrasis_0001251__eu-eu__flipped,dico_phrasis_0001251,eu,eu,airean zehar mugitzen ari da,hegan ari da,dico_phrasis_0001251__eu-eu__original,EQUIVALENCE
dico_phrasis_0001251__eu-eu__original,dico_phrasis_0001251,eu,eu,hegan ari da,airean zehar mugitzen ari da,dico_phrasis_0001251__eu-eu__flipped,EQUIVALENCE
dico_phrasis_0001253__eu-eu__flipped,dico_phrasis_0001253,eu,eu,esparru itxi batean,itxitura batean,dico_phrasis_0001253__eu-eu__original,EQUIVALENCE
dico_phrasis_0001253__eu-eu__original,dico_phrasis_0001253,eu,eu,itxitura batean,esparru itxi batean,dico_phrasis_0001253__eu-eu__flipped,EQUIVALENCE
dico_phrasis_0001254__eu-eu__flipped,dico_phrasis_0001254,eu,eu,zelaian,zelai zabalean,dico_phrasis_0001254__eu-eu__original,EQUIVALENCE
dico_phrasis_0001254__eu-eu__original,dico_phrasis_0001254,eu,eu,zelai zabalean,zelaian,dico_phrasis_0001254__eu-eu__flipped,EQUIVALENCE
dico_phrasis_0001257__eu-eu__flipped,dico_phrasis_0001257,eu,eu,eserita daude,eserita,dico_phrasis_0001257__eu-eu__original,EQUIVALENCE
dico_phrasis_0001257__eu-eu__original,dico_phrasis_0001257,eu,eu,eserita,eserita daude,dico_phrasis_0001257__eu-eu__flipped,EQUIVALENCE
dico_phrasis_0001259__eu-eu__flipped,dico_phrasis_0001259,eu,eu,zutik dago,zutik mantentzea,dico_phrasis_0001259__eu-eu__original,EQUIVALENCE
dico_phrasis_0001259__eu-eu__original,dico_phrasis_0001259,eu,eu,zutik mantentzea,zutik dago,dico_phrasis_0001259__eu-eu__flipped,EQUIVALENCE
dico_phrasis_0001260__eu-eu__flipped,dico_phrasis_0001260,eu,eu,gizon heldu bat,gizonezko heldu bat,dico_phrasis_0001260__eu-eu__original,EQUIVALENCE
dico_phrasis_0001260__eu-eu__original,dico_phrasis_0001260,eu,eu,gizonezko heldu bat,gizon heldu bat,dico_phrasis_0001260__eu-eu__flipped,EQUIVALENCE
dico_phrasis_0001261__eu-eu__flipped,dico_phrasis_0001261,eu,eu,tren-geltokian,tren-garraioko terminalean,dico_phrasis_0001261__eu-eu__original,EQUIVALENCE
dico_phrasis_0001261__eu-eu__original,dico_phrasis_0001261,eu,eu,tren-garraioko terminalean,tren-geltokian,dico_phrasis_0001261__eu-eu__flipped,EQUIVALENCE
dico_phrasis_0001262__eu-eu__flipped,dico_phrasis_0001262,eu,eu,Trena,trenbideko garraiobidea,dico_phrasis_0001262__eu-eu__original,EQUIVALENCE
dico_phrasis_0001262__eu-eu__original,dico_phrasis_0001262,eu,eu,trenbideko garraiobidea,Trena,dico_phrasis_0001262__eu-eu__flipped,EQUIVALENCE
dico_phrasis_0001266__eu-eu__flipped,dico_phrasis_0001266,eu,eu,bi txakur,txakur-bikotea,dico_phrasis_0001266__eu-eu__original,EQUIVALENCE
dico_phrasis_0001266__eu-eu__original,dico_phrasis_0001266,eu,eu,txakur-bikotea,bi txakur,dico_phrasis_0001266__eu-eu__flipped,EQUIVALENCE
dico_phrasis_0001268__eu-eu__flipped,dico_phrasis_0001268,eu,eu,Hau zuri-beltzeko argazki bat da,Zuri-beltzeko argazki bat,dico_phrasis_0001268__eu-eu__original,EQUIVALENCE
dico_phrasis_0001268__eu-eu__original,dico_phrasis_0001268,eu,eu,Zuri-beltzeko argazki bat,Hau zuri-beltzeko argazki bat da,dico_phrasis_0001268__eu-eu__flipped,EQUIVALENCE
dico_phrasis_0001269__eu-eu__flipped,dico_phrasis_0001269,eu,eu,motorretan,motozikletetan,dico_phrasis_0001269__eu-eu__original,EQUIVALENCE
dico_phrasis_0001269__eu-eu__original,dico_phrasis_0001269,eu,eu,motozikletetan,motorretan,dico_phrasis_0001269__eu-eu__flipped,EQUIVALENCE
dico_phrasis_0001272__eu-eu__flipped,dico_phrasis_0001272,eu,eu,Gizon bat,Mutil bat,dico_phrasis_0001272__eu-eu__original,EQUIVALENCE
dico_phrasis_0001272__eu-eu__original,dico_phrasis_0001272,eu,eu,Mutil bat,Gizon bat,dico_phrasis_0001272__eu-eu__flipped,EQUIVALENCE
dico_phrasis_0001273__eu-eu__flipped,dico_phrasis_0001273,eu,eu,behi beltz-zuri bat,kolore beltz-zuriko behi bat,dico_phrasis_0001273__eu-eu__original,EQUIVALENCE
dico_phrasis_0001273__eu-eu__original,dico_phrasis_0001273,eu,eu,kolore beltz-zuriko behi bat,behi beltz-zuri bat,dico_phrasis_0001273__eu-eu__flipped,EQUIVALENCE
dico_phrasis_0001274__eu-eu__flipped,dico_phrasis_0001274,eu,eu,eseri,eserita daude,dico_phrasis_0001274__eu-eu__original,EQUIVALENCE
dico_phrasis_0001274__eu-eu__original,dico_phrasis_0001274,eu,eu,eserita daude,eseri,dico_phrasis_0001274__eu-eu__flipped,EQUIVALENCE
dico_phrasis_0001276__eu-eu__flipped,dico_phrasis_0001276,eu,eu,goian pausatuta daude,toki garaietan pausatuta,dico_phrasis_0001276__eu-eu__original,EQUIVALENCE
dico_phrasis_0001276__eu-eu__original,dico_phrasis_0001276,eu,eu,toki garaietan pausatuta,goian pausatuta daude,dico_phrasis_0001276__eu-eu__flipped,EQUIVALENCE
dico_phrasis_0001278__eu-eu__flipped,dico_phrasis_0001278,eu,eu,Aeromexicoko zilarrezko hegazkin bat,AreoMexico zilarrezko hegazkin komertzial bat,dico_phrasis_0001278__eu-eu__original,EQUIVALENCE
dico_phrasis_0001278__eu-eu__original,dico_phrasis_0001278,eu,eu,AreoMexico zilarrezko hegazkin komertzial bat,Aeromexicoko zilarrezko hegazkin bat,dico_phrasis_0001278__eu-eu__flipped,EQUIVALENCE
dico_phrasis_0001280__eu-eu__flipped,dico_phrasis_0001280,eu,eu,Gizona,gizonezko heldua,dico_phrasis_0001280__eu-eu__original,EQUIVALENCE
dico_phrasis_0001280__eu-eu__original,dico_phrasis_0001280,eu,eu,gizonezko heldua,Gizona,dico_phrasis_0001280__eu-eu__flipped,EQUIVALENCE
dico_phrasis_0001283__eu-eu__flipped,dico_phrasis_0001283,eu,eu,eusten,helduta edukitzen,dico_phrasis_0001283__eu-eu__original,EQUIVALENCE
dico_phrasis_0001283__eu-eu__original,dico_phrasis_0001283,eu,eu,helduta edukitzen,eusten,dico_phrasis_0001283__eu-eu__flipped,EQUIVALENCE
dico_phrasis_0001284__eu-eu__flipped,dico_phrasis_0001284,eu,eu,arropa-denda batean,arropa-denda baten barruan,dico_phrasis_0001284__eu-eu__original,EQUIVALENCE
dico_phrasis_0001284__eu-eu__original,dico_phrasis_0001284,eu,eu,arropa-denda baten barruan,arropa-denda batean,dico_phrasis_0001284__eu-eu__flipped,EQUIVALENCE
dico_phrasis_0001285__eu-eu__flipped,dico_phrasis_0001285,eu,eu,kanpora begira dago,kanpora begiratzen du,dico_phrasis_0001285__eu-eu__original,EQUIVALENCE
dico_phrasis_0001285__eu-eu__original,dico_phrasis_0001285,eu,eu,kanpora begiratzen du,kanpora begira dago,dico_phrasis_0001285__eu-eu__flipped,EQUIVALENCE
dico_phrasis_0001287__eu-eu__flipped,dico_phrasis_0001287,eu,eu,Adineko jaun bat,Adineko gizon bat,dico_phrasis_0001287__eu-eu__original,EQUIVALENCE
dico_phrasis_0001287__eu-eu__original,dico_phrasis_0001287,eu,eu,Adineko gizon bat,Adineko jaun bat,dico_phrasis_0001287__eu-eu__flipped,EQUIVALENCE
dico_phrasis_0001288__eu-eu__flipped,dico_phrasis_0001288,eu,eu,uretan,uraren barruan kokatua,dico_phrasis_0001288__eu-eu__original,EQUIVALENCE
dico_phrasis_0001288__eu-eu__original,dico_phrasis_0001288,eu,eu,uraren barruan kokatua,uretan,dico_phrasis_0001288__eu-eu__flipped,EQUIVALENCE
dico_phrasis_0001289__eu-eu__flipped,dico_phrasis_0001289,eu,eu,obra-gune batean,eraikuntza-gune batean,dico_phrasis_0001289__eu-eu__original,EQUIVALENCE
dico_phrasis_0001289__eu-eu__original,dico_phrasis_0001289,eu,eu,eraikuntza-gune batean,obra-gune batean,dico_phrasis_0001289__eu-eu__flipped,EQUIVALENCE
dico_phrasis_0001292__eu-eu__flipped,dico_phrasis_0001292,eu,eu,noria baten aurrean,noria bat atzean duela,dico_phrasis_0001292__eu-eu__original,EQUIVALENCE
dico_phrasis_0001292__eu-eu__original,dico_phrasis_0001292,eu,eu,noria bat atzean duela,noria baten aurrean,dico_phrasis_0001292__eu-eu__flipped,EQUIVALENCE
dico_phrasis_0001293__eu-eu__flipped,dico_phrasis_0001293,eu,eu,lurreko pista batean,lurreko ibilbide batean,dico_phrasis_0001293__eu-eu__original,EQUIVALENCE
dico_phrasis_0001293__eu-eu__original,dico_phrasis_0001293,eu,eu,lurreko ibilbide batean,lurreko pista batean,dico_phrasis_0001293__eu-eu__flipped,EQUIVALENCE
dico_phrasis_0001294__eu-eu__flipped,dico_phrasis_0001294,eu,eu,bere kaputxarekin,bere kaputxa erabiliz,dico_phrasis_0001294__eu-eu__original,EQUIVALENCE
dico_phrasis_0001294__eu-eu__original,dico_phrasis_0001294,eu,eu,bere kaputxa erabiliz,bere kaputxarekin,dico_phrasis_0001294__eu-eu__flipped,EQUIVALENCE
dico_phrasis_0001295__eu-eu__flipped,dico_phrasis_0001295,eu,eu,moztea,mozten ari dira,dico_phrasis_0001295__eu-eu__original,EQUIVALENCE
dico_phrasis_0001295__eu-eu__original,dico_phrasis_0001295,eu,eu,mozten ari dira,moztea,dico_phrasis_0001295__eu-eu__flipped,EQUIVALENCE
dico_phrasis_0001296__eu-eu__flipped,dico_phrasis_0001296,eu,eu,geltoki batera,garraio-terminal batera sartzen,dico_phrasis_0001296__eu-eu__original,EQUIVALENCE
dico_phrasis_0001296__eu-eu__original,dico_phrasis_0001296,eu,eu,garraio-terminal batera sartzen,geltoki batera,dico_phrasis_0001296__eu-eu__flipped,EQUIVALENCE
dico_phrasis_0001297__eu-eu__flipped,dico_phrasis_0001297,eu,eu,ur gainean,ur-masa batean,dico_phrasis_0001297__eu-eu__original,EQUIVALENCE
dico_phrasis_0001297__eu-eu__original,dico_phrasis_0001297,eu,eu,ur-masa batean,ur gainean,dico_phrasis_0001297__eu-eu__flipped,EQUIVALENCE
dico_phrasis_0001298__eu-eu__flipped,dico_phrasis_0001298,eu,eu,Motozikleta bat,moto bat,dico_phrasis_0001298__eu-eu__original,EQUIVALENCE
dico_phrasis_0001298__eu-eu__original,dico_phrasis_0001298,eu,eu,moto bat,Motozikleta bat,dico_phrasis_0001298__eu-eu__flipped,EQUIVALENCE
dico_phrasis_0001299__eu-eu__flipped,dico_phrasis_0001299,eu,eu,Mutikoa,mutiko gaztea,dico_phrasis_0001299__eu-eu__original,EQUIVALENCE
dico_phrasis_0001299__eu-eu__original,dico_phrasis_0001299,eu,eu,mutiko gaztea,Mutikoa,dico_phrasis_0001299__eu-eu__flipped,EQUIVALENCE
dico_phrasis_0001301__eu-eu__flipped,dico_phrasis_0001301,eu,eu,Hegazkin handi bat,Erreakzio-hegazkin handi bat,dico_phrasis_0001301__eu-eu__original,EQUIVALENCE
dico_phrasis_0001301__eu-eu__original,dico_phrasis_0001301,eu,eu,Erreakzio-hegazkin handi bat,Hegazkin handi bat,dico_phrasis_0001301__eu-eu__flipped,EQUIVALENCE
dico_phrasis_0001303__eu-eu__flipped,dico_phrasis_0001303,eu,eu,erakusten ari da,erakusten,dico_phrasis_0001303__eu-eu__original,EQUIVALENCE
dico_phrasis_0001303__eu-eu__original,dico_phrasis_0001303,eu,eu,erakusten,erakusten ari da,dico_phrasis_0001303__eu-eu__flipped,EQUIVALENCE
dico_phrasis_0001304__eu-eu__flipped,dico_phrasis_0001304,eu,eu,eserita daude,eserita egon,dico_phrasis_0001304__eu-eu__original,EQUIVALENCE
dico_phrasis_0001304__eu-eu__original,dico_phrasis_0001304,eu,eu,eserita egon,eserita daude,dico_phrasis_0001304__eu-eu__flipped,EQUIVALENCE
dico_phrasis_0001305__eu-eu__flipped,dico_phrasis_0001305,eu,eu,eserita,eserita daude,dico_phrasis_0001305__eu-eu__original,EQUIVALENCE
dico_phrasis_0001305__eu-eu__original,dico_phrasis_0001305,eu,eu,eserita daude,eserita,dico_phrasis_0001305__eu-eu__flipped,EQUIVALENCE
dico_phrasis_0001307__eu-eu__flipped,dico_phrasis_0001307,eu,eu,Phillips pantaila lauko telebista bat,Philips pantaila lauko telebista bat,dico_phrasis_0001307__eu-eu__original,EQUIVALENCE
dico_phrasis_0001307__eu-eu__original,dico_phrasis_0001307,eu,eu,Philips pantaila lauko telebista bat,Phillips pantaila lauko telebista bat,dico_phrasis_0001307__eu-eu__flipped,EQUIVALENCE
dico_phrasis_0001308__eu-eu__flipped,dico_phrasis_0001308,eu,eu,zoruan,zoru baten gainean,dico_phrasis_0001308__eu-eu__original,EQUIVALENCE
dico_phrasis_0001308__eu-eu__original,dico_phrasis_0001308,eu,eu,zoru baten gainean,zoruan,dico_phrasis_0001308__eu-eu__flipped,EQUIVALENCE
dico_phrasis_0001310__eu-eu__flipped,dico_phrasis_0001310,eu,eu,lehen plano bat,xehetasunaren ikuspegi handitua,dico_phrasis_0001310__eu-eu__original,EQUIVALENCE
dico_phrasis_0001310__eu-eu__original,dico_phrasis_0001310,eu,eu,xehetasunaren ikuspegi handitua,lehen plano bat,dico_phrasis_0001310__eu-eu__flipped,EQUIVALENCE
dico_phrasis_0001311__eu-eu__flipped,dico_phrasis_0001311,eu,eu,trenaren errailen gainean,trenbideko errailen gainean,dico_phrasis_0001311__eu-eu__original,EQUIVALENCE
dico_phrasis_0001311__eu-eu__original,dico_phrasis_0001311,eu,eu,trenbideko errailen gainean,trenaren errailen gainean,dico_phrasis_0001311__eu-eu__flipped,EQUIVALENCE
dico_phrasis_0001313__eu-eu__flipped,dico_phrasis_0001313,eu,eu,haren atzean,atzealdean,dico_phrasis_0001313__eu-eu__original,EQUIVALENCE
dico_phrasis_0001313__eu-eu__original,dico_phrasis_0001313,eu,eu,atzealdean,haren atzean,dico_phrasis_0001313__eu-eu__flipped,EQUIVALENCE
dico_phrasis_0001314__eu-eu__flipped,dico_phrasis_0001314,eu,eu,egun hodeitsu batean,zeru hodeitsu baten azpian,dico_phrasis_0001314__eu-eu__original,EQUIVALENCE
dico_phrasis_0001314__eu-eu__original,dico_phrasis_0001314,eu,eu,zeru hodeitsu baten azpian,egun hodeitsu batean,dico_phrasis_0001314__eu-eu__flipped,EQUIVALENCE
dico_phrasis_0001316__eu-eu__flipped,dico_phrasis_0001316,eu,eu,Talde bat,Jendetza,dico_phrasis_0001316__eu-eu__original,EQUIVALENCE
dico_phrasis_0001316__eu-eu__original,dico_phrasis_0001316,eu,eu,Jendetza,Talde bat,dico_phrasis_0001316__eu-eu__flipped,EQUIVALENCE
dico_phrasis_0001317__eu-eu__flipped,dico_phrasis_0001317,eu,eu,Lehen plano bat,Lehen planoan ikusita,dico_phrasis_0001317__eu-eu__original,EQUIVALENCE
dico_phrasis_0001317__eu-eu__original,dico_phrasis_0001317,eu,eu,Lehen planoan ikusita,Lehen plano bat,dico_phrasis_0001317__eu-eu__flipped,EQUIVALENCE
dico_phrasis_0001318__eu-eu__flipped,dico_phrasis_0001318,eu,eu,geltoki batean,tren-geltoki batean,dico_phrasis_0001318__eu-eu__original,EQUIVALENCE
dico_phrasis_0001318__eu-eu__original,dico_phrasis_0001318,eu,eu,tren-geltoki batean,geltoki batean,dico_phrasis_0001318__eu-eu__flipped,EQUIVALENCE
dico_phrasis_0001319__eu-eu__flipped,dico_phrasis_0001319,eu,eu,belardi batean,belarrez estalitako zelai baten barruan,dico_phrasis_0001319__eu-eu__original,EQUIVALENCE
dico_phrasis_0001319__eu-eu__original,dico_phrasis_0001319,eu,eu,belarrez estalitako zelai baten barruan,belardi batean,dico_phrasis_0001319__eu-eu__flipped,EQUIVALENCE
dico_phrasis_0001322__eu-eu__flipped,dico_phrasis_0001322,eu,eu,belar gainean,belarrezko lur gainean,dico_phrasis_0001322__eu-eu__original,EQUIVALENCE
dico_phrasis_0001322__eu-eu__original,dico_phrasis_0001322,eu,eu,belarrezko lur gainean,belar gainean,dico_phrasis_0001322__eu-eu__flipped,EQUIVALENCE
dico_phrasis_0001326__eu-eu__flipped,dico_phrasis_0001326,eu,eu,Ukrainan,Ukrainako ekialdean,dico_phrasis_0001326__eu-eu__original,BACKWARD_ENTAILMENT
dico_phrasis_0001326__eu-eu__original,dico_phrasis_0001326,eu,eu,Ukrainako ekialdean,Ukrainan,dico_phrasis_0001326__eu-eu__flipped,FORWARD_ENTAILMENT
dico_phrasis_0001327__eu-eu__flipped,dico_phrasis_0001327,eu,eu,Hego Korea,Hego Korearekin,dico_phrasis_0001327__eu-eu__original,BACKWARD_ENTAILMENT
dico_phrasis_0001327__eu-eu__original,dico_phrasis_0001327,eu,eu,Hego Korearekin,Hego Korea,dico_phrasis_0001327__eu-eu__flipped,FORWARD_ENTAILMENT
dico_phrasis_0001328__eu-eu__flipped,dico_phrasis_0001328,eu,eu,'ren gizonik zaharrena,'ren pertsonarik zaharrena eta gizonik zaharrena,dico_phrasis_0001328__eu-eu__original,BACKWARD_ENTAILMENT
dico_phrasis_0001328__eu-eu__original,dico_phrasis_0001328,eu,eu,'ren pertsonarik zaharrena eta gizonik zaharrena,'ren gizonik zaharrena,dico_phrasis_0001328__eu-eu__flipped,FORWARD_ENTAILMENT
dico_phrasis_0001329__eu-eu__flipped,dico_phrasis_0001329,eu,eu,elkarrizketak,adituen arteko elkarrizketa nuklearrak,dico_phrasis_0001329__eu-eu__original,BACKWARD_ENTAILMENT
dico_phrasis_0001329__eu-eu__original,dico_phrasis_0001329,eu,eu,adituen arteko elkarrizketa nuklearrak,elkarrizketak,dico_phrasis_0001329__eu-eu__flipped,FORWARD_ENTAILMENT
dico_phrasis_0001330__eu-eu__flipped,dico_phrasis_0001330,eu,eu,tren-leherketaren egoera,Kanadako merkantzia-trenaren leherketako hildakoen kopurua,dico_phrasis_0001330__eu-eu__original,BACKWARD_ENTAILMENT
dico_phrasis_0001330__eu-eu__original,dico_phrasis_0001330,eu,eu,Kanadako merkantzia-trenaren leherketako hildakoen kopurua,tren-leherketaren egoera,dico_phrasis_0001330__eu-eu__flipped,FORWARD_ENTAILMENT
dico_phrasis_0001331__eu-eu__flipped,dico_phrasis_0001331,eu,eu,euria,euri-jasa handia,dico_phrasis_0001331__eu-eu__original,BACKWARD_ENTAILMENT
dico_phrasis_0001331__eu-eu__original,dico_phrasis_0001331,eu,eu,euri-jasa handia,euria,dico_phrasis_0001331__eu-eu__flipped,FORWARD_ENTAILMENT
dico_phrasis_0001332__eu-eu__flipped,dico_phrasis_0001332,eu,eu,Ezusteko bisita,Ezusteko bisitan,dico_phrasis_0001332__eu-eu__original,BACKWARD_ENTAILMENT
dico_phrasis_0001332__eu-eu__original,dico_phrasis_0001332,eu,eu,Ezusteko bisitan,Ezusteko bisita,dico_phrasis_0001332__eu-eu__flipped,FORWARD_ENTAILMENT
dico_phrasis_0001333__eu-eu__flipped,dico_phrasis_0001333,eu,eu,ezkontza homosexuala,ezkontza homosexualari buruz,dico_phrasis_0001333__eu-eu__original,BACKWARD_ENTAILMENT
dico_phrasis_0001333__eu-eu__original,dico_phrasis_0001333,eu,eu,ezkontza homosexualari buruz,ezkontza homosexuala,dico_phrasis_0001333__eu-eu__flipped,FORWARD_ENTAILMENT
dico_phrasis_0001334__eu-eu__flipped,dico_phrasis_0001334,eu,eu,Egipto,Egipto bezala,dico_phrasis_0001334__eu-eu__original,BACKWARD_ENTAILMENT
dico_phrasis_0001334__eu-eu__original,dico_phrasis_0001334,eu,eu,Egipto bezala,Egipto,dico_phrasis_0001334__eu-eu__flipped,FORWARD_ENTAILMENT
dico_phrasis_0001335__eu-eu__flipped,dico_phrasis_0001335,eu,eu,marka bat,marka historiko berri bat,dico_phrasis_0001335__eu-eu__original,BACKWARD_ENTAILMENT
dico_phrasis_0001335__eu-eu__original,dico_phrasis_0001335,eu,eu,marka historiko berri bat,marka bat,dico_phrasis_0001335__eu-eu__flipped,FORWARD_ENTAILMENT
dico_phrasis_0001336__eu-eu__flipped,dico_phrasis_0001336,eu,eu,hegazkina,Ukrainako hegazkina,dico_phrasis_0001336__eu-eu__original,BACKWARD_ENTAILMENT
dico_phrasis_0001336__eu-eu__original,dico_phrasis_0001336,eu,eu,Ukrainako hegazkina,hegazkina,dico_phrasis_0001336__eu-eu__flipped,FORWARD_ENTAILMENT
dico_phrasis_0001337__eu-eu__flipped,dico_phrasis_0001337,eu,eu,Espainiako tren-hondamendian,Espainiako tren-istripu hilgarrian,dico_phrasis_0001337__eu-eu__original,BACKWARD_ENTAILMENT
dico_phrasis_0001337__eu-eu__original,dico_phrasis_0001337,eu,eu,Espainiako tren-istripu hilgarrian,Espainiako tren-hondamendian,dico_phrasis_0001337__eu-eu__flipped,FORWARD_ENTAILMENT
dico_phrasis_0001338__eu-eu__flipped,dico_phrasis_0001338,eu,eu,17 zauritu,19 zauritu,dico_phrasis_0001338__eu-eu__original,BACKWARD_ENTAILMENT
dico_phrasis_0001338__eu-eu__original,dico_phrasis_0001338,eu,eu,19 zauritu,17 zauritu,dico_phrasis_0001338__eu-eu__flipped,FORWARD_ENTAILMENT
dico_phrasis_0001339__eu-eu__flipped,dico_phrasis_0001339,eu,eu,mortero bidez,mortero-su bortitzaren bidez,dico_phrasis_0001339__eu-eu__original,BACKWARD_ENTAILMENT
dico_phrasis_0001339__eu-eu__original,dico_phrasis_0001339,eu,eu,mortero-su bortitzaren bidez,mortero bidez,dico_phrasis_0001339__eu-eu__flipped,FORWARD_ENTAILMENT
dico_phrasis_0001340__eu-eu__flipped,dico_phrasis_0001340,eu,eu,merkataritza-gunea,merkataritza-gunean,dico_phrasis_0001340__eu-eu__original,BACKWARD_ENTAILMENT
dico_phrasis_0001340__eu-eu__original,dico_phrasis_0001340,eu,eu,merkataritza-gunean,merkataritza-gunea,dico_phrasis_0001340__eu-eu__flipped,FORWARD_ENTAILMENT
dico_phrasis_0001341__eu-eu__flipped,dico_phrasis_0001341,eu,eu,Siriako arma kimikoak,Siriako arma kimikoei buruz,dico_phrasis_0001341__eu-eu__original,BACKWARD_ENTAILMENT
dico_phrasis_0001341__eu-eu__original,dico_phrasis_0001341,eu,eu,Siriako arma kimikoei buruz,Siriako arma kimikoak,dico_phrasis_0001341__eu-eu__flipped,FORWARD_ENTAILMENT
dico_phrasis_0001343__eu-eu__flipped,dico_phrasis_0001343,eu,eu,Bost hildako,Askoz hildako gehiago,dico_phrasis_0001343__eu-eu__original,BACKWARD_ENTAILMENT
dico_phrasis_0001343__eu-eu__original,dico_phrasis_0001343,eu,eu,Askoz hildako gehiago,Bost hildako,dico_phrasis_0001343__eu-eu__flipped,FORWARD_ENTAILMENT
dico_phrasis_0001344__eu-eu__flipped,dico_phrasis_0001344,eu,eu,San Diegoko alkatea,San Diegoko alkate Bob Filner,dico_phrasis_0001344__eu-eu__original,BACKWARD_ENTAILMENT
dico_phrasis_0001344__eu-eu__original,dico_phrasis_0001344,eu,eu,San Diegoko alkate Bob Filner,San Diegoko alkatea,dico_phrasis_0001344__eu-eu__flipped,FORWARD_ENTAILMENT
dico_phrasis_0001345__eu-eu__flipped,dico_phrasis_0001345,eu,eu,Japonia,Japoniako ipar-ekialdea,dico_phrasis_0001345__eu-eu__original,BACKWARD_ENTAILMENT
dico_phrasis_0001345__eu-eu__original,dico_phrasis_0001345,eu,eu,Japoniako ipar-ekialdea,Japonia,dico_phrasis_0001345__eu-eu__flipped,FORWARD_ENTAILMENT
dico_phrasis_0001347__eu-eu__flipped,dico_phrasis_0001347,eu,eu,Gizon armatuak,Nigeriako gizon armatuak,dico_phrasis_0001347__eu-eu__original,BACKWARD_ENTAILMENT
dico_phrasis_0001347__eu-eu__original,dico_phrasis_0001347,eu,eu,Nigeriako gizon armatuak,Gizon armatuak,dico_phrasis_0001347__eu-eu__flipped,FORWARD_ENTAILMENT
dico_phrasis_0001348__eu-eu__flipped,dico_phrasis_0001348,eu,eu,30,senargaia eta gutxienez beste 30,dico_phrasis_0001348__eu-eu__original,BACKWARD_ENTAILMENT
dico_phrasis_0001348__eu-eu__original,dico_phrasis_0001348,eu,eu,senargaia eta gutxienez beste 30,30,dico_phrasis_0001348__eu-eu__flipped,FORWARD_ENTAILMENT
dico_phrasis_0001349__eu-eu__flipped,dico_phrasis_0001349,eu,eu,aire-erasoetan,Israelgo aire-erasoetan,dico_phrasis_0001349__eu-eu__original,BACKWARD_ENTAILMENT
dico_phrasis_0001349__eu-eu__original,dico_phrasis_0001349,eu,eu,Israelgo aire-erasoetan,aire-erasoetan,dico_phrasis_0001349__eu-eu__flipped,FORWARD_ENTAILMENT
dico_phrasis_0001353__eu-eu__flipped,dico_phrasis_0001353,eu,eu,laguntza,larrialdietarako laguntza,dico_phrasis_0001353__eu-eu__original,BACKWARD_ENTAILMENT
dico_phrasis_0001353__eu-eu__original,dico_phrasis_0001353,eu,eu,larrialdietarako laguntza,laguntza,dico_phrasis_0001353__eu-eu__flipped,FORWARD_ENTAILMENT
dico_phrasis_0001354__eu-eu__flipped,dico_phrasis_0001354,eu,eu,Junckerri,Junckerren izendapenaren inguruan,dico_phrasis_0001354__eu-eu__original,BACKWARD_ENTAILMENT
dico_phrasis_0001354__eu-eu__original,dico_phrasis_0001354,eu,eu,Junckerren izendapenaren inguruan,Junckerri,dico_phrasis_0001354__eu-eu__flipped,FORWARD_ENTAILMENT
dico_phrasis_0001355__eu-eu__flipped,dico_phrasis_0001355,eu,eu,gasolindegia,gasolina-ponpak,dico_phrasis_0001355__eu-eu__original,BACKWARD_ENTAILMENT
dico_phrasis_0001355__eu-eu__original,dico_phrasis_0001355,eu,eu,gasolina-ponpak,gasolindegia,dico_phrasis_0001355__eu-eu__flipped,FORWARD_ENTAILMENT
dico_phrasis_0001356__eu-eu__flipped,dico_phrasis_0001356,eu,eu,Israelgo aire-erasoa,Israelgo gerra-hegazkinen erasoak,dico_phrasis_0001356__eu-eu__original,BACKWARD_ENTAILMENT
dico_phrasis_0001356__eu-eu__original,dico_phrasis_0001356,eu,eu,Israelgo gerra-hegazkinen erasoak,Israelgo aire-erasoa,dico_phrasis_0001356__eu-eu__flipped,FORWARD_ENTAILMENT
dico_phrasis_0001357__eu-eu__flipped,dico_phrasis_0001357,eu,eu,airbagaren gainean,airbagaren matxuraren ondoren,dico_phrasis_0001357__eu-eu__original,BACKWARD_ENTAILMENT
dico_phrasis_0001357__eu-eu__original,dico_phrasis_0001357,eu,eu,airbagaren matxuraren ondoren,airbagaren gainean,dico_phrasis_0001357__eu-eu__flipped,FORWARD_ENTAILMENT
dico_phrasis_0001358__eu-eu__flipped,dico_phrasis_0001358,eu,eu,Toyota eta Japoniako beste 3 auto-fabrikatzaile,"Toyota, Honda, Nissan eta Mazda",dico_phrasis_0001358__eu-eu__original,BACKWARD_ENTAILMENT
dico_phrasis_0001358__eu-eu__original,dico_phrasis_0001358,eu,eu,"Toyota, Honda, Nissan eta Mazda",Toyota eta Japoniako beste 3 auto-fabrikatzaile,dico_phrasis_0001358__eu-eu__flipped,FORWARD_ENTAILMENT
dico_phrasis_0001359__eu-eu__flipped,dico_phrasis_0001359,eu,eu,Txinako ontzi bat,Txinako ontzidirik handiena,dico_phrasis_0001359__eu-eu__original,BACKWARD_ENTAILMENT
dico_phrasis_0001359__eu-eu__original,dico_phrasis_0001359,eu,eu,Txinako ontzidirik handiena,Txinako ontzi bat,dico_phrasis_0001359__eu-eu__flipped,FORWARD_ENTAILMENT
dico_phrasis_0001360__eu-eu__flipped,dico_phrasis_0001360,eu,eu,estremistak,estremisten,dico_phrasis_0001360__eu-eu__original,BACKWARD_ENTAILMENT
dico_phrasis_0001360__eu-eu__original,dico_phrasis_0001360,eu,eu,estremisten,estremistak,dico_phrasis_0001360__eu-eu__flipped,FORWARD_ENTAILMENT
dico_phrasis_0001363__eu-eu__flipped,dico_phrasis_0001363,eu,eu,"Mohan Babu, Brahmanandam aktoreak","Telugu aktoreak Mohan Babu, Brahmanandam",dico_phrasis_0001363__eu-eu__original,BACKWARD_ENTAILMENT
dico_phrasis_0001363__eu-eu__original,dico_phrasis_0001363,eu,eu,"Telugu aktoreak Mohan Babu, Brahmanandam","Mohan Babu, Brahmanandam aktoreak",dico_phrasis_0001363__eu-eu__flipped,FORWARD_ENTAILMENT
dico_phrasis_0001364__eu-eu__flipped,dico_phrasis_0001364,eu,eu,HC,Andhra Pradesheko Auzitegi Nagusia,dico_phrasis_0001364__eu-eu__original,BACKWARD_ENTAILMENT
dico_phrasis_0001364__eu-eu__original,dico_phrasis_0001364,eu,eu,Andhra Pradesheko Auzitegi Nagusia,HC,dico_phrasis_0001364__eu-eu__flipped,FORWARD_ENTAILMENT
dico_phrasis_0001365__eu-eu__flipped,dico_phrasis_0001365,eu,eu,26 preso palestinar,preso palestinarrak,dico_phrasis_0001365__eu-eu__original,BACKWARD_ENTAILMENT
dico_phrasis_0001365__eu-eu__original,dico_phrasis_0001365,eu,eu,preso palestinarrak,26 preso palestinar,dico_phrasis_0001365__eu-eu__flipped,FORWARD_ENTAILMENT
dico_phrasis_0001366__eu-eu__flipped,dico_phrasis_0001366,eu,eu,Doris Lessing Nobel saridun idazlea,Doris Lessing Nobel saridun idazle britainiarra,dico_phrasis_0001366__eu-eu__original,BACKWARD_ENTAILMENT
dico_phrasis_0001366__eu-eu__original,dico_phrasis_0001366,eu,eu,Doris Lessing Nobel saridun idazle britainiarra,Doris Lessing Nobel saridun idazlea,dico_phrasis_0001366__eu-eu__flipped,FORWARD_ENTAILMENT
dico_phrasis_0001367__eu-eu__flipped,dico_phrasis_0001367,eu,eu,"Hollywoodeko izarra, Paul Walker","«Fast & Furious» filmeko izarra, Paul Walker",dico_phrasis_0001367__eu-eu__original,BACKWARD_ENTAILMENT
dico_phrasis_0001367__eu-eu__original,dico_phrasis_0001367,eu,eu,"«Fast & Furious» filmeko izarra, Paul Walker","Hollywoodeko izarra, Paul Walker",dico_phrasis_0001367__eu-eu__flipped,FORWARD_ENTAILMENT
dico_phrasis_0001368__eu-eu__flipped,dico_phrasis_0001368,eu,eu,manifestariei,Morsyren aldeko manifestariei,dico_phrasis_0001368__eu-eu__original,BACKWARD_ENTAILMENT
dico_phrasis_0001368__eu-eu__original,dico_phrasis_0001368,eu,eu,Morsyren aldeko manifestariei,manifestariei,dico_phrasis_0001368__eu-eu__flipped,FORWARD_ENTAILMENT
dico_phrasis_0001369__eu-eu__flipped,dico_phrasis_0001369,eu,eu,bederatzi turista,"atzerriko bederatzi turista, gida",dico_phrasis_0001369__eu-eu__original,BACKWARD_ENTAILMENT
dico_phrasis_0001369__eu-eu__original,dico_phrasis_0001369,eu,eu,"atzerriko bederatzi turista, gida",bederatzi turista,dico_phrasis_0001369__eu-eu__flipped,FORWARD_ENTAILMENT
dico_phrasis_0001370__eu-eu__flipped,dico_phrasis_0001370,eu,eu,kontsumitzailea,AEBetako kontsumitzaileak,dico_phrasis_0001370__eu-eu__original,BACKWARD_ENTAILMENT
dico_phrasis_0001370__eu-eu__original,dico_phrasis_0001370,eu,eu,AEBetako kontsumitzaileak,kontsumitzailea,dico_phrasis_0001370__eu-eu__flipped,FORWARD_ENTAILMENT
dico_phrasis_0001371__eu-eu__flipped,dico_phrasis_0001371,eu,eu,merkantzia-tren gisa,petrolio-trenen ondoren,dico_phrasis_0001371__eu-eu__original,BACKWARD_ENTAILMENT
dico_phrasis_0001371__eu-eu__original,dico_phrasis_0001371,eu,eu,petrolio-trenen ondoren,merkantzia-tren gisa,dico_phrasis_0001371__eu-eu__flipped,FORWARD_ENTAILMENT
dico_phrasis_0001372__eu-eu__flipped,dico_phrasis_0001372,eu,eu,Indarkeria sektarioa,indarkeria sektarioagatik,dico_phrasis_0001372__eu-eu__original,BACKWARD_ENTAILMENT
dico_phrasis_0001372__eu-eu__original,dico_phrasis_0001372,eu,eu,indarkeria sektarioagatik,Indarkeria sektarioa,dico_phrasis_0001372__eu-eu__flipped,FORWARD_ENTAILMENT
dico_phrasis_0001373__eu-eu__flipped,dico_phrasis_0001373,eu,eu,104 preso palestinar,preso palestinarrak,dico_phrasis_0001373__eu-eu__original,BACKWARD_ENTAILMENT
dico_phrasis_0001373__eu-eu__original,dico_phrasis_0001373,eu,eu,preso palestinarrak,104 preso palestinar,dico_phrasis_0001373__eu-eu__flipped,FORWARD_ENTAILMENT
dico_phrasis_0001375__eu-eu__flipped,dico_phrasis_0001375,eu,eu,Vodafone UK-ko burua,Vodafone UK-ko buru Guy Laurence,dico_phrasis_0001375__eu-eu__original,BACKWARD_ENTAILMENT
dico_phrasis_0001375__eu-eu__original,dico_phrasis_0001375,eu,eu,Vodafone UK-ko buru Guy Laurence,Vodafone UK-ko burua,dico_phrasis_0001375__eu-eu__flipped,FORWARD_ENTAILMENT
dico_phrasis_0001376__eu-eu__flipped,dico_phrasis_0001376,eu,eu,krisian,krisi politikoan,dico_phrasis_0001376__eu-eu__original,BACKWARD_ENTAILMENT
dico_phrasis_0001376__eu-eu__original,dico_phrasis_0001376,eu,eu,krisi politikoan,krisian,dico_phrasis_0001376__eu-eu__flipped,FORWARD_ENTAILMENT
dico_phrasis_0001377__eu-eu__flipped,dico_phrasis_0001377,eu,eu,dimisioa eman,dimisioa ematearena,dico_phrasis_0001377__eu-eu__original,BACKWARD_ENTAILMENT
dico_phrasis_0001377__eu-eu__original,dico_phrasis_0001377,eu,eu,dimisioa ematearena,dimisioa eman,dico_phrasis_0001377__eu-eu__flipped,FORWARD_ENTAILMENT
dico_phrasis_0001380__eu-eu__flipped,dico_phrasis_0001380,eu,eu,Israelgo militarra,Israelgo koronela,dico_phrasis_0001380__eu-eu__original,BACKWARD_ENTAILMENT
dico_phrasis_0001380__eu-eu__original,dico_phrasis_0001380,eu,eu,Israelgo koronela,Israelgo militarra,dico_phrasis_0001380__eu-eu__flipped,FORWARD_ENTAILMENT
dico_phrasis_0001381__eu-eu__flipped,dico_phrasis_0001381,eu,eu,40 milioi euroko balioa duten bitxiak,40 milioi euroko harribitxiak,dico_phrasis_0001381__eu-eu__original,BACKWARD_ENTAILMENT
dico_phrasis_0001381__eu-eu__original,dico_phrasis_0001381,eu,eu,40 milioi euroko harribitxiak,40 milioi euroko balioa duten bitxiak,dico_phrasis_0001381__eu-eu__flipped,FORWARD_ENTAILMENT
dico_phrasis_0001382__eu-eu__flipped,dico_phrasis_0001382,eu,eu,Siria,Siriako mandataria,dico_phrasis_0001382__eu-eu__original,BACKWARD_ENTAILMENT
dico_phrasis_0001382__eu-eu__original,dico_phrasis_0001382,eu,eu,Siriako mandataria,Siria,dico_phrasis_0001382__eu-eu__flipped,FORWARD_ENTAILMENT
dico_phrasis_0001383__eu-eu__flipped,dico_phrasis_0001383,eu,eu,Espainiako tren-gidaria,Istripua izan duen Espainiako trenaren gidaria,dico_phrasis_0001383__eu-eu__original,BACKWARD_ENTAILMENT
dico_phrasis_0001383__eu-eu__original,dico_phrasis_0001383,eu,eu,Istripua izan duen Espainiako trenaren gidaria,Espainiako tren-gidaria,dico_phrasis_0001383__eu-eu__flipped,FORWARD_ENTAILMENT
dico_phrasis_0001384__eu-eu__flipped,dico_phrasis_0001384,eu,eu,ferryaren epaiketan,Hego Koreako ferryaren epaiketan,dico_phrasis_0001384__eu-eu__original,BACKWARD_ENTAILMENT
dico_phrasis_0001384__eu-eu__original,dico_phrasis_0001384,eu,eu,Hego Koreako ferryaren epaiketan,ferryaren epaiketan,dico_phrasis_0001384__eu-eu__flipped,FORWARD_ENTAILMENT
dico_phrasis_0001385__eu-eu__flipped,dico_phrasis_0001385,eu,eu,David Frost esataria,David Frost elkarrizketatzaile britainiar errespetatua,dico_phrasis_0001385__eu-eu__original,BACKWARD_ENTAILMENT
dico_phrasis_0001385__eu-eu__original,dico_phrasis_0001385,eu,eu,David Frost elkarrizketatzaile britainiar errespetatua,David Frost esataria,dico_phrasis_0001385__eu-eu__flipped,FORWARD_ENTAILMENT
dico_phrasis_0001387__eu-eu__flipped,dico_phrasis_0001387,eu,eu,AEBetako dronea,AEBetako dronearen erasoak,dico_phrasis_0001387__eu-eu__original,BACKWARD_ENTAILMENT
dico_phrasis_0001387__eu-eu__original,dico_phrasis_0001387,eu,eu,AEBetako dronearen erasoak,AEBetako dronea,dico_phrasis_0001387__eu-eu__flipped,FORWARD_ENTAILMENT
dico_phrasis_0001388__eu-eu__flipped,dico_phrasis_0001388,eu,eu,Errusia,Errusiara,dico_phrasis_0001388__eu-eu__original,BACKWARD_ENTAILMENT
dico_phrasis_0001388__eu-eu__original,dico_phrasis_0001388,eu,eu,Errusiara,Errusia,dico_phrasis_0001388__eu-eu__flipped,FORWARD_ENTAILMENT
dico_phrasis_0001389__eu-eu__flipped,dico_phrasis_0001389,eu,eu,Egiptoko islamistak,Egiptoko islamista kolpatuak,dico_phrasis_0001389__eu-eu__original,BACKWARD_ENTAILMENT
dico_phrasis_0001389__eu-eu__original,dico_phrasis_0001389,eu,eu,Egiptoko islamista kolpatuak,Egiptoko islamistak,dico_phrasis_0001389__eu-eu__flipped,FORWARD_ENTAILMENT
dico_phrasis_0001390__eu-eu__flipped,dico_phrasis_0001390,eu,eu,Egipton,Egiptoko liskarrak,dico_phrasis_0001390__eu-eu__original,BACKWARD_ENTAILMENT
dico_phrasis_0001390__eu-eu__original,dico_phrasis_0001390,eu,eu,Egiptoko liskarrak,Egipton,dico_phrasis_0001390__eu-eu__flipped,FORWARD_ENTAILMENT
dico_phrasis_0001393__eu-eu__flipped,dico_phrasis_0001393,eu,eu,Pakistango armadako buruzagi ohia,"Musharraf, Pakistango armadako buruzagi ohia",dico_phrasis_0001393__eu-eu__original,BACKWARD_ENTAILMENT
dico_phrasis_0001393__eu-eu__original,dico_phrasis_0001393,eu,eu,"Musharraf, Pakistango armadako buruzagi ohia",Pakistango armadako buruzagi ohia,dico_phrasis_0001393__eu-eu__flipped,FORWARD_ENTAILMENT
dico_phrasis_0001394__eu-eu__flipped,dico_phrasis_0001394,eu,eu,urtarrilaren 20a,urtarrilaren 20tik,dico_phrasis_0001394__eu-eu__original,BACKWARD_ENTAILMENT
dico_phrasis_0001394__eu-eu__original,dico_phrasis_0001394,eu,eu,urtarrilaren 20tik,urtarrilaren 20a,dico_phrasis_0001394__eu-eu__flipped,FORWARD_ENTAILMENT
dico_phrasis_0001396__eu-eu__flipped,dico_phrasis_0001396,eu,eu,tiro egin ondoren,nerabeari tiro egin ondoren,dico_phrasis_0001396__eu-eu__original,BACKWARD_ENTAILMENT
dico_phrasis_0001396__eu-eu__original,dico_phrasis_0001396,eu,eu,nerabeari tiro egin ondoren,tiro egin ondoren,dico_phrasis_0001396__eu-eu__flipped,FORWARD_ENTAILMENT
dico_phrasis_0001397__eu-eu__flipped,dico_phrasis_0001397,eu,eu,Txakurra,Pit bull txakurra,dico_phrasis_0001397__eu-eu__original,BACKWARD_ENTAILMENT
dico_phrasis_0001397__eu-eu__original,dico_phrasis_0001397,eu,eu,Pit bull txakurra,Txakurra,dico_phrasis_0001397__eu-eu__flipped,FORWARD_ENTAILMENT
dico_phrasis_0001399__eu-eu__flipped,dico_phrasis_0001399,eu,eu,Ukraina,Ukrainako elkarrizketak,dico_phrasis_0001399__eu-eu__original,BACKWARD_ENTAILMENT
dico_phrasis_0001399__eu-eu__original,dico_phrasis_0001399,eu,eu,Ukrainako elkarrizketak,Ukraina,dico_phrasis_0001399__eu-eu__flipped,FORWARD_ENTAILMENT
dico_phrasis_0001401__eu-eu__flipped,dico_phrasis_0001401,eu,eu,4.000 mediku kubatar,6.000 mediku kubatar,dico_phrasis_0001401__eu-eu__original,BACKWARD_ENTAILMENT
dico_phrasis_0001401__eu-eu__original,dico_phrasis_0001401,eu,eu,6.000 mediku kubatar,4.000 mediku kubatar,dico_phrasis_0001401__eu-eu__flipped,FORWARD_ENTAILMENT
dico_phrasis_0001402__eu-eu__flipped,dico_phrasis_0001402,eu,eu,Alemanian izandako autobus-istripuan,Alemanian izandako hainbat autobusen istripuan,dico_phrasis_0001402__eu-eu__original,BACKWARD_ENTAILMENT
dico_phrasis_0001402__eu-eu__original,dico_phrasis_0001402,eu,eu,Alemanian izandako hainbat autobusen istripuan,Alemanian izandako autobus-istripuan,dico_phrasis_0001402__eu-eu__flipped,FORWARD_ENTAILMENT
dico_phrasis_0001403__eu-eu__flipped,dico_phrasis_0001403,eu,eu,Egipto,Kairon,dico_phrasis_0001403__eu-eu__original,BACKWARD_ENTAILMENT
dico_phrasis_0001403__eu-eu__original,dico_phrasis_0001403,eu,eu,Kairon,Egipto,dico_phrasis_0001403__eu-eu__flipped,FORWARD_ENTAILMENT
dico_phrasis_0001405__eu-eu__flipped,dico_phrasis_0001405,eu,eu,istripuaren ondoren,N.C.ko azokako istripuan,dico_phrasis_0001405__eu-eu__original,BACKWARD_ENTAILMENT
dico_phrasis_0001405__eu-eu__original,dico_phrasis_0001405,eu,eu,N.C.ko azokako istripuan,istripuaren ondoren,dico_phrasis_0001405__eu-eu__flipped,FORWARD_ENTAILMENT
dico_phrasis_0001406__eu-eu__flipped,dico_phrasis_0001406,eu,eu,Irango botoen zenbaketa,Irango botoen zenbaketa goiztiarra,dico_phrasis_0001406__eu-eu__original,BACKWARD_ENTAILMENT
dico_phrasis_0001406__eu-eu__original,dico_phrasis_0001406,eu,eu,Irango botoen zenbaketa goiztiarra,Irango botoen zenbaketa,dico_phrasis_0001406__eu-eu__flipped,FORWARD_ENTAILMENT
dico_phrasis_0001407__eu-eu__flipped,dico_phrasis_0001407,eu,eu,Bost hildako,6 hildako,dico_phrasis_0001407__eu-eu__original,BACKWARD_ENTAILMENT
dico_phrasis_0001407__eu-eu__original,dico_phrasis_0001407,eu,eu,6 hildako,Bost hildako,dico_phrasis_0001407__eu-eu__flipped,FORWARD_ENTAILMENT
dico_phrasis_0001409__eu-eu__flipped,dico_phrasis_0001409,eu,eu,laguntzeko,300 milioi dolar estatubatuarreko laguntza-deialdia,dico_phrasis_0001409__eu-eu__original,BACKWARD_ENTAILMENT
dico_phrasis_0001409__eu-eu__original,dico_phrasis_0001409,eu,eu,300 milioi dolar estatubatuarreko laguntza-deialdia,laguntzeko,dico_phrasis_0001409__eu-eu__flipped,FORWARD_ENTAILMENT
dico_phrasis_0001411__eu-eu__flipped,dico_phrasis_0001411,eu,eu,Hegazkina,Boeing 777 hegazkina,dico_phrasis_0001411__eu-eu__original,BACKWARD_ENTAILMENT
dico_phrasis_0001411__eu-eu__original,dico_phrasis_0001411,eu,eu,Boeing 777 hegazkina,Hegazkina,dico_phrasis_0001411__eu-eu__flipped,FORWARD_ENTAILMENT
dico_phrasis_0001412__eu-eu__flipped,dico_phrasis_0001412,eu,eu,bahitutako neskak,bahitutako eskola-neskak,dico_phrasis_0001412__eu-eu__original,BACKWARD_ENTAILMENT
dico_phrasis_0001412__eu-eu__original,dico_phrasis_0001412,eu,eu,bahitutako eskola-neskak,bahitutako neskak,dico_phrasis_0001412__eu-eu__flipped,FORWARD_ENTAILMENT
dico_phrasis_0001415__eu-eu__flipped,dico_phrasis_0001415,eu,eu,hegazkin erreaktiboa,Malaysiako hegazkin erreaktiboa,dico_phrasis_0001415__eu-eu__original,BACKWARD_ENTAILMENT
dico_phrasis_0001415__eu-eu__original,dico_phrasis_0001415,eu,eu,Malaysiako hegazkin erreaktiboa,hegazkin erreaktiboa,dico_phrasis_0001415__eu-eu__flipped,FORWARD_ENTAILMENT
dico_phrasis_0001416__eu-eu__flipped,dico_phrasis_0001416,eu,eu,Pakistango talibanek «buruzagi berria hautatu dute»,Pakistango talibanen buruzagi Hakimullah Mehsud,dico_phrasis_0001416__eu-eu__original,BACKWARD_ENTAILMENT
dico_phrasis_0001416__eu-eu__original,dico_phrasis_0001416,eu,eu,Pakistango talibanen buruzagi Hakimullah Mehsud,Pakistango talibanek «buruzagi berria hautatu dute»,dico_phrasis_0001416__eu-eu__flipped,FORWARD_ENTAILMENT
dico_phrasis_0001417__eu-eu__flipped,dico_phrasis_0001417,eu,eu,Pazifikora,Pazifikoko kostaldera,dico_phrasis_0001417__eu-eu__original,BACKWARD_ENTAILMENT
dico_phrasis_0001417__eu-eu__original,dico_phrasis_0001417,eu,eu,Pazifikoko kostaldera,Pazifikora,dico_phrasis_0001417__eu-eu__flipped,FORWARD_ENTAILMENT
dico_phrasis_0001418__eu-eu__flipped,dico_phrasis_0001418,eu,eu,Margaret Thatcher,"Margaret Thatcher, Erresuma Batuko lehen ministro ohia",dico_phrasis_0001418__eu-eu__original,BACKWARD_ENTAILMENT
dico_phrasis_0001418__eu-eu__original,dico_phrasis_0001418,eu,eu,"Margaret Thatcher, Erresuma Batuko lehen ministro ohia",Margaret Thatcher,dico_phrasis_0001418__eu-eu__flipped,FORWARD_ENTAILMENT
dico_phrasis_0001419__eu-eu__flipped,dico_phrasis_0001419,eu,eu,mastektomia bikoitza,mastektomia bikoitzaren ondoren,dico_phrasis_0001419__eu-eu__original,BACKWARD_ENTAILMENT
dico_phrasis_0001419__eu-eu__original,dico_phrasis_0001419,eu,eu,mastektomia bikoitzaren ondoren,mastektomia bikoitza,dico_phrasis_0001419__eu-eu__flipped,FORWARD_ENTAILMENT
dico_phrasis_0001421__eu-eu__flipped,dico_phrasis_0001421,eu,eu,Iraken,Irak iparraldean,dico_phrasis_0001421__eu-eu__original,BACKWARD_ENTAILMENT
dico_phrasis_0001421__eu-eu__original,dico_phrasis_0001421,eu,eu,Irak iparraldean,Iraken,dico_phrasis_0001421__eu-eu__flipped,FORWARD_ENTAILMENT
dico_phrasis_0001422__eu-eu__flipped,dico_phrasis_0001422,eu,eu,Greenpeaceren aurka,Greenpeaceko aktibisten aurka,dico_phrasis_0001422__eu-eu__original,BACKWARD_ENTAILMENT
dico_phrasis_0001422__eu-eu__original,dico_phrasis_0001422,eu,eu,Greenpeaceko aktibisten aurka,Greenpeaceren aurka,dico_phrasis_0001422__eu-eu__flipped,FORWARD_ENTAILMENT
dico_phrasis_0001424__eu-eu__flipped,dico_phrasis_0001424,eu,eu,Ipar Korea,Ipar Koreari buruz,dico_phrasis_0001424__eu-eu__original,BACKWARD_ENTAILMENT
dico_phrasis_0001424__eu-eu__original,dico_phrasis_0001424,eu,eu,Ipar Koreari buruz,Ipar Korea,dico_phrasis_0001424__eu-eu__flipped,FORWARD_ENTAILMENT
dico_phrasis_0001425__eu-eu__flipped,dico_phrasis_0001425,eu,eu,Georgiako suhiltzaileak bahituta,Atlantako aldirietako suhiltzaileak bahituta,dico_phrasis_0001425__eu-eu__original,BACKWARD_ENTAILMENT
dico_phrasis_0001425__eu-eu__original,dico_phrasis_0001425,eu,eu,Atlantako aldirietako suhiltzaileak bahituta,Georgiako suhiltzaileak bahituta,dico_phrasis_0001425__eu-eu__flipped,FORWARD_ENTAILMENT
dico_phrasis_0001426__eu-eu__flipped,dico_phrasis_0001426,eu,eu,2 leherketa,Leherketak,dico_phrasis_0001426__eu-eu__original,BACKWARD_ENTAILMENT
dico_phrasis_0001426__eu-eu__original,dico_phrasis_0001426,eu,eu,Leherketak,2 leherketa,dico_phrasis_0001426__eu-eu__flipped,FORWARD_ENTAILMENT
dico_phrasis_0001427__eu-eu__flipped,dico_phrasis_0001427,eu,eu,baloi bat,futboleko baloi bat,dico_phrasis_0001427__eu-eu__original,BACKWARD_ENTAILMENT
dico_phrasis_0001427__eu-eu__original,dico_phrasis_0001427,eu,eu,futboleko baloi bat,baloi bat,dico_phrasis_0001427__eu-eu__flipped,FORWARD_ENTAILMENT
dico_phrasis_0001428__eu-eu__flipped,dico_phrasis_0001428,eu,eu,futbol-uniforme urdin batekin,talde-uniforme urdin eta zuri batekin,dico_phrasis_0001428__eu-eu__original,BACKWARD_ENTAILMENT
dico_phrasis_0001428__eu-eu__original,dico_phrasis_0001428,eu,eu,talde-uniforme urdin eta zuri batekin,futbol-uniforme urdin batekin,dico_phrasis_0001428__eu-eu__flipped,FORWARD_ENTAILMENT
dico_phrasis_0001429__eu-eu__flipped,dico_phrasis_0001429,eu,eu,begiratzen ari da,gorantz arretaz begiratzen ari da,dico_phrasis_0001429__eu-eu__original,BACKWARD_ENTAILMENT
dico_phrasis_0001429__eu-eu__original,dico_phrasis_0001429,eu,eu,gorantz arretaz begiratzen ari da,begiratzen ari da,dico_phrasis_0001429__eu-eu__flipped,FORWARD_ENTAILMENT
dico_phrasis_0001430__eu-eu__flipped,dico_phrasis_0001430,eu,eu,korrika egin,azkar korrika egitean,dico_phrasis_0001430__eu-eu__original,BACKWARD_ENTAILMENT
dico_phrasis_0001430__eu-eu__original,dico_phrasis_0001430,eu,eu,azkar korrika egitean,korrika egin,dico_phrasis_0001430__eu-eu__flipped,FORWARD_ENTAILMENT
dico_phrasis_0001431__eu-eu__flipped,dico_phrasis_0001431,eu,eu,dira,korrika ari dira,dico_phrasis_0001431__eu-eu__original,BACKWARD_ENTAILMENT
dico_phrasis_0001431__eu-eu__original,dico_phrasis_0001431,eu,eu,korrika ari dira,dira,dico_phrasis_0001431__eu-eu__flipped,FORWARD_ENTAILMENT
dico_phrasis_0001432__eu-eu__flipped,dico_phrasis_0001432,eu,eu,beirazko egitura batean,kanpoko beirazko egitura batean,dico_phrasis_0001432__eu-eu__original,BACKWARD_ENTAILMENT
dico_phrasis_0001432__eu-eu__original,dico_phrasis_0001432,eu,eu,kanpoko beirazko egitura batean,beirazko egitura batean,dico_phrasis_0001432__eu-eu__flipped,FORWARD_ENTAILMENT
dico_phrasis_0001434__eu-eu__flipped,dico_phrasis_0001434,eu,eu,pista-elementu batean zehar,kamioi-arrapala baten gainean,dico_phrasis_0001434__eu-eu__original,BACKWARD_ENTAILMENT
dico_phrasis_0001434__eu-eu__original,dico_phrasis_0001434,eu,eu,kamioi-arrapala baten gainean,pista-elementu batean zehar,dico_phrasis_0001434__eu-eu__flipped,FORWARD_ENTAILMENT
dico_phrasis_0001435__eu-eu__flipped,dico_phrasis_0001435,eu,eu,jostailu batekin,pilota batekin,dico_phrasis_0001435__eu-eu__original,BACKWARD_ENTAILMENT
dico_phrasis_0001435__eu-eu__original,dico_phrasis_0001435,eu,eu,pilota batekin,jostailu batekin,dico_phrasis_0001435__eu-eu__flipped,FORWARD_ENTAILMENT
dico_phrasis_0001436__eu-eu__flipped,dico_phrasis_0001436,eu,eu,bi mutil,bi mutilengana,dico_phrasis_0001436__eu-eu__original,BACKWARD_ENTAILMENT
dico_phrasis_0001436__eu-eu__original,dico_phrasis_0001436,eu,eu,bi mutilengana,bi mutil,dico_phrasis_0001436__eu-eu__flipped,FORWARD_ENTAILMENT
dico_phrasis_0001438__eu-eu__flipped,dico_phrasis_0001438,eu,eu,Txakur marroi bat,Txakur marroi argia,dico_phrasis_0001438__eu-eu__original,BACKWARD_ENTAILMENT
dico_phrasis_0001438__eu-eu__original,dico_phrasis_0001438,eu,eu,Txakur marroi argia,Txakur marroi bat,dico_phrasis_0001438__eu-eu__flipped,FORWARD_ENTAILMENT
dico_phrasis_0001439__eu-eu__flipped,dico_phrasis_0001439,eu,eu,jolasten,pilotan jolasten,dico_phrasis_0001439__eu-eu__original,BACKWARD_ENTAILMENT
dico_phrasis_0001439__eu-eu__original,dico_phrasis_0001439,eu,eu,pilotan jolasten,jolasten,dico_phrasis_0001439__eu-eu__flipped,FORWARD_ENTAILMENT
dico_phrasis_0001440__eu-eu__flipped,dico_phrasis_0001440,eu,eu,igotzen da,gora igotzen da,dico_phrasis_0001440__eu-eu__original,BACKWARD_ENTAILMENT
dico_phrasis_0001440__eu-eu__original,dico_phrasis_0001440,eu,eu,gora igotzen da,igotzen da,dico_phrasis_0001440__eu-eu__flipped,FORWARD_ENTAILMENT
dico_phrasis_0001442__eu-eu__flipped,dico_phrasis_0001442,eu,eu,Mutila,Mutil gazte bat,dico_phrasis_0001442__eu-eu__original,BACKWARD_ENTAILMENT
dico_phrasis_0001442__eu-eu__original,dico_phrasis_0001442,eu,eu,Mutil gazte bat,Mutila,dico_phrasis_0001442__eu-eu__flipped,FORWARD_ENTAILMENT
dico_phrasis_0001443__eu-eu__flipped,dico_phrasis_0001443,eu,eu,zelai batean,zelai ireki bat zeharkatuz,dico_phrasis_0001443__eu-eu__original,BACKWARD_ENTAILMENT
dico_phrasis_0001443__eu-eu__original,dico_phrasis_0001443,eu,eu,zelai ireki bat zeharkatuz,zelai batean,dico_phrasis_0001443__eu-eu__flipped,FORWARD_ENTAILMENT
dico_phrasis_0001445__eu-eu__flipped,dico_phrasis_0001445,eu,eu,Gizona,Bi eraikuntza-langile,dico_phrasis_0001445__eu-eu__original,BACKWARD_ENTAILMENT
dico_phrasis_0001445__eu-eu__original,dico_phrasis_0001445,eu,eu,Bi eraikuntza-langile,Gizona,dico_phrasis_0001445__eu-eu__flipped,FORWARD_ENTAILMENT
dico_phrasis_0001448__eu-eu__flipped,dico_phrasis_0001448,eu,eu,mihia,bere mihiarekin,dico_phrasis_0001448__eu-eu__original,BACKWARD_ENTAILMENT
dico_phrasis_0001448__eu-eu__original,dico_phrasis_0001448,eu,eu,bere mihiarekin,mihia,dico_phrasis_0001448__eu-eu__flipped,FORWARD_ENTAILMENT
dico_phrasis_0001449__eu-eu__flipped,dico_phrasis_0001449,eu,eu,izotz bloke bat,izotzezko eskultura bat,dico_phrasis_0001449__eu-eu__original,BACKWARD_ENTAILMENT
dico_phrasis_0001449__eu-eu__original,dico_phrasis_0001449,eu,eu,izotzezko eskultura bat,izotz bloke bat,dico_phrasis_0001449__eu-eu__flipped,FORWARD_ENTAILMENT
dico_phrasis_0001450__eu-eu__flipped,dico_phrasis_0001450,eu,eu,txakurrari,txakur marroi bati,dico_phrasis_0001450__eu-eu__original,BACKWARD_ENTAILMENT
dico_phrasis_0001450__eu-eu__original,dico_phrasis_0001450,eu,eu,txakur marroi bati,txakurrari,dico_phrasis_0001450__eu-eu__flipped,FORWARD_ENTAILMENT
dico_phrasis_0001452__eu-eu__flipped,dico_phrasis_0001452,eu,eu,olatu bat,hausten ari den olatu batean,dico_phrasis_0001452__eu-eu__original,BACKWARD_ENTAILMENT
dico_phrasis_0001452__eu-eu__original,dico_phrasis_0001452,eu,eu,hausten ari den olatu batean,olatu bat,dico_phrasis_0001452__eu-eu__flipped,FORWARD_ENTAILMENT
dico_phrasis_0001453__eu-eu__flipped,dico_phrasis_0001453,eu,eu,belarretan zehar,belar berdeko zelai batean zehar,dico_phrasis_0001453__eu-eu__original,BACKWARD_ENTAILMENT
dico_phrasis_0001453__eu-eu__original,dico_phrasis_0001453,eu,eu,belar berdeko zelai batean zehar,belarretan zehar,dico_phrasis_0001453__eu-eu__flipped,FORWARD_ENTAILMENT
dico_phrasis_0001454__eu-eu__flipped,dico_phrasis_0001454,eu,eu,banku batean,parkeko banku batean,dico_phrasis_0001454__eu-eu__original,BACKWARD_ENTAILMENT
dico_phrasis_0001454__eu-eu__original,dico_phrasis_0001454,eu,eu,parkeko banku batean,banku batean,dico_phrasis_0001454__eu-eu__flipped,FORWARD_ENTAILMENT
dico_phrasis_0001455__eu-eu__flipped,dico_phrasis_0001455,eu,eu,Bi gizon,Bi gizon gazte,dico_phrasis_0001455__eu-eu__original,BACKWARD_ENTAILMENT
dico_phrasis_0001455__eu-eu__original,dico_phrasis_0001455,eu,eu,Bi gizon gazte,Bi gizon,dico_phrasis_0001455__eu-eu__flipped,FORWARD_ENTAILMENT
dico_phrasis_0001459__eu-eu__flipped,dico_phrasis_0001459,eu,eu,tresna bat,aizkora batekin,dico_phrasis_0001459__eu-eu__original,BACKWARD_ENTAILMENT
dico_phrasis_0001459__eu-eu__original,dico_phrasis_0001459,eu,eu,aizkora batekin,tresna bat,dico_phrasis_0001459__eu-eu__flipped,FORWARD_ENTAILMENT
dico_phrasis_0001460__eu-eu__flipped,dico_phrasis_0001460,eu,eu,Gizon irribarretsu bat eta haur txiki bat,Gizon irribarretsu bat eta neskato txiki bat,dico_phrasis_0001460__eu-eu__original,BACKWARD_ENTAILMENT
dico_phrasis_0001460__eu-eu__original,dico_phrasis_0001460,eu,eu,Gizon irribarretsu bat eta neskato txiki bat,Gizon irribarretsu bat eta haur txiki bat,dico_phrasis_0001460__eu-eu__flipped,FORWARD_ENTAILMENT
dico_phrasis_0001462__eu-eu__flipped,dico_phrasis_0001462,eu,eu,Gizon bat,Alkandorarik gabeko gizon bat,dico_phrasis_0001462__eu-eu__original,BACKWARD_ENTAILMENT
dico_phrasis_0001462__eu-eu__original,dico_phrasis_0001462,eu,eu,Alkandorarik gabeko gizon bat,Gizon bat,dico_phrasis_0001462__eu-eu__flipped,FORWARD_ENTAILMENT
dico_phrasis_0001463__eu-eu__flipped,dico_phrasis_0001463,eu,eu,Gizon bat,Gizonezko heldu bat,dico_phrasis_0001463__eu-eu__original,BACKWARD_ENTAILMENT
dico_phrasis_0001463__eu-eu__original,dico_phrasis_0001463,eu,eu,Gizonezko heldu bat,Gizon bat,dico_phrasis_0001463__eu-eu__flipped,FORWARD_ENTAILMENT
dico_phrasis_0001464__eu-eu__flipped,dico_phrasis_0001464,eu,eu,albo batera,ezkerrera,dico_phrasis_0001464__eu-eu__original,BACKWARD_ENTAILMENT
dico_phrasis_0001464__eu-eu__original,dico_phrasis_0001464,eu,eu,ezkerrera,albo batera,dico_phrasis_0001464__eu-eu__flipped,FORWARD_ENTAILMENT
dico_phrasis_0001466__eu-eu__flipped,dico_phrasis_0001466,eu,eu,eskuoihal batean,eskuoihal busti baten azpian,dico_phrasis_0001466__eu-eu__original,BACKWARD_ENTAILMENT
dico_phrasis_0001466__eu-eu__original,dico_phrasis_0001466,eu,eu,eskuoihal busti baten azpian,eskuoihal batean,dico_phrasis_0001466__eu-eu__flipped,FORWARD_ENTAILMENT
dico_phrasis_0001467__eu-eu__flipped,dico_phrasis_0001467,eu,eu,Txakur bat,Txakur zuri eta marroi bat,dico_phrasis_0001467__eu-eu__original,BACKWARD_ENTAILMENT
dico_phrasis_0001467__eu-eu__original,dico_phrasis_0001467,eu,eu,Txakur zuri eta marroi bat,Txakur bat,dico_phrasis_0001467__eu-eu__flipped,FORWARD_ENTAILMENT
dico_phrasis_0001469__eu-eu__flipped,dico_phrasis_0001469,eu,eu,ibai batetik gertu,ibai baten ertzean,dico_phrasis_0001469__eu-eu__original,BACKWARD_ENTAILMENT
dico_phrasis_0001469__eu-eu__original,dico_phrasis_0001469,eu,eu,ibai baten ertzean,ibai batetik gertu,dico_phrasis_0001469__eu-eu__flipped,FORWARD_ENTAILMENT
dico_phrasis_0001470__eu-eu__flipped,dico_phrasis_0001470,eu,eu,jostailu hori bat,jostailu hori baterako,dico_phrasis_0001470__eu-eu__original,BACKWARD_ENTAILMENT
dico_phrasis_0001470__eu-eu__original,dico_phrasis_0001470,eu,eu,jostailu hori baterako,jostailu hori bat,dico_phrasis_0001470__eu-eu__flipped,FORWARD_ENTAILMENT
dico_phrasis_0001471__eu-eu__flipped,dico_phrasis_0001471,eu,eu,Hiru haur,hiru mutiko txiki,dico_phrasis_0001471__eu-eu__original,BACKWARD_ENTAILMENT
dico_phrasis_0001471__eu-eu__original,dico_phrasis_0001471,eu,eu,hiru mutiko txiki,Hiru haur,dico_phrasis_0001471__eu-eu__flipped,FORWARD_ENTAILMENT
dico_phrasis_0001473__eu-eu__flipped,dico_phrasis_0001473,eu,eu,putzu batean zehar,putzu handi batean zehar,dico_phrasis_0001473__eu-eu__original,BACKWARD_ENTAILMENT
dico_phrasis_0001473__eu-eu__original,dico_phrasis_0001473,eu,eu,putzu handi batean zehar,putzu batean zehar,dico_phrasis_0001473__eu-eu__flipped,FORWARD_ENTAILMENT
dico_phrasis_0001474__eu-eu__flipped,dico_phrasis_0001474,eu,eu,suhiltzaileen kamioi gorri baten inguruan,suhiltzaileen kamioi gorri baten aurrean,dico_phrasis_0001474__eu-eu__original,BACKWARD_ENTAILMENT
dico_phrasis_0001474__eu-eu__original,dico_phrasis_0001474,eu,eu,suhiltzaileen kamioi gorri baten aurrean,suhiltzaileen kamioi gorri baten inguruan,dico_phrasis_0001474__eu-eu__flipped,FORWARD_ENTAILMENT
dico_phrasis_0001476__eu-eu__flipped,dico_phrasis_0001476,eu,eu,Txakur bat,Bi txakur,dico_phrasis_0001476__eu-eu__original,BACKWARD_ENTAILMENT
dico_phrasis_0001476__eu-eu__original,dico_phrasis_0001476,eu,eu,Bi txakur,Txakur bat,dico_phrasis_0001476__eu-eu__flipped,FORWARD_ENTAILMENT
dico_phrasis_0001477__eu-eu__flipped,dico_phrasis_0001477,eu,eu,baloiarekin jolasten ari dira,errugbian jokatu,dico_phrasis_0001477__eu-eu__original,BACKWARD_ENTAILMENT
dico_phrasis_0001477__eu-eu__original,dico_phrasis_0001477,eu,eu,errugbian jokatu,baloiarekin jolasten ari dira,dico_phrasis_0001477__eu-eu__flipped,FORWARD_ENTAILMENT
dico_phrasis_0001478__eu-eu__flipped,dico_phrasis_0001478,eu,eu,jauzi egiten du,gorantz jauzi egiten ari da,dico_phrasis_0001478__eu-eu__original,BACKWARD_ENTAILMENT
dico_phrasis_0001478__eu-eu__original,dico_phrasis_0001478,eu,eu,gorantz jauzi egiten ari da,jauzi egiten du,dico_phrasis_0001478__eu-eu__flipped,FORWARD_ENTAILMENT
dico_phrasis_0001480__eu-eu__flipped,dico_phrasis_0001480,eu,eu,Txakur beltz bat,Txakur beltz eta gris bat,dico_phrasis_0001480__eu-eu__original,BACKWARD_ENTAILMENT
dico_phrasis_0001480__eu-eu__original,dico_phrasis_0001480,eu,eu,Txakur beltz eta gris bat,Txakur beltz bat,dico_phrasis_0001480__eu-eu__flipped,FORWARD_ENTAILMENT
dico_phrasis_0001481__eu-eu__flipped,dico_phrasis_0001481,eu,eu,baloia,kolore argiko errugbi-baloia,dico_phrasis_0001481__eu-eu__original,BACKWARD_ENTAILMENT
dico_phrasis_0001481__eu-eu__original,dico_phrasis_0001481,eu,eu,kolore argiko errugbi-baloia,baloia,dico_phrasis_0001481__eu-eu__flipped,FORWARD_ENTAILMENT
dico_phrasis_0001482__eu-eu__flipped,dico_phrasis_0001482,eu,eu,kulunka batean,haurtxoentzako kulunka batean,dico_phrasis_0001482__eu-eu__original,BACKWARD_ENTAILMENT
dico_phrasis_0001482__eu-eu__original,dico_phrasis_0001482,eu,eu,haurtxoentzako kulunka batean,kulunka batean,dico_phrasis_0001482__eu-eu__flipped,FORWARD_ENTAILMENT
dico_phrasis_0001483__eu-eu__flipped,dico_phrasis_0001483,eu,eu,neska gazte bat,neskato jaioberri gazte bat,dico_phrasis_0001483__eu-eu__original,BACKWARD_ENTAILMENT
dico_phrasis_0001483__eu-eu__original,dico_phrasis_0001483,eu,eu,neskato jaioberri gazte bat,neska gazte bat,dico_phrasis_0001483__eu-eu__flipped,FORWARD_ENTAILMENT
dico_phrasis_0001485__eu-eu__flipped,dico_phrasis_0001485,eu,eu,Bi pertsona,Bi pertsona eta txakur bat,dico_phrasis_0001485__eu-eu__original,BACKWARD_ENTAILMENT
dico_phrasis_0001485__eu-eu__original,dico_phrasis_0001485,eu,eu,Bi pertsona eta txakur bat,Bi pertsona,dico_phrasis_0001485__eu-eu__flipped,FORWARD_ENTAILMENT
dico_phrasis_0001489__eu-eu__flipped,dico_phrasis_0001489,eu,eu,jolasten ari dira,ekartze-jolasean ari dira,dico_phrasis_0001489__eu-eu__original,BACKWARD_ENTAILMENT
dico_phrasis_0001489__eu-eu__original,dico_phrasis_0001489,eu,eu,ekartze-jolasean ari dira,jolasten ari dira,dico_phrasis_0001489__eu-eu__flipped,FORWARD_ENTAILMENT
dico_phrasis_0001490__eu-eu__flipped,dico_phrasis_0001490,eu,eu,Txakur marroia,Txakur marroi txiki bat,dico_phrasis_0001490__eu-eu__original,BACKWARD_ENTAILMENT
dico_phrasis_0001490__eu-eu__original,dico_phrasis_0001490,eu,eu,Txakur marroi txiki bat,Txakur marroia,dico_phrasis_0001490__eu-eu__flipped,FORWARD_ENTAILMENT
dico_phrasis_0001492__eu-eu__flipped,dico_phrasis_0001492,eu,eu,hondartzaren ondoan,hondartza hareatsuan,dico_phrasis_0001492__eu-eu__original,BACKWARD_ENTAILMENT
dico_phrasis_0001492__eu-eu__original,dico_phrasis_0001492,eu,eu,hondartza hareatsuan,hondartzaren ondoan,dico_phrasis_0001492__eu-eu__flipped,FORWARD_ENTAILMENT
dico_phrasis_0001494__eu-eu__flipped,dico_phrasis_0001494,eu,eu,eusten,gora eusten,dico_phrasis_0001494__eu-eu__original,BACKWARD_ENTAILMENT
dico_phrasis_0001494__eu-eu__original,dico_phrasis_0001494,eu,eu,gora eusten,eusten,dico_phrasis_0001494__eu-eu__flipped,FORWARD_ENTAILMENT
dico_phrasis_0001495__eu-eu__flipped,dico_phrasis_0001495,eu,eu,neska bat,Emakumezko DJ bat,dico_phrasis_0001495__eu-eu__original,BACKWARD_ENTAILMENT
dico_phrasis_0001495__eu-eu__original,dico_phrasis_0001495,eu,eu,Emakumezko DJ bat,neska bat,dico_phrasis_0001495__eu-eu__flipped,FORWARD_ENTAILMENT
dico_phrasis_0001496__eu-eu__flipped,dico_phrasis_0001496,eu,eu,Bi pertsona,Bi nerabe,dico_phrasis_0001496__eu-eu__original,BACKWARD_ENTAILMENT
dico_phrasis_0001496__eu-eu__original,dico_phrasis_0001496,eu,eu,Bi nerabe,Bi pertsona,dico_phrasis_0001496__eu-eu__flipped,FORWARD_ENTAILMENT
dico_phrasis_0001497__eu-eu__flipped,dico_phrasis_0001497,eu,eu,Bi gizon,Adineko bi gizon,dico_phrasis_0001497__eu-eu__original,BACKWARD_ENTAILMENT
dico_phrasis_0001497__eu-eu__original,dico_phrasis_0001497,eu,eu,Adineko bi gizon,Bi gizon,dico_phrasis_0001497__eu-eu__flipped,FORWARD_ENTAILMENT
dico_phrasis_0001498__eu-eu__flipped,dico_phrasis_0001498,eu,eu,autobusa,autobus baten aurrean,dico_phrasis_0001498__eu-eu__original,BACKWARD_ENTAILMENT
dico_phrasis_0001498__eu-eu__original,dico_phrasis_0001498,eu,eu,autobus baten aurrean,autobusa,dico_phrasis_0001498__eu-eu__flipped,FORWARD_ENTAILMENT
dico_phrasis_0001499__eu-eu__flipped,dico_phrasis_0001499,eu,eu,Txakur zuri bat,Dalmatiar bat,dico_phrasis_0001499__eu-eu__original,BACKWARD_ENTAILMENT
dico_phrasis_0001499__eu-eu__original,dico_phrasis_0001499,eu,eu,Dalmatiar bat,Txakur zuri bat,dico_phrasis_0001499__eu-eu__flipped,FORWARD_ENTAILMENT
dico_phrasis_0001500__eu-eu__flipped,dico_phrasis_0001500,eu,eu,ura,uretan,dico_phrasis_0001500__eu-eu__original,BACKWARD_ENTAILMENT
dico_phrasis_0001500__eu-eu__original,dico_phrasis_0001500,eu,eu,uretan,ura,dico_phrasis_0001500__eu-eu__flipped,FORWARD_ENTAILMENT
dico_phrasis_0001502__eu-eu__flipped,dico_phrasis_0001502,eu,eu,jolastea,jolasean aritzea,dico_phrasis_0001502__eu-eu__original,BACKWARD_ENTAILMENT
dico_phrasis_0001502__eu-eu__original,dico_phrasis_0001502,eu,eu,jolasean aritzea,jolastea,dico_phrasis_0001502__eu-eu__flipped,FORWARD_ENTAILMENT
dico_phrasis_0001504__eu-eu__flipped,dico_phrasis_0001504,eu,eu,masaje-aulkietan,masaje-aulki beltzetan,dico_phrasis_0001504__eu-eu__original,BACKWARD_ENTAILMENT
dico_phrasis_0001504__eu-eu__original,dico_phrasis_0001504,eu,eu,masaje-aulki beltzetan,masaje-aulkietan,dico_phrasis_0001504__eu-eu__flipped,FORWARD_ENTAILMENT
dico_phrasis_0001507__eu-eu__flipped,dico_phrasis_0001507,eu,eu,Txakur beltz bat,Txakur zuri-beltz bat,dico_phrasis_0001507__eu-eu__original,BACKWARD_ENTAILMENT
dico_phrasis_0001507__eu-eu__original,dico_phrasis_0001507,eu,eu,Txakur zuri-beltz bat,Txakur beltz bat,dico_phrasis_0001507__eu-eu__flipped,FORWARD_ENTAILMENT
dico_phrasis_0001508__eu-eu__flipped,dico_phrasis_0001508,eu,eu,Txakur bat,Txakur marroi bat,dico_phrasis_0001508__eu-eu__original,BACKWARD_ENTAILMENT
dico_phrasis_0001508__eu-eu__original,dico_phrasis_0001508,eu,eu,Txakur marroi bat,Txakur bat,dico_phrasis_0001508__eu-eu__flipped,FORWARD_ENTAILMENT
dico_phrasis_0001509__eu-eu__flipped,dico_phrasis_0001509,eu,eu,pilota laranja bat,pilota laranja baten gainean,dico_phrasis_0001509__eu-eu__original,BACKWARD_ENTAILMENT
dico_phrasis_0001509__eu-eu__original,dico_phrasis_0001509,eu,eu,pilota laranja baten gainean,pilota laranja bat,dico_phrasis_0001509__eu-eu__flipped,FORWARD_ENTAILMENT
dico_phrasis_0001510__eu-eu__flipped,dico_phrasis_0001510,eu,eu,lau haur,Haur hauek guztiak,dico_phrasis_0001510__eu-eu__original,BACKWARD_ENTAILMENT
dico_phrasis_0001510__eu-eu__original,dico_phrasis_0001510,eu,eu,Haur hauek guztiak,lau haur,dico_phrasis_0001510__eu-eu__flipped,FORWARD_ENTAILMENT
dico_phrasis_0001512__eu-eu__flipped,dico_phrasis_0001512,eu,eu,Neska bat,Neska gazte bat,dico_phrasis_0001512__eu-eu__original,BACKWARD_ENTAILMENT
dico_phrasis_0001512__eu-eu__original,dico_phrasis_0001512,eu,eu,Neska gazte bat,Neska bat,dico_phrasis_0001512__eu-eu__flipped,FORWARD_ENTAILMENT
dico_phrasis_0001513__eu-eu__flipped,dico_phrasis_0001513,eu,eu,Lau haur,Kaputxadun lau haur,dico_phrasis_0001513__eu-eu__original,BACKWARD_ENTAILMENT
dico_phrasis_0001513__eu-eu__original,dico_phrasis_0001513,eu,eu,Kaputxadun lau haur,Lau haur,dico_phrasis_0001513__eu-eu__flipped,FORWARD_ENTAILMENT
dico_phrasis_0001514__eu-eu__flipped,dico_phrasis_0001514,eu,eu,Lau pertsona zoriontsu,Pertsona guztiek barre egiten dute,dico_phrasis_0001514__eu-eu__original,BACKWARD_ENTAILMENT
dico_phrasis_0001514__eu-eu__original,dico_phrasis_0001514,eu,eu,Pertsona guztiek barre egiten dute,Lau pertsona zoriontsu,dico_phrasis_0001514__eu-eu__flipped,FORWARD_ENTAILMENT
dico_phrasis_0001515__eu-eu__flipped,dico_phrasis_0001515,eu,eu,Mutil bat,Mutil gazte bat,dico_phrasis_0001515__eu-eu__original,BACKWARD_ENTAILMENT
dico_phrasis_0001515__eu-eu__original,dico_phrasis_0001515,eu,eu,Mutil gazte bat,Mutil bat,dico_phrasis_0001515__eu-eu__flipped,FORWARD_ENTAILMENT
dico_phrasis_0001516__eu-eu__flipped,dico_phrasis_0001516,eu,eu,beroki gorri bat,neguko beroki gorri bat,dico_phrasis_0001516__eu-eu__original,BACKWARD_ENTAILMENT
dico_phrasis_0001516__eu-eu__original,dico_phrasis_0001516,eu,eu,neguko beroki gorri bat,beroki gorri bat,dico_phrasis_0001516__eu-eu__flipped,FORWARD_ENTAILMENT
dico_phrasis_0001517__eu-eu__flipped,dico_phrasis_0001517,eu,eu,flag futbola,flag footballeko,dico_phrasis_0001517__eu-eu__original,BACKWARD_ENTAILMENT
dico_phrasis_0001517__eu-eu__original,dico_phrasis_0001517,eu,eu,flag footballeko,flag futbola,dico_phrasis_0001517__eu-eu__flipped,FORWARD_ENTAILMENT
dico_phrasis_0001518__eu-eu__flipped,dico_phrasis_0001518,eu,eu,aulki batean,zumezko aulki baten,dico_phrasis_0001518__eu-eu__original,BACKWARD_ENTAILMENT
dico_phrasis_0001518__eu-eu__original,dico_phrasis_0001518,eu,eu,zumezko aulki baten,aulki batean,dico_phrasis_0001518__eu-eu__flipped,FORWARD_ENTAILMENT
dico_phrasis_0001519__eu-eu__flipped,dico_phrasis_0001519,eu,eu,Bi txakur,Bi txakur beltz,dico_phrasis_0001519__eu-eu__original,BACKWARD_ENTAILMENT
dico_phrasis_0001519__eu-eu__original,dico_phrasis_0001519,eu,eu,Bi txakur beltz,Bi txakur,dico_phrasis_0001519__eu-eu__flipped,FORWARD_ENTAILMENT
dico_phrasis_0001520__eu-eu__flipped,dico_phrasis_0001520,eu,eu,kaskoa jantzita,kasko more eta zuri batekin,dico_phrasis_0001520__eu-eu__original,BACKWARD_ENTAILMENT
dico_phrasis_0001520__eu-eu__original,dico_phrasis_0001520,eu,eu,kasko more eta zuri batekin,kaskoa jantzita,dico_phrasis_0001520__eu-eu__flipped,FORWARD_ENTAILMENT
dico_phrasis_0001522__eu-eu__flipped,dico_phrasis_0001522,eu,eu,belarretan,belarrez estalitako zelaian,dico_phrasis_0001522__eu-eu__original,BACKWARD_ENTAILMENT
dico_phrasis_0001522__eu-eu__original,dico_phrasis_0001522,eu,eu,belarrez estalitako zelaian,belarretan,dico_phrasis_0001522__eu-eu__flipped,FORWARD_ENTAILMENT
dico_phrasis_0001524__eu-eu__flipped,dico_phrasis_0001524,eu,eu,txakur beltz eta zuri bat,"txakur beltz, marroi eta zuri bat",dico_phrasis_0001524__eu-eu__original,BACKWARD_ENTAILMENT
dico_phrasis_0001524__eu-eu__original,dico_phrasis_0001524,eu,eu,"txakur beltz, marroi eta zuri bat",txakur beltz eta zuri bat,dico_phrasis_0001524__eu-eu__flipped,FORWARD_ENTAILMENT
dico_phrasis_0001526__eu-eu__flipped,dico_phrasis_0001526,eu,eu,Txakur bat,Bulldog bat,dico_phrasis_0001526__eu-eu__original,BACKWARD_ENTAILMENT
dico_phrasis_0001526__eu-eu__original,dico_phrasis_0001526,eu,eu,Bulldog bat,Txakur bat,dico_phrasis_0001526__eu-eu__flipped,FORWARD_ENTAILMENT
dico_phrasis_0001528__eu-eu__flipped,dico_phrasis_0001528,eu,eu,txirikordekin,txirikorda ilehoriekin,dico_phrasis_0001528__eu-eu__original,BACKWARD_ENTAILMENT
dico_phrasis_0001528__eu-eu__original,dico_phrasis_0001528,eu,eu,txirikorda ilehoriekin,txirikordekin,dico_phrasis_0001528__eu-eu__flipped,FORWARD_ENTAILMENT
dico_phrasis_0001529__eu-eu__flipped,dico_phrasis_0001529,eu,eu,jolasten ari dira,objektu bat ekartzera jolasten ari dira,dico_phrasis_0001529__eu-eu__original,BACKWARD_ENTAILMENT
dico_phrasis_0001529__eu-eu__original,dico_phrasis_0001529,eu,eu,objektu bat ekartzera jolasten ari dira,jolasten ari dira,dico_phrasis_0001529__eu-eu__flipped,FORWARD_ENTAILMENT
dico_phrasis_0001531__eu-eu__flipped,dico_phrasis_0001531,eu,eu,hiri batean,hiri bateko kale batean,dico_phrasis_0001531__eu-eu__original,BACKWARD_ENTAILMENT
dico_phrasis_0001531__eu-eu__original,dico_phrasis_0001531,eu,eu,hiri bateko kale batean,hiri batean,dico_phrasis_0001531__eu-eu__flipped,FORWARD_ENTAILMENT
dico_phrasis_0001532__eu-eu__flipped,dico_phrasis_0001532,eu,eu,Polizia bat,polizia batengana,dico_phrasis_0001532__eu-eu__original,BACKWARD_ENTAILMENT
dico_phrasis_0001532__eu-eu__original,dico_phrasis_0001532,eu,eu,polizia batengana,Polizia bat,dico_phrasis_0001532__eu-eu__flipped,FORWARD_ENTAILMENT
dico_phrasis_0001533__eu-eu__flipped,dico_phrasis_0001533,eu,eu,da,korrika ari da,dico_phrasis_0001533__eu-eu__original,BACKWARD_ENTAILMENT
dico_phrasis_0001533__eu-eu__original,dico_phrasis_0001533,eu,eu,korrika ari da,da,dico_phrasis_0001533__eu-eu__flipped,FORWARD_ENTAILMENT
dico_phrasis_0001534__eu-eu__flipped,dico_phrasis_0001534,eu,eu,Mutiko bat,Mutiko txiki bat,dico_phrasis_0001534__eu-eu__original,BACKWARD_ENTAILMENT
dico_phrasis_0001534__eu-eu__original,dico_phrasis_0001534,eu,eu,Mutiko txiki bat,Mutiko bat,dico_phrasis_0001534__eu-eu__flipped,FORWARD_ENTAILMENT
dico_phrasis_0001535__eu-eu__flipped,dico_phrasis_0001535,eu,eu,horma urdin baten ondoan,horma urdin luze baten aurrean,dico_phrasis_0001535__eu-eu__original,BACKWARD_ENTAILMENT
dico_phrasis_0001535__eu-eu__original,dico_phrasis_0001535,eu,eu,horma urdin luze baten aurrean,horma urdin baten ondoan,dico_phrasis_0001535__eu-eu__flipped,FORWARD_ENTAILMENT
dico_phrasis_0001536__eu-eu__flipped,dico_phrasis_0001536,eu,eu,hormigoizko horma baten ondoan,hormigoizko horma garai baten ondoan,dico_phrasis_0001536__eu-eu__original,BACKWARD_ENTAILMENT
dico_phrasis_0001536__eu-eu__original,dico_phrasis_0001536,eu,eu,hormigoizko horma garai baten ondoan,hormigoizko horma baten ondoan,dico_phrasis_0001536__eu-eu__flipped,FORWARD_ENTAILMENT
dico_phrasis_0001537__eu-eu__flipped,dico_phrasis_0001537,eu,eu,beroki gorria jantzita,beroki eta kapela gorriak jantzita,dico_phrasis_0001537__eu-eu__original,BACKWARD_ENTAILMENT
dico_phrasis_0001537__eu-eu__original,dico_phrasis_0001537,eu,eu,beroki eta kapela gorriak jantzita,beroki gorria jantzita,dico_phrasis_0001537__eu-eu__flipped,FORWARD_ENTAILMENT
dico_phrasis_0001539__eu-eu__flipped,dico_phrasis_0001539,eu,eu,salto egitea,snowboardean ibiltzea eta salto egitea,dico_phrasis_0001539__eu-eu__original,BACKWARD_ENTAILMENT
dico_phrasis_0001539__eu-eu__original,dico_phrasis_0001539,eu,eu,snowboardean ibiltzea eta salto egitea,salto egitea,dico_phrasis_0001539__eu-eu__flipped,FORWARD_ENTAILMENT
dico_phrasis_0001541__eu-eu__flipped,dico_phrasis_0001541,eu,eu,Bi txakur,Hiru txakur,dico_phrasis_0001541__eu-eu__original,BACKWARD_ENTAILMENT
dico_phrasis_0001541__eu-eu__original,dico_phrasis_0001541,eu,eu,Hiru txakur,Bi txakur,dico_phrasis_0001541__eu-eu__flipped,FORWARD_ENTAILMENT
dico_phrasis_0001542__eu-eu__flipped,dico_phrasis_0001542,eu,eu,zuhaitz baten inguruan,goroldiodun zuhaitz baten ondoan,dico_phrasis_0001542__eu-eu__original,BACKWARD_ENTAILMENT
dico_phrasis_0001542__eu-eu__original,dico_phrasis_0001542,eu,eu,goroldiodun zuhaitz baten ondoan,zuhaitz baten inguruan,dico_phrasis_0001542__eu-eu__flipped,FORWARD_ENTAILMENT
dico_phrasis_0001543__eu-eu__flipped,dico_phrasis_0001543,eu,eu,egurrezko blokeak,egurrezko bloke batzuekin,dico_phrasis_0001543__eu-eu__original,BACKWARD_ENTAILMENT
dico_phrasis_0001543__eu-eu__original,dico_phrasis_0001543,eu,eu,egurrezko bloke batzuekin,egurrezko blokeak,dico_phrasis_0001543__eu-eu__flipped,FORWARD_ENTAILMENT
dico_phrasis_0001544__eu-eu__flipped,dico_phrasis_0001544,eu,eu,zelai batean,zelai erraldoi batekoa,dico_phrasis_0001544__eu-eu__original,BACKWARD_ENTAILMENT
dico_phrasis_0001544__eu-eu__original,dico_phrasis_0001544,eu,eu,zelai erraldoi batekoa,zelai batean,dico_phrasis_0001544__eu-eu__flipped,FORWARD_ENTAILMENT
dico_phrasis_0001545__eu-eu__flipped,dico_phrasis_0001545,eu,eu,Frisbeea,Frisbee berde bat,dico_phrasis_0001545__eu-eu__original,BACKWARD_ENTAILMENT
dico_phrasis_0001545__eu-eu__original,dico_phrasis_0001545,eu,eu,Frisbee berde bat,Frisbeea,dico_phrasis_0001545__eu-eu__flipped,FORWARD_ENTAILMENT
dico_phrasis_0001546__eu-eu__flipped,dico_phrasis_0001546,eu,eu,Neskatila txiki bat,Neskatila txiki bat eta mutiko txiki bat,dico_phrasis_0001546__eu-eu__original,BACKWARD_ENTAILMENT
dico_phrasis_0001546__eu-eu__original,dico_phrasis_0001546,eu,eu,Neskatila txiki bat eta mutiko txiki bat,Neskatila txiki bat,dico_phrasis_0001546__eu-eu__flipped,FORWARD_ENTAILMENT
dico_phrasis_0001548__eu-eu__flipped,dico_phrasis_0001548,eu,eu,Txakur bat,Txakur beltz bat,dico_phrasis_0001548__eu-eu__original,BACKWARD_ENTAILMENT
dico_phrasis_0001548__eu-eu__original,dico_phrasis_0001548,eu,eu,Txakur beltz bat,Txakur bat,dico_phrasis_0001548__eu-eu__flipped,FORWARD_ENTAILMENT
dico_phrasis_0001549__eu-eu__flipped,dico_phrasis_0001549,eu,eu,Gizona,Gizon bat eta emakume bat,dico_phrasis_0001549__eu-eu__original,BACKWARD_ENTAILMENT
dico_phrasis_0001549__eu-eu__original,dico_phrasis_0001549,eu,eu,Gizon bat eta emakume bat,Gizona,dico_phrasis_0001549__eu-eu__flipped,FORWARD_ENTAILMENT
dico_phrasis_0001552__eu-eu__flipped,dico_phrasis_0001552,eu,eu,Drone-erasoa,AEBetako drone-erasoa,dico_phrasis_0001552__eu-eu__original,BACKWARD_ENTAILMENT
dico_phrasis_0001552__eu-eu__original,dico_phrasis_0001552,eu,eu,AEBetako drone-erasoa,Drone-erasoa,dico_phrasis_0001552__eu-eu__flipped,FORWARD_ENTAILMENT
dico_phrasis_0001553__eu-eu__flipped,dico_phrasis_0001553,eu,eu,ustezko lau militante,5 militante,dico_phrasis_0001553__eu-eu__original,BACKWARD_ENTAILMENT
dico_phrasis_0001553__eu-eu__original,dico_phrasis_0001553,eu,eu,5 militante,ustezko lau militante,dico_phrasis_0001553__eu-eu__flipped,FORWARD_ENTAILMENT
dico_phrasis_0001554__eu-eu__flipped,dico_phrasis_0001554,eu,eu,erasotzaileak,Merkataritza-guneko erasotzaileak,dico_phrasis_0001554__eu-eu__original,BACKWARD_ENTAILMENT
dico_phrasis_0001554__eu-eu__original,dico_phrasis_0001554,eu,eu,Merkataritza-guneko erasotzaileak,erasotzaileak,dico_phrasis_0001554__eu-eu__flipped,FORWARD_ENTAILMENT
dico_phrasis_0001556__eu-eu__flipped,dico_phrasis_0001556,eu,eu,errepide-istripu batean,autobus-istripu batean,dico_phrasis_0001556__eu-eu__original,BACKWARD_ENTAILMENT
dico_phrasis_0001556__eu-eu__original,dico_phrasis_0001556,eu,eu,autobus-istripu batean,errepide-istripu batean,dico_phrasis_0001556__eu-eu__flipped,FORWARD_ENTAILMENT
dico_phrasis_0001557__eu-eu__flipped,dico_phrasis_0001557,eu,eu,Japonia,Japonia bezala,dico_phrasis_0001557__eu-eu__original,BACKWARD_ENTAILMENT
dico_phrasis_0001557__eu-eu__original,dico_phrasis_0001557,eu,eu,Japonia bezala,Japonia,dico_phrasis_0001557__eu-eu__flipped,FORWARD_ENTAILMENT
dico_phrasis_0001558__eu-eu__flipped,dico_phrasis_0001558,eu,eu,Bradley Cooper,Bradley Cooper eta JJ Abrams,dico_phrasis_0001558__eu-eu__original,BACKWARD_ENTAILMENT
dico_phrasis_0001558__eu-eu__original,dico_phrasis_0001558,eu,eu,Bradley Cooper eta JJ Abrams,Bradley Cooper,dico_phrasis_0001558__eu-eu__flipped,FORWARD_ENTAILMENT
dico_phrasis_0001559__eu-eu__flipped,dico_phrasis_0001559,eu,eu,Thailandiako oposizioa,Thailandiako oposizioko alderdia,dico_phrasis_0001559__eu-eu__original,BACKWARD_ENTAILMENT
dico_phrasis_0001559__eu-eu__original,dico_phrasis_0001559,eu,eu,Thailandiako oposizioko alderdia,Thailandiako oposizioa,dico_phrasis_0001559__eu-eu__flipped,FORWARD_ENTAILMENT
dico_phrasis_0001560__eu-eu__flipped,dico_phrasis_0001560,eu,eu,hauteskunde-boikota,hauteskunde orokorrei boikota egitea,dico_phrasis_0001560__eu-eu__original,BACKWARD_ENTAILMENT
dico_phrasis_0001560__eu-eu__original,dico_phrasis_0001560,eu,eu,hauteskunde orokorrei boikota egitea,hauteskunde-boikota,dico_phrasis_0001560__eu-eu__flipped,FORWARD_ENTAILMENT
dico_phrasis_0001561__eu-eu__flipped,dico_phrasis_0001561,eu,eu,immigrazioari buruzko eztabaida,immigrazioari buruzko eztabaida garratza,dico_phrasis_0001561__eu-eu__original,BACKWARD_ENTAILMENT
dico_phrasis_0001561__eu-eu__original,dico_phrasis_0001561,eu,eu,immigrazioari buruzko eztabaida garratza,immigrazioari buruzko eztabaida,dico_phrasis_0001561__eu-eu__flipped,FORWARD_ENTAILMENT
dico_phrasis_0001563__eu-eu__flipped,dico_phrasis_0001563,eu,eu,adopzio-debekura,Amerikako adopzio-debekura,dico_phrasis_0001563__eu-eu__original,BACKWARD_ENTAILMENT
dico_phrasis_0001563__eu-eu__original,dico_phrasis_0001563,eu,eu,Amerikako adopzio-debekura,adopzio-debekura,dico_phrasis_0001563__eu-eu__flipped,FORWARD_ENTAILMENT
dico_phrasis_0001565__eu-eu__flipped,dico_phrasis_0001565,eu,eu,9 hildako,100 hildako,dico_phrasis_0001565__eu-eu__original,BACKWARD_ENTAILMENT
dico_phrasis_0001565__eu-eu__original,dico_phrasis_0001565,eu,eu,100 hildako,9 hildako,dico_phrasis_0001565__eu-eu__flipped,FORWARD_ENTAILMENT
dico_phrasis_0001566__eu-eu__flipped,dico_phrasis_0001566,eu,eu,Darfurren tribuen arteko liskar berrian,Darfurren tribuen arteko liskar berrietan,dico_phrasis_0001566__eu-eu__original,BACKWARD_ENTAILMENT
dico_phrasis_0001566__eu-eu__original,dico_phrasis_0001566,eu,eu,Darfurren tribuen arteko liskar berrietan,Darfurren tribuen arteko liskar berrian,dico_phrasis_0001566__eu-eu__flipped,FORWARD_ENTAILMENT
dico_phrasis_0001568__eu-eu__flipped,dico_phrasis_0001568,eu,eu,Bizilagunak,Texasko bizilagunak,dico_phrasis_0001568__eu-eu__original,BACKWARD_ENTAILMENT
dico_phrasis_0001568__eu-eu__original,dico_phrasis_0001568,eu,eu,Texasko bizilagunak,Bizilagunak,dico_phrasis_0001568__eu-eu__flipped,FORWARD_ENTAILMENT
dico_phrasis_0001569__eu-eu__flipped,dico_phrasis_0001569,eu,eu,Indiako bortxaketa baten biktima,Indiako talde-bortxaketa baten biktima,dico_phrasis_0001569__eu-eu__original,BACKWARD_ENTAILMENT
dico_phrasis_0001569__eu-eu__original,dico_phrasis_0001569,eu,eu,Indiako talde-bortxaketa baten biktima,Indiako bortxaketa baten biktima,dico_phrasis_0001569__eu-eu__flipped,FORWARD_ENTAILMENT
dico_phrasis_0001570__eu-eu__flipped,dico_phrasis_0001570,eu,eu,104 preso palestinar,preso palestinarrak,dico_phrasis_0001570__eu-eu__original,BACKWARD_ENTAILMENT
dico_phrasis_0001570__eu-eu__original,dico_phrasis_0001570,eu,eu,preso palestinarrak,104 preso palestinar,dico_phrasis_0001570__eu-eu__flipped,FORWARD_ENTAILMENT
dico_phrasis_0001572__eu-eu__flipped,dico_phrasis_0001572,eu,eu,kokalekuei buruz,kokaleku-planei buruz,dico_phrasis_0001572__eu-eu__original,BACKWARD_ENTAILMENT
dico_phrasis_0001572__eu-eu__original,dico_phrasis_0001572,eu,eu,kokaleku-planei buruz,kokalekuei buruz,dico_phrasis_0001572__eu-eu__flipped,FORWARD_ENTAILMENT
dico_phrasis_0001574__eu-eu__flipped,dico_phrasis_0001574,eu,eu,bonba-auto bidezko atentatua,2 bonba-auto,dico_phrasis_0001574__eu-eu__original,BACKWARD_ENTAILMENT
dico_phrasis_0001574__eu-eu__original,dico_phrasis_0001574,eu,eu,2 bonba-auto,bonba-auto bidezko atentatua,dico_phrasis_0001574__eu-eu__flipped,FORWARD_ENTAILMENT
dico_phrasis_0001575__eu-eu__flipped,dico_phrasis_0001575,eu,eu,irabazi sendoei buruz,Googlek eta IBMk irabazi sendoak jakinarazi dituzte,dico_phrasis_0001575__eu-eu__original,BACKWARD_ENTAILMENT
dico_phrasis_0001575__eu-eu__original,dico_phrasis_0001575,eu,eu,Googlek eta IBMk irabazi sendoak jakinarazi dituzte,irabazi sendoei buruz,dico_phrasis_0001575__eu-eu__flipped,FORWARD_ENTAILMENT
dico_phrasis_0001578__eu-eu__flipped,dico_phrasis_0001578,eu,eu,Bengazin,Libiako Bengazin,dico_phrasis_0001578__eu-eu__original,BACKWARD_ENTAILMENT
dico_phrasis_0001578__eu-eu__original,dico_phrasis_0001578,eu,eu,Libiako Bengazin,Bengazin,dico_phrasis_0001578__eu-eu__flipped,FORWARD_ENTAILMENT
dico_phrasis_0001579__eu-eu__flipped,dico_phrasis_0001579,eu,eu,Suediako Kontsulatua,Suediako kontsulatuan,dico_phrasis_0001579__eu-eu__original,BACKWARD_ENTAILMENT
dico_phrasis_0001579__eu-eu__original,dico_phrasis_0001579,eu,eu,Suediako kontsulatuan,Suediako Kontsulatua,dico_phrasis_0001579__eu-eu__flipped,FORWARD_ENTAILMENT
dico_phrasis_0001581__eu-eu__flipped,dico_phrasis_0001581,eu,eu,bosgarren susmagarria,bost susmagarriak guztiak,dico_phrasis_0001581__eu-eu__original,BACKWARD_ENTAILMENT
dico_phrasis_0001581__eu-eu__original,dico_phrasis_0001581,eu,eu,bost susmagarriak guztiak,bosgarren susmagarria,dico_phrasis_0001581__eu-eu__flipped,FORWARD_ENTAILMENT
dico_phrasis_0001582__eu-eu__flipped,dico_phrasis_0001582,eu,eu,talde-bortxaketa kasuan,Mumbaiko talde-bortxaketa kasuan,dico_phrasis_0001582__eu-eu__original,BACKWARD_ENTAILMENT
dico_phrasis_0001582__eu-eu__original,dico_phrasis_0001582,eu,eu,Mumbaiko talde-bortxaketa kasuan,talde-bortxaketa kasuan,dico_phrasis_0001582__eu-eu__flipped,FORWARD_ENTAILMENT
dico_phrasis_0001585__eu-eu__flipped,dico_phrasis_0001585,eu,eu,manifestari thailandiarrak,Thailandiako protesta politikoak,dico_phrasis_0001585__eu-eu__original,BACKWARD_ENTAILMENT
dico_phrasis_0001585__eu-eu__original,dico_phrasis_0001585,eu,eu,Thailandiako protesta politikoak,manifestari thailandiarrak,dico_phrasis_0001585__eu-eu__flipped,FORWARD_ENTAILMENT
dico_phrasis_0001587__eu-eu__flipped,dico_phrasis_0001587,eu,eu,pub batera,Eskoziako pub batera,dico_phrasis_0001587__eu-eu__original,BACKWARD_ENTAILMENT
dico_phrasis_0001587__eu-eu__original,dico_phrasis_0001587,eu,eu,Eskoziako pub batera,pub batera,dico_phrasis_0001587__eu-eu__flipped,FORWARD_ENTAILMENT
dico_phrasis_0001588__eu-eu__flipped,dico_phrasis_0001588,eu,eu,250 militante,Militanteak,dico_phrasis_0001588__eu-eu__original,BACKWARD_ENTAILMENT
dico_phrasis_0001588__eu-eu__original,dico_phrasis_0001588,eu,eu,Militanteak,250 militante,dico_phrasis_0001588__eu-eu__flipped,FORWARD_ENTAILMENT
dico_phrasis_0001589__eu-eu__flipped,dico_phrasis_0001589,eu,eu,Mugabe,Mugabe desafiatzailea,dico_phrasis_0001589__eu-eu__original,BACKWARD_ENTAILMENT
dico_phrasis_0001589__eu-eu__original,dico_phrasis_0001589,eu,eu,Mugabe desafiatzailea,Mugabe,dico_phrasis_0001589__eu-eu__flipped,FORWARD_ENTAILMENT
dico_phrasis_0001596__eu-eu__flipped,dico_phrasis_0001596,eu,eu,liskarretan,bonba-erasoetan,dico_phrasis_0001596__eu-eu__original,BACKWARD_ENTAILMENT
dico_phrasis_0001596__eu-eu__original,dico_phrasis_0001596,eu,eu,bonba-erasoetan,liskarretan,dico_phrasis_0001596__eu-eu__flipped,FORWARD_ENTAILMENT
dico_phrasis_0001597__eu-eu__flipped,dico_phrasis_0001597,eu,eu,istripuaren gainetik,helikoptero-istripura,dico_phrasis_0001597__eu-eu__original,BACKWARD_ENTAILMENT
dico_phrasis_0001597__eu-eu__original,dico_phrasis_0001597,eu,eu,helikoptero-istripura,istripuaren gainetik,dico_phrasis_0001597__eu-eu__flipped,FORWARD_ENTAILMENT
dico_phrasis_0001598__eu-eu__flipped,dico_phrasis_0001598,eu,eu,liskarra,Egiptoko liskarrak,dico_phrasis_0001598__eu-eu__original,BACKWARD_ENTAILMENT
dico_phrasis_0001598__eu-eu__original,dico_phrasis_0001598,eu,eu,Egiptoko liskarrak,liskarra,dico_phrasis_0001598__eu-eu__flipped,FORWARD_ENTAILMENT
dico_phrasis_0001601__eu-eu__flipped,dico_phrasis_0001601,eu,eu,Bakegile bat,Zazpi bakegile,dico_phrasis_0001601__eu-eu__original,BACKWARD_ENTAILMENT
dico_phrasis_0001601__eu-eu__original,dico_phrasis_0001601,eu,eu,Zazpi bakegile,Bakegile bat,dico_phrasis_0001601__eu-eu__flipped,FORWARD_ENTAILMENT
dico_phrasis_0001602__eu-eu__flipped,dico_phrasis_0001602,eu,eu,Etxe Zuria,AEBetako senatariak,dico_phrasis_0001602__eu-eu__original,BACKWARD_ENTAILMENT
dico_phrasis_0001602__eu-eu__original,dico_phrasis_0001602,eu,eu,AEBetako senatariak,Etxe Zuria,dico_phrasis_0001602__eu-eu__flipped,FORWARD_ENTAILMENT
dico_phrasis_0001603__eu-eu__flipped,dico_phrasis_0001603,eu,eu,glaukoma-arriskua,Glaukoma-arrisku handiagoarekin,dico_phrasis_0001603__eu-eu__original,BACKWARD_ENTAILMENT
dico_phrasis_0001603__eu-eu__original,dico_phrasis_0001603,eu,eu,Glaukoma-arrisku handiagoarekin,glaukoma-arriskua,dico_phrasis_0001603__eu-eu__flipped,FORWARD_ENTAILMENT
dico_phrasis_0001604__eu-eu__flipped,dico_phrasis_0001604,eu,eu,Bi eztanda,Leherketak,dico_phrasis_0001604__eu-eu__original,BACKWARD_ENTAILMENT
dico_phrasis_0001604__eu-eu__original,dico_phrasis_0001604,eu,eu,Leherketak,Bi eztanda,dico_phrasis_0001604__eu-eu__flipped,FORWARD_ENTAILMENT
dico_phrasis_0001607__eu-eu__flipped,dico_phrasis_0001607,eu,eu,Libiako espetxe batetik,Libiako al-Kweifiya espetxetik,dico_phrasis_0001607__eu-eu__original,BACKWARD_ENTAILMENT
dico_phrasis_0001607__eu-eu__original,dico_phrasis_0001607,eu,eu,Libiako al-Kweifiya espetxetik,Libiako espetxe batetik,dico_phrasis_0001607__eu-eu__flipped,FORWARD_ENTAILMENT
dico_phrasis_0001608__eu-eu__flipped,dico_phrasis_0001608,eu,eu,1.000 preso,1.000 preso baino gehiago,dico_phrasis_0001608__eu-eu__original,BACKWARD_ENTAILMENT
dico_phrasis_0001608__eu-eu__original,dico_phrasis_0001608,eu,eu,1.000 preso baino gehiago,1.000 preso,dico_phrasis_0001608__eu-eu__flipped,FORWARD_ENTAILMENT
dico_phrasis_0001609__eu-eu__flipped,dico_phrasis_0001609,eu,eu,Hogeita hamar hildako,Hogeita hamazazpi hildako,dico_phrasis_0001609__eu-eu__original,BACKWARD_ENTAILMENT
dico_phrasis_0001609__eu-eu__original,dico_phrasis_0001609,eu,eu,Hogeita hamazazpi hildako,Hogeita hamar hildako,dico_phrasis_0001609__eu-eu__flipped,FORWARD_ENTAILMENT
dico_phrasis_0001610__eu-eu__flipped,dico_phrasis_0001610,eu,eu,Italiako autobus baten amiltzean,Italiako autobus turistiko baten amiltzean,dico_phrasis_0001610__eu-eu__original,BACKWARD_ENTAILMENT
dico_phrasis_0001610__eu-eu__original,dico_phrasis_0001610,eu,eu,Italiako autobus turistiko baten amiltzean,Italiako autobus baten amiltzean,dico_phrasis_0001610__eu-eu__flipped,FORWARD_ENTAILMENT
dico_phrasis_0001611__eu-eu__flipped,dico_phrasis_0001611,eu,eu,hilabeteen epean,hiru hilabeteren epean,dico_phrasis_0001611__eu-eu__original,BACKWARD_ENTAILMENT
dico_phrasis_0001611__eu-eu__original,dico_phrasis_0001611,eu,eu,hiru hilabeteren epean,hilabeteen epean,dico_phrasis_0001611__eu-eu__flipped,FORWARD_ENTAILMENT
dico_phrasis_0001613__eu-eu__flipped,dico_phrasis_0001613,eu,eu,Espainiako istripuan,Espainiako tren-istripuan,dico_phrasis_0001613__eu-eu__original,BACKWARD_ENTAILMENT
dico_phrasis_0001613__eu-eu__original,dico_phrasis_0001613,eu,eu,Espainiako tren-istripuan,Espainiako istripuan,dico_phrasis_0001613__eu-eu__flipped,FORWARD_ENTAILMENT
dico_phrasis_0001614__eu-eu__flipped,dico_phrasis_0001614,eu,eu,fidantza,baldintzapeko fidantza,dico_phrasis_0001614__eu-eu__original,BACKWARD_ENTAILMENT
dico_phrasis_0001614__eu-eu__original,dico_phrasis_0001614,eu,eu,baldintzapeko fidantza,fidantza,dico_phrasis_0001614__eu-eu__flipped,FORWARD_ENTAILMENT
dico_phrasis_0001615__eu-eu__flipped,dico_phrasis_0001615,eu,eu,akzioak,AEBetako akzioak,dico_phrasis_0001615__eu-eu__original,BACKWARD_ENTAILMENT
dico_phrasis_0001615__eu-eu__original,dico_phrasis_0001615,eu,eu,AEBetako akzioak,akzioak,dico_phrasis_0001615__eu-eu__flipped,FORWARD_ENTAILMENT
dico_phrasis_0001617__eu-eu__flipped,dico_phrasis_0001617,eu,eu,AEBetako Kapitolioa,AEBetako Capitol Hill,dico_phrasis_0001617__eu-eu__original,BACKWARD_ENTAILMENT
dico_phrasis_0001617__eu-eu__original,dico_phrasis_0001617,eu,eu,AEBetako Capitol Hill,AEBetako Kapitolioa,dico_phrasis_0001617__eu-eu__flipped,FORWARD_ENTAILMENT
dico_phrasis_0001619__eu-eu__flipped,dico_phrasis_0001619,eu,eu,erasotzaile suizida,atentatu suizidetan,dico_phrasis_0001619__eu-eu__original,BACKWARD_ENTAILMENT
dico_phrasis_0001619__eu-eu__original,dico_phrasis_0001619,eu,eu,atentatu suizidetan,erasotzaile suizida,dico_phrasis_0001619__eu-eu__flipped,FORWARD_ENTAILMENT
dico_phrasis_0001620__eu-eu__flipped,dico_phrasis_0001620,eu,eu,Kanbodiako oposizioko burua,Kanbodiako oposizioko buruzagi Sam Rainsy,dico_phrasis_0001620__eu-eu__original,BACKWARD_ENTAILMENT
dico_phrasis_0001620__eu-eu__original,dico_phrasis_0001620,eu,eu,Kanbodiako oposizioko buruzagi Sam Rainsy,Kanbodiako oposizioko burua,dico_phrasis_0001620__eu-eu__flipped,FORWARD_ENTAILMENT
dico_phrasis_0001621__eu-eu__flipped,dico_phrasis_0001621,eu,eu,talde-bortxaketaren aurkako protestan,Indiako bortxaketen aurkako protestetan,dico_phrasis_0001621__eu-eu__original,BACKWARD_ENTAILMENT
dico_phrasis_0001621__eu-eu__original,dico_phrasis_0001621,eu,eu,Indiako bortxaketen aurkako protestetan,talde-bortxaketaren aurkako protestan,dico_phrasis_0001621__eu-eu__flipped,FORWARD_ENTAILMENT
dico_phrasis_0001622__eu-eu__flipped,dico_phrasis_0001622,eu,eu,Interneteko zerbitzua,Interneteko eta telefono bidezko zerbitzua,dico_phrasis_0001622__eu-eu__original,BACKWARD_ENTAILMENT
dico_phrasis_0001622__eu-eu__original,dico_phrasis_0001622,eu,eu,Interneteko eta telefono bidezko zerbitzua,Interneteko zerbitzua,dico_phrasis_0001622__eu-eu__flipped,FORWARD_ENTAILMENT
dico_phrasis_0001624__eu-eu__flipped,dico_phrasis_0001624,eu,eu,inbertitzaileak erakartzeko,Golkoko inbertitzaileak erakartzeko,dico_phrasis_0001624__eu-eu__original,BACKWARD_ENTAILMENT
dico_phrasis_0001624__eu-eu__original,dico_phrasis_0001624,eu,eu,Golkoko inbertitzaileak erakartzeko,inbertitzaileak erakartzeko,dico_phrasis_0001624__eu-eu__flipped,FORWARD_ENTAILMENT
dico_phrasis_0001625__eu-eu__flipped,dico_phrasis_0001625,eu,eu,Miss America,2013ko Miss America,dico_phrasis_0001625__eu-eu__original,BACKWARD_ENTAILMENT
dico_phrasis_0001625__eu-eu__original,dico_phrasis_0001625,eu,eu,2013ko Miss America,Miss America,dico_phrasis_0001625__eu-eu__flipped,FORWARD_ENTAILMENT
dico_phrasis_0001627__eu-eu__flipped,dico_phrasis_0001627,eu,eu,Senatua,AEBko Senatua,dico_phrasis_0001627__eu-eu__original,BACKWARD_ENTAILMENT
dico_phrasis_0001627__eu-eu__original,dico_phrasis_0001627,eu,eu,AEBko Senatua,Senatua,dico_phrasis_0001627__eu-eu__flipped,FORWARD_ENTAILMENT
dico_phrasis_0001631__eu-eu__flipped,dico_phrasis_0001631,eu,eu,AEB-Errusia akordioa,AEB-Errusia akordioaren ondoren,dico_phrasis_0001631__eu-eu__original,BACKWARD_ENTAILMENT
dico_phrasis_0001631__eu-eu__original,dico_phrasis_0001631,eu,eu,AEB-Errusia akordioaren ondoren,AEB-Errusia akordioa,dico_phrasis_0001631__eu-eu__flipped,FORWARD_ENTAILMENT
dico_phrasis_0001632__eu-eu__flipped,dico_phrasis_0001632,eu,eu,Siriari buruz,Siriako armei buruz,dico_phrasis_0001632__eu-eu__original,BACKWARD_ENTAILMENT
dico_phrasis_0001632__eu-eu__original,dico_phrasis_0001632,eu,eu,Siriako armei buruz,Siriari buruz,dico_phrasis_0001632__eu-eu__flipped,FORWARD_ENTAILMENT
dico_phrasis_0001633__eu-eu__flipped,dico_phrasis_0001633,eu,eu,hilda,zanpatuta hil,dico_phrasis_0001633__eu-eu__original,BACKWARD_ENTAILMENT
dico_phrasis_0001633__eu-eu__original,dico_phrasis_0001633,eu,eu,zanpatuta hil,hilda,dico_phrasis_0001633__eu-eu__flipped,FORWARD_ENTAILMENT
dico_phrasis_0001634__eu-eu__flipped,dico_phrasis_0001634,eu,eu,ikaslearen aurka,ikasle pistoladunaren aurka,dico_phrasis_0001634__eu-eu__original,BACKWARD_ENTAILMENT
dico_phrasis_0001634__eu-eu__original,dico_phrasis_0001634,eu,eu,ikasle pistoladunaren aurka,ikaslearen aurka,dico_phrasis_0001634__eu-eu__flipped,FORWARD_ENTAILMENT
dico_phrasis_0001635__eu-eu__flipped,dico_phrasis_0001635,eu,eu,haren gurpil-aulkia,haren neurrira egindako gurpil-aulkia,dico_phrasis_0001635__eu-eu__original,BACKWARD_ENTAILMENT
dico_phrasis_0001635__eu-eu__original,dico_phrasis_0001635,eu,eu,haren neurrira egindako gurpil-aulkia,haren gurpil-aulkia,dico_phrasis_0001635__eu-eu__flipped,FORWARD_ENTAILMENT
dico_phrasis_0001636__eu-eu__flipped,dico_phrasis_0001636,eu,eu,kanaleko igerilaria,Mantxako kanaleko igerilaria,dico_phrasis_0001636__eu-eu__original,BACKWARD_ENTAILMENT
dico_phrasis_0001636__eu-eu__original,dico_phrasis_0001636,eu,eu,Mantxako kanaleko igerilaria,kanaleko igerilaria,dico_phrasis_0001636__eu-eu__flipped,FORWARD_ENTAILMENT
dico_phrasis_0001637__eu-eu__flipped,dico_phrasis_0001637,eu,eu,AEB,AEBen eta Erresuma Batuaren arma kimikoei buruzko baieztapenak,dico_phrasis_0001637__eu-eu__original,BACKWARD_ENTAILMENT
dico_phrasis_0001637__eu-eu__original,dico_phrasis_0001637,eu,eu,AEBen eta Erresuma Batuaren arma kimikoei buruzko baieztapenak,AEB,dico_phrasis_0001637__eu-eu__flipped,FORWARD_ENTAILMENT
dico_phrasis_0001639__eu-eu__flipped,dico_phrasis_0001639,eu,eu,Sei hildako,14 hildakoen artean,dico_phrasis_0001639__eu-eu__original,BACKWARD_ENTAILMENT
dico_phrasis_0001639__eu-eu__original,dico_phrasis_0001639,eu,eu,14 hildakoen artean,Sei hildako,dico_phrasis_0001639__eu-eu__flipped,FORWARD_ENTAILMENT
dico_phrasis_0001640__eu-eu__flipped,dico_phrasis_0001640,eu,eu,handiagoa,"% 0,4 handiagoa",dico_phrasis_0001640__eu-eu__original,BACKWARD_ENTAILMENT
dico_phrasis_0001640__eu-eu__original,dico_phrasis_0001640,eu,eu,"% 0,4 handiagoa",handiagoa,dico_phrasis_0001640__eu-eu__flipped,FORWARD_ENTAILMENT
dico_phrasis_0001641__eu-eu__flipped,dico_phrasis_0001641,eu,eu,Pakistango neska,Pakistango neskak,dico_phrasis_0001641__eu-eu__original,BACKWARD_ENTAILMENT
dico_phrasis_0001641__eu-eu__original,dico_phrasis_0001641,eu,eu,Pakistango neskak,Pakistango neska,dico_phrasis_0001641__eu-eu__flipped,FORWARD_ENTAILMENT
dico_phrasis_0001643__eu-eu__flipped,dico_phrasis_0001643,eu,eu,Oscar Pistorius,Oscar Pistoriusen,dico_phrasis_0001643__eu-eu__original,BACKWARD_ENTAILMENT
dico_phrasis_0001643__eu-eu__original,dico_phrasis_0001643,eu,eu,Oscar Pistoriusen,Oscar Pistorius,dico_phrasis_0001643__eu-eu__flipped,FORWARD_ENTAILMENT
dico_phrasis_0001646__eu-eu__flipped,dico_phrasis_0001646,eu,eu,leherketan,bonba-leherketan,dico_phrasis_0001646__eu-eu__original,BACKWARD_ENTAILMENT
dico_phrasis_0001646__eu-eu__original,dico_phrasis_0001646,eu,eu,bonba-leherketan,leherketan,dico_phrasis_0001646__eu-eu__flipped,FORWARD_ENTAILMENT
dico_phrasis_0001647__eu-eu__flipped,dico_phrasis_0001647,eu,eu,Siriako oposizioa,Siriako oposizioaren botoak,dico_phrasis_0001647__eu-eu__original,BACKWARD_ENTAILMENT
dico_phrasis_0001647__eu-eu__original,dico_phrasis_0001647,eu,eu,Siriako oposizioaren botoak,Siriako oposizioa,dico_phrasis_0001647__eu-eu__flipped,FORWARD_ENTAILMENT
dico_phrasis_0001648__eu-eu__flipped,dico_phrasis_0001648,eu,eu,Polizia batzuk,P.G.ko polizia guztiak,dico_phrasis_0001648__eu-eu__original,BACKWARD_ENTAILMENT
dico_phrasis_0001648__eu-eu__original,dico_phrasis_0001648,eu,eu,P.G.ko polizia guztiak,Polizia batzuk,dico_phrasis_0001648__eu-eu__flipped,FORWARD_ENTAILMENT
dico_phrasis_0001649__eu-eu__flipped,dico_phrasis_0001649,eu,eu,preso palestinar,26 preso palestinar,dico_phrasis_0001649__eu-eu__original,BACKWARD_ENTAILMENT
dico_phrasis_0001649__eu-eu__original,dico_phrasis_0001649,eu,eu,26 preso palestinar,preso palestinar,dico_phrasis_0001649__eu-eu__flipped,FORWARD_ENTAILMENT
dico_phrasis_0001650__eu-eu__flipped,dico_phrasis_0001650,eu,eu,Pistorius,«Blade Runner» Pistorius,dico_phrasis_0001650__eu-eu__original,BACKWARD_ENTAILMENT
dico_phrasis_0001650__eu-eu__original,dico_phrasis_0001650,eu,eu,«Blade Runner» Pistorius,Pistorius,dico_phrasis_0001650__eu-eu__flipped,FORWARD_ENTAILMENT
dico_phrasis_0001651__eu-eu__flipped,dico_phrasis_0001651,eu,eu,5 taliban eta 5 polizia afganiar,"Polizia afganiarrak, 5 taliban borrokalari",dico_phrasis_0001651__eu-eu__original,BACKWARD_ENTAILMENT
dico_phrasis_0001651__eu-eu__original,dico_phrasis_0001651,eu,eu,"Polizia afganiarrak, 5 taliban borrokalari",5 taliban eta 5 polizia afganiar,dico_phrasis_0001651__eu-eu__flipped,FORWARD_ENTAILMENT
dico_phrasis_0001652__eu-eu__flipped,dico_phrasis_0001652,eu,eu,arma kimikoak,bere arma kimikoen erreserbaren,dico_phrasis_0001652__eu-eu__original,BACKWARD_ENTAILMENT
dico_phrasis_0001652__eu-eu__original,dico_phrasis_0001652,eu,eu,bere arma kimikoen erreserbaren,arma kimikoak,dico_phrasis_0001652__eu-eu__flipped,FORWARD_ENTAILMENT
dico_phrasis_0001653__eu-eu__flipped,dico_phrasis_0001653,eu,eu,Zeelanda Berriko sexu berekoen ezkontza,NZko sexu berekoen ezkontzara,dico_phrasis_0001653__eu-eu__original,BACKWARD_ENTAILMENT
dico_phrasis_0001653__eu-eu__original,dico_phrasis_0001653,eu,eu,NZko sexu berekoen ezkontzara,Zeelanda Berriko sexu berekoen ezkontza,dico_phrasis_0001653__eu-eu__flipped,FORWARD_ENTAILMENT
dico_phrasis_0001655__eu-eu__flipped,dico_phrasis_0001655,eu,eu,Pakistanen,Pakistan iparraldean,dico_phrasis_0001655__eu-eu__original,BACKWARD_ENTAILMENT
dico_phrasis_0001655__eu-eu__original,dico_phrasis_0001655,eu,eu,Pakistan iparraldean,Pakistanen,dico_phrasis_0001655__eu-eu__flipped,FORWARD_ENTAILMENT
dico_phrasis_0001657__eu-eu__flipped,dico_phrasis_0001657,eu,eu,Hegazkina,Asianako erreakzio-hegazkina,dico_phrasis_0001657__eu-eu__original,BACKWARD_ENTAILMENT
dico_phrasis_0001657__eu-eu__original,dico_phrasis_0001657,eu,eu,Asianako erreakzio-hegazkina,Hegazkina,dico_phrasis_0001657__eu-eu__flipped,FORWARD_ENTAILMENT
dico_phrasis_0001660__eu-eu__flipped,dico_phrasis_0001660,eu,eu,AEBetako basea,AEBetako basean,dico_phrasis_0001660__eu-eu__original,BACKWARD_ENTAILMENT
dico_phrasis_0001660__eu-eu__original,dico_phrasis_0001660,eu,eu,AEBetako basean,AEBetako basea,dico_phrasis_0001660__eu-eu__flipped,FORWARD_ENTAILMENT
dico_phrasis_0001661__eu-eu__flipped,dico_phrasis_0001661,eu,eu,Irakeko bonba-atentatuan,Irakeko auto-bonba atentatuetan,dico_phrasis_0001661__eu-eu__original,BACKWARD_ENTAILMENT
dico_phrasis_0001661__eu-eu__original,dico_phrasis_0001661,eu,eu,Irakeko auto-bonba atentatuetan,Irakeko bonba-atentatuan,dico_phrasis_0001661__eu-eu__flipped,FORWARD_ENTAILMENT
dico_phrasis_0001664__eu-eu__flipped,dico_phrasis_0001664,eu,eu,gayen ezkontza,gayen eskubideei buruz,dico_phrasis_0001664__eu-eu__original,BACKWARD_ENTAILMENT
dico_phrasis_0001664__eu-eu__original,dico_phrasis_0001664,eu,eu,gayen eskubideei buruz,gayen ezkontza,dico_phrasis_0001664__eu-eu__flipped,FORWARD_ENTAILMENT
dico_phrasis_0001668__eu-eu__flipped,dico_phrasis_0001668,eu,eu,terrorismoarekin,terrorismo-delituekin,dico_phrasis_0001668__eu-eu__original,BACKWARD_ENTAILMENT
dico_phrasis_0001668__eu-eu__original,dico_phrasis_0001668,eu,eu,terrorismo-delituekin,terrorismoarekin,dico_phrasis_0001668__eu-eu__flipped,FORWARD_ENTAILMENT
dico_phrasis_0001670__eu-eu__flipped,dico_phrasis_0001670,eu,eu,krisi politikoa,blokeo politikoan,dico_phrasis_0001670__eu-eu__original,BACKWARD_ENTAILMENT
dico_phrasis_0001670__eu-eu__original,dico_phrasis_0001670,eu,eu,blokeo politikoan,krisi politikoa,dico_phrasis_0001670__eu-eu__flipped,FORWARD_ENTAILMENT
dico_phrasis_0001671__eu-eu__flipped,dico_phrasis_0001671,eu,eu,talibanak,38 taliban militante,dico_phrasis_0001671__eu-eu__original,BACKWARD_ENTAILMENT
dico_phrasis_0001671__eu-eu__original,dico_phrasis_0001671,eu,eu,38 taliban militante,talibanak,dico_phrasis_0001671__eu-eu__flipped,FORWARD_ENTAILMENT
dico_phrasis_0001672__eu-eu__flipped,dico_phrasis_0001672,eu,eu,Ukrainako funtzionarioak,Azarov Ukrainako lehen ministroa eta gobernu osoa,dico_phrasis_0001672__eu-eu__original,BACKWARD_ENTAILMENT
dico_phrasis_0001672__eu-eu__original,dico_phrasis_0001672,eu,eu,Azarov Ukrainako lehen ministroa eta gobernu osoa,Ukrainako funtzionarioak,dico_phrasis_0001672__eu-eu__flipped,FORWARD_ENTAILMENT
dico_phrasis_0001673__eu-eu__flipped,dico_phrasis_0001673,eu,eu,itxiera,itxieraren,dico_phrasis_0001673__eu-eu__original,BACKWARD_ENTAILMENT
dico_phrasis_0001673__eu-eu__original,dico_phrasis_0001673,eu,eu,itxieraren,itxiera,dico_phrasis_0001673__eu-eu__flipped,FORWARD_ENTAILMENT
dico_phrasis_0001674__eu-eu__flipped,dico_phrasis_0001674,eu,eu,Obama,Obamaren bira ekonomikoa,dico_phrasis_0001674__eu-eu__original,BACKWARD_ENTAILMENT
dico_phrasis_0001674__eu-eu__original,dico_phrasis_0001674,eu,eu,Obamaren bira ekonomikoa,Obama,dico_phrasis_0001674__eu-eu__flipped,FORWARD_ENTAILMENT
dico_phrasis_0001677__eu-eu__flipped,dico_phrasis_0001677,eu,eu,Stonesoft suebakia,"Hodeian oinarritutako sareko suebakietan aditua, Stonesoft",dico_phrasis_0001677__eu-eu__original,BACKWARD_ENTAILMENT
dico_phrasis_0001677__eu-eu__original,dico_phrasis_0001677,eu,eu,"Hodeian oinarritutako sareko suebakietan aditua, Stonesoft",Stonesoft suebakia,dico_phrasis_0001677__eu-eu__flipped,FORWARD_ENTAILMENT
dico_phrasis_0001678__eu-eu__flipped,dico_phrasis_0001678,eu,eu,McAfee,Intelen McAfee,dico_phrasis_0001678__eu-eu__original,BACKWARD_ENTAILMENT
dico_phrasis_0001678__eu-eu__original,dico_phrasis_0001678,eu,eu,Intelen McAfee,McAfee,dico_phrasis_0001678__eu-eu__flipped,FORWARD_ENTAILMENT
dico_phrasis_0001679__eu-eu__flipped,dico_phrasis_0001679,eu,eu,zaldi-haragiaren eskandalua,zaldi-haragiaren eskandalua bezala,dico_phrasis_0001679__eu-eu__original,BACKWARD_ENTAILMENT
dico_phrasis_0001679__eu-eu__original,dico_phrasis_0001679,eu,eu,zaldi-haragiaren eskandalua bezala,zaldi-haragiaren eskandalua,dico_phrasis_0001679__eu-eu__flipped,FORWARD_ENTAILMENT
dico_phrasis_0001680__eu-eu__flipped,dico_phrasis_0001680,eu,eu,Australiako Koral Hesi Handitik gertu,Koral Hesi Handian,dico_phrasis_0001680__eu-eu__original,BACKWARD_ENTAILMENT
dico_phrasis_0001680__eu-eu__original,dico_phrasis_0001680,eu,eu,Koral Hesi Handian,Australiako Koral Hesi Handitik gertu,dico_phrasis_0001680__eu-eu__flipped,FORWARD_ENTAILMENT
dico_phrasis_0001681__eu-eu__flipped,dico_phrasis_0001681,eu,eu,Ingalaterrako jokalari handi ohia Tom Finney,Preston eta Ingalaterrako kondaira Tom Finney,dico_phrasis_0001681__eu-eu__original,BACKWARD_ENTAILMENT
dico_phrasis_0001681__eu-eu__original,dico_phrasis_0001681,eu,eu,Preston eta Ingalaterrako kondaira Tom Finney,Ingalaterrako jokalari handi ohia Tom Finney,dico_phrasis_0001681__eu-eu__flipped,FORWARD_ENTAILMENT
dico_phrasis_0001683__eu-eu__flipped,dico_phrasis_0001683,eu,eu,estadioan,Don Valley estadioan,dico_phrasis_0001683__eu-eu__original,BACKWARD_ENTAILMENT
dico_phrasis_0001683__eu-eu__original,dico_phrasis_0001683,eu,eu,Don Valley estadioan,estadioan,dico_phrasis_0001683__eu-eu__flipped,FORWARD_ENTAILMENT
dico_phrasis_0001684__eu-eu__flipped,dico_phrasis_0001684,eu,eu,NATOko soldadu bat,NATOko bi soldadu,dico_phrasis_0001684__eu-eu__original,BACKWARD_ENTAILMENT
dico_phrasis_0001684__eu-eu__original,dico_phrasis_0001684,eu,eu,NATOko bi soldadu,NATOko soldadu bat,dico_phrasis_0001684__eu-eu__flipped,FORWARD_ENTAILMENT
dico_phrasis_0001686__eu-eu__flipped,dico_phrasis_0001686,eu,eu,mugak,haren mugak,dico_phrasis_0001686__eu-eu__original,BACKWARD_ENTAILMENT
dico_phrasis_0001686__eu-eu__original,dico_phrasis_0001686,eu,eu,haren mugak,mugak,dico_phrasis_0001686__eu-eu__flipped,FORWARD_ENTAILMENT
dico_phrasis_0001687__eu-eu__flipped,dico_phrasis_0001687,eu,eu,Australiako lehen ministro gisa,Australiako lehen ministro berri gisa,dico_phrasis_0001687__eu-eu__original,BACKWARD_ENTAILMENT
dico_phrasis_0001687__eu-eu__original,dico_phrasis_0001687,eu,eu,Australiako lehen ministro berri gisa,Australiako lehen ministro gisa,dico_phrasis_0001687__eu-eu__flipped,FORWARD_ENTAILMENT
dico_phrasis_0001688__eu-eu__flipped,dico_phrasis_0001688,eu,eu,Asanblada,Venezuelako asanblada,dico_phrasis_0001688__eu-eu__original,BACKWARD_ENTAILMENT
dico_phrasis_0001688__eu-eu__original,dico_phrasis_0001688,eu,eu,Venezuelako asanblada,Asanblada,dico_phrasis_0001688__eu-eu__flipped,FORWARD_ENTAILMENT
dico_phrasis_0001689__eu-eu__flipped,dico_phrasis_0001689,eu,eu,Chavezen krisiaren erdian,Chavezen osasun-krisiaren erdian,dico_phrasis_0001689__eu-eu__original,BACKWARD_ENTAILMENT
dico_phrasis_0001689__eu-eu__original,dico_phrasis_0001689,eu,eu,Chavezen osasun-krisiaren erdian,Chavezen krisiaren erdian,dico_phrasis_0001689__eu-eu__flipped,FORWARD_ENTAILMENT
dico_phrasis_0001692__eu-eu__flipped,dico_phrasis_0001692,eu,eu,Pakistan,Pakistanen,dico_phrasis_0001692__eu-eu__original,BACKWARD_ENTAILMENT
dico_phrasis_0001692__eu-eu__original,dico_phrasis_0001692,eu,eu,Pakistanen,Pakistan,dico_phrasis_0001692__eu-eu__flipped,FORWARD_ENTAILMENT
dico_phrasis_0001694__eu-eu__flipped,dico_phrasis_0001694,eu,eu,data,maiatzaren 5a data gisa,dico_phrasis_0001694__eu-eu__original,BACKWARD_ENTAILMENT
dico_phrasis_0001694__eu-eu__original,dico_phrasis_0001694,eu,eu,maiatzaren 5a data gisa,data,dico_phrasis_0001694__eu-eu__flipped,FORWARD_ENTAILMENT
dico_phrasis_0001695__eu-eu__flipped,dico_phrasis_0001695,eu,eu,Kanadako etxeetatik,Calgaryko etxeetatik,dico_phrasis_0001695__eu-eu__original,BACKWARD_ENTAILMENT
dico_phrasis_0001695__eu-eu__original,dico_phrasis_0001695,eu,eu,Calgaryko etxeetatik,Kanadako etxeetatik,dico_phrasis_0001695__eu-eu__flipped,FORWARD_ENTAILMENT
dico_phrasis_0001697__eu-eu__flipped,dico_phrasis_0001697,eu,eu,bi britainiar,britainiarrak,dico_phrasis_0001697__eu-eu__original,BACKWARD_ENTAILMENT
dico_phrasis_0001697__eu-eu__original,dico_phrasis_0001697,eu,eu,britainiarrak,bi britainiar,dico_phrasis_0001697__eu-eu__flipped,FORWARD_ENTAILMENT
dico_phrasis_0001699__eu-eu__flipped,dico_phrasis_0001699,eu,eu,Talibaneko komandantea,Pakistanen aldeko Talibaneko buruzagi militarra,dico_phrasis_0001699__eu-eu__original,BACKWARD_ENTAILMENT
dico_phrasis_0001699__eu-eu__original,dico_phrasis_0001699,eu,eu,Pakistanen aldeko Talibaneko buruzagi militarra,Talibaneko komandantea,dico_phrasis_0001699__eu-eu__flipped,FORWARD_ENTAILMENT
dico_phrasis_0001700__eu-eu__flipped,dico_phrasis_0001700,eu,eu,Egipto,Egipton,dico_phrasis_0001700__eu-eu__original,BACKWARD_ENTAILMENT
dico_phrasis_0001700__eu-eu__original,dico_phrasis_0001700,eu,eu,Egipton,Egipto,dico_phrasis_0001700__eu-eu__flipped,FORWARD_ENTAILMENT
dico_phrasis_0001701__eu-eu__flipped,dico_phrasis_0001701,eu,eu,Pakistango eskola-autobusa,Pakistango eskola-autobusean,dico_phrasis_0001701__eu-eu__original,BACKWARD_ENTAILMENT
dico_phrasis_0001701__eu-eu__original,dico_phrasis_0001701,eu,eu,Pakistango eskola-autobusean,Pakistango eskola-autobusa,dico_phrasis_0001701__eu-eu__flipped,FORWARD_ENTAILMENT
dico_phrasis_0001704__eu-eu__flipped,dico_phrasis_0001704,eu,eu,Mubarak,Mubaraken,dico_phrasis_0001704__eu-eu__original,BACKWARD_ENTAILMENT
dico_phrasis_0001704__eu-eu__original,dico_phrasis_0001704,eu,eu,Mubaraken,Mubarak,dico_phrasis_0001704__eu-eu__flipped,FORWARD_ENTAILMENT
dico_phrasis_0001705__eu-eu__flipped,dico_phrasis_0001705,eu,eu,aseguru-primen igoera,auto-aseguruen prima handiagoak,dico_phrasis_0001705__eu-eu__original,BACKWARD_ENTAILMENT
dico_phrasis_0001705__eu-eu__original,dico_phrasis_0001705,eu,eu,auto-aseguruen prima handiagoak,aseguru-primen igoera,dico_phrasis_0001705__eu-eu__flipped,FORWARD_ENTAILMENT
dico_phrasis_0001707__eu-eu__flipped,dico_phrasis_0001707,eu,eu,Suu Kyi,Myanmarreko Suu Kyi,dico_phrasis_0001707__eu-eu__original,BACKWARD_ENTAILMENT
dico_phrasis_0001707__eu-eu__original,dico_phrasis_0001707,eu,eu,Myanmarreko Suu Kyi,Suu Kyi,dico_phrasis_0001707__eu-eu__flipped,FORWARD_ENTAILMENT
dico_phrasis_0001708__eu-eu__flipped,dico_phrasis_0001708,eu,eu,gastu-murrizketa automatikoak,gastu-murrizketa automatikoen kaltea,dico_phrasis_0001708__eu-eu__original,BACKWARD_ENTAILMENT
dico_phrasis_0001708__eu-eu__original,dico_phrasis_0001708,eu,eu,gastu-murrizketa automatikoen kaltea,gastu-murrizketa automatikoak,dico_phrasis_0001708__eu-eu__flipped,FORWARD_ENTAILMENT
dico_phrasis_0001709__eu-eu__flipped,dico_phrasis_0001709,eu,eu,herri garrantzitsua,Maliko herri garrantzitsua,dico_phrasis_0001709__eu-eu__original,BACKWARD_ENTAILMENT
dico_phrasis_0001709__eu-eu__original,dico_phrasis_0001709,eu,eu,Maliko herri garrantzitsua,herri garrantzitsua,dico_phrasis_0001709__eu-eu__flipped,FORWARD_ENTAILMENT
dico_phrasis_0001711__eu-eu__flipped,dico_phrasis_0001711,eu,eu,Miranshahen,Shawal eremuan,dico_phrasis_0001711__eu-eu__original,BACKWARD_ENTAILMENT
dico_phrasis_0001711__eu-eu__original,dico_phrasis_0001711,eu,eu,Shawal eremuan,Miranshahen,dico_phrasis_0001711__eu-eu__flipped,FORWARD_ENTAILMENT
dico_phrasis_0001712__eu-eu__flipped,dico_phrasis_0001712,eu,eu,Ahmadinejad,Irango Ahmadinejad,dico_phrasis_0001712__eu-eu__original,BACKWARD_ENTAILMENT
dico_phrasis_0001712__eu-eu__original,dico_phrasis_0001712,eu,eu,Irango Ahmadinejad,Ahmadinejad,dico_phrasis_0001712__eu-eu__flipped,FORWARD_ENTAILMENT
dico_phrasis_0001713__eu-eu__flipped,dico_phrasis_0001713,eu,eu,Akzioen etorkizuneko kontratuak,AEBetako akzioen etorkizuneko kontratuak,dico_phrasis_0001713__eu-eu__original,BACKWARD_ENTAILMENT
dico_phrasis_0001713__eu-eu__original,dico_phrasis_0001713,eu,eu,AEBetako akzioen etorkizuneko kontratuak,Akzioen etorkizuneko kontratuak,dico_phrasis_0001713__eu-eu__flipped,FORWARD_ENTAILMENT
dico_phrasis_0001715__eu-eu__flipped,dico_phrasis_0001715,eu,eu,Hezbollahen gotorlekua,Hezbollahen gotorlekuan,dico_phrasis_0001715__eu-eu__original,BACKWARD_ENTAILMENT
dico_phrasis_0001715__eu-eu__original,dico_phrasis_0001715,eu,eu,Hezbollahen gotorlekuan,Hezbollahen gotorlekua,dico_phrasis_0001715__eu-eu__flipped,FORWARD_ENTAILMENT
dico_phrasis_0001716__eu-eu__flipped,dico_phrasis_0001716,eu,eu,Frantziako ehunka soldadu,Frantziako indarrak,dico_phrasis_0001716__eu-eu__original,BACKWARD_ENTAILMENT
dico_phrasis_0001716__eu-eu__original,dico_phrasis_0001716,eu,eu,Frantziako indarrak,Frantziako ehunka soldadu,dico_phrasis_0001716__eu-eu__flipped,FORWARD_ENTAILMENT
dico_phrasis_0001717__eu-eu__flipped,dico_phrasis_0001717,eu,eu,Gutxienez 13,Gutxienez 45,dico_phrasis_0001717__eu-eu__original,BACKWARD_ENTAILMENT
dico_phrasis_0001717__eu-eu__original,dico_phrasis_0001717,eu,eu,Gutxienez 45,Gutxienez 13,dico_phrasis_0001717__eu-eu__flipped,FORWARD_ENTAILMENT
dico_phrasis_0001718__eu-eu__flipped,dico_phrasis_0001718,eu,eu,Fred Talbot eguraldi-aurkezlea,Fred Talbot telebistako eguraldi-aurkezlea,dico_phrasis_0001718__eu-eu__original,BACKWARD_ENTAILMENT
dico_phrasis_0001718__eu-eu__original,dico_phrasis_0001718,eu,eu,Fred Talbot telebistako eguraldi-aurkezlea,Fred Talbot eguraldi-aurkezlea,dico_phrasis_0001718__eu-eu__flipped,FORWARD_ENTAILMENT
dico_phrasis_0001719__eu-eu__flipped,dico_phrasis_0001719,eu,eu,harrapatuta,"beldurtuta, harrapatuta",dico_phrasis_0001719__eu-eu__original,BACKWARD_ENTAILMENT
dico_phrasis_0001719__eu-eu__original,dico_phrasis_0001719,eu,eu,"beldurtuta, harrapatuta",harrapatuta,dico_phrasis_0001719__eu-eu__flipped,FORWARD_ENTAILMENT
dico_phrasis_0001720__eu-eu__flipped,dico_phrasis_0001720,eu,eu,Egipton,Kairon,dico_phrasis_0001720__eu-eu__original,BACKWARD_ENTAILMENT
dico_phrasis_0001720__eu-eu__original,dico_phrasis_0001720,eu,eu,Kairon,Egipton,dico_phrasis_0001720__eu-eu__flipped,FORWARD_ENTAILMENT
dico_phrasis_0001721__eu-eu__flipped,dico_phrasis_0001721,eu,eu,Afganistanen,Afganistango «barne-erasoan»,dico_phrasis_0001721__eu-eu__original,BACKWARD_ENTAILMENT
dico_phrasis_0001721__eu-eu__original,dico_phrasis_0001721,eu,eu,Afganistango «barne-erasoan»,Afganistanen,dico_phrasis_0001721__eu-eu__flipped,FORWARD_ENTAILMENT
dico_phrasis_0001722__eu-eu__flipped,dico_phrasis_0001722,eu,eu,Afganistango presidentea,Karzai,dico_phrasis_0001722__eu-eu__original,BACKWARD_ENTAILMENT
dico_phrasis_0001722__eu-eu__original,dico_phrasis_0001722,eu,eu,Karzai,Afganistango presidentea,dico_phrasis_0001722__eu-eu__flipped,FORWARD_ENTAILMENT
dico_phrasis_0001723__eu-eu__flipped,dico_phrasis_0001723,eu,eu,Talibanekin elkarrizketetarako,Talibanekin bake-elkarrizketetarako,dico_phrasis_0001723__eu-eu__original,BACKWARD_ENTAILMENT
dico_phrasis_0001723__eu-eu__original,dico_phrasis_0001723,eu,eu,Talibanekin bake-elkarrizketetarako,Talibanekin elkarrizketetarako,dico_phrasis_0001723__eu-eu__flipped,FORWARD_ENTAILMENT
dico_phrasis_0001724__eu-eu__flipped,dico_phrasis_0001724,eu,eu,istripuan,auto-istripuaren ondoren,dico_phrasis_0001724__eu-eu__original,BACKWARD_ENTAILMENT
dico_phrasis_0001724__eu-eu__original,dico_phrasis_0001724,eu,eu,auto-istripuaren ondoren,istripuan,dico_phrasis_0001724__eu-eu__flipped,FORWARD_ENTAILMENT
dico_phrasis_0001725__eu-eu__flipped,dico_phrasis_0001725,eu,eu,Mandela,Nelson Mandela ikonoarena,dico_phrasis_0001725__eu-eu__original,BACKWARD_ENTAILMENT
dico_phrasis_0001725__eu-eu__original,dico_phrasis_0001725,eu,eu,Nelson Mandela ikonoarena,Mandela,dico_phrasis_0001725__eu-eu__flipped,FORWARD_ENTAILMENT
dico_phrasis_0001728__eu-eu__flipped,dico_phrasis_0001728,eu,eu,Ipar Koreako ontzia,Ipar Koreako zamaontzia,dico_phrasis_0001728__eu-eu__original,BACKWARD_ENTAILMENT
dico_phrasis_0001728__eu-eu__original,dico_phrasis_0001728,eu,eu,Ipar Koreako zamaontzia,Ipar Koreako ontzia,dico_phrasis_0001728__eu-eu__flipped,FORWARD_ENTAILMENT
dico_phrasis_0001729__eu-eu__flipped,dico_phrasis_0001729,eu,eu,amildegi fiskala,amildegi fiskalari buruz,dico_phrasis_0001729__eu-eu__original,BACKWARD_ENTAILMENT
dico_phrasis_0001729__eu-eu__original,dico_phrasis_0001729,eu,eu,amildegi fiskalari buruz,amildegi fiskala,dico_phrasis_0001729__eu-eu__flipped,FORWARD_ENTAILMENT
dico_phrasis_0001730__eu-eu__flipped,dico_phrasis_0001730,eu,eu,Bi bonba bakarrik,Bonbak,dico_phrasis_0001730__eu-eu__original,BACKWARD_ENTAILMENT
dico_phrasis_0001730__eu-eu__original,dico_phrasis_0001730,eu,eu,Bonbak,Bi bonba bakarrik,dico_phrasis_0001730__eu-eu__flipped,FORWARD_ENTAILMENT
dico_phrasis_0001732__eu-eu__flipped,dico_phrasis_0001732,eu,eu,Iraken,Irak iparraldean,dico_phrasis_0001732__eu-eu__original,BACKWARD_ENTAILMENT
dico_phrasis_0001732__eu-eu__original,dico_phrasis_0001732,eu,eu,Irak iparraldean,Iraken,dico_phrasis_0001732__eu-eu__flipped,FORWARD_ENTAILMENT
dico_phrasis_0001733__eu-eu__flipped,dico_phrasis_0001733,eu,eu,Oklahoma City ingurua,Oklahoma City aldera,dico_phrasis_0001733__eu-eu__original,BACKWARD_ENTAILMENT
dico_phrasis_0001733__eu-eu__original,dico_phrasis_0001733,eu,eu,Oklahoma City aldera,Oklahoma City ingurua,dico_phrasis_0001733__eu-eu__flipped,FORWARD_ENTAILMENT
dico_phrasis_0001734__eu-eu__flipped,dico_phrasis_0001734,eu,eu,Bangladesheko fabrikan,Bangladesheko fabrika-sutean,dico_phrasis_0001734__eu-eu__original,BACKWARD_ENTAILMENT
dico_phrasis_0001734__eu-eu__original,dico_phrasis_0001734,eu,eu,Bangladesheko fabrika-sutean,Bangladesheko fabrikan,dico_phrasis_0001734__eu-eu__flipped,FORWARD_ENTAILMENT
dico_phrasis_0001735__eu-eu__flipped,dico_phrasis_0001735,eu,eu,Pakistanen,Pakistango hego-mendebaldean,dico_phrasis_0001735__eu-eu__original,BACKWARD_ENTAILMENT
dico_phrasis_0001735__eu-eu__original,dico_phrasis_0001735,eu,eu,Pakistango hego-mendebaldean,Pakistanen,dico_phrasis_0001735__eu-eu__flipped,FORWARD_ENTAILMENT
dico_phrasis_0001736__eu-eu__flipped,dico_phrasis_0001736,eu,eu,11 desagertuta,40 desagertuta,dico_phrasis_0001736__eu-eu__original,BACKWARD_ENTAILMENT
dico_phrasis_0001736__eu-eu__original,dico_phrasis_0001736,eu,eu,40 desagertuta,11 desagertuta,dico_phrasis_0001736__eu-eu__flipped,FORWARD_ENTAILMENT
dico_phrasis_0001737__eu-eu__flipped,dico_phrasis_0001737,eu,eu,Gutxienez 47,Gutxienez 66,dico_phrasis_0001737__eu-eu__original,BACKWARD_ENTAILMENT
dico_phrasis_0001737__eu-eu__original,dico_phrasis_0001737,eu,eu,Gutxienez 66,Gutxienez 47,dico_phrasis_0001737__eu-eu__flipped,FORWARD_ENTAILMENT
dico_phrasis_0001738__eu-eu__flipped,dico_phrasis_0001738,eu,eu,beste 26 preso palestinar,preso palestinarrak,dico_phrasis_0001738__eu-eu__original,BACKWARD_ENTAILMENT
dico_phrasis_0001738__eu-eu__original,dico_phrasis_0001738,eu,eu,preso palestinarrak,beste 26 preso palestinar,dico_phrasis_0001738__eu-eu__flipped,FORWARD_ENTAILMENT
dico_phrasis_0001740__eu-eu__flipped,dico_phrasis_0001740,eu,eu,zelai berde batean,zelai berde oparo batean,dico_phrasis_0001740__eu-eu__original,BACKWARD_ENTAILMENT
dico_phrasis_0001740__eu-eu__original,dico_phrasis_0001740,eu,eu,zelai berde oparo batean,zelai berde batean,dico_phrasis_0001740__eu-eu__flipped,FORWARD_ENTAILMENT
dico_phrasis_0001741__eu-eu__flipped,dico_phrasis_0001741,eu,eu,Behia,Behi beltza,dico_phrasis_0001741__eu-eu__original,BACKWARD_ENTAILMENT
dico_phrasis_0001741__eu-eu__original,dico_phrasis_0001741,eu,eu,Behi beltza,Behia,dico_phrasis_0001741__eu-eu__flipped,FORWARD_ENTAILMENT
dico_phrasis_0001745__eu-eu__flipped,dico_phrasis_0001745,eu,eu,Neska gazte bat,Neska ilehori gazte bat,dico_phrasis_0001745__eu-eu__original,BACKWARD_ENTAILMENT
dico_phrasis_0001745__eu-eu__original,dico_phrasis_0001745,eu,eu,Neska ilehori gazte bat,Neska gazte bat,dico_phrasis_0001745__eu-eu__flipped,FORWARD_ENTAILMENT
dico_phrasis_0001746__eu-eu__flipped,dico_phrasis_0001746,eu,eu,kalean,oinezkoentzako espaloi batean,dico_phrasis_0001746__eu-eu__original,BACKWARD_ENTAILMENT
dico_phrasis_0001746__eu-eu__original,dico_phrasis_0001746,eu,eu,oinezkoentzako espaloi batean,kalean,dico_phrasis_0001746__eu-eu__flipped,FORWARD_ENTAILMENT
dico_phrasis_0001747__eu-eu__flipped,dico_phrasis_0001747,eu,eu,Bi emakume,Emakume asiar bat eta okasio bateko emakume bat,dico_phrasis_0001747__eu-eu__original,BACKWARD_ENTAILMENT
dico_phrasis_0001747__eu-eu__original,dico_phrasis_0001747,eu,eu,Emakume asiar bat eta okasio bateko emakume bat,Bi emakume,dico_phrasis_0001747__eu-eu__flipped,FORWARD_ENTAILMENT
dico_phrasis_0001753__eu-eu__flipped,dico_phrasis_0001753,eu,eu,mahai baten azpian,mahai txiki baten azpian,dico_phrasis_0001753__eu-eu__original,BACKWARD_ENTAILMENT
dico_phrasis_0001753__eu-eu__original,dico_phrasis_0001753,eu,eu,mahai txiki baten azpian,mahai baten azpian,dico_phrasis_0001753__eu-eu__flipped,FORWARD_ENTAILMENT
dico_phrasis_0001754__eu-eu__flipped,dico_phrasis_0001754,eu,eu,Belaontzi bat,Lau bela dituen ontzi bat,dico_phrasis_0001754__eu-eu__original,BACKWARD_ENTAILMENT
dico_phrasis_0001754__eu-eu__original,dico_phrasis_0001754,eu,eu,Lau bela dituen ontzi bat,Belaontzi bat,dico_phrasis_0001754__eu-eu__flipped,FORWARD_ENTAILMENT
dico_phrasis_0001758__eu-eu__flipped,dico_phrasis_0001758,eu,eu,Gizona,Aita bat,dico_phrasis_0001758__eu-eu__original,BACKWARD_ENTAILMENT
dico_phrasis_0001758__eu-eu__original,dico_phrasis_0001758,eu,eu,Aita bat,Gizona,dico_phrasis_0001758__eu-eu__flipped,FORWARD_ENTAILMENT
dico_phrasis_0001759__eu-eu__flipped,dico_phrasis_0001759,eu,eu,vikingo-kasko bat,vikingo-kasko batekin,dico_phrasis_0001759__eu-eu__original,BACKWARD_ENTAILMENT
dico_phrasis_0001759__eu-eu__original,dico_phrasis_0001759,eu,eu,vikingo-kasko batekin,vikingo-kasko bat,dico_phrasis_0001759__eu-eu__flipped,FORWARD_ENTAILMENT
dico_phrasis_0001760__eu-eu__flipped,dico_phrasis_0001760,eu,eu,lurrean,aulki baten azpian,dico_phrasis_0001760__eu-eu__original,BACKWARD_ENTAILMENT
dico_phrasis_0001760__eu-eu__original,dico_phrasis_0001760,eu,eu,aulki baten azpian,lurrean,dico_phrasis_0001760__eu-eu__flipped,FORWARD_ENTAILMENT
dico_phrasis_0001761__eu-eu__flipped,dico_phrasis_0001761,eu,eu,Katu zuri bat,Katu zuri txiki bat,dico_phrasis_0001761__eu-eu__original,BACKWARD_ENTAILMENT
dico_phrasis_0001761__eu-eu__original,dico_phrasis_0001761,eu,eu,Katu zuri txiki bat,Katu zuri bat,dico_phrasis_0001761__eu-eu__flipped,FORWARD_ENTAILMENT
dico_phrasis_0001762__eu-eu__flipped,dico_phrasis_0001762,eu,eu,adarretan,zuhaitz baten adar biluzien artean,dico_phrasis_0001762__eu-eu__original,BACKWARD_ENTAILMENT
dico_phrasis_0001762__eu-eu__original,dico_phrasis_0001762,eu,eu,zuhaitz baten adar biluzien artean,adarretan,dico_phrasis_0001762__eu-eu__flipped,FORWARD_ENTAILMENT
dico_phrasis_0001763__eu-eu__flipped,dico_phrasis_0001763,eu,eu,larrean,larre berde batean,dico_phrasis_0001763__eu-eu__original,BACKWARD_ENTAILMENT
dico_phrasis_0001763__eu-eu__original,dico_phrasis_0001763,eu,eu,larre berde batean,larrean,dico_phrasis_0001763__eu-eu__flipped,FORWARD_ENTAILMENT
dico_phrasis_0001765__eu-eu__flipped,dico_phrasis_0001765,eu,eu,dira,arraunean ari dira,dico_phrasis_0001765__eu-eu__original,BACKWARD_ENTAILMENT
dico_phrasis_0001765__eu-eu__original,dico_phrasis_0001765,eu,eu,arraunean ari dira,dira,dico_phrasis_0001765__eu-eu__flipped,FORWARD_ENTAILMENT
dico_phrasis_0001766__eu-eu__flipped,dico_phrasis_0001766,eu,eu,Hegazkin bat,Bi hegazkin,dico_phrasis_0001766__eu-eu__original,BACKWARD_ENTAILMENT
dico_phrasis_0001766__eu-eu__original,dico_phrasis_0001766,eu,eu,Bi hegazkin,Hegazkin bat,dico_phrasis_0001766__eu-eu__flipped,FORWARD_ENTAILMENT
dico_phrasis_0001767__eu-eu__flipped,dico_phrasis_0001767,eu,eu,aurpegi beltzeko ardi bat,aurpegi beltzeko ardiena,dico_phrasis_0001767__eu-eu__original,BACKWARD_ENTAILMENT
dico_phrasis_0001767__eu-eu__original,dico_phrasis_0001767,eu,eu,aurpegi beltzeko ardiena,aurpegi beltzeko ardi bat,dico_phrasis_0001767__eu-eu__flipped,FORWARD_ENTAILMENT
dico_phrasis_0001770__eu-eu__flipped,dico_phrasis_0001770,eu,eu,hegan,hegaldiaren erdian,dico_phrasis_0001770__eu-eu__original,BACKWARD_ENTAILMENT
dico_phrasis_0001770__eu-eu__original,dico_phrasis_0001770,eu,eu,hegaldiaren erdian,hegan,dico_phrasis_0001770__eu-eu__flipped,FORWARD_ENTAILMENT
dico_phrasis_0001771__eu-eu__flipped,dico_phrasis_0001771,eu,eu,Bost behi,Behiak,dico_phrasis_0001771__eu-eu__original,BACKWARD_ENTAILMENT
dico_phrasis_0001771__eu-eu__original,dico_phrasis_0001771,eu,eu,Behiak,Bost behi,dico_phrasis_0001771__eu-eu__flipped,FORWARD_ENTAILMENT
dico_phrasis_0001774__eu-eu__flipped,dico_phrasis_0001774,eu,eu,lau ordenagailu-monitorerekin,hainbat ordenagailu-monitorerekin,dico_phrasis_0001774__eu-eu__original,BACKWARD_ENTAILMENT
dico_phrasis_0001774__eu-eu__original,dico_phrasis_0001774,eu,eu,hainbat ordenagailu-monitorerekin,lau ordenagailu-monitorerekin,dico_phrasis_0001774__eu-eu__flipped,FORWARD_ENTAILMENT
dico_phrasis_0001775__eu-eu__flipped,dico_phrasis_0001775,eu,eu,eranskailuekin,eranskailu askorekin,dico_phrasis_0001775__eu-eu__original,BACKWARD_ENTAILMENT
dico_phrasis_0001775__eu-eu__original,dico_phrasis_0001775,eu,eu,eranskailu askorekin,eranskailuekin,dico_phrasis_0001775__eu-eu__flipped,FORWARD_ENTAILMENT
dico_phrasis_0001776__eu-eu__flipped,dico_phrasis_0001776,eu,eu,seinale baten,STOP seinale baten,dico_phrasis_0001776__eu-eu__original,BACKWARD_ENTAILMENT
dico_phrasis_0001776__eu-eu__original,dico_phrasis_0001776,eu,eu,STOP seinale baten,seinale baten,dico_phrasis_0001776__eu-eu__flipped,FORWARD_ENTAILMENT
dico_phrasis_0001777__eu-eu__flipped,dico_phrasis_0001777,eu,eu,Egongela,Egongela edo atseden-gela,dico_phrasis_0001777__eu-eu__original,BACKWARD_ENTAILMENT
dico_phrasis_0001777__eu-eu__original,dico_phrasis_0001777,eu,eu,Egongela edo atseden-gela,Egongela,dico_phrasis_0001777__eu-eu__flipped,FORWARD_ENTAILMENT
dico_phrasis_0001779__eu-eu__flipped,dico_phrasis_0001779,eu,eu,kalea,Ingalaterrako kale bat,dico_phrasis_0001779__eu-eu__original,BACKWARD_ENTAILMENT
dico_phrasis_0001779__eu-eu__original,dico_phrasis_0001779,eu,eu,Ingalaterrako kale bat,kalea,dico_phrasis_0001779__eu-eu__flipped,FORWARD_ENTAILMENT
dico_phrasis_0001780__eu-eu__flipped,dico_phrasis_0001780,eu,eu,zurezko armairuekin eta altzariekin,zurezko armairuekin eta jangelako mahai batekin,dico_phrasis_0001780__eu-eu__original,BACKWARD_ENTAILMENT
dico_phrasis_0001780__eu-eu__original,dico_phrasis_0001780,eu,eu,zurezko armairuekin eta jangelako mahai batekin,zurezko armairuekin eta altzariekin,dico_phrasis_0001780__eu-eu__flipped,FORWARD_ENTAILMENT
dico_phrasis_0001782__eu-eu__flipped,dico_phrasis_0001782,eu,eu,adar batean,izotzez estalitako adar batean,dico_phrasis_0001782__eu-eu__original,BACKWARD_ENTAILMENT
dico_phrasis_0001782__eu-eu__original,dico_phrasis_0001782,eu,eu,izotzez estalitako adar batean,adar batean,dico_phrasis_0001782__eu-eu__flipped,FORWARD_ENTAILMENT
dico_phrasis_0001783__eu-eu__flipped,dico_phrasis_0001783,eu,eu,kanoa hori bat,kanoa hori batean,dico_phrasis_0001783__eu-eu__original,BACKWARD_ENTAILMENT
dico_phrasis_0001783__eu-eu__original,dico_phrasis_0001783,eu,eu,kanoa hori batean,kanoa hori bat,dico_phrasis_0001783__eu-eu__flipped,FORWARD_ENTAILMENT
dico_phrasis_0001784__eu-eu__flipped,dico_phrasis_0001784,eu,eu,bi solairuko autobus gorri bat,United konpainiako bi solairuko autobus gorri bat,dico_phrasis_0001784__eu-eu__original,BACKWARD_ENTAILMENT
dico_phrasis_0001784__eu-eu__original,dico_phrasis_0001784,eu,eu,United konpainiako bi solairuko autobus gorri bat,bi solairuko autobus gorri bat,dico_phrasis_0001784__eu-eu__flipped,FORWARD_ENTAILMENT
dico_phrasis_0001785__eu-eu__flipped,dico_phrasis_0001785,eu,eu,Bi pertsona,Pertsona talde bat,dico_phrasis_0001785__eu-eu__original,BACKWARD_ENTAILMENT
dico_phrasis_0001785__eu-eu__original,dico_phrasis_0001785,eu,eu,Pertsona talde bat,Bi pertsona,dico_phrasis_0001785__eu-eu__flipped,FORWARD_ENTAILMENT
dico_phrasis_0001786__eu-eu__flipped,dico_phrasis_0001786,eu,eu,Bi behi,Bi esne-behi,dico_phrasis_0001786__eu-eu__original,BACKWARD_ENTAILMENT
dico_phrasis_0001786__eu-eu__original,dico_phrasis_0001786,eu,eu,Bi esne-behi,Bi behi,dico_phrasis_0001786__eu-eu__flipped,FORWARD_ENTAILMENT
dico_phrasis_0001787__eu-eu__flipped,dico_phrasis_0001787,eu,eu,Zilar-koloreko trena,Zilar-koloreko lokomotora handi bat,dico_phrasis_0001787__eu-eu__original,BACKWARD_ENTAILMENT
dico_phrasis_0001787__eu-eu__original,dico_phrasis_0001787,eu,eu,Zilar-koloreko lokomotora handi bat,Zilar-koloreko trena,dico_phrasis_0001787__eu-eu__flipped,FORWARD_ENTAILMENT
dico_phrasis_0001788__eu-eu__flipped,dico_phrasis_0001788,eu,eu,eraikin baten aurrean,apartamentu-eraikin baten aurrean,dico_phrasis_0001788__eu-eu__original,BACKWARD_ENTAILMENT
dico_phrasis_0001788__eu-eu__original,dico_phrasis_0001788,eu,eu,apartamentu-eraikin baten aurrean,eraikin baten aurrean,dico_phrasis_0001788__eu-eu__flipped,FORWARD_ENTAILMENT
dico_phrasis_0001789__eu-eu__flipped,dico_phrasis_0001789,eu,eu,Gurutzaldi-ontzi handia,Gurutzaldi-ontzi zuri handia,dico_phrasis_0001789__eu-eu__original,BACKWARD_ENTAILMENT
dico_phrasis_0001789__eu-eu__original,dico_phrasis_0001789,eu,eu,Gurutzaldi-ontzi zuri handia,Gurutzaldi-ontzi handia,dico_phrasis_0001789__eu-eu__flipped,FORWARD_ENTAILMENT
dico_phrasis_0001790__eu-eu__flipped,dico_phrasis_0001790,eu,eu,Txori bat,Txori urdin bat,dico_phrasis_0001790__eu-eu__original,BACKWARD_ENTAILMENT
dico_phrasis_0001790__eu-eu__original,dico_phrasis_0001790,eu,eu,Txori urdin bat,Txori bat,dico_phrasis_0001790__eu-eu__flipped,FORWARD_ENTAILMENT
dico_phrasis_0001791__eu-eu__flipped,dico_phrasis_0001791,eu,eu,…ren eskularrudun eskua,eskularrudun eskuaren gainean,dico_phrasis_0001791__eu-eu__original,BACKWARD_ENTAILMENT
dico_phrasis_0001791__eu-eu__original,dico_phrasis_0001791,eu,eu,eskularrudun eskuaren gainean,…ren eskularrudun eskua,dico_phrasis_0001791__eu-eu__flipped,FORWARD_ENTAILMENT
dico_phrasis_0001792__eu-eu__flipped,dico_phrasis_0001792,eu,eu,zaldi marroi bat,zaldi marroi eta zuri bat,dico_phrasis_0001792__eu-eu__original,BACKWARD_ENTAILMENT
dico_phrasis_0001792__eu-eu__original,dico_phrasis_0001792,eu,eu,zaldi marroi eta zuri bat,zaldi marroi bat,dico_phrasis_0001792__eu-eu__flipped,FORWARD_ENTAILMENT
dico_phrasis_0001793__eu-eu__flipped,dico_phrasis_0001793,eu,eu,Txakur beltz bat,Txakur beltz eta kanela-koloreko bat,dico_phrasis_0001793__eu-eu__original,BACKWARD_ENTAILMENT
dico_phrasis_0001793__eu-eu__original,dico_phrasis_0001793,eu,eu,Txakur beltz eta kanela-koloreko bat,Txakur beltz bat,dico_phrasis_0001793__eu-eu__flipped,FORWARD_ENTAILMENT
dico_phrasis_0001795__eu-eu__flipped,dico_phrasis_0001795,eu,eu,mahai batean,mahai luze batean,dico_phrasis_0001795__eu-eu__original,BACKWARD_ENTAILMENT
dico_phrasis_0001795__eu-eu__original,dico_phrasis_0001795,eu,eu,mahai luze batean,mahai batean,dico_phrasis_0001795__eu-eu__flipped,FORWARD_ENTAILMENT
dico_phrasis_0001796__eu-eu__flipped,dico_phrasis_0001796,eu,eu,zaldi batena,zaldi marroi batena,dico_phrasis_0001796__eu-eu__original,BACKWARD_ENTAILMENT
dico_phrasis_0001796__eu-eu__original,dico_phrasis_0001796,eu,eu,zaldi marroi batena,zaldi batena,dico_phrasis_0001796__eu-eu__flipped,FORWARD_ENTAILMENT
dico_phrasis_0001797__eu-eu__flipped,dico_phrasis_0001797,eu,eu,pista,bere pistan,dico_phrasis_0001797__eu-eu__original,BACKWARD_ENTAILMENT
dico_phrasis_0001797__eu-eu__original,dico_phrasis_0001797,eu,eu,bere pistan,pista,dico_phrasis_0001797__eu-eu__flipped,FORWARD_ENTAILMENT
dico_phrasis_0001798__eu-eu__flipped,dico_phrasis_0001798,eu,eu,Bi solairuko autobus bat,United konpainiako bi solairuko autobus gorri bat,dico_phrasis_0001798__eu-eu__original,BACKWARD_ENTAILMENT
dico_phrasis_0001798__eu-eu__original,dico_phrasis_0001798,eu,eu,United konpainiako bi solairuko autobus gorri bat,Bi solairuko autobus bat,dico_phrasis_0001798__eu-eu__flipped,FORWARD_ENTAILMENT
dico_phrasis_0001799__eu-eu__flipped,dico_phrasis_0001799,eu,eu,Emakume bat,Neska gazte bat,dico_phrasis_0001799__eu-eu__original,BACKWARD_ENTAILMENT
dico_phrasis_0001799__eu-eu__original,dico_phrasis_0001799,eu,eu,Neska gazte bat,Emakume bat,dico_phrasis_0001799__eu-eu__flipped,FORWARD_ENTAILMENT
dico_phrasis_0001803__eu-eu__flipped,dico_phrasis_0001803,eu,eu,soineko urdin bat jantzita,soineko zuzen urdin bat jantzita,dico_phrasis_0001803__eu-eu__original,BACKWARD_ENTAILMENT
dico_phrasis_0001803__eu-eu__original,dico_phrasis_0001803,eu,eu,soineko zuzen urdin bat jantzita,soineko urdin bat jantzita,dico_phrasis_0001803__eu-eu__flipped,FORWARD_ENTAILMENT
dico_phrasis_0001804__eu-eu__flipped,dico_phrasis_0001804,eu,eu,Bi lagun,Ile marroiko bi neska,dico_phrasis_0001804__eu-eu__original,BACKWARD_ENTAILMENT
dico_phrasis_0001804__eu-eu__original,dico_phrasis_0001804,eu,eu,Ile marroiko bi neska,Bi lagun,dico_phrasis_0001804__eu-eu__flipped,FORWARD_ENTAILMENT
dico_phrasis_0001805__eu-eu__flipped,dico_phrasis_0001805,eu,eu,tandem bizikleta baten,tandem bizikleta gorri baten,dico_phrasis_0001805__eu-eu__original,BACKWARD_ENTAILMENT
dico_phrasis_0001805__eu-eu__original,dico_phrasis_0001805,eu,eu,tandem bizikleta gorri baten,tandem bizikleta baten,dico_phrasis_0001805__eu-eu__flipped,FORWARD_ENTAILMENT
dico_phrasis_0001806__eu-eu__flipped,dico_phrasis_0001806,eu,eu,atzealdean,atzeko eserlekuan,dico_phrasis_0001806__eu-eu__original,BACKWARD_ENTAILMENT
dico_phrasis_0001806__eu-eu__original,dico_phrasis_0001806,eu,eu,atzeko eserlekuan,atzealdean,dico_phrasis_0001806__eu-eu__flipped,FORWARD_ENTAILMENT
dico_phrasis_0001807__eu-eu__flipped,dico_phrasis_0001807,eu,eu,horma berde biziekin,horma berde bizi eta artelanekin,dico_phrasis_0001807__eu-eu__original,BACKWARD_ENTAILMENT
dico_phrasis_0001807__eu-eu__original,dico_phrasis_0001807,eu,eu,horma berde bizi eta artelanekin,horma berde biziekin,dico_phrasis_0001807__eu-eu__flipped,FORWARD_ENTAILMENT
dico_phrasis_0001808__eu-eu__flipped,dico_phrasis_0001808,eu,eu,mahai-zapi urdin batekin,mahai-zapi urdinez estalitako jangelako mahaiaren gainean,dico_phrasis_0001808__eu-eu__original,BACKWARD_ENTAILMENT
dico_phrasis_0001808__eu-eu__original,dico_phrasis_0001808,eu,eu,mahai-zapi urdinez estalitako jangelako mahaiaren gainean,mahai-zapi urdin batekin,dico_phrasis_0001808__eu-eu__flipped,FORWARD_ENTAILMENT
dico_phrasis_0001809__eu-eu__flipped,dico_phrasis_0001809,eu,eu,Katua,Katu gris bat,dico_phrasis_0001809__eu-eu__original,BACKWARD_ENTAILMENT
dico_phrasis_0001809__eu-eu__original,dico_phrasis_0001809,eu,eu,Katu gris bat,Katua,dico_phrasis_0001809__eu-eu__flipped,FORWARD_ENTAILMENT
dico_phrasis_0001810__eu-eu__flipped,dico_phrasis_0001810,eu,eu,Ardi bat,Ardi zuria,dico_phrasis_0001810__eu-eu__original,BACKWARD_ENTAILMENT
dico_phrasis_0001810__eu-eu__original,dico_phrasis_0001810,eu,eu,Ardi zuria,Ardi bat,dico_phrasis_0001810__eu-eu__flipped,FORWARD_ENTAILMENT
dico_phrasis_0001811__eu-eu__flipped,dico_phrasis_0001811,eu,eu,Egongela bat,egongela bateko,dico_phrasis_0001811__eu-eu__original,BACKWARD_ENTAILMENT
dico_phrasis_0001811__eu-eu__original,dico_phrasis_0001811,eu,eu,egongela bateko,Egongela bat,dico_phrasis_0001811__eu-eu__flipped,FORWARD_ENTAILMENT
dico_phrasis_0001812__eu-eu__flipped,dico_phrasis_0001812,eu,eu,kasko bat,bizikleta-kasko bat,dico_phrasis_0001812__eu-eu__original,BACKWARD_ENTAILMENT
dico_phrasis_0001812__eu-eu__original,dico_phrasis_0001812,eu,eu,bizikleta-kasko bat,kasko bat,dico_phrasis_0001812__eu-eu__flipped,FORWARD_ENTAILMENT
dico_phrasis_0001813__eu-eu__flipped,dico_phrasis_0001813,eu,eu,zaldi baten gainean,zaldiaren gainean,dico_phrasis_0001813__eu-eu__original,BACKWARD_ENTAILMENT
dico_phrasis_0001813__eu-eu__original,dico_phrasis_0001813,eu,eu,zaldiaren gainean,zaldi baten gainean,dico_phrasis_0001813__eu-eu__flipped,FORWARD_ENTAILMENT
dico_phrasis_0001814__eu-eu__flipped,dico_phrasis_0001814,eu,eu,Motorzale bat,Gizon bat motozikleta baten gainean,dico_phrasis_0001814__eu-eu__original,BACKWARD_ENTAILMENT
dico_phrasis_0001814__eu-eu__original,dico_phrasis_0001814,eu,eu,Gizon bat motozikleta baten gainean,Motorzale bat,dico_phrasis_0001814__eu-eu__flipped,FORWARD_ENTAILMENT
dico_phrasis_0001815__eu-eu__flipped,dico_phrasis_0001815,eu,eu,Arkume zuri bat,Arkume zuri txikia,dico_phrasis_0001815__eu-eu__original,BACKWARD_ENTAILMENT
dico_phrasis_0001815__eu-eu__original,dico_phrasis_0001815,eu,eu,Arkume zuri txikia,Arkume zuri bat,dico_phrasis_0001815__eu-eu__flipped,FORWARD_ENTAILMENT
dico_phrasis_0001816__eu-eu__flipped,dico_phrasis_0001816,eu,eu,Emakumea,Emakume gaztea,dico_phrasis_0001816__eu-eu__original,BACKWARD_ENTAILMENT
dico_phrasis_0001816__eu-eu__original,dico_phrasis_0001816,eu,eu,Emakume gaztea,Emakumea,dico_phrasis_0001816__eu-eu__flipped,FORWARD_ENTAILMENT
dico_phrasis_0001819__eu-eu__flipped,dico_phrasis_0001819,eu,eu,Neska gazte bat,Neska ilehori gazte bat,dico_phrasis_0001819__eu-eu__original,BACKWARD_ENTAILMENT
dico_phrasis_0001819__eu-eu__original,dico_phrasis_0001819,eu,eu,Neska ilehori gazte bat,Neska gazte bat,dico_phrasis_0001819__eu-eu__flipped,FORWARD_ENTAILMENT
dico_phrasis_0001820__eu-eu__flipped,dico_phrasis_0001820,eu,eu,Txoria,Txori txiki bat,dico_phrasis_0001820__eu-eu__original,BACKWARD_ENTAILMENT
dico_phrasis_0001820__eu-eu__original,dico_phrasis_0001820,eu,eu,Txori txiki bat,Txoria,dico_phrasis_0001820__eu-eu__flipped,FORWARD_ENTAILMENT
dico_phrasis_0001821__eu-eu__flipped,dico_phrasis_0001821,eu,eu,Zaldi marroia,Bi zaldi marroi,dico_phrasis_0001821__eu-eu__original,BACKWARD_ENTAILMENT
dico_phrasis_0001821__eu-eu__original,dico_phrasis_0001821,eu,eu,Bi zaldi marroi,Zaldi marroia,dico_phrasis_0001821__eu-eu__flipped,FORWARD_ENTAILMENT
dico_phrasis_0001823__eu-eu__flipped,dico_phrasis_0001823,eu,eu,gauzekin,katiluekin,dico_phrasis_0001823__eu-eu__original,BACKWARD_ENTAILMENT
dico_phrasis_0001823__eu-eu__original,dico_phrasis_0001823,eu,eu,katiluekin,gauzekin,dico_phrasis_0001823__eu-eu__flipped,FORWARD_ENTAILMENT
dico_phrasis_0001824__eu-eu__flipped,dico_phrasis_0001824,eu,eu,zaldi zuri bat,zaldi zuri batekin,dico_phrasis_0001824__eu-eu__original,BACKWARD_ENTAILMENT
dico_phrasis_0001824__eu-eu__original,dico_phrasis_0001824,eu,eu,zaldi zuri batekin,zaldi zuri bat,dico_phrasis_0001824__eu-eu__flipped,FORWARD_ENTAILMENT
dico_phrasis_0001825__eu-eu__flipped,dico_phrasis_0001825,eu,eu,Gizon bat,Gizon zaharrago bat,dico_phrasis_0001825__eu-eu__original,BACKWARD_ENTAILMENT
dico_phrasis_0001825__eu-eu__original,dico_phrasis_0001825,eu,eu,Gizon zaharrago bat,Gizon bat,dico_phrasis_0001825__eu-eu__flipped,FORWARD_ENTAILMENT
dico_phrasis_0001826__eu-eu__flipped,dico_phrasis_0001826,eu,eu,hegazkin txiki bat,hegazkin txiki baten ondoan,dico_phrasis_0001826__eu-eu__original,BACKWARD_ENTAILMENT
dico_phrasis_0001826__eu-eu__original,dico_phrasis_0001826,eu,eu,hegazkin txiki baten ondoan,hegazkin txiki bat,dico_phrasis_0001826__eu-eu__flipped,FORWARD_ENTAILMENT
dico_phrasis_0001827__eu-eu__flipped,dico_phrasis_0001827,eu,eu,eskularrudun eskua,eskularrudun esku baten gainean,dico_phrasis_0001827__eu-eu__original,BACKWARD_ENTAILMENT
dico_phrasis_0001827__eu-eu__original,dico_phrasis_0001827,eu,eu,eskularrudun esku baten gainean,eskularrudun eskua,dico_phrasis_0001827__eu-eu__flipped,FORWARD_ENTAILMENT
dico_phrasis_0001829__eu-eu__flipped,dico_phrasis_0001829,eu,eu,Ziklomotor urdin bat,Scooter urdin bat,dico_phrasis_0001829__eu-eu__original,BACKWARD_ENTAILMENT
dico_phrasis_0001829__eu-eu__original,dico_phrasis_0001829,eu,eu,Scooter urdin bat,Ziklomotor urdin bat,dico_phrasis_0001829__eu-eu__flipped,FORWARD_ENTAILMENT
dico_phrasis_0001831__eu-eu__flipped,dico_phrasis_0001831,eu,eu,Pertsona bat,Emakume bat,dico_phrasis_0001831__eu-eu__original,BACKWARD_ENTAILMENT
dico_phrasis_0001831__eu-eu__original,dico_phrasis_0001831,eu,eu,Emakume bat,Pertsona bat,dico_phrasis_0001831__eu-eu__flipped,FORWARD_ENTAILMENT
dico_phrasis_0001832__eu-eu__flipped,dico_phrasis_0001832,eu,eu,Emakume bat,Bi emakume,dico_phrasis_0001832__eu-eu__original,BACKWARD_ENTAILMENT
dico_phrasis_0001832__eu-eu__original,dico_phrasis_0001832,eu,eu,Bi emakume,Emakume bat,dico_phrasis_0001832__eu-eu__flipped,FORWARD_ENTAILMENT
dico_phrasis_0001833__eu-eu__flipped,dico_phrasis_0001833,eu,eu,Trena,Bi tren,dico_phrasis_0001833__eu-eu__original,BACKWARD_ENTAILMENT
dico_phrasis_0001833__eu-eu__original,dico_phrasis_0001833,eu,eu,Bi tren,Trena,dico_phrasis_0001833__eu-eu__flipped,FORWARD_ENTAILMENT
dico_phrasis_0001835__eu-eu__flipped,dico_phrasis_0001835,eu,eu,mahai baten inguruan,jatetxe bateko mahai baten inguruan,dico_phrasis_0001835__eu-eu__original,BACKWARD_ENTAILMENT
dico_phrasis_0001835__eu-eu__original,dico_phrasis_0001835,eu,eu,jatetxe bateko mahai baten inguruan,mahai baten inguruan,dico_phrasis_0001835__eu-eu__flipped,FORWARD_ENTAILMENT
dico_phrasis_0001837__eu-eu__flipped,dico_phrasis_0001837,eu,eu,Zaldi marroi bat,Bi zaldi marroi,dico_phrasis_0001837__eu-eu__original,BACKWARD_ENTAILMENT
dico_phrasis_0001837__eu-eu__original,dico_phrasis_0001837,eu,eu,Bi zaldi marroi,Zaldi marroi bat,dico_phrasis_0001837__eu-eu__flipped,FORWARD_ENTAILMENT
dico_phrasis_0001838__eu-eu__flipped,dico_phrasis_0001838,eu,eu,Bost txori,Txori gorri bat eta beste lau txori,dico_phrasis_0001838__eu-eu__original,BACKWARD_ENTAILMENT
dico_phrasis_0001838__eu-eu__original,dico_phrasis_0001838,eu,eu,Txori gorri bat eta beste lau txori,Bost txori,dico_phrasis_0001838__eu-eu__flipped,FORWARD_ENTAILMENT
dico_phrasis_0001839__eu-eu__flipped,dico_phrasis_0001839,eu,eu,etzanda dago,lotan dago,dico_phrasis_0001839__eu-eu__original,BACKWARD_ENTAILMENT
dico_phrasis_0001839__eu-eu__original,dico_phrasis_0001839,eu,eu,lotan dago,etzanda dago,dico_phrasis_0001839__eu-eu__flipped,FORWARD_ENTAILMENT
dico_phrasis_0001840__eu-eu__flipped,dico_phrasis_0001840,eu,eu,Pertsona bat,Emakume bat,dico_phrasis_0001840__eu-eu__original,BACKWARD_ENTAILMENT
dico_phrasis_0001840__eu-eu__original,dico_phrasis_0001840,eu,eu,Emakume bat,Pertsona bat,dico_phrasis_0001840__eu-eu__flipped,FORWARD_ENTAILMENT
dico_phrasis_0001842__eu-eu__flipped,dico_phrasis_0001842,eu,eu,ziklomotorrak,motozikletetan,dico_phrasis_0001842__eu-eu__original,BACKWARD_ENTAILMENT
dico_phrasis_0001842__eu-eu__original,dico_phrasis_0001842,eu,eu,motozikletetan,ziklomotorrak,dico_phrasis_0001842__eu-eu__flipped,FORWARD_ENTAILMENT
dico_phrasis_0001843__eu-eu__flipped,dico_phrasis_0001843,eu,eu,kalea,kale batean,dico_phrasis_0001843__eu-eu__original,BACKWARD_ENTAILMENT
dico_phrasis_0001843__eu-eu__original,dico_phrasis_0001843,eu,eu,kale batean,kalea,dico_phrasis_0001843__eu-eu__flipped,FORWARD_ENTAILMENT
dico_phrasis_0001844__eu-eu__flipped,dico_phrasis_0001844,eu,eu,mahaian,afari-mahai batean,dico_phrasis_0001844__eu-eu__original,BACKWARD_ENTAILMENT
dico_phrasis_0001844__eu-eu__original,dico_phrasis_0001844,eu,eu,afari-mahai batean,mahaian,dico_phrasis_0001844__eu-eu__flipped,FORWARD_ENTAILMENT
dico_phrasis_0001845__eu-eu__flipped,dico_phrasis_0001845,eu,eu,zerbaitekin,bere koadernoaren gainean,dico_phrasis_0001845__eu-eu__original,BACKWARD_ENTAILMENT
dico_phrasis_0001845__eu-eu__original,dico_phrasis_0001845,eu,eu,bere koadernoaren gainean,zerbaitekin,dico_phrasis_0001845__eu-eu__flipped,FORWARD_ENTAILMENT
dico_phrasis_0001849__eu-eu__flipped,dico_phrasis_0001849,eu,eu,Bi solairuko autobus bat,Bi solairuko autobus gorri bat,dico_phrasis_0001849__eu-eu__original,BACKWARD_ENTAILMENT
dico_phrasis_0001849__eu-eu__original,dico_phrasis_0001849,eu,eu,Bi solairuko autobus gorri bat,Bi solairuko autobus bat,dico_phrasis_0001849__eu-eu__flipped,FORWARD_ENTAILMENT
dico_phrasis_0001850__eu-eu__flipped,dico_phrasis_0001850,eu,eu,eserita,eserita daude,dico_phrasis_0001850__eu-eu__original,BACKWARD_ENTAILMENT
dico_phrasis_0001850__eu-eu__original,dico_phrasis_0001850,eu,eu,eserita daude,eserita,dico_phrasis_0001850__eu-eu__flipped,FORWARD_ENTAILMENT
dico_phrasis_0001851__eu-eu__flipped,dico_phrasis_0001851,eu,eu,Gela,Etxeko bulego bat,dico_phrasis_0001851__eu-eu__original,BACKWARD_ENTAILMENT
dico_phrasis_0001851__eu-eu__original,dico_phrasis_0001851,eu,eu,Etxeko bulego bat,Gela,dico_phrasis_0001851__eu-eu__flipped,FORWARD_ENTAILMENT
dico_phrasis_0001852__eu-eu__flipped,dico_phrasis_0001852,eu,eu,Txori txiki bat,Kaioa,dico_phrasis_0001852__eu-eu__original,BACKWARD_ENTAILMENT
dico_phrasis_0001852__eu-eu__original,dico_phrasis_0001852,eu,eu,Kaioa,Txori txiki bat,dico_phrasis_0001852__eu-eu__flipped,FORWARD_ENTAILMENT
dico_phrasis_0001853__eu-eu__flipped,dico_phrasis_0001853,eu,eu,eraikin baten aurrean,apartamentu-eraikin baten aurrean,dico_phrasis_0001853__eu-eu__original,BACKWARD_ENTAILMENT
dico_phrasis_0001853__eu-eu__original,dico_phrasis_0001853,eu,eu,apartamentu-eraikin baten aurrean,eraikin baten aurrean,dico_phrasis_0001853__eu-eu__flipped,FORWARD_ENTAILMENT
dico_phrasis_0001854__eu-eu__flipped,dico_phrasis_0001854,eu,eu,Behi beltz bat eta behi marroi bat,Behi beltz eta zuriak,dico_phrasis_0001854__eu-eu__original,BACKWARD_ENTAILMENT
dico_phrasis_0001854__eu-eu__original,dico_phrasis_0001854,eu,eu,Behi beltz eta zuriak,Behi beltz bat eta behi marroi bat,dico_phrasis_0001854__eu-eu__flipped,FORWARD_ENTAILMENT
dico_phrasis_0001855__eu-eu__flipped,dico_phrasis_0001855,eu,eu,Lehen planoko irudi bat,Lehen planoko argazki distortsionatu bat,dico_phrasis_0001855__eu-eu__original,BACKWARD_ENTAILMENT
dico_phrasis_0001855__eu-eu__original,dico_phrasis_0001855,eu,eu,Lehen planoko argazki distortsionatu bat,Lehen planoko irudi bat,dico_phrasis_0001855__eu-eu__flipped,FORWARD_ENTAILMENT
dico_phrasis_0001859__eu-eu__flipped,dico_phrasis_0001859,eu,eu,gela batean,egongela batean,dico_phrasis_0001859__eu-eu__original,BACKWARD_ENTAILMENT
dico_phrasis_0001859__eu-eu__original,dico_phrasis_0001859,eu,eu,egongela batean,gela batean,dico_phrasis_0001859__eu-eu__flipped,FORWARD_ENTAILMENT
dico_phrasis_0001860__eu-eu__flipped,dico_phrasis_0001860,eu,eu,pertsonen,pertsona beltzen,dico_phrasis_0001860__eu-eu__original,BACKWARD_ENTAILMENT
dico_phrasis_0001860__eu-eu__original,dico_phrasis_0001860,eu,eu,pertsona beltzen,pertsonen,dico_phrasis_0001860__eu-eu__flipped,FORWARD_ENTAILMENT
dico_phrasis_0001861__eu-eu__flipped,dico_phrasis_0001861,eu,eu,Txakur zuria,Txakur zuri txiki bat,dico_phrasis_0001861__eu-eu__original,BACKWARD_ENTAILMENT
dico_phrasis_0001861__eu-eu__original,dico_phrasis_0001861,eu,eu,Txakur zuri txiki bat,Txakur zuria,dico_phrasis_0001861__eu-eu__flipped,FORWARD_ENTAILMENT
dico_phrasis_0001863__eu-eu__flipped,dico_phrasis_0001863,eu,eu,iturri baten aurrean,iturri handi baten aurrean,dico_phrasis_0001863__eu-eu__original,BACKWARD_ENTAILMENT
dico_phrasis_0001863__eu-eu__original,dico_phrasis_0001863,eu,eu,iturri handi baten aurrean,iturri baten aurrean,dico_phrasis_0001863__eu-eu__flipped,FORWARD_ENTAILMENT
dico_phrasis_0001864__eu-eu__flipped,dico_phrasis_0001864,eu,eu,katu baten,katu gris baten,dico_phrasis_0001864__eu-eu__original,BACKWARD_ENTAILMENT
dico_phrasis_0001864__eu-eu__original,dico_phrasis_0001864,eu,eu,katu gris baten,katu baten,dico_phrasis_0001864__eu-eu__flipped,FORWARD_ENTAILMENT
dico_phrasis_0001865__eu-eu__flipped,dico_phrasis_0001865,eu,eu,Bi behi zuri-beltz,Behi zuri-beltzak,dico_phrasis_0001865__eu-eu__original,BACKWARD_ENTAILMENT
dico_phrasis_0001865__eu-eu__original,dico_phrasis_0001865,eu,eu,Behi zuri-beltzak,Bi behi zuri-beltz,dico_phrasis_0001865__eu-eu__flipped,FORWARD_ENTAILMENT
dico_phrasis_0001866__eu-eu__flipped,dico_phrasis_0001866,eu,eu,elurrez estalitako baso batean barrena,elurrez estalitako basoetan barrena,dico_phrasis_0001866__eu-eu__original,BACKWARD_ENTAILMENT
dico_phrasis_0001866__eu-eu__original,dico_phrasis_0001866,eu,eu,elurrez estalitako basoetan barrena,elurrez estalitako baso batean barrena,dico_phrasis_0001866__eu-eu__flipped,FORWARD_ENTAILMENT
dico_phrasis_0001867__eu-eu__flipped,dico_phrasis_0001867,eu,eu,Pantaila lauko telebista bat,Pantaila lauko telebista beltz bat,dico_phrasis_0001867__eu-eu__original,BACKWARD_ENTAILMENT
dico_phrasis_0001867__eu-eu__original,dico_phrasis_0001867,eu,eu,Pantaila lauko telebista beltz bat,Pantaila lauko telebista bat,dico_phrasis_0001867__eu-eu__flipped,FORWARD_ENTAILMENT
dico_phrasis_0001869__eu-eu__flipped,dico_phrasis_0001869,eu,eu,Bi emakume,Adineko emakume bat emakume gazteago baten inguruan,dico_phrasis_0001869__eu-eu__original,BACKWARD_ENTAILMENT
dico_phrasis_0001869__eu-eu__original,dico_phrasis_0001869,eu,eu,Adineko emakume bat emakume gazteago baten inguruan,Bi emakume,dico_phrasis_0001869__eu-eu__flipped,FORWARD_ENTAILMENT
dico_phrasis_0001873__eu-eu__flipped,dico_phrasis_0001873,eu,eu,Autobus bat,Autobus gorri eta zuria,dico_phrasis_0001873__eu-eu__original,BACKWARD_ENTAILMENT
dico_phrasis_0001873__eu-eu__original,dico_phrasis_0001873,eu,eu,Autobus gorri eta zuria,Autobus bat,dico_phrasis_0001873__eu-eu__flipped,FORWARD_ENTAILMENT
dico_phrasis_0001874__eu-eu__flipped,dico_phrasis_0001874,eu,eu,Bidaiari-tren bat,Amtrak konpainiako bidaiari-tren bat,dico_phrasis_0001874__eu-eu__original,BACKWARD_ENTAILMENT
dico_phrasis_0001874__eu-eu__original,dico_phrasis_0001874,eu,eu,Amtrak konpainiako bidaiari-tren bat,Bidaiari-tren bat,dico_phrasis_0001874__eu-eu__flipped,FORWARD_ENTAILMENT
dico_phrasis_0001876__eu-eu__flipped,dico_phrasis_0001876,eu,eu,Bi tren,Tren gorria eta tren horia,dico_phrasis_0001876__eu-eu__original,BACKWARD_ENTAILMENT
dico_phrasis_0001876__eu-eu__original,dico_phrasis_0001876,eu,eu,Tren gorria eta tren horia,Bi tren,dico_phrasis_0001876__eu-eu__flipped,FORWARD_ENTAILMENT
dico_phrasis_0001877__eu-eu__flipped,dico_phrasis_0001877,eu,eu,lau pertsona,Pertsona talde bat,dico_phrasis_0001877__eu-eu__original,BACKWARD_ENTAILMENT
dico_phrasis_0001877__eu-eu__original,dico_phrasis_0001877,eu,eu,Pertsona talde bat,lau pertsona,dico_phrasis_0001877__eu-eu__flipped,FORWARD_ENTAILMENT
dico_phrasis_0001878__eu-eu__flipped,dico_phrasis_0001878,eu,eu,sofaren gainean,sofa urdinaren gainean,dico_phrasis_0001878__eu-eu__original,BACKWARD_ENTAILMENT
dico_phrasis_0001878__eu-eu__original,dico_phrasis_0001878,eu,eu,sofa urdinaren gainean,sofaren gainean,dico_phrasis_0001878__eu-eu__flipped,FORWARD_ENTAILMENT
dico_phrasis_0001879__eu-eu__flipped,dico_phrasis_0001879,eu,eu,Motozikleta bat,Zilar-koloreko eta urdina den motozikleta bat,dico_phrasis_0001879__eu-eu__original,BACKWARD_ENTAILMENT
dico_phrasis_0001879__eu-eu__original,dico_phrasis_0001879,eu,eu,Zilar-koloreko eta urdina den motozikleta bat,Motozikleta bat,dico_phrasis_0001879__eu-eu__flipped,FORWARD_ENTAILMENT
dico_phrasis_0001881__eu-eu__flipped,dico_phrasis_0001881,eu,eu,zaldi zuri bat,erakusketako zaldi zuri bat,dico_phrasis_0001881__eu-eu__original,BACKWARD_ENTAILMENT
dico_phrasis_0001881__eu-eu__original,dico_phrasis_0001881,eu,eu,erakusketako zaldi zuri bat,zaldi zuri bat,dico_phrasis_0001881__eu-eu__flipped,FORWARD_ENTAILMENT
dico_phrasis_0001885__eu-eu__flipped,dico_phrasis_0001885,eu,eu,zelaian,belarrezko zelai batean,dico_phrasis_0001885__eu-eu__original,BACKWARD_ENTAILMENT
dico_phrasis_0001885__eu-eu__original,dico_phrasis_0001885,eu,eu,belarrezko zelai batean,zelaian,dico_phrasis_0001885__eu-eu__flipped,FORWARD_ENTAILMENT
dico_phrasis_0001888__eu-eu__flipped,dico_phrasis_0001888,eu,eu,Katu bat,Bi katu,dico_phrasis_0001888__eu-eu__original,BACKWARD_ENTAILMENT
dico_phrasis_0001888__eu-eu__original,dico_phrasis_0001888,eu,eu,Bi katu,Katu bat,dico_phrasis_0001888__eu-eu__flipped,FORWARD_ENTAILMENT
dico_phrasis_0001890__eu-eu__flipped,dico_phrasis_0001890,eu,eu,kirol-auto hori baten ondoan,Corvette hori baten aurrean,dico_phrasis_0001890__eu-eu__original,BACKWARD_ENTAILMENT
dico_phrasis_0001890__eu-eu__original,dico_phrasis_0001890,eu,eu,Corvette hori baten aurrean,kirol-auto hori baten ondoan,dico_phrasis_0001890__eu-eu__flipped,FORWARD_ENTAILMENT
dico_phrasis_0001893__eu-eu__flipped,dico_phrasis_0001893,eu,eu,zuri-beltzeko irudi bat,zuri-beltzeko argazki bat,dico_phrasis_0001893__eu-eu__original,BACKWARD_ENTAILMENT
dico_phrasis_0001893__eu-eu__original,dico_phrasis_0001893,eu,eu,zuri-beltzeko argazki bat,zuri-beltzeko irudi bat,dico_phrasis_0001893__eu-eu__flipped,FORWARD_ENTAILMENT
dico_phrasis_0001894__eu-eu__flipped,dico_phrasis_0001894,eu,eu,Emakume bat,Emakume gazte bat,dico_phrasis_0001894__eu-eu__original,BACKWARD_ENTAILMENT
dico_phrasis_0001894__eu-eu__original,dico_phrasis_0001894,eu,eu,Emakume gazte bat,Emakume bat,dico_phrasis_0001894__eu-eu__flipped,FORWARD_ENTAILMENT
dico_phrasis_0001895__eu-eu__flipped,dico_phrasis_0001895,eu,eu,mendi batean,mendi elurtu batean,dico_phrasis_0001895__eu-eu__original,BACKWARD_ENTAILMENT
dico_phrasis_0001895__eu-eu__original,dico_phrasis_0001895,eu,eu,mendi elurtu batean,mendi batean,dico_phrasis_0001895__eu-eu__flipped,FORWARD_ENTAILMENT
dico_phrasis_0001896__eu-eu__flipped,dico_phrasis_0001896,eu,eu,kostalde batean,portu batean,dico_phrasis_0001896__eu-eu__original,BACKWARD_ENTAILMENT
dico_phrasis_0001896__eu-eu__original,dico_phrasis_0001896,eu,eu,portu batean,kostalde batean,dico_phrasis_0001896__eu-eu__flipped,FORWARD_ENTAILMENT
dico_phrasis_0001897__eu-eu__flipped,dico_phrasis_0001897,eu,eu,mendiko bizikleta bat,mendiko bizikleta batean,dico_phrasis_0001897__eu-eu__original,BACKWARD_ENTAILMENT
dico_phrasis_0001897__eu-eu__original,dico_phrasis_0001897,eu,eu,mendiko bizikleta batean,mendiko bizikleta bat,dico_phrasis_0001897__eu-eu__flipped,FORWARD_ENTAILMENT
dico_phrasis_0001898__eu-eu__flipped,dico_phrasis_0001898,eu,eu,emakume bat,Emakume irribarretsu bat,dico_phrasis_0001898__eu-eu__original,BACKWARD_ENTAILMENT
dico_phrasis_0001898__eu-eu__original,dico_phrasis_0001898,eu,eu,Emakume irribarretsu bat,emakume bat,dico_phrasis_0001898__eu-eu__flipped,FORWARD_ENTAILMENT
dico_phrasis_0001899__eu-eu__flipped,dico_phrasis_0001899,eu,eu,Bi pertsona,Bi mutil,dico_phrasis_0001899__eu-eu__original,BACKWARD_ENTAILMENT
dico_phrasis_0001899__eu-eu__original,dico_phrasis_0001899,eu,eu,Bi mutil,Bi pertsona,dico_phrasis_0001899__eu-eu__flipped,FORWARD_ENTAILMENT
dico_phrasis_0001901__eu-eu__flipped,dico_phrasis_0001901,eu,eu,eserita,eserita dagoen bitartean,dico_phrasis_0001901__eu-eu__original,BACKWARD_ENTAILMENT
dico_phrasis_0001901__eu-eu__original,dico_phrasis_0001901,eu,eu,eserita dagoen bitartean,eserita,dico_phrasis_0001901__eu-eu__flipped,FORWARD_ENTAILMENT
dico_phrasis_0001902__eu-eu__flipped,dico_phrasis_0001902,eu,eu,zaldi zuri bat,zaldi zuri baten gainean,dico_phrasis_0001902__eu-eu__original,BACKWARD_ENTAILMENT
dico_phrasis_0001902__eu-eu__original,dico_phrasis_0001902,eu,eu,zaldi zuri baten gainean,zaldi zuri bat,dico_phrasis_0001902__eu-eu__flipped,FORWARD_ENTAILMENT
dico_phrasis_0001903__eu-eu__flipped,dico_phrasis_0001903,eu,eu,Bulego bat,Etxeko bulegorako espazioa,dico_phrasis_0001903__eu-eu__original,BACKWARD_ENTAILMENT
dico_phrasis_0001903__eu-eu__original,dico_phrasis_0001903,eu,eu,Etxeko bulegorako espazioa,Bulego bat,dico_phrasis_0001903__eu-eu__flipped,FORWARD_ENTAILMENT
dico_phrasis_0001907__eu-eu__flipped,dico_phrasis_0001907,eu,eu,mugitzen,beherantz joaten,dico_phrasis_0001907__eu-eu__original,BACKWARD_ENTAILMENT
dico_phrasis_0001907__eu-eu__original,dico_phrasis_0001907,eu,eu,beherantz joaten,mugitzen,dico_phrasis_0001907__eu-eu__flipped,FORWARD_ENTAILMENT
dico_phrasis_0001909__eu-eu__flipped,dico_phrasis_0001909,eu,eu,zelai batean,belarrezko zelai batean,dico_phrasis_0001909__eu-eu__original,BACKWARD_ENTAILMENT
dico_phrasis_0001909__eu-eu__original,dico_phrasis_0001909,eu,eu,belarrezko zelai batean,zelai batean,dico_phrasis_0001909__eu-eu__flipped,FORWARD_ENTAILMENT
dico_phrasis_0001910__eu-eu__flipped,dico_phrasis_0001910,eu,eu,Tren bat,Tren beltz bat,dico_phrasis_0001910__eu-eu__original,BACKWARD_ENTAILMENT
dico_phrasis_0001910__eu-eu__original,dico_phrasis_0001910,eu,eu,Tren beltz bat,Tren bat,dico_phrasis_0001910__eu-eu__flipped,FORWARD_ENTAILMENT
dico_phrasis_0001911__eu-eu__flipped,dico_phrasis_0001911,eu,eu,Ziklomotor urdin bat,Motozikleta urdin bat,dico_phrasis_0001911__eu-eu__original,BACKWARD_ENTAILMENT
dico_phrasis_0001911__eu-eu__original,dico_phrasis_0001911,eu,eu,Motozikleta urdin bat,Ziklomotor urdin bat,dico_phrasis_0001911__eu-eu__flipped,FORWARD_ENTAILMENT
dico_phrasis_0001912__eu-eu__flipped,dico_phrasis_0001912,eu,eu,kale bat,hiriko kale batean,dico_phrasis_0001912__eu-eu__original,BACKWARD_ENTAILMENT
dico_phrasis_0001912__eu-eu__original,dico_phrasis_0001912,eu,eu,hiriko kale batean,kale bat,dico_phrasis_0001912__eu-eu__flipped,FORWARD_ENTAILMENT
dico_phrasis_0001913__eu-eu__flipped,dico_phrasis_0001913,eu,eu,aireratze-pista,aireratze-pistan,dico_phrasis_0001913__eu-eu__original,BACKWARD_ENTAILMENT
dico_phrasis_0001913__eu-eu__original,dico_phrasis_0001913,eu,eu,aireratze-pistan,aireratze-pista,dico_phrasis_0001913__eu-eu__flipped,FORWARD_ENTAILMENT
dico_phrasis_0001914__eu-eu__flipped,dico_phrasis_0001914,eu,eu,Bost behi,Hainbat behi,dico_phrasis_0001914__eu-eu__original,BACKWARD_ENTAILMENT
dico_phrasis_0001914__eu-eu__original,dico_phrasis_0001914,eu,eu,Hainbat behi,Bost behi,dico_phrasis_0001914__eu-eu__flipped,FORWARD_ENTAILMENT
dico_phrasis_0001915__eu-eu__flipped,dico_phrasis_0001915,eu,eu,behi baten ondoan,behi marroi baten ondoan,dico_phrasis_0001915__eu-eu__original,BACKWARD_ENTAILMENT
dico_phrasis_0001915__eu-eu__original,dico_phrasis_0001915,eu,eu,behi marroi baten ondoan,behi baten ondoan,dico_phrasis_0001915__eu-eu__flipped,FORWARD_ENTAILMENT
dico_phrasis_0001916__eu-eu__flipped,dico_phrasis_0001916,eu,eu,jatetxe bateko mahai batean,jatetxe bateko jangelako mahai baten inguruan,dico_phrasis_0001916__eu-eu__original,BACKWARD_ENTAILMENT
dico_phrasis_0001916__eu-eu__original,dico_phrasis_0001916,eu,eu,jatetxe bateko jangelako mahai baten inguruan,jatetxe bateko mahai batean,dico_phrasis_0001916__eu-eu__flipped,FORWARD_ENTAILMENT
dico_phrasis_0001917__eu-eu__flipped,dico_phrasis_0001917,eu,eu,Bi solairuko autobus bat,Bi solairuko autobus gorria,dico_phrasis_0001917__eu-eu__original,BACKWARD_ENTAILMENT
dico_phrasis_0001917__eu-eu__original,dico_phrasis_0001917,eu,eu,Bi solairuko autobus gorria,Bi solairuko autobus bat,dico_phrasis_0001917__eu-eu__flipped,FORWARD_ENTAILMENT
dico_phrasis_0001918__eu-eu__flipped,dico_phrasis_0001918,eu,eu,ordenagailu eramangarriarekin,bere ordenagailu eramangarrian,dico_phrasis_0001918__eu-eu__original,BACKWARD_ENTAILMENT
dico_phrasis_0001918__eu-eu__original,dico_phrasis_0001918,eu,eu,bere ordenagailu eramangarrian,ordenagailu eramangarriarekin,dico_phrasis_0001918__eu-eu__flipped,FORWARD_ENTAILMENT
dico_phrasis_0001919__eu-eu__flipped,dico_phrasis_0001919,eu,eu,Tren urdin bat,Tren urdin eta zuri zaharra,dico_phrasis_0001919__eu-eu__original,BACKWARD_ENTAILMENT
dico_phrasis_0001919__eu-eu__original,dico_phrasis_0001919,eu,eu,Tren urdin eta zuri zaharra,Tren urdin bat,dico_phrasis_0001919__eu-eu__flipped,FORWARD_ENTAILMENT
dico_phrasis_0001920__eu-eu__flipped,dico_phrasis_0001920,eu,eu,errailen gainean,trenbideko errailen gainean,dico_phrasis_0001920__eu-eu__original,BACKWARD_ENTAILMENT
dico_phrasis_0001920__eu-eu__original,dico_phrasis_0001920,eu,eu,trenbideko errailen gainean,errailen gainean,dico_phrasis_0001920__eu-eu__flipped,FORWARD_ENTAILMENT
dico_phrasis_0001921__eu-eu__flipped,dico_phrasis_0001921,eu,eu,bi gizon,bi gizonen artean,dico_phrasis_0001921__eu-eu__original,BACKWARD_ENTAILMENT
dico_phrasis_0001921__eu-eu__original,dico_phrasis_0001921,eu,eu,bi gizonen artean,bi gizon,dico_phrasis_0001921__eu-eu__flipped,FORWARD_ENTAILMENT
dico_phrasis_0001922__eu-eu__flipped,dico_phrasis_0001922,eu,eu,Emakume bat,Neska gazte bat,dico_phrasis_0001922__eu-eu__original,BACKWARD_ENTAILMENT
dico_phrasis_0001922__eu-eu__original,dico_phrasis_0001922,eu,eu,Neska gazte bat,Emakume bat,dico_phrasis_0001922__eu-eu__flipped,FORWARD_ENTAILMENT
dico_phrasis_0001923__eu-eu__flipped,dico_phrasis_0001923,eu,eu,kale bat,hiriko kale batean,dico_phrasis_0001923__eu-eu__original,BACKWARD_ENTAILMENT
dico_phrasis_0001923__eu-eu__original,dico_phrasis_0001923,eu,eu,hiriko kale batean,kale bat,dico_phrasis_0001923__eu-eu__flipped,FORWARD_ENTAILMENT
dico_phrasis_0001924__eu-eu__flipped,dico_phrasis_0001924,eu,eu,Gizon bat,Ile luzeko gizon bat,dico_phrasis_0001924__eu-eu__original,BACKWARD_ENTAILMENT
dico_phrasis_0001924__eu-eu__original,dico_phrasis_0001924,eu,eu,Ile luzeko gizon bat,Gizon bat,dico_phrasis_0001924__eu-eu__flipped,FORWARD_ENTAILMENT
dico_phrasis_0001925__eu-eu__flipped,dico_phrasis_0001925,eu,eu,bi botila handiren artean,bi Coca-Cola botila handi eta erdi hutsen artean,dico_phrasis_0001925__eu-eu__original,BACKWARD_ENTAILMENT
dico_phrasis_0001925__eu-eu__original,dico_phrasis_0001925,eu,eu,bi Coca-Cola botila handi eta erdi hutsen artean,bi botila handiren artean,dico_phrasis_0001925__eu-eu__flipped,FORWARD_ENTAILMENT
dico_phrasis_0001927__eu-eu__flipped,dico_phrasis_0001927,eu,eu,bi solairuko autobus bat,bi solairuko autobus turistiko marroi bat,dico_phrasis_0001927__eu-eu__original,BACKWARD_ENTAILMENT
dico_phrasis_0001927__eu-eu__original,dico_phrasis_0001927,eu,eu,bi solairuko autobus turistiko marroi bat,bi solairuko autobus bat,dico_phrasis_0001927__eu-eu__flipped,FORWARD_ENTAILMENT
dico_phrasis_0001928__eu-eu__flipped,dico_phrasis_0001928,eu,eu,auto urdin baten gainean,auto urdin zaharkitu baten,dico_phrasis_0001928__eu-eu__original,BACKWARD_ENTAILMENT
dico_phrasis_0001928__eu-eu__original,dico_phrasis_0001928,eu,eu,auto urdin zaharkitu baten,auto urdin baten gainean,dico_phrasis_0001928__eu-eu__flipped,FORWARD_ENTAILMENT
dico_phrasis_0001929__eu-eu__flipped,dico_phrasis_0001929,eu,eu,emakume bat,Gizon bat eta emakumeak,dico_phrasis_0001929__eu-eu__original,BACKWARD_ENTAILMENT
dico_phrasis_0001929__eu-eu__original,dico_phrasis_0001929,eu,eu,Gizon bat eta emakumeak,emakume bat,dico_phrasis_0001929__eu-eu__flipped,FORWARD_ENTAILMENT
dico_phrasis_0001931__eu-eu__flipped,dico_phrasis_0001931,eu,eu,Bi emakume,Bi emakume gazte,dico_phrasis_0001931__eu-eu__original,BACKWARD_ENTAILMENT
dico_phrasis_0001931__eu-eu__original,dico_phrasis_0001931,eu,eu,Bi emakume gazte,Bi emakume,dico_phrasis_0001931__eu-eu__flipped,FORWARD_ENTAILMENT
dico_phrasis_0001932__eu-eu__flipped,dico_phrasis_0001932,eu,eu,Zaldi marroi bat,Zaldi marroi ilun bat,dico_phrasis_0001932__eu-eu__original,BACKWARD_ENTAILMENT
dico_phrasis_0001932__eu-eu__original,dico_phrasis_0001932,eu,eu,Zaldi marroi ilun bat,Zaldi marroi bat,dico_phrasis_0001932__eu-eu__flipped,FORWARD_ENTAILMENT
dico_phrasis_0001933__eu-eu__flipped,dico_phrasis_0001933,eu,eu,hormigoiaren gainean,hormigoizko lauza baten gainean,dico_phrasis_0001933__eu-eu__original,BACKWARD_ENTAILMENT
dico_phrasis_0001933__eu-eu__original,dico_phrasis_0001933,eu,eu,hormigoizko lauza baten gainean,hormigoiaren gainean,dico_phrasis_0001933__eu-eu__flipped,FORWARD_ENTAILMENT
dico_phrasis_0001934__eu-eu__flipped,dico_phrasis_0001934,eu,eu,ardi batena,ardi zuri batena,dico_phrasis_0001934__eu-eu__original,BACKWARD_ENTAILMENT
dico_phrasis_0001934__eu-eu__original,dico_phrasis_0001934,eu,eu,ardi zuri batena,ardi batena,dico_phrasis_0001934__eu-eu__flipped,FORWARD_ENTAILMENT
dico_phrasis_0001935__eu-eu__flipped,dico_phrasis_0001935,eu,eu,gela bat,gela nahasi batean,dico_phrasis_0001935__eu-eu__original,BACKWARD_ENTAILMENT
dico_phrasis_0001935__eu-eu__original,dico_phrasis_0001935,eu,eu,gela nahasi batean,gela bat,dico_phrasis_0001935__eu-eu__flipped,FORWARD_ENTAILMENT
dico_phrasis_0001936__eu-eu__flipped,dico_phrasis_0001936,eu,eu,Etxea,Etxe gris bat,dico_phrasis_0001936__eu-eu__original,BACKWARD_ENTAILMENT
dico_phrasis_0001936__eu-eu__original,dico_phrasis_0001936,eu,eu,Etxe gris bat,Etxea,dico_phrasis_0001936__eu-eu__flipped,FORWARD_ENTAILMENT
dico_phrasis_0001939__eu-eu__flipped,dico_phrasis_0001939,eu,eu,lau pertsonarena,pertsonena,dico_phrasis_0001939__eu-eu__original,BACKWARD_ENTAILMENT
dico_phrasis_0001939__eu-eu__original,dico_phrasis_0001939,eu,eu,pertsonena,lau pertsonarena,dico_phrasis_0001939__eu-eu__flipped,FORWARD_ENTAILMENT
dico_phrasis_0001941__eu-eu__flipped,dico_phrasis_0001941,eu,eu,sei pertsonena,pertsonena,dico_phrasis_0001941__eu-eu__original,BACKWARD_ENTAILMENT
dico_phrasis_0001941__eu-eu__original,dico_phrasis_0001941,eu,eu,pertsonena,sei pertsonena,dico_phrasis_0001941__eu-eu__flipped,FORWARD_ENTAILMENT
dico_phrasis_0001942__eu-eu__flipped,dico_phrasis_0001942,eu,eu,emakume bat,Emakume zaharragoa,dico_phrasis_0001942__eu-eu__original,BACKWARD_ENTAILMENT
dico_phrasis_0001942__eu-eu__original,dico_phrasis_0001942,eu,eu,Emakume zaharragoa,emakume bat,dico_phrasis_0001942__eu-eu__flipped,FORWARD_ENTAILMENT
dico_phrasis_0001943__eu-eu__flipped,dico_phrasis_0001943,eu,eu,haurtxo bat,haurtxo jaioberria,dico_phrasis_0001943__eu-eu__original,BACKWARD_ENTAILMENT
dico_phrasis_0001943__eu-eu__original,dico_phrasis_0001943,eu,eu,haurtxo jaioberria,haurtxo bat,dico_phrasis_0001943__eu-eu__flipped,FORWARD_ENTAILMENT
dico_phrasis_0001946__eu-eu__flipped,dico_phrasis_0001946,eu,eu,Txoria,Txori beltza,dico_phrasis_0001946__eu-eu__original,BACKWARD_ENTAILMENT
dico_phrasis_0001946__eu-eu__original,dico_phrasis_0001946,eu,eu,Txori beltza,Txoria,dico_phrasis_0001946__eu-eu__flipped,FORWARD_ENTAILMENT
dico_phrasis_0001947__eu-eu__original,dico_phrasis_0001947,eu,eu,Mexikoko kostaldetik kanpo,Mexikon,,NEGATIVE_OTHER
dico_phrasis_0001950__eu-eu__original,dico_phrasis_0001950,eu,eu,abortuari buruzko lege-proiektua,abortuaren aurkako lege-proiektua,,NEGATIVE_OTHER
dico_phrasis_0001951__eu-eu__original,dico_phrasis_0001951,eu,eu,Krimearen anexioa,Krimearen independentzia,,NEGATIVE_OTHER
dico_phrasis_0001956__eu-eu__original,dico_phrasis_0001956,eu,eu,Irakeko hegoaldean,Irakeko iparraldean,,NEGATIVE_OTHER
dico_phrasis_0001958__eu-eu__original,dico_phrasis_0001958,eu,eu,AEBen drone-erasoen aurka,AEBen drone-eraso batean,,NEGATIVE_OTHER
dico_phrasis_0001959__eu-eu__original,dico_phrasis_0001959,eu,eu,ospitalera,ospitaletik,,NEGATIVE_OTHER
dico_phrasis_0001964__eu-eu__original,dico_phrasis_0001964,eu,eu,aurrealdearena,atzealdearena,,NEGATIVE_OTHER
dico_phrasis_0001965__eu-eu__original,dico_phrasis_0001965,eu,eu,saloi batean,saloiaren kanpoan,,NEGATIVE_OTHER
dico_phrasis_0001966__eu-eu__original,dico_phrasis_0001966,eu,eu,Indian,Indiako herrixketako biztanleak,,NEGATIVE_OTHER
dico_phrasis_0001967__eu-eu__original,dico_phrasis_0001967,eu,eu,Zikloia,Phailin zikloiaren ebakuazioa,,NEGATIVE_OTHER
dico_phrasis_0001969__eu-eu__original,dico_phrasis_0001969,eu,eu,gatibu palestinarrak,preso palestinarren askapena,,NEGATIVE_OTHER
dico_phrasis_0001970__eu-eu__original,dico_phrasis_0001970,eu,eu,Israelgo deiak,Israel,,NEGATIVE_OTHER
dico_phrasis_0001972__eu-eu__original,dico_phrasis_0001972,eu,eu,Koreako Herri Errepublika Demokratikoko buruzagia,Ipar Korea,,NEGATIVE_OTHER
dico_phrasis_0001983__eu-eu__original,dico_phrasis_0001983,eu,eu,desagertutako Malaysiako hegazkinaren bilaketan,desagertutako Malaysiako hegazkinetik,,NEGATIVE_OTHER
dico_phrasis_0001992__eu-eu__original,dico_phrasis_0001992,eu,eu,Anaia Musulmanen buruzagi nagusia,Anaia Musulmanen aldekoak,,NEGATIVE_OTHER
dico_phrasis_0001995__eu-eu__original,dico_phrasis_0001995,eu,eu,Errusiako lehen ministroa,Errusia,,NEGATIVE_OTHER
dico_phrasis_0001997__eu-eu__original,dico_phrasis_0001997,eu,eu,auzitegiaren epaia,auzitegi gorena,,NEGATIVE_OTHER
dico_phrasis_0002000__eu-eu__original,dico_phrasis_0002000,eu,eu,…ren negoziazio nuklearreko taldea,…ren helburu nuklearra,,NEGATIVE_OTHER
dico_phrasis_0002001__eu-eu__original,dico_phrasis_0002001,eu,eu,Elkarrizketak hasteko,Bisitatzeko,,NEGATIVE_OTHER
dico_phrasis_0002002__eu-eu__original,dico_phrasis_0002002,eu,eu,presidentearen hitzaldia,presidentetzarako hauteskundeak,,NEGATIVE_OTHER
dico_phrasis_0002006__eu-eu__original,dico_phrasis_0002006,eu,eu,Jordan haranean,Zisjordaniako erasoan,,NEGATIVE_OTHER
dico_phrasis_0002011__eu-eu__original,dico_phrasis_0002011,eu,eu,Sirian,Israelgo erasoaldian,,NEGATIVE_OTHER
dico_phrasis_0002012__eu-eu__original,dico_phrasis_0002012,eu,eu,sei,4 militante,,NEGATIVE_OTHER
dico_phrasis_0002013__eu-eu__original,dico_phrasis_0002013,eu,eu,zuzenbide konstituzional federala,itun bat,,NEGATIVE_OTHER
dico_phrasis_0002019__eu-eu__original,dico_phrasis_0002019,eu,eu,gizon bat,hamaika,,NEGATIVE_OTHER
dico_phrasis_0002023__eu-eu__original,dico_phrasis_0002023,eu,eu,Siriako arma kimikoena,arma kimikoei buruzko akordioarena,,NEGATIVE_OTHER
dico_phrasis_0002032__eu-eu__original,dico_phrasis_0002032,eu,eu,hilgarria,"hildako 1, 40 ospitaleratu",,NEGATIVE_OTHER
dico_phrasis_0002033__eu-eu__original,dico_phrasis_0002033,eu,eu,militanteak,Sinai erasoa bezala,,NEGATIVE_OTHER
dico_phrasis_0002037__eu-eu__original,dico_phrasis_0002037,eu,eu,Api. 2,osteguna,,NEGATIVE_OTHER
dico_phrasis_0002049__eu-eu__original,dico_phrasis_0002049,eu,eu,parkean,itsasertzean,,NEGATIVE_OTHER
dico_phrasis_0002053__eu-eu__original,dico_phrasis_0002053,eu,eu,Haur bat,Txakur bat,,NEGATIVE_OTHER
dico_phrasis_0002055__eu-eu__original,dico_phrasis_0002055,eu,eu,kulunkan dabil,baloiarekin jolasten da,,NEGATIVE_OTHER
dico_phrasis_0002060__eu-eu__original,dico_phrasis_0002060,eu,eu,mosketoi bat,polea bat,,NEGATIVE_OTHER
dico_phrasis_0002061__eu-eu__original,dico_phrasis_0002061,eu,eu,hiru txakur,mutil bat,,NEGATIVE_OTHER
dico_phrasis_0002062__eu-eu__original,dico_phrasis_0002062,eu,eu,txakur bat,skateboardaria,,NEGATIVE_OTHER
dico_phrasis_0002068__eu-eu__original,dico_phrasis_0002068,eu,eu,jolasten ari da,jaurtia izaten ari da,,NEGATIVE_OTHER
dico_phrasis_0002070__eu-eu__original,dico_phrasis_0002070,eu,eu,Gizon bat,Txakur bat,,NEGATIVE_OTHER
dico_phrasis_0002074__eu-eu__original,dico_phrasis_0002074,eu,eu,ur urdin ilunetan,hondartzan,,NEGATIVE_OTHER
dico_phrasis_0002075__eu-eu__original,dico_phrasis_0002075,eu,eu,hondarretik zehar,uretan zehar,,NEGATIVE_OTHER
dico_phrasis_0002082__eu-eu__original,dico_phrasis_0002082,eu,eu,Mutil bat,Txakur bat,,NEGATIVE_OTHER
dico_phrasis_0002083__eu-eu__original,dico_phrasis_0002083,eu,eu,hondar-kutxa baten barrura,urmael batean,,NEGATIVE_OTHER
dico_phrasis_0002085__eu-eu__original,dico_phrasis_0002085,eu,eu,ur urdinean,hondarretan,,NEGATIVE_OTHER
dico_phrasis_0002086__eu-eu__original,dico_phrasis_0002086,eu,eu,Gabonetarako,Gabonetako zuhaitz baten aurrean,,NEGATIVE_OTHER
dico_phrasis_0002093__eu-eu__original,dico_phrasis_0002093,eu,eu,zipriztintzen den uretan barrena,zipriztinak,,NEGATIVE_OTHER
dico_phrasis_0002094__eu-eu__original,dico_phrasis_0002094,eu,eu,oso eremu basotsu batean zehar,erreka batean zehar,,NEGATIVE_OTHER
dico_phrasis_0002097__eu-eu__original,dico_phrasis_0002097,eu,eu,arraunean,arraun-ontzi batean,,NEGATIVE_OTHER
dico_phrasis_0002107__eu-eu__original,dico_phrasis_0002107,eu,eu,kalean aurrera,hirian,,NEGATIVE_OTHER
dico_phrasis_0002109__eu-eu__original,dico_phrasis_0002109,eu,eu,skate baten gainean,arrapala batean behera,,NEGATIVE_OTHER
dico_phrasis_0002114__eu-eu__original,dico_phrasis_0002114,eu,eu,skate bat,skateboardista bat,,NEGATIVE_OTHER
dico_phrasis_0002120__eu-eu__original,dico_phrasis_0002120,eu,eu,korrika ari da,tiraka ari da,,NEGATIVE_OTHER
dico_phrasis_0002126__eu-eu__original,dico_phrasis_0002126,eu,eu,pista batean,zuhaitz baten ondoan,,NEGATIVE_OTHER
dico_phrasis_0002129__eu-eu__original,dico_phrasis_0002129,eu,eu,gailurrera,hodiaren pareta,,NEGATIVE_OTHER
dico_phrasis_0002130__eu-eu__original,dico_phrasis_0002130,eu,eu,arrapalaren,skate-parke batean,,NEGATIVE_OTHER
dico_phrasis_0002134__eu-eu__original,dico_phrasis_0002134,eu,eu,bizikletaz ibiltzen,oinez ibiltzen,,NEGATIVE_OTHER
dico_phrasis_0002137__eu-eu__original,dico_phrasis_0002137,eu,eu,txirrista distiratsu batean,hondarrezko jolas-parke batean zehar,,NEGATIVE_OTHER
dico_phrasis_0002153__eu-eu__original,dico_phrasis_0002153,eu,eu,17 zibil,10 polizia,,NEGATIVE_OTHER
dico_phrasis_0002156__eu-eu__original,dico_phrasis_0002156,eu,eu,manifestarien aurka,protestei buruz,,NEGATIVE_OTHER
dico_phrasis_0002161__eu-eu__original,dico_phrasis_0002161,eu,eu,Mandela familiarekin,Mandelari,,NEGATIVE_OTHER
dico_phrasis_0002164__eu-eu__original,dico_phrasis_0002164,eu,eu,"hiltzen du, zauritzen du",jotzen du,,NEGATIVE_OTHER
dico_phrasis_0002168__eu-eu__original,dico_phrasis_0002168,eu,eu,Nelson Mandelaren omenezko elizkizuna,Nelson Mandela hil da,,NEGATIVE_OTHER
dico_phrasis_0002170__eu-eu__original,dico_phrasis_0002170,eu,eu,Afrika Erdiko Errepublikara,Afrika Erdiko hiriburuan,,NEGATIVE_OTHER
dico_phrasis_0002173__eu-eu__original,dico_phrasis_0002173,eu,eu,AEBetako Estatu Departamentua,Estatu Departamentuko segurtasun burua,,NEGATIVE_OTHER
dico_phrasis_0002190__eu-eu__original,dico_phrasis_0002190,eu,eu,protestan,Turkiako istiluak,,NEGATIVE_OTHER
dico_phrasis_0002194__eu-eu__original,dico_phrasis_0002194,eu,eu,eraso suizidetan,Auto-bonbak,,NEGATIVE_OTHER
dico_phrasis_0002195__eu-eu__original,dico_phrasis_0002195,eu,eu,Irango zentral nuklearrean,Irango akordio nuklearrera,,NEGATIVE_OTHER
dico_phrasis_0002200__eu-eu__original,dico_phrasis_0002200,eu,eu,Iparraldera,Ipar Korea,,NEGATIVE_OTHER
dico_phrasis_0002203__eu-eu__original,dico_phrasis_0002203,eu,eu,10 neska gazte,bederatzi,,NEGATIVE_OTHER
dico_phrasis_0002210__eu-eu__original,dico_phrasis_0002210,eu,eu,Mexiko,Richardson Mexiko Berriko gobernadore ohia,,NEGATIVE_OTHER
dico_phrasis_0002213__eu-eu__original,dico_phrasis_0002213,eu,eu,Giltzak,alerta gorria ematen du,,NEGATIVE_OTHER
dico_phrasis_0002219__eu-eu__original,dico_phrasis_0002219,eu,eu,Taktika islamistak,iparraldeko militante islamistak,,NEGATIVE_OTHER
dico_phrasis_0002225__eu-eu__original,dico_phrasis_0002225,eu,eu,NATOren aire-erasoa,NATOko soldadua,,NEGATIVE_OTHER
dico_phrasis_0002226__eu-eu__original,dico_phrasis_0002226,eu,eu,armen kontrolari buruzko eztabaida,armen kontrolerako lege-proiektuari buruz,,NEGATIVE_OTHER
dico_phrasis_0002227__eu-eu__original,dico_phrasis_0002227,eu,eu,Lal Masjid auzian,Pakistanen,,NEGATIVE_OTHER
dico_phrasis_0002228__eu-eu__original,dico_phrasis_0002228,eu,eu,5,3 polizia,,NEGATIVE_OTHER
dico_phrasis_0002230__eu-eu__original,dico_phrasis_0002230,eu,eu,500 pertsona baino gehiago,400,,NEGATIVE_OTHER
dico_phrasis_0002235__eu-eu__original,dico_phrasis_0002235,eu,eu,NBEren ebazpena,Alemania,,NEGATIVE_OTHER
dico_phrasis_0002238__eu-eu__original,dico_phrasis_0002238,eu,eu,boterera,gehiengoa,,NEGATIVE_OTHER
dico_phrasis_0002252__eu-eu__original,dico_phrasis_0002252,eu,eu,bederatzi pertsona,3 polizia-gizon,,NEGATIVE_OTHER
dico_phrasis_0002261__eu-eu__original,dico_phrasis_0002261,eu,eu,errailetik ateratzen da,istripuaren kalbarioarena,,NEGATIVE_OTHER
dico_phrasis_0002262__eu-eu__original,dico_phrasis_0002262,eu,eu,arma kimikoen erabilera,arma kimikoei buruzko salaketen harira,,NEGATIVE_OTHER
dico_phrasis_0002274__eu-eu__original,dico_phrasis_0002274,eu,eu,Morsiren aldekoak,Manifestariak,,NEGATIVE_OTHER
dico_phrasis_0002275__eu-eu__original,dico_phrasis_0002275,eu,eu,Tifoiaren bizirik atera zirenak,Bopha tifoia,,NEGATIVE_OTHER
dico_phrasis_0002284__eu-eu__original,dico_phrasis_0002284,eu,eu,atarian,sofa baten gainean,,NEGATIVE_OTHER
dico_phrasis_0002285__eu-eu__original,dico_phrasis_0002285,eu,eu,bi animalia ñimiñoren ondoan,haren seme-alaben ondoan,,NEGATIVE_OTHER
dico_phrasis_0002286__eu-eu__original,dico_phrasis_0002286,eu,eu,hondakin batzuen aurrean,eraikin baten aurrean,,NEGATIVE_OTHER
dico_phrasis_0002293__eu-eu__original,dico_phrasis_0002293,eu,eu,lerrokatuta,ilara bat,,NEGATIVE_OTHER
dico_phrasis_0002296__eu-eu__original,dico_phrasis_0002296,eu,eu,estalpe batean,geltoki batean,,NEGATIVE_OTHER
dico_phrasis_0002297__eu-eu__original,dico_phrasis_0002297,eu,eu,aparkatuta dago,zutik egon,,NEGATIVE_OTHER
dico_phrasis_0002305__eu-eu__original,dico_phrasis_0002305,eu,eu,adarrean,zuhaitzen azpian,,NEGATIVE_OTHER
dico_phrasis_0002316__eu-eu__original,dico_phrasis_0002316,eu,eu,egurrezko telefono-zutoin baterantz,telefono-kableen gainean,,NEGATIVE_OTHER
dico_phrasis_0002320__eu-eu__original,dico_phrasis_0002320,eu,eu,eraikin baten aurrean,jangela baten aurrean,,NEGATIVE_OTHER
dico_phrasis_0002322__eu-eu__original,dico_phrasis_0002322,eu,eu,harkaitz-grabatu baten gainean,harri baten gainean,,NEGATIVE_OTHER
dico_phrasis_0002323__eu-eu__original,dico_phrasis_0002323,eu,eu,burko batekin,animalia-estanpatudun manta baten gainean,,NEGATIVE_OTHER
dico_phrasis_0002325__eu-eu__original,dico_phrasis_0002325,eu,eu,kale batean,kale estu batean,,NEGATIVE_OTHER
dico_phrasis_0002327__eu-eu__original,dico_phrasis_0002327,eu,eu,afari batean,mahai baten inguruan,,NEGATIVE_OTHER
dico_phrasis_0002329__eu-eu__original,dico_phrasis_0002329,eu,eu,metalezko ate batera,alanbrezko hesi batera,,NEGATIVE_OTHER
dico_phrasis_0002335__eu-eu__original,dico_phrasis_0002335,eu,eu,oihal morearen gainean,olan marroi baten gainean,,NEGATIVE_OTHER
dico_phrasis_0002340__eu-eu__original,dico_phrasis_0002340,eu,eu,atseden-gela batean edo egongela batean,aulki bizidun batean,,NEGATIVE_OTHER
dico_phrasis_0002345__eu-eu__original,dico_phrasis_0002345,eu,eu,bikini-top beltz batekin eta bakeroekin,kapela beltz batekin,,NEGATIVE_OTHER
dico_phrasis_0002347__eu-eu__original,dico_phrasis_0002347,eu,eu,ate baten behealdea,ate itxi baten aurrean,,NEGATIVE_OTHER
dico_phrasis_0002352__eu-eu__original,dico_phrasis_0002352,eu,eu,ozeanoan,moilan,,NEGATIVE_OTHER
dico_phrasis_0002353__eu-eu__original,dico_phrasis_0002353,eu,eu,saltoka ari da,gainean doa,,NEGATIVE_OTHER
dico_phrasis_0002359__eu-eu__original,dico_phrasis_0002359,eu,eu,elurrezko,zelaian,,NEGATIVE_OTHER
dico_phrasis_0002360__eu-eu__original,dico_phrasis_0002360,eu,eu,piragua horiekin,piraguan ibiltzeko,,NEGATIVE_OTHER
dico_phrasis_0002370__eu-eu__original,dico_phrasis_0002370,eu,eu,lurrean,aparkatuta,,NEGATIVE_OTHER
dico_phrasis_0002378__eu-eu__original,dico_phrasis_0002378,eu,eu,abenduaren 30ean,datorren astean,,NEGATIVE_OTHER
dico_phrasis_0002384__eu-eu__original,dico_phrasis_0002384,eu,eu,kamioi-bonba bidezko erasotzaile suizida,auto-bonba suizida,,NEGATIVE_OTHER
dico_phrasis_0002385__eu-eu__original,dico_phrasis_0002385,eu,eu,aireportu militarrak,aireportu militarrean,,NEGATIVE_OTHER
dico_phrasis_0002388__eu-eu__original,dico_phrasis_0002388,eu,eu,industria-eremu bateratura,Key Industria Eremura,,NEGATIVE_OTHER
dico_phrasis_0002389__eu-eu__original,dico_phrasis_0002389,eu,eu,Indiako eraikinak erori ondoren,Bangladesheko eraikin baten erorketatik,,NEGATIVE_OTHER
dico_phrasis_0002393__eu-eu__original,dico_phrasis_0002393,eu,eu,"% 12,1era","% 12,2",,NEGATIVE_OTHER
dico_phrasis_0002402__eu-eu__original,dico_phrasis_0002402,eu,eu,Singapurren,Indian,,NEGATIVE_OTHER
dico_phrasis_0002404__eu-eu__original,dico_phrasis_0002404,eu,eu,zerbaiten bila dabil,zerbaiten bila arakatzen du,,NEGATIVE_OTHER
dico_phrasis_0002407__eu-eu__original,dico_phrasis_0002407,eu,eu,Kofradiaren 10 jarraitzaile,jarraitzaileak,,NEGATIVE_OTHER
dico_phrasis_0002410__eu-eu__original,dico_phrasis_0002410,eu,eu,Oklahoma Cityn,Oklahoma Cityko aireportua,,NEGATIVE_OTHER
dico_phrasis_0002412__eu-eu__original,dico_phrasis_0002412,eu,eu,inplementatzeko,eskaintzen du,,NEGATIVE_OTHER
dico_phrasis_0002414__eu-eu__original,dico_phrasis_0002414,eu,eu,Brasildarrak,Brasilen milaka,,NEGATIVE_OTHER
dico_phrasis_0002415__eu-eu__original,dico_phrasis_0002415,eu,eu,tsunami-arriskurik ez,tsunami-alertarik ez,,NEGATIVE_OTHER
dico_phrasis_0002416__eu-eu__original,dico_phrasis_0002416,eu,eu,hegazkin-istripuan,helikoptero-istripuan,,NEGATIVE_OTHER
dico_phrasis_0002419__eu-eu__original,dico_phrasis_0002419,eu,eu,"9 turista atzerritar, pakistandar 1",11 turista atzerritar,,NEGATIVE_OTHER
dico_phrasis_0002420__eu-eu__original,dico_phrasis_0002420,eu,eu,suak ixten du,su hartzen du,,NEGATIVE_OTHER
dico_phrasis_0002422__eu-eu__original,dico_phrasis_0002422,eu,eu,"7,6ko lurrikara indartsua","6,9ko lurrikara indartsua",,NEGATIVE_OTHER
dico_phrasis_0002425__eu-eu__original,dico_phrasis_0002425,eu,eu,Indiako gobernua,Indiako petrolio ministroa,,NEGATIVE_OTHER
dico_phrasis_0002427__eu-eu__original,dico_phrasis_0002427,eu,eu,3 milioi auto japoniar,"3,4 milioi ibilgailu",,NEGATIVE_OTHER
dico_phrasis_0002431__eu-eu__original,dico_phrasis_0002431,eu,eu,Gibraltar/Espainia auziagatik,Gibraltarreko gertakariengatik,,NEGATIVE_OTHER
dico_phrasis_0002432__eu-eu__original,dico_phrasis_0002432,eu,eu,2013ko azaroaren 19a,2013ko irailaren 26a,,NEGATIVE_OTHER
dico_phrasis_0002433__eu-eu__original,dico_phrasis_0002433,eu,eu,askatu,askatzen du,,NEGATIVE_OTHER
dico_phrasis_0002439__eu-eu__original,dico_phrasis_0002439,eu,eu,Errusiaren aldeko matxinoak,Siriako matxinoak,,NEGATIVE_OTHER
dico_phrasis_0002440__eu-eu__original,dico_phrasis_0002440,eu,eu,Urt. 24a,Apirilaren 4a,,NEGATIVE_OTHER
dico_phrasis_0002441__eu-eu__original,dico_phrasis_0002441,eu,eu,Erreserba Federala zuzentzeko,AEBetako Erreserba Federaleko buru gisa,,NEGATIVE_OTHER
dico_phrasis_0002445__eu-eu__original,dico_phrasis_0002445,eu,eu,NATOko soldadua,Lau soldadu,,NEGATIVE_OTHER
dico_phrasis_0002447__eu-eu__original,dico_phrasis_0002447,eu,eu,Auto autonomoaren prototipoa,Kontzeptu-auto autonomoa,,NEGATIVE_OTHER
dico_phrasis_0002450__eu-eu__original,dico_phrasis_0002450,eu,eu,Afganistango hauteskunde-lehian,Afganistango presidentetzarako hauteskundeetan,,NEGATIVE_OTHER
dico_phrasis_0002451__eu-eu__original,dico_phrasis_0002451,eu,eu,Pakistango hego-mendebaldea,Pakistango hegoaldea,,NEGATIVE_OTHER
dico_phrasis_0002453__eu-eu__original,dico_phrasis_0002453,eu,eu,Pakistanen izandako autobus baten aurkako atentatuan,Pakistanen izandako eliza baten aurkako atentatuan,,NEGATIVE_OTHER
dico_phrasis_0002454__eu-eu__original,dico_phrasis_0002454,eu,eu,Bangkokeko tiroketan,AEBetako eskola bateko tiroketan,,NEGATIVE_OTHER
dico_phrasis_0002456__eu-eu__original,dico_phrasis_0002456,eu,eu,Jet bilatzen,jet-bilaketarako,,NEGATIVE_OTHER
dico_phrasis_0002459__eu-eu__original,dico_phrasis_0002459,eu,eu,martxoan zehar,bidean,,NEGATIVE_OTHER
dico_phrasis_0002460__eu-eu__original,dico_phrasis_0002460,eu,eu,"bederatzi turista atzerritar, gidari bat","9 turista atzerritar, pakistandar bat",,NEGATIVE_OTHER
dico_phrasis_0002461__eu-eu__original,dico_phrasis_0002461,eu,eu,"6,3 magnitudekoa",6ko magnitudekoa,,NEGATIVE_OTHER
dico_phrasis_0002468__eu-eu__original,dico_phrasis_0002468,eu,eu,bake-elkarrizketen inguruan,bake-elkarrizketen aurretik,,NEGATIVE_OTHER
dico_phrasis_0002469__eu-eu__original,dico_phrasis_0002469,eu,eu,Bonba-jartzaile suizida,Bonba suizida,,NEGATIVE_OTHER
dico_phrasis_0002472__eu-eu__original,dico_phrasis_0002472,eu,eu,6.2035era,6.1408ra,,NEGATIVE_OTHER
dico_phrasis_0002473__eu-eu__original,dico_phrasis_0002473,eu,eu,bideoak streaming bidez ikusteko gailu berria,bideoak streaming bidez ikusteko Fire TV kutxa berria,,NEGATIVE_OTHER
dico_phrasis_0002474__eu-eu__original,dico_phrasis_0002474,eu,eu,Pat Rice,Arsenaleko legenda Rice,,NEGATIVE_OTHER
dico_phrasis_0002475__eu-eu__original,dico_phrasis_0002475,eu,eu,minbiziaren aurka,minbiziarekin,,NEGATIVE_OTHER
dico_phrasis_0002476__eu-eu__original,dico_phrasis_0002476,eu,eu,Hartz polarraren DNA,Hartz polarraren azterketa,,NEGATIVE_OTHER
dico_phrasis_0002480__eu-eu__original,dico_phrasis_0002480,eu,eu,otoitzean eta kantuan,«Otoitza eta hausnarketa»ren,,NEGATIVE_OTHER
dico_phrasis_0002484__eu-eu__original,dico_phrasis_0002484,eu,eu,Sirian,Pakistanen,,NEGATIVE_OTHER
dico_phrasis_0002485__eu-eu__original,dico_phrasis_0002485,eu,eu,eskualdeko segurtasun-kezkak,eskualdeko bakea,,NEGATIVE_OTHER
dico_phrasis_0002489__eu-eu__original,dico_phrasis_0002489,eu,eu,Bidaia-alerta,alerta globala,,NEGATIVE_OTHER
dico_phrasis_0002494__eu-eu__original,dico_phrasis_0002494,eu,eu,9/11ko mehatxuak egitearekin,9/11ko mehatxuengatik,,NEGATIVE_OTHER
dico_phrasis_0002496__eu-eu__original,dico_phrasis_0002496,eu,eu,Ukraina,Sirian,,NEGATIVE_OTHER
dico_phrasis_0002501__eu-eu__original,dico_phrasis_0002501,eu,eu,Errekorrak hautsi dituen AEBetako hego-mendebaldeko bero-bolada,AEBetako hego-mendebaldeko bero-boladan,,NEGATIVE_OTHER
dico_phrasis_0002502__eu-eu__original,dico_phrasis_0002502,eu,eu,"% 0,56","% 0,5",,NEGATIVE_OTHER
dico_phrasis_0002504__eu-eu__original,dico_phrasis_0002504,eu,eu,'bunga bunga'ko lekukoak,prostituzio-epaiketako lekukoak,,NEGATIVE_OTHER
dico_phrasis_0002507__eu-eu__original,dico_phrasis_0002507,eu,eu,asteartea,ostiralean,,NEGATIVE_OTHER
dico_phrasis_0002508__eu-eu__original,dico_phrasis_0002508,eu,eu,su-eten humanitarioaren alde,baldintzarik gabeko su-etenaren alde,,NEGATIVE_OTHER
dico_phrasis_0002509__eu-eu__original,dico_phrasis_0002509,eu,eu,19 suhiltzaile,19 eliteko baso-suhiltzaile,,NEGATIVE_OTHER
dico_phrasis_0002511__eu-eu__original,dico_phrasis_0002511,eu,eu,argi eta garbi hitz egiten duen Rice,Susan Rice,,NEGATIVE_OTHER
dico_phrasis_0002517__eu-eu__original,dico_phrasis_0002517,eu,eu,"6,1184ra","6,1510era",,NEGATIVE_OTHER
dico_phrasis_0002518__eu-eu__original,dico_phrasis_0002518,eu,eu,kontaktua galtzen du,desagertzen da,,NEGATIVE_OTHER
dico_phrasis_0002522__eu-eu__original,dico_phrasis_0002522,eu,eu,igo,apurka gorago igo,,NEGATIVE_OTHER
dico_phrasis_0002524__eu-eu__original,dico_phrasis_0002524,eu,eu,Libanoko Tripolin,Libano iparraldean,,NEGATIVE_OTHER
dico_phrasis_0002525__eu-eu__original,dico_phrasis_0002525,eu,eu,Irango auzi nuklearrari buruzko hurrengo elkarrizketak,Irango akordio nuklearra,,NEGATIVE_OTHER
dico_phrasis_0002529__eu-eu__original,dico_phrasis_0002529,eu,eu,Biktima gehienak,Biktimen 38 gorpu,,NEGATIVE_OTHER
dico_phrasis_0002530__eu-eu__original,dico_phrasis_0002530,eu,eu,igerileku baten ondoan,igerileku baten alboan zehar,,NEGATIVE_OTHER
dico_phrasis_0002535__eu-eu__original,dico_phrasis_0002535,eu,eu,belarrezko bide bat zeharkatuz,belarrezko eremu batean,,NEGATIVE_OTHER
dico_phrasis_0002537__eu-eu__original,dico_phrasis_0002537,eu,eu,Frisbee laranja bat,Frisbee gorri bat,,NEGATIVE_OTHER
dico_phrasis_0002538__eu-eu__original,dico_phrasis_0002538,eu,eu,denim alkandora bat,denim jaka bat,,NEGATIVE_OTHER
dico_phrasis_0002539__eu-eu__original,dico_phrasis_0002539,eu,eu,Txakur marroi eta zuria,Txakur beltz eta zuria,,NEGATIVE_OTHER
dico_phrasis_0002540__eu-eu__original,dico_phrasis_0002540,eu,eu,uretara,urpean,,NEGATIVE_OTHER
dico_phrasis_0002541__eu-eu__original,dico_phrasis_0002541,eu,eu,beroki arrosa bat,jaka arrosa batean,,NEGATIVE_OTHER
dico_phrasis_0002543__eu-eu__original,dico_phrasis_0002543,eu,eu,metalezko barra baten gainean,baranda baten gainean,,NEGATIVE_OTHER
dico_phrasis_0002545__eu-eu__original,dico_phrasis_0002545,eu,eu,eskailera bat,mailak,,NEGATIVE_OTHER
dico_phrasis_0002546__eu-eu__original,dico_phrasis_0002546,eu,eu,Bi txakur handi,Bi txakur tigrekara,,NEGATIVE_OTHER
dico_phrasis_0002547__eu-eu__original,dico_phrasis_0002547,eu,eu,ur-txirrista urdin baten,ur-txirrista batetik,,NEGATIVE_OTHER
dico_phrasis_0002552__eu-eu__original,dico_phrasis_0002552,eu,eu,legarrezko bide batean,legarrezko bide batean zehar,,NEGATIVE_OTHER
dico_phrasis_0002553__eu-eu__original,dico_phrasis_0002553,eu,eu,urpeko ura,ur urdin oso gardenean,,NEGATIVE_OTHER
dico_phrasis_0002555__eu-eu__original,dico_phrasis_0002555,eu,eu,uretako eskiak,kitesurfa,,NEGATIVE_OTHER
dico_phrasis_0002556__eu-eu__original,dico_phrasis_0002556,eu,eu,txakur zuri bat,Txakurrak,,NEGATIVE_OTHER
dico_phrasis_0002557__eu-eu__original,dico_phrasis_0002557,eu,eu,bisera urdin bat,bisera batekin,,NEGATIVE_OTHER
dico_phrasis_0002558__eu-eu__original,dico_phrasis_0002558,eu,eu,baltsa urdin batean,haien baltsa puzgarri urdina,,NEGATIVE_OTHER
dico_phrasis_0002561__eu-eu__original,dico_phrasis_0002561,eu,eu,hesi baten gainean edo inguruan,hesi baten gainean eta ondoan,,NEGATIVE_OTHER
dico_phrasis_0002565__eu-eu__original,dico_phrasis_0002565,eu,eu,Txakur marroi argi bat,Txakur marroi eta zuri bat,,NEGATIVE_OTHER
dico_phrasis_0002568__eu-eu__original,dico_phrasis_0002568,eu,eu,lepoko arrosa batekin,lepoko gorriarekin,,NEGATIVE_OTHER
dico_phrasis_0002571__eu-eu__original,dico_phrasis_0002571,eu,eu,txakur zuri bat,txakur marroi bat,,NEGATIVE_OTHER
dico_phrasis_0002572__eu-eu__original,dico_phrasis_0002572,eu,eu,Gizon bat beste bati,Gizon bat eta emakume bat,,NEGATIVE_OTHER
dico_phrasis_0002575__eu-eu__original,dico_phrasis_0002575,eu,eu,Haur txiki bat,Haur asiar bat,,NEGATIVE_OTHER
dico_phrasis_0002577__eu-eu__original,dico_phrasis_0002577,eu,eu,jendearekin,beste gizon batzuk bitartean,,NEGATIVE_OTHER
dico_phrasis_0002578__eu-eu__original,dico_phrasis_0002578,eu,eu,txakur batekin,Txakur marroi bat,,NEGATIVE_OTHER
dico_phrasis_0002579__eu-eu__original,dico_phrasis_0002579,eu,eu,Txakur beltz bat,Txakur argal bat,,NEGATIVE_OTHER
dico_phrasis_0002585__eu-eu__original,dico_phrasis_0002585,eu,eu,jaisten da,gainetik igarotzen,,NEGATIVE_OTHER
dico_phrasis_0002592__eu-eu__original,dico_phrasis_0002592,eu,eu,alfonbra zuriaren gainean,alfonbra beixaren gainean,,NEGATIVE_OTHER
dico_phrasis_0002593__eu-eu__original,dico_phrasis_0002593,eu,eu,harribitxiz apaindutako lepoko batekin,lepoko urdin batekin,,NEGATIVE_OTHER
dico_phrasis_0002594__eu-eu__original,dico_phrasis_0002594,eu,eu,kale batean,kale batean zehar,,NEGATIVE_OTHER
dico_phrasis_0002598__eu-eu__original,dico_phrasis_0002598,eu,eu,Gizon bat,Surflari bat,,NEGATIVE_OTHER
dico_phrasis_0002603__eu-eu__original,dico_phrasis_0002603,eu,eu,uretan zehar,ur zakarretan,,NEGATIVE_OTHER
dico_phrasis_0002604__eu-eu__original,dico_phrasis_0002604,eu,eu,ahoan harrapatzeko,hozka egiteko,,NEGATIVE_OTHER
dico_phrasis_0002605__eu-eu__original,dico_phrasis_0002605,eu,eu,Txakur marroi bat,Txakur gris bat,,NEGATIVE_OTHER
dico_phrasis_0002606__eu-eu__original,dico_phrasis_0002606,eu,eu,txakur zuri bat,beste txakur bat,,NEGATIVE_OTHER
dico_phrasis_0002609__eu-eu__original,dico_phrasis_0002609,eu,eu,hondartzan,hondartza baten,,NEGATIVE_OTHER
dico_phrasis_0002621__eu-eu__original,dico_phrasis_0002621,eu,eu,zuhaitz bateko kulunka batetik,"zuhaitz baten ondoan, kulunka batetik",,NEGATIVE_OTHER
dico_phrasis_0002626__eu-eu__original,dico_phrasis_0002626,eu,eu,harrapatu,jazartzen,,NEGATIVE_OTHER
dico_phrasis_0002628__eu-eu__original,dico_phrasis_0002628,eu,eu,erreka harritsu batean,ur berdexkan barrena,,NEGATIVE_OTHER
dico_phrasis_0002631__eu-eu__original,dico_phrasis_0002631,eu,eu,posatzen ari dira,zutik daude,,NEGATIVE_OTHER
dico_phrasis_0002633__eu-eu__original,dico_phrasis_0002633,eu,eu,ate-zulo batean,ate-aurreko maila baten gainean,,NEGATIVE_OTHER
dico_phrasis_0002637__eu-eu__original,dico_phrasis_0002637,eu,eu,lurrezko bidexka batean,lurrezko bidexkan zehar,,NEGATIVE_OTHER
dico_phrasis_0002638__eu-eu__original,dico_phrasis_0002638,eu,eu,Txakur marroi argi bat,Txakur zurbil bat,,NEGATIVE_OTHER
dico_phrasis_0002642__eu-eu__original,dico_phrasis_0002642,eu,eu,baso batetik gertu,basoan,,NEGATIVE_OTHER
dico_phrasis_0002643__eu-eu__original,dico_phrasis_0002643,eu,eu,hondarra zeharkatuz,hondartza baten luzeran,,NEGATIVE_OTHER
dico_phrasis_0002646__eu-eu__original,dico_phrasis_0002646,eu,eu,Gizon bat,Mendizale bat,,NEGATIVE_OTHER
dico_phrasis_0002647__eu-eu__original,dico_phrasis_0002647,eu,eu,ur-lerroan,itsasertz lasaian zehar,,NEGATIVE_OTHER
dico_phrasis_0002649__eu-eu__original,dico_phrasis_0002649,eu,eu,alkandora gorri bat,jertse gorri bat,,NEGATIVE_OTHER
dico_phrasis_0002650__eu-eu__original,dico_phrasis_0002650,eu,eu,Bi txakur beltz handi,Bi txakur zuri,,NEGATIVE_OTHER
dico_phrasis_0002652__eu-eu__original,dico_phrasis_0002652,eu,eu,jolasean,borrokan ari dira,,NEGATIVE_OTHER
dico_phrasis_0002655__eu-eu__original,dico_phrasis_0002655,eu,eu,arrapala batean,malda batera,,NEGATIVE_OTHER
dico_phrasis_0002656__eu-eu__original,dico_phrasis_0002656,eu,eu,trikimailu bat egiten,gorantz ibiltzen,,NEGATIVE_OTHER
dico_phrasis_0002657__eu-eu__original,dico_phrasis_0002657,eu,eu,mastekatzen du,ahoan dauka,,NEGATIVE_OTHER
dico_phrasis_0002658__eu-eu__original,dico_phrasis_0002658,eu,eu,elurretan barrena,zelai elurtuan,,NEGATIVE_OTHER
dico_phrasis_0002659__eu-eu__original,dico_phrasis_0002659,eu,eu,hondartza batean,hondartzan zehar,,NEGATIVE_OTHER
dico_phrasis_0002660__eu-eu__original,dico_phrasis_0002660,eu,eu,gainean jolasten ari dira,zutik daude,,NEGATIVE_OTHER
dico_phrasis_0002661__eu-eu__original,dico_phrasis_0002661,eu,eu,Barrez ari den neska gazte bat eta mutil bat,Neska haurtxo bat eta mutiko txiki bat,,NEGATIVE_OTHER
dico_phrasis_0002662__eu-eu__original,dico_phrasis_0002662,eu,eu,danbor handi bat,gitarra baten eta danbor baten ondoan,,NEGATIVE_OTHER
dico_phrasis_0002663__eu-eu__original,dico_phrasis_0002663,eu,eu,oztopo baten gainetik,hesi baten gainetik,,NEGATIVE_OTHER
dico_phrasis_0002664__eu-eu__original,dico_phrasis_0002664,eu,eu,sofa batetik,aulki batetik,,NEGATIVE_OTHER
dico_phrasis_0002667__eu-eu__original,dico_phrasis_0002667,eu,eu,olatu txiki bat,olatuetan,,NEGATIVE_OTHER
dico_phrasis_0002673__eu-eu__original,dico_phrasis_0002673,eu,eu,Softbol-jokalari bat,Beisbol-jokalari bat,,NEGATIVE_OTHER
dico_phrasis_0002674__eu-eu__original,dico_phrasis_0002674,eu,eu,Hiru ardi,ahuntz talde txiki bat,,NEGATIVE_OTHER
dico_phrasis_0002677__eu-eu__original,dico_phrasis_0002677,eu,eu,Txakur zuri eta marroia,Txakur zuri handia,,NEGATIVE_OTHER
dico_phrasis_0002678__eu-eu__original,dico_phrasis_0002678,eu,eu,oztopo-ibilbide batean barrena,zutoin-oztopoen artetik,,NEGATIVE_OTHER
dico_phrasis_0002680__eu-eu__original,dico_phrasis_0002680,eu,eu,txakur marroi eta zuria,txakur beltz eta zuria,,NEGATIVE_OTHER
dico_phrasis_0002681__eu-eu__original,dico_phrasis_0002681,eu,eu,Urre-koloreko txakur bat,Txakur beltz bat,,NEGATIVE_OTHER
dico_phrasis_0002684__eu-eu__original,dico_phrasis_0002684,eu,eu,pilota gorrien igerileku baten barruan,pilota urdinen igerileku baten gainean,,NEGATIVE_OTHER
dico_phrasis_0002685__eu-eu__original,dico_phrasis_0002685,eu,eu,Txakur zuri bat,txakur beltz busti bat,,NEGATIVE_OTHER
dico_phrasis_0002689__eu-eu__original,dico_phrasis_0002689,eu,eu,Bi mutil,Bi futbolari,,NEGATIVE_OTHER
dico_phrasis_0002691__eu-eu__original,dico_phrasis_0002691,eu,eu,eraikitzen ari da,pilatzen du,,NEGATIVE_OTHER
dico_phrasis_0002697__eu-eu__original,dico_phrasis_0002697,eu,eu,Txakur arre-gorrixka bat,Txakur gorrixka ederra,,NEGATIVE_OTHER
dico_phrasis_0002701__eu-eu__original,dico_phrasis_0002701,eu,eu,Txakur beltz eta arrea,Txakur zuria,,NEGATIVE_OTHER
dico_phrasis_0002702__eu-eu__original,dico_phrasis_0002702,eu,eu,piknik-mahai batean,kanpoko mahai batean,,NEGATIVE_OTHER
dico_phrasis_0002705__eu-eu__original,dico_phrasis_0002705,eu,eu,itsasertzean,hondartzan zehar,,NEGATIVE_OTHER
dico_phrasis_0002707__eu-eu__original,dico_phrasis_0002707,eu,eu,Houlako sarraskian,Houlako sarraskirako,,NEGATIVE_OTHER
dico_phrasis_0002709__eu-eu__original,dico_phrasis_0002709,eu,eu,ordezkari legitimotzat,ordezkari bakartzat,,NEGATIVE_OTHER
dico_phrasis_0002710__eu-eu__original,dico_phrasis_0002710,eu,eu,oposizioko koalizioa,oposizioa,,NEGATIVE_OTHER
dico_phrasis_0002713__eu-eu__original,dico_phrasis_0002713,eu,eu,eski-istripuaren ondoren,eskiatzen izandako istripuaren ostean,,NEGATIVE_OTHER
dico_phrasis_0002714__eu-eu__original,dico_phrasis_0002714,eu,eu,Bangladesheko arropa-fabrikako langileen,Bangladesheko fabrikan,,NEGATIVE_OTHER
dico_phrasis_0002717__eu-eu__original,dico_phrasis_0002717,eu,eu,ustez hila,hiltzen da,,NEGATIVE_OTHER
dico_phrasis_0002718__eu-eu__original,dico_phrasis_0002718,eu,eu,15era,11ra,,NEGATIVE_OTHER
dico_phrasis_0002720__eu-eu__original,dico_phrasis_0002720,eu,eu,Morsiren aldeko protesten aurretik,protesta jendetsuetarako,,NEGATIVE_OTHER
dico_phrasis_0002723__eu-eu__original,dico_phrasis_0002723,eu,eu,Dianaren heriotza hilketa izan zelako salaketa,Diana eta Fayeden heriotzei buruzko informazioa,,NEGATIVE_OTHER
dico_phrasis_0002727__eu-eu__original,dico_phrasis_0002727,eu,eu,leherketa hilgarriaren ondoren,Texasko leherketaren tokira,,NEGATIVE_OTHER
dico_phrasis_0002728__eu-eu__original,dico_phrasis_0002728,eu,eu,boteretik kendua,kargua uzten,,NEGATIVE_OTHER
dico_phrasis_0002730__eu-eu__original,dico_phrasis_0002730,eu,eu,"6,9 magnitudeko lurrikara","5,6 magnitudeko lurrikara",,NEGATIVE_OTHER
dico_phrasis_0002735__eu-eu__original,dico_phrasis_0002735,eu,eu,ostiralean,asteazkenean,,NEGATIVE_OTHER
dico_phrasis_0002742__eu-eu__original,dico_phrasis_0002742,eu,eu,Zoo Nazionaletik,Zoo Nazionalera,,NEGATIVE_OTHER
dico_phrasis_0002743__eu-eu__original,dico_phrasis_0002743,eu,eu,"6,3 magnitudeko lurrikara","7,7 magnitudeko lurrikara",,NEGATIVE_OTHER
dico_phrasis_0002745__eu-eu__original,dico_phrasis_0002745,eu,eu,Berotu egiten da,Gorantz abiatu,,NEGATIVE_OTHER
dico_phrasis_0002746__eu-eu__original,dico_phrasis_0002746,eu,eu,…ren presidentegaiak,presidentegai gisa,,NEGATIVE_OTHER
dico_phrasis_0002748__eu-eu__original,dico_phrasis_0002748,eu,eu,LAPDko agente ohia,CIAko agente ohia,,NEGATIVE_OTHER
dico_phrasis_0002749__eu-eu__original,dico_phrasis_0002749,eu,eu,Prestatzen du,bidea zabaltzen du,,NEGATIVE_OTHER
dico_phrasis_0002752__eu-eu__original,dico_phrasis_0002752,eu,eu,Timbuktun,Timbuktura,,NEGATIVE_OTHER
dico_phrasis_0002758__eu-eu__original,dico_phrasis_0002758,eu,eu,AEBetako datu ekonomiko baikorren eraginez,AEBetako eta Txinako datu positiboen eraginez,,NEGATIVE_OTHER
dico_phrasis_0002759__eu-eu__original,dico_phrasis_0002759,eu,eu,Mandela «Inspirazioa»,Mandelaren inspirazioaren eragina,,NEGATIVE_OTHER
dico_phrasis_0002760__eu-eu__original,dico_phrasis_0002760,eu,eu,Siriako mugan,Siriako mugatik gertu,,NEGATIVE_OTHER
dico_phrasis_0002761__eu-eu__original,dico_phrasis_0002761,eu,eu,aspaldi atzeratutako legegintza-bozketan,legegintza-bozketetan,,NEGATIVE_OTHER
dico_phrasis_0002763__eu-eu__original,dico_phrasis_0002763,eu,eu,Ipar Korearen hirugarren proba,Ipar Korearen proba nuklearra,,NEGATIVE_OTHER
dico_phrasis_0002769__eu-eu__original,dico_phrasis_0002769,eu,eu,Mandela gaixorik,Nelson Mandela lehen ministro ohia,,NEGATIVE_OTHER
dico_phrasis_0002771__eu-eu__original,dico_phrasis_0002771,eu,eu,"6,0 magnitudeko lurrikara","5,0 magnitudeko lurrikara",,NEGATIVE_OTHER
dico_phrasis_0002773__eu-eu__original,dico_phrasis_0002773,eu,eu,6.2767ra,6.1818ra,,NEGATIVE_OTHER
dico_phrasis_0002777__eu-eu__original,dico_phrasis_0002777,eu,eu,eraso bortitzetan,eraso berrietan,,NEGATIVE_OTHER
dico_phrasis_0002780__eu-eu__original,dico_phrasis_0002780,eu,eu,Israelgo erasoen inguruan,bigarren aire-erasoa,,NEGATIVE_OTHER
dico_phrasis_0002783__eu-eu__original,dico_phrasis_0002783,eu,eu,NATOko tropak,NATOren erasoa,,NEGATIVE_OTHER
dico_phrasis_0002785__eu-eu__original,dico_phrasis_0002785,eu,eu,blokeo fiskalaren,blokeo fiskalaren erdian,,NEGATIVE_OTHER
dico_phrasis_0002786__eu-eu__original,dico_phrasis_0002786,eu,eu,Kairoko liskarrean,Egiptoko liskarretan,,NEGATIVE_OTHER
dico_phrasis_0002788__eu-eu__original,dico_phrasis_0002788,eu,eu,Ronald Reagan AEBetako presidentearen bozeramaile ohia,Larry Speakes Reaganen bozeramaile ohia,,NEGATIVE_OTHER
dico_phrasis_0002791__eu-eu__original,dico_phrasis_0002791,eu,eu,hauteskundeak,hauteskunde-ahaleginean,,NEGATIVE_OTHER
dico_phrasis_0002795__eu-eu__original,dico_phrasis_0002795,eu,eu,Mendebalde Ertainean barrena,AEBetako Mendebalde Ertaina,,NEGATIVE_OTHER
dico_phrasis_0002797__eu-eu__original,dico_phrasis_0002797,eu,eu,burrunba ozenak,bi leherketa,,NEGATIVE_OTHER
dico_phrasis_0002799__eu-eu__original,dico_phrasis_0002799,eu,eu,Fedeko hurrengo presidente gisa,Banku Zentraleko buru berri gisa,,NEGATIVE_OTHER
dico_phrasis_0002800__eu-eu__original,dico_phrasis_0002800,eu,eu,Ofiziala,Indiako polizia,,NEGATIVE_OTHER
dico_phrasis_0002802__eu-eu__original,dico_phrasis_0002802,eu,eu,iPhonearen inguruko etsipenaz,etekinek eragindako etsipenaren ondoren,,NEGATIVE_OTHER
dico_phrasis_0002803__eu-eu__original,dico_phrasis_0002803,eu,eu,AEBetako Erreserba Federaleko buru gisa,Erreserba Federaleko hurrengo presidente gisa,,NEGATIVE_OTHER
dico_phrasis_0002805__eu-eu__original,dico_phrasis_0002805,eu,eu,5,gehienez sei,,NEGATIVE_OTHER
dico_phrasis_0002807__eu-eu__original,dico_phrasis_0002807,eu,eu,60 inguru,61,,NEGATIVE_OTHER
dico_phrasis_0002808__eu-eu__original,dico_phrasis_0002808,eu,eu,Irango presidentea,Irango ministroa,,NEGATIVE_OTHER
dico_phrasis_0002815__eu-eu__original,dico_phrasis_0002815,eu,eu,2013ko martxoaren 12a,2013ko ekainaren 25a,,NEGATIVE_OTHER
dico_phrasis_0002817__eu-eu__original,dico_phrasis_0002817,eu,eu,Siriaren gainean,Siriarentzat,,NEGATIVE_OTHER
dico_phrasis_0002820__eu-eu__original,dico_phrasis_0002820,eu,eu,Iraken,Irak osoan,,NEGATIVE_OTHER
dico_phrasis_0002831__eu-eu__original,dico_phrasis_0002831,eu,eu,emakume politikaria,5 emakume irakasle,,NEGATIVE_OTHER
dico_phrasis_0002832__eu-eu__original,dico_phrasis_0002832,eu,eu,Bostongo atentatuagatiko akusazioetara,Bostongo Maratoiko atentatuan,,NEGATIVE_OTHER
dico_phrasis_0002833__eu-eu__original,dico_phrasis_0002833,eu,eu,Gurutzegrama kriptikoa,Galdetegi-gurutzegrama,,NEGATIVE_OTHER
dico_phrasis_0002834__eu-eu__original,dico_phrasis_0002834,eu,eu,bularreko minbiziaren,bularreko minbiziari buruz,,NEGATIVE_OTHER
dico_phrasis_0002836__eu-eu__original,dico_phrasis_0002836,eu,eu,sarekada,leherketetan,,NEGATIVE_OTHER
dico_phrasis_0002837__eu-eu__original,dico_phrasis_0002837,eu,eu,eskaini,emango luke,,NEGATIVE_OTHER
dico_phrasis_0002849__eu-eu__original,dico_phrasis_0002849,eu,eu,suhiltzaile gisa,suhiltzaile taldeak,,NEGATIVE_OTHER
dico_phrasis_0002850__eu-eu__original,dico_phrasis_0002850,eu,eu,lana,aurrera egitea,,NEGATIVE_OTHER
dico_phrasis_0002852__eu-eu__original,dico_phrasis_0002852,eu,eu,"7,2 magnitudeko lurrikara","7,7 magnitudeko lurrikara",,NEGATIVE_OTHER
dico_phrasis_0002853__eu-eu__original,dico_phrasis_0002853,eu,eu,auzitan jarritako hauteskundeen,auzitan jarritako bozketan,,NEGATIVE_OTHER
dico_phrasis_0002854__eu-eu__original,dico_phrasis_0002854,eu,eu,azken oldarraldiari buruz,berrabiarazteari buruz,,NEGATIVE_OTHER
dico_phrasis_0002856__eu-eu__original,dico_phrasis_0002856,eu,eu,NSAko filtratzailearen aurka,filtrazioengatik Snowdenen aurka,,NEGATIVE_OTHER
dico_phrasis_0002861__eu-eu__original,dico_phrasis_0002861,eu,eu,presidentetzarako hauteskundeetan,Maliko presidentetzarako hauteskundeak,,NEGATIVE_OTHER
dico_phrasis_0002865__eu-eu__original,dico_phrasis_0002865,eu,eu,berrekin,eutsi,,NEGATIVE_OTHER
dico_phrasis_0002869__eu-eu__original,dico_phrasis_0002869,eu,eu,Abu Qatadaren,Abu Qatada elizgizon erradikala,,NEGATIVE_OTHER
dico_phrasis_0002870__eu-eu__original,dico_phrasis_0002870,eu,eu,thailandarrak protesta egiten ari diren bitartean,Thailandiako protesta-eguna,,NEGATIVE_OTHER
dico_phrasis_0002871__eu-eu__original,dico_phrasis_0002871,eu,eu,apirilaren 23a,urtarrilaren 21a,,NEGATIVE_OTHER
dico_phrasis_0002873__eu-eu__original,dico_phrasis_0002873,eu,eu,Beste 3 hildako,4 hildako,,NEGATIVE_OTHER
dico_phrasis_0002877__eu-eu__original,dico_phrasis_0002877,eu,eu,San Frantziskoko hegazkin-istripua,San Frantziskoko aire-istripuan,,NEGATIVE_OTHER
dico_phrasis_0002881__eu-eu__original,dico_phrasis_0002881,eu,eu,Israelgo tiroen ondorioz,Israelgo aire-eraso batean,,NEGATIVE_OTHER
dico_phrasis_0002883__eu-eu__original,dico_phrasis_0002883,eu,eu,Japoniako tunel bat erori ondoren,Tokio kanpoko tunel baten erorketan,,NEGATIVE_OTHER
dico_phrasis_0002892__eu-eu__original,dico_phrasis_0002892,eu,eu,Frantzia,Frantses gehienak,,NEGATIVE_OTHER
dico_phrasis_0002894__eu-eu__original,dico_phrasis_0002894,eu,eu,"6,2 magnitudeko lurrikara","4,3 magnitudeko lurrikara",,NEGATIVE_OTHER
dico_phrasis_0002897__eu-eu__original,dico_phrasis_0002897,eu,eu,astelehenean,ostegunean,,NEGATIVE_OTHER
dico_phrasis_0002899__eu-eu__original,dico_phrasis_0002899,eu,eu,immunitate-sistema,giza immunitatea,,NEGATIVE_OTHER
dico_phrasis_0002902__eu-eu__original,dico_phrasis_0002902,eu,eu,300. eta 301. golak,Bartzelonako 300. gola,,NEGATIVE_OTHER
dico_phrasis_0002904__eu-eu__original,dico_phrasis_0002904,eu,eu,Gabon eguneko uholdearen,uholde gehiago,,NEGATIVE_OTHER
dico_phrasis_0002905__eu-eu__original,dico_phrasis_0002905,eu,eu,Euri handia,Euri freskoa,,NEGATIVE_OTHER
dico_phrasis_0002907__eu-eu__original,dico_phrasis_0002907,eu,eu,Anaia Musulmanen aktiboak,Anaia Musulmanen funtsak,,NEGATIVE_OTHER
dico_phrasis_0002910__eu-eu__original,dico_phrasis_0002910,eu,eu,minbiziaren aurkako borroka berria,azaleko minbizia du,,NEGATIVE_OTHER
dico_phrasis_0002911__eu-eu__original,dico_phrasis_0002911,eu,eu,Akatsa,balizko akatsa,,NEGATIVE_OTHER
dico_phrasis_0002917__eu-eu__original,dico_phrasis_0002917,eu,eu,eusten dio,irabazten du,,NEGATIVE_OTHER
dico_phrasis_0002918__eu-eu__original,dico_phrasis_0002918,eu,eu,New Orleanseko tiroketan,NOLAko Amaren Eguneko tiroketan,,NEGATIVE_OTHER
dico_phrasis_0002919__eu-eu__original,dico_phrasis_0002919,eu,eu,lehia estuko hauteskunde baterako,hauteskunde historikoetarako,,NEGATIVE_OTHER
dico_phrasis_0002921__eu-eu__original,dico_phrasis_0002921,eu,eu,India garaipen handirantz,Indiaren garaipena Trofeoan,,NEGATIVE_OTHER
dico_phrasis_0002922__eu-eu__original,dico_phrasis_0002922,eu,eu,bahiketaren ondoren,atzemanda,,NEGATIVE_OTHER
dico_phrasis_0002924__eu-eu__original,dico_phrasis_0002924,eu,eu,aurre egiten dio,kontuak ematera deitua,,NEGATIVE_OTHER
dico_phrasis_0002926__eu-eu__original,dico_phrasis_0002926,eu,eu,Italiako gobernu berriari buruz,Italiako koalizio-gobernu berria,,NEGATIVE_OTHER
dico_phrasis_0002929__eu-eu__original,dico_phrasis_0002929,eu,eu,Siriako ipar-mendebaldean,Siriako iparraldean,,NEGATIVE_OTHER
dico_phrasis_0002931__eu-eu__original,dico_phrasis_0002931,eu,eu,konstituzio berriari buruz,konstituzio zatitzaileari buruz,,NEGATIVE_OTHER
dico_phrasis_0002932__eu-eu__original,dico_phrasis_0002932,eu,eu,ustezko eroskeriagatik,3 milioi dolarreko eroskeria onartzeagatik,,NEGATIVE_OTHER
dico_phrasis_0002935__eu-eu__original,dico_phrasis_0002935,eu,eu,13:15ean (EDT),13:15ean,,NEGATIVE_OTHER
dico_phrasis_0002936__eu-eu__original,dico_phrasis_0002936,eu,eu,irabazten du,koroatzen dute,,NEGATIVE_OTHER
dico_phrasis_0002939__eu-eu__original,dico_phrasis_0002939,eu,eu,Txinako 1. Merkataritza Askeko Eremu Pilotua,Shanghaiko Merkataritza Askeko Eremua,,NEGATIVE_OTHER
dico_phrasis_0002940__eu-eu__original,dico_phrasis_0002940,eu,eu,Afrika Erdiko Errepublikan borrokan,Afrika Erdiko Errepublikan liskarren ondoren,,NEGATIVE_OTHER
dico_phrasis_0002941__eu-eu__original,dico_phrasis_0002941,eu,eu,Dozenaka hildako,98 hildako,,NEGATIVE_OTHER
dico_phrasis_0002944__eu-eu__original,dico_phrasis_0002944,eu,eu,jo,tiro egin,,NEGATIVE_OTHER
dico_phrasis_0002945__eu-eu__original,dico_phrasis_0002945,eu,eu,maitasun-abentura bati buruzko salaketen ondoren,maitasun-abentura bati buruzko baieztapenengatik,,NEGATIVE_OTHER
dico_phrasis_0002953__eu-eu__original,dico_phrasis_0002953,eu,eu,presoen askatzearen inguruan,preso palestinarren askatzea,,NEGATIVE_OTHER
dico_phrasis_0002954__eu-eu__original,dico_phrasis_0002954,eu,eu,sexu-salaketen inguruan,«Sexu-abusua»ren inguruan,,NEGATIVE_OTHER
dico_phrasis_0002955__eu-eu__original,dico_phrasis_0002955,eu,eu,liskar gisa,liskarretan,,NEGATIVE_OTHER
dico_phrasis_0002956__eu-eu__original,dico_phrasis_0002956,eu,eu,Dozenaka hil dira,70etik gora hildako,,NEGATIVE_OTHER
dico_phrasis_0002957__eu-eu__original,dico_phrasis_0002957,eu,eu,ISAFeko soldadua,soldadu britainiarra,,NEGATIVE_OTHER
dico_phrasis_0002963__eu-eu__original,dico_phrasis_0002963,eu,eu,2013ko martxoaren 6a,2013ko martxoaren 12a,,NEGATIVE_OTHER
dico_phrasis_0002965__eu-eu__original,dico_phrasis_0002965,eu,eu,Hauteskundeetan,Hauteskunde aurreratuak,,NEGATIVE_OTHER
dico_phrasis_0002968__eu-eu__original,dico_phrasis_0002968,eu,eu,New Yorkeko segadan,segada hilgarriaren ondoren,,NEGATIVE_OTHER
dico_phrasis_0002970__eu-eu__original,dico_phrasis_0002970,eu,eu,"% 0,39","ehuneko 0,31",,NEGATIVE_OTHER
dico_phrasis_0002977__eu-eu__original,dico_phrasis_0002977,eu,eu,Bangladesheko eraikin baten erorketatik,Bangladesheko eraikin baten erorketan,,NEGATIVE_OTHER
dico_phrasis_0002982__eu-eu__original,dico_phrasis_0002982,eu,eu,Bostongo bonba-erasotzaile atxilotua,Bostongo bonba-erasoko susmagarriarentzat,,NEGATIVE_OTHER
dico_phrasis_0002985__eu-eu__original,dico_phrasis_0002985,eu,eu,Hegoafrikarrak,Hegoafrika,,NEGATIVE_OTHER
dico_phrasis_0002987__eu-eu__original,dico_phrasis_0002987,eu,eu,bonba-erasoetan,eraso berrietan,,NEGATIVE_OTHER
dico_phrasis_0002988__eu-eu__original,dico_phrasis_0002988,eu,eu,tornado handi eta izugarri arriskutsua,tornadoak bezala,,NEGATIVE_OTHER
dico_phrasis_0002990__eu-eu__original,dico_phrasis_0002990,eu,eu,asteazkenean,ostiralean,,NEGATIVE_OTHER
dico_phrasis_0002998__eu-eu__original,dico_phrasis_0002998,eu,eu,Solairu biko autobus gorria,Bidaiarientzako solairu biko autobusa,,NEGATIVE_OTHER
dico_phrasis_0003001__eu-eu__original,dico_phrasis_0003001,eu,eu,posean jartzen,zutik dago,,NEGATIVE_OTHER
dico_phrasis_0003004__eu-eu__original,dico_phrasis_0003004,eu,eu,errailen gainean,trenbidearen gainean,,NEGATIVE_OTHER
dico_phrasis_0003005__eu-eu__original,dico_phrasis_0003005,eu,eu,zurezko mahai baten gainean,jantokiko mahai baten gainean,,NEGATIVE_OTHER
dico_phrasis_0003008__eu-eu__original,dico_phrasis_0003008,eu,eu,begiratzen ari dira,kanpora begira,,NEGATIVE_OTHER
dico_phrasis_0003011__eu-eu__original,dico_phrasis_0003011,eu,eu,landa-bide batean,lurrezko bide batean barrena,,NEGATIVE_OTHER
dico_phrasis_0003012__eu-eu__original,dico_phrasis_0003012,eu,eu,Hiru emakume gazte,"Bi emakume indiar, bi neska indiarrekin",,NEGATIVE_OTHER
dico_phrasis_0003023__eu-eu__original,dico_phrasis_0003023,eu,eu,egongela batean,jangela batean,,NEGATIVE_OTHER
dico_phrasis_0003029__eu-eu__original,dico_phrasis_0003029,eu,eu,Arkume bat,Ardi bat,,NEGATIVE_OTHER
dico_phrasis_0003034__eu-eu__original,dico_phrasis_0003034,eu,eu,jantzita,dotore jantzita,,NEGATIVE_OTHER
dico_phrasis_0003035__eu-eu__original,dico_phrasis_0003035,eu,eu,kale bazterrean,kale jendetsu batean,,NEGATIVE_OTHER
dico_phrasis_0003036__eu-eu__original,dico_phrasis_0003036,eu,eu,Hegazkin hori eta urdin bat,Hegazkin zuria,,NEGATIVE_OTHER
dico_phrasis_0003038__eu-eu__original,dico_phrasis_0003038,eu,eu,piragua gorri batean,piragua hori batean,,NEGATIVE_OTHER
dico_phrasis_0003039__eu-eu__original,dico_phrasis_0003039,eu,eu,ilunabarrean,ilunabarretik gertu,,NEGATIVE_OTHER
dico_phrasis_0003040__eu-eu__original,dico_phrasis_0003040,eu,eu,Loro hori bat,Hori eta laranja koloreko txori bat,,NEGATIVE_OTHER
dico_phrasis_0003041__eu-eu__original,dico_phrasis_0003041,eu,eu,iturri baten aurrean,estatua baten aurrean,,NEGATIVE_OTHER
dico_phrasis_0003042__eu-eu__original,dico_phrasis_0003042,eu,eu,mendi-hegal batean,muino batean,,NEGATIVE_OTHER
dico_phrasis_0003043__eu-eu__original,dico_phrasis_0003043,eu,eu,haren gainean,gainean,,NEGATIVE_OTHER
dico_phrasis_0003045__eu-eu__original,dico_phrasis_0003045,eu,eu,aintzira baten ondoan,urertzean,,NEGATIVE_OTHER
dico_phrasis_0003046__eu-eu__original,dico_phrasis_0003046,eu,eu,gidatzen,zerbaiten gainean doa,,NEGATIVE_OTHER
dico_phrasis_0003058__eu-eu__original,dico_phrasis_0003058,eu,eu,zaldi zuri bat,zaldi marroi bat,,NEGATIVE_OTHER
dico_phrasis_0003068__eu-eu__original,dico_phrasis_0003068,eu,eu,Lurrun-makina bat,Tren bat,,NEGATIVE_OTHER
dico_phrasis_0003069__eu-eu__original,dico_phrasis_0003069,eu,eu,kamerarantz,kamerara,,NEGATIVE_OTHER
dico_phrasis_0003071__eu-eu__original,dico_phrasis_0003071,eu,eu,kameraren barrura,kameran,,NEGATIVE_OTHER
dico_phrasis_0003073__eu-eu__original,dico_phrasis_0003073,eu,eu,hondartzan zehar,ozeanoaren ertzean zehar,,NEGATIVE_OTHER
dico_phrasis_0003078__eu-eu__original,dico_phrasis_0003078,eu,eu,Gizon bat,Korrikalari bat,,NEGATIVE_OTHER
dico_phrasis_0003079__eu-eu__original,dico_phrasis_0003079,eu,eu,zaldi baten gainean,zaldi marroi bat,,NEGATIVE_OTHER
dico_phrasis_0003080__eu-eu__original,dico_phrasis_0003080,eu,eu,pertsona batena,pertsona baten gainean,,NEGATIVE_OTHER
dico_phrasis_0003082__eu-eu__original,dico_phrasis_0003082,eu,eu,ardi beltz bati,ardi marroi bati,,NEGATIVE_OTHER
dico_phrasis_0003083__eu-eu__original,dico_phrasis_0003083,eu,eu,motokroseko moto baten gainean,moto baten gainean,,NEGATIVE_OTHER
dico_phrasis_0003085__eu-eu__original,dico_phrasis_0003085,eu,eu,Hegazkin gorri eta urdin bat,Bigarren Mundu Gerrako ehiza-hegazkin bat,,NEGATIVE_OTHER
dico_phrasis_0003086__eu-eu__original,dico_phrasis_0003086,eu,eu,Lau emakume eta bi gizon,Pertsona talde bat,,NEGATIVE_OTHER
dico_phrasis_0003087__eu-eu__original,dico_phrasis_0003087,eu,eu,landa-eremu batean,soro batean,,NEGATIVE_OTHER
dico_phrasis_0003088__eu-eu__original,dico_phrasis_0003088,eu,eu,alfonbradun zoru baten gainean,moketa zuriaren gainean,,NEGATIVE_OTHER
dico_phrasis_0003090__eu-eu__original,dico_phrasis_0003090,eu,eu,janari bihurtuta,pastel bat,,NEGATIVE_OTHER
dico_phrasis_0003091__eu-eu__original,dico_phrasis_0003091,eu,eu,motozikleta gorri eta hori baten gain-gainean,motozikleta gorri eta hori baten gainean,,NEGATIVE_OTHER
dico_phrasis_0003092__eu-eu__original,dico_phrasis_0003092,eu,eu,Etxeko bulegorako espazioa,Bulego txikirako espazioa,,NEGATIVE_OTHER
dico_phrasis_0003095__eu-eu__original,dico_phrasis_0003095,eu,eu,Zama-hegazkin berde eta zuri bat,Hegazkin komertzial zuri eta berde bat,,NEGATIVE_OTHER
dico_phrasis_0003098__eu-eu__original,dico_phrasis_0003098,eu,eu,haren kros-motoa,bizikleta baten gainean,,NEGATIVE_OTHER
dico_phrasis_0003100__eu-eu__original,dico_phrasis_0003100,eu,eu,muino berdean,mendi-hegal batean,,NEGATIVE_OTHER
dico_phrasis_0003101__eu-eu__original,dico_phrasis_0003101,eu,eu,aireratze-pista batean zehar,aireportuko plataforman,,NEGATIVE_OTHER
dico_phrasis_0003102__eu-eu__original,dico_phrasis_0003102,eu,eu,Etxeko katu bat,Katu zuri bat,,NEGATIVE_OTHER
dico_phrasis_0003103__eu-eu__original,dico_phrasis_0003103,eu,eu,espaloitik behera,espaloian zehar,,NEGATIVE_OTHER
dico_phrasis_0003104__eu-eu__original,dico_phrasis_0003104,eu,eu,denda baten ondoan,liburu-denda baten kanpoan,,NEGATIVE_OTHER
dico_phrasis_0003105__eu-eu__original,dico_phrasis_0003105,eu,eu,kaleetan zehar,kale batetik behera,,NEGATIVE_OTHER
dico_phrasis_0003106__eu-eu__original,dico_phrasis_0003106,eu,eu,mahai marroi baten gainean,zurezko mahai baten gainean,,NEGATIVE_OTHER
dico_phrasis_0003109__eu-eu__original,dico_phrasis_0003109,eu,eu,Neska gazte bat,neska txiki bat,,NEGATIVE_OTHER
dico_phrasis_0003111__eu-eu__original,dico_phrasis_0003111,eu,eu,zurezko armairu eta altzariekin,zurezko mahai eta armairuekin,,NEGATIVE_OTHER
dico_phrasis_0003113__eu-eu__original,dico_phrasis_0003113,eu,eu,Lurrun-makina berde bat,Lurrun-tren beltz bat,,NEGATIVE_OTHER
dico_phrasis_0003116__eu-eu__original,dico_phrasis_0003116,eu,eu,Emakume gazte bat,Neska,,NEGATIVE_OTHER
dico_phrasis_0003117__eu-eu__original,dico_phrasis_0003117,eu,eu,Hiru pertsona,Adineko bi emakume,,NEGATIVE_OTHER
dico_phrasis_0003121__eu-eu__original,dico_phrasis_0003121,eu,eu,tren-geltoki baten barruan,tren-geltokian,,NEGATIVE_OTHER
dico_phrasis_0003130__eu-eu__original,dico_phrasis_0003130,eu,eu,botila baten,ur botila bat,,NEGATIVE_OTHER
dico_phrasis_0003131__eu-eu__original,dico_phrasis_0003131,eu,eu,patioaren,zelaian,,NEGATIVE_OTHER
dico_phrasis_0003132__eu-eu__original,dico_phrasis_0003132,eu,eu,Behi bakarti bat,behi zuri-beltz bat,,NEGATIVE_OTHER
dico_phrasis_0003134__eu-eu__original,dico_phrasis_0003134,eu,eu,afari-mahaian,jangelako mahai baten inguruan,,NEGATIVE_OTHER
dico_phrasis_0003135__eu-eu__original,dico_phrasis_0003135,eu,eu,Adineko bikote asiar bat,Adineko pertsona talde bat,,NEGATIVE_OTHER
dico_phrasis_0003137__eu-eu__original,dico_phrasis_0003137,eu,eu,Emakume gazte bat,Gizon bat,,NEGATIVE_OTHER
dico_phrasis_0003140__eu-eu__original,dico_phrasis_0003140,eu,eu,Tren beltz bat,Tren luze bat,,NEGATIVE_OTHER
dico_phrasis_0003146__eu-eu__original,dico_phrasis_0003146,eu,eu,Txori beltza,Txori urdina,,NEGATIVE_OTHER
dico_phrasis_0003150__eu-eu__original,dico_phrasis_0003150,eu,eu,errepidean behera,errepidean,,NEGATIVE_OTHER
dico_phrasis_0003151__eu-eu__original,dico_phrasis_0003151,eu,eu,Ile luzeko katu bat,katu baten,,NEGATIVE_OTHER
dico_phrasis_0003153__eu-eu__original,dico_phrasis_0003153,eu,eu,ordenagailuko monitorearekin,bi monitorerekin,,NEGATIVE_OTHER
dico_phrasis_0003154__eu-eu__original,dico_phrasis_0003154,eu,eu,kafetegi batean,kafetegi bateko,,NEGATIVE_OTHER
dico_phrasis_0003155__eu-eu__original,dico_phrasis_0003155,eu,eu,jendez gainezka dagoen kale batean,hiriko kale batean,,NEGATIVE_OTHER
dico_phrasis_0003156__eu-eu__original,dico_phrasis_0003156,eu,eu,Chevrolet markako kirol-auto baten,Chevrolet markako kontzeptu-auto gorri baten,,NEGATIVE_OTHER
dico_phrasis_0003169__eu-eu__original,dico_phrasis_0003169,eu,eu,esne-behi batena,Behi beltz eta marroia,,NEGATIVE_OTHER
dico_phrasis_0003172__eu-eu__original,dico_phrasis_0003172,eu,eu,eraikin baten aurrean,eraikin hondatu baten kanpoan,,NEGATIVE_OTHER
dico_phrasis_0003173__eu-eu__original,dico_phrasis_0003173,eu,eu,SUV laranja baten,furgoneta hori oso bete baten,,NEGATIVE_OTHER
dico_phrasis_0003177__eu-eu__original,dico_phrasis_0003177,eu,eu,Erreakzio-hegazkin handi bat,Bidaiarientzako erreakzio-hegazkin bat,,NEGATIVE_OTHER
dico_phrasis_0003180__eu-eu__original,dico_phrasis_0003180,eu,eu,mahai batean,mahai baten inguruan,,NEGATIVE_OTHER
dico_phrasis_0003181__eu-eu__original,dico_phrasis_0003181,eu,eu,lur orotako moto bat,moto bat,,NEGATIVE_OTHER
dico_phrasis_0003194__eu-eu__original,dico_phrasis_0003194,eu,eu,hesi baten atzean,metalezko ate baten atzean,,NEGATIVE_OTHER
dico_phrasis_0003198__eu-eu__original,dico_phrasis_0003198,eu,eu,Victory Liner autobus bat,turismo-autobus zuri bat,,NEGATIVE_OTHER
dico_phrasis_0003201__eu-eu__original,dico_phrasis_0003201,eu,eu,aharrausika ari den haurtxo batekin,haurtxo jaioberri batekin,,NEGATIVE_OTHER
dico_phrasis_0003202__eu-eu__original,dico_phrasis_0003202,eu,eu,beherantz joaten,planeatzen,,NEGATIVE_OTHER
dico_phrasis_0003206__eu-eu__original,dico_phrasis_0003206,eu,eu,txori-jantokitik,txori-jantokiaren gainean,,NEGATIVE_OTHER
dico_phrasis_0003207__eu-eu__original,dico_phrasis_0003207,eu,eu,postu baten ondoan,ilararen aurrean,,NEGATIVE_OTHER
dico_phrasis_0003208__eu-eu__original,dico_phrasis_0003208,eu,eu,jaka gris bat,maskotentzako jaka batean,,NEGATIVE_OTHER
dico_phrasis_0003225__eu-eu__original,dico_phrasis_0003225,eu,eu,mahai marroi baten gainean,jangelako mahai baten gainean,,NEGATIVE_OTHER
dico_phrasis_0003228__eu-eu__original,dico_phrasis_0003228,eu,eu,bizikleta txiki bat,bizikleta baten gainean,,NEGATIVE_OTHER
dico_phrasis_0003230__eu-eu__original,dico_phrasis_0003230,eu,eu,Bi emakume,Hiru gizon,,NEGATIVE_OTHER
dico_phrasis_0003231__eu-eu__original,dico_phrasis_0003231,eu,eu,zutik daude,zutik dago,,NEGATIVE_OTHER
dico_phrasis_0003233__eu-eu__original,dico_phrasis_0003233,eu,eu,larruzko aulki batean,bulegoko aulki batean,,NEGATIVE_OTHER
dico_phrasis_0003234__eu-eu__original,dico_phrasis_0003234,eu,eu,Katu laranja eta zuri bat,Katu gorrixka bat,,NEGATIVE_OTHER
dico_phrasis_0003235__eu-eu__original,dico_phrasis_0003235,eu,eu,trenbideen gainean,trenbidetik behera,,NEGATIVE_OTHER
dico_phrasis_0003238__eu-eu__original,dico_phrasis_0003238,eu,eu,bere gain hartzen,jasotzen ari da,,NEGATIVE_OTHER
dico_phrasis_0003239__eu-eu__original,dico_phrasis_0003239,eu,eu,Coca-Colako beirazko botila baten,Coca-Colako botila motz eta potolo baten,,NEGATIVE_OTHER
dico_phrasis_0003240__eu-eu__original,dico_phrasis_0003240,eu,eu,bi gizonekin,beste bi pertsonarekin,,NEGATIVE_OTHER
dico_phrasis_0003242__eu-eu__original,dico_phrasis_0003242,eu,eu,bultzatzen,gidatzen ari da,,NEGATIVE_OTHER
dico_phrasis_0003244__eu-eu__original,dico_phrasis_0003244,eu,eu,ur-hornigailurantz,txori-jantokietatik gertu,,NEGATIVE_OTHER
dico_phrasis_0003247__eu-eu__original,dico_phrasis_0003247,eu,eu,pertsona batekin,bat bezala,,NEGATIVE_OTHER
dico_phrasis_0003248__eu-eu__original,dico_phrasis_0003248,eu,eu,Zaldizko bat,Emakume bat,,NEGATIVE_OTHER
dico_phrasis_0003255__eu-eu__original,dico_phrasis_0003255,eu,eu,Zuri-beltzeko argazki bat,Zuri-beltzeko eszena bat,,NEGATIVE_OTHER
dico_phrasis_0003257__eu-eu__original,dico_phrasis_0003257,eu,eu,krema-koloreko sofa baten gainean,sofa zuri baten gainean,,NEGATIVE_OTHER
dico_phrasis_0003258__eu-eu__original,dico_phrasis_0003258,eu,eu,katu baten,katu siames bat,,NEGATIVE_OTHER
dico_phrasis_0003260__eu-eu__original,dico_phrasis_0003260,eu,eu,biltzen ari dira,jazartzen zaizkie,,NEGATIVE_OTHER
dico_phrasis_0003261__eu-eu__original,dico_phrasis_0003261,eu,eu,Txakur beltz bat,Ile luzeko txakur bat,,NEGATIVE_OTHER
dico_phrasis_0003262__eu-eu__original,dico_phrasis_0003262,eu,eu,erdibitzailean,adabaki baten gainean,,NEGATIVE_OTHER
dico_phrasis_0003265__eu-eu__original,dico_phrasis_0003265,eu,eu,Katu zuri txiki bat,Katu gris eta zuri bat,,NEGATIVE_OTHER
dico_phrasis_0003266__eu-eu__original,dico_phrasis_0003266,eu,eu,jertse bat,jaka bat,,NEGATIVE_OTHER
dico_phrasis_0003269__eu-eu__original,dico_phrasis_0003269,eu,eu,lurrezko pista batean,lurrezko muino baten gainetik,,NEGATIVE_OTHER
dico_phrasis_0003270__eu-eu__original,dico_phrasis_0003270,eu,eu,Emakume bat,Neska bat,,NEGATIVE_OTHER
dico_phrasis_0003271__eu-eu__original,dico_phrasis_0003271,eu,eu,Behi adardun zuri-beltz bat,Behi zuri-beltz handi bat,,NEGATIVE_OTHER
dico_phrasis_0003273__eu-eu__original,dico_phrasis_0003273,eu,eu,Bi ahate,Hegaztiak,,NEGATIVE_OTHER
dico_phrasis_0003274__eu-eu__original,dico_phrasis_0003274,eu,eu,Tren marroia,Tren zuria,,NEGATIVE_OTHER
dico_phrasis_0003277__eu-eu__original,dico_phrasis_0003277,eu,eu,belarrezko muino batean,lurrezko muino baten gainetik,,NEGATIVE_OTHER
dico_phrasis_0003279__eu-eu__original,dico_phrasis_0003279,eu,eu,Emakume bat,Gizon bat eta mutil bat,,NEGATIVE_OTHER
dico_phrasis_0003282__eu-eu__original,dico_phrasis_0003282,eu,eu,uniforme beltz batekin,smoking batekin,,NEGATIVE_OTHER
dico_phrasis_0003284__eu-eu__original,dico_phrasis_0003284,eu,eu,egurrezko eraikin baten barruan,egurrezko postu batean,,NEGATIVE_OTHER
dico_phrasis_0003287__eu-eu__original,dico_phrasis_0003287,eu,eu,konketa baten barruan,bainugelako konketan,,NEGATIVE_OTHER
dico_phrasis_0003288__eu-eu__original,dico_phrasis_0003288,eu,eu,txalupa txiki bat,belaontzi batean,,NEGATIVE_OTHER
dico_phrasis_0003291__eu-eu__original,dico_phrasis_0003291,eu,eu,Kolore iluneko txakur bat,Txakur gris bat,,NEGATIVE_OTHER
dico_phrasis_0003292__eu-eu__original,dico_phrasis_0003292,eu,eu,zuri bat,beste zuria,,NEGATIVE_OTHER
dico_phrasis_0003293__eu-eu__original,dico_phrasis_0003293,eu,eu,marroi bat,gorrixka bat,,NEGATIVE_OTHER
dico_phrasis_0003295__eu-eu__original,dico_phrasis_0003295,eu,eu,Zilar-koloreko lokomotora-motor handia,zilar-koloreko tren-motor baten,,NEGATIVE_OTHER
dico_phrasis_0003296__eu-eu__original,dico_phrasis_0003296,eu,eu,Auto gorri txiki bat,Kirol-auto gorri bat,,NEGATIVE_OTHER
dico_phrasis_0003297__eu-eu__original,dico_phrasis_0003297,eu,eu,Telebista bat hainbat liburu-apalategirekin,"telebista, estereo eta liburu-apalategi batekin",,NEGATIVE_OTHER
dico_phrasis_0003298__eu-eu__original,dico_phrasis_0003298,eu,eu,behi emeen,behi-aziendaren,,NEGATIVE_OTHER
dico_phrasis_0003299__eu-eu__original,dico_phrasis_0003299,eu,eu,aerodromo batean,aireportu batean,,NEGATIVE_OTHER
dico_phrasis_0003300__eu-eu__original,dico_phrasis_0003300,eu,eu,bi lagunentzako sofa baten,sofa baten,,NEGATIVE_OTHER
dico_phrasis_0003301__eu-eu__original,dico_phrasis_0003301,eu,eu,Hegazkin urdin eta laranja bat,Hegazkin gorri eta urdin bat,,NEGATIVE_OTHER
dico_phrasis_0003303__eu-eu__original,dico_phrasis_0003303,eu,eu,Ordenagailu eramangarri bat eta ordenagailu-monitore bat,Ordenagailu eramangarri bat eta PC bat,,NEGATIVE_OTHER
dico_phrasis_0003308__eu-eu__original,dico_phrasis_0003308,eu,eu,belar onduaren artean,belar gainean,,NEGATIVE_OTHER
dico_phrasis_0003315__eu-eu__original,dico_phrasis_0003315,eu,eu,aulki marroi baten gainean,aulki hori baten gainean,,NEGATIVE_OTHER
dico_phrasis_0003316__eu-eu__original,dico_phrasis_0003316,eu,eu,ardi baten,arkume baten,,NEGATIVE_OTHER
dico_phrasis_0003318__eu-eu__original,dico_phrasis_0003318,eu,eu,Gizon bat,Emakume batzuk,,NEGATIVE_OTHER
