instance_id,pair_id,text1_lang,text2_lang,text1,text2,label
dico_phrasis_0000001__en-en__flipped,dico_phrasis_0000001,en,en,Conservative opposition,Conservatives,FORWARD_ENTAILMENT
dico_phrasis_0000001__en-en__original,dico_phrasis_0000001,en,en,Conservatives,Conservative opposition,BACKWARD_ENTAILMENT
dico_phrasis_0000003__en-en__flipped,dico_phrasis_0000003,en,en,Japanese PM Shinzo Abe,Abe,FORWARD_ENTAILMENT
dico_phrasis_0000003__en-en__original,dico_phrasis_0000003,en,en,Abe,Japanese PM Shinzo Abe,BACKWARD_ENTAILMENT
dico_phrasis_0000005__en-en__flipped,dico_phrasis_0000005,en,en,ballistic missiles,missiles,FORWARD_ENTAILMENT
dico_phrasis_0000005__en-en__original,dico_phrasis_0000005,en,en,missiles,ballistic missiles,BACKWARD_ENTAILMENT
dico_phrasis_0000006__en-en__flipped,dico_phrasis_0000006,en,en,among all dead,among 9 killed,FORWARD_ENTAILMENT
dico_phrasis_0000006__en-en__original,dico_phrasis_0000006,en,en,among 9 killed,among all dead,BACKWARD_ENTAILMENT
dico_phrasis_0000009__en-en__flipped,dico_phrasis_0000009,en,en,89 dead,22 Dead,FORWARD_ENTAILMENT
dico_phrasis_0000009__en-en__original,dico_phrasis_0000009,en,en,22 Dead,89 dead,BACKWARD_ENTAILMENT
dico_phrasis_0000011__en-en__flipped,dico_phrasis_0000011,en,en,Landslide Win,'s win,FORWARD_ENTAILMENT
dico_phrasis_0000011__en-en__original,dico_phrasis_0000011,en,en,'s win,Landslide Win,BACKWARD_ENTAILMENT
dico_phrasis_0000012__en-en__flipped,dico_phrasis_0000012,en,en,in any hospital bed,in hospital,FORWARD_ENTAILMENT
dico_phrasis_0000012__en-en__original,dico_phrasis_0000012,en,en,in hospital,in any hospital bed,BACKWARD_ENTAILMENT
dico_phrasis_0000013__en-en__flipped,dico_phrasis_0000013,en,en,as Sindh Assembly deputy speaker,Deputy Speaker of SA,FORWARD_ENTAILMENT
dico_phrasis_0000013__en-en__original,dico_phrasis_0000013,en,en,Deputy Speaker of SA,as Sindh Assembly deputy speaker,BACKWARD_ENTAILMENT
dico_phrasis_0000014__en-en__flipped,dico_phrasis_0000014,en,en,'s youngest child Lady Soames,'s last child,FORWARD_ENTAILMENT
dico_phrasis_0000014__en-en__original,dico_phrasis_0000014,en,en,'s last child,'s youngest child Lady Soames,BACKWARD_ENTAILMENT
dico_phrasis_0000015__en-en__flipped,dico_phrasis_0000015,en,en,in Gulf waters,into sea,FORWARD_ENTAILMENT
dico_phrasis_0000015__en-en__original,dico_phrasis_0000015,en,en,into sea,in Gulf waters,BACKWARD_ENTAILMENT
dico_phrasis_0000016__en-en__flipped,dico_phrasis_0000016,en,en,as any president,'s president,FORWARD_ENTAILMENT
dico_phrasis_0000016__en-en__original,dico_phrasis_0000016,en,en,'s president,as any president,BACKWARD_ENTAILMENT
dico_phrasis_0000017__en-en__flipped,dico_phrasis_0000017,en,en,at New Orleans Parade Shooting,in New Orleans shooting,FORWARD_ENTAILMENT
dico_phrasis_0000017__en-en__original,dico_phrasis_0000017,en,en,in New Orleans shooting,at New Orleans Parade Shooting,BACKWARD_ENTAILMENT
dico_phrasis_0000020__en-en__flipped,dico_phrasis_0000020,en,en,MKO claim,claim,FORWARD_ENTAILMENT
dico_phrasis_0000020__en-en__original,dico_phrasis_0000020,en,en,claim,MKO claim,BACKWARD_ENTAILMENT
dico_phrasis_0000022__en-en__flipped,dico_phrasis_0000022,en,en,Australian ship,Ship,FORWARD_ENTAILMENT
dico_phrasis_0000022__en-en__original,dico_phrasis_0000022,en,en,Ship,Australian ship,BACKWARD_ENTAILMENT
dico_phrasis_0000025__en-en__flipped,dico_phrasis_0000025,en,en,for Boston victims,Boston victims,FORWARD_ENTAILMENT
dico_phrasis_0000025__en-en__original,dico_phrasis_0000025,en,en,Boston victims,for Boston victims,BACKWARD_ENTAILMENT
dico_phrasis_0000027__en-en__flipped,dico_phrasis_0000027,en,en,over Ed Snowden affair,over Edward Snowden,FORWARD_ENTAILMENT
dico_phrasis_0000027__en-en__original,dico_phrasis_0000027,en,en,over Edward Snowden,over Ed Snowden affair,BACKWARD_ENTAILMENT
dico_phrasis_0000028__en-en__flipped,dico_phrasis_0000028,en,en,for plan,proposal,FORWARD_ENTAILMENT
dico_phrasis_0000028__en-en__original,dico_phrasis_0000028,en,en,proposal,for plan,BACKWARD_ENTAILMENT
dico_phrasis_0000029__en-en__flipped,dico_phrasis_0000029,en,en,after full 5 years in captivity,after almost five years captivity,FORWARD_ENTAILMENT
dico_phrasis_0000029__en-en__original,dico_phrasis_0000029,en,en,after almost five years captivity,after full 5 years in captivity,BACKWARD_ENTAILMENT
dico_phrasis_0000033__en-en__flipped,dico_phrasis_0000033,en,en,9 foreign tourists and one Pakistani,10 foreign tourists,FORWARD_ENTAILMENT
dico_phrasis_0000033__en-en__original,dico_phrasis_0000033,en,en,10 foreign tourists,9 foreign tourists and one Pakistani,BACKWARD_ENTAILMENT
dico_phrasis_0000036__en-en__flipped,dico_phrasis_0000036,en,en,as Australia 's new Prime Minister,as Australian PM,FORWARD_ENTAILMENT
dico_phrasis_0000036__en-en__original,dico_phrasis_0000036,en,en,as Australian PM,as Australia 's new Prime Minister,BACKWARD_ENTAILMENT
dico_phrasis_0000037__en-en__flipped,dico_phrasis_0000037,en,en,of one-child policy,one-child policy,FORWARD_ENTAILMENT
dico_phrasis_0000037__en-en__original,dico_phrasis_0000037,en,en,one-child policy,of one-child policy,BACKWARD_ENTAILMENT
dico_phrasis_0000038__en-en__flipped,dico_phrasis_0000038,en,en,A mother,A woman,FORWARD_ENTAILMENT
dico_phrasis_0000038__en-en__original,dico_phrasis_0000038,en,en,A woman,A mother,BACKWARD_ENTAILMENT
dico_phrasis_0000039__en-en__flipped,dico_phrasis_0000039,en,en,after her eight-year-old daughter,after an eight-year-old girl,FORWARD_ENTAILMENT
dico_phrasis_0000039__en-en__original,dico_phrasis_0000039,en,en,after an eight-year-old girl,after her eight-year-old daughter,BACKWARD_ENTAILMENT
dico_phrasis_0000042__en-en__flipped,dico_phrasis_0000042,en,en,up 0.2 percent,0.2 pct.,FORWARD_ENTAILMENT
dico_phrasis_0000042__en-en__original,dico_phrasis_0000042,en,en,0.2 pct.,up 0.2 percent,BACKWARD_ENTAILMENT
dico_phrasis_0000043__en-en__flipped,dico_phrasis_0000043,en,en,of chemical weapons,chemical weapons,FORWARD_ENTAILMENT
dico_phrasis_0000043__en-en__original,dico_phrasis_0000043,en,en,chemical weapons,of chemical weapons,BACKWARD_ENTAILMENT
dico_phrasis_0000044__en-en__flipped,dico_phrasis_0000044,en,en,UN Chemical Arms Experts,Chemical Arms Team,FORWARD_ENTAILMENT
dico_phrasis_0000044__en-en__original,dico_phrasis_0000044,en,en,Chemical Arms Team,UN Chemical Arms Experts,BACKWARD_ENTAILMENT
dico_phrasis_0000045__en-en__flipped,dico_phrasis_0000045,en,en,'s opposition party,'s opposition,FORWARD_ENTAILMENT
dico_phrasis_0000045__en-en__original,dico_phrasis_0000045,en,en,'s opposition,'s opposition party,BACKWARD_ENTAILMENT
dico_phrasis_0000047__en-en__flipped,dico_phrasis_0000047,en,en,Bangladesh collapse deaths,death toll,FORWARD_ENTAILMENT
dico_phrasis_0000047__en-en__original,dico_phrasis_0000047,en,en,death toll,Bangladesh collapse deaths,BACKWARD_ENTAILMENT
dico_phrasis_0000048__en-en__flipped,dico_phrasis_0000048,en,en,Italy gov 't,Italy,FORWARD_ENTAILMENT
dico_phrasis_0000048__en-en__original,dico_phrasis_0000048,en,en,Italy,Italy gov 't,BACKWARD_ENTAILMENT
dico_phrasis_0000049__en-en__flipped,dico_phrasis_0000049,en,en,humanitarian asylum,asylum,FORWARD_ENTAILMENT
dico_phrasis_0000049__en-en__original,dico_phrasis_0000049,en,en,asylum,humanitarian asylum,BACKWARD_ENTAILMENT
dico_phrasis_0000050__en-en__flipped,dico_phrasis_0000050,en,en,against US military interference,against military intervention,FORWARD_ENTAILMENT
dico_phrasis_0000050__en-en__original,dico_phrasis_0000050,en,en,against military intervention,against US military interference,BACKWARD_ENTAILMENT
dico_phrasis_0000051__en-en__flipped,dico_phrasis_0000051,en,en,of February general election,general election,FORWARD_ENTAILMENT
dico_phrasis_0000051__en-en__original,dico_phrasis_0000051,en,en,general election,of February general election,BACKWARD_ENTAILMENT
dico_phrasis_0000052__en-en__flipped,dico_phrasis_0000052,en,en,Thailand 's opposition Democrat Party,Thai opposition party,FORWARD_ENTAILMENT
dico_phrasis_0000052__en-en__original,dico_phrasis_0000052,en,en,Thai opposition party,Thailand 's opposition Democrat Party,BACKWARD_ENTAILMENT
dico_phrasis_0000053__en-en__flipped,dico_phrasis_0000053,en,en,in Iraq Conflict,in Iraq,FORWARD_ENTAILMENT
dico_phrasis_0000053__en-en__original,dico_phrasis_0000053,en,en,in Iraq,in Iraq Conflict,BACKWARD_ENTAILMENT
dico_phrasis_0000054__en-en__flipped,dico_phrasis_0000054,en,en,in Benghazi,'s Benghazi,FORWARD_ENTAILMENT
dico_phrasis_0000054__en-en__original,dico_phrasis_0000054,en,en,'s Benghazi,in Benghazi,BACKWARD_ENTAILMENT
dico_phrasis_0000055__en-en__flipped,dico_phrasis_0000055,en,en,'s new baby prince,'s new prince,FORWARD_ENTAILMENT
dico_phrasis_0000055__en-en__original,dico_phrasis_0000055,en,en,'s new prince,'s new baby prince,BACKWARD_ENTAILMENT
dico_phrasis_0000057__en-en__flipped,dico_phrasis_0000057,en,en,historic Crusader castle,Crusader castle,FORWARD_ENTAILMENT
dico_phrasis_0000057__en-en__original,dico_phrasis_0000057,en,en,Crusader castle,historic Crusader castle,BACKWARD_ENTAILMENT
dico_phrasis_0000058__en-en__flipped,dico_phrasis_0000058,en,en,of all Morsi supporters,Four Morsi supporters,FORWARD_ENTAILMENT
dico_phrasis_0000058__en-en__original,dico_phrasis_0000058,en,en,Four Morsi supporters,of all Morsi supporters,BACKWARD_ENTAILMENT
dico_phrasis_0000060__en-en__flipped,dico_phrasis_0000060,en,en,five men,Five people,FORWARD_ENTAILMENT
dico_phrasis_0000060__en-en__original,dico_phrasis_0000060,en,en,Five people,five men,BACKWARD_ENTAILMENT
dico_phrasis_0000061__en-en__flipped,dico_phrasis_0000061,en,en,for 40 missing,40 missing,FORWARD_ENTAILMENT
dico_phrasis_0000061__en-en__original,dico_phrasis_0000061,en,en,40 missing,for 40 missing,BACKWARD_ENTAILMENT
dico_phrasis_0000062__en-en__flipped,dico_phrasis_0000062,en,en,in Canada train blaze,in Canadian train wreck,FORWARD_ENTAILMENT
dico_phrasis_0000062__en-en__original,dico_phrasis_0000062,en,en,in Canadian train wreck,in Canada train blaze,BACKWARD_ENTAILMENT
dico_phrasis_0000063__en-en__flipped,dico_phrasis_0000063,en,en,Israeli authorities,Israel,FORWARD_ENTAILMENT
dico_phrasis_0000063__en-en__original,dico_phrasis_0000063,en,en,Israel,Israeli authorities,BACKWARD_ENTAILMENT
dico_phrasis_0000065__en-en__flipped,dico_phrasis_0000065,en,en,South Africans,South Africa,FORWARD_ENTAILMENT
dico_phrasis_0000065__en-en__original,dico_phrasis_0000065,en,en,South Africa,South Africans,BACKWARD_ENTAILMENT
dico_phrasis_0000066__en-en__flipped,dico_phrasis_0000066,en,en,Prince William and Catherine,Prince William,FORWARD_ENTAILMENT
dico_phrasis_0000066__en-en__original,dico_phrasis_0000066,en,en,Prince William,Prince William and Catherine,BACKWARD_ENTAILMENT
dico_phrasis_0000068__en-en__flipped,dico_phrasis_0000068,en,en,Mauls To Death,Kills,FORWARD_ENTAILMENT
dico_phrasis_0000068__en-en__original,dico_phrasis_0000068,en,en,Kills,Mauls To Death,BACKWARD_ENTAILMENT
dico_phrasis_0000069__en-en__flipped,dico_phrasis_0000069,en,en,US drone strike,Air strike,FORWARD_ENTAILMENT
dico_phrasis_0000069__en-en__original,dico_phrasis_0000069,en,en,Air strike,US drone strike,BACKWARD_ENTAILMENT
dico_phrasis_0000072__en-en__flipped,dico_phrasis_0000072,en,en,militants,2 militants,FORWARD_ENTAILMENT
dico_phrasis_0000072__en-en__original,dico_phrasis_0000072,en,en,2 militants,militants,BACKWARD_ENTAILMENT
dico_phrasis_0000073__en-en__flipped,dico_phrasis_0000073,en,en,interest rates,rates,FORWARD_ENTAILMENT
dico_phrasis_0000073__en-en__original,dico_phrasis_0000073,en,en,rates,interest rates,BACKWARD_ENTAILMENT
dico_phrasis_0000074__en-en__flipped,dico_phrasis_0000074,en,en,U.S. judge,Judge,FORWARD_ENTAILMENT
dico_phrasis_0000074__en-en__original,dico_phrasis_0000074,en,en,Judge,U.S. judge,BACKWARD_ENTAILMENT
dico_phrasis_0000075__en-en__flipped,dico_phrasis_0000075,en,en,N.C. State Fair ride operator,Ride operator,FORWARD_ENTAILMENT
dico_phrasis_0000075__en-en__original,dico_phrasis_0000075,en,en,Ride operator,N.C. State Fair ride operator,BACKWARD_ENTAILMENT
dico_phrasis_0000076__en-en__flipped,dico_phrasis_0000076,en,en,16 soldiers,12 Soldiers,FORWARD_ENTAILMENT
dico_phrasis_0000076__en-en__original,dico_phrasis_0000076,en,en,12 Soldiers,16 soldiers,BACKWARD_ENTAILMENT
dico_phrasis_0000077__en-en__flipped,dico_phrasis_0000077,en,en,in Myrtle Beach shootings,in Miami shooting,FORWARD_ENTAILMENT
dico_phrasis_0000077__en-en__original,dico_phrasis_0000077,en,en,in Miami shooting,in Myrtle Beach shootings,BACKWARD_ENTAILMENT
dico_phrasis_0000079__en-en__flipped,dico_phrasis_0000079,en,en,for Iraq refinery,for Oil Refinery,FORWARD_ENTAILMENT
dico_phrasis_0000079__en-en__original,dico_phrasis_0000079,en,en,for Oil Refinery,for Iraq refinery,BACKWARD_ENTAILMENT
dico_phrasis_0000080__en-en__flipped,dico_phrasis_0000080,en,en,In Cairo Camps Protesters,Cairo protesters,FORWARD_ENTAILMENT
dico_phrasis_0000080__en-en__original,dico_phrasis_0000080,en,en,Cairo protesters,In Cairo Camps Protesters,BACKWARD_ENTAILMENT
dico_phrasis_0000082__en-en__flipped,dico_phrasis_0000082,en,en,Arizona wildfire,Blaze,FORWARD_ENTAILMENT
dico_phrasis_0000082__en-en__original,dico_phrasis_0000082,en,en,Blaze,Arizona wildfire,BACKWARD_ENTAILMENT
dico_phrasis_0000083__en-en__flipped,dico_phrasis_0000083,en,en,Canadian government,Canada,FORWARD_ENTAILMENT
dico_phrasis_0000083__en-en__original,dico_phrasis_0000083,en,en,Canada,Canadian government,BACKWARD_ENTAILMENT
dico_phrasis_0000085__en-en__flipped,dico_phrasis_0000085,en,en,arms trafficking charges,sanctions,FORWARD_ENTAILMENT
dico_phrasis_0000085__en-en__original,dico_phrasis_0000085,en,en,sanctions,arms trafficking charges,BACKWARD_ENTAILMENT
dico_phrasis_0000086__en-en__flipped,dico_phrasis_0000086,en,en,against Russian sailors,against Russia,FORWARD_ENTAILMENT
dico_phrasis_0000086__en-en__original,dico_phrasis_0000086,en,en,against Russia,against Russian sailors,BACKWARD_ENTAILMENT
dico_phrasis_0000088__en-en__flipped,dico_phrasis_0000088,en,en,New Syrian Airstrikes,Syrian airstrike,FORWARD_ENTAILMENT
dico_phrasis_0000088__en-en__original,dico_phrasis_0000088,en,en,Syrian airstrike,New Syrian Airstrikes,BACKWARD_ENTAILMENT
dico_phrasis_0000089__en-en__flipped,dico_phrasis_0000089,en,en,for presidential bid,presidency bid,FORWARD_ENTAILMENT
dico_phrasis_0000089__en-en__original,dico_phrasis_0000089,en,en,presidency bid,for presidential bid,BACKWARD_ENTAILMENT
dico_phrasis_0000090__en-en__flipped,dico_phrasis_0000090,en,en,piracy charges,charges,FORWARD_ENTAILMENT
dico_phrasis_0000090__en-en__original,dico_phrasis_0000090,en,en,charges,piracy charges,BACKWARD_ENTAILMENT
dico_phrasis_0000091__en-en__flipped,dico_phrasis_0000091,en,en,with riot police,with police,FORWARD_ENTAILMENT
dico_phrasis_0000091__en-en__original,dico_phrasis_0000091,en,en,with police,with riot police,BACKWARD_ENTAILMENT
dico_phrasis_0000095__en-en__flipped,dico_phrasis_0000095,en,en,A young boy,A child,FORWARD_ENTAILMENT
dico_phrasis_0000095__en-en__original,dico_phrasis_0000095,en,en,A child,A young boy,BACKWARD_ENTAILMENT
dico_phrasis_0000097__en-en__flipped,dico_phrasis_0000097,en,en,Two ladies,Two women,FORWARD_ENTAILMENT
dico_phrasis_0000097__en-en__original,dico_phrasis_0000097,en,en,Two women,Two ladies,BACKWARD_ENTAILMENT
dico_phrasis_0000098__en-en__flipped,dico_phrasis_0000098,en,en,through the grass,on grass,FORWARD_ENTAILMENT
dico_phrasis_0000098__en-en__original,dico_phrasis_0000098,en,en,on grass,through the grass,BACKWARD_ENTAILMENT
dico_phrasis_0000100__en-en__flipped,dico_phrasis_0000100,en,en,a white dog,A dog,FORWARD_ENTAILMENT
dico_phrasis_0000100__en-en__original,dico_phrasis_0000100,en,en,A dog,a white dog,BACKWARD_ENTAILMENT
dico_phrasis_0000102__en-en__flipped,dico_phrasis_0000102,en,en,A little boy,A boy,FORWARD_ENTAILMENT
dico_phrasis_0000102__en-en__original,dico_phrasis_0000102,en,en,A boy,A little boy,BACKWARD_ENTAILMENT
dico_phrasis_0000103__en-en__flipped,dico_phrasis_0000103,en,en,jumping over,jumps,FORWARD_ENTAILMENT
dico_phrasis_0000103__en-en__original,dico_phrasis_0000103,en,en,jumps,jumping over,BACKWARD_ENTAILMENT
dico_phrasis_0000104__en-en__flipped,dico_phrasis_0000104,en,en,with pink streaked dye hair,with dyed hair,FORWARD_ENTAILMENT
dico_phrasis_0000104__en-en__original,dico_phrasis_0000104,en,en,with dyed hair,with pink streaked dye hair,BACKWARD_ENTAILMENT
dico_phrasis_0000105__en-en__flipped,dico_phrasis_0000105,en,en,a large camera,a camera,FORWARD_ENTAILMENT
dico_phrasis_0000105__en-en__original,dico_phrasis_0000105,en,en,a camera,a large camera,BACKWARD_ENTAILMENT
dico_phrasis_0000107__en-en__flipped,dico_phrasis_0000107,en,en,A brown and white dog,A dog,FORWARD_ENTAILMENT
dico_phrasis_0000107__en-en__original,dico_phrasis_0000107,en,en,A dog,A brown and white dog,BACKWARD_ENTAILMENT
dico_phrasis_0000108__en-en__flipped,dico_phrasis_0000108,en,en,A small dog,a dog,FORWARD_ENTAILMENT
dico_phrasis_0000108__en-en__original,dico_phrasis_0000108,en,en,a dog,A small dog,BACKWARD_ENTAILMENT
dico_phrasis_0000109__en-en__flipped,dico_phrasis_0000109,en,en,in all the grass,in some grass,FORWARD_ENTAILMENT
dico_phrasis_0000109__en-en__original,dico_phrasis_0000109,en,en,in some grass,in all the grass,BACKWARD_ENTAILMENT
dico_phrasis_0000110__en-en__flipped,dico_phrasis_0000110,en,en,on tall bar stools,on tall stools,FORWARD_ENTAILMENT
dico_phrasis_0000110__en-en__original,dico_phrasis_0000110,en,en,on tall stools,on tall bar stools,BACKWARD_ENTAILMENT
dico_phrasis_0000112__en-en__flipped,dico_phrasis_0000112,en,en,through the snow,in the snow,FORWARD_ENTAILMENT
dico_phrasis_0000112__en-en__original,dico_phrasis_0000112,en,en,in the snow,through the snow,BACKWARD_ENTAILMENT
dico_phrasis_0000113__en-en__flipped,dico_phrasis_0000113,en,en,a small baby,a baby,FORWARD_ENTAILMENT
dico_phrasis_0000113__en-en__original,dico_phrasis_0000113,en,en,a baby,a small baby,BACKWARD_ENTAILMENT
dico_phrasis_0000115__en-en__flipped,dico_phrasis_0000115,en,en,with his bat,a bat,FORWARD_ENTAILMENT
dico_phrasis_0000115__en-en__original,dico_phrasis_0000115,en,en,a bat,with his bat,BACKWARD_ENTAILMENT
dico_phrasis_0000116__en-en__flipped,dico_phrasis_0000116,en,en,with purple football,with a purple ball,FORWARD_ENTAILMENT
dico_phrasis_0000116__en-en__original,dico_phrasis_0000116,en,en,with a purple ball,with purple football,BACKWARD_ENTAILMENT
dico_phrasis_0000117__en-en__flipped,dico_phrasis_0000117,en,en,The skinny brown dog,The brown dog,FORWARD_ENTAILMENT
dico_phrasis_0000117__en-en__original,dico_phrasis_0000117,en,en,The brown dog,The skinny brown dog,BACKWARD_ENTAILMENT
dico_phrasis_0000119__en-en__flipped,dico_phrasis_0000119,en,en,of children,of four children,FORWARD_ENTAILMENT
dico_phrasis_0000119__en-en__original,dico_phrasis_0000119,en,en,of four children,of children,BACKWARD_ENTAILMENT
dico_phrasis_0000121__en-en__flipped,dico_phrasis_0000121,en,en,on glassy water,on the water,FORWARD_ENTAILMENT
dico_phrasis_0000121__en-en__original,dico_phrasis_0000121,en,en,on the water,on glassy water,BACKWARD_ENTAILMENT
dico_phrasis_0000122__en-en__flipped,dico_phrasis_0000122,en,en,into an inground pool,into a pool,FORWARD_ENTAILMENT
dico_phrasis_0000122__en-en__original,dico_phrasis_0000122,en,en,into a pool,into an inground pool,BACKWARD_ENTAILMENT
dico_phrasis_0000124__en-en__flipped,dico_phrasis_0000124,en,en,A young woman,A person,FORWARD_ENTAILMENT
dico_phrasis_0000124__en-en__original,dico_phrasis_0000124,en,en,A person,A young woman,BACKWARD_ENTAILMENT
dico_phrasis_0000126__en-en__flipped,dico_phrasis_0000126,en,en,on a hill,on a mountain,FORWARD_ENTAILMENT
dico_phrasis_0000126__en-en__original,dico_phrasis_0000126,en,en,on a mountain,on a hill,BACKWARD_ENTAILMENT
dico_phrasis_0000127__en-en__flipped,dico_phrasis_0000127,en,en,through snow,in the snow,FORWARD_ENTAILMENT
dico_phrasis_0000127__en-en__original,dico_phrasis_0000127,en,en,in the snow,through snow,BACKWARD_ENTAILMENT
dico_phrasis_0000128__en-en__flipped,dico_phrasis_0000128,en,en,along the sandy shoreline,on shore,FORWARD_ENTAILMENT
dico_phrasis_0000128__en-en__original,dico_phrasis_0000128,en,en,on shore,along the sandy shoreline,BACKWARD_ENTAILMENT
dico_phrasis_0000129__en-en__flipped,dico_phrasis_0000129,en,en,A black dog,Dog,FORWARD_ENTAILMENT
dico_phrasis_0000129__en-en__original,dico_phrasis_0000129,en,en,Dog,A black dog,BACKWARD_ENTAILMENT
dico_phrasis_0000131__en-en__flipped,dico_phrasis_0000131,en,en,bubbles,a bubble,FORWARD_ENTAILMENT
dico_phrasis_0000131__en-en__original,dico_phrasis_0000131,en,en,a bubble,bubbles,BACKWARD_ENTAILMENT
dico_phrasis_0000132__en-en__flipped,dico_phrasis_0000132,en,en,A kid,The person,FORWARD_ENTAILMENT
dico_phrasis_0000132__en-en__original,dico_phrasis_0000132,en,en,The person,A kid,BACKWARD_ENTAILMENT
dico_phrasis_0000134__en-en__flipped,dico_phrasis_0000134,en,en,A medium sized brown and white streaked dog,A white and tan dog,FORWARD_ENTAILMENT
dico_phrasis_0000134__en-en__original,dico_phrasis_0000134,en,en,A white and tan dog,A medium sized brown and white streaked dog,BACKWARD_ENTAILMENT
dico_phrasis_0000135__en-en__flipped,dico_phrasis_0000135,en,en,of people,of four,FORWARD_ENTAILMENT
dico_phrasis_0000135__en-en__original,dico_phrasis_0000135,en,en,of four,of people,BACKWARD_ENTAILMENT
dico_phrasis_0000136__en-en__flipped,dico_phrasis_0000136,en,en,by a tree,a tree,FORWARD_ENTAILMENT
dico_phrasis_0000136__en-en__original,dico_phrasis_0000136,en,en,a tree,by a tree,BACKWARD_ENTAILMENT
dico_phrasis_0000137__en-en__flipped,dico_phrasis_0000137,en,en,jumps up,jumping,FORWARD_ENTAILMENT
dico_phrasis_0000137__en-en__original,dico_phrasis_0000137,en,en,jumping,jumps up,BACKWARD_ENTAILMENT
dico_phrasis_0000140__en-en__flipped,dico_phrasis_0000140,en,en,A man and woman,The woman,FORWARD_ENTAILMENT
dico_phrasis_0000140__en-en__original,dico_phrasis_0000140,en,en,The woman,A man and woman,BACKWARD_ENTAILMENT
dico_phrasis_0000142__en-en__flipped,dico_phrasis_0000142,en,en,A young boy,A boy,FORWARD_ENTAILMENT
dico_phrasis_0000142__en-en__original,dico_phrasis_0000142,en,en,A boy,A young boy,BACKWARD_ENTAILMENT
dico_phrasis_0000144__en-en__flipped,dico_phrasis_0000144,en,en,in foam bubbles,with bubbles,FORWARD_ENTAILMENT
dico_phrasis_0000144__en-en__original,dico_phrasis_0000144,en,en,with bubbles,in foam bubbles,BACKWARD_ENTAILMENT
dico_phrasis_0000146__en-en__flipped,dico_phrasis_0000146,en,en,Two black dogs,A black dog,FORWARD_ENTAILMENT
dico_phrasis_0000146__en-en__original,dico_phrasis_0000146,en,en,A black dog,Two black dogs,BACKWARD_ENTAILMENT
dico_phrasis_0000147__en-en__flipped,dico_phrasis_0000147,en,en,through a large grassy area,on grass,FORWARD_ENTAILMENT
dico_phrasis_0000147__en-en__original,dico_phrasis_0000147,en,en,on grass,through a large grassy area,BACKWARD_ENTAILMENT
dico_phrasis_0000148__en-en__flipped,dico_phrasis_0000148,en,en,Several large dogs,Three dogs,FORWARD_ENTAILMENT
dico_phrasis_0000148__en-en__original,dico_phrasis_0000148,en,en,Three dogs,Several large dogs,BACKWARD_ENTAILMENT
dico_phrasis_0000149__en-en__flipped,dico_phrasis_0000149,en,en,The girl,A person,FORWARD_ENTAILMENT
dico_phrasis_0000149__en-en__original,dico_phrasis_0000149,en,en,A person,The girl,BACKWARD_ENTAILMENT
dico_phrasis_0000150__en-en__flipped,dico_phrasis_0000150,en,en,A large white dog,A white dog,FORWARD_ENTAILMENT
dico_phrasis_0000150__en-en__original,dico_phrasis_0000150,en,en,A white dog,A large white dog,BACKWARD_ENTAILMENT
dico_phrasis_0000151__en-en__flipped,dico_phrasis_0000151,en,en,through a snowy field,through snow,FORWARD_ENTAILMENT
dico_phrasis_0000151__en-en__original,dico_phrasis_0000151,en,en,through snow,through a snowy field,BACKWARD_ENTAILMENT
dico_phrasis_0000152__en-en__flipped,dico_phrasis_0000152,en,en,A little girl,A girl,FORWARD_ENTAILMENT
dico_phrasis_0000152__en-en__original,dico_phrasis_0000152,en,en,A girl,A little girl,BACKWARD_ENTAILMENT
dico_phrasis_0000153__en-en__flipped,dico_phrasis_0000153,en,en,through a watery field,through the grass,FORWARD_ENTAILMENT
dico_phrasis_0000153__en-en__original,dico_phrasis_0000153,en,en,through the grass,through a watery field,BACKWARD_ENTAILMENT
dico_phrasis_0000154__en-en__flipped,dico_phrasis_0000154,en,en,three black and white dogs,The black and white dog,FORWARD_ENTAILMENT
dico_phrasis_0000154__en-en__original,dico_phrasis_0000154,en,en,The black and white dog,three black and white dogs,BACKWARD_ENTAILMENT
dico_phrasis_0000156__en-en__flipped,dico_phrasis_0000156,en,en,in a snowy field,in the white snow,FORWARD_ENTAILMENT
dico_phrasis_0000156__en-en__original,dico_phrasis_0000156,en,en,in the white snow,in a snowy field,BACKWARD_ENTAILMENT
dico_phrasis_0000157__en-en__flipped,dico_phrasis_0000157,en,en,Two black dogs,Two dogs,FORWARD_ENTAILMENT
dico_phrasis_0000157__en-en__original,dico_phrasis_0000157,en,en,Two dogs,Two black dogs,BACKWARD_ENTAILMENT
dico_phrasis_0000159__en-en__flipped,dico_phrasis_0000159,en,en,while carrying,is carrying,FORWARD_ENTAILMENT
dico_phrasis_0000159__en-en__original,dico_phrasis_0000159,en,en,is carrying,while carrying,BACKWARD_ENTAILMENT
dico_phrasis_0000160__en-en__flipped,dico_phrasis_0000160,en,en,under an expressway ledge,under the bridge,FORWARD_ENTAILMENT
dico_phrasis_0000160__en-en__original,dico_phrasis_0000160,en,en,under the bridge,under an expressway ledge,BACKWARD_ENTAILMENT
dico_phrasis_0000161__en-en__flipped,dico_phrasis_0000161,en,en,at the leg,one's leg,FORWARD_ENTAILMENT
dico_phrasis_0000161__en-en__original,dico_phrasis_0000161,en,en,one's leg,at the leg,BACKWARD_ENTAILMENT
dico_phrasis_0000163__en-en__flipped,dico_phrasis_0000163,en,en,on a snowy hill,in the snow,FORWARD_ENTAILMENT
dico_phrasis_0000163__en-en__original,dico_phrasis_0000163,en,en,in the snow,on a snowy hill,BACKWARD_ENTAILMENT
dico_phrasis_0000166__en-en__flipped,dico_phrasis_0000166,en,en,Two blonde girls,Two girls,FORWARD_ENTAILMENT
dico_phrasis_0000166__en-en__original,dico_phrasis_0000166,en,en,Two girls,Two blonde girls,BACKWARD_ENTAILMENT
dico_phrasis_0000167__en-en__flipped,dico_phrasis_0000167,en,en,A boy,a man,FORWARD_ENTAILMENT
dico_phrasis_0000167__en-en__original,dico_phrasis_0000167,en,en,a man,A boy,BACKWARD_ENTAILMENT
dico_phrasis_0000168__en-en__flipped,dico_phrasis_0000168,en,en,"A black , brown and white dog",A black and white dog,FORWARD_ENTAILMENT
dico_phrasis_0000168__en-en__original,dico_phrasis_0000168,en,en,A black and white dog,"A black , brown and white dog",BACKWARD_ENTAILMENT
dico_phrasis_0000169__en-en__flipped,dico_phrasis_0000169,en,en,The dogs,The two dogs,FORWARD_ENTAILMENT
dico_phrasis_0000169__en-en__original,dico_phrasis_0000169,en,en,The two dogs,The dogs,BACKWARD_ENTAILMENT
dico_phrasis_0000170__en-en__flipped,dico_phrasis_0000170,en,en,Five greyhounds,Three greyhounds,FORWARD_ENTAILMENT
dico_phrasis_0000170__en-en__original,dico_phrasis_0000170,en,en,Three greyhounds,Five greyhounds,BACKWARD_ENTAILMENT
dico_phrasis_0000171__en-en__flipped,dico_phrasis_0000171,en,en,on a sand track,on a track,FORWARD_ENTAILMENT
dico_phrasis_0000171__en-en__original,dico_phrasis_0000171,en,en,on a track,on a sand track,BACKWARD_ENTAILMENT
dico_phrasis_0000172__en-en__flipped,dico_phrasis_0000172,en,en,in a grassy plain,on the grass,FORWARD_ENTAILMENT
dico_phrasis_0000172__en-en__original,dico_phrasis_0000172,en,en,on the grass,in a grassy plain,BACKWARD_ENTAILMENT
dico_phrasis_0000173__en-en__flipped,dico_phrasis_0000173,en,en,on a tree branch,a tree,FORWARD_ENTAILMENT
dico_phrasis_0000173__en-en__original,dico_phrasis_0000173,en,en,a tree,on a tree branch,BACKWARD_ENTAILMENT
dico_phrasis_0000175__en-en__flipped,dico_phrasis_0000175,en,en,of people,People,FORWARD_ENTAILMENT
dico_phrasis_0000175__en-en__original,dico_phrasis_0000175,en,en,People,of people,BACKWARD_ENTAILMENT
dico_phrasis_0000176__en-en__flipped,dico_phrasis_0000176,en,en,Two girls,Two people,FORWARD_ENTAILMENT
dico_phrasis_0000176__en-en__original,dico_phrasis_0000176,en,en,Two people,Two girls,BACKWARD_ENTAILMENT
dico_phrasis_0000177__en-en__flipped,dico_phrasis_0000177,en,en,A little girl,one,FORWARD_ENTAILMENT
dico_phrasis_0000177__en-en__original,dico_phrasis_0000177,en,en,one,A little girl,BACKWARD_ENTAILMENT
dico_phrasis_0000178__en-en__flipped,dico_phrasis_0000178,en,en,through water,in the water,FORWARD_ENTAILMENT
dico_phrasis_0000178__en-en__original,dico_phrasis_0000178,en,en,in the water,through water,BACKWARD_ENTAILMENT
dico_phrasis_0000180__en-en__flipped,dico_phrasis_0000180,en,en,with sticks,with a stick,FORWARD_ENTAILMENT
dico_phrasis_0000180__en-en__original,dico_phrasis_0000180,en,en,with a stick,with sticks,BACKWARD_ENTAILMENT
dico_phrasis_0000181__en-en__flipped,dico_phrasis_0000181,en,en,down a dirt path,on a dirt area,FORWARD_ENTAILMENT
dico_phrasis_0000181__en-en__original,dico_phrasis_0000181,en,en,on a dirt area,down a dirt path,BACKWARD_ENTAILMENT
dico_phrasis_0000183__en-en__flipped,dico_phrasis_0000183,en,en,of long green grass,of grass,FORWARD_ENTAILMENT
dico_phrasis_0000183__en-en__original,dico_phrasis_0000183,en,en,of grass,of long green grass,BACKWARD_ENTAILMENT
dico_phrasis_0000184__en-en__flipped,dico_phrasis_0000184,en,en,is kayaking,sails to,FORWARD_ENTAILMENT
dico_phrasis_0000184__en-en__original,dico_phrasis_0000184,en,en,sails to,is kayaking,BACKWARD_ENTAILMENT
dico_phrasis_0000186__en-en__flipped,dico_phrasis_0000186,en,en,a single black Frisbee,one Frisbee,FORWARD_ENTAILMENT
dico_phrasis_0000186__en-en__original,dico_phrasis_0000186,en,en,one Frisbee,a single black Frisbee,BACKWARD_ENTAILMENT
dico_phrasis_0000189__en-en__flipped,dico_phrasis_0000189,en,en,along a colorful beach,along a beach,FORWARD_ENTAILMENT
dico_phrasis_0000189__en-en__original,dico_phrasis_0000189,en,en,along a beach,along a colorful beach,BACKWARD_ENTAILMENT
dico_phrasis_0000191__en-en__flipped,dico_phrasis_0000191,en,en,through the field,in the field,FORWARD_ENTAILMENT
dico_phrasis_0000191__en-en__original,dico_phrasis_0000191,en,en,in the field,through the field,BACKWARD_ENTAILMENT
dico_phrasis_0000193__en-en__flipped,dico_phrasis_0000193,en,en,A brown dog,A dog,FORWARD_ENTAILMENT
dico_phrasis_0000193__en-en__original,dico_phrasis_0000193,en,en,A dog,A brown dog,BACKWARD_ENTAILMENT
dico_phrasis_0000194__en-en__flipped,dico_phrasis_0000194,en,en,Two black dogs,Two dogs,FORWARD_ENTAILMENT
dico_phrasis_0000194__en-en__original,dico_phrasis_0000194,en,en,Two dogs,Two black dogs,BACKWARD_ENTAILMENT
dico_phrasis_0000195__en-en__flipped,dico_phrasis_0000195,en,en,St. Bernard dog,The large brown and white dog,FORWARD_ENTAILMENT
dico_phrasis_0000195__en-en__original,dico_phrasis_0000195,en,en,The large brown and white dog,St. Bernard dog,BACKWARD_ENTAILMENT
dico_phrasis_0000196__en-en__flipped,dico_phrasis_0000196,en,en,on a red couch,on a couch,FORWARD_ENTAILMENT
dico_phrasis_0000196__en-en__original,dico_phrasis_0000196,en,en,on a couch,on a red couch,BACKWARD_ENTAILMENT
dico_phrasis_0000200__en-en__flipped,dico_phrasis_0000200,en,en,while standing,stands,FORWARD_ENTAILMENT
dico_phrasis_0000200__en-en__original,dico_phrasis_0000200,en,en,stands,while standing,BACKWARD_ENTAILMENT
dico_phrasis_0000201__en-en__flipped,dico_phrasis_0000201,en,en,Two dogs,A dog,FORWARD_ENTAILMENT
dico_phrasis_0000201__en-en__original,dico_phrasis_0000201,en,en,A dog,Two dogs,BACKWARD_ENTAILMENT
dico_phrasis_0000202__en-en__flipped,dico_phrasis_0000202,en,en,A collie,A dog,FORWARD_ENTAILMENT
dico_phrasis_0000202__en-en__original,dico_phrasis_0000202,en,en,A dog,A collie,BACKWARD_ENTAILMENT
dico_phrasis_0000203__en-en__flipped,dico_phrasis_0000203,en,en,Two brownish dogs,Two dogs,FORWARD_ENTAILMENT
dico_phrasis_0000203__en-en__original,dico_phrasis_0000203,en,en,Two dogs,Two brownish dogs,BACKWARD_ENTAILMENT
dico_phrasis_0000204__en-en__flipped,dico_phrasis_0000204,en,en,through the snowed green field,on the grass,FORWARD_ENTAILMENT
dico_phrasis_0000204__en-en__original,dico_phrasis_0000204,en,en,on the grass,through the snowed green field,BACKWARD_ENTAILMENT
dico_phrasis_0000205__en-en__flipped,dico_phrasis_0000205,en,en,The German shepherd dog,The black dog,FORWARD_ENTAILMENT
dico_phrasis_0000205__en-en__original,dico_phrasis_0000205,en,en,The black dog,The German shepherd dog,BACKWARD_ENTAILMENT
dico_phrasis_0000206__en-en__flipped,dico_phrasis_0000206,en,en,with a black and white dog,with a dog,FORWARD_ENTAILMENT
dico_phrasis_0000206__en-en__original,dico_phrasis_0000206,en,en,with a dog,with a black and white dog,BACKWARD_ENTAILMENT
dico_phrasis_0000207__en-en__flipped,dico_phrasis_0000207,en,en,The toddler,The child,FORWARD_ENTAILMENT
dico_phrasis_0000207__en-en__original,dico_phrasis_0000207,en,en,The child,The toddler,BACKWARD_ENTAILMENT
dico_phrasis_0000208__en-en__flipped,dico_phrasis_0000208,en,en,A female toddler,Baby,FORWARD_ENTAILMENT
dico_phrasis_0000208__en-en__original,dico_phrasis_0000208,en,en,Baby,A female toddler,BACKWARD_ENTAILMENT
dico_phrasis_0000209__en-en__flipped,dico_phrasis_0000209,en,en,a green and white playpen,green playpen,FORWARD_ENTAILMENT
dico_phrasis_0000209__en-en__original,dico_phrasis_0000209,en,en,green playpen,a green and white playpen,BACKWARD_ENTAILMENT
dico_phrasis_0000210__en-en__flipped,dico_phrasis_0000210,en,en,with a metal colander,with a colander,FORWARD_ENTAILMENT
dico_phrasis_0000210__en-en__original,dico_phrasis_0000210,en,en,with a colander,with a metal colander,BACKWARD_ENTAILMENT
dico_phrasis_0000211__en-en__flipped,dico_phrasis_0000211,en,en,suddenly falls asleep,is sleeping,FORWARD_ENTAILMENT
dico_phrasis_0000211__en-en__original,dico_phrasis_0000211,en,en,is sleeping,suddenly falls asleep,BACKWARD_ENTAILMENT
dico_phrasis_0000212__en-en__flipped,dico_phrasis_0000212,en,en,Two grey dogs,Two dogs,FORWARD_ENTAILMENT
dico_phrasis_0000212__en-en__original,dico_phrasis_0000212,en,en,Two dogs,Two grey dogs,BACKWARD_ENTAILMENT
dico_phrasis_0000213__en-en__flipped,dico_phrasis_0000213,en,en,Two tan dogs,Two dogs,FORWARD_ENTAILMENT
dico_phrasis_0000213__en-en__original,dico_phrasis_0000213,en,en,Two dogs,Two tan dogs,BACKWARD_ENTAILMENT
dico_phrasis_0000214__en-en__flipped,dico_phrasis_0000214,en,en,a long snowboarder,A person,FORWARD_ENTAILMENT
dico_phrasis_0000214__en-en__original,dico_phrasis_0000214,en,en,A person,a long snowboarder,BACKWARD_ENTAILMENT
dico_phrasis_0000215__en-en__flipped,dico_phrasis_0000215,en,en,A white dog,A dog,FORWARD_ENTAILMENT
dico_phrasis_0000215__en-en__original,dico_phrasis_0000215,en,en,A dog,A white dog,BACKWARD_ENTAILMENT
dico_phrasis_0000216__en-en__flipped,dico_phrasis_0000216,en,en,A young boy,A boy,FORWARD_ENTAILMENT
dico_phrasis_0000216__en-en__original,dico_phrasis_0000216,en,en,A boy,A young boy,BACKWARD_ENTAILMENT
dico_phrasis_0000217__en-en__flipped,dico_phrasis_0000217,en,en,Women,A woman,FORWARD_ENTAILMENT
dico_phrasis_0000217__en-en__original,dico_phrasis_0000217,en,en,A woman,Women,BACKWARD_ENTAILMENT
dico_phrasis_0000218__en-en__flipped,dico_phrasis_0000218,en,en,through the grass,on the grass,FORWARD_ENTAILMENT
dico_phrasis_0000218__en-en__original,dico_phrasis_0000218,en,en,on the grass,through the grass,BACKWARD_ENTAILMENT
dico_phrasis_0000220__en-en__flipped,dico_phrasis_0000220,en,en,an orange ball,a ball,FORWARD_ENTAILMENT
dico_phrasis_0000220__en-en__original,dico_phrasis_0000220,en,en,a ball,an orange ball,BACKWARD_ENTAILMENT
dico_phrasis_0000222__en-en__flipped,dico_phrasis_0000222,en,en,A brown dog,a dog,FORWARD_ENTAILMENT
dico_phrasis_0000222__en-en__original,dico_phrasis_0000222,en,en,a dog,A brown dog,BACKWARD_ENTAILMENT
dico_phrasis_0000227__en-en__flipped,dico_phrasis_0000227,en,en,through the ocean,through the water,FORWARD_ENTAILMENT
dico_phrasis_0000227__en-en__original,dico_phrasis_0000227,en,en,through the water,through the ocean,BACKWARD_ENTAILMENT
dico_phrasis_0000228__en-en__flipped,dico_phrasis_0000228,en,en,Saudi Women,women,FORWARD_ENTAILMENT
dico_phrasis_0000228__en-en__original,dico_phrasis_0000228,en,en,women,Saudi Women,BACKWARD_ENTAILMENT
dico_phrasis_0000229__en-en__flipped,dico_phrasis_0000229,en,en,midday Friday,Friday,FORWARD_ENTAILMENT
dico_phrasis_0000229__en-en__original,dico_phrasis_0000229,en,en,Friday,midday Friday,BACKWARD_ENTAILMENT
dico_phrasis_0000230__en-en__flipped,dico_phrasis_0000230,en,en,on 787 Dreamliner planes,Boeing 787 Dreamliner,FORWARD_ENTAILMENT
dico_phrasis_0000230__en-en__original,dico_phrasis_0000230,en,en,Boeing 787 Dreamliner,on 787 Dreamliner planes,BACKWARD_ENTAILMENT
dico_phrasis_0000231__en-en__flipped,dico_phrasis_0000231,en,en,Boeing stock,stock,FORWARD_ENTAILMENT
dico_phrasis_0000231__en-en__original,dico_phrasis_0000231,en,en,stock,Boeing stock,BACKWARD_ENTAILMENT
dico_phrasis_0000233__en-en__flipped,dico_phrasis_0000233,en,en,with South Korea,with South,FORWARD_ENTAILMENT
dico_phrasis_0000233__en-en__original,dico_phrasis_0000233,en,en,with South,with South Korea,BACKWARD_ENTAILMENT
dico_phrasis_0000234__en-en__flipped,dico_phrasis_0000234,en,en,over horse meat scandal,horsemeat scandal,FORWARD_ENTAILMENT
dico_phrasis_0000234__en-en__original,dico_phrasis_0000234,en,en,horsemeat scandal,over horse meat scandal,BACKWARD_ENTAILMENT
dico_phrasis_0000235__en-en__flipped,dico_phrasis_0000235,en,en,new airstrike,airstrike,FORWARD_ENTAILMENT
dico_phrasis_0000235__en-en__original,dico_phrasis_0000235,en,en,airstrike,new airstrike,BACKWARD_ENTAILMENT
dico_phrasis_0000236__en-en__flipped,dico_phrasis_0000236,en,en,Hundreds of dead and or injured,Around 100 dead or injured,FORWARD_ENTAILMENT
dico_phrasis_0000236__en-en__original,dico_phrasis_0000236,en,en,Around 100 dead or injured,Hundreds of dead and or injured,BACKWARD_ENTAILMENT
dico_phrasis_0000237__en-en__flipped,dico_phrasis_0000237,en,en,in Indonesia boat capsize,in Indonesia boat sinking,FORWARD_ENTAILMENT
dico_phrasis_0000237__en-en__original,dico_phrasis_0000237,en,en,in Indonesia boat sinking,in Indonesia boat capsize,BACKWARD_ENTAILMENT
dico_phrasis_0000238__en-en__flipped,dico_phrasis_0000238,en,en,in mixed-sex school ` ban ',mixed sex schools ban,FORWARD_ENTAILMENT
dico_phrasis_0000238__en-en__original,dico_phrasis_0000238,en,en,mixed sex schools ban,in mixed-sex school ` ban ',BACKWARD_ENTAILMENT
dico_phrasis_0000239__en-en__flipped,dico_phrasis_0000239,en,en,on gays,gays,FORWARD_ENTAILMENT
dico_phrasis_0000239__en-en__original,dico_phrasis_0000239,en,en,gays,on gays,BACKWARD_ENTAILMENT
dico_phrasis_0000242__en-en__flipped,dico_phrasis_0000242,en,en,North Korea controversial third nuclear test,North Korean nuclear test,FORWARD_ENTAILMENT
dico_phrasis_0000242__en-en__original,dico_phrasis_0000242,en,en,North Korean nuclear test,North Korea controversial third nuclear test,BACKWARD_ENTAILMENT
dico_phrasis_0000243__en-en__flipped,dico_phrasis_0000243,en,en,polymer Naira notes,polymer notes,FORWARD_ENTAILMENT
dico_phrasis_0000243__en-en__original,dico_phrasis_0000243,en,en,polymer notes,polymer Naira notes,BACKWARD_ENTAILMENT
dico_phrasis_0000244__en-en__flipped,dico_phrasis_0000244,en,en,in Obama,Obama,FORWARD_ENTAILMENT
dico_phrasis_0000244__en-en__original,dico_phrasis_0000244,en,en,Obama,in Obama,BACKWARD_ENTAILMENT
dico_phrasis_0000245__en-en__flipped,dico_phrasis_0000245,en,en,Missing red panda,Red panda,FORWARD_ENTAILMENT
dico_phrasis_0000245__en-en__original,dico_phrasis_0000245,en,en,Red panda,Missing red panda,BACKWARD_ENTAILMENT
dico_phrasis_0000247__en-en__flipped,dico_phrasis_0000247,en,en,at protesters,protests,FORWARD_ENTAILMENT
dico_phrasis_0000247__en-en__original,dico_phrasis_0000247,en,en,protests,at protesters,BACKWARD_ENTAILMENT
dico_phrasis_0000248__en-en__flipped,dico_phrasis_0000248,en,en,On 50th anniversary,50th anniversary,FORWARD_ENTAILMENT
dico_phrasis_0000248__en-en__original,dico_phrasis_0000248,en,en,50th anniversary,On 50th anniversary,BACKWARD_ENTAILMENT
dico_phrasis_0000251__en-en__flipped,dico_phrasis_0000251,en,en,High Hopes,hopes,FORWARD_ENTAILMENT
dico_phrasis_0000251__en-en__original,dico_phrasis_0000251,en,en,hopes,High Hopes,BACKWARD_ENTAILMENT
dico_phrasis_0000252__en-en__flipped,dico_phrasis_0000252,en,en,Some county officials,NM County,FORWARD_ENTAILMENT
dico_phrasis_0000252__en-en__original,dico_phrasis_0000252,en,en,NM County,Some county officials,BACKWARD_ENTAILMENT
dico_phrasis_0000253__en-en__flipped,dico_phrasis_0000253,en,en,Mumbai police,Indian police,FORWARD_ENTAILMENT
dico_phrasis_0000253__en-en__original,dico_phrasis_0000253,en,en,Indian police,Mumbai police,BACKWARD_ENTAILMENT
dico_phrasis_0000254__en-en__flipped,dico_phrasis_0000254,en,en,about Syria,Syria,FORWARD_ENTAILMENT
dico_phrasis_0000254__en-en__original,dico_phrasis_0000254,en,en,Syria,about Syria,BACKWARD_ENTAILMENT
dico_phrasis_0000256__en-en__flipped,dico_phrasis_0000256,en,en,final big decisions in shaping immigration bill,final big immigration decisions,FORWARD_ENTAILMENT
dico_phrasis_0000256__en-en__original,dico_phrasis_0000256,en,en,final big immigration decisions,final big decisions in shaping immigration bill,BACKWARD_ENTAILMENT
dico_phrasis_0000257__en-en__flipped,dico_phrasis_0000257,en,en,Senate Judiciary Committee,Committee,FORWARD_ENTAILMENT
dico_phrasis_0000257__en-en__original,dico_phrasis_0000257,en,en,Committee,Senate Judiciary Committee,BACKWARD_ENTAILMENT
dico_phrasis_0000258__en-en__flipped,dico_phrasis_0000258,en,en,UN chief presses,UN presses,FORWARD_ENTAILMENT
dico_phrasis_0000258__en-en__original,dico_phrasis_0000258,en,en,UN presses,UN chief presses,BACKWARD_ENTAILMENT
dico_phrasis_0000260__en-en__flipped,dico_phrasis_0000260,en,en,Taliban prison break,Pakistan jailbreak,FORWARD_ENTAILMENT
dico_phrasis_0000260__en-en__original,dico_phrasis_0000260,en,en,Pakistan jailbreak,Taliban prison break,BACKWARD_ENTAILMENT
dico_phrasis_0000261__en-en__flipped,dico_phrasis_0000261,en,en,bomb attacks,bomb,FORWARD_ENTAILMENT
dico_phrasis_0000261__en-en__original,dico_phrasis_0000261,en,en,bomb,bomb attacks,BACKWARD_ENTAILMENT
dico_phrasis_0000265__en-en__flipped,dico_phrasis_0000265,en,en,every world power,six global powers,FORWARD_ENTAILMENT
dico_phrasis_0000265__en-en__original,dico_phrasis_0000265,en,en,six global powers,every world power,BACKWARD_ENTAILMENT
dico_phrasis_0000266__en-en__flipped,dico_phrasis_0000266,en,en,Patriot missile batteries,Patriot missile battery,FORWARD_ENTAILMENT
dico_phrasis_0000266__en-en__original,dico_phrasis_0000266,en,en,Patriot missile battery,Patriot missile batteries,BACKWARD_ENTAILMENT
dico_phrasis_0000267__en-en__flipped,dico_phrasis_0000267,en,en,6 dead,One dead,FORWARD_ENTAILMENT
dico_phrasis_0000267__en-en__original,dico_phrasis_0000267,en,en,One dead,6 dead,BACKWARD_ENTAILMENT
dico_phrasis_0000269__en-en__flipped,dico_phrasis_0000269,en,en,world credibility,Credibility,FORWARD_ENTAILMENT
dico_phrasis_0000269__en-en__original,dico_phrasis_0000269,en,en,Credibility,world credibility,BACKWARD_ENTAILMENT
dico_phrasis_0000270__en-en__flipped,dico_phrasis_0000270,en,en,Suicide Bombers,Suicide bomber,FORWARD_ENTAILMENT
dico_phrasis_0000270__en-en__original,dico_phrasis_0000270,en,en,Suicide bomber,Suicide Bombers,BACKWARD_ENTAILMENT
dico_phrasis_0000272__en-en__flipped,dico_phrasis_0000272,en,en,as Morsi supporters,Four Morsi supporters,FORWARD_ENTAILMENT
dico_phrasis_0000272__en-en__original,dico_phrasis_0000272,en,en,Four Morsi supporters,as Morsi supporters,BACKWARD_ENTAILMENT
dico_phrasis_0000273__en-en__flipped,dico_phrasis_0000273,en,en,5 snowboarders,5 people,FORWARD_ENTAILMENT
dico_phrasis_0000273__en-en__original,dico_phrasis_0000273,en,en,5 people,5 snowboarders,BACKWARD_ENTAILMENT
dico_phrasis_0000274__en-en__flipped,dico_phrasis_0000274,en,en,Afghan president,Afghan legislator,FORWARD_ENTAILMENT
dico_phrasis_0000274__en-en__original,dico_phrasis_0000274,en,en,Afghan legislator,Afghan president,BACKWARD_ENTAILMENT
dico_phrasis_0000276__en-en__flipped,dico_phrasis_0000276,en,en,Contraceptive pill,Birth Control,FORWARD_ENTAILMENT
dico_phrasis_0000276__en-en__original,dico_phrasis_0000276,en,en,Birth Control,Contraceptive pill,BACKWARD_ENTAILMENT
dico_phrasis_0000278__en-en__flipped,dico_phrasis_0000278,en,en,on direct flights,on flights,FORWARD_ENTAILMENT
dico_phrasis_0000278__en-en__original,dico_phrasis_0000278,en,en,on flights,on direct flights,BACKWARD_ENTAILMENT
dico_phrasis_0000280__en-en__flipped,dico_phrasis_0000280,en,en,war-torn family unions,family reunions,FORWARD_ENTAILMENT
dico_phrasis_0000280__en-en__original,dico_phrasis_0000280,en,en,family reunions,war-torn family unions,BACKWARD_ENTAILMENT
dico_phrasis_0000282__en-en__flipped,dico_phrasis_0000282,en,en,U.S. drone,drone,FORWARD_ENTAILMENT
dico_phrasis_0000282__en-en__original,dico_phrasis_0000282,en,en,drone,U.S. drone,BACKWARD_ENTAILMENT
dico_phrasis_0000285__en-en__flipped,dico_phrasis_0000285,en,en,"1,800 more settler homes",1500 settler homes,FORWARD_ENTAILMENT
dico_phrasis_0000285__en-en__original,dico_phrasis_0000285,en,en,1500 settler homes,"1,800 more settler homes",BACKWARD_ENTAILMENT
dico_phrasis_0000286__en-en__flipped,dico_phrasis_0000286,en,en,Train driver,Driver,FORWARD_ENTAILMENT
dico_phrasis_0000286__en-en__original,dico_phrasis_0000286,en,en,Driver,Train driver,BACKWARD_ENTAILMENT
dico_phrasis_0000287__en-en__flipped,dico_phrasis_0000287,en,en,air strikes,airstrike,FORWARD_ENTAILMENT
dico_phrasis_0000287__en-en__original,dico_phrasis_0000287,en,en,airstrike,air strikes,BACKWARD_ENTAILMENT
dico_phrasis_0000289__en-en__flipped,dico_phrasis_0000289,en,en,Over 70 dead,Up to 50 dead,FORWARD_ENTAILMENT
dico_phrasis_0000289__en-en__original,dico_phrasis_0000289,en,en,Up to 50 dead,Over 70 dead,BACKWARD_ENTAILMENT
dico_phrasis_0000291__en-en__flipped,dico_phrasis_0000291,en,en,25 more bodies,25 bodies,FORWARD_ENTAILMENT
dico_phrasis_0000291__en-en__original,dico_phrasis_0000291,en,en,25 bodies,25 more bodies,BACKWARD_ENTAILMENT
dico_phrasis_0000292__en-en__flipped,dico_phrasis_0000292,en,en,for every new settler homes,900 settlement homes,FORWARD_ENTAILMENT
dico_phrasis_0000292__en-en__original,dico_phrasis_0000292,en,en,900 settlement homes,for every new settler homes,BACKWARD_ENTAILMENT
dico_phrasis_0000293__en-en__flipped,dico_phrasis_0000293,en,en,at Washington 's National Mall,on the National Mall,FORWARD_ENTAILMENT
dico_phrasis_0000293__en-en__original,dico_phrasis_0000293,en,en,on the National Mall,at Washington 's National Mall,BACKWARD_ENTAILMENT
dico_phrasis_0000296__en-en__flipped,dico_phrasis_0000296,en,en,"Virginia 's ex-Gov . Bob McDonnell , wife",Ex-Virginia governor Bob McDonnell,FORWARD_ENTAILMENT
dico_phrasis_0000296__en-en__original,dico_phrasis_0000296,en,en,Ex-Virginia governor Bob McDonnell,"Virginia 's ex-Gov . Bob McDonnell , wife",BACKWARD_ENTAILMENT
dico_phrasis_0000297__en-en__flipped,dico_phrasis_0000297,en,en,"Tornadoes , damaging storms",Tornadoes,FORWARD_ENTAILMENT
dico_phrasis_0000297__en-en__original,dico_phrasis_0000297,en,en,Tornadoes,"Tornadoes , damaging storms",BACKWARD_ENTAILMENT
dico_phrasis_0000298__en-en__flipped,dico_phrasis_0000298,en,en,` groundless ' US hacking accusations,US hacking claims,FORWARD_ENTAILMENT
dico_phrasis_0000298__en-en__original,dico_phrasis_0000298,en,en,US hacking claims,` groundless ' US hacking accusations,BACKWARD_ENTAILMENT
dico_phrasis_0000300__en-en__flipped,dico_phrasis_0000300,en,en,US Senate,Senate,FORWARD_ENTAILMENT
dico_phrasis_0000300__en-en__original,dico_phrasis_0000300,en,en,Senate,US Senate,BACKWARD_ENTAILMENT
dico_phrasis_0000301__en-en__flipped,dico_phrasis_0000301,en,en,as Fed 's next chair,as Fed head,FORWARD_ENTAILMENT
dico_phrasis_0000301__en-en__original,dico_phrasis_0000301,en,en,as Fed head,as Fed 's next chair,BACKWARD_ENTAILMENT
dico_phrasis_0000302__en-en__flipped,dico_phrasis_0000302,en,en,in Virginia cemetery,in Virginia,FORWARD_ENTAILMENT
dico_phrasis_0000302__en-en__original,dico_phrasis_0000302,en,en,in Virginia,in Virginia cemetery,BACKWARD_ENTAILMENT
dico_phrasis_0000304__en-en__flipped,dico_phrasis_0000304,en,en,in Egypt clashes,in clashes,FORWARD_ENTAILMENT
dico_phrasis_0000304__en-en__original,dico_phrasis_0000304,en,en,in clashes,in Egypt clashes,BACKWARD_ENTAILMENT
dico_phrasis_0000305__en-en__flipped,dico_phrasis_0000305,en,en,at Iraq 's Camp Ashraf,in Iraq camp,FORWARD_ENTAILMENT
dico_phrasis_0000305__en-en__original,dico_phrasis_0000305,en,en,in Iraq camp,at Iraq 's Camp Ashraf,BACKWARD_ENTAILMENT
dico_phrasis_0000307__en-en__flipped,dico_phrasis_0000307,en,en,Storm death toll,Death toll,FORWARD_ENTAILMENT
dico_phrasis_0000307__en-en__original,dico_phrasis_0000307,en,en,Death toll,Storm death toll,BACKWARD_ENTAILMENT
dico_phrasis_0000310__en-en__flipped,dico_phrasis_0000310,en,en,US House,US,FORWARD_ENTAILMENT
dico_phrasis_0000310__en-en__original,dico_phrasis_0000310,en,en,US,US House,BACKWARD_ENTAILMENT
dico_phrasis_0000311__en-en__flipped,dico_phrasis_0000311,en,en,Syria chemical weapon stockpile,Syria 's chemical weapons,FORWARD_ENTAILMENT
dico_phrasis_0000311__en-en__original,dico_phrasis_0000311,en,en,Syria 's chemical weapons,Syria chemical weapon stockpile,BACKWARD_ENTAILMENT
dico_phrasis_0000314__en-en__flipped,dico_phrasis_0000314,en,en,seven attempted murder charges,murder charge,FORWARD_ENTAILMENT
dico_phrasis_0000314__en-en__original,dico_phrasis_0000314,en,en,murder charge,seven attempted murder charges,BACKWARD_ENTAILMENT
dico_phrasis_0000315__en-en__flipped,dico_phrasis_0000315,en,en,Former New Mexico Gov. Richardson,president,FORWARD_ENTAILMENT
dico_phrasis_0000315__en-en__original,dico_phrasis_0000315,en,en,president,Former New Mexico Gov. Richardson,BACKWARD_ENTAILMENT
dico_phrasis_0000316__en-en__flipped,dico_phrasis_0000316,en,en,kill 89,11 Dead,FORWARD_ENTAILMENT
dico_phrasis_0000316__en-en__original,dico_phrasis_0000316,en,en,11 Dead,kill 89,BACKWARD_ENTAILMENT
dico_phrasis_0000317__en-en__flipped,dico_phrasis_0000317,en,en,at least 15,15,FORWARD_ENTAILMENT
dico_phrasis_0000317__en-en__original,dico_phrasis_0000317,en,en,15,at least 15,BACKWARD_ENTAILMENT
dico_phrasis_0000318__en-en__flipped,dico_phrasis_0000318,en,en,among 5 dead,Five killed,FORWARD_ENTAILMENT
dico_phrasis_0000318__en-en__original,dico_phrasis_0000318,en,en,Five killed,among 5 dead,BACKWARD_ENTAILMENT
dico_phrasis_0000319__en-en__flipped,dico_phrasis_0000319,en,en,Israel airstrikes,Israel planes,FORWARD_ENTAILMENT
dico_phrasis_0000319__en-en__original,dico_phrasis_0000319,en,en,Israel planes,Israel airstrikes,BACKWARD_ENTAILMENT
dico_phrasis_0000320__en-en__flipped,dico_phrasis_0000320,en,en,11 foreign climbers,10 foreign tourists,FORWARD_ENTAILMENT
dico_phrasis_0000320__en-en__original,dico_phrasis_0000320,en,en,10 foreign tourists,11 foreign climbers,BACKWARD_ENTAILMENT
dico_phrasis_0000321__en-en__flipped,dico_phrasis_0000321,en,en,in Russian city of Kazan,in Russia,FORWARD_ENTAILMENT
dico_phrasis_0000321__en-en__original,dico_phrasis_0000321,en,en,in Russia,in Russian city of Kazan,BACKWARD_ENTAILMENT
dico_phrasis_0000322__en-en__flipped,dico_phrasis_0000322,en,en,to Morsi dialogue call,president 's call for dialogue,FORWARD_ENTAILMENT
dico_phrasis_0000322__en-en__original,dico_phrasis_0000322,en,en,president 's call for dialogue,to Morsi dialogue call,BACKWARD_ENTAILMENT
dico_phrasis_0000323__en-en__flipped,dico_phrasis_0000323,en,en,Sistine Chapel,Vatican,FORWARD_ENTAILMENT
dico_phrasis_0000323__en-en__original,dico_phrasis_0000323,en,en,Vatican,Sistine Chapel,BACKWARD_ENTAILMENT
dico_phrasis_0000324__en-en__flipped,dico_phrasis_0000324,en,en,SW Pakistan,Pakistan,FORWARD_ENTAILMENT
dico_phrasis_0000324__en-en__original,dico_phrasis_0000324,en,en,Pakistan,SW Pakistan,BACKWARD_ENTAILMENT
dico_phrasis_0000325__en-en__flipped,dico_phrasis_0000325,en,en,Muslim Brotherhood ` activities ',Muslim Brotherhood,FORWARD_ENTAILMENT
dico_phrasis_0000325__en-en__original,dico_phrasis_0000325,en,en,Muslim Brotherhood,Muslim Brotherhood ` activities ',BACKWARD_ENTAILMENT
dico_phrasis_0000327__en-en__flipped,dico_phrasis_0000327,en,en,for gang-rape,for rape,FORWARD_ENTAILMENT
dico_phrasis_0000327__en-en__original,dico_phrasis_0000327,en,en,for rape,for gang-rape,BACKWARD_ENTAILMENT
dico_phrasis_0000332__en-en__flipped,dico_phrasis_0000332,en,en,at protesters,protesters,FORWARD_ENTAILMENT
dico_phrasis_0000332__en-en__original,dico_phrasis_0000332,en,en,protesters,at protesters,BACKWARD_ENTAILMENT
dico_phrasis_0000333__en-en__flipped,dico_phrasis_0000333,en,en,in 2020 Tokyo Olympics,Tokyo 2020 Olympic Games,FORWARD_ENTAILMENT
dico_phrasis_0000333__en-en__original,dico_phrasis_0000333,en,en,Tokyo 2020 Olympic Games,in 2020 Tokyo Olympics,BACKWARD_ENTAILMENT
dico_phrasis_0000334__en-en__flipped,dico_phrasis_0000334,en,en,after police,Police,FORWARD_ENTAILMENT
dico_phrasis_0000334__en-en__original,dico_phrasis_0000334,en,en,Police,after police,BACKWARD_ENTAILMENT
dico_phrasis_0000335__en-en__flipped,dico_phrasis_0000335,en,en,with gunman,gunman,FORWARD_ENTAILMENT
dico_phrasis_0000335__en-en__original,dico_phrasis_0000335,en,en,gunman,with gunman,BACKWARD_ENTAILMENT
dico_phrasis_0000336__en-en__flipped,dico_phrasis_0000336,en,en,in fresh attacks,in attacks,FORWARD_ENTAILMENT
dico_phrasis_0000336__en-en__original,dico_phrasis_0000336,en,en,in attacks,in fresh attacks,BACKWARD_ENTAILMENT
dico_phrasis_0000337__en-en__flipped,dico_phrasis_0000337,en,en,in northern Pakistan,Pakistani,FORWARD_ENTAILMENT
dico_phrasis_0000337__en-en__original,dico_phrasis_0000337,en,en,Pakistani,in northern Pakistan,BACKWARD_ENTAILMENT
dico_phrasis_0000341__en-en__flipped,dico_phrasis_0000341,en,en,Syria talks,talks,FORWARD_ENTAILMENT
dico_phrasis_0000341__en-en__original,dico_phrasis_0000341,en,en,talks,Syria talks,BACKWARD_ENTAILMENT
dico_phrasis_0000343__en-en__flipped,dico_phrasis_0000343,en,en,short-range missiles,Missiles,FORWARD_ENTAILMENT
dico_phrasis_0000343__en-en__original,dico_phrasis_0000343,en,en,Missiles,short-range missiles,BACKWARD_ENTAILMENT
dico_phrasis_0000344__en-en__flipped,dico_phrasis_0000344,en,en,to US debt ceiling deals,in debt ceiling talks,FORWARD_ENTAILMENT
dico_phrasis_0000344__en-en__original,dico_phrasis_0000344,en,en,in debt ceiling talks,to US debt ceiling deals,BACKWARD_ENTAILMENT
dico_phrasis_0000346__en-en__flipped,dico_phrasis_0000346,en,en,Obama,US government,FORWARD_ENTAILMENT
dico_phrasis_0000346__en-en__original,dico_phrasis_0000346,en,en,US government,Obama,BACKWARD_ENTAILMENT
dico_phrasis_0000347__en-en__flipped,dico_phrasis_0000347,en,en,of Mubarak,Mubarak,FORWARD_ENTAILMENT
dico_phrasis_0000347__en-en__original,dico_phrasis_0000347,en,en,Mubarak,of Mubarak,BACKWARD_ENTAILMENT
dico_phrasis_0000348__en-en__flipped,dico_phrasis_0000348,en,en,In Peru Prison,in Prison,FORWARD_ENTAILMENT
dico_phrasis_0000348__en-en__original,dico_phrasis_0000348,en,en,in Prison,In Peru Prison,BACKWARD_ENTAILMENT
dico_phrasis_0000349__en-en__flipped,dico_phrasis_0000349,en,en,in favor of son,for son,FORWARD_ENTAILMENT
dico_phrasis_0000349__en-en__original,dico_phrasis_0000349,en,en,for son,in favor of son,BACKWARD_ENTAILMENT
dico_phrasis_0000351__en-en__flipped,dico_phrasis_0000351,en,en,Every US Air Force helicopter crew,Four U.S. Air Force helicopter crew members,FORWARD_ENTAILMENT
dico_phrasis_0000351__en-en__original,dico_phrasis_0000351,en,en,Four U.S. Air Force helicopter crew members,Every US Air Force helicopter crew,BACKWARD_ENTAILMENT
dico_phrasis_0000353__en-en__flipped,dico_phrasis_0000353,en,en,in Texas wind farm project,in Texas wind farm,FORWARD_ENTAILMENT
dico_phrasis_0000353__en-en__original,dico_phrasis_0000353,en,en,in Texas wind farm,in Texas wind farm project,BACKWARD_ENTAILMENT
dico_phrasis_0000354__en-en__flipped,dico_phrasis_0000354,en,en,11 foreign climbers,11 Foreign Tourists,FORWARD_ENTAILMENT
dico_phrasis_0000354__en-en__original,dico_phrasis_0000354,en,en,11 Foreign Tourists,11 foreign climbers,BACKWARD_ENTAILMENT
dico_phrasis_0000355__en-en__flipped,dico_phrasis_0000355,en,en,of British no-frills airline easyJet,of easyJet,FORWARD_ENTAILMENT
dico_phrasis_0000355__en-en__original,dico_phrasis_0000355,en,en,of easyJet,of British no-frills airline easyJet,BACKWARD_ENTAILMENT
dico_phrasis_0000356__en-en__flipped,dico_phrasis_0000356,en,en,Tunisia opposition leader,Tunisian opposition politician,FORWARD_ENTAILMENT
dico_phrasis_0000356__en-en__original,dico_phrasis_0000356,en,en,Tunisian opposition politician,Tunisia opposition leader,BACKWARD_ENTAILMENT
dico_phrasis_0000357__en-en__flipped,dico_phrasis_0000357,en,en,NSA whistleblower Edward Snowden,Whistleblower Edward Snowden,FORWARD_ENTAILMENT
dico_phrasis_0000357__en-en__original,dico_phrasis_0000357,en,en,Whistleblower Edward Snowden,NSA whistleblower Edward Snowden,BACKWARD_ENTAILMENT
dico_phrasis_0000358__en-en__flipped,dico_phrasis_0000358,en,en,on flight,flies,FORWARD_ENTAILMENT
dico_phrasis_0000358__en-en__original,dico_phrasis_0000358,en,en,flies,on flight,BACKWARD_ENTAILMENT
dico_phrasis_0000359__en-en__flipped,dico_phrasis_0000359,en,en,in Afghan attack,in Afghanistan,FORWARD_ENTAILMENT
dico_phrasis_0000359__en-en__original,dico_phrasis_0000359,en,en,in Afghanistan,in Afghan attack,BACKWARD_ENTAILMENT
dico_phrasis_0000360__en-en__flipped,dico_phrasis_0000360,en,en,For The Washington Post,Washington Post,FORWARD_ENTAILMENT
dico_phrasis_0000360__en-en__original,dico_phrasis_0000360,en,en,Washington Post,For The Washington Post,BACKWARD_ENTAILMENT
dico_phrasis_0000361__en-en__flipped,dico_phrasis_0000361,en,en,Purge of Kim uncle,Purge,FORWARD_ENTAILMENT
dico_phrasis_0000361__en-en__original,dico_phrasis_0000361,en,en,Purge,Purge of Kim uncle,BACKWARD_ENTAILMENT
dico_phrasis_0000362__en-en__flipped,dico_phrasis_0000362,en,en,in face of Egypt govt threat,in Egypt,FORWARD_ENTAILMENT
dico_phrasis_0000362__en-en__original,dico_phrasis_0000362,en,en,in Egypt,in face of Egypt govt threat,BACKWARD_ENTAILMENT
dico_phrasis_0000363__en-en__flipped,dico_phrasis_0000363,en,en,on Cyprus banks,of Banks,FORWARD_ENTAILMENT
dico_phrasis_0000363__en-en__original,dico_phrasis_0000363,en,en,of Banks,on Cyprus banks,BACKWARD_ENTAILMENT
dico_phrasis_0000364__en-en__flipped,dico_phrasis_0000364,en,en,US drone strikes,US drones,FORWARD_ENTAILMENT
dico_phrasis_0000364__en-en__original,dico_phrasis_0000364,en,en,US drones,US drone strikes,BACKWARD_ENTAILMENT
dico_phrasis_0000365__en-en__flipped,dico_phrasis_0000365,en,en,rogue trader,trader,FORWARD_ENTAILMENT
dico_phrasis_0000365__en-en__original,dico_phrasis_0000365,en,en,trader,rogue trader,BACKWARD_ENTAILMENT
dico_phrasis_0000366__en-en__flipped,dico_phrasis_0000366,en,en,of government shutdown,of shutdown,FORWARD_ENTAILMENT
dico_phrasis_0000366__en-en__original,dico_phrasis_0000366,en,en,of shutdown,of government shutdown,BACKWARD_ENTAILMENT
dico_phrasis_0000368__en-en__flipped,dico_phrasis_0000368,en,en,NATO troops,NATO 3 troops,FORWARD_ENTAILMENT
dico_phrasis_0000368__en-en__original,dico_phrasis_0000368,en,en,NATO 3 troops,NATO troops,BACKWARD_ENTAILMENT
dico_phrasis_0000369__en-en__flipped,dico_phrasis_0000369,en,en,Asiana Air Boeing 777 crash,as Boeing 777 jet crash,FORWARD_ENTAILMENT
dico_phrasis_0000369__en-en__original,dico_phrasis_0000369,en,en,as Boeing 777 jet crash,Asiana Air Boeing 777 crash,BACKWARD_ENTAILMENT
dico_phrasis_0000371__en-en__flipped,dico_phrasis_0000371,en,en,in North Waziristan,in northwest Pakistan,FORWARD_ENTAILMENT
dico_phrasis_0000371__en-en__original,dico_phrasis_0000371,en,en,in northwest Pakistan,in North Waziristan,BACKWARD_ENTAILMENT
dico_phrasis_0000373__en-en__flipped,dico_phrasis_0000373,en,en,over latest settlement plans,over settlement plan,FORWARD_ENTAILMENT
dico_phrasis_0000373__en-en__original,dico_phrasis_0000373,en,en,over settlement plan,over latest settlement plans,BACKWARD_ENTAILMENT
dico_phrasis_0000376__en-en__flipped,dico_phrasis_0000376,en,en,Five dead,Four dead,FORWARD_ENTAILMENT
dico_phrasis_0000376__en-en__original,dico_phrasis_0000376,en,en,Four dead,Five dead,BACKWARD_ENTAILMENT
dico_phrasis_0000377__en-en__flipped,dico_phrasis_0000377,en,en,as Indonesia train collides with fuel truck,in Indonesia train accident,FORWARD_ENTAILMENT
dico_phrasis_0000377__en-en__original,dico_phrasis_0000377,en,en,in Indonesia train accident,as Indonesia train collides with fuel truck,BACKWARD_ENTAILMENT
dico_phrasis_0000378__en-en__flipped,dico_phrasis_0000378,en,en,Miss America crown,Miss America,FORWARD_ENTAILMENT
dico_phrasis_0000378__en-en__original,dico_phrasis_0000378,en,en,Miss America,Miss America crown,BACKWARD_ENTAILMENT
dico_phrasis_0000379__en-en__flipped,dico_phrasis_0000379,en,en,Austrian man,Austrian,FORWARD_ENTAILMENT
dico_phrasis_0000379__en-en__original,dico_phrasis_0000379,en,en,Austrian,Austrian man,BACKWARD_ENTAILMENT
dico_phrasis_0000380__en-en__flipped,dico_phrasis_0000380,en,en,Deadly Gas Cylinder Blast,Gas cylinder blast,FORWARD_ENTAILMENT
dico_phrasis_0000380__en-en__original,dico_phrasis_0000380,en,en,Gas cylinder blast,Deadly Gas Cylinder Blast,BACKWARD_ENTAILMENT
dico_phrasis_0000381__en-en__flipped,dico_phrasis_0000381,en,en,across Brazil,Brazil,FORWARD_ENTAILMENT
dico_phrasis_0000381__en-en__original,dico_phrasis_0000381,en,en,Brazil,across Brazil,BACKWARD_ENTAILMENT
dico_phrasis_0000382__en-en__flipped,dico_phrasis_0000382,en,en,despite concessions,despite concession,FORWARD_ENTAILMENT
dico_phrasis_0000382__en-en__original,dico_phrasis_0000382,en,en,despite concession,despite concessions,BACKWARD_ENTAILMENT
dico_phrasis_0000383__en-en__flipped,dico_phrasis_0000383,en,en,in Guatemala,Guatemala,FORWARD_ENTAILMENT
dico_phrasis_0000383__en-en__original,dico_phrasis_0000383,en,en,Guatemala,in Guatemala,BACKWARD_ENTAILMENT
dico_phrasis_0000384__en-en__flipped,dico_phrasis_0000384,en,en,Kenya By Anti-Terror Police,Kenyan police,FORWARD_ENTAILMENT
dico_phrasis_0000384__en-en__original,dico_phrasis_0000384,en,en,Kenyan police,Kenya By Anti-Terror Police,BACKWARD_ENTAILMENT
dico_phrasis_0000385__en-en__flipped,dico_phrasis_0000385,en,en,at Athens shopping mall,at Greek shopping mall,FORWARD_ENTAILMENT
dico_phrasis_0000385__en-en__original,dico_phrasis_0000385,en,en,at Greek shopping mall,at Athens shopping mall,BACKWARD_ENTAILMENT
dico_phrasis_0000386__en-en__flipped,dico_phrasis_0000386,en,en,Women drivers,Women,FORWARD_ENTAILMENT
dico_phrasis_0000386__en-en__original,dico_phrasis_0000386,en,en,Women,Women drivers,BACKWARD_ENTAILMENT
dico_phrasis_0000387__en-en__flipped,dico_phrasis_0000387,en,en,for gang rape,for rape,FORWARD_ENTAILMENT
dico_phrasis_0000387__en-en__original,dico_phrasis_0000387,en,en,for rape,for gang rape,BACKWARD_ENTAILMENT
dico_phrasis_0000388__en-en__flipped,dico_phrasis_0000388,en,en,Zambia 's ex-President Rupiah Banda,Former Zambian president,FORWARD_ENTAILMENT
dico_phrasis_0000388__en-en__original,dico_phrasis_0000388,en,en,Former Zambian president,Zambia 's ex-President Rupiah Banda,BACKWARD_ENTAILMENT
dico_phrasis_0000389__en-en__flipped,dico_phrasis_0000389,en,en,on Strong US Jobs Data,of upbeat data,FORWARD_ENTAILMENT
dico_phrasis_0000389__en-en__original,dico_phrasis_0000389,en,en,of upbeat data,on Strong US Jobs Data,BACKWARD_ENTAILMENT
dico_phrasis_0000390__en-en__flipped,dico_phrasis_0000390,en,en,at least 75,47 people,FORWARD_ENTAILMENT
dico_phrasis_0000390__en-en__original,dico_phrasis_0000390,en,en,47 people,at least 75,BACKWARD_ENTAILMENT
dico_phrasis_0000392__en-en__flipped,dico_phrasis_0000392,en,en,Man and woman,two,FORWARD_ENTAILMENT
dico_phrasis_0000392__en-en__original,dico_phrasis_0000392,en,en,two,Man and woman,BACKWARD_ENTAILMENT
dico_phrasis_0000395__en-en__flipped,dico_phrasis_0000395,en,en,Pakistani Taliban chief Hakimullah Mehsud,as new Pakistani Taliban leader,FORWARD_ENTAILMENT
dico_phrasis_0000395__en-en__original,dico_phrasis_0000395,en,en,as new Pakistani Taliban leader,Pakistani Taliban chief Hakimullah Mehsud,BACKWARD_ENTAILMENT
dico_phrasis_0000398__en-en__flipped,dico_phrasis_0000398,en,en,on ` Concrete ' Chemical Weapons Plans,chemical weapons,FORWARD_ENTAILMENT
dico_phrasis_0000398__en-en__original,dico_phrasis_0000398,en,en,chemical weapons,on ` Concrete ' Chemical Weapons Plans,BACKWARD_ENTAILMENT
dico_phrasis_0000399__en-en__flipped,dico_phrasis_0000399,en,en,Israeli soldiers,Israeli soldier,FORWARD_ENTAILMENT
dico_phrasis_0000399__en-en__original,dico_phrasis_0000399,en,en,Israeli soldier,Israeli soldiers,BACKWARD_ENTAILMENT
dico_phrasis_0000400__en-en__flipped,dico_phrasis_0000400,en,en,north Mali al-Qaida-linked rebels,al-Qaeda 's Mali allies,FORWARD_ENTAILMENT
dico_phrasis_0000400__en-en__original,dico_phrasis_0000400,en,en,al-Qaeda 's Mali allies,north Mali al-Qaida-linked rebels,BACKWARD_ENTAILMENT
dico_phrasis_0000401__en-en__flipped,dico_phrasis_0000401,en,en,After Buckingham Palace Arrest,arrested to Buckingham Palace,FORWARD_ENTAILMENT
dico_phrasis_0000401__en-en__original,dico_phrasis_0000401,en,en,arrested to Buckingham Palace,After Buckingham Palace Arrest,BACKWARD_ENTAILMENT
dico_phrasis_0000402__en-en__flipped,dico_phrasis_0000402,en,en,Muslim Brotherhoods,'s Brotherhood,FORWARD_ENTAILMENT
dico_phrasis_0000402__en-en__original,dico_phrasis_0000402,en,en,'s Brotherhood,Muslim Brotherhoods,BACKWARD_ENTAILMENT
dico_phrasis_0000403__en-en__flipped,dico_phrasis_0000403,en,en,Eight NATO Troops,4 NATO Troops,FORWARD_ENTAILMENT
dico_phrasis_0000403__en-en__original,dico_phrasis_0000403,en,en,4 NATO Troops,Eight NATO Troops,BACKWARD_ENTAILMENT
dico_phrasis_0000404__en-en__flipped,dico_phrasis_0000404,en,en,'s Muslim Brotherhood,'s Brotherhood,FORWARD_ENTAILMENT
dico_phrasis_0000404__en-en__original,dico_phrasis_0000404,en,en,'s Brotherhood,'s Muslim Brotherhood,BACKWARD_ENTAILMENT
dico_phrasis_0000406__en-en__flipped,dico_phrasis_0000406,en,en,Spanish train driver Garzon,Spanish train crash driver,FORWARD_ENTAILMENT
dico_phrasis_0000406__en-en__original,dico_phrasis_0000406,en,en,Spanish train crash driver,Spanish train driver Garzon,BACKWARD_ENTAILMENT
dico_phrasis_0000407__en-en__flipped,dico_phrasis_0000407,en,en,shot dead,killed,FORWARD_ENTAILMENT
dico_phrasis_0000407__en-en__original,dico_phrasis_0000407,en,en,killed,shot dead,BACKWARD_ENTAILMENT
dico_phrasis_0000409__en-en__flipped,dico_phrasis_0000409,en,en,in US drone strike,after drone strike,FORWARD_ENTAILMENT
dico_phrasis_0000409__en-en__original,dico_phrasis_0000409,en,en,after drone strike,in US drone strike,BACKWARD_ENTAILMENT
dico_phrasis_0000410__en-en__flipped,dico_phrasis_0000410,en,en,Pakistani Taleban chief,Pakistani Taliban,FORWARD_ENTAILMENT
dico_phrasis_0000410__en-en__original,dico_phrasis_0000410,en,en,Pakistani Taliban,Pakistani Taleban chief,BACKWARD_ENTAILMENT
dico_phrasis_0000411__en-en__flipped,dico_phrasis_0000411,en,en,"mourn , celebrate",mourns,FORWARD_ENTAILMENT
dico_phrasis_0000411__en-en__original,dico_phrasis_0000411,en,en,mourns,"mourn , celebrate",BACKWARD_ENTAILMENT
dico_phrasis_0000412__en-en__flipped,dico_phrasis_0000412,en,en,China court,China,FORWARD_ENTAILMENT
dico_phrasis_0000412__en-en__original,dico_phrasis_0000412,en,en,China,China court,BACKWARD_ENTAILMENT
dico_phrasis_0000413__en-en__flipped,dico_phrasis_0000413,en,en,Two New York firefighters,Two firefighters,FORWARD_ENTAILMENT
dico_phrasis_0000413__en-en__original,dico_phrasis_0000413,en,en,Two firefighters,Two New York firefighters,BACKWARD_ENTAILMENT
dico_phrasis_0000414__en-en__flipped,dico_phrasis_0000414,en,en,Freed Pussy Riot pair,2 Pussy Riot Members,FORWARD_ENTAILMENT
dico_phrasis_0000414__en-en__original,dico_phrasis_0000414,en,en,2 Pussy Riot Members,Freed Pussy Riot pair,BACKWARD_ENTAILMENT
dico_phrasis_0000415__en-en__flipped,dico_phrasis_0000415,en,en,Singapore stocks,Stocks,FORWARD_ENTAILMENT
dico_phrasis_0000415__en-en__original,dico_phrasis_0000415,en,en,Stocks,Singapore stocks,BACKWARD_ENTAILMENT
dico_phrasis_0000416__en-en__flipped,dico_phrasis_0000416,en,en,18 dead,six dead,FORWARD_ENTAILMENT
dico_phrasis_0000416__en-en__original,dico_phrasis_0000416,en,en,six dead,18 dead,BACKWARD_ENTAILMENT
dico_phrasis_0000417__en-en__flipped,dico_phrasis_0000417,en,en,French train passengers,French train,FORWARD_ENTAILMENT
dico_phrasis_0000417__en-en__original,dico_phrasis_0000417,en,en,French train,French train passengers,BACKWARD_ENTAILMENT
dico_phrasis_0000418__en-en__flipped,dico_phrasis_0000418,en,en,to Syrian refugees,Syria,FORWARD_ENTAILMENT
dico_phrasis_0000418__en-en__original,dico_phrasis_0000418,en,en,Syria,to Syrian refugees,BACKWARD_ENTAILMENT
dico_phrasis_0000419__en-en__flipped,dico_phrasis_0000419,en,en,in Boston Marathon attack,at Boston Marathon,FORWARD_ENTAILMENT
dico_phrasis_0000419__en-en__original,dico_phrasis_0000419,en,en,at Boston Marathon,in Boston Marathon attack,BACKWARD_ENTAILMENT
dico_phrasis_0000420__en-en__flipped,dico_phrasis_0000420,en,en,8 dead,4 dead,FORWARD_ENTAILMENT
dico_phrasis_0000420__en-en__original,dico_phrasis_0000420,en,en,4 dead,8 dead,BACKWARD_ENTAILMENT
dico_phrasis_0000422__en-en__flipped,dico_phrasis_0000422,en,en,8 dead,Five dead,FORWARD_ENTAILMENT
dico_phrasis_0000422__en-en__original,dico_phrasis_0000422,en,en,Five dead,8 dead,BACKWARD_ENTAILMENT
dico_phrasis_0000423__en-en__flipped,dico_phrasis_0000423,en,en,In Baquba Blasts,in Bomb Blasts in Iraq,FORWARD_ENTAILMENT
dico_phrasis_0000423__en-en__original,dico_phrasis_0000423,en,en,in Bomb Blasts in Iraq,In Baquba Blasts,BACKWARD_ENTAILMENT
dico_phrasis_0000424__en-en__flipped,dico_phrasis_0000424,en,en,in Boston marathon bombing,in US marathon bomb,FORWARD_ENTAILMENT
dico_phrasis_0000424__en-en__original,dico_phrasis_0000424,en,en,in US marathon bomb,in Boston marathon bombing,BACKWARD_ENTAILMENT
dico_phrasis_0000426__en-en__flipped,dico_phrasis_0000426,en,en,A black and white cat,A cat,FORWARD_ENTAILMENT
dico_phrasis_0000426__en-en__original,dico_phrasis_0000426,en,en,A cat,A black and white cat,BACKWARD_ENTAILMENT
dico_phrasis_0000427__en-en__flipped,dico_phrasis_0000427,en,en,on the blue sea,in the water,FORWARD_ENTAILMENT
dico_phrasis_0000427__en-en__original,dico_phrasis_0000427,en,en,in the water,on the blue sea,BACKWARD_ENTAILMENT
dico_phrasis_0000428__en-en__flipped,dico_phrasis_0000428,en,en,A young girl,A woman,FORWARD_ENTAILMENT
dico_phrasis_0000428__en-en__original,dico_phrasis_0000428,en,en,A woman,A young girl,BACKWARD_ENTAILMENT
dico_phrasis_0000429__en-en__flipped,dico_phrasis_0000429,en,en,in a lush green field,in a field,FORWARD_ENTAILMENT
dico_phrasis_0000429__en-en__original,dico_phrasis_0000429,en,en,in a field,in a lush green field,BACKWARD_ENTAILMENT
dico_phrasis_0000430__en-en__flipped,dico_phrasis_0000430,en,en,with food and beer,with food,FORWARD_ENTAILMENT
dico_phrasis_0000430__en-en__original,dico_phrasis_0000430,en,en,with food,with food and beer,BACKWARD_ENTAILMENT
dico_phrasis_0000431__en-en__flipped,dico_phrasis_0000431,en,en,A young woman,a woman,FORWARD_ENTAILMENT
dico_phrasis_0000431__en-en__original,dico_phrasis_0000431,en,en,a woman,A young woman,BACKWARD_ENTAILMENT
dico_phrasis_0000434__en-en__flipped,dico_phrasis_0000434,en,en,Several cardinals,Five birds,FORWARD_ENTAILMENT
dico_phrasis_0000434__en-en__original,dico_phrasis_0000434,en,en,Five birds,Several cardinals,BACKWARD_ENTAILMENT
dico_phrasis_0000435__en-en__flipped,dico_phrasis_0000435,en,en,The red scooters,A red moped,FORWARD_ENTAILMENT
dico_phrasis_0000435__en-en__original,dico_phrasis_0000435,en,en,A red moped,The red scooters,BACKWARD_ENTAILMENT
dico_phrasis_0000436__en-en__flipped,dico_phrasis_0000436,en,en,at the city train station,in a station,FORWARD_ENTAILMENT
dico_phrasis_0000436__en-en__original,dico_phrasis_0000436,en,en,in a station,at the city train station,BACKWARD_ENTAILMENT
dico_phrasis_0000437__en-en__flipped,dico_phrasis_0000437,en,en,outside a bookstore,by a shop,FORWARD_ENTAILMENT
dico_phrasis_0000437__en-en__original,dico_phrasis_0000437,en,en,by a shop,outside a bookstore,BACKWARD_ENTAILMENT
dico_phrasis_0000438__en-en__flipped,dico_phrasis_0000438,en,en,Young couple,A couple,FORWARD_ENTAILMENT
dico_phrasis_0000438__en-en__original,dico_phrasis_0000438,en,en,A couple,Young couple,BACKWARD_ENTAILMENT
dico_phrasis_0000439__en-en__flipped,dico_phrasis_0000439,en,en,Two smiling women,A smiling woman,FORWARD_ENTAILMENT
dico_phrasis_0000439__en-en__original,dico_phrasis_0000439,en,en,A smiling woman,Two smiling women,BACKWARD_ENTAILMENT
dico_phrasis_0000440__en-en__flipped,dico_phrasis_0000440,en,en,"A gray , black , and white cat",A cat,FORWARD_ENTAILMENT
dico_phrasis_0000440__en-en__original,dico_phrasis_0000440,en,en,A cat,"A gray , black , and white cat",BACKWARD_ENTAILMENT
dico_phrasis_0000441__en-en__flipped,dico_phrasis_0000441,en,en,Bird with a green head and white chest,Green and white bird,FORWARD_ENTAILMENT
dico_phrasis_0000441__en-en__original,dico_phrasis_0000441,en,en,Green and white bird,Bird with a green head and white chest,BACKWARD_ENTAILMENT
dico_phrasis_0000442__en-en__flipped,dico_phrasis_0000442,en,en,Smiling woman,a woman,FORWARD_ENTAILMENT
dico_phrasis_0000442__en-en__original,dico_phrasis_0000442,en,en,a woman,Smiling woman,BACKWARD_ENTAILMENT
dico_phrasis_0000443__en-en__flipped,dico_phrasis_0000443,en,en,of elderly people,of people,FORWARD_ENTAILMENT
dico_phrasis_0000443__en-en__original,dico_phrasis_0000443,en,en,of people,of elderly people,BACKWARD_ENTAILMENT
dico_phrasis_0000446__en-en__flipped,dico_phrasis_0000446,en,en,of a window,a window,FORWARD_ENTAILMENT
dico_phrasis_0000446__en-en__original,dico_phrasis_0000446,en,en,a window,of a window,BACKWARD_ENTAILMENT
dico_phrasis_0000448__en-en__flipped,dico_phrasis_0000448,en,en,on a blue sofa,on a sofa,FORWARD_ENTAILMENT
dico_phrasis_0000448__en-en__original,dico_phrasis_0000448,en,en,on a sofa,on a blue sofa,BACKWARD_ENTAILMENT
dico_phrasis_0000450__en-en__flipped,dico_phrasis_0000450,en,en,on a green couch,on the sofa,FORWARD_ENTAILMENT
dico_phrasis_0000450__en-en__original,dico_phrasis_0000450,en,en,on the sofa,on a green couch,BACKWARD_ENTAILMENT
dico_phrasis_0000451__en-en__flipped,dico_phrasis_0000451,en,en,a young boy,The man,FORWARD_ENTAILMENT
dico_phrasis_0000451__en-en__original,dico_phrasis_0000451,en,en,The man,a young boy,BACKWARD_ENTAILMENT
dico_phrasis_0000454__en-en__flipped,dico_phrasis_0000454,en,en,on a boat,a boat,FORWARD_ENTAILMENT
dico_phrasis_0000454__en-en__original,dico_phrasis_0000454,en,en,a boat,on a boat,BACKWARD_ENTAILMENT
dico_phrasis_0000455__en-en__flipped,dico_phrasis_0000455,en,en,A pink bicycle,A bicycle,FORWARD_ENTAILMENT
dico_phrasis_0000455__en-en__original,dico_phrasis_0000455,en,en,A bicycle,A pink bicycle,BACKWARD_ENTAILMENT
dico_phrasis_0000456__en-en__flipped,dico_phrasis_0000456,en,en,A green bus,A bus,FORWARD_ENTAILMENT
dico_phrasis_0000456__en-en__original,dico_phrasis_0000456,en,en,A bus,A green bus,BACKWARD_ENTAILMENT
dico_phrasis_0000458__en-en__flipped,dico_phrasis_0000458,en,en,with large sofas and a dining table,with a dining table,FORWARD_ENTAILMENT
dico_phrasis_0000458__en-en__original,dico_phrasis_0000458,en,en,with a dining table,with large sofas and a dining table,BACKWARD_ENTAILMENT
dico_phrasis_0000459__en-en__flipped,dico_phrasis_0000459,en,en,Two young men,Couple guys,FORWARD_ENTAILMENT
dico_phrasis_0000459__en-en__original,dico_phrasis_0000459,en,en,Couple guys,Two young men,BACKWARD_ENTAILMENT
dico_phrasis_0000460__en-en__flipped,dico_phrasis_0000460,en,en,Close up image,A close-up,FORWARD_ENTAILMENT
dico_phrasis_0000460__en-en__original,dico_phrasis_0000460,en,en,A close-up,Close up image,BACKWARD_ENTAILMENT
dico_phrasis_0000461__en-en__flipped,dico_phrasis_0000461,en,en,on an icy branch,on a branch,FORWARD_ENTAILMENT
dico_phrasis_0000461__en-en__original,dico_phrasis_0000461,en,en,on a branch,on an icy branch,BACKWARD_ENTAILMENT
dico_phrasis_0000462__en-en__flipped,dico_phrasis_0000462,en,en,Brown and white ducks,A brown duck and white duck,FORWARD_ENTAILMENT
dico_phrasis_0000462__en-en__original,dico_phrasis_0000462,en,en,A brown duck and white duck,Brown and white ducks,BACKWARD_ENTAILMENT
dico_phrasis_0000464__en-en__flipped,dico_phrasis_0000464,en,en,in a blue shirt and tan pants,with blue shirt,FORWARD_ENTAILMENT
dico_phrasis_0000464__en-en__original,dico_phrasis_0000464,en,en,with blue shirt,in a blue shirt and tan pants,BACKWARD_ENTAILMENT
dico_phrasis_0000467__en-en__flipped,dico_phrasis_0000467,en,en,with tan furniture and flat screen television,with large screen television,FORWARD_ENTAILMENT
dico_phrasis_0000467__en-en__original,dico_phrasis_0000467,en,en,with large screen television,with tan furniture and flat screen television,BACKWARD_ENTAILMENT
dico_phrasis_0000468__en-en__flipped,dico_phrasis_0000468,en,en,Large white bird,A white bird,FORWARD_ENTAILMENT
dico_phrasis_0000468__en-en__original,dico_phrasis_0000468,en,en,A white bird,Large white bird,BACKWARD_ENTAILMENT
dico_phrasis_0000471__en-en__flipped,dico_phrasis_0000471,en,en,A ginger cat,A cat,FORWARD_ENTAILMENT
dico_phrasis_0000471__en-en__original,dico_phrasis_0000471,en,en,A cat,A ginger cat,BACKWARD_ENTAILMENT
dico_phrasis_0000472__en-en__flipped,dico_phrasis_0000472,en,en,The blue train,The train,FORWARD_ENTAILMENT
dico_phrasis_0000472__en-en__original,dico_phrasis_0000472,en,en,The train,The blue train,BACKWARD_ENTAILMENT
dico_phrasis_0000473__en-en__flipped,dico_phrasis_0000473,en,en,in grassy field,in a field,FORWARD_ENTAILMENT
dico_phrasis_0000473__en-en__original,dico_phrasis_0000473,en,en,in a field,in grassy field,BACKWARD_ENTAILMENT
dico_phrasis_0000475__en-en__flipped,dico_phrasis_0000475,en,en,Two smiling young women,Two women,FORWARD_ENTAILMENT
dico_phrasis_0000475__en-en__original,dico_phrasis_0000475,en,en,Two women,Two smiling young women,BACKWARD_ENTAILMENT
dico_phrasis_0000476__en-en__flipped,dico_phrasis_0000476,en,en,A large passenger jet,A passenger jet,FORWARD_ENTAILMENT
dico_phrasis_0000476__en-en__original,dico_phrasis_0000476,en,en,A passenger jet,A large passenger jet,BACKWARD_ENTAILMENT
dico_phrasis_0000478__en-en__flipped,dico_phrasis_0000478,en,en,in a field of green grass,in a field,FORWARD_ENTAILMENT
dico_phrasis_0000478__en-en__original,dico_phrasis_0000478,en,en,in a field,in a field of green grass,BACKWARD_ENTAILMENT
dico_phrasis_0000479__en-en__flipped,dico_phrasis_0000479,en,en,outside of a bus,outside,FORWARD_ENTAILMENT
dico_phrasis_0000479__en-en__original,dico_phrasis_0000479,en,en,outside,outside of a bus,BACKWARD_ENTAILMENT
dico_phrasis_0000482__en-en__flipped,dico_phrasis_0000482,en,en,A silver car,A car,FORWARD_ENTAILMENT
dico_phrasis_0000482__en-en__original,dico_phrasis_0000482,en,en,A car,A silver car,BACKWARD_ENTAILMENT
dico_phrasis_0000483__en-en__flipped,dico_phrasis_0000483,en,en,on the side,the side,FORWARD_ENTAILMENT
dico_phrasis_0000483__en-en__original,dico_phrasis_0000483,en,en,the side,on the side,BACKWARD_ENTAILMENT
dico_phrasis_0000484__en-en__flipped,dico_phrasis_0000484,en,en,a man,someone,FORWARD_ENTAILMENT
dico_phrasis_0000484__en-en__original,dico_phrasis_0000484,en,en,someone,a man,BACKWARD_ENTAILMENT
dico_phrasis_0000485__en-en__flipped,dico_phrasis_0000485,en,en,with a classic motorcycle,with a motorcycle,FORWARD_ENTAILMENT
dico_phrasis_0000485__en-en__original,dico_phrasis_0000485,en,en,with a motorcycle,with a classic motorcycle,BACKWARD_ENTAILMENT
dico_phrasis_0000486__en-en__flipped,dico_phrasis_0000486,en,en,in a classic car,a car,FORWARD_ENTAILMENT
dico_phrasis_0000486__en-en__original,dico_phrasis_0000486,en,en,a car,in a classic car,BACKWARD_ENTAILMENT
dico_phrasis_0000488__en-en__flipped,dico_phrasis_0000488,en,en,A red and brown bird,The bird,FORWARD_ENTAILMENT
dico_phrasis_0000488__en-en__original,dico_phrasis_0000488,en,en,The bird,A red and brown bird,BACKWARD_ENTAILMENT
dico_phrasis_0000489__en-en__flipped,dico_phrasis_0000489,en,en,Children,Four children,FORWARD_ENTAILMENT
dico_phrasis_0000489__en-en__original,dico_phrasis_0000489,en,en,Four children,Children,BACKWARD_ENTAILMENT
dico_phrasis_0000490__en-en__flipped,dico_phrasis_0000490,en,en,in an Italian restaurant,in a restaurant,FORWARD_ENTAILMENT
dico_phrasis_0000490__en-en__original,dico_phrasis_0000490,en,en,in a restaurant,in an Italian restaurant,BACKWARD_ENTAILMENT
dico_phrasis_0000491__en-en__flipped,dico_phrasis_0000491,en,en,Woolly sheep,A sheep,FORWARD_ENTAILMENT
dico_phrasis_0000491__en-en__original,dico_phrasis_0000491,en,en,A sheep,Woolly sheep,BACKWARD_ENTAILMENT
dico_phrasis_0000492__en-en__flipped,dico_phrasis_0000492,en,en,in riding,riding,FORWARD_ENTAILMENT
dico_phrasis_0000492__en-en__original,dico_phrasis_0000492,en,en,riding,in riding,BACKWARD_ENTAILMENT
dico_phrasis_0000494__en-en__flipped,dico_phrasis_0000494,en,en,on the railroad tracks,the tracks,FORWARD_ENTAILMENT
dico_phrasis_0000494__en-en__original,dico_phrasis_0000494,en,en,the tracks,on the railroad tracks,BACKWARD_ENTAILMENT
dico_phrasis_0000496__en-en__flipped,dico_phrasis_0000496,en,en,at a restaurant table,at a table,FORWARD_ENTAILMENT
dico_phrasis_0000496__en-en__original,dico_phrasis_0000496,en,en,at a table,at a restaurant table,BACKWARD_ENTAILMENT
dico_phrasis_0000498__en-en__flipped,dico_phrasis_0000498,en,en,are sitting,are,FORWARD_ENTAILMENT
dico_phrasis_0000498__en-en__original,dico_phrasis_0000498,en,en,are,are sitting,BACKWARD_ENTAILMENT
dico_phrasis_0000500__en-en__flipped,dico_phrasis_0000500,en,en,Two baby kittens,Two cats,FORWARD_ENTAILMENT
dico_phrasis_0000500__en-en__original,dico_phrasis_0000500,en,en,Two cats,Two baby kittens,BACKWARD_ENTAILMENT
dico_phrasis_0000501__en-en__flipped,dico_phrasis_0000501,en,en,An elegant pink dining room,Elegant dining room,FORWARD_ENTAILMENT
dico_phrasis_0000501__en-en__original,dico_phrasis_0000501,en,en,Elegant dining room,An elegant pink dining room,BACKWARD_ENTAILMENT
dico_phrasis_0000503__en-en__flipped,dico_phrasis_0000503,en,en,A green bike,A bicycle,FORWARD_ENTAILMENT
dico_phrasis_0000503__en-en__original,dico_phrasis_0000503,en,en,A bicycle,A green bike,BACKWARD_ENTAILMENT
dico_phrasis_0000505__en-en__flipped,dico_phrasis_0000505,en,en,in a red canoe,a red canoe,FORWARD_ENTAILMENT
dico_phrasis_0000505__en-en__original,dico_phrasis_0000505,en,en,a red canoe,in a red canoe,BACKWARD_ENTAILMENT
dico_phrasis_0000506__en-en__flipped,dico_phrasis_0000506,en,en,A women and a young girl,A woman and child,FORWARD_ENTAILMENT
dico_phrasis_0000506__en-en__original,dico_phrasis_0000506,en,en,A woman and child,A women and a young girl,BACKWARD_ENTAILMENT
dico_phrasis_0000507__en-en__flipped,dico_phrasis_0000507,en,en,on a purple blanket,on a blanket,FORWARD_ENTAILMENT
dico_phrasis_0000507__en-en__original,dico_phrasis_0000507,en,en,on a blanket,on a purple blanket,BACKWARD_ENTAILMENT
dico_phrasis_0000508__en-en__flipped,dico_phrasis_0000508,en,en,Small office space,An office,FORWARD_ENTAILMENT
dico_phrasis_0000508__en-en__original,dico_phrasis_0000508,en,en,An office,Small office space,BACKWARD_ENTAILMENT
dico_phrasis_0000509__en-en__flipped,dico_phrasis_0000509,en,en,Any young girl,Young woman,FORWARD_ENTAILMENT
dico_phrasis_0000509__en-en__original,dico_phrasis_0000509,en,en,Young woman,Any young girl,BACKWARD_ENTAILMENT
dico_phrasis_0000510__en-en__flipped,dico_phrasis_0000510,en,en,A young female rider,The young rider,FORWARD_ENTAILMENT
dico_phrasis_0000510__en-en__original,dico_phrasis_0000510,en,en,The young rider,A young female rider,BACKWARD_ENTAILMENT
dico_phrasis_0000511__en-en__flipped,dico_phrasis_0000511,en,en,A black swan,A bird,FORWARD_ENTAILMENT
dico_phrasis_0000511__en-en__original,dico_phrasis_0000511,en,en,A bird,A black swan,BACKWARD_ENTAILMENT
dico_phrasis_0000512__en-en__flipped,dico_phrasis_0000512,en,en,A yellow bird,A bird,FORWARD_ENTAILMENT
dico_phrasis_0000512__en-en__original,dico_phrasis_0000512,en,en,A bird,A yellow bird,BACKWARD_ENTAILMENT
dico_phrasis_0000513__en-en__flipped,dico_phrasis_0000513,en,en,in front of a small plane,in front of a plane,FORWARD_ENTAILMENT
dico_phrasis_0000513__en-en__original,dico_phrasis_0000513,en,en,in front of a plane,in front of a small plane,BACKWARD_ENTAILMENT
dico_phrasis_0000515__en-en__flipped,dico_phrasis_0000515,en,en,in middle of grassy field,in grassy field,FORWARD_ENTAILMENT
dico_phrasis_0000515__en-en__original,dico_phrasis_0000515,en,en,in grassy field,in middle of grassy field,BACKWARD_ENTAILMENT
dico_phrasis_0000517__en-en__flipped,dico_phrasis_0000517,en,en,A small boy,Boy,FORWARD_ENTAILMENT
dico_phrasis_0000517__en-en__original,dico_phrasis_0000517,en,en,Boy,A small boy,BACKWARD_ENTAILMENT
dico_phrasis_0000519__en-en__flipped,dico_phrasis_0000519,en,en,on the shelves and on the counter,on shelves,FORWARD_ENTAILMENT
dico_phrasis_0000519__en-en__original,dico_phrasis_0000519,en,en,on shelves,on the shelves and on the counter,BACKWARD_ENTAILMENT
dico_phrasis_0000522__en-en__flipped,dico_phrasis_0000522,en,en,in front of a silver train,in front of a train,FORWARD_ENTAILMENT
dico_phrasis_0000522__en-en__original,dico_phrasis_0000522,en,en,in front of a train,in front of a silver train,BACKWARD_ENTAILMENT
dico_phrasis_0000525__en-en__flipped,dico_phrasis_0000525,en,en,on the ocean,on the water,FORWARD_ENTAILMENT
dico_phrasis_0000525__en-en__original,dico_phrasis_0000525,en,en,on the water,on the ocean,BACKWARD_ENTAILMENT
dico_phrasis_0000529__en-en__flipped,dico_phrasis_0000529,en,en,in a green field,in a field,FORWARD_ENTAILMENT
dico_phrasis_0000529__en-en__original,dico_phrasis_0000529,en,en,in a field,in a green field,BACKWARD_ENTAILMENT
dico_phrasis_0000530__en-en__flipped,dico_phrasis_0000530,en,en,Four women and two men,A woman,FORWARD_ENTAILMENT
dico_phrasis_0000530__en-en__original,dico_phrasis_0000530,en,en,A woman,Four women and two men,BACKWARD_ENTAILMENT
dico_phrasis_0000531__en-en__flipped,dico_phrasis_0000531,en,en,on a white horse,a white horse,FORWARD_ENTAILMENT
dico_phrasis_0000531__en-en__original,dico_phrasis_0000531,en,en,a white horse,on a white horse,BACKWARD_ENTAILMENT
dico_phrasis_0000532__en-en__flipped,dico_phrasis_0000532,en,en,on train tracks,the tracks,FORWARD_ENTAILMENT
dico_phrasis_0000532__en-en__original,dico_phrasis_0000532,en,en,the tracks,on train tracks,BACKWARD_ENTAILMENT
dico_phrasis_0000533__en-en__flipped,dico_phrasis_0000533,en,en,next to a sheep,sheep,FORWARD_ENTAILMENT
dico_phrasis_0000533__en-en__original,dico_phrasis_0000533,en,en,sheep,next to a sheep,BACKWARD_ENTAILMENT
dico_phrasis_0000534__en-en__flipped,dico_phrasis_0000534,en,en,Tan domestic cat,Domestic cat,FORWARD_ENTAILMENT
dico_phrasis_0000534__en-en__original,dico_phrasis_0000534,en,en,Domestic cat,Tan domestic cat,BACKWARD_ENTAILMENT
dico_phrasis_0000535__en-en__flipped,dico_phrasis_0000535,en,en,Red double decker bus,a bus,FORWARD_ENTAILMENT
dico_phrasis_0000535__en-en__original,dico_phrasis_0000535,en,en,a bus,Red double decker bus,BACKWARD_ENTAILMENT
dico_phrasis_0000536__en-en__flipped,dico_phrasis_0000536,en,en,driving down,driving,FORWARD_ENTAILMENT
dico_phrasis_0000536__en-en__original,dico_phrasis_0000536,en,en,driving,driving down,BACKWARD_ENTAILMENT
dico_phrasis_0000538__en-en__flipped,dico_phrasis_0000538,en,en,A close up view,Close up,FORWARD_ENTAILMENT
dico_phrasis_0000538__en-en__original,dico_phrasis_0000538,en,en,Close up,A close up view,BACKWARD_ENTAILMENT
dico_phrasis_0000539__en-en__flipped,dico_phrasis_0000539,en,en,The brown and white cows,The cows,FORWARD_ENTAILMENT
dico_phrasis_0000539__en-en__original,dico_phrasis_0000539,en,en,The cows,The brown and white cows,BACKWARD_ENTAILMENT
dico_phrasis_0000543__en-en__flipped,dico_phrasis_0000543,en,en,A smiling woman,A woman,FORWARD_ENTAILMENT
dico_phrasis_0000543__en-en__original,dico_phrasis_0000543,en,en,A woman,A smiling woman,BACKWARD_ENTAILMENT
dico_phrasis_0000544__en-en__flipped,dico_phrasis_0000544,en,en,with beer and food,that has drinks,FORWARD_ENTAILMENT
dico_phrasis_0000544__en-en__original,dico_phrasis_0000544,en,en,that has drinks,with beer and food,BACKWARD_ENTAILMENT
dico_phrasis_0000545__en-en__flipped,dico_phrasis_0000545,en,en,Two bald eagles,Two Eagles,FORWARD_ENTAILMENT
dico_phrasis_0000545__en-en__original,dico_phrasis_0000545,en,en,Two Eagles,Two bald eagles,BACKWARD_ENTAILMENT
dico_phrasis_0000546__en-en__flipped,dico_phrasis_0000546,en,en,Any blackbird,The black bird,FORWARD_ENTAILMENT
dico_phrasis_0000546__en-en__original,dico_phrasis_0000546,en,en,The black bird,Any blackbird,BACKWARD_ENTAILMENT
dico_phrasis_0000548__en-en__flipped,dico_phrasis_0000548,en,en,of a gray and white horse,a white and gray horse,FORWARD_ENTAILMENT
dico_phrasis_0000548__en-en__original,dico_phrasis_0000548,en,en,a white and gray horse,of a gray and white horse,BACKWARD_ENTAILMENT
dico_phrasis_0000550__en-en__flipped,dico_phrasis_0000550,en,en,of grassy green field,in a field,FORWARD_ENTAILMENT
dico_phrasis_0000550__en-en__original,dico_phrasis_0000550,en,en,in a field,of grassy green field,BACKWARD_ENTAILMENT
dico_phrasis_0000551__en-en__flipped,dico_phrasis_0000551,en,en,Large green boat,on boat,FORWARD_ENTAILMENT
dico_phrasis_0000551__en-en__original,dico_phrasis_0000551,en,en,on boat,Large green boat,BACKWARD_ENTAILMENT
dico_phrasis_0000553__en-en__flipped,dico_phrasis_0000553,en,en,Two bald eagles,The bald eagle,FORWARD_ENTAILMENT
dico_phrasis_0000553__en-en__original,dico_phrasis_0000553,en,en,The bald eagle,Two bald eagles,BACKWARD_ENTAILMENT
dico_phrasis_0000554__en-en__flipped,dico_phrasis_0000554,en,en,an African man,A man,FORWARD_ENTAILMENT
dico_phrasis_0000554__en-en__original,dico_phrasis_0000554,en,en,A man,an African man,BACKWARD_ENTAILMENT
dico_phrasis_0000555__en-en__flipped,dico_phrasis_0000555,en,en,A group of horses,Two horses,FORWARD_ENTAILMENT
dico_phrasis_0000555__en-en__original,dico_phrasis_0000555,en,en,Two horses,A group of horses,BACKWARD_ENTAILMENT
dico_phrasis_0000557__en-en__flipped,dico_phrasis_0000557,en,en,is placed,is,FORWARD_ENTAILMENT
dico_phrasis_0000557__en-en__original,dico_phrasis_0000557,en,en,is,is placed,BACKWARD_ENTAILMENT
dico_phrasis_0000558__en-en__flipped,dico_phrasis_0000558,en,en,A wooden table,A table,FORWARD_ENTAILMENT
dico_phrasis_0000558__en-en__original,dico_phrasis_0000558,en,en,A table,A wooden table,BACKWARD_ENTAILMENT
dico_phrasis_0000564__en-en__flipped,dico_phrasis_0000564,en,en,A BMW motorcycle,A motorcycle,FORWARD_ENTAILMENT
dico_phrasis_0000564__en-en__original,dico_phrasis_0000564,en,en,A motorcycle,A BMW motorcycle,BACKWARD_ENTAILMENT
dico_phrasis_0000565__en-en__flipped,dico_phrasis_0000565,en,en,Two smiling women,Two women,FORWARD_ENTAILMENT
dico_phrasis_0000565__en-en__original,dico_phrasis_0000565,en,en,Two women,Two smiling women,BACKWARD_ENTAILMENT
dico_phrasis_0000566__en-en__flipped,dico_phrasis_0000566,en,en,of an ostrich face,of an ostrich,FORWARD_ENTAILMENT
dico_phrasis_0000566__en-en__original,dico_phrasis_0000566,en,en,of an ostrich,of an ostrich face,BACKWARD_ENTAILMENT
dico_phrasis_0000567__en-en__flipped,dico_phrasis_0000567,en,en,on the blue water,on the water,FORWARD_ENTAILMENT
dico_phrasis_0000567__en-en__original,dico_phrasis_0000567,en,en,on the water,on the blue water,BACKWARD_ENTAILMENT
dico_phrasis_0000569__en-en__flipped,dico_phrasis_0000569,en,en,Two small birds,Two birds,FORWARD_ENTAILMENT
dico_phrasis_0000569__en-en__original,dico_phrasis_0000569,en,en,Two birds,Two small birds,BACKWARD_ENTAILMENT
dico_phrasis_0000570__en-en__flipped,dico_phrasis_0000570,en,en,on tracks,the tracks,FORWARD_ENTAILMENT
dico_phrasis_0000570__en-en__original,dico_phrasis_0000570,en,en,the tracks,on tracks,BACKWARD_ENTAILMENT
dico_phrasis_0000571__en-en__flipped,dico_phrasis_0000571,en,en,Red buses,Two red buses,FORWARD_ENTAILMENT
dico_phrasis_0000571__en-en__original,dico_phrasis_0000571,en,en,Two red buses,Red buses,BACKWARD_ENTAILMENT
dico_phrasis_0000572__en-en__flipped,dico_phrasis_0000572,en,en,A black and white dog,A dog,FORWARD_ENTAILMENT
dico_phrasis_0000572__en-en__original,dico_phrasis_0000572,en,en,A dog,A black and white dog,BACKWARD_ENTAILMENT
dico_phrasis_0000573__en-en__flipped,dico_phrasis_0000573,en,en,from a car,from a passenger vehicle,FORWARD_ENTAILMENT
dico_phrasis_0000573__en-en__original,dico_phrasis_0000573,en,en,from a passenger vehicle,from a car,BACKWARD_ENTAILMENT
dico_phrasis_0000574__en-en__flipped,dico_phrasis_0000574,en,en,Two black and white cows,A black and white cow,FORWARD_ENTAILMENT
dico_phrasis_0000574__en-en__original,dico_phrasis_0000574,en,en,A black and white cow,Two black and white cows,BACKWARD_ENTAILMENT
dico_phrasis_0000575__en-en__flipped,dico_phrasis_0000575,en,en,A home office,A room,FORWARD_ENTAILMENT
dico_phrasis_0000575__en-en__original,dico_phrasis_0000575,en,en,A room,A home office,BACKWARD_ENTAILMENT
dico_phrasis_0000576__en-en__flipped,dico_phrasis_0000576,en,en,some dirt bikes,a bicycle,FORWARD_ENTAILMENT
dico_phrasis_0000576__en-en__original,dico_phrasis_0000576,en,en,a bicycle,some dirt bikes,BACKWARD_ENTAILMENT
dico_phrasis_0000577__en-en__flipped,dico_phrasis_0000577,en,en,of a window,the window,FORWARD_ENTAILMENT
dico_phrasis_0000577__en-en__original,dico_phrasis_0000577,en,en,the window,of a window,BACKWARD_ENTAILMENT
dico_phrasis_0000578__en-en__flipped,dico_phrasis_0000578,en,en,with snacks,containing food,FORWARD_ENTAILMENT
dico_phrasis_0000578__en-en__original,dico_phrasis_0000578,en,en,containing food,with snacks,BACKWARD_ENTAILMENT
dico_phrasis_0000579__en-en__flipped,dico_phrasis_0000579,en,en,with a white horse,a white horse,FORWARD_ENTAILMENT
dico_phrasis_0000579__en-en__original,dico_phrasis_0000579,en,en,a white horse,with a white horse,BACKWARD_ENTAILMENT
dico_phrasis_0000581__en-en__flipped,dico_phrasis_0000581,en,en,Four women and two men,A man and woman,FORWARD_ENTAILMENT
dico_phrasis_0000581__en-en__original,dico_phrasis_0000581,en,en,A man and woman,Four women and two men,BACKWARD_ENTAILMENT
dico_phrasis_0000582__en-en__flipped,dico_phrasis_0000582,en,en,Three dark haired young women,Three young women,FORWARD_ENTAILMENT
dico_phrasis_0000582__en-en__original,dico_phrasis_0000582,en,en,Three young women,Three dark haired young women,BACKWARD_ENTAILMENT
dico_phrasis_0000583__en-en__flipped,dico_phrasis_0000583,en,en,A black and white horned cow,A black and white cow,FORWARD_ENTAILMENT
dico_phrasis_0000583__en-en__original,dico_phrasis_0000583,en,en,A black and white cow,A black and white horned cow,BACKWARD_ENTAILMENT
dico_phrasis_0000584__en-en__flipped,dico_phrasis_0000584,en,en,"jeans , a dark bikini top , and a bracelet",with a bracelet a bikini top and jeans,FORWARD_ENTAILMENT
dico_phrasis_0000584__en-en__original,dico_phrasis_0000584,en,en,with a bracelet a bikini top and jeans,"jeans , a dark bikini top , and a bracelet",BACKWARD_ENTAILMENT
dico_phrasis_0000585__en-en__flipped,dico_phrasis_0000585,en,en,very close to a small television,a small TV,FORWARD_ENTAILMENT
dico_phrasis_0000585__en-en__original,dico_phrasis_0000585,en,en,a small TV,very close to a small television,BACKWARD_ENTAILMENT
dico_phrasis_0000586__en-en__flipped,dico_phrasis_0000586,en,en,All bicyclists,Three bicyclists,FORWARD_ENTAILMENT
dico_phrasis_0000586__en-en__original,dico_phrasis_0000586,en,en,Three bicyclists,All bicyclists,BACKWARD_ENTAILMENT
dico_phrasis_0000587__en-en__flipped,dico_phrasis_0000587,en,en,on a brown horse,a brown horse,FORWARD_ENTAILMENT
dico_phrasis_0000587__en-en__original,dico_phrasis_0000587,en,en,a brown horse,on a brown horse,BACKWARD_ENTAILMENT
dico_phrasis_0000588__en-en__flipped,dico_phrasis_0000588,en,en,with many stuffed animals,with the stuff animals,FORWARD_ENTAILMENT
dico_phrasis_0000588__en-en__original,dico_phrasis_0000588,en,en,with the stuff animals,with many stuffed animals,BACKWARD_ENTAILMENT
dico_phrasis_0000589__en-en__flipped,dico_phrasis_0000589,en,en,A man,Someone,FORWARD_ENTAILMENT
dico_phrasis_0000589__en-en__original,dico_phrasis_0000589,en,en,Someone,A man,BACKWARD_ENTAILMENT
dico_phrasis_0000591__en-en__flipped,dico_phrasis_0000591,en,en,"A gray , black , and white cat",A gray cat,FORWARD_ENTAILMENT
dico_phrasis_0000591__en-en__original,dico_phrasis_0000591,en,en,A gray cat,"A gray , black , and white cat",BACKWARD_ENTAILMENT
dico_phrasis_0000592__en-en__flipped,dico_phrasis_0000592,en,en,a wooden stick,a stick,FORWARD_ENTAILMENT
dico_phrasis_0000592__en-en__original,dico_phrasis_0000592,en,en,a stick,a wooden stick,BACKWARD_ENTAILMENT
dico_phrasis_0000593__en-en__flipped,dico_phrasis_0000593,en,en,while wearing,wearing,FORWARD_ENTAILMENT
dico_phrasis_0000593__en-en__original,dico_phrasis_0000593,en,en,wearing,while wearing,BACKWARD_ENTAILMENT
dico_phrasis_0000594__en-en__flipped,dico_phrasis_0000594,en,en,A bulldog,A pug dog,FORWARD_ENTAILMENT
dico_phrasis_0000594__en-en__original,dico_phrasis_0000594,en,en,A pug dog,A bulldog,BACKWARD_ENTAILMENT
dico_phrasis_0000595__en-en__flipped,dico_phrasis_0000595,en,en,in a black leather chair,on a leather chair,FORWARD_ENTAILMENT
dico_phrasis_0000595__en-en__original,dico_phrasis_0000595,en,en,on a leather chair,in a black leather chair,BACKWARD_ENTAILMENT
dico_phrasis_0000596__en-en__flipped,dico_phrasis_0000596,en,en,A black and white horned cow,Black and white cow,FORWARD_ENTAILMENT
dico_phrasis_0000596__en-en__original,dico_phrasis_0000596,en,en,Black and white cow,A black and white horned cow,BACKWARD_ENTAILMENT
dico_phrasis_0000597__en-en__flipped,dico_phrasis_0000597,en,en,in a grassy wooded area,in a grassy area,FORWARD_ENTAILMENT
dico_phrasis_0000597__en-en__original,dico_phrasis_0000597,en,en,in a grassy area,in a grassy wooded area,BACKWARD_ENTAILMENT
dico_phrasis_0000598__en-en__flipped,dico_phrasis_0000598,en,en,Young redheaded man,A young man,FORWARD_ENTAILMENT
dico_phrasis_0000598__en-en__original,dico_phrasis_0000598,en,en,A young man,Young redheaded man,BACKWARD_ENTAILMENT
dico_phrasis_0000600__en-en__flipped,dico_phrasis_0000600,en,en,on a city street,street,FORWARD_ENTAILMENT
dico_phrasis_0000600__en-en__original,dico_phrasis_0000600,en,en,street,on a city street,BACKWARD_ENTAILMENT
dico_phrasis_0000601__en-en__flipped,dico_phrasis_0000601,en,en,of the back,the back,FORWARD_ENTAILMENT
dico_phrasis_0000601__en-en__original,dico_phrasis_0000601,en,en,the back,of the back,BACKWARD_ENTAILMENT
dico_phrasis_0000603__en-en__flipped,dico_phrasis_0000603,en,en,in bathroom sink,in a sink,FORWARD_ENTAILMENT
dico_phrasis_0000603__en-en__original,dico_phrasis_0000603,en,en,in a sink,in bathroom sink,BACKWARD_ENTAILMENT
dico_phrasis_0000605__en-en__flipped,dico_phrasis_0000605,en,en,inside an indoor station,in a station,FORWARD_ENTAILMENT
dico_phrasis_0000605__en-en__original,dico_phrasis_0000605,en,en,in a station,inside an indoor station,BACKWARD_ENTAILMENT
dico_phrasis_0000606__en-en__flipped,dico_phrasis_0000606,en,en,on a city street,a street,FORWARD_ENTAILMENT
dico_phrasis_0000606__en-en__original,dico_phrasis_0000606,en,en,a street,on a city street,BACKWARD_ENTAILMENT
dico_phrasis_0000607__en-en__flipped,dico_phrasis_0000607,en,en,of a red double decker bus,"A red , double-decker bus",FORWARD_ENTAILMENT
dico_phrasis_0000607__en-en__original,dico_phrasis_0000607,en,en,"A red , double-decker bus",of a red double decker bus,BACKWARD_ENTAILMENT
dico_phrasis_0000608__en-en__flipped,dico_phrasis_0000608,en,en,being held and petted,being petted,FORWARD_ENTAILMENT
dico_phrasis_0000608__en-en__original,dico_phrasis_0000608,en,en,being petted,being held and petted,BACKWARD_ENTAILMENT
dico_phrasis_0000609__en-en__flipped,dico_phrasis_0000609,en,en,A red double decker bus,A double decker bus,FORWARD_ENTAILMENT
dico_phrasis_0000609__en-en__original,dico_phrasis_0000609,en,en,A double decker bus,A red double decker bus,BACKWARD_ENTAILMENT
dico_phrasis_0000610__en-en__flipped,dico_phrasis_0000610,en,en,driving down,drives,FORWARD_ENTAILMENT
dico_phrasis_0000610__en-en__original,dico_phrasis_0000610,en,en,drives,driving down,BACKWARD_ENTAILMENT
dico_phrasis_0000611__en-en__flipped,dico_phrasis_0000611,en,en,with a cap and jacket,with a hat,FORWARD_ENTAILMENT
dico_phrasis_0000611__en-en__original,dico_phrasis_0000611,en,en,with a hat,with a cap and jacket,BACKWARD_ENTAILMENT
dico_phrasis_0000612__en-en__flipped,dico_phrasis_0000612,en,en,of a living room,A living room,FORWARD_ENTAILMENT
dico_phrasis_0000612__en-en__original,dico_phrasis_0000612,en,en,A living room,of a living room,BACKWARD_ENTAILMENT
dico_phrasis_0000613__en-en__flipped,dico_phrasis_0000613,en,en,An old Red London double decker bus,Red double decker bus,FORWARD_ENTAILMENT
dico_phrasis_0000613__en-en__original,dico_phrasis_0000613,en,en,Red double decker bus,An old Red London double decker bus,BACKWARD_ENTAILMENT
dico_phrasis_0000615__en-en__flipped,dico_phrasis_0000615,en,en,on a wooden floor,on the floor,FORWARD_ENTAILMENT
dico_phrasis_0000615__en-en__original,dico_phrasis_0000615,en,en,on the floor,on a wooden floor,BACKWARD_ENTAILMENT
dico_phrasis_0000617__en-en__flipped,dico_phrasis_0000617,en,en,Grey and white cat,White cat,FORWARD_ENTAILMENT
dico_phrasis_0000617__en-en__original,dico_phrasis_0000617,en,en,White cat,Grey and white cat,BACKWARD_ENTAILMENT
dico_phrasis_0000624__en-en__flipped,dico_phrasis_0000624,en,en,of white semi truck,of a semi truck,FORWARD_ENTAILMENT
dico_phrasis_0000624__en-en__original,dico_phrasis_0000624,en,en,of a semi truck,of white semi truck,BACKWARD_ENTAILMENT
dico_phrasis_0000625__en-en__flipped,dico_phrasis_0000625,en,en,in black and white lira,in black,FORWARD_ENTAILMENT
dico_phrasis_0000625__en-en__original,dico_phrasis_0000625,en,en,in black,in black and white lira,BACKWARD_ENTAILMENT
dico_phrasis_0000626__en-en__flipped,dico_phrasis_0000626,en,en,of a black and white horse,of a black horse,FORWARD_ENTAILMENT
dico_phrasis_0000626__en-en__original,dico_phrasis_0000626,en,en,of a black horse,of a black and white horse,BACKWARD_ENTAILMENT
dico_phrasis_0000628__en-en__flipped,dico_phrasis_0000628,en,en,A small white plane,A small plane,FORWARD_ENTAILMENT
dico_phrasis_0000628__en-en__original,dico_phrasis_0000628,en,en,A small plane,A small white plane,BACKWARD_ENTAILMENT
dico_phrasis_0000629__en-en__flipped,dico_phrasis_0000629,en,en,next to a helmeted man,while a man,FORWARD_ENTAILMENT
dico_phrasis_0000629__en-en__original,dico_phrasis_0000629,en,en,while a man,next to a helmeted man,BACKWARD_ENTAILMENT
dico_phrasis_0000630__en-en__flipped,dico_phrasis_0000630,en,en,on the edge of a road with a lake and a mountain in the background,beside a road and a lake,FORWARD_ENTAILMENT
dico_phrasis_0000630__en-en__original,dico_phrasis_0000630,en,en,beside a road and a lake,on the edge of a road with a lake and a mountain in the background,BACKWARD_ENTAILMENT
dico_phrasis_0000631__en-en__flipped,dico_phrasis_0000631,en,en,of a brown horse,of a horse,FORWARD_ENTAILMENT
dico_phrasis_0000631__en-en__original,dico_phrasis_0000631,en,en,of a horse,of a brown horse,BACKWARD_ENTAILMENT
dico_phrasis_0000633__en-en__flipped,dico_phrasis_0000633,en,en,Two eagles,Two animals,FORWARD_ENTAILMENT
dico_phrasis_0000633__en-en__original,dico_phrasis_0000633,en,en,Two animals,Two eagles,BACKWARD_ENTAILMENT
dico_phrasis_0000634__en-en__flipped,dico_phrasis_0000634,en,en,Grey and white cat,The cat,FORWARD_ENTAILMENT
dico_phrasis_0000634__en-en__original,dico_phrasis_0000634,en,en,The cat,Grey and white cat,BACKWARD_ENTAILMENT
dico_phrasis_0000635__en-en__flipped,dico_phrasis_0000635,en,en,while sitting,sitting,FORWARD_ENTAILMENT
dico_phrasis_0000635__en-en__original,dico_phrasis_0000635,en,en,sitting,while sitting,BACKWARD_ENTAILMENT
dico_phrasis_0000636__en-en__flipped,dico_phrasis_0000636,en,en,while sitting,sitting,FORWARD_ENTAILMENT
dico_phrasis_0000636__en-en__original,dico_phrasis_0000636,en,en,sitting,while sitting,BACKWARD_ENTAILMENT
dico_phrasis_0000637__en-en__flipped,dico_phrasis_0000637,en,en,to Philippines,for the Philippine nation,EQUIVALENCE
dico_phrasis_0000637__en-en__original,dico_phrasis_0000637,en,en,for the Philippine nation,to Philippines,EQUIVALENCE
dico_phrasis_0000638__en-en__flipped,dico_phrasis_0000638,en,en,to repeal,revokes,EQUIVALENCE
dico_phrasis_0000638__en-en__original,dico_phrasis_0000638,en,en,revokes,to repeal,EQUIVALENCE
dico_phrasis_0000639__en-en__flipped,dico_phrasis_0000639,en,en,Former Israeli Prime Minister Sharon,Israel 's ex-PM Ariel Sharon,EQUIVALENCE
dico_phrasis_0000639__en-en__original,dico_phrasis_0000639,en,en,Israel 's ex-PM Ariel Sharon,Former Israeli Prime Minister Sharon,EQUIVALENCE
dico_phrasis_0000640__en-en__flipped,dico_phrasis_0000640,en,en,three goals scored by Ronaldo,Ronaldo 's hat trick,EQUIVALENCE
dico_phrasis_0000640__en-en__original,dico_phrasis_0000640,en,en,Ronaldo 's hat trick,three goals scored by Ronaldo,EQUIVALENCE
dico_phrasis_0000642__en-en__flipped,dico_phrasis_0000642,en,en,Ukraine protesters,Ukrainian protesters,EQUIVALENCE
dico_phrasis_0000642__en-en__original,dico_phrasis_0000642,en,en,Ukrainian protesters,Ukraine protesters,EQUIVALENCE
dico_phrasis_0000643__en-en__flipped,dico_phrasis_0000643,en,en,Shehla Raza,Shehla Raza herself,EQUIVALENCE
dico_phrasis_0000643__en-en__original,dico_phrasis_0000643,en,en,Shehla Raza herself,Shehla Raza,EQUIVALENCE
dico_phrasis_0000645__en-en__flipped,dico_phrasis_0000645,en,en,joblessness across the euro area,Eurozone 's unemployment,EQUIVALENCE
dico_phrasis_0000645__en-en__original,dico_phrasis_0000645,en,en,Eurozone 's unemployment,joblessness across the euro area,EQUIVALENCE
dico_phrasis_0000646__en-en__flipped,dico_phrasis_0000646,en,en,S. Korean president,South Korean President,EQUIVALENCE
dico_phrasis_0000646__en-en__original,dico_phrasis_0000646,en,en,South Korean President,S. Korean president,EQUIVALENCE
dico_phrasis_0000648__en-en__flipped,dico_phrasis_0000648,en,en,US Secretary of State John Kerry,US top diplomat Kerry,EQUIVALENCE
dico_phrasis_0000648__en-en__original,dico_phrasis_0000648,en,en,US top diplomat Kerry,US Secretary of State John Kerry,EQUIVALENCE
dico_phrasis_0000649__en-en__flipped,dico_phrasis_0000649,en,en,holds,to hold,EQUIVALENCE
dico_phrasis_0000649__en-en__original,dico_phrasis_0000649,en,en,to hold,holds,EQUIVALENCE
dico_phrasis_0000650__en-en__flipped,dico_phrasis_0000650,en,en,Aged 116,at 116,EQUIVALENCE
dico_phrasis_0000650__en-en__original,dico_phrasis_0000650,en,en,at 116,Aged 116,EQUIVALENCE
dico_phrasis_0000651__en-en__flipped,dico_phrasis_0000651,en,en,Iran 's nuclear deal,Iran nuclear agreement,EQUIVALENCE
dico_phrasis_0000651__en-en__original,dico_phrasis_0000651,en,en,Iran nuclear agreement,Iran 's nuclear deal,EQUIVALENCE
dico_phrasis_0000652__en-en__flipped,dico_phrasis_0000652,en,en,is responding,reacting,EQUIVALENCE
dico_phrasis_0000652__en-en__original,dico_phrasis_0000652,en,en,reacting,is responding,EQUIVALENCE
dico_phrasis_0000655__en-en__flipped,dico_phrasis_0000655,en,en,over attack,concerning the attack,EQUIVALENCE
dico_phrasis_0000655__en-en__original,dico_phrasis_0000655,en,en,concerning the attack,over attack,EQUIVALENCE
dico_phrasis_0000656__en-en__flipped,dico_phrasis_0000656,en,en,originating from the missing aircraft,from missing plane,EQUIVALENCE
dico_phrasis_0000656__en-en__original,dico_phrasis_0000656,en,en,from missing plane,originating from the missing aircraft,EQUIVALENCE
dico_phrasis_0000658__en-en__flipped,dico_phrasis_0000658,en,en,in order to assist,to help,EQUIVALENCE
dico_phrasis_0000658__en-en__original,dico_phrasis_0000658,en,en,to help,in order to assist,EQUIVALENCE
dico_phrasis_0000660__en-en__flipped,dico_phrasis_0000660,en,en,Former Pakistan military ruler Pervez Musharraf,Former Pakistan President Pervez Musharraf,EQUIVALENCE
dico_phrasis_0000660__en-en__original,dico_phrasis_0000660,en,en,Former Pakistan President Pervez Musharraf,Former Pakistan military ruler Pervez Musharraf,EQUIVALENCE
dico_phrasis_0000663__en-en__flipped,dico_phrasis_0000663,en,en,to recall,remember,EQUIVALENCE
dico_phrasis_0000663__en-en__original,dico_phrasis_0000663,en,en,remember,to recall,EQUIVALENCE
dico_phrasis_0000664__en-en__flipped,dico_phrasis_0000664,en,en,off disputed islands,off the contested islands,EQUIVALENCE
dico_phrasis_0000664__en-en__original,dico_phrasis_0000664,en,en,off the contested islands,off disputed islands,EQUIVALENCE
dico_phrasis_0000665__en-en__flipped,dico_phrasis_0000665,en,en,will benefit,benefiting,EQUIVALENCE
dico_phrasis_0000665__en-en__original,dico_phrasis_0000665,en,en,benefiting,will benefit,EQUIVALENCE
dico_phrasis_0000668__en-en__flipped,dico_phrasis_0000668,en,en,in November,during November,EQUIVALENCE
dico_phrasis_0000668__en-en__original,dico_phrasis_0000668,en,en,during November,in November,EQUIVALENCE
dico_phrasis_0000670__en-en__flipped,dico_phrasis_0000670,en,en,American football player Aaron Hernandez,Pro football player Aaron Hernandez,EQUIVALENCE
dico_phrasis_0000670__en-en__original,dico_phrasis_0000670,en,en,Pro football player Aaron Hernandez,American football player Aaron Hernandez,EQUIVALENCE
dico_phrasis_0000672__en-en__flipped,dico_phrasis_0000672,en,en,for lifting,after lifting,EQUIVALENCE
dico_phrasis_0000672__en-en__original,dico_phrasis_0000672,en,en,after lifting,for lifting,EQUIVALENCE
dico_phrasis_0000673__en-en__flipped,dico_phrasis_0000673,en,en,Red Cross members,Red Cross workers,EQUIVALENCE
dico_phrasis_0000673__en-en__original,dico_phrasis_0000673,en,en,Red Cross workers,Red Cross members,EQUIVALENCE
dico_phrasis_0000674__en-en__flipped,dico_phrasis_0000674,en,en,at Papua New Guinea immigration centre,at PNG immigration centre,EQUIVALENCE
dico_phrasis_0000674__en-en__original,dico_phrasis_0000674,en,en,at PNG immigration centre,at Papua New Guinea immigration centre,EQUIVALENCE
dico_phrasis_0000677__en-en__flipped,dico_phrasis_0000677,en,en,as Egyptian forces,as Egypt police,EQUIVALENCE
dico_phrasis_0000677__en-en__original,dico_phrasis_0000677,en,en,as Egypt police,as Egyptian forces,EQUIVALENCE
dico_phrasis_0000678__en-en__flipped,dico_phrasis_0000678,en,en,of ' breakthrough ' guided missile,a guided missile described as a breakthrough,EQUIVALENCE
dico_phrasis_0000678__en-en__original,dico_phrasis_0000678,en,en,a guided missile described as a breakthrough,of ' breakthrough ' guided missile,EQUIVALENCE
dico_phrasis_0000679__en-en__flipped,dico_phrasis_0000679,en,en,to refuse participation,to boycott,EQUIVALENCE
dico_phrasis_0000679__en-en__original,dico_phrasis_0000679,en,en,to boycott,to refuse participation,EQUIVALENCE
dico_phrasis_0000681__en-en__flipped,dico_phrasis_0000681,en,en,concerning the Crimean peninsula,on Crimea,EQUIVALENCE
dico_phrasis_0000681__en-en__original,dico_phrasis_0000681,en,en,on Crimea,concerning the Crimean peninsula,EQUIVALENCE
dico_phrasis_0000682__en-en__flipped,dico_phrasis_0000682,en,en,3 U.S. Diplomats,three U.S. diplomats,EQUIVALENCE
dico_phrasis_0000682__en-en__original,dico_phrasis_0000682,en,en,three U.S. diplomats,3 U.S. Diplomats,EQUIVALENCE
dico_phrasis_0000684__en-en__flipped,dico_phrasis_0000684,en,en,to Adolf Hitler,to Hitler,EQUIVALENCE
dico_phrasis_0000684__en-en__original,dico_phrasis_0000684,en,en,to Hitler,to Adolf Hitler,EQUIVALENCE
dico_phrasis_0000686__en-en__flipped,dico_phrasis_0000686,en,en,after fire breaks out in Moscow Metro,in Moscow metro fire,EQUIVALENCE
dico_phrasis_0000686__en-en__original,dico_phrasis_0000686,en,en,in Moscow metro fire,after fire breaks out in Moscow Metro,EQUIVALENCE
dico_phrasis_0000687__en-en__flipped,dico_phrasis_0000687,en,en,for mass rally,for mass march,EQUIVALENCE
dico_phrasis_0000687__en-en__original,dico_phrasis_0000687,en,en,for mass march,for mass rally,EQUIVALENCE
dico_phrasis_0000688__en-en__flipped,dico_phrasis_0000688,en,en,may boost,may help,EQUIVALENCE
dico_phrasis_0000688__en-en__original,dico_phrasis_0000688,en,en,may help,may boost,EQUIVALENCE
dico_phrasis_0000689__en-en__flipped,dico_phrasis_0000689,en,en,in Russian psychiatric hospital fire,Fire in Russian psychiatric hospital,EQUIVALENCE
dico_phrasis_0000689__en-en__original,dico_phrasis_0000689,en,en,Fire in Russian psychiatric hospital,in Russian psychiatric hospital fire,EQUIVALENCE
dico_phrasis_0000690__en-en__flipped,dico_phrasis_0000690,en,en,Volcanic eruption,Volcano erupts,EQUIVALENCE
dico_phrasis_0000690__en-en__original,dico_phrasis_0000690,en,en,Volcano erupts,Volcanic eruption,EQUIVALENCE
dico_phrasis_0000691__en-en__flipped,dico_phrasis_0000691,en,en,Nobel laureate Doris Lessing,Nobel author Doris Lessing,EQUIVALENCE
dico_phrasis_0000691__en-en__original,dico_phrasis_0000691,en,en,Nobel author Doris Lessing,Nobel laureate Doris Lessing,EQUIVALENCE
dico_phrasis_0000692__en-en__flipped,dico_phrasis_0000692,en,en,Israeli army,Israel Forces,EQUIVALENCE
dico_phrasis_0000692__en-en__original,dico_phrasis_0000692,en,en,Israel Forces,Israeli army,EQUIVALENCE
dico_phrasis_0000694__en-en__flipped,dico_phrasis_0000694,en,en,Sept. 7 poll,election for 7 September,EQUIVALENCE
dico_phrasis_0000694__en-en__original,dico_phrasis_0000694,en,en,election for 7 September,Sept. 7 poll,EQUIVALENCE
dico_phrasis_0000695__en-en__flipped,dico_phrasis_0000695,en,en,"Australia's premier, Kevin Rudd",Australian PM Kevin Rudd,EQUIVALENCE
dico_phrasis_0000695__en-en__original,dico_phrasis_0000695,en,en,Australian PM Kevin Rudd,"Australia's premier, Kevin Rudd",EQUIVALENCE
dico_phrasis_0000696__en-en__flipped,dico_phrasis_0000696,en,en,citing Qaeda threats,Over Al Qaeda Threat,EQUIVALENCE
dico_phrasis_0000696__en-en__original,dico_phrasis_0000696,en,en,Over Al Qaeda Threat,citing Qaeda threats,EQUIVALENCE
dico_phrasis_0000697__en-en__flipped,dico_phrasis_0000697,en,en,Paul Walker Fast and Furious star,' Fast &amp ; Furious ' star Paul Walker,EQUIVALENCE
dico_phrasis_0000697__en-en__original,dico_phrasis_0000697,en,en,' Fast &amp ; Furious ' star Paul Walker,Paul Walker Fast and Furious star,EQUIVALENCE
dico_phrasis_0000699__en-en__flipped,dico_phrasis_0000699,en,en,for nuclear talks,concerning negotiations over nuclear matters,EQUIVALENCE
dico_phrasis_0000699__en-en__original,dico_phrasis_0000699,en,en,concerning negotiations over nuclear matters,for nuclear talks,EQUIVALENCE
dico_phrasis_0000700__en-en__flipped,dico_phrasis_0000700,en,en,the Philippines,the Philippine nation,EQUIVALENCE
dico_phrasis_0000700__en-en__original,dico_phrasis_0000700,en,en,the Philippine nation,the Philippines,EQUIVALENCE
dico_phrasis_0000703__en-en__flipped,dico_phrasis_0000703,en,en,hands back,returns,EQUIVALENCE
dico_phrasis_0000703__en-en__original,dico_phrasis_0000703,en,en,returns,hands back,EQUIVALENCE
dico_phrasis_0000704__en-en__flipped,dico_phrasis_0000704,en,en,in Indonesian eruption,as Indonesia Volcano Erupts,EQUIVALENCE
dico_phrasis_0000704__en-en__original,dico_phrasis_0000704,en,en,as Indonesia Volcano Erupts,in Indonesian eruption,EQUIVALENCE
dico_phrasis_0000706__en-en__flipped,dico_phrasis_0000706,en,en,for apostasy,on grounds of renouncing one's religion,EQUIVALENCE
dico_phrasis_0000706__en-en__original,dico_phrasis_0000706,en,en,on grounds of renouncing one's religion,for apostasy,EQUIVALENCE
dico_phrasis_0000709__en-en__flipped,dico_phrasis_0000709,en,en,Boston bombing suspect,Boston bomb suspect,EQUIVALENCE
dico_phrasis_0000709__en-en__original,dico_phrasis_0000709,en,en,Boston bomb suspect,Boston bombing suspect,EQUIVALENCE
dico_phrasis_0000710__en-en__flipped,dico_phrasis_0000710,en,en,Egypt 's turmoil,unrest in Egypt,EQUIVALENCE
dico_phrasis_0000710__en-en__original,dico_phrasis_0000710,en,en,unrest in Egypt,Egypt 's turmoil,EQUIVALENCE
dico_phrasis_0000713__en-en__flipped,dico_phrasis_0000713,en,en,' Glee ' star Cory Monteith,"Cory Monteith, an actor from Glee",EQUIVALENCE
dico_phrasis_0000713__en-en__original,dico_phrasis_0000713,en,en,"Cory Monteith, an actor from Glee",' Glee ' star Cory Monteith,EQUIVALENCE
dico_phrasis_0000717__en-en__flipped,dico_phrasis_0000717,en,en,Malaysia Airlines plane,an aircraft operated by Malaysia Airlines,EQUIVALENCE
dico_phrasis_0000717__en-en__original,dico_phrasis_0000717,en,en,an aircraft operated by Malaysia Airlines,Malaysia Airlines plane,EQUIVALENCE
dico_phrasis_0000719__en-en__flipped,dico_phrasis_0000719,en,en,China 's stocks,equities from China,EQUIVALENCE
dico_phrasis_0000719__en-en__original,dico_phrasis_0000719,en,en,equities from China,China 's stocks,EQUIVALENCE
dico_phrasis_0000720__en-en__flipped,dico_phrasis_0000720,en,en,After Indian Girl 6,about 6-year-old Indian girl,EQUIVALENCE
dico_phrasis_0000720__en-en__original,dico_phrasis_0000720,en,en,about 6-year-old Indian girl,After Indian Girl 6,EQUIVALENCE
dico_phrasis_0000722__en-en__flipped,dico_phrasis_0000722,en,en,is walking,moving on foot,EQUIVALENCE
dico_phrasis_0000722__en-en__original,dico_phrasis_0000722,en,en,moving on foot,is walking,EQUIVALENCE
dico_phrasis_0000723__en-en__flipped,dico_phrasis_0000723,en,en,holding a pose,are posing,EQUIVALENCE
dico_phrasis_0000723__en-en__original,dico_phrasis_0000723,en,en,are posing,holding a pose,EQUIVALENCE
dico_phrasis_0000727__en-en__flipped,dico_phrasis_0000727,en,en,is holding,keeping hold of,EQUIVALENCE
dico_phrasis_0000727__en-en__original,dico_phrasis_0000727,en,en,keeping hold of,is holding,EQUIVALENCE
dico_phrasis_0000730__en-en__flipped,dico_phrasis_0000730,en,en,entering the water,into the water,EQUIVALENCE
dico_phrasis_0000730__en-en__original,dico_phrasis_0000730,en,en,into the water,entering the water,EQUIVALENCE
dico_phrasis_0000735__en-en__flipped,dico_phrasis_0000735,en,en,are running,moving at a run,EQUIVALENCE
dico_phrasis_0000735__en-en__original,dico_phrasis_0000735,en,en,moving at a run,are running,EQUIVALENCE
dico_phrasis_0000736__en-en__flipped,dico_phrasis_0000736,en,en,Two dogs,A pair of dogs,EQUIVALENCE
dico_phrasis_0000736__en-en__original,dico_phrasis_0000736,en,en,A pair of dogs,Two dogs,EQUIVALENCE
dico_phrasis_0000737__en-en__flipped,dico_phrasis_0000737,en,en,is wearing,dressed in,EQUIVALENCE
dico_phrasis_0000737__en-en__original,dico_phrasis_0000737,en,en,dressed in,is wearing,EQUIVALENCE
dico_phrasis_0000740__en-en__flipped,dico_phrasis_0000740,en,en,are standing,stand,EQUIVALENCE
dico_phrasis_0000740__en-en__original,dico_phrasis_0000740,en,en,stand,are standing,EQUIVALENCE
dico_phrasis_0000741__en-en__flipped,dico_phrasis_0000741,en,en,The three children,a group of three children,EQUIVALENCE
dico_phrasis_0000741__en-en__original,dico_phrasis_0000741,en,en,a group of three children,The three children,EQUIVALENCE
dico_phrasis_0000742__en-en__flipped,dico_phrasis_0000742,en,en,holds,is holding,EQUIVALENCE
dico_phrasis_0000742__en-en__original,dico_phrasis_0000742,en,en,is holding,holds,EQUIVALENCE
dico_phrasis_0000744__en-en__flipped,dico_phrasis_0000744,en,en,The scuba diver,a person equipped for scuba diving,EQUIVALENCE
dico_phrasis_0000744__en-en__original,dico_phrasis_0000744,en,en,a person equipped for scuba diving,The scuba diver,EQUIVALENCE
dico_phrasis_0000745__en-en__flipped,dico_phrasis_0000745,en,en,is running quickly,sprints,EQUIVALENCE
dico_phrasis_0000745__en-en__original,dico_phrasis_0000745,en,en,sprints,is running quickly,EQUIVALENCE
dico_phrasis_0000746__en-en__flipped,dico_phrasis_0000746,en,en,A group of cars,Many cars,EQUIVALENCE
dico_phrasis_0000746__en-en__original,dico_phrasis_0000746,en,en,Many cars,A group of cars,EQUIVALENCE
dico_phrasis_0000747__en-en__flipped,dico_phrasis_0000747,en,en,immersed in the water,in the water,EQUIVALENCE
dico_phrasis_0000747__en-en__original,dico_phrasis_0000747,en,en,in the water,immersed in the water,EQUIVALENCE
dico_phrasis_0000748__en-en__flipped,dico_phrasis_0000748,en,en,with the blue collar,wearing a collar colored blue,EQUIVALENCE
dico_phrasis_0000748__en-en__original,dico_phrasis_0000748,en,en,wearing a collar colored blue,with the blue collar,EQUIVALENCE
dico_phrasis_0000749__en-en__flipped,dico_phrasis_0000749,en,en,in the snow,amid snow,EQUIVALENCE
dico_phrasis_0000749__en-en__original,dico_phrasis_0000749,en,en,amid snow,in the snow,EQUIVALENCE
dico_phrasis_0000750__en-en__flipped,dico_phrasis_0000750,en,en,Black dog,a canine with black fur,EQUIVALENCE
dico_phrasis_0000750__en-en__original,dico_phrasis_0000750,en,en,a canine with black fur,Black dog,EQUIVALENCE
dico_phrasis_0000751__en-en__flipped,dico_phrasis_0000751,en,en,chasing,is running after,EQUIVALENCE
dico_phrasis_0000751__en-en__original,dico_phrasis_0000751,en,en,is running after,chasing,EQUIVALENCE
dico_phrasis_0000753__en-en__flipped,dico_phrasis_0000753,en,en,is blowing,blows,EQUIVALENCE
dico_phrasis_0000753__en-en__original,dico_phrasis_0000753,en,en,blows,is blowing,EQUIVALENCE
dico_phrasis_0000755__en-en__flipped,dico_phrasis_0000755,en,en,colored boxes,multi-colored blocks,EQUIVALENCE
dico_phrasis_0000755__en-en__original,dico_phrasis_0000755,en,en,multi-colored blocks,colored boxes,EQUIVALENCE
dico_phrasis_0000756__en-en__flipped,dico_phrasis_0000756,en,en,stand juggling,are juggling,EQUIVALENCE
dico_phrasis_0000756__en-en__original,dico_phrasis_0000756,en,en,are juggling,stand juggling,EQUIVALENCE
dico_phrasis_0000758__en-en__flipped,dico_phrasis_0000758,en,en,through a snowy wooded area,through a snowy forest,EQUIVALENCE
dico_phrasis_0000758__en-en__original,dico_phrasis_0000758,en,en,through a snowy forest,through a snowy wooded area,EQUIVALENCE
dico_phrasis_0000759__en-en__flipped,dico_phrasis_0000759,en,en,in a plaid shirt,wearing a plaid-patterned shirt,EQUIVALENCE
dico_phrasis_0000759__en-en__original,dico_phrasis_0000759,en,en,wearing a plaid-patterned shirt,in a plaid shirt,EQUIVALENCE
dico_phrasis_0000761__en-en__flipped,dico_phrasis_0000761,en,en,is shivering,shivers,EQUIVALENCE
dico_phrasis_0000761__en-en__original,dico_phrasis_0000761,en,en,shivers,is shivering,EQUIVALENCE
dico_phrasis_0000763__en-en__flipped,dico_phrasis_0000763,en,en,A tan dog,A brown dog,EQUIVALENCE
dico_phrasis_0000763__en-en__original,dico_phrasis_0000763,en,en,A brown dog,A tan dog,EQUIVALENCE
dico_phrasis_0000765__en-en__flipped,dico_phrasis_0000765,en,en,in the water,immersed in water,EQUIVALENCE
dico_phrasis_0000765__en-en__original,dico_phrasis_0000765,en,en,immersed in water,in the water,EQUIVALENCE
dico_phrasis_0000767__en-en__flipped,dico_phrasis_0000767,en,en,is bounding,leaping in long bounds,EQUIVALENCE
dico_phrasis_0000767__en-en__original,dico_phrasis_0000767,en,en,leaping in long bounds,is bounding,EQUIVALENCE
dico_phrasis_0000770__en-en__flipped,dico_phrasis_0000770,en,en,surfs,is surfung,EQUIVALENCE
dico_phrasis_0000770__en-en__original,dico_phrasis_0000770,en,en,is surfung,surfs,EQUIVALENCE
dico_phrasis_0000771__en-en__flipped,dico_phrasis_0000771,en,en,in the car,inside an automobile,EQUIVALENCE
dico_phrasis_0000771__en-en__original,dico_phrasis_0000771,en,en,inside an automobile,in the car,EQUIVALENCE
dico_phrasis_0000772__en-en__flipped,dico_phrasis_0000772,en,en,kayaks,is riding a kayak,EQUIVALENCE
dico_phrasis_0000772__en-en__original,dico_phrasis_0000772,en,en,is riding a kayak,kayaks,EQUIVALENCE
dico_phrasis_0000775__en-en__flipped,dico_phrasis_0000775,en,en,drawing in scents,is sniffing,EQUIVALENCE
dico_phrasis_0000775__en-en__original,dico_phrasis_0000775,en,en,is sniffing,drawing in scents,EQUIVALENCE
dico_phrasis_0000776__en-en__flipped,dico_phrasis_0000776,en,en,on the grass,atop grassy ground,EQUIVALENCE
dico_phrasis_0000776__en-en__original,dico_phrasis_0000776,en,en,atop grassy ground,on the grass,EQUIVALENCE
dico_phrasis_0000779__en-en__flipped,dico_phrasis_0000779,en,en,A brown and white dog,The white and brown dog,EQUIVALENCE
dico_phrasis_0000779__en-en__original,dico_phrasis_0000779,en,en,The white and brown dog,A brown and white dog,EQUIVALENCE
dico_phrasis_0000780__en-en__flipped,dico_phrasis_0000780,en,en,are playing,play,EQUIVALENCE
dico_phrasis_0000780__en-en__original,dico_phrasis_0000780,en,en,play,are playing,EQUIVALENCE
dico_phrasis_0000783__en-en__flipped,dico_phrasis_0000783,en,en,remain upright,is standing,EQUIVALENCE
dico_phrasis_0000783__en-en__original,dico_phrasis_0000783,en,en,is standing,remain upright,EQUIVALENCE
dico_phrasis_0000785__en-en__flipped,dico_phrasis_0000785,en,en,in front of a snow covered mountain,in front of a snowy mountain,EQUIVALENCE
dico_phrasis_0000785__en-en__original,dico_phrasis_0000785,en,en,in front of a snowy mountain,in front of a snow covered mountain,EQUIVALENCE
dico_phrasis_0000786__en-en__flipped,dico_phrasis_0000786,en,en,are taking,performing the act of taking,EQUIVALENCE
dico_phrasis_0000786__en-en__original,dico_phrasis_0000786,en,en,performing the act of taking,are taking,EQUIVALENCE
dico_phrasis_0000789__en-en__flipped,dico_phrasis_0000789,en,en,are racing,competing in a race,EQUIVALENCE
dico_phrasis_0000789__en-en__original,dico_phrasis_0000789,en,en,competing in a race,are racing,EQUIVALENCE
dico_phrasis_0000790__en-en__flipped,dico_phrasis_0000790,en,en,is leaping,leaps,EQUIVALENCE
dico_phrasis_0000790__en-en__original,dico_phrasis_0000790,en,en,leaps,is leaping,EQUIVALENCE
dico_phrasis_0000791__en-en__flipped,dico_phrasis_0000791,en,en,does,is doing,EQUIVALENCE
dico_phrasis_0000791__en-en__original,dico_phrasis_0000791,en,en,is doing,does,EQUIVALENCE
dico_phrasis_0000792__en-en__flipped,dico_phrasis_0000792,en,en,using her trampoline,on her trampoline,EQUIVALENCE
dico_phrasis_0000792__en-en__original,dico_phrasis_0000792,en,en,on her trampoline,using her trampoline,EQUIVALENCE
dico_phrasis_0000793__en-en__flipped,dico_phrasis_0000793,en,en,plays,are playing,EQUIVALENCE
dico_phrasis_0000793__en-en__original,dico_phrasis_0000793,en,en,are playing,plays,EQUIVALENCE
dico_phrasis_0000794__en-en__flipped,dico_phrasis_0000794,en,en,Woman and dog,an adult female accompanied by a dog,EQUIVALENCE
dico_phrasis_0000794__en-en__original,dico_phrasis_0000794,en,en,an adult female accompanied by a dog,Woman and dog,EQUIVALENCE
dico_phrasis_0000795__en-en__flipped,dico_phrasis_0000795,en,en,Three people,Three individuals,EQUIVALENCE
dico_phrasis_0000795__en-en__original,dico_phrasis_0000795,en,en,Three individuals,Three people,EQUIVALENCE
dico_phrasis_0000796__en-en__flipped,dico_phrasis_0000796,en,en,behind a no skiing sign,behind a sign that prohibits skiing,EQUIVALENCE
dico_phrasis_0000796__en-en__original,dico_phrasis_0000796,en,en,behind a sign that prohibits skiing,behind a no skiing sign,EQUIVALENCE
dico_phrasis_0000797__en-en__flipped,dico_phrasis_0000797,en,en,A black and white dog,the canine with black-and-white fur,EQUIVALENCE
dico_phrasis_0000797__en-en__original,dico_phrasis_0000797,en,en,the canine with black-and-white fur,A black and white dog,EQUIVALENCE
dico_phrasis_0000798__en-en__flipped,dico_phrasis_0000798,en,en,in the snow,in the white snow,EQUIVALENCE
dico_phrasis_0000798__en-en__original,dico_phrasis_0000798,en,en,in the white snow,in the snow,EQUIVALENCE
dico_phrasis_0000799__en-en__flipped,dico_phrasis_0000799,en,en,at the beach,by the seaside,EQUIVALENCE
dico_phrasis_0000799__en-en__original,dico_phrasis_0000799,en,en,by the seaside,at the beach,EQUIVALENCE
dico_phrasis_0000800__en-en__flipped,dico_phrasis_0000800,en,en,A black and white dog,a canine with black-and-white fur,EQUIVALENCE
dico_phrasis_0000800__en-en__original,dico_phrasis_0000800,en,en,a canine with black-and-white fur,A black and white dog,EQUIVALENCE
dico_phrasis_0000804__en-en__flipped,dico_phrasis_0000804,en,en,upon an open field,on a field,EQUIVALENCE
dico_phrasis_0000804__en-en__original,dico_phrasis_0000804,en,en,on a field,upon an open field,EQUIVALENCE
dico_phrasis_0000806__en-en__flipped,dico_phrasis_0000806,en,en,leaps,is jumping,EQUIVALENCE
dico_phrasis_0000806__en-en__original,dico_phrasis_0000806,en,en,is jumping,leaps,EQUIVALENCE
dico_phrasis_0000807__en-en__flipped,dico_phrasis_0000807,en,en,moves up,climbs,EQUIVALENCE
dico_phrasis_0000807__en-en__original,dico_phrasis_0000807,en,en,climbs,moves up,EQUIVALENCE
dico_phrasis_0000810__en-en__flipped,dico_phrasis_0000810,en,en,run,is running,EQUIVALENCE
dico_phrasis_0000810__en-en__original,dico_phrasis_0000810,en,en,is running,run,EQUIVALENCE
dico_phrasis_0000812__en-en__flipped,dico_phrasis_0000812,en,en,across the grass,over grass,EQUIVALENCE
dico_phrasis_0000812__en-en__original,dico_phrasis_0000812,en,en,over grass,across the grass,EQUIVALENCE
dico_phrasis_0000813__en-en__flipped,dico_phrasis_0000813,en,en,A brown and white dog,A white and brown dog,EQUIVALENCE
dico_phrasis_0000813__en-en__original,dico_phrasis_0000813,en,en,A white and brown dog,A brown and white dog,EQUIVALENCE
dico_phrasis_0000814__en-en__flipped,dico_phrasis_0000814,en,en,in a batman costume,in a batman suit,EQUIVALENCE
dico_phrasis_0000814__en-en__original,dico_phrasis_0000814,en,en,in a batman suit,in a batman costume,EQUIVALENCE
dico_phrasis_0000818__en-en__flipped,dico_phrasis_0000818,en,en,is playing,plays,EQUIVALENCE
dico_phrasis_0000818__en-en__original,dico_phrasis_0000818,en,en,plays,is playing,EQUIVALENCE
dico_phrasis_0000819__en-en__flipped,dico_phrasis_0000819,en,en,eats,is eating,EQUIVALENCE
dico_phrasis_0000819__en-en__original,dico_phrasis_0000819,en,en,is eating,eats,EQUIVALENCE
dico_phrasis_0000820__en-en__flipped,dico_phrasis_0000820,en,en,are playing,engaging in play,EQUIVALENCE
dico_phrasis_0000820__en-en__original,dico_phrasis_0000820,en,en,engaging in play,are playing,EQUIVALENCE
dico_phrasis_0000821__en-en__flipped,dico_phrasis_0000821,en,en,leaping away from,is jumping off,EQUIVALENCE
dico_phrasis_0000821__en-en__original,dico_phrasis_0000821,en,en,is jumping off,leaping away from,EQUIVALENCE
dico_phrasis_0000823__en-en__flipped,dico_phrasis_0000823,en,en,atop the grassy ground,on the grass,EQUIVALENCE
dico_phrasis_0000823__en-en__original,dico_phrasis_0000823,en,en,on the grass,atop the grassy ground,EQUIVALENCE
dico_phrasis_0000824__en-en__flipped,dico_phrasis_0000824,en,en,in snow,amid snow,EQUIVALENCE
dico_phrasis_0000824__en-en__original,dico_phrasis_0000824,en,en,amid snow,in snow,EQUIVALENCE
dico_phrasis_0000826__en-en__flipped,dico_phrasis_0000826,en,en,rides,is riding,EQUIVALENCE
dico_phrasis_0000826__en-en__original,dico_phrasis_0000826,en,en,is riding,rides,EQUIVALENCE
dico_phrasis_0000827__en-en__flipped,dico_phrasis_0000827,en,en,to see,watching,EQUIVALENCE
dico_phrasis_0000827__en-en__original,dico_phrasis_0000827,en,en,watching,to see,EQUIVALENCE
dico_phrasis_0000828__en-en__flipped,dico_phrasis_0000828,en,en,stand,are standing,EQUIVALENCE
dico_phrasis_0000828__en-en__original,dico_phrasis_0000828,en,en,are standing,stand,EQUIVALENCE
dico_phrasis_0000829__en-en__flipped,dico_phrasis_0000829,en,en,in the backgroud,behind them,EQUIVALENCE
dico_phrasis_0000829__en-en__original,dico_phrasis_0000829,en,en,behind them,in the backgroud,EQUIVALENCE
dico_phrasis_0000832__en-en__flipped,dico_phrasis_0000832,en,en,in mouth,held between its jaws,EQUIVALENCE
dico_phrasis_0000832__en-en__original,dico_phrasis_0000832,en,en,held between its jaws,in mouth,EQUIVALENCE
dico_phrasis_0000834__en-en__flipped,dico_phrasis_0000834,en,en,is trying,attempting,EQUIVALENCE
dico_phrasis_0000834__en-en__original,dico_phrasis_0000834,en,en,attempting,is trying,EQUIVALENCE
dico_phrasis_0000835__en-en__flipped,dico_phrasis_0000835,en,en,in a public place,in public,EQUIVALENCE
dico_phrasis_0000835__en-en__original,dico_phrasis_0000835,en,en,in public,in a public place,EQUIVALENCE
dico_phrasis_0000837__en-en__flipped,dico_phrasis_0000837,en,en,is talking,conversing,EQUIVALENCE
dico_phrasis_0000837__en-en__original,dico_phrasis_0000837,en,en,conversing,is talking,EQUIVALENCE
dico_phrasis_0000838__en-en__flipped,dico_phrasis_0000838,en,en,through the shallow water,across water of little depth,EQUIVALENCE
dico_phrasis_0000838__en-en__original,dico_phrasis_0000838,en,en,across water of little depth,through the shallow water,EQUIVALENCE
dico_phrasis_0000839__en-en__flipped,dico_phrasis_0000839,en,en,in the red shirt,dressed in a red-colored shirt,EQUIVALENCE
dico_phrasis_0000839__en-en__original,dico_phrasis_0000839,en,en,dressed in a red-colored shirt,in the red shirt,EQUIVALENCE
dico_phrasis_0000840__en-en__flipped,dico_phrasis_0000840,en,en,The boy,the male child,EQUIVALENCE
dico_phrasis_0000840__en-en__original,dico_phrasis_0000840,en,en,the male child,The boy,EQUIVALENCE
dico_phrasis_0000841__en-en__flipped,dico_phrasis_0000841,en,en,toward a second man,to another man,EQUIVALENCE
dico_phrasis_0000841__en-en__original,dico_phrasis_0000841,en,en,to another man,toward a second man,EQUIVALENCE
dico_phrasis_0000843__en-en__flipped,dico_phrasis_0000843,en,en,A bunch,A crowd,EQUIVALENCE
dico_phrasis_0000843__en-en__original,dico_phrasis_0000843,en,en,A crowd,A bunch,EQUIVALENCE
dico_phrasis_0000844__en-en__flipped,dico_phrasis_0000844,en,en,is running,runs,EQUIVALENCE
dico_phrasis_0000844__en-en__original,dico_phrasis_0000844,en,en,runs,is running,EQUIVALENCE
dico_phrasis_0000847__en-en__flipped,dico_phrasis_0000847,en,en,a sunset,the sun set,EQUIVALENCE
dico_phrasis_0000847__en-en__original,dico_phrasis_0000847,en,en,the sun set,a sunset,EQUIVALENCE
dico_phrasis_0000848__en-en__flipped,dico_phrasis_0000848,en,en,moving back and forth,is swinging,EQUIVALENCE
dico_phrasis_0000848__en-en__original,dico_phrasis_0000848,en,en,is swinging,moving back and forth,EQUIVALENCE
dico_phrasis_0000849__en-en__flipped,dico_phrasis_0000849,en,en,through the deep snow,through deep snow pack,EQUIVALENCE
dico_phrasis_0000849__en-en__original,dico_phrasis_0000849,en,en,through deep snow pack,through the deep snow,EQUIVALENCE
dico_phrasis_0000850__en-en__flipped,dico_phrasis_0000850,en,en,upon the grassy ground,in the grass,EQUIVALENCE
dico_phrasis_0000850__en-en__original,dico_phrasis_0000850,en,en,in the grass,upon the grassy ground,EQUIVALENCE
dico_phrasis_0000851__en-en__flipped,dico_phrasis_0000851,en,en,a dog,a domestic canine,EQUIVALENCE
dico_phrasis_0000851__en-en__original,dico_phrasis_0000851,en,en,a domestic canine,a dog,EQUIVALENCE
dico_phrasis_0000853__en-en__flipped,dico_phrasis_0000853,en,en,with brown markings,with brown spots,EQUIVALENCE
dico_phrasis_0000853__en-en__original,dico_phrasis_0000853,en,en,with brown spots,with brown markings,EQUIVALENCE
dico_phrasis_0000854__en-en__flipped,dico_phrasis_0000854,en,en,of guys,of men,EQUIVALENCE
dico_phrasis_0000854__en-en__original,dico_phrasis_0000854,en,en,of men,of guys,EQUIVALENCE
dico_phrasis_0000856__en-en__flipped,dico_phrasis_0000856,en,en,like the Union Jack,resembling the British national flag,EQUIVALENCE
dico_phrasis_0000856__en-en__original,dico_phrasis_0000856,en,en,resembling the British national flag,like the Union Jack,EQUIVALENCE
dico_phrasis_0000857__en-en__flipped,dico_phrasis_0000857,en,en,The white dog,a canine with white fur,EQUIVALENCE
dico_phrasis_0000857__en-en__original,dico_phrasis_0000857,en,en,a canine with white fur,The white dog,EQUIVALENCE
dico_phrasis_0000858__en-en__flipped,dico_phrasis_0000858,en,en,over the hurdle,above a barrier,EQUIVALENCE
dico_phrasis_0000858__en-en__original,dico_phrasis_0000858,en,en,above a barrier,over the hurdle,EQUIVALENCE
dico_phrasis_0000860__en-en__flipped,dico_phrasis_0000860,en,en,John Demjanjuk convicted Nazi death camp guard,Former Nazi death camp guard Demjanjuk,EQUIVALENCE
dico_phrasis_0000860__en-en__original,dico_phrasis_0000860,en,en,Former Nazi death camp guard Demjanjuk,John Demjanjuk convicted Nazi death camp guard,EQUIVALENCE
dico_phrasis_0000861__en-en__flipped,dico_phrasis_0000861,en,en,At Olympics,at the Olympic Games,EQUIVALENCE
dico_phrasis_0000861__en-en__original,dico_phrasis_0000861,en,en,at the Olympic Games,At Olympics,EQUIVALENCE
dico_phrasis_0000862__en-en__flipped,dico_phrasis_0000862,en,en,Allowed,to permit,EQUIVALENCE
dico_phrasis_0000862__en-en__original,dico_phrasis_0000862,en,en,to permit,Allowed,EQUIVALENCE
dico_phrasis_0000864__en-en__flipped,dico_phrasis_0000864,en,en,for `` house sister '' scandal,for the controversy dubbed house sister,EQUIVALENCE
dico_phrasis_0000864__en-en__original,dico_phrasis_0000864,en,en,for the controversy dubbed house sister,for `` house sister '' scandal,EQUIVALENCE
dico_phrasis_0000865__en-en__flipped,dico_phrasis_0000865,en,en,tumbles,takes a beating,EQUIVALENCE
dico_phrasis_0000865__en-en__original,dico_phrasis_0000865,en,en,takes a beating,tumbles,EQUIVALENCE
dico_phrasis_0000868__en-en__flipped,dico_phrasis_0000868,en,en,retires,Announces Retirement,EQUIVALENCE
dico_phrasis_0000868__en-en__original,dico_phrasis_0000868,en,en,Announces Retirement,retires,EQUIVALENCE
dico_phrasis_0000871__en-en__flipped,dico_phrasis_0000871,en,en,Lance Armstrong in biopic,a biographical film about Lance Armstrong,EQUIVALENCE
dico_phrasis_0000871__en-en__original,dico_phrasis_0000871,en,en,a biographical film about Lance Armstrong,Lance Armstrong in biopic,EQUIVALENCE
dico_phrasis_0000873__en-en__flipped,dico_phrasis_0000873,en,en,in hospital,inside a hospital facility,EQUIVALENCE
dico_phrasis_0000873__en-en__original,dico_phrasis_0000873,en,en,inside a hospital facility,in hospital,EQUIVALENCE
dico_phrasis_0000877__en-en__flipped,dico_phrasis_0000877,en,en,left burning,ablaze,EQUIVALENCE
dico_phrasis_0000877__en-en__original,dico_phrasis_0000877,en,en,ablaze,left burning,EQUIVALENCE
dico_phrasis_0000878__en-en__flipped,dico_phrasis_0000878,en,en,Deal on `` fiscal cliff '',fiscal cliff deal,EQUIVALENCE
dico_phrasis_0000878__en-en__original,dico_phrasis_0000878,en,en,fiscal cliff deal,Deal on `` fiscal cliff '',EQUIVALENCE
dico_phrasis_0000879__en-en__flipped,dico_phrasis_0000879,en,en,Jenni Rivera Mexican music star,Mexican singer Jenni Rivera,EQUIVALENCE
dico_phrasis_0000879__en-en__original,dico_phrasis_0000879,en,en,Mexican singer Jenni Rivera,Jenni Rivera Mexican music star,EQUIVALENCE
dico_phrasis_0000880__en-en__flipped,dico_phrasis_0000880,en,en,Bangladesh building-collapse,the collapse of a building in Bangladesh,EQUIVALENCE
dico_phrasis_0000880__en-en__original,dico_phrasis_0000880,en,en,the collapse of a building in Bangladesh,Bangladesh building-collapse,EQUIVALENCE
dico_phrasis_0000883__en-en__flipped,dico_phrasis_0000883,en,en,initial approval,initial OK,EQUIVALENCE
dico_phrasis_0000883__en-en__original,dico_phrasis_0000883,en,en,initial OK,initial approval,EQUIVALENCE
dico_phrasis_0000884__en-en__flipped,dico_phrasis_0000884,en,en,after Fla. apartment shootout,After Florida Apartment Shooting,EQUIVALENCE
dico_phrasis_0000884__en-en__original,dico_phrasis_0000884,en,en,After Florida Apartment Shooting,after Fla. apartment shootout,EQUIVALENCE
dico_phrasis_0000885__en-en__flipped,dico_phrasis_0000885,en,en,by police,carried out by law-enforcement officers,EQUIVALENCE
dico_phrasis_0000885__en-en__original,dico_phrasis_0000885,en,en,carried out by law-enforcement officers,by police,EQUIVALENCE
dico_phrasis_0000886__en-en__flipped,dico_phrasis_0000886,en,en,"relating to Diana, Princess of Wales, and Dodi Al-Fayed",of Princess Diana and Dodi Fayed,EQUIVALENCE
dico_phrasis_0000886__en-en__original,dico_phrasis_0000886,en,en,of Princess Diana and Dodi Fayed,"relating to Diana, Princess of Wales, and Dodi Al-Fayed",EQUIVALENCE
dico_phrasis_0000888__en-en__flipped,dico_phrasis_0000888,en,en,India 's Modi,Narendra Modi,EQUIVALENCE
dico_phrasis_0000888__en-en__original,dico_phrasis_0000888,en,en,Narendra Modi,India 's Modi,EQUIVALENCE
dico_phrasis_0000889__en-en__flipped,dico_phrasis_0000889,en,en,on lifting ban,on admitting,EQUIVALENCE
dico_phrasis_0000889__en-en__original,dico_phrasis_0000889,en,en,on admitting,on lifting ban,EQUIVALENCE
dico_phrasis_0000891__en-en__flipped,dico_phrasis_0000891,en,en,Votes,to vote,EQUIVALENCE
dico_phrasis_0000891__en-en__original,dico_phrasis_0000891,en,en,to vote,Votes,EQUIVALENCE
dico_phrasis_0000892__en-en__flipped,dico_phrasis_0000892,en,en,in Russia coal mine blast,in Russian coal mine blast,EQUIVALENCE
dico_phrasis_0000892__en-en__original,dico_phrasis_0000892,en,en,in Russian coal mine blast,in Russia coal mine blast,EQUIVALENCE
dico_phrasis_0000894__en-en__flipped,dico_phrasis_0000894,en,en,Blizzard wallops,Blizzard hammers,EQUIVALENCE
dico_phrasis_0000894__en-en__original,dico_phrasis_0000894,en,en,Blizzard hammers,Blizzard wallops,EQUIVALENCE
dico_phrasis_0000898__en-en__flipped,dico_phrasis_0000898,en,en,during Kosovo's organ-trafficking case,in Kosovo organ trafficking case,EQUIVALENCE
dico_phrasis_0000898__en-en__original,dico_phrasis_0000898,en,en,in Kosovo organ trafficking case,during Kosovo's organ-trafficking case,EQUIVALENCE
dico_phrasis_0000899__en-en__flipped,dico_phrasis_0000899,en,en,concerning the death of JFK,of JFK 's death,EQUIVALENCE
dico_phrasis_0000899__en-en__original,dico_phrasis_0000899,en,en,of JFK 's death,concerning the death of JFK,EQUIVALENCE
dico_phrasis_0000900__en-en__flipped,dico_phrasis_0000900,en,en,approves release,frees,EQUIVALENCE
dico_phrasis_0000900__en-en__original,dico_phrasis_0000900,en,en,frees,approves release,EQUIVALENCE
dico_phrasis_0000901__en-en__flipped,dico_phrasis_0000901,en,en,in three cities,in 3 cities,EQUIVALENCE
dico_phrasis_0000901__en-en__original,dico_phrasis_0000901,en,en,in 3 cities,in three cities,EQUIVALENCE
dico_phrasis_0000902__en-en__flipped,dico_phrasis_0000902,en,en,Egypt president,Egypt 's leader,EQUIVALENCE
dico_phrasis_0000902__en-en__original,dico_phrasis_0000902,en,en,Egypt 's leader,Egypt president,EQUIVALENCE
dico_phrasis_0000903__en-en__flipped,dico_phrasis_0000903,en,en,record US$ 38b,Record $ 38 bn,EQUIVALENCE
dico_phrasis_0000903__en-en__original,dico_phrasis_0000903,en,en,Record $ 38 bn,record US$ 38b,EQUIVALENCE
dico_phrasis_0000909__en-en__flipped,dico_phrasis_0000909,en,en,in Canadian train wreck,in Canada train disaster,EQUIVALENCE
dico_phrasis_0000909__en-en__original,dico_phrasis_0000909,en,en,in Canada train disaster,in Canadian train wreck,EQUIVALENCE
dico_phrasis_0000910__en-en__flipped,dico_phrasis_0000910,en,en,to delay,may delay,EQUIVALENCE
dico_phrasis_0000910__en-en__original,dico_phrasis_0000910,en,en,may delay,to delay,EQUIVALENCE
dico_phrasis_0000912__en-en__flipped,dico_phrasis_0000912,en,en,work,is working,EQUIVALENCE
dico_phrasis_0000912__en-en__original,dico_phrasis_0000912,en,en,is working,work,EQUIVALENCE
dico_phrasis_0000913__en-en__flipped,dico_phrasis_0000913,en,en,1-Egypt pro-Mursi alliance signals flexibility,Egypt's pro-Mursi alliance indicates a readiness to compromise,EQUIVALENCE
dico_phrasis_0000913__en-en__original,dico_phrasis_0000913,en,en,Egypt's pro-Mursi alliance indicates a readiness to compromise,1-Egypt pro-Mursi alliance signals flexibility,EQUIVALENCE
dico_phrasis_0000914__en-en__flipped,dico_phrasis_0000914,en,en,Egypt 's interior minister,Egypt's minister responsible for internal affairs,EQUIVALENCE
dico_phrasis_0000914__en-en__original,dico_phrasis_0000914,en,en,Egypt's minister responsible for internal affairs,Egypt 's interior minister,EQUIVALENCE
dico_phrasis_0000916__en-en__flipped,dico_phrasis_0000916,en,en,between Raffles Place and Marina Bay,linking the Raffles Place district to the Marina Bay area,EQUIVALENCE
dico_phrasis_0000916__en-en__original,dico_phrasis_0000916,en,en,linking the Raffles Place district to the Marina Bay area,between Raffles Place and Marina Bay,EQUIVALENCE
dico_phrasis_0000919__en-en__flipped,dico_phrasis_0000919,en,en,Asian stocks,Asian markets,EQUIVALENCE
dico_phrasis_0000919__en-en__original,dico_phrasis_0000919,en,en,Asian markets,Asian stocks,EQUIVALENCE
dico_phrasis_0000920__en-en__flipped,dico_phrasis_0000920,en,en,three-week highs,3-wk high,EQUIVALENCE
dico_phrasis_0000920__en-en__original,dico_phrasis_0000920,en,en,3-wk high,three-week highs,EQUIVALENCE
dico_phrasis_0000922__en-en__flipped,dico_phrasis_0000922,en,en,Philippines,the Philippine nation,EQUIVALENCE
dico_phrasis_0000922__en-en__original,dico_phrasis_0000922,en,en,the Philippine nation,Philippines,EQUIVALENCE
dico_phrasis_0000924__en-en__flipped,dico_phrasis_0000924,en,en,China yuan,the Chinese renminbi,EQUIVALENCE
dico_phrasis_0000924__en-en__original,dico_phrasis_0000924,en,en,the Chinese renminbi,China yuan,EQUIVALENCE
dico_phrasis_0000925__en-en__flipped,dico_phrasis_0000925,en,en,due to receive a sentence,to be sentenced,EQUIVALENCE
dico_phrasis_0000925__en-en__original,dico_phrasis_0000925,en,en,to be sentenced,due to receive a sentence,EQUIVALENCE
dico_phrasis_0000926__en-en__flipped,dico_phrasis_0000926,en,en,to sign up,signs up,EQUIVALENCE
dico_phrasis_0000926__en-en__original,dico_phrasis_0000926,en,en,signs up,to sign up,EQUIVALENCE
dico_phrasis_0000927__en-en__flipped,dico_phrasis_0000927,en,en,'s killing,killed,EQUIVALENCE
dico_phrasis_0000927__en-en__original,dico_phrasis_0000927,en,en,killed,'s killing,EQUIVALENCE
dico_phrasis_0000930__en-en__flipped,dico_phrasis_0000930,en,en,vote,to cast a ballot,EQUIVALENCE
dico_phrasis_0000930__en-en__original,dico_phrasis_0000930,en,en,to cast a ballot,vote,EQUIVALENCE
dico_phrasis_0000934__en-en__flipped,dico_phrasis_0000934,en,en,has seized,captures,EQUIVALENCE
dico_phrasis_0000934__en-en__original,dico_phrasis_0000934,en,en,captures,has seized,EQUIVALENCE
dico_phrasis_0000935__en-en__flipped,dico_phrasis_0000935,en,en,Iran President Hassan Rouhani,Iran leader Rouhani,EQUIVALENCE
dico_phrasis_0000935__en-en__original,dico_phrasis_0000935,en,en,Iran leader Rouhani,Iran President Hassan Rouhani,EQUIVALENCE
dico_phrasis_0000937__en-en__flipped,dico_phrasis_0000937,en,en,All five accused,five accused,EQUIVALENCE
dico_phrasis_0000937__en-en__original,dico_phrasis_0000937,en,en,five accused,All five accused,EQUIVALENCE
dico_phrasis_0000938__en-en__flipped,dico_phrasis_0000938,en,en,questioned,faces questions,EQUIVALENCE
dico_phrasis_0000938__en-en__original,dico_phrasis_0000938,en,en,faces questions,questioned,EQUIVALENCE
dico_phrasis_0000940__en-en__flipped,dico_phrasis_0000940,en,en,to get married,for marriage,EQUIVALENCE
dico_phrasis_0000940__en-en__original,dico_phrasis_0000940,en,en,for marriage,to get married,EQUIVALENCE
dico_phrasis_0000941__en-en__flipped,dico_phrasis_0000941,en,en,after helicopter pub crash,after helicopter crashes into pub,EQUIVALENCE
dico_phrasis_0000941__en-en__original,dico_phrasis_0000941,en,en,after helicopter crashes into pub,after helicopter pub crash,EQUIVALENCE
dico_phrasis_0000945__en-en__flipped,dico_phrasis_0000945,en,en,Five Palestinians,5 Palestinians,EQUIVALENCE
dico_phrasis_0000945__en-en__original,dico_phrasis_0000945,en,en,5 Palestinians,Five Palestinians,EQUIVALENCE
dico_phrasis_0000949__en-en__flipped,dico_phrasis_0000949,en,en,South Africa 's Nelson Mandela,South African icon Nelson Mandela,EQUIVALENCE
dico_phrasis_0000949__en-en__original,dico_phrasis_0000949,en,en,South African icon Nelson Mandela,South Africa 's Nelson Mandela,EQUIVALENCE
dico_phrasis_0000951__en-en__flipped,dico_phrasis_0000951,en,en,Robber in Cannes,Cannes thief,EQUIVALENCE
dico_phrasis_0000951__en-en__original,dico_phrasis_0000951,en,en,Cannes thief,Robber in Cannes,EQUIVALENCE
dico_phrasis_0000955__en-en__flipped,dico_phrasis_0000955,en,en,at the Boston Marathon event,at Boston Marathon,EQUIVALENCE
dico_phrasis_0000955__en-en__original,dico_phrasis_0000955,en,en,at Boston Marathon,at the Boston Marathon event,EQUIVALENCE
dico_phrasis_0000956__en-en__flipped,dico_phrasis_0000956,en,en,Kenya SC,Kenya Supreme Court,EQUIVALENCE
dico_phrasis_0000956__en-en__original,dico_phrasis_0000956,en,en,Kenya Supreme Court,Kenya SC,EQUIVALENCE
dico_phrasis_0000957__en-en__flipped,dico_phrasis_0000957,en,en,Venezuelan President Hugo Chavez,Venezuela 's Hugo Chavez,EQUIVALENCE
dico_phrasis_0000957__en-en__original,dico_phrasis_0000957,en,en,Venezuela 's Hugo Chavez,Venezuelan President Hugo Chavez,EQUIVALENCE
dico_phrasis_0000959__en-en__flipped,dico_phrasis_0000959,en,en,inside Syria's borders,in Syria,EQUIVALENCE
dico_phrasis_0000959__en-en__original,dico_phrasis_0000959,en,en,in Syria,inside Syria's borders,EQUIVALENCE
dico_phrasis_0000960__en-en__flipped,dico_phrasis_0000960,en,en,Sees No Conclusive Evidence,Can not ` Conclusively Determine ',EQUIVALENCE
dico_phrasis_0000960__en-en__original,dico_phrasis_0000960,en,en,Can not ` Conclusively Determine ',Sees No Conclusive Evidence,EQUIVALENCE
dico_phrasis_0000961__en-en__flipped,dico_phrasis_0000961,en,en,Nobel laureate Doris Lessing,Nobel Prize winning author Doris Lessing,EQUIVALENCE
dico_phrasis_0000961__en-en__original,dico_phrasis_0000961,en,en,Nobel Prize winning author Doris Lessing,Nobel laureate Doris Lessing,EQUIVALENCE
dico_phrasis_0000962__en-en__flipped,dico_phrasis_0000962,en,en,Boston bomb suspect,Boston bombing suspect,EQUIVALENCE
dico_phrasis_0000962__en-en__original,dico_phrasis_0000962,en,en,Boston bombing suspect,Boston bomb suspect,EQUIVALENCE
dico_phrasis_0000964__en-en__flipped,dico_phrasis_0000964,en,en,is crowned,receives the crown,EQUIVALENCE
dico_phrasis_0000964__en-en__original,dico_phrasis_0000964,en,en,receives the crown,is crowned,EQUIVALENCE
dico_phrasis_0000967__en-en__flipped,dico_phrasis_0000967,en,en,Syrian army,Syrian troops,EQUIVALENCE
dico_phrasis_0000967__en-en__original,dico_phrasis_0000967,en,en,Syrian troops,Syrian army,EQUIVALENCE
dico_phrasis_0000969__en-en__flipped,dico_phrasis_0000969,en,en,pay tribute,pays tribute,EQUIVALENCE
dico_phrasis_0000969__en-en__original,dico_phrasis_0000969,en,en,pays tribute,pay tribute,EQUIVALENCE
dico_phrasis_0000970__en-en__flipped,dico_phrasis_0000970,en,en,to Mandela,to Nelson Mandela,EQUIVALENCE
dico_phrasis_0000970__en-en__original,dico_phrasis_0000970,en,en,to Nelson Mandela,to Mandela,EQUIVALENCE
dico_phrasis_0000971__en-en__flipped,dico_phrasis_0000971,en,en,during press dinner,at reporters ' dinner,EQUIVALENCE
dico_phrasis_0000971__en-en__original,dico_phrasis_0000971,en,en,at reporters ' dinner,during press dinner,EQUIVALENCE
dico_phrasis_0000973__en-en__flipped,dico_phrasis_0000973,en,en,in Indonesian volcanic eruption,by Indonesia volcano eruption,EQUIVALENCE
dico_phrasis_0000973__en-en__original,dico_phrasis_0000973,en,en,by Indonesia volcano eruption,in Indonesian volcanic eruption,EQUIVALENCE
dico_phrasis_0000974__en-en__flipped,dico_phrasis_0000974,en,en,close,end up,EQUIVALENCE
dico_phrasis_0000974__en-en__original,dico_phrasis_0000974,en,en,end up,close,EQUIVALENCE
dico_phrasis_0000976__en-en__flipped,dico_phrasis_0000976,en,en,Brazil leader,Brazilian leader,EQUIVALENCE
dico_phrasis_0000976__en-en__original,dico_phrasis_0000976,en,en,Brazilian leader,Brazil leader,EQUIVALENCE
dico_phrasis_0000978__en-en__flipped,dico_phrasis_0000978,en,en,US drone strike,Suspected U.S. drone strike,EQUIVALENCE
dico_phrasis_0000978__en-en__original,dico_phrasis_0000978,en,en,Suspected U.S. drone strike,US drone strike,EQUIVALENCE
dico_phrasis_0000981__en-en__flipped,dico_phrasis_0000981,en,en,Mandela,Nelson Mandela himself,EQUIVALENCE
dico_phrasis_0000981__en-en__original,dico_phrasis_0000981,en,en,Nelson Mandela himself,Mandela,EQUIVALENCE
dico_phrasis_0000984__en-en__flipped,dico_phrasis_0000984,en,en,into Syria,inside Syria,EQUIVALENCE
dico_phrasis_0000984__en-en__original,dico_phrasis_0000984,en,en,inside Syria,into Syria,EQUIVALENCE
dico_phrasis_0000987__en-en__flipped,dico_phrasis_0000987,en,en,the television series Doctor Who,Doctor Who,EQUIVALENCE
dico_phrasis_0000987__en-en__original,dico_phrasis_0000987,en,en,Doctor Who,the television series Doctor Who,EQUIVALENCE
dico_phrasis_0000989__en-en__flipped,dico_phrasis_0000989,en,en,Former first lady Barbara Bush,Ex-first lady Barbara Bush,EQUIVALENCE
dico_phrasis_0000989__en-en__original,dico_phrasis_0000989,en,en,Ex-first lady Barbara Bush,Former first lady Barbara Bush,EQUIVALENCE
dico_phrasis_0000990__en-en__flipped,dico_phrasis_0000990,en,en,in China police station attack,in Chinese police station attack,EQUIVALENCE
dico_phrasis_0000990__en-en__original,dico_phrasis_0000990,en,en,in Chinese police station attack,in China police station attack,EQUIVALENCE
dico_phrasis_0000993__en-en__flipped,dico_phrasis_0000993,en,en,Pussy Riot participant Maria Alyokhina,Pussy Riot member Alyokhina,EQUIVALENCE
dico_phrasis_0000993__en-en__original,dico_phrasis_0000993,en,en,Pussy Riot member Alyokhina,Pussy Riot participant Maria Alyokhina,EQUIVALENCE
dico_phrasis_0000995__en-en__flipped,dico_phrasis_0000995,en,en,to Take Over,assumes,EQUIVALENCE
dico_phrasis_0000995__en-en__original,dico_phrasis_0000995,en,en,assumes,to Take Over,EQUIVALENCE
dico_phrasis_0000997__en-en__flipped,dico_phrasis_0000997,en,en,given warning,with warning,EQUIVALENCE
dico_phrasis_0000997__en-en__original,dico_phrasis_0000997,en,en,with warning,given warning,EQUIVALENCE
dico_phrasis_0000998__en-en__flipped,dico_phrasis_0000998,en,en,on Mohamed Morsi supporters,on Morsi Supporters,EQUIVALENCE
dico_phrasis_0000998__en-en__original,dico_phrasis_0000998,en,en,on Morsi Supporters,on Mohamed Morsi supporters,EQUIVALENCE
dico_phrasis_0000999__en-en__flipped,dico_phrasis_0000999,en,en,the married pair comprising Hrithik Roshan and Sussanne,"Hrithik Roshan , wife Sussanne",EQUIVALENCE
dico_phrasis_0000999__en-en__original,dico_phrasis_0000999,en,en,"Hrithik Roshan , wife Sussanne",the married pair comprising Hrithik Roshan and Sussanne,EQUIVALENCE
dico_phrasis_0001001__en-en__flipped,dico_phrasis_0001001,en,en,"Gunshots , explosions","Shots , Explosions",EQUIVALENCE
dico_phrasis_0001001__en-en__original,dico_phrasis_0001001,en,en,"Shots , Explosions","Gunshots , explosions",EQUIVALENCE
dico_phrasis_0001002__en-en__flipped,dico_phrasis_0001002,en,en,to fight,engage in combat,EQUIVALENCE
dico_phrasis_0001002__en-en__original,dico_phrasis_0001002,en,en,engage in combat,to fight,EQUIVALENCE
dico_phrasis_0001003__en-en__flipped,dico_phrasis_0001003,en,en,for violations of the laws of war,for war crimes,EQUIVALENCE
dico_phrasis_0001003__en-en__original,dico_phrasis_0001003,en,en,for war crimes,for violations of the laws of war,EQUIVALENCE
dico_phrasis_0001004__en-en__flipped,dico_phrasis_0001004,en,en,on protesters,amid protests,EQUIVALENCE
dico_phrasis_0001004__en-en__original,dico_phrasis_0001004,en,en,amid protests,on protesters,EQUIVALENCE
dico_phrasis_0001006__en-en__flipped,dico_phrasis_0001006,en,en,within the Gaza Strip,in Gaza,EQUIVALENCE
dico_phrasis_0001006__en-en__original,dico_phrasis_0001006,en,en,in Gaza,within the Gaza Strip,EQUIVALENCE
dico_phrasis_0001008__en-en__flipped,dico_phrasis_0001008,en,en,among dead,killed,EQUIVALENCE
dico_phrasis_0001008__en-en__original,dico_phrasis_0001008,en,en,killed,among dead,EQUIVALENCE
dico_phrasis_0001010__en-en__flipped,dico_phrasis_0001010,en,en,captures,has been captured,EQUIVALENCE
dico_phrasis_0001010__en-en__original,dico_phrasis_0001010,en,en,has been captured,captures,EQUIVALENCE
dico_phrasis_0001011__en-en__flipped,dico_phrasis_0001011,en,en,acquitted,found not guilty,EQUIVALENCE
dico_phrasis_0001011__en-en__original,dico_phrasis_0001011,en,en,found not guilty,acquitted,EQUIVALENCE
dico_phrasis_0001012__en-en__flipped,dico_phrasis_0001012,en,en,US-Russian deal,US-Russia Deal,EQUIVALENCE
dico_phrasis_0001012__en-en__original,dico_phrasis_0001012,en,en,US-Russia Deal,US-Russian deal,EQUIVALENCE
dico_phrasis_0001014__en-en__flipped,dico_phrasis_0001014,en,en,release,the act of freeing,EQUIVALENCE
dico_phrasis_0001014__en-en__original,dico_phrasis_0001014,en,en,the act of freeing,release,EQUIVALENCE
dico_phrasis_0001015__en-en__flipped,dico_phrasis_0001015,en,en,Plans To Get Married,to Marry,EQUIVALENCE
dico_phrasis_0001015__en-en__original,dico_phrasis_0001015,en,en,to Marry,Plans To Get Married,EQUIVALENCE
dico_phrasis_0001017__en-en__flipped,dico_phrasis_0001017,en,en,Jesse Jackson Jr. together with his spouse,Jesse Jackson Jr. and wife,EQUIVALENCE
dico_phrasis_0001017__en-en__original,dico_phrasis_0001017,en,en,Jesse Jackson Jr. and wife,Jesse Jackson Jr. together with his spouse,EQUIVALENCE
dico_phrasis_0001018__en-en__flipped,dico_phrasis_0001018,en,en,Sex Assaults On Children,child sex abuse,EQUIVALENCE
dico_phrasis_0001018__en-en__original,dico_phrasis_0001018,en,en,child sex abuse,Sex Assaults On Children,EQUIVALENCE
dico_phrasis_0001019__en-en__flipped,dico_phrasis_0001019,en,en,abdicates,to abdicate,EQUIVALENCE
dico_phrasis_0001019__en-en__original,dico_phrasis_0001019,en,en,to abdicate,abdicates,EQUIVALENCE
dico_phrasis_0001020__en-en__flipped,dico_phrasis_0001020,en,en,set,sets off,EQUIVALENCE
dico_phrasis_0001020__en-en__original,dico_phrasis_0001020,en,en,sets off,set,EQUIVALENCE
dico_phrasis_0001021__en-en__flipped,dico_phrasis_0001021,en,en,"Red grapes , blueberries",a combination of blueberries and crimson grapes,EQUIVALENCE
dico_phrasis_0001021__en-en__original,dico_phrasis_0001021,en,en,a combination of blueberries and crimson grapes,"Red grapes , blueberries",EQUIVALENCE
dico_phrasis_0001022__en-en__flipped,dico_phrasis_0001022,en,en,to acquire,Buys,EQUIVALENCE
dico_phrasis_0001022__en-en__original,dico_phrasis_0001022,en,en,Buys,to acquire,EQUIVALENCE
dico_phrasis_0001024__en-en__flipped,dico_phrasis_0001024,en,en,from gunshot,from shot,EQUIVALENCE
dico_phrasis_0001024__en-en__original,dico_phrasis_0001024,en,en,from shot,from gunshot,EQUIVALENCE
dico_phrasis_0001027__en-en__flipped,dico_phrasis_0001027,en,en,to begin,begins,EQUIVALENCE
dico_phrasis_0001027__en-en__original,dico_phrasis_0001027,en,en,begins,to begin,EQUIVALENCE
dico_phrasis_0001034__en-en__flipped,dico_phrasis_0001034,en,en,Retires,to retire,EQUIVALENCE
dico_phrasis_0001034__en-en__original,dico_phrasis_0001034,en,en,to retire,Retires,EQUIVALENCE
dico_phrasis_0001035__en-en__flipped,dico_phrasis_0001035,en,en,Morsi backers,Morsi supporters,EQUIVALENCE
dico_phrasis_0001035__en-en__original,dico_phrasis_0001035,en,en,Morsi supporters,Morsi backers,EQUIVALENCE
dico_phrasis_0001039__en-en__flipped,dico_phrasis_0001039,en,en,inside a medical facility in Singapore,in Singapore hospital,EQUIVALENCE
dico_phrasis_0001039__en-en__original,dico_phrasis_0001039,en,en,in Singapore hospital,inside a medical facility in Singapore,EQUIVALENCE
dico_phrasis_0001041__en-en__flipped,dico_phrasis_0001041,en,en,to talks,to negotiations,EQUIVALENCE
dico_phrasis_0001041__en-en__original,dico_phrasis_0001041,en,en,to negotiations,to talks,EQUIVALENCE
dico_phrasis_0001042__en-en__flipped,dico_phrasis_0001042,en,en,fatality count from the collapse of a building in Bangladesh,Bangladesh building collapse death toll,EQUIVALENCE
dico_phrasis_0001042__en-en__original,dico_phrasis_0001042,en,en,Bangladesh building collapse death toll,fatality count from the collapse of a building in Bangladesh,EQUIVALENCE
dico_phrasis_0001044__en-en__flipped,dico_phrasis_0001044,en,en,for Prayers,with prayer,EQUIVALENCE
dico_phrasis_0001044__en-en__original,dico_phrasis_0001044,en,en,with prayer,for Prayers,EQUIVALENCE
dico_phrasis_0001045__en-en__flipped,dico_phrasis_0001045,en,en,Pope Francis,Francis,EQUIVALENCE
dico_phrasis_0001045__en-en__original,dico_phrasis_0001045,en,en,Francis,Pope Francis,EQUIVALENCE
dico_phrasis_0001049__en-en__flipped,dico_phrasis_0001049,en,en,Philippines and rebels,the Philippines together with rebel groups,EQUIVALENCE
dico_phrasis_0001049__en-en__original,dico_phrasis_0001049,en,en,the Philippines together with rebel groups,Philippines and rebels,EQUIVALENCE
dico_phrasis_0001052__en-en__flipped,dico_phrasis_0001052,en,en,Powerful new earthquake,Strong new quake,EQUIVALENCE
dico_phrasis_0001052__en-en__original,dico_phrasis_0001052,en,en,Strong new quake,Powerful new earthquake,EQUIVALENCE
dico_phrasis_0001053__en-en__flipped,dico_phrasis_0001053,en,en,shattered Pakistan region,shattered Pak region,EQUIVALENCE
dico_phrasis_0001053__en-en__original,dico_phrasis_0001053,en,en,shattered Pak region,shattered Pakistan region,EQUIVALENCE
dico_phrasis_0001054__en-en__flipped,dico_phrasis_0001054,en,en,"Designer , Socialite Lilly Pulitzer",Fashion designer Lilly Pulitzer,EQUIVALENCE
dico_phrasis_0001054__en-en__original,dico_phrasis_0001054,en,en,Fashion designer Lilly Pulitzer,"Designer , Socialite Lilly Pulitzer",EQUIVALENCE
dico_phrasis_0001056__en-en__flipped,dico_phrasis_0001056,en,en,"John McAfee, an expert in software",software guru John McAfee,EQUIVALENCE
dico_phrasis_0001056__en-en__original,dico_phrasis_0001056,en,en,software guru John McAfee,"John McAfee, an expert in software",EQUIVALENCE
dico_phrasis_0001057__en-en__flipped,dico_phrasis_0001057,en,en,tornado hit Oklahoma,to tornado-ravaged Oklahoma,EQUIVALENCE
dico_phrasis_0001057__en-en__original,dico_phrasis_0001057,en,en,to tornado-ravaged Oklahoma,tornado hit Oklahoma,EQUIVALENCE
dico_phrasis_0001059__en-en__flipped,dico_phrasis_0001059,en,en,Justice Adly Mansour,Top judge Mansour,EQUIVALENCE
dico_phrasis_0001059__en-en__original,dico_phrasis_0001059,en,en,Top judge Mansour,Justice Adly Mansour,EQUIVALENCE
dico_phrasis_0001060__en-en__flipped,dico_phrasis_0001060,en,en,3 dead,Three dead,EQUIVALENCE
dico_phrasis_0001060__en-en__original,dico_phrasis_0001060,en,en,Three dead,3 dead,EQUIVALENCE
dico_phrasis_0001061__en-en__flipped,dico_phrasis_0001061,en,en,"IAEA , Iran","Iran , atomic agency",EQUIVALENCE
dico_phrasis_0001061__en-en__original,dico_phrasis_0001061,en,en,"Iran , atomic agency","IAEA , Iran",EQUIVALENCE
dico_phrasis_0001064__en-en__flipped,dico_phrasis_0001064,en,en,a decade of imprisonment,10 years jail,EQUIVALENCE
dico_phrasis_0001064__en-en__original,dico_phrasis_0001064,en,en,10 years jail,a decade of imprisonment,EQUIVALENCE
dico_phrasis_0001065__en-en__flipped,dico_phrasis_0001065,en,en,Son,the male child of that person,EQUIVALENCE
dico_phrasis_0001065__en-en__original,dico_phrasis_0001065,en,en,the male child of that person,Son,EQUIVALENCE
dico_phrasis_0001066__en-en__flipped,dico_phrasis_0001066,en,en,the other Taleban,the other Taliban,EQUIVALENCE
dico_phrasis_0001066__en-en__original,dico_phrasis_0001066,en,en,the other Taliban,the other Taleban,EQUIVALENCE
dico_phrasis_0001072__en-en__flipped,dico_phrasis_0001072,en,en,warned,puts on notice,EQUIVALENCE
dico_phrasis_0001072__en-en__original,dico_phrasis_0001072,en,en,puts on notice,warned,EQUIVALENCE
dico_phrasis_0001073__en-en__flipped,dico_phrasis_0001073,en,en,Jakarta,Indonesian capital,EQUIVALENCE
dico_phrasis_0001073__en-en__original,dico_phrasis_0001073,en,en,Indonesian capital,Jakarta,EQUIVALENCE
dico_phrasis_0001074__en-en__flipped,dico_phrasis_0001074,en,en,within the city of Bethlehem,in Bethlehem,EQUIVALENCE
dico_phrasis_0001074__en-en__original,dico_phrasis_0001074,en,en,in Bethlehem,within the city of Bethlehem,EQUIVALENCE
dico_phrasis_0001075__en-en__flipped,dico_phrasis_0001075,en,en,India building collapse,Building collapses in India,EQUIVALENCE
dico_phrasis_0001075__en-en__original,dico_phrasis_0001075,en,en,Building collapses in India,India building collapse,EQUIVALENCE
dico_phrasis_0001076__en-en__flipped,dico_phrasis_0001076,en,en,visit,to go and see,EQUIVALENCE
dico_phrasis_0001076__en-en__original,dico_phrasis_0001076,en,en,to go and see,visit,EQUIVALENCE
dico_phrasis_0001078__en-en__flipped,dico_phrasis_0001078,en,en,to annual 1.1 %,to annual 1.1 pct,EQUIVALENCE
dico_phrasis_0001078__en-en__original,dico_phrasis_0001078,en,en,to annual 1.1 pct,to annual 1.1 %,EQUIVALENCE
dico_phrasis_0001081__en-en__flipped,dico_phrasis_0001081,en,en,after collapse,after collapsing,EQUIVALENCE
dico_phrasis_0001081__en-en__original,dico_phrasis_0001081,en,en,after collapsing,after collapse,EQUIVALENCE
dico_phrasis_0001082__en-en__flipped,dico_phrasis_0001082,en,en,entering Lebanese territory,into Lebanon,EQUIVALENCE
dico_phrasis_0001082__en-en__original,dico_phrasis_0001082,en,en,into Lebanon,entering Lebanese territory,EQUIVALENCE
dico_phrasis_0001088__en-en__flipped,dico_phrasis_0001088,en,en,A Macintosh computer,An Apple computer,EQUIVALENCE
dico_phrasis_0001088__en-en__original,dico_phrasis_0001088,en,en,An Apple computer,A Macintosh computer,EQUIVALENCE
dico_phrasis_0001089__en-en__flipped,dico_phrasis_0001089,en,en,in a field,within an open field,EQUIVALENCE
dico_phrasis_0001089__en-en__original,dico_phrasis_0001089,en,en,within an open field,in a field,EQUIVALENCE
dico_phrasis_0001090__en-en__flipped,dico_phrasis_0001090,en,en,A sheep,an ovine animal,EQUIVALENCE
dico_phrasis_0001090__en-en__original,dico_phrasis_0001090,en,en,an ovine animal,A sheep,EQUIVALENCE
dico_phrasis_0001091__en-en__flipped,dico_phrasis_0001091,en,en,within a kitchen,in a kitchen,EQUIVALENCE
dico_phrasis_0001091__en-en__original,dico_phrasis_0001091,en,en,in a kitchen,within a kitchen,EQUIVALENCE
dico_phrasis_0001092__en-en__flipped,dico_phrasis_0001092,en,en,The old lady,An elderly woman,EQUIVALENCE
dico_phrasis_0001092__en-en__original,dico_phrasis_0001092,en,en,An elderly woman,The old lady,EQUIVALENCE
dico_phrasis_0001093__en-en__flipped,dico_phrasis_0001093,en,en,in a pasture,within grazing land,EQUIVALENCE
dico_phrasis_0001093__en-en__original,dico_phrasis_0001093,en,en,within grazing land,in a pasture,EQUIVALENCE
dico_phrasis_0001094__en-en__flipped,dico_phrasis_0001094,en,en,in a grassy area,in grass,EQUIVALENCE
dico_phrasis_0001094__en-en__original,dico_phrasis_0001094,en,en,in grass,in a grassy area,EQUIVALENCE
dico_phrasis_0001096__en-en__flipped,dico_phrasis_0001096,en,en,A group,a collection,EQUIVALENCE
dico_phrasis_0001096__en-en__original,dico_phrasis_0001096,en,en,a collection,A group,EQUIVALENCE
dico_phrasis_0001098__en-en__flipped,dico_phrasis_0001098,en,en,upon the snowy surface,on the snow,EQUIVALENCE
dico_phrasis_0001098__en-en__original,dico_phrasis_0001098,en,en,on the snow,upon the snowy surface,EQUIVALENCE
dico_phrasis_0001099__en-en__flipped,dico_phrasis_0001099,en,en,where `` u2 '' is written,with a U2 sign,EQUIVALENCE
dico_phrasis_0001099__en-en__original,dico_phrasis_0001099,en,en,with a U2 sign,where `` u2 '' is written,EQUIVALENCE
dico_phrasis_0001101__en-en__flipped,dico_phrasis_0001101,en,en,Two dogs and a cat,two dogs accompanied by a single cat,EQUIVALENCE
dico_phrasis_0001101__en-en__original,dico_phrasis_0001101,en,en,two dogs accompanied by a single cat,Two dogs and a cat,EQUIVALENCE
dico_phrasis_0001106__en-en__flipped,dico_phrasis_0001106,en,en,traveling under sail,is sailing,EQUIVALENCE
dico_phrasis_0001106__en-en__original,dico_phrasis_0001106,en,en,is sailing,traveling under sail,EQUIVALENCE
dico_phrasis_0001107__en-en__flipped,dico_phrasis_0001107,en,en,with infant,with a baby,EQUIVALENCE
dico_phrasis_0001107__en-en__original,dico_phrasis_0001107,en,en,with a baby,with infant,EQUIVALENCE
dico_phrasis_0001108__en-en__flipped,dico_phrasis_0001108,en,en,on chair,seated on a chair,EQUIVALENCE
dico_phrasis_0001108__en-en__original,dico_phrasis_0001108,en,en,seated on a chair,on chair,EQUIVALENCE
dico_phrasis_0001110__en-en__flipped,dico_phrasis_0001110,en,en,Red and white plane,an aircraft painted red and white,EQUIVALENCE
dico_phrasis_0001110__en-en__original,dico_phrasis_0001110,en,en,an aircraft painted red and white,Red and white plane,EQUIVALENCE
dico_phrasis_0001111__en-en__flipped,dico_phrasis_0001111,en,en,operating the vehicle,is driving,EQUIVALENCE
dico_phrasis_0001111__en-en__original,dico_phrasis_0001111,en,en,is driving,operating the vehicle,EQUIVALENCE
dico_phrasis_0001113__en-en__flipped,dico_phrasis_0001113,en,en,are posing,assuming a pose,EQUIVALENCE
dico_phrasis_0001113__en-en__original,dico_phrasis_0001113,en,en,assuming a pose,are posing,EQUIVALENCE
dico_phrasis_0001114__en-en__flipped,dico_phrasis_0001114,en,en,directing its gaze,is looking,EQUIVALENCE
dico_phrasis_0001114__en-en__original,dico_phrasis_0001114,en,en,is looking,directing its gaze,EQUIVALENCE
dico_phrasis_0001119__en-en__flipped,dico_phrasis_0001119,en,en,of the animal's enclosure,of its cage,EQUIVALENCE
dico_phrasis_0001119__en-en__original,dico_phrasis_0001119,en,en,of its cage,of the animal's enclosure,EQUIVALENCE
dico_phrasis_0001120__en-en__flipped,dico_phrasis_0001120,en,en,"A red , double-decker bus",a two-level bus painted red,EQUIVALENCE
dico_phrasis_0001120__en-en__original,dico_phrasis_0001120,en,en,a two-level bus painted red,"A red , double-decker bus",EQUIVALENCE
dico_phrasis_0001124__en-en__flipped,dico_phrasis_0001124,en,en,A flat-screen TV,a television with a flat display,EQUIVALENCE
dico_phrasis_0001124__en-en__original,dico_phrasis_0001124,en,en,a television with a flat display,A flat-screen TV,EQUIVALENCE
dico_phrasis_0001125__en-en__flipped,dico_phrasis_0001125,en,en,A room,an indoor space,EQUIVALENCE
dico_phrasis_0001125__en-en__original,dico_phrasis_0001125,en,en,an indoor space,A room,EQUIVALENCE
dico_phrasis_0001127__en-en__flipped,dico_phrasis_0001127,en,en,for the photographic device,for camera,EQUIVALENCE
dico_phrasis_0001127__en-en__original,dico_phrasis_0001127,en,en,for camera,for the photographic device,EQUIVALENCE
dico_phrasis_0001130__en-en__flipped,dico_phrasis_0001130,en,en,Red truck,a truck painted red,EQUIVALENCE
dico_phrasis_0001130__en-en__original,dico_phrasis_0001130,en,en,a truck painted red,Red truck,EQUIVALENCE
dico_phrasis_0001132__en-en__flipped,dico_phrasis_0001132,en,en,in flight,flying,EQUIVALENCE
dico_phrasis_0001132__en-en__original,dico_phrasis_0001132,en,en,flying,in flight,EQUIVALENCE
dico_phrasis_0001134__en-en__flipped,dico_phrasis_0001134,en,en,are drinking,drinking,EQUIVALENCE
dico_phrasis_0001134__en-en__original,dico_phrasis_0001134,en,en,drinking,are drinking,EQUIVALENCE
dico_phrasis_0001135__en-en__flipped,dico_phrasis_0001135,en,en,consuming food,is eating,EQUIVALENCE
dico_phrasis_0001135__en-en__original,dico_phrasis_0001135,en,en,is eating,consuming food,EQUIVALENCE
dico_phrasis_0001138__en-en__flipped,dico_phrasis_0001138,en,en,Birds,the avian animals,EQUIVALENCE
dico_phrasis_0001138__en-en__original,dico_phrasis_0001138,en,en,the avian animals,Birds,EQUIVALENCE
dico_phrasis_0001140__en-en__flipped,dico_phrasis_0001140,en,en,inside a cooking area,in the kitchen,EQUIVALENCE
dico_phrasis_0001140__en-en__original,dico_phrasis_0001140,en,en,in the kitchen,inside a cooking area,EQUIVALENCE
dico_phrasis_0001145__en-en__flipped,dico_phrasis_0001145,en,en,on the water,across the water's surface,EQUIVALENCE
dico_phrasis_0001145__en-en__original,dico_phrasis_0001145,en,en,across the water's surface,on the water,EQUIVALENCE
dico_phrasis_0001146__en-en__flipped,dico_phrasis_0001146,en,en,is perched,perches,EQUIVALENCE
dico_phrasis_0001146__en-en__original,dico_phrasis_0001146,en,en,perches,is perched,EQUIVALENCE
dico_phrasis_0001148__en-en__flipped,dico_phrasis_0001148,en,en,is perched,is sitting,EQUIVALENCE
dico_phrasis_0001148__en-en__original,dico_phrasis_0001148,en,en,is sitting,is perched,EQUIVALENCE
dico_phrasis_0001151__en-en__flipped,dico_phrasis_0001151,en,en,wearing a blue halter,with a blue halter,EQUIVALENCE
dico_phrasis_0001151__en-en__original,dico_phrasis_0001151,en,en,with a blue halter,wearing a blue halter,EQUIVALENCE
dico_phrasis_0001152__en-en__flipped,dico_phrasis_0001152,en,en,A close up,a tightly cropped image,EQUIVALENCE
dico_phrasis_0001152__en-en__original,dico_phrasis_0001152,en,en,a tightly cropped image,A close up,EQUIVALENCE
dico_phrasis_0001154__en-en__flipped,dico_phrasis_0001154,en,en,Tan puppy,a light-brown young dog,EQUIVALENCE
dico_phrasis_0001154__en-en__original,dico_phrasis_0001154,en,en,a light-brown young dog,Tan puppy,EQUIVALENCE
dico_phrasis_0001157__en-en__flipped,dico_phrasis_0001157,en,en,Blue bird,a bird with blue plumage,EQUIVALENCE
dico_phrasis_0001157__en-en__original,dico_phrasis_0001157,en,en,a bird with blue plumage,Blue bird,EQUIVALENCE
dico_phrasis_0001158__en-en__flipped,dico_phrasis_0001158,en,en,in a field,in a plain,EQUIVALENCE
dico_phrasis_0001158__en-en__original,dico_phrasis_0001158,en,en,in a plain,in a field,EQUIVALENCE
dico_phrasis_0001161__en-en__flipped,dico_phrasis_0001161,en,en,on the window sill,on the window ledge,EQUIVALENCE
dico_phrasis_0001161__en-en__original,dico_phrasis_0001161,en,en,on the window ledge,on the window sill,EQUIVALENCE
dico_phrasis_0001162__en-en__flipped,dico_phrasis_0001162,en,en,taking off,departing,EQUIVALENCE
dico_phrasis_0001162__en-en__original,dico_phrasis_0001162,en,en,departing,taking off,EQUIVALENCE
dico_phrasis_0001165__en-en__flipped,dico_phrasis_0001165,en,en,on a runway,upon a runway path,EQUIVALENCE
dico_phrasis_0001165__en-en__original,dico_phrasis_0001165,en,en,upon a runway path,on a runway,EQUIVALENCE
dico_phrasis_0001170__en-en__flipped,dico_phrasis_0001170,en,en,of an old wooden fence,of a dilapidated wooden fence,EQUIVALENCE
dico_phrasis_0001170__en-en__original,dico_phrasis_0001170,en,en,of a dilapidated wooden fence,of an old wooden fence,EQUIVALENCE
dico_phrasis_0001172__en-en__flipped,dico_phrasis_0001172,en,en,travels,is going,EQUIVALENCE
dico_phrasis_0001172__en-en__original,dico_phrasis_0001172,en,en,is going,travels,EQUIVALENCE
dico_phrasis_0001173__en-en__flipped,dico_phrasis_0001173,en,en,Black and white picture,A black and white image,EQUIVALENCE
dico_phrasis_0001173__en-en__original,dico_phrasis_0001173,en,en,A black and white image,Black and white picture,EQUIVALENCE
dico_phrasis_0001177__en-en__flipped,dico_phrasis_0001177,en,en,Bird,an avian animal,EQUIVALENCE
dico_phrasis_0001177__en-en__original,dico_phrasis_0001177,en,en,an avian animal,Bird,EQUIVALENCE
dico_phrasis_0001178__en-en__flipped,dico_phrasis_0001178,en,en,mounted upon the brown-colored horse,on the brown horse,EQUIVALENCE
dico_phrasis_0001178__en-en__original,dico_phrasis_0001178,en,en,on the brown horse,mounted upon the brown-colored horse,EQUIVALENCE
dico_phrasis_0001180__en-en__flipped,dico_phrasis_0001180,en,en,is riding,traveling while mounted,EQUIVALENCE
dico_phrasis_0001180__en-en__original,dico_phrasis_0001180,en,en,traveling while mounted,is riding,EQUIVALENCE
dico_phrasis_0001181__en-en__flipped,dico_phrasis_0001181,en,en,moving its wings up and down,is flapping,EQUIVALENCE
dico_phrasis_0001181__en-en__original,dico_phrasis_0001181,en,en,is flapping,moving its wings up and down,EQUIVALENCE
dico_phrasis_0001182__en-en__flipped,dico_phrasis_0001182,en,en,Kitchen,a cooking area,EQUIVALENCE
dico_phrasis_0001182__en-en__original,dico_phrasis_0001182,en,en,a cooking area,Kitchen,EQUIVALENCE
dico_phrasis_0001183__en-en__flipped,dico_phrasis_0001183,en,en,the rail passenger vehicle,The train,EQUIVALENCE
dico_phrasis_0001183__en-en__original,dico_phrasis_0001183,en,en,The train,the rail passenger vehicle,EQUIVALENCE
dico_phrasis_0001184__en-en__flipped,dico_phrasis_0001184,en,en,at the railway terminal,at the train station,EQUIVALENCE
dico_phrasis_0001184__en-en__original,dico_phrasis_0001184,en,en,at the train station,at the railway terminal,EQUIVALENCE
dico_phrasis_0001185__en-en__flipped,dico_phrasis_0001185,en,en,on a sofa,on couch,EQUIVALENCE
dico_phrasis_0001185__en-en__original,dico_phrasis_0001185,en,en,on couch,on a sofa,EQUIVALENCE
dico_phrasis_0001186__en-en__flipped,dico_phrasis_0001186,en,en,the adult male,The man,EQUIVALENCE
dico_phrasis_0001186__en-en__original,dico_phrasis_0001186,en,en,The man,the adult male,EQUIVALENCE
dico_phrasis_0001187__en-en__flipped,dico_phrasis_0001187,en,en,A women,A woman,EQUIVALENCE
dico_phrasis_0001187__en-en__original,dico_phrasis_0001187,en,en,A woman,A women,EQUIVALENCE
dico_phrasis_0001189__en-en__flipped,dico_phrasis_0001189,en,en,afloat on the water,on the water,EQUIVALENCE
dico_phrasis_0001189__en-en__original,dico_phrasis_0001189,en,en,on the water,afloat on the water,EQUIVALENCE
dico_phrasis_0001190__en-en__flipped,dico_phrasis_0001190,en,en,Brown and white cows,the bovines with brown-and-white coloring,EQUIVALENCE
dico_phrasis_0001190__en-en__original,dico_phrasis_0001190,en,en,the bovines with brown-and-white coloring,Brown and white cows,EQUIVALENCE
dico_phrasis_0001192__en-en__flipped,dico_phrasis_0001192,en,en,upon the pedestrian pavement,on a sidewalk,EQUIVALENCE
dico_phrasis_0001192__en-en__original,dico_phrasis_0001192,en,en,on a sidewalk,upon the pedestrian pavement,EQUIVALENCE
dico_phrasis_0001195__en-en__flipped,dico_phrasis_0001195,en,en,upon a grass-covered field,on a grassy field,EQUIVALENCE
dico_phrasis_0001195__en-en__original,dico_phrasis_0001195,en,en,on a grassy field,upon a grass-covered field,EQUIVALENCE
dico_phrasis_0001196__en-en__flipped,dico_phrasis_0001196,en,en,walking,moving on foot,EQUIVALENCE
dico_phrasis_0001196__en-en__original,dico_phrasis_0001196,en,en,moving on foot,walking,EQUIVALENCE
dico_phrasis_0001197__en-en__flipped,dico_phrasis_0001197,en,en,upon the table,on table,EQUIVALENCE
dico_phrasis_0001197__en-en__original,dico_phrasis_0001197,en,en,on table,upon the table,EQUIVALENCE
dico_phrasis_0001198__en-en__flipped,dico_phrasis_0001198,en,en,at the camera,directed at the camera,EQUIVALENCE
dico_phrasis_0001198__en-en__original,dico_phrasis_0001198,en,en,directed at the camera,at the camera,EQUIVALENCE
dico_phrasis_0001199__en-en__flipped,dico_phrasis_0001199,en,en,within the snow,in the snow,EQUIVALENCE
dico_phrasis_0001199__en-en__original,dico_phrasis_0001199,en,en,in the snow,within the snow,EQUIVALENCE
dico_phrasis_0001200__en-en__flipped,dico_phrasis_0001200,en,en,The cat,a feline,EQUIVALENCE
dico_phrasis_0001200__en-en__original,dico_phrasis_0001200,en,en,a feline,The cat,EQUIVALENCE
dico_phrasis_0001201__en-en__flipped,dico_phrasis_0001201,en,en,brown horse,a brown-colored equine,EQUIVALENCE
dico_phrasis_0001201__en-en__original,dico_phrasis_0001201,en,en,a brown-colored equine,brown horse,EQUIVALENCE
dico_phrasis_0001202__en-en__flipped,dico_phrasis_0001202,en,en,reclining,is laying down,EQUIVALENCE
dico_phrasis_0001202__en-en__original,dico_phrasis_0001202,en,en,is laying down,reclining,EQUIVALENCE
dico_phrasis_0001205__en-en__flipped,dico_phrasis_0001205,en,en,Woman,an adult female,EQUIVALENCE
dico_phrasis_0001205__en-en__original,dico_phrasis_0001205,en,en,an adult female,Woman,EQUIVALENCE
dico_phrasis_0001206__en-en__flipped,dico_phrasis_0001206,en,en,the male adult,The man,EQUIVALENCE
dico_phrasis_0001206__en-en__original,dico_phrasis_0001206,en,en,The man,the male adult,EQUIVALENCE
dico_phrasis_0001207__en-en__flipped,dico_phrasis_0001207,en,en,Four people,A group of four people,EQUIVALENCE
dico_phrasis_0001207__en-en__original,dico_phrasis_0001207,en,en,A group of four people,Four people,EQUIVALENCE
dico_phrasis_0001209__en-en__flipped,dico_phrasis_0001209,en,en,are eating,feed,EQUIVALENCE
dico_phrasis_0001209__en-en__original,dico_phrasis_0001209,en,en,feed,are eating,EQUIVALENCE
dico_phrasis_0001211__en-en__flipped,dico_phrasis_0001211,en,en,on the green grass,on grassy field,EQUIVALENCE
dico_phrasis_0001211__en-en__original,dico_phrasis_0001211,en,en,on grassy field,on the green grass,EQUIVALENCE
dico_phrasis_0001212__en-en__flipped,dico_phrasis_0001212,en,en,Messy computer desk,Very crowded office desk,EQUIVALENCE
dico_phrasis_0001212__en-en__original,dico_phrasis_0001212,en,en,Very crowded office desk,Messy computer desk,EQUIVALENCE
dico_phrasis_0001213__en-en__flipped,dico_phrasis_0001213,en,en,A red two story bus,Red double decker bus,EQUIVALENCE
dico_phrasis_0001213__en-en__original,dico_phrasis_0001213,en,en,Red double decker bus,A red two story bus,EQUIVALENCE
dico_phrasis_0001219__en-en__flipped,dico_phrasis_0001219,en,en,inside a storage shed,in the shed,EQUIVALENCE
dico_phrasis_0001219__en-en__original,dico_phrasis_0001219,en,en,in the shed,inside a storage shed,EQUIVALENCE
dico_phrasis_0001220__en-en__flipped,dico_phrasis_0001220,en,en,in the background,within the scene's background,EQUIVALENCE
dico_phrasis_0001220__en-en__original,dico_phrasis_0001220,en,en,within the scene's background,in the background,EQUIVALENCE
dico_phrasis_0001222__en-en__flipped,dico_phrasis_0001222,en,en,sleeping,resting asleep,EQUIVALENCE
dico_phrasis_0001222__en-en__original,dico_phrasis_0001222,en,en,resting asleep,sleeping,EQUIVALENCE
dico_phrasis_0001223__en-en__flipped,dico_phrasis_0001223,en,en,perched,resting on an elevated spot,EQUIVALENCE
dico_phrasis_0001223__en-en__original,dico_phrasis_0001223,en,en,resting on an elevated spot,perched,EQUIVALENCE
dico_phrasis_0001225__en-en__flipped,dico_phrasis_0001225,en,en,floating,remaining afloat,EQUIVALENCE
dico_phrasis_0001225__en-en__original,dico_phrasis_0001225,en,en,remaining afloat,floating,EQUIVALENCE
dico_phrasis_0001226__en-en__flipped,dico_phrasis_0001226,en,en,in the center,within the middle,EQUIVALENCE
dico_phrasis_0001226__en-en__original,dico_phrasis_0001226,en,en,within the middle,in the center,EQUIVALENCE
dico_phrasis_0001227__en-en__flipped,dico_phrasis_0001227,en,en,Black train,a train painted black,EQUIVALENCE
dico_phrasis_0001227__en-en__original,dico_phrasis_0001227,en,en,a train painted black,Black train,EQUIVALENCE
dico_phrasis_0001228__en-en__flipped,dico_phrasis_0001228,en,en,along the railway tracks,down the tracks,EQUIVALENCE
dico_phrasis_0001228__en-en__original,dico_phrasis_0001228,en,en,down the tracks,along the railway tracks,EQUIVALENCE
dico_phrasis_0001230__en-en__flipped,dico_phrasis_0001230,en,en,A tan dog,The brown dog,EQUIVALENCE
dico_phrasis_0001230__en-en__original,dico_phrasis_0001230,en,en,The brown dog,A tan dog,EQUIVALENCE
dico_phrasis_0001232__en-en__flipped,dico_phrasis_0001232,en,en,on the train tracks,upon railway lines,EQUIVALENCE
dico_phrasis_0001232__en-en__original,dico_phrasis_0001232,en,en,upon railway lines,on the train tracks,EQUIVALENCE
dico_phrasis_0001233__en-en__flipped,dico_phrasis_0001233,en,en,drives down,driving down,EQUIVALENCE
dico_phrasis_0001233__en-en__original,dico_phrasis_0001233,en,en,driving down,drives down,EQUIVALENCE
dico_phrasis_0001234__en-en__flipped,dico_phrasis_0001234,en,en,driving quickly,racing,EQUIVALENCE
dico_phrasis_0001234__en-en__original,dico_phrasis_0001234,en,en,racing,driving quickly,EQUIVALENCE
dico_phrasis_0001235__en-en__flipped,dico_phrasis_0001235,en,en,Every red sports car,All red-painted sports automobile,EQUIVALENCE
dico_phrasis_0001235__en-en__original,dico_phrasis_0001235,en,en,All red-painted sports automobile,Every red sports car,EQUIVALENCE
dico_phrasis_0001238__en-en__flipped,dico_phrasis_0001238,en,en,on a metal bar,on a metal band,EQUIVALENCE
dico_phrasis_0001238__en-en__original,dico_phrasis_0001238,en,en,on a metal band,on a metal bar,EQUIVALENCE
dico_phrasis_0001240__en-en__flipped,dico_phrasis_0001240,en,en,at the dinner table,beside the dining table,EQUIVALENCE
dico_phrasis_0001240__en-en__original,dico_phrasis_0001240,en,en,beside the dining table,at the dinner table,EQUIVALENCE
dico_phrasis_0001241__en-en__flipped,dico_phrasis_0001241,en,en,An older Asian couple,An elderly Asian couple,EQUIVALENCE
dico_phrasis_0001241__en-en__original,dico_phrasis_0001241,en,en,An elderly Asian couple,An older Asian couple,EQUIVALENCE
dico_phrasis_0001242__en-en__flipped,dico_phrasis_0001242,en,en,Brown horse,an equine whose coat is brown,EQUIVALENCE
dico_phrasis_0001242__en-en__original,dico_phrasis_0001242,en,en,an equine whose coat is brown,Brown horse,EQUIVALENCE
dico_phrasis_0001244__en-en__flipped,dico_phrasis_0001244,en,en,at a table,beside a table,EQUIVALENCE
dico_phrasis_0001244__en-en__original,dico_phrasis_0001244,en,en,beside a table,at a table,EQUIVALENCE
dico_phrasis_0001245__en-en__flipped,dico_phrasis_0001245,en,en,are parked,stationary after parking,EQUIVALENCE
dico_phrasis_0001245__en-en__original,dico_phrasis_0001245,en,en,stationary after parking,are parked,EQUIVALENCE
dico_phrasis_0001246__en-en__flipped,dico_phrasis_0001246,en,en,originating from a tree,from a tree,EQUIVALENCE
dico_phrasis_0001246__en-en__original,dico_phrasis_0001246,en,en,from a tree,originating from a tree,EQUIVALENCE
dico_phrasis_0001247__en-en__flipped,dico_phrasis_0001247,en,en,A black and white photo,a photograph rendered in monochrome,EQUIVALENCE
dico_phrasis_0001247__en-en__original,dico_phrasis_0001247,en,en,a photograph rendered in monochrome,A black and white photo,EQUIVALENCE
dico_phrasis_0001249__en-en__flipped,dico_phrasis_0001249,en,en,entering a transport terminal,into a station,EQUIVALENCE
dico_phrasis_0001249__en-en__original,dico_phrasis_0001249,en,en,into a station,entering a transport terminal,EQUIVALENCE
dico_phrasis_0001250__en-en__flipped,dico_phrasis_0001250,en,en,is looking,casting its gaze,EQUIVALENCE
dico_phrasis_0001250__en-en__original,dico_phrasis_0001250,en,en,casting its gaze,is looking,EQUIVALENCE
dico_phrasis_0001251__en-en__flipped,dico_phrasis_0001251,en,en,moving through the air,is flying,EQUIVALENCE
dico_phrasis_0001251__en-en__original,dico_phrasis_0001251,en,en,is flying,moving through the air,EQUIVALENCE
dico_phrasis_0001253__en-en__flipped,dico_phrasis_0001253,en,en,in an enclosure,in a pen,EQUIVALENCE
dico_phrasis_0001253__en-en__original,dico_phrasis_0001253,en,en,in a pen,in an enclosure,EQUIVALENCE
dico_phrasis_0001254__en-en__flipped,dico_phrasis_0001254,en,en,in the field,within the open field,EQUIVALENCE
dico_phrasis_0001254__en-en__original,dico_phrasis_0001254,en,en,within the open field,in the field,EQUIVALENCE
dico_phrasis_0001257__en-en__flipped,dico_phrasis_0001257,en,en,are sitting,seated,EQUIVALENCE
dico_phrasis_0001257__en-en__original,dico_phrasis_0001257,en,en,seated,are sitting,EQUIVALENCE
dico_phrasis_0001259__en-en__flipped,dico_phrasis_0001259,en,en,is standing,maintaining an upright stance,EQUIVALENCE
dico_phrasis_0001259__en-en__original,dico_phrasis_0001259,en,en,maintaining an upright stance,is standing,EQUIVALENCE
dico_phrasis_0001260__en-en__flipped,dico_phrasis_0001260,en,en,An adult man,an adult male,EQUIVALENCE
dico_phrasis_0001260__en-en__original,dico_phrasis_0001260,en,en,an adult male,An adult man,EQUIVALENCE
dico_phrasis_0001261__en-en__flipped,dico_phrasis_0001261,en,en,at the train station,at the rail-transport terminal,EQUIVALENCE
dico_phrasis_0001261__en-en__original,dico_phrasis_0001261,en,en,at the rail-transport terminal,at the train station,EQUIVALENCE
dico_phrasis_0001262__en-en__flipped,dico_phrasis_0001262,en,en,The train,the rail conveyance,EQUIVALENCE
dico_phrasis_0001262__en-en__original,dico_phrasis_0001262,en,en,the rail conveyance,The train,EQUIVALENCE
dico_phrasis_0001266__en-en__flipped,dico_phrasis_0001266,en,en,Two dogs,the pair of canines,EQUIVALENCE
dico_phrasis_0001266__en-en__original,dico_phrasis_0001266,en,en,the pair of canines,Two dogs,EQUIVALENCE
dico_phrasis_0001268__en-en__flipped,dico_phrasis_0001268,en,en,This is a black and white picture,A black and white photo,EQUIVALENCE
dico_phrasis_0001268__en-en__original,dico_phrasis_0001268,en,en,A black and white photo,This is a black and white picture,EQUIVALENCE
dico_phrasis_0001269__en-en__flipped,dico_phrasis_0001269,en,en,on motorbikes,on motorcycles,EQUIVALENCE
dico_phrasis_0001269__en-en__original,dico_phrasis_0001269,en,en,on motorcycles,on motorbikes,EQUIVALENCE
dico_phrasis_0001272__en-en__flipped,dico_phrasis_0001272,en,en,A man,A guy,EQUIVALENCE
dico_phrasis_0001272__en-en__original,dico_phrasis_0001272,en,en,A guy,A man,EQUIVALENCE
dico_phrasis_0001273__en-en__flipped,dico_phrasis_0001273,en,en,a black and white cow,a bovine with black-and-white coloring,EQUIVALENCE
dico_phrasis_0001273__en-en__original,dico_phrasis_0001273,en,en,a bovine with black-and-white coloring,a black and white cow,EQUIVALENCE
dico_phrasis_0001274__en-en__flipped,dico_phrasis_0001274,en,en,sit,are sitting,EQUIVALENCE
dico_phrasis_0001274__en-en__original,dico_phrasis_0001274,en,en,are sitting,sit,EQUIVALENCE
dico_phrasis_0001276__en-en__flipped,dico_phrasis_0001276,en,en,are perched,resting on elevated spots,EQUIVALENCE
dico_phrasis_0001276__en-en__original,dico_phrasis_0001276,en,en,resting on elevated spots,are perched,EQUIVALENCE
dico_phrasis_0001278__en-en__flipped,dico_phrasis_0001278,en,en,An aeromexico silver plane,A silver AreoMexico Jet Liner,EQUIVALENCE
dico_phrasis_0001278__en-en__original,dico_phrasis_0001278,en,en,A silver AreoMexico Jet Liner,An aeromexico silver plane,EQUIVALENCE
dico_phrasis_0001280__en-en__flipped,dico_phrasis_0001280,en,en,Man,the adult male,EQUIVALENCE
dico_phrasis_0001280__en-en__original,dico_phrasis_0001280,en,en,the adult male,Man,EQUIVALENCE
dico_phrasis_0001283__en-en__flipped,dico_phrasis_0001283,en,en,holding,keeping hold of,EQUIVALENCE
dico_phrasis_0001283__en-en__original,dico_phrasis_0001283,en,en,keeping hold of,holding,EQUIVALENCE
dico_phrasis_0001284__en-en__flipped,dico_phrasis_0001284,en,en,in a clothing store,inside an apparel shop,EQUIVALENCE
dico_phrasis_0001284__en-en__original,dico_phrasis_0001284,en,en,inside an apparel shop,in a clothing store,EQUIVALENCE
dico_phrasis_0001285__en-en__flipped,dico_phrasis_0001285,en,en,is peeking out,peaks out,EQUIVALENCE
dico_phrasis_0001285__en-en__original,dico_phrasis_0001285,en,en,peaks out,is peeking out,EQUIVALENCE
dico_phrasis_0001287__en-en__flipped,dico_phrasis_0001287,en,en,Older gentleman,An elderly man,EQUIVALENCE
dico_phrasis_0001287__en-en__original,dico_phrasis_0001287,en,en,An elderly man,Older gentleman,EQUIVALENCE
dico_phrasis_0001288__en-en__flipped,dico_phrasis_0001288,en,en,in the water,located within the water,EQUIVALENCE
dico_phrasis_0001288__en-en__original,dico_phrasis_0001288,en,en,located within the water,in the water,EQUIVALENCE
dico_phrasis_0001289__en-en__flipped,dico_phrasis_0001289,en,en,at a building site,at a construction site,EQUIVALENCE
dico_phrasis_0001289__en-en__original,dico_phrasis_0001289,en,en,at a construction site,at a building site,EQUIVALENCE
dico_phrasis_0001292__en-en__flipped,dico_phrasis_0001292,en,en,in front of a ferris wheel,with a ferris wheel behind it,EQUIVALENCE
dico_phrasis_0001292__en-en__original,dico_phrasis_0001292,en,en,with a ferris wheel behind it,in front of a ferris wheel,EQUIVALENCE
dico_phrasis_0001293__en-en__flipped,dico_phrasis_0001293,en,en,on a dirt track,on a dirt course,EQUIVALENCE
dico_phrasis_0001293__en-en__original,dico_phrasis_0001293,en,en,on a dirt course,on a dirt track,EQUIVALENCE
dico_phrasis_0001294__en-en__flipped,dico_phrasis_0001294,en,en,with its hood,using its hood,EQUIVALENCE
dico_phrasis_0001294__en-en__original,dico_phrasis_0001294,en,en,using its hood,with its hood,EQUIVALENCE
dico_phrasis_0001295__en-en__flipped,dico_phrasis_0001295,en,en,shearing,are sheering,EQUIVALENCE
dico_phrasis_0001295__en-en__original,dico_phrasis_0001295,en,en,are sheering,shearing,EQUIVALENCE
dico_phrasis_0001296__en-en__flipped,dico_phrasis_0001296,en,en,into a station,moving into a transport terminal,EQUIVALENCE
dico_phrasis_0001296__en-en__original,dico_phrasis_0001296,en,en,moving into a transport terminal,into a station,EQUIVALENCE
dico_phrasis_0001297__en-en__flipped,dico_phrasis_0001297,en,en,on the water,in a body of water,EQUIVALENCE
dico_phrasis_0001297__en-en__original,dico_phrasis_0001297,en,en,in a body of water,on the water,EQUIVALENCE
dico_phrasis_0001298__en-en__flipped,dico_phrasis_0001298,en,en,A motorcycle,a motorbike,EQUIVALENCE
dico_phrasis_0001298__en-en__original,dico_phrasis_0001298,en,en,a motorbike,A motorcycle,EQUIVALENCE
dico_phrasis_0001299__en-en__flipped,dico_phrasis_0001299,en,en,The boy,the young male child,EQUIVALENCE
dico_phrasis_0001299__en-en__original,dico_phrasis_0001299,en,en,the young male child,The boy,EQUIVALENCE
dico_phrasis_0001301__en-en__flipped,dico_phrasis_0001301,en,en,A large airplane,A large jet,EQUIVALENCE
dico_phrasis_0001301__en-en__original,dico_phrasis_0001301,en,en,A large jet,A large airplane,EQUIVALENCE
dico_phrasis_0001303__en-en__flipped,dico_phrasis_0001303,en,en,is showing,displaying,EQUIVALENCE
dico_phrasis_0001303__en-en__original,dico_phrasis_0001303,en,en,displaying,is showing,EQUIVALENCE
dico_phrasis_0001304__en-en__flipped,dico_phrasis_0001304,en,en,are sitting,sit,EQUIVALENCE
dico_phrasis_0001304__en-en__original,dico_phrasis_0001304,en,en,sit,are sitting,EQUIVALENCE
dico_phrasis_0001305__en-en__flipped,dico_phrasis_0001305,en,en,sitting,are seated,EQUIVALENCE
dico_phrasis_0001305__en-en__original,dico_phrasis_0001305,en,en,are seated,sitting,EQUIVALENCE
dico_phrasis_0001307__en-en__flipped,dico_phrasis_0001307,en,en,A Phillips flat screen TV,A Philips flat-screen TV,EQUIVALENCE
dico_phrasis_0001307__en-en__original,dico_phrasis_0001307,en,en,A Philips flat-screen TV,A Phillips flat screen TV,EQUIVALENCE
dico_phrasis_0001308__en-en__flipped,dico_phrasis_0001308,en,en,on floor,upon a floor,EQUIVALENCE
dico_phrasis_0001308__en-en__original,dico_phrasis_0001308,en,en,upon a floor,on floor,EQUIVALENCE
dico_phrasis_0001310__en-en__flipped,dico_phrasis_0001310,en,en,A close-up,an enlarged detail view,EQUIVALENCE
dico_phrasis_0001310__en-en__original,dico_phrasis_0001310,en,en,an enlarged detail view,A close-up,EQUIVALENCE
dico_phrasis_0001311__en-en__flipped,dico_phrasis_0001311,en,en,on the train tracks,on the railroad tracks,EQUIVALENCE
dico_phrasis_0001311__en-en__original,dico_phrasis_0001311,en,en,on the railroad tracks,on the train tracks,EQUIVALENCE
dico_phrasis_0001313__en-en__flipped,dico_phrasis_0001313,en,en,behind it,in background,EQUIVALENCE
dico_phrasis_0001313__en-en__original,dico_phrasis_0001313,en,en,in background,behind it,EQUIVALENCE
dico_phrasis_0001314__en-en__flipped,dico_phrasis_0001314,en,en,on a cloudy day,with a cloudy sky overhead,EQUIVALENCE
dico_phrasis_0001314__en-en__original,dico_phrasis_0001314,en,en,with a cloudy sky overhead,on a cloudy day,EQUIVALENCE
dico_phrasis_0001316__en-en__flipped,dico_phrasis_0001316,en,en,A group,Crowd,EQUIVALENCE
dico_phrasis_0001316__en-en__original,dico_phrasis_0001316,en,en,Crowd,A group,EQUIVALENCE
dico_phrasis_0001317__en-en__flipped,dico_phrasis_0001317,en,en,A close-up,A close-up view,EQUIVALENCE
dico_phrasis_0001317__en-en__original,dico_phrasis_0001317,en,en,A close-up view,A close-up,EQUIVALENCE
dico_phrasis_0001318__en-en__flipped,dico_phrasis_0001318,en,en,in a station,at a train station,EQUIVALENCE
dico_phrasis_0001318__en-en__original,dico_phrasis_0001318,en,en,at a train station,in a station,EQUIVALENCE
dico_phrasis_0001319__en-en__flipped,dico_phrasis_0001319,en,en,in a grassy field,within a grass-covered field,EQUIVALENCE
dico_phrasis_0001319__en-en__original,dico_phrasis_0001319,en,en,within a grass-covered field,in a grassy field,EQUIVALENCE
dico_phrasis_0001322__en-en__flipped,dico_phrasis_0001322,en,en,on grass,upon grassy ground,EQUIVALENCE
dico_phrasis_0001322__en-en__original,dico_phrasis_0001322,en,en,upon grassy ground,on grass,EQUIVALENCE
dico_phrasis_0001326__en-en__flipped,dico_phrasis_0001326,en,en,in Ukraine,in east Ukraine,BACKWARD_ENTAILMENT
dico_phrasis_0001326__en-en__original,dico_phrasis_0001326,en,en,in east Ukraine,in Ukraine,FORWARD_ENTAILMENT
dico_phrasis_0001327__en-en__flipped,dico_phrasis_0001327,en,en,South Korea,with S.Korea,BACKWARD_ENTAILMENT
dico_phrasis_0001327__en-en__original,dico_phrasis_0001327,en,en,with S.Korea,South Korea,FORWARD_ENTAILMENT
dico_phrasis_0001328__en-en__flipped,dico_phrasis_0001328,en,en,'s Oldest Man,"'s oldest person , and oldest man",BACKWARD_ENTAILMENT
dico_phrasis_0001328__en-en__original,dico_phrasis_0001328,en,en,"'s oldest person , and oldest man",'s Oldest Man,FORWARD_ENTAILMENT
dico_phrasis_0001329__en-en__flipped,dico_phrasis_0001329,en,en,talks,expert nuclear talks,BACKWARD_ENTAILMENT
dico_phrasis_0001329__en-en__original,dico_phrasis_0001329,en,en,expert nuclear talks,talks,FORWARD_ENTAILMENT
dico_phrasis_0001330__en-en__flipped,dico_phrasis_0001330,en,en,train blast situation,Canadian freight train blast death toll,BACKWARD_ENTAILMENT
dico_phrasis_0001330__en-en__original,dico_phrasis_0001330,en,en,Canadian freight train blast death toll,train blast situation,FORWARD_ENTAILMENT
dico_phrasis_0001331__en-en__flipped,dico_phrasis_0001331,en,en,rain,heavy rain,BACKWARD_ENTAILMENT
dico_phrasis_0001331__en-en__original,dico_phrasis_0001331,en,en,heavy rain,rain,FORWARD_ENTAILMENT
dico_phrasis_0001332__en-en__flipped,dico_phrasis_0001332,en,en,Surprise Visit,In surprise visit,BACKWARD_ENTAILMENT
dico_phrasis_0001332__en-en__original,dico_phrasis_0001332,en,en,In surprise visit,Surprise Visit,FORWARD_ENTAILMENT
dico_phrasis_0001333__en-en__flipped,dico_phrasis_0001333,en,en,gay marriage,on gay marriage,BACKWARD_ENTAILMENT
dico_phrasis_0001333__en-en__original,dico_phrasis_0001333,en,en,on gay marriage,gay marriage,FORWARD_ENTAILMENT
dico_phrasis_0001334__en-en__flipped,dico_phrasis_0001334,en,en,Egypt,as Egypt,BACKWARD_ENTAILMENT
dico_phrasis_0001334__en-en__original,dico_phrasis_0001334,en,en,as Egypt,Egypt,FORWARD_ENTAILMENT
dico_phrasis_0001335__en-en__flipped,dico_phrasis_0001335,en,en,record,a fresh record high,BACKWARD_ENTAILMENT
dico_phrasis_0001335__en-en__original,dico_phrasis_0001335,en,en,a fresh record high,record,FORWARD_ENTAILMENT
dico_phrasis_0001336__en-en__flipped,dico_phrasis_0001336,en,en,plane,Ukrainian plane,BACKWARD_ENTAILMENT
dico_phrasis_0001336__en-en__original,dico_phrasis_0001336,en,en,Ukrainian plane,plane,FORWARD_ENTAILMENT
dico_phrasis_0001337__en-en__flipped,dico_phrasis_0001337,en,en,in Spanish train disaster,in deadly Spain train crash,BACKWARD_ENTAILMENT
dico_phrasis_0001337__en-en__original,dico_phrasis_0001337,en,en,in deadly Spain train crash,in Spanish train disaster,FORWARD_ENTAILMENT
dico_phrasis_0001338__en-en__flipped,dico_phrasis_0001338,en,en,17 Hurt,19 hurt,BACKWARD_ENTAILMENT
dico_phrasis_0001338__en-en__original,dico_phrasis_0001338,en,en,19 hurt,17 Hurt,FORWARD_ENTAILMENT
dico_phrasis_0001339__en-en__flipped,dico_phrasis_0001339,en,en,by mortar,by heavy mortar fire,BACKWARD_ENTAILMENT
dico_phrasis_0001339__en-en__original,dico_phrasis_0001339,en,en,by heavy mortar fire,by mortar,FORWARD_ENTAILMENT
dico_phrasis_0001340__en-en__flipped,dico_phrasis_0001340,en,en,mall,in mall,BACKWARD_ENTAILMENT
dico_phrasis_0001340__en-en__original,dico_phrasis_0001340,en,en,in mall,mall,FORWARD_ENTAILMENT
dico_phrasis_0001341__en-en__flipped,dico_phrasis_0001341,en,en,Syria chemical weapons,over Syria chemical weapons,BACKWARD_ENTAILMENT
dico_phrasis_0001341__en-en__original,dico_phrasis_0001341,en,en,over Syria chemical weapons,Syria chemical weapons,FORWARD_ENTAILMENT
dico_phrasis_0001343__en-en__flipped,dico_phrasis_0001343,en,en,Five dead,Much more Deaths,BACKWARD_ENTAILMENT
dico_phrasis_0001343__en-en__original,dico_phrasis_0001343,en,en,Much more Deaths,Five dead,FORWARD_ENTAILMENT
dico_phrasis_0001344__en-en__flipped,dico_phrasis_0001344,en,en,San Diego Mayor,San Diego Mayor Bob Filner,BACKWARD_ENTAILMENT
dico_phrasis_0001344__en-en__original,dico_phrasis_0001344,en,en,San Diego Mayor Bob Filner,San Diego Mayor,FORWARD_ENTAILMENT
dico_phrasis_0001345__en-en__flipped,dico_phrasis_0001345,en,en,Japan,northeastern Japan,BACKWARD_ENTAILMENT
dico_phrasis_0001345__en-en__original,dico_phrasis_0001345,en,en,northeastern Japan,Japan,FORWARD_ENTAILMENT
dico_phrasis_0001347__en-en__flipped,dico_phrasis_0001347,en,en,Gunmen,Nigerian gunmen,BACKWARD_ENTAILMENT
dico_phrasis_0001347__en-en__original,dico_phrasis_0001347,en,en,Nigerian gunmen,Gunmen,FORWARD_ENTAILMENT
dico_phrasis_0001348__en-en__flipped,dico_phrasis_0001348,en,en,30,"groom , 30 others at least",BACKWARD_ENTAILMENT
dico_phrasis_0001348__en-en__original,dico_phrasis_0001348,en,en,"groom , 30 others at least",30,FORWARD_ENTAILMENT
dico_phrasis_0001349__en-en__flipped,dico_phrasis_0001349,en,en,in air strikes,in Israeli air strikes,BACKWARD_ENTAILMENT
dico_phrasis_0001349__en-en__original,dico_phrasis_0001349,en,en,in Israeli air strikes,in air strikes,FORWARD_ENTAILMENT
dico_phrasis_0001353__en-en__flipped,dico_phrasis_0001353,en,en,relief,emergency relief,BACKWARD_ENTAILMENT
dico_phrasis_0001353__en-en__original,dico_phrasis_0001353,en,en,emergency relief,relief,FORWARD_ENTAILMENT
dico_phrasis_0001354__en-en__flipped,dico_phrasis_0001354,en,en,to Juncker,over Juncker appointment,BACKWARD_ENTAILMENT
dico_phrasis_0001354__en-en__original,dico_phrasis_0001354,en,en,over Juncker appointment,to Juncker,FORWARD_ENTAILMENT
dico_phrasis_0001355__en-en__flipped,dico_phrasis_0001355,en,en,petrol station,petrol pumps,BACKWARD_ENTAILMENT
dico_phrasis_0001355__en-en__original,dico_phrasis_0001355,en,en,petrol pumps,petrol station,FORWARD_ENTAILMENT
dico_phrasis_0001356__en-en__flipped,dico_phrasis_0001356,en,en,Israeli air strike,Israeli war jet strikes,BACKWARD_ENTAILMENT
dico_phrasis_0001356__en-en__original,dico_phrasis_0001356,en,en,Israeli war jet strikes,Israeli air strike,FORWARD_ENTAILMENT
dico_phrasis_0001357__en-en__flipped,dico_phrasis_0001357,en,en,over airbag,after airbag fault,BACKWARD_ENTAILMENT
dico_phrasis_0001357__en-en__original,dico_phrasis_0001357,en,en,after airbag fault,over airbag,FORWARD_ENTAILMENT
dico_phrasis_0001358__en-en__flipped,dico_phrasis_0001358,en,en,"Toyota , 3 other Japan carmakers","Toyota , Honda , Nissan and Mazda",BACKWARD_ENTAILMENT
dico_phrasis_0001358__en-en__original,dico_phrasis_0001358,en,en,"Toyota , Honda , Nissan and Mazda","Toyota , 3 other Japan carmakers",FORWARD_ENTAILMENT
dico_phrasis_0001359__en-en__flipped,dico_phrasis_0001359,en,en,China ship,China largest fleet,BACKWARD_ENTAILMENT
dico_phrasis_0001359__en-en__original,dico_phrasis_0001359,en,en,China largest fleet,China ship,FORWARD_ENTAILMENT
dico_phrasis_0001360__en-en__flipped,dico_phrasis_0001360,en,en,extremists,of extremists,BACKWARD_ENTAILMENT
dico_phrasis_0001360__en-en__original,dico_phrasis_0001360,en,en,of extremists,extremists,FORWARD_ENTAILMENT
dico_phrasis_0001363__en-en__flipped,dico_phrasis_0001363,en,en,"actors Mohan Babu , Brahmanandam","Telugu actors Mohan Babu , Brahmanandam",BACKWARD_ENTAILMENT
dico_phrasis_0001363__en-en__original,dico_phrasis_0001363,en,en,"Telugu actors Mohan Babu , Brahmanandam","actors Mohan Babu , Brahmanandam",FORWARD_ENTAILMENT
dico_phrasis_0001364__en-en__flipped,dico_phrasis_0001364,en,en,HC,Andhra Pradesh high court,BACKWARD_ENTAILMENT
dico_phrasis_0001364__en-en__original,dico_phrasis_0001364,en,en,Andhra Pradesh high court,HC,FORWARD_ENTAILMENT
dico_phrasis_0001365__en-en__flipped,dico_phrasis_0001365,en,en,26 Palestinian Prisoners,Palestinian prisoners,BACKWARD_ENTAILMENT
dico_phrasis_0001365__en-en__original,dico_phrasis_0001365,en,en,Palestinian prisoners,26 Palestinian Prisoners,FORWARD_ENTAILMENT
dico_phrasis_0001366__en-en__flipped,dico_phrasis_0001366,en,en,Nobel Prize winning author Doris Lessing,British Nobel-Winning Author Doris Lessing,BACKWARD_ENTAILMENT
dico_phrasis_0001366__en-en__original,dico_phrasis_0001366,en,en,British Nobel-Winning Author Doris Lessing,Nobel Prize winning author Doris Lessing,FORWARD_ENTAILMENT
dico_phrasis_0001367__en-en__flipped,dico_phrasis_0001367,en,en,Hollywood star Paul Walker,' Fast &amp ; Furious ' star Paul Walker,BACKWARD_ENTAILMENT
dico_phrasis_0001367__en-en__original,dico_phrasis_0001367,en,en,' Fast &amp ; Furious ' star Paul Walker,Hollywood star Paul Walker,FORWARD_ENTAILMENT
dico_phrasis_0001368__en-en__flipped,dico_phrasis_0001368,en,en,at protesters,at pro-Morsy protesters,BACKWARD_ENTAILMENT
dico_phrasis_0001368__en-en__original,dico_phrasis_0001368,en,en,at pro-Morsy protesters,at protesters,FORWARD_ENTAILMENT
dico_phrasis_0001369__en-en__flipped,dico_phrasis_0001369,en,en,nine tourists,"nine foreign tourists , guide",BACKWARD_ENTAILMENT
dico_phrasis_0001369__en-en__original,dico_phrasis_0001369,en,en,"nine foreign tourists , guide",nine tourists,FORWARD_ENTAILMENT
dico_phrasis_0001370__en-en__flipped,dico_phrasis_0001370,en,en,Consumer,US consumers,BACKWARD_ENTAILMENT
dico_phrasis_0001370__en-en__original,dico_phrasis_0001370,en,en,US consumers,Consumer,FORWARD_ENTAILMENT
dico_phrasis_0001371__en-en__flipped,dico_phrasis_0001371,en,en,as freight train,after oil trains,BACKWARD_ENTAILMENT
dico_phrasis_0001371__en-en__original,dico_phrasis_0001371,en,en,after oil trains,as freight train,FORWARD_ENTAILMENT
dico_phrasis_0001372__en-en__flipped,dico_phrasis_0001372,en,en,Sectarian Violence,over sectarian violence,BACKWARD_ENTAILMENT
dico_phrasis_0001372__en-en__original,dico_phrasis_0001372,en,en,over sectarian violence,Sectarian Violence,FORWARD_ENTAILMENT
dico_phrasis_0001373__en-en__flipped,dico_phrasis_0001373,en,en,104 Palestinian Prisoners,Palestinian prisoners,BACKWARD_ENTAILMENT
dico_phrasis_0001373__en-en__original,dico_phrasis_0001373,en,en,Palestinian prisoners,104 Palestinian Prisoners,FORWARD_ENTAILMENT
dico_phrasis_0001375__en-en__flipped,dico_phrasis_0001375,en,en,Vodafone UK chief,Vodafone UK chief Guy Laurence,BACKWARD_ENTAILMENT
dico_phrasis_0001375__en-en__original,dico_phrasis_0001375,en,en,Vodafone UK chief Guy Laurence,Vodafone UK chief,FORWARD_ENTAILMENT
dico_phrasis_0001376__en-en__flipped,dico_phrasis_0001376,en,en,in crisis,into political crisis,BACKWARD_ENTAILMENT
dico_phrasis_0001376__en-en__original,dico_phrasis_0001376,en,en,into political crisis,in crisis,FORWARD_ENTAILMENT
dico_phrasis_0001377__en-en__flipped,dico_phrasis_0001377,en,en,resign,of resignation,BACKWARD_ENTAILMENT
dico_phrasis_0001377__en-en__original,dico_phrasis_0001377,en,en,of resignation,resign,FORWARD_ENTAILMENT
dico_phrasis_0001380__en-en__flipped,dico_phrasis_0001380,en,en,Israeli military,Israel colonel,BACKWARD_ENTAILMENT
dico_phrasis_0001380__en-en__original,dico_phrasis_0001380,en,en,Israel colonel,Israeli military,FORWARD_ENTAILMENT
dico_phrasis_0001381__en-en__flipped,dico_phrasis_0001381,en,en,Jewels worth €40m,€40 million gems,BACKWARD_ENTAILMENT
dico_phrasis_0001381__en-en__original,dico_phrasis_0001381,en,en,€40 million gems,Jewels worth €40m,FORWARD_ENTAILMENT
dico_phrasis_0001382__en-en__flipped,dico_phrasis_0001382,en,en,Syria,Syria envoy,BACKWARD_ENTAILMENT
dico_phrasis_0001382__en-en__original,dico_phrasis_0001382,en,en,Syria envoy,Syria,FORWARD_ENTAILMENT
dico_phrasis_0001383__en-en__flipped,dico_phrasis_0001383,en,en,Spanish train driver,Driver of crashed Spanish train,BACKWARD_ENTAILMENT
dico_phrasis_0001383__en-en__original,dico_phrasis_0001383,en,en,Driver of crashed Spanish train,Spanish train driver,FORWARD_ENTAILMENT
dico_phrasis_0001384__en-en__flipped,dico_phrasis_0001384,en,en,in ferry trial,in South Korea ferry trial,BACKWARD_ENTAILMENT
dico_phrasis_0001384__en-en__original,dico_phrasis_0001384,en,en,in South Korea ferry trial,in ferry trial,FORWARD_ENTAILMENT
dico_phrasis_0001385__en-en__flipped,dico_phrasis_0001385,en,en,Broadcaster David Frost,Respected British interviewer David Frost,BACKWARD_ENTAILMENT
dico_phrasis_0001385__en-en__original,dico_phrasis_0001385,en,en,Respected British interviewer David Frost,Broadcaster David Frost,FORWARD_ENTAILMENT
dico_phrasis_0001387__en-en__flipped,dico_phrasis_0001387,en,en,U.S. drone,US drone strikes,BACKWARD_ENTAILMENT
dico_phrasis_0001387__en-en__original,dico_phrasis_0001387,en,en,US drone strikes,U.S. drone,FORWARD_ENTAILMENT
dico_phrasis_0001388__en-en__flipped,dico_phrasis_0001388,en,en,Russia,into Russia,BACKWARD_ENTAILMENT
dico_phrasis_0001388__en-en__original,dico_phrasis_0001388,en,en,into Russia,Russia,FORWARD_ENTAILMENT
dico_phrasis_0001389__en-en__flipped,dico_phrasis_0001389,en,en,Egypt Islamists,Egypt 's bruised Islamists,BACKWARD_ENTAILMENT
dico_phrasis_0001389__en-en__original,dico_phrasis_0001389,en,en,Egypt 's bruised Islamists,Egypt Islamists,FORWARD_ENTAILMENT
dico_phrasis_0001390__en-en__flipped,dico_phrasis_0001390,en,en,in Egypt,in Egypt clashes,BACKWARD_ENTAILMENT
dico_phrasis_0001390__en-en__original,dico_phrasis_0001390,en,en,in Egypt clashes,in Egypt,FORWARD_ENTAILMENT
dico_phrasis_0001393__en-en__flipped,dico_phrasis_0001393,en,en,Former Pakistan army chief,Fromer Pakistani army chief Musharraf,BACKWARD_ENTAILMENT
dico_phrasis_0001393__en-en__original,dico_phrasis_0001393,en,en,Fromer Pakistani army chief Musharraf,Former Pakistan army chief,FORWARD_ENTAILMENT
dico_phrasis_0001394__en-en__flipped,dico_phrasis_0001394,en,en,Jan 20,from Jan 20,BACKWARD_ENTAILMENT
dico_phrasis_0001394__en-en__original,dico_phrasis_0001394,en,en,from Jan 20,Jan 20,FORWARD_ENTAILMENT
dico_phrasis_0001396__en-en__flipped,dico_phrasis_0001396,en,en,after shooting,after teen shot,BACKWARD_ENTAILMENT
dico_phrasis_0001396__en-en__original,dico_phrasis_0001396,en,en,after teen shot,after shooting,FORWARD_ENTAILMENT
dico_phrasis_0001397__en-en__flipped,dico_phrasis_0001397,en,en,Dog,Pit Bull Dog,BACKWARD_ENTAILMENT
dico_phrasis_0001397__en-en__original,dico_phrasis_0001397,en,en,Pit Bull Dog,Dog,FORWARD_ENTAILMENT
dico_phrasis_0001399__en-en__flipped,dico_phrasis_0001399,en,en,Ukraine,Ukraine talks,BACKWARD_ENTAILMENT
dico_phrasis_0001399__en-en__original,dico_phrasis_0001399,en,en,Ukraine talks,Ukraine,FORWARD_ENTAILMENT
dico_phrasis_0001401__en-en__flipped,dico_phrasis_0001401,en,en,"4,000 Cuban doctors","6,000 Cuban doctors",BACKWARD_ENTAILMENT
dico_phrasis_0001401__en-en__original,dico_phrasis_0001401,en,en,"6,000 Cuban doctors","4,000 Cuban doctors",FORWARD_ENTAILMENT
dico_phrasis_0001402__en-en__flipped,dico_phrasis_0001402,en,en,in Germany bus crash,in multiple bus crash in Germany,BACKWARD_ENTAILMENT
dico_phrasis_0001402__en-en__original,dico_phrasis_0001402,en,en,in multiple bus crash in Germany,in Germany bus crash,FORWARD_ENTAILMENT
dico_phrasis_0001403__en-en__flipped,dico_phrasis_0001403,en,en,Egypt,in Cairo,BACKWARD_ENTAILMENT
dico_phrasis_0001403__en-en__original,dico_phrasis_0001403,en,en,in Cairo,Egypt,FORWARD_ENTAILMENT
dico_phrasis_0001405__en-en__flipped,dico_phrasis_0001405,en,en,after accident,in N.C. fair accident,BACKWARD_ENTAILMENT
dico_phrasis_0001405__en-en__original,dico_phrasis_0001405,en,en,in N.C. fair accident,after accident,FORWARD_ENTAILMENT
dico_phrasis_0001406__en-en__flipped,dico_phrasis_0001406,en,en,Iran vote count,Early vote count in Iran,BACKWARD_ENTAILMENT
dico_phrasis_0001406__en-en__original,dico_phrasis_0001406,en,en,Early vote count in Iran,Iran vote count,FORWARD_ENTAILMENT
dico_phrasis_0001407__en-en__flipped,dico_phrasis_0001407,en,en,Five dead,6 Killed,BACKWARD_ENTAILMENT
dico_phrasis_0001407__en-en__original,dico_phrasis_0001407,en,en,6 Killed,Five dead,FORWARD_ENTAILMENT
dico_phrasis_0001409__en-en__flipped,dico_phrasis_0001409,en,en,to aid,US $300 mil. appeal,BACKWARD_ENTAILMENT
dico_phrasis_0001409__en-en__original,dico_phrasis_0001409,en,en,US $300 mil. appeal,to aid,FORWARD_ENTAILMENT
dico_phrasis_0001411__en-en__flipped,dico_phrasis_0001411,en,en,Plane,Boeing 777 plane,BACKWARD_ENTAILMENT
dico_phrasis_0001411__en-en__original,dico_phrasis_0001411,en,en,Boeing 777 plane,Plane,FORWARD_ENTAILMENT
dico_phrasis_0001412__en-en__flipped,dico_phrasis_0001412,en,en,kidnapped girls,abducted schoolgirls,BACKWARD_ENTAILMENT
dico_phrasis_0001412__en-en__original,dico_phrasis_0001412,en,en,abducted schoolgirls,kidnapped girls,FORWARD_ENTAILMENT
dico_phrasis_0001415__en-en__flipped,dico_phrasis_0001415,en,en,jet,Malaysian jet,BACKWARD_ENTAILMENT
dico_phrasis_0001415__en-en__original,dico_phrasis_0001415,en,en,Malaysian jet,jet,FORWARD_ENTAILMENT
dico_phrasis_0001416__en-en__flipped,dico_phrasis_0001416,en,en,Pakistani Taliban ' elect new chief ',Pakistani Taliban chief Hakimullah Mehsud,BACKWARD_ENTAILMENT
dico_phrasis_0001416__en-en__original,dico_phrasis_0001416,en,en,Pakistani Taliban chief Hakimullah Mehsud,Pakistani Taliban ' elect new chief ',FORWARD_ENTAILMENT
dico_phrasis_0001417__en-en__flipped,dico_phrasis_0001417,en,en,to Pacific,to the Pacific Coast,BACKWARD_ENTAILMENT
dico_phrasis_0001417__en-en__original,dico_phrasis_0001417,en,en,to the Pacific Coast,to Pacific,FORWARD_ENTAILMENT
dico_phrasis_0001418__en-en__flipped,dico_phrasis_0001418,en,en,Margaret Thatcher,"Margaret Thatcher , former U.K. PM",BACKWARD_ENTAILMENT
dico_phrasis_0001418__en-en__original,dico_phrasis_0001418,en,en,"Margaret Thatcher , former U.K. PM",Margaret Thatcher,FORWARD_ENTAILMENT
dico_phrasis_0001419__en-en__flipped,dico_phrasis_0001419,en,en,double mastectomy,after double mastectomy,BACKWARD_ENTAILMENT
dico_phrasis_0001419__en-en__original,dico_phrasis_0001419,en,en,after double mastectomy,double mastectomy,FORWARD_ENTAILMENT
dico_phrasis_0001421__en-en__flipped,dico_phrasis_0001421,en,en,in Iraq,in north Iraq,BACKWARD_ENTAILMENT
dico_phrasis_0001421__en-en__original,dico_phrasis_0001421,en,en,in north Iraq,in Iraq,FORWARD_ENTAILMENT
dico_phrasis_0001422__en-en__flipped,dico_phrasis_0001422,en,en,against Greenpeace,against Greenpeace activists,BACKWARD_ENTAILMENT
dico_phrasis_0001422__en-en__original,dico_phrasis_0001422,en,en,against Greenpeace activists,against Greenpeace,FORWARD_ENTAILMENT
dico_phrasis_0001424__en-en__flipped,dico_phrasis_0001424,en,en,North Korea,about North Korea,BACKWARD_ENTAILMENT
dico_phrasis_0001424__en-en__original,dico_phrasis_0001424,en,en,about North Korea,North Korea,FORWARD_ENTAILMENT
dico_phrasis_0001425__en-en__flipped,dico_phrasis_0001425,en,en,Firefighters Hostage in Georgia,suburban Atlanta firefighters hostage,BACKWARD_ENTAILMENT
dico_phrasis_0001425__en-en__original,dico_phrasis_0001425,en,en,suburban Atlanta firefighters hostage,Firefighters Hostage in Georgia,FORWARD_ENTAILMENT
dico_phrasis_0001426__en-en__flipped,dico_phrasis_0001426,en,en,2 explosions,Explosions,BACKWARD_ENTAILMENT
dico_phrasis_0001426__en-en__original,dico_phrasis_0001426,en,en,Explosions,2 explosions,FORWARD_ENTAILMENT
dico_phrasis_0001427__en-en__flipped,dico_phrasis_0001427,en,en,a ball,a soccer ball,BACKWARD_ENTAILMENT
dico_phrasis_0001427__en-en__original,dico_phrasis_0001427,en,en,a soccer ball,a ball,FORWARD_ENTAILMENT
dico_phrasis_0001428__en-en__flipped,dico_phrasis_0001428,en,en,in a blue soccer uniform,in a blue and white team uniform,BACKWARD_ENTAILMENT
dico_phrasis_0001428__en-en__original,dico_phrasis_0001428,en,en,in a blue and white team uniform,in a blue soccer uniform,FORWARD_ENTAILMENT
dico_phrasis_0001429__en-en__flipped,dico_phrasis_0001429,en,en,watch,is looking up with detail,BACKWARD_ENTAILMENT
dico_phrasis_0001429__en-en__original,dico_phrasis_0001429,en,en,is looking up with detail,watch,FORWARD_ENTAILMENT
dico_phrasis_0001430__en-en__flipped,dico_phrasis_0001430,en,en,run,in fast running,BACKWARD_ENTAILMENT
dico_phrasis_0001430__en-en__original,dico_phrasis_0001430,en,en,in fast running,run,FORWARD_ENTAILMENT
dico_phrasis_0001431__en-en__flipped,dico_phrasis_0001431,en,en,are,are running,BACKWARD_ENTAILMENT
dico_phrasis_0001431__en-en__original,dico_phrasis_0001431,en,en,are running,are,FORWARD_ENTAILMENT
dico_phrasis_0001432__en-en__flipped,dico_phrasis_0001432,en,en,in a glass structure,in an outdoor glass structure,BACKWARD_ENTAILMENT
dico_phrasis_0001432__en-en__original,dico_phrasis_0001432,en,en,in an outdoor glass structure,in a glass structure,FORWARD_ENTAILMENT
dico_phrasis_0001434__en-en__flipped,dico_phrasis_0001434,en,en,along a track element,above a truck ramp,BACKWARD_ENTAILMENT
dico_phrasis_0001434__en-en__original,dico_phrasis_0001434,en,en,above a truck ramp,along a track element,FORWARD_ENTAILMENT
dico_phrasis_0001435__en-en__flipped,dico_phrasis_0001435,en,en,with a toy,with a ball,BACKWARD_ENTAILMENT
dico_phrasis_0001435__en-en__original,dico_phrasis_0001435,en,en,with a ball,with a toy,FORWARD_ENTAILMENT
dico_phrasis_0001436__en-en__flipped,dico_phrasis_0001436,en,en,two boys,into two boys,BACKWARD_ENTAILMENT
dico_phrasis_0001436__en-en__original,dico_phrasis_0001436,en,en,into two boys,two boys,FORWARD_ENTAILMENT
dico_phrasis_0001438__en-en__flipped,dico_phrasis_0001438,en,en,A brown dog,Light brown dog,BACKWARD_ENTAILMENT
dico_phrasis_0001438__en-en__original,dico_phrasis_0001438,en,en,Light brown dog,A brown dog,FORWARD_ENTAILMENT
dico_phrasis_0001439__en-en__flipped,dico_phrasis_0001439,en,en,playing,playing ball,BACKWARD_ENTAILMENT
dico_phrasis_0001439__en-en__original,dico_phrasis_0001439,en,en,playing ball,playing,FORWARD_ENTAILMENT
dico_phrasis_0001440__en-en__flipped,dico_phrasis_0001440,en,en,climbs,climbs up,BACKWARD_ENTAILMENT
dico_phrasis_0001440__en-en__original,dico_phrasis_0001440,en,en,climbs up,climbs,FORWARD_ENTAILMENT
dico_phrasis_0001442__en-en__flipped,dico_phrasis_0001442,en,en,The boy,A young boy,BACKWARD_ENTAILMENT
dico_phrasis_0001442__en-en__original,dico_phrasis_0001442,en,en,A young boy,The boy,FORWARD_ENTAILMENT
dico_phrasis_0001443__en-en__flipped,dico_phrasis_0001443,en,en,in a field,across an open field,BACKWARD_ENTAILMENT
dico_phrasis_0001443__en-en__original,dico_phrasis_0001443,en,en,across an open field,in a field,FORWARD_ENTAILMENT
dico_phrasis_0001445__en-en__flipped,dico_phrasis_0001445,en,en,The man,Two constructions workers,BACKWARD_ENTAILMENT
dico_phrasis_0001445__en-en__original,dico_phrasis_0001445,en,en,Two constructions workers,The man,FORWARD_ENTAILMENT
dico_phrasis_0001448__en-en__flipped,dico_phrasis_0001448,en,en,tongue,with it's tongue,BACKWARD_ENTAILMENT
dico_phrasis_0001448__en-en__original,dico_phrasis_0001448,en,en,with it's tongue,tongue,FORWARD_ENTAILMENT
dico_phrasis_0001449__en-en__flipped,dico_phrasis_0001449,en,en,a block of ice,an ice sculpture,BACKWARD_ENTAILMENT
dico_phrasis_0001449__en-en__original,dico_phrasis_0001449,en,en,an ice sculpture,a block of ice,FORWARD_ENTAILMENT
dico_phrasis_0001450__en-en__flipped,dico_phrasis_0001450,en,en,at the dog,at a brown dog,BACKWARD_ENTAILMENT
dico_phrasis_0001450__en-en__original,dico_phrasis_0001450,en,en,at a brown dog,at the dog,FORWARD_ENTAILMENT
dico_phrasis_0001452__en-en__flipped,dico_phrasis_0001452,en,en,a wave,on a breaking wave,BACKWARD_ENTAILMENT
dico_phrasis_0001452__en-en__original,dico_phrasis_0001452,en,en,on a breaking wave,a wave,FORWARD_ENTAILMENT
dico_phrasis_0001453__en-en__flipped,dico_phrasis_0001453,en,en,across the grass,through a green grassy field,BACKWARD_ENTAILMENT
dico_phrasis_0001453__en-en__original,dico_phrasis_0001453,en,en,through a green grassy field,across the grass,FORWARD_ENTAILMENT
dico_phrasis_0001454__en-en__flipped,dico_phrasis_0001454,en,en,on a bench,on a park bench,BACKWARD_ENTAILMENT
dico_phrasis_0001454__en-en__original,dico_phrasis_0001454,en,en,on a park bench,on a bench,FORWARD_ENTAILMENT
dico_phrasis_0001455__en-en__flipped,dico_phrasis_0001455,en,en,Two men,Two young men,BACKWARD_ENTAILMENT
dico_phrasis_0001455__en-en__original,dico_phrasis_0001455,en,en,Two young men,Two men,FORWARD_ENTAILMENT
dico_phrasis_0001459__en-en__flipped,dico_phrasis_0001459,en,en,a tool,with an Axe,BACKWARD_ENTAILMENT
dico_phrasis_0001459__en-en__original,dico_phrasis_0001459,en,en,with an Axe,a tool,FORWARD_ENTAILMENT
dico_phrasis_0001460__en-en__flipped,dico_phrasis_0001460,en,en,A smiling man a small child,A smiling man and a baby girl,BACKWARD_ENTAILMENT
dico_phrasis_0001460__en-en__original,dico_phrasis_0001460,en,en,A smiling man and a baby girl,A smiling man a small child,FORWARD_ENTAILMENT
dico_phrasis_0001462__en-en__flipped,dico_phrasis_0001462,en,en,A man,A shirtless man,BACKWARD_ENTAILMENT
dico_phrasis_0001462__en-en__original,dico_phrasis_0001462,en,en,A shirtless man,A man,FORWARD_ENTAILMENT
dico_phrasis_0001463__en-en__flipped,dico_phrasis_0001463,en,en,A man,An adult male,BACKWARD_ENTAILMENT
dico_phrasis_0001463__en-en__original,dico_phrasis_0001463,en,en,An adult male,A man,FORWARD_ENTAILMENT
dico_phrasis_0001464__en-en__flipped,dico_phrasis_0001464,en,en,to the side,to the left,BACKWARD_ENTAILMENT
dico_phrasis_0001464__en-en__original,dico_phrasis_0001464,en,en,to the left,to the side,FORWARD_ENTAILMENT
dico_phrasis_0001466__en-en__flipped,dico_phrasis_0001466,en,en,in a towel,under a wet towel,BACKWARD_ENTAILMENT
dico_phrasis_0001466__en-en__original,dico_phrasis_0001466,en,en,under a wet towel,in a towel,FORWARD_ENTAILMENT
dico_phrasis_0001467__en-en__flipped,dico_phrasis_0001467,en,en,A dog,A white and brown dog,BACKWARD_ENTAILMENT
dico_phrasis_0001467__en-en__original,dico_phrasis_0001467,en,en,A white and brown dog,A dog,FORWARD_ENTAILMENT
dico_phrasis_0001469__en-en__flipped,dico_phrasis_0001469,en,en,near a river,along side a river,BACKWARD_ENTAILMENT
dico_phrasis_0001469__en-en__original,dico_phrasis_0001469,en,en,along side a river,near a river,FORWARD_ENTAILMENT
dico_phrasis_0001470__en-en__flipped,dico_phrasis_0001470,en,en,a yellow toy,for a yellow toy,BACKWARD_ENTAILMENT
dico_phrasis_0001470__en-en__original,dico_phrasis_0001470,en,en,for a yellow toy,a yellow toy,FORWARD_ENTAILMENT
dico_phrasis_0001471__en-en__flipped,dico_phrasis_0001471,en,en,Three children,three little boys,BACKWARD_ENTAILMENT
dico_phrasis_0001471__en-en__original,dico_phrasis_0001471,en,en,three little boys,Three children,FORWARD_ENTAILMENT
dico_phrasis_0001473__en-en__flipped,dico_phrasis_0001473,en,en,through a puddle,through a large puddle,BACKWARD_ENTAILMENT
dico_phrasis_0001473__en-en__original,dico_phrasis_0001473,en,en,through a large puddle,through a puddle,FORWARD_ENTAILMENT
dico_phrasis_0001474__en-en__flipped,dico_phrasis_0001474,en,en,around a red fire truck,in front of a red fire truck,BACKWARD_ENTAILMENT
dico_phrasis_0001474__en-en__original,dico_phrasis_0001474,en,en,in front of a red fire truck,around a red fire truck,FORWARD_ENTAILMENT
dico_phrasis_0001476__en-en__flipped,dico_phrasis_0001476,en,en,A dog,Two dogs,BACKWARD_ENTAILMENT
dico_phrasis_0001476__en-en__original,dico_phrasis_0001476,en,en,Two dogs,A dog,FORWARD_ENTAILMENT
dico_phrasis_0001477__en-en__flipped,dico_phrasis_0001477,en,en,are playing ball,play rugby,BACKWARD_ENTAILMENT
dico_phrasis_0001477__en-en__original,dico_phrasis_0001477,en,en,play rugby,are playing ball,FORWARD_ENTAILMENT
dico_phrasis_0001478__en-en__flipped,dico_phrasis_0001478,en,en,jumps,is jumping up,BACKWARD_ENTAILMENT
dico_phrasis_0001478__en-en__original,dico_phrasis_0001478,en,en,is jumping up,jumps,FORWARD_ENTAILMENT
dico_phrasis_0001480__en-en__flipped,dico_phrasis_0001480,en,en,A black dog,A black and grey dog,BACKWARD_ENTAILMENT
dico_phrasis_0001480__en-en__original,dico_phrasis_0001480,en,en,A black and grey dog,A black dog,FORWARD_ENTAILMENT
dico_phrasis_0001481__en-en__flipped,dico_phrasis_0001481,en,en,a ball,a light colored rugby ball,BACKWARD_ENTAILMENT
dico_phrasis_0001481__en-en__original,dico_phrasis_0001481,en,en,a light colored rugby ball,a ball,FORWARD_ENTAILMENT
dico_phrasis_0001482__en-en__flipped,dico_phrasis_0001482,en,en,on a swing,in a baby swing,BACKWARD_ENTAILMENT
dico_phrasis_0001482__en-en__original,dico_phrasis_0001482,en,en,in a baby swing,on a swing,FORWARD_ENTAILMENT
dico_phrasis_0001483__en-en__flipped,dico_phrasis_0001483,en,en,a young girl,a young baby girl,BACKWARD_ENTAILMENT
dico_phrasis_0001483__en-en__original,dico_phrasis_0001483,en,en,a young baby girl,a young girl,FORWARD_ENTAILMENT
dico_phrasis_0001485__en-en__flipped,dico_phrasis_0001485,en,en,Two people,Two people and a dog,BACKWARD_ENTAILMENT
dico_phrasis_0001485__en-en__original,dico_phrasis_0001485,en,en,Two people and a dog,Two people,FORWARD_ENTAILMENT
dico_phrasis_0001489__en-en__flipped,dico_phrasis_0001489,en,en,play,are playing fetch,BACKWARD_ENTAILMENT
dico_phrasis_0001489__en-en__original,dico_phrasis_0001489,en,en,are playing fetch,play,FORWARD_ENTAILMENT
dico_phrasis_0001490__en-en__flipped,dico_phrasis_0001490,en,en,The brown dog,A little brown dog,BACKWARD_ENTAILMENT
dico_phrasis_0001490__en-en__original,dico_phrasis_0001490,en,en,A little brown dog,The brown dog,FORWARD_ENTAILMENT
dico_phrasis_0001492__en-en__flipped,dico_phrasis_0001492,en,en,beside the beach,on the sandy beach,BACKWARD_ENTAILMENT
dico_phrasis_0001492__en-en__original,dico_phrasis_0001492,en,en,on the sandy beach,beside the beach,FORWARD_ENTAILMENT
dico_phrasis_0001494__en-en__flipped,dico_phrasis_0001494,en,en,holding,holds up,BACKWARD_ENTAILMENT
dico_phrasis_0001494__en-en__original,dico_phrasis_0001494,en,en,holds up,holding,FORWARD_ENTAILMENT
dico_phrasis_0001495__en-en__flipped,dico_phrasis_0001495,en,en,a girl,A female DJ,BACKWARD_ENTAILMENT
dico_phrasis_0001495__en-en__original,dico_phrasis_0001495,en,en,A female DJ,a girl,FORWARD_ENTAILMENT
dico_phrasis_0001496__en-en__flipped,dico_phrasis_0001496,en,en,Two people,Two teenagers,BACKWARD_ENTAILMENT
dico_phrasis_0001496__en-en__original,dico_phrasis_0001496,en,en,Two teenagers,Two people,FORWARD_ENTAILMENT
dico_phrasis_0001497__en-en__flipped,dico_phrasis_0001497,en,en,Two men,Two older men,BACKWARD_ENTAILMENT
dico_phrasis_0001497__en-en__original,dico_phrasis_0001497,en,en,Two older men,Two men,FORWARD_ENTAILMENT
dico_phrasis_0001498__en-en__flipped,dico_phrasis_0001498,en,en,the bus,in front of a bus,BACKWARD_ENTAILMENT
dico_phrasis_0001498__en-en__original,dico_phrasis_0001498,en,en,in front of a bus,the bus,FORWARD_ENTAILMENT
dico_phrasis_0001499__en-en__flipped,dico_phrasis_0001499,en,en,A white dog,A dalmation,BACKWARD_ENTAILMENT
dico_phrasis_0001499__en-en__original,dico_phrasis_0001499,en,en,A dalmation,A white dog,FORWARD_ENTAILMENT
dico_phrasis_0001500__en-en__flipped,dico_phrasis_0001500,en,en,the water,in the water,BACKWARD_ENTAILMENT
dico_phrasis_0001500__en-en__original,dico_phrasis_0001500,en,en,in the water,the water,FORWARD_ENTAILMENT
dico_phrasis_0001502__en-en__flipped,dico_phrasis_0001502,en,en,play,playing around,BACKWARD_ENTAILMENT
dico_phrasis_0001502__en-en__original,dico_phrasis_0001502,en,en,playing around,play,FORWARD_ENTAILMENT
dico_phrasis_0001504__en-en__flipped,dico_phrasis_0001504,en,en,in massage chairs,in black massage chairs,BACKWARD_ENTAILMENT
dico_phrasis_0001504__en-en__original,dico_phrasis_0001504,en,en,in black massage chairs,in massage chairs,FORWARD_ENTAILMENT
dico_phrasis_0001507__en-en__flipped,dico_phrasis_0001507,en,en,A black dog,A black and white dog,BACKWARD_ENTAILMENT
dico_phrasis_0001507__en-en__original,dico_phrasis_0001507,en,en,A black and white dog,A black dog,FORWARD_ENTAILMENT
dico_phrasis_0001508__en-en__flipped,dico_phrasis_0001508,en,en,A dog,A brown dog,BACKWARD_ENTAILMENT
dico_phrasis_0001508__en-en__original,dico_phrasis_0001508,en,en,A brown dog,A dog,FORWARD_ENTAILMENT
dico_phrasis_0001509__en-en__flipped,dico_phrasis_0001509,en,en,an orange ball,on an orange ball,BACKWARD_ENTAILMENT
dico_phrasis_0001509__en-en__original,dico_phrasis_0001509,en,en,on an orange ball,an orange ball,FORWARD_ENTAILMENT
dico_phrasis_0001510__en-en__flipped,dico_phrasis_0001510,en,en,four children,All these children,BACKWARD_ENTAILMENT
dico_phrasis_0001510__en-en__original,dico_phrasis_0001510,en,en,All these children,four children,FORWARD_ENTAILMENT
dico_phrasis_0001512__en-en__flipped,dico_phrasis_0001512,en,en,A girl,A young girl,BACKWARD_ENTAILMENT
dico_phrasis_0001512__en-en__original,dico_phrasis_0001512,en,en,A young girl,A girl,FORWARD_ENTAILMENT
dico_phrasis_0001513__en-en__flipped,dico_phrasis_0001513,en,en,Four children,Four hooded children,BACKWARD_ENTAILMENT
dico_phrasis_0001513__en-en__original,dico_phrasis_0001513,en,en,Four hooded children,Four children,FORWARD_ENTAILMENT
dico_phrasis_0001514__en-en__flipped,dico_phrasis_0001514,en,en,Four happy people,All people laugh,BACKWARD_ENTAILMENT
dico_phrasis_0001514__en-en__original,dico_phrasis_0001514,en,en,All people laugh,Four happy people,FORWARD_ENTAILMENT
dico_phrasis_0001515__en-en__flipped,dico_phrasis_0001515,en,en,A boy,A young boy,BACKWARD_ENTAILMENT
dico_phrasis_0001515__en-en__original,dico_phrasis_0001515,en,en,A young boy,A boy,FORWARD_ENTAILMENT
dico_phrasis_0001516__en-en__flipped,dico_phrasis_0001516,en,en,a red coat,a red winter coat,BACKWARD_ENTAILMENT
dico_phrasis_0001516__en-en__original,dico_phrasis_0001516,en,en,a red winter coat,a red coat,FORWARD_ENTAILMENT
dico_phrasis_0001517__en-en__flipped,dico_phrasis_0001517,en,en,flag football,of flag football,BACKWARD_ENTAILMENT
dico_phrasis_0001517__en-en__original,dico_phrasis_0001517,en,en,of flag football,flag football,FORWARD_ENTAILMENT
dico_phrasis_0001518__en-en__flipped,dico_phrasis_0001518,en,en,in a chair,of a wicker chair,BACKWARD_ENTAILMENT
dico_phrasis_0001518__en-en__original,dico_phrasis_0001518,en,en,of a wicker chair,in a chair,FORWARD_ENTAILMENT
dico_phrasis_0001519__en-en__flipped,dico_phrasis_0001519,en,en,Two dogs,Two black dogs,BACKWARD_ENTAILMENT
dico_phrasis_0001519__en-en__original,dico_phrasis_0001519,en,en,Two black dogs,Two dogs,FORWARD_ENTAILMENT
dico_phrasis_0001520__en-en__flipped,dico_phrasis_0001520,en,en,wearing a helmet,with a purple and white helmet,BACKWARD_ENTAILMENT
dico_phrasis_0001520__en-en__original,dico_phrasis_0001520,en,en,with a purple and white helmet,wearing a helmet,FORWARD_ENTAILMENT
dico_phrasis_0001522__en-en__flipped,dico_phrasis_0001522,en,en,in the grass,on the grassy field,BACKWARD_ENTAILMENT
dico_phrasis_0001522__en-en__original,dico_phrasis_0001522,en,en,on the grassy field,in the grass,FORWARD_ENTAILMENT
dico_phrasis_0001524__en-en__flipped,dico_phrasis_0001524,en,en,A black and white dog,"a black , brown and white dog",BACKWARD_ENTAILMENT
dico_phrasis_0001524__en-en__original,dico_phrasis_0001524,en,en,"a black , brown and white dog",A black and white dog,FORWARD_ENTAILMENT
dico_phrasis_0001526__en-en__flipped,dico_phrasis_0001526,en,en,A dog,A bulldog,BACKWARD_ENTAILMENT
dico_phrasis_0001526__en-en__original,dico_phrasis_0001526,en,en,A bulldog,A dog,FORWARD_ENTAILMENT
dico_phrasis_0001528__en-en__flipped,dico_phrasis_0001528,en,en,in pigtails,with blonde pigtails,BACKWARD_ENTAILMENT
dico_phrasis_0001528__en-en__original,dico_phrasis_0001528,en,en,with blonde pigtails,in pigtails,FORWARD_ENTAILMENT
dico_phrasis_0001529__en-en__flipped,dico_phrasis_0001529,en,en,are playing,are playing fetch,BACKWARD_ENTAILMENT
dico_phrasis_0001529__en-en__original,dico_phrasis_0001529,en,en,are playing fetch,are playing,FORWARD_ENTAILMENT
dico_phrasis_0001531__en-en__flipped,dico_phrasis_0001531,en,en,in a city,on a city street,BACKWARD_ENTAILMENT
dico_phrasis_0001531__en-en__original,dico_phrasis_0001531,en,en,on a city street,in a city,FORWARD_ENTAILMENT
dico_phrasis_0001532__en-en__flipped,dico_phrasis_0001532,en,en,A policeman,toward a policeman,BACKWARD_ENTAILMENT
dico_phrasis_0001532__en-en__original,dico_phrasis_0001532,en,en,toward a policeman,A policeman,FORWARD_ENTAILMENT
dico_phrasis_0001533__en-en__flipped,dico_phrasis_0001533,en,en,is,is running,BACKWARD_ENTAILMENT
dico_phrasis_0001533__en-en__original,dico_phrasis_0001533,en,en,is running,is,FORWARD_ENTAILMENT
dico_phrasis_0001534__en-en__flipped,dico_phrasis_0001534,en,en,A boy,A little boy,BACKWARD_ENTAILMENT
dico_phrasis_0001534__en-en__original,dico_phrasis_0001534,en,en,A little boy,A boy,FORWARD_ENTAILMENT
dico_phrasis_0001535__en-en__flipped,dico_phrasis_0001535,en,en,next to a blue wall,in front of a long blue wall,BACKWARD_ENTAILMENT
dico_phrasis_0001535__en-en__original,dico_phrasis_0001535,en,en,in front of a long blue wall,next to a blue wall,FORWARD_ENTAILMENT
dico_phrasis_0001536__en-en__flipped,dico_phrasis_0001536,en,en,beside a concrete wall,beside a tall concrete wall,BACKWARD_ENTAILMENT
dico_phrasis_0001536__en-en__original,dico_phrasis_0001536,en,en,beside a tall concrete wall,beside a concrete wall,FORWARD_ENTAILMENT
dico_phrasis_0001537__en-en__flipped,dico_phrasis_0001537,en,en,wearing a red coat,in a red coat and hat,BACKWARD_ENTAILMENT
dico_phrasis_0001537__en-en__original,dico_phrasis_0001537,en,en,in a red coat and hat,wearing a red coat,FORWARD_ENTAILMENT
dico_phrasis_0001539__en-en__flipped,dico_phrasis_0001539,en,en,jumping,snowboarding and jumping,BACKWARD_ENTAILMENT
dico_phrasis_0001539__en-en__original,dico_phrasis_0001539,en,en,snowboarding and jumping,jumping,FORWARD_ENTAILMENT
dico_phrasis_0001541__en-en__flipped,dico_phrasis_0001541,en,en,Two dogs,Three dogs,BACKWARD_ENTAILMENT
dico_phrasis_0001541__en-en__original,dico_phrasis_0001541,en,en,Three dogs,Two dogs,FORWARD_ENTAILMENT
dico_phrasis_0001542__en-en__flipped,dico_phrasis_0001542,en,en,around a tree,next to a mossy tree,BACKWARD_ENTAILMENT
dico_phrasis_0001542__en-en__original,dico_phrasis_0001542,en,en,next to a mossy tree,around a tree,FORWARD_ENTAILMENT
dico_phrasis_0001543__en-en__flipped,dico_phrasis_0001543,en,en,wooden blocks,with some wooden blocks,BACKWARD_ENTAILMENT
dico_phrasis_0001543__en-en__original,dico_phrasis_0001543,en,en,with some wooden blocks,wooden blocks,FORWARD_ENTAILMENT
dico_phrasis_0001544__en-en__flipped,dico_phrasis_0001544,en,en,in a field,of a huge field,BACKWARD_ENTAILMENT
dico_phrasis_0001544__en-en__original,dico_phrasis_0001544,en,en,of a huge field,in a field,FORWARD_ENTAILMENT
dico_phrasis_0001545__en-en__flipped,dico_phrasis_0001545,en,en,the Frisbee,a green Frisbee,BACKWARD_ENTAILMENT
dico_phrasis_0001545__en-en__original,dico_phrasis_0001545,en,en,a green Frisbee,the Frisbee,FORWARD_ENTAILMENT
dico_phrasis_0001546__en-en__flipped,dico_phrasis_0001546,en,en,A little girl,A little girl and a little boy,BACKWARD_ENTAILMENT
dico_phrasis_0001546__en-en__original,dico_phrasis_0001546,en,en,A little girl and a little boy,A little girl,FORWARD_ENTAILMENT
dico_phrasis_0001548__en-en__flipped,dico_phrasis_0001548,en,en,A dog,A black dog,BACKWARD_ENTAILMENT
dico_phrasis_0001548__en-en__original,dico_phrasis_0001548,en,en,A black dog,A dog,FORWARD_ENTAILMENT
dico_phrasis_0001549__en-en__flipped,dico_phrasis_0001549,en,en,The man,A man and woman,BACKWARD_ENTAILMENT
dico_phrasis_0001549__en-en__original,dico_phrasis_0001549,en,en,A man and woman,The man,FORWARD_ENTAILMENT
dico_phrasis_0001552__en-en__flipped,dico_phrasis_0001552,en,en,Drone strike,US drone strike,BACKWARD_ENTAILMENT
dico_phrasis_0001552__en-en__original,dico_phrasis_0001552,en,en,US drone strike,Drone strike,FORWARD_ENTAILMENT
dico_phrasis_0001553__en-en__flipped,dico_phrasis_0001553,en,en,four suspected militants,5 militants,BACKWARD_ENTAILMENT
dico_phrasis_0001553__en-en__original,dico_phrasis_0001553,en,en,5 militants,four suspected militants,FORWARD_ENTAILMENT
dico_phrasis_0001554__en-en__flipped,dico_phrasis_0001554,en,en,attackers,Mall attackers,BACKWARD_ENTAILMENT
dico_phrasis_0001554__en-en__original,dico_phrasis_0001554,en,en,Mall attackers,attackers,FORWARD_ENTAILMENT
dico_phrasis_0001556__en-en__flipped,dico_phrasis_0001556,en,en,in road accident,in bus accident,BACKWARD_ENTAILMENT
dico_phrasis_0001556__en-en__original,dico_phrasis_0001556,en,en,in bus accident,in road accident,FORWARD_ENTAILMENT
dico_phrasis_0001557__en-en__flipped,dico_phrasis_0001557,en,en,Japan,as Japan,BACKWARD_ENTAILMENT
dico_phrasis_0001557__en-en__original,dico_phrasis_0001557,en,en,as Japan,Japan,FORWARD_ENTAILMENT
dico_phrasis_0001558__en-en__flipped,dico_phrasis_0001558,en,en,Bradley Cooper,Bradley Cooper and JJ Abrams,BACKWARD_ENTAILMENT
dico_phrasis_0001558__en-en__original,dico_phrasis_0001558,en,en,Bradley Cooper and JJ Abrams,Bradley Cooper,FORWARD_ENTAILMENT
dico_phrasis_0001559__en-en__flipped,dico_phrasis_0001559,en,en,Thai opposition,Thai opposition party,BACKWARD_ENTAILMENT
dico_phrasis_0001559__en-en__original,dico_phrasis_0001559,en,en,Thai opposition party,Thai opposition,FORWARD_ENTAILMENT
dico_phrasis_0001560__en-en__flipped,dico_phrasis_0001560,en,en,election boycott,to boycott general election,BACKWARD_ENTAILMENT
dico_phrasis_0001560__en-en__original,dico_phrasis_0001560,en,en,to boycott general election,election boycott,FORWARD_ENTAILMENT
dico_phrasis_0001561__en-en__flipped,dico_phrasis_0001561,en,en,immigration debate,bitter immigration debate,BACKWARD_ENTAILMENT
dico_phrasis_0001561__en-en__original,dico_phrasis_0001561,en,en,bitter immigration debate,immigration debate,FORWARD_ENTAILMENT
dico_phrasis_0001563__en-en__flipped,dico_phrasis_0001563,en,en,to adoption ban,to American adoption ban,BACKWARD_ENTAILMENT
dico_phrasis_0001563__en-en__original,dico_phrasis_0001563,en,en,to American adoption ban,to adoption ban,FORWARD_ENTAILMENT
dico_phrasis_0001565__en-en__flipped,dico_phrasis_0001565,en,en,9 Dead,100 killed,BACKWARD_ENTAILMENT
dico_phrasis_0001565__en-en__original,dico_phrasis_0001565,en,en,100 killed,9 Dead,FORWARD_ENTAILMENT
dico_phrasis_0001566__en-en__flipped,dico_phrasis_0001566,en,en,in New Darfur Tribal Clash,in new Darfur tribal clashes,BACKWARD_ENTAILMENT
dico_phrasis_0001566__en-en__original,dico_phrasis_0001566,en,en,in new Darfur tribal clashes,in New Darfur Tribal Clash,FORWARD_ENTAILMENT
dico_phrasis_0001568__en-en__flipped,dico_phrasis_0001568,en,en,Residents,Texas residents,BACKWARD_ENTAILMENT
dico_phrasis_0001568__en-en__original,dico_phrasis_0001568,en,en,Texas residents,Residents,FORWARD_ENTAILMENT
dico_phrasis_0001569__en-en__flipped,dico_phrasis_0001569,en,en,Indian rape victim,India gang-rape victim,BACKWARD_ENTAILMENT
dico_phrasis_0001569__en-en__original,dico_phrasis_0001569,en,en,India gang-rape victim,Indian rape victim,FORWARD_ENTAILMENT
dico_phrasis_0001570__en-en__flipped,dico_phrasis_0001570,en,en,104 Palestinian prisoners,Palestinian prisoners,BACKWARD_ENTAILMENT
dico_phrasis_0001570__en-en__original,dico_phrasis_0001570,en,en,Palestinian prisoners,104 Palestinian prisoners,FORWARD_ENTAILMENT
dico_phrasis_0001572__en-en__flipped,dico_phrasis_0001572,en,en,over settlements,over settlement plans,BACKWARD_ENTAILMENT
dico_phrasis_0001572__en-en__original,dico_phrasis_0001572,en,en,over settlement plans,over settlements,FORWARD_ENTAILMENT
dico_phrasis_0001574__en-en__flipped,dico_phrasis_0001574,en,en,Car bombing,2 car bombs,BACKWARD_ENTAILMENT
dico_phrasis_0001574__en-en__original,dico_phrasis_0001574,en,en,2 car bombs,Car bombing,FORWARD_ENTAILMENT
dico_phrasis_0001575__en-en__flipped,dico_phrasis_0001575,en,en,on strong earnings,Google and IBM Post Strong Earnings,BACKWARD_ENTAILMENT
dico_phrasis_0001575__en-en__original,dico_phrasis_0001575,en,en,Google and IBM Post Strong Earnings,on strong earnings,FORWARD_ENTAILMENT
dico_phrasis_0001578__en-en__flipped,dico_phrasis_0001578,en,en,in Benghazi,in Libya 's Benghazi,BACKWARD_ENTAILMENT
dico_phrasis_0001578__en-en__original,dico_phrasis_0001578,en,en,in Libya 's Benghazi,in Benghazi,FORWARD_ENTAILMENT
dico_phrasis_0001579__en-en__flipped,dico_phrasis_0001579,en,en,Swedish Consulate,at Swedish consulate,BACKWARD_ENTAILMENT
dico_phrasis_0001579__en-en__original,dico_phrasis_0001579,en,en,at Swedish consulate,Swedish Consulate,FORWARD_ENTAILMENT
dico_phrasis_0001581__en-en__flipped,dico_phrasis_0001581,en,en,fifth suspect,all five suspects,BACKWARD_ENTAILMENT
dico_phrasis_0001581__en-en__original,dico_phrasis_0001581,en,en,all five suspects,fifth suspect,FORWARD_ENTAILMENT
dico_phrasis_0001582__en-en__flipped,dico_phrasis_0001582,en,en,in gang-rape case,in Mumbai rape gang case,BACKWARD_ENTAILMENT
dico_phrasis_0001582__en-en__original,dico_phrasis_0001582,en,en,in Mumbai rape gang case,in gang-rape case,FORWARD_ENTAILMENT
dico_phrasis_0001585__en-en__flipped,dico_phrasis_0001585,en,en,Thai protesters,Thai political protests,BACKWARD_ENTAILMENT
dico_phrasis_0001585__en-en__original,dico_phrasis_0001585,en,en,Thai political protests,Thai protesters,FORWARD_ENTAILMENT
dico_phrasis_0001587__en-en__flipped,dico_phrasis_0001587,en,en,into pub,into Scottish pub,BACKWARD_ENTAILMENT
dico_phrasis_0001587__en-en__original,dico_phrasis_0001587,en,en,into Scottish pub,into pub,FORWARD_ENTAILMENT
dico_phrasis_0001588__en-en__flipped,dico_phrasis_0001588,en,en,250 militants,Militants,BACKWARD_ENTAILMENT
dico_phrasis_0001588__en-en__original,dico_phrasis_0001588,en,en,Militants,250 militants,FORWARD_ENTAILMENT
dico_phrasis_0001589__en-en__flipped,dico_phrasis_0001589,en,en,Mugabe,Defiant Mugabe,BACKWARD_ENTAILMENT
dico_phrasis_0001589__en-en__original,dico_phrasis_0001589,en,en,Defiant Mugabe,Mugabe,FORWARD_ENTAILMENT
dico_phrasis_0001596__en-en__flipped,dico_phrasis_0001596,en,en,in clashes,in bomb attacks,BACKWARD_ENTAILMENT
dico_phrasis_0001596__en-en__original,dico_phrasis_0001596,en,en,in bomb attacks,in clashes,FORWARD_ENTAILMENT
dico_phrasis_0001597__en-en__flipped,dico_phrasis_0001597,en,en,over crash,to helicopter crash,BACKWARD_ENTAILMENT
dico_phrasis_0001597__en-en__original,dico_phrasis_0001597,en,en,to helicopter crash,over crash,FORWARD_ENTAILMENT
dico_phrasis_0001598__en-en__flipped,dico_phrasis_0001598,en,en,clash,in Egypt clashes,BACKWARD_ENTAILMENT
dico_phrasis_0001598__en-en__original,dico_phrasis_0001598,en,en,in Egypt clashes,clash,FORWARD_ENTAILMENT
dico_phrasis_0001601__en-en__flipped,dico_phrasis_0001601,en,en,Peacekeeper,Seven peacekeepers,BACKWARD_ENTAILMENT
dico_phrasis_0001601__en-en__original,dico_phrasis_0001601,en,en,Seven peacekeepers,Peacekeeper,FORWARD_ENTAILMENT
dico_phrasis_0001602__en-en__flipped,dico_phrasis_0001602,en,en,White House,US Senators,BACKWARD_ENTAILMENT
dico_phrasis_0001602__en-en__original,dico_phrasis_0001602,en,en,US Senators,White House,FORWARD_ENTAILMENT
dico_phrasis_0001603__en-en__flipped,dico_phrasis_0001603,en,en,glaucoma risk,With Higher Glaucoma Risk,BACKWARD_ENTAILMENT
dico_phrasis_0001603__en-en__original,dico_phrasis_0001603,en,en,With Higher Glaucoma Risk,glaucoma risk,FORWARD_ENTAILMENT
dico_phrasis_0001604__en-en__flipped,dico_phrasis_0001604,en,en,Two blasts,Explosions,BACKWARD_ENTAILMENT
dico_phrasis_0001604__en-en__original,dico_phrasis_0001604,en,en,Explosions,Two blasts,FORWARD_ENTAILMENT
dico_phrasis_0001607__en-en__flipped,dico_phrasis_0001607,en,en,from Libyan jail,from Libya 's al-Kweifiya prison,BACKWARD_ENTAILMENT
dico_phrasis_0001607__en-en__original,dico_phrasis_0001607,en,en,from Libya 's al-Kweifiya prison,from Libyan jail,FORWARD_ENTAILMENT
dico_phrasis_0001608__en-en__flipped,dico_phrasis_0001608,en,en,1000 prisoners,"More than 1,000 inmates",BACKWARD_ENTAILMENT
dico_phrasis_0001608__en-en__original,dico_phrasis_0001608,en,en,"More than 1,000 inmates",1000 prisoners,FORWARD_ENTAILMENT
dico_phrasis_0001609__en-en__flipped,dico_phrasis_0001609,en,en,Thirty Dead,Thirty-Seven Dead,BACKWARD_ENTAILMENT
dico_phrasis_0001609__en-en__original,dico_phrasis_0001609,en,en,Thirty-Seven Dead,Thirty Dead,FORWARD_ENTAILMENT
dico_phrasis_0001610__en-en__flipped,dico_phrasis_0001610,en,en,In Italian Bus Plunge,In Italy Tour Bus Plunge,BACKWARD_ENTAILMENT
dico_phrasis_0001610__en-en__original,dico_phrasis_0001610,en,en,In Italy Tour Bus Plunge,In Italian Bus Plunge,FORWARD_ENTAILMENT
dico_phrasis_0001611__en-en__flipped,dico_phrasis_0001611,en,en,in months,within three months,BACKWARD_ENTAILMENT
dico_phrasis_0001611__en-en__original,dico_phrasis_0001611,en,en,within three months,in months,FORWARD_ENTAILMENT
dico_phrasis_0001613__en-en__flipped,dico_phrasis_0001613,en,en,in Spain crash,in Spanish train crash,BACKWARD_ENTAILMENT
dico_phrasis_0001613__en-en__original,dico_phrasis_0001613,en,en,in Spanish train crash,in Spain crash,FORWARD_ENTAILMENT
dico_phrasis_0001614__en-en__flipped,dico_phrasis_0001614,en,en,bail,conditional bail,BACKWARD_ENTAILMENT
dico_phrasis_0001614__en-en__original,dico_phrasis_0001614,en,en,conditional bail,bail,FORWARD_ENTAILMENT
dico_phrasis_0001615__en-en__flipped,dico_phrasis_0001615,en,en,stocks,US stocks,BACKWARD_ENTAILMENT
dico_phrasis_0001615__en-en__original,dico_phrasis_0001615,en,en,US stocks,stocks,FORWARD_ENTAILMENT
dico_phrasis_0001617__en-en__flipped,dico_phrasis_0001617,en,en,US Capitol,US Capitol Hill,BACKWARD_ENTAILMENT
dico_phrasis_0001617__en-en__original,dico_phrasis_0001617,en,en,US Capitol Hill,US Capitol,FORWARD_ENTAILMENT
dico_phrasis_0001619__en-en__flipped,dico_phrasis_0001619,en,en,Suicide bomber,in suicide bombings,BACKWARD_ENTAILMENT
dico_phrasis_0001619__en-en__original,dico_phrasis_0001619,en,en,in suicide bombings,Suicide bomber,FORWARD_ENTAILMENT
dico_phrasis_0001620__en-en__flipped,dico_phrasis_0001620,en,en,Cambodia opposition head,Cambodian opposition leader Sam Rainsy,BACKWARD_ENTAILMENT
dico_phrasis_0001620__en-en__original,dico_phrasis_0001620,en,en,Cambodian opposition leader Sam Rainsy,Cambodia opposition head,FORWARD_ENTAILMENT
dico_phrasis_0001621__en-en__flipped,dico_phrasis_0001621,en,en,in gang-rape protest,in India anti-rape protests,BACKWARD_ENTAILMENT
dico_phrasis_0001621__en-en__original,dico_phrasis_0001621,en,en,in India anti-rape protests,in gang-rape protest,FORWARD_ENTAILMENT
dico_phrasis_0001622__en-en__flipped,dico_phrasis_0001622,en,en,Internet service,"Internet , phone service",BACKWARD_ENTAILMENT
dico_phrasis_0001622__en-en__original,dico_phrasis_0001622,en,en,"Internet , phone service",Internet service,FORWARD_ENTAILMENT
dico_phrasis_0001624__en-en__flipped,dico_phrasis_0001624,en,en,to lure investors,to lure Gulf investors,BACKWARD_ENTAILMENT
dico_phrasis_0001624__en-en__original,dico_phrasis_0001624,en,en,to lure Gulf investors,to lure investors,FORWARD_ENTAILMENT
dico_phrasis_0001625__en-en__flipped,dico_phrasis_0001625,en,en,Miss America,Miss America 2013,BACKWARD_ENTAILMENT
dico_phrasis_0001625__en-en__original,dico_phrasis_0001625,en,en,Miss America 2013,Miss America,FORWARD_ENTAILMENT
dico_phrasis_0001627__en-en__flipped,dico_phrasis_0001627,en,en,Senate,US Senate,BACKWARD_ENTAILMENT
dico_phrasis_0001627__en-en__original,dico_phrasis_0001627,en,en,US Senate,Senate,FORWARD_ENTAILMENT
dico_phrasis_0001631__en-en__flipped,dico_phrasis_0001631,en,en,US-Russia Deal,after U.S.-Russia Deal,BACKWARD_ENTAILMENT
dico_phrasis_0001631__en-en__original,dico_phrasis_0001631,en,en,after U.S.-Russia Deal,US-Russia Deal,FORWARD_ENTAILMENT
dico_phrasis_0001632__en-en__flipped,dico_phrasis_0001632,en,en,on Syria,on Syria Weapons,BACKWARD_ENTAILMENT
dico_phrasis_0001632__en-en__original,dico_phrasis_0001632,en,en,on Syria Weapons,on Syria,FORWARD_ENTAILMENT
dico_phrasis_0001633__en-en__flipped,dico_phrasis_0001633,en,en,dead,Crushed to Death,BACKWARD_ENTAILMENT
dico_phrasis_0001633__en-en__original,dico_phrasis_0001633,en,en,Crushed to Death,dead,FORWARD_ENTAILMENT
dico_phrasis_0001634__en-en__flipped,dico_phrasis_0001634,en,en,against student,against student gunman,BACKWARD_ENTAILMENT
dico_phrasis_0001634__en-en__original,dico_phrasis_0001634,en,en,against student gunman,against student,FORWARD_ENTAILMENT
dico_phrasis_0001635__en-en__flipped,dico_phrasis_0001635,en,en,'s wheelchair,'s custom-made wheelchair,BACKWARD_ENTAILMENT
dico_phrasis_0001635__en-en__original,dico_phrasis_0001635,en,en,'s custom-made wheelchair,'s wheelchair,FORWARD_ENTAILMENT
dico_phrasis_0001636__en-en__flipped,dico_phrasis_0001636,en,en,Channel swimmer,English Channel swimmer,BACKWARD_ENTAILMENT
dico_phrasis_0001636__en-en__original,dico_phrasis_0001636,en,en,English Channel swimmer,Channel swimmer,FORWARD_ENTAILMENT
dico_phrasis_0001637__en-en__flipped,dico_phrasis_0001637,en,en,US,US and UK chemical arms claims,BACKWARD_ENTAILMENT
dico_phrasis_0001637__en-en__original,dico_phrasis_0001637,en,en,US and UK chemical arms claims,US,FORWARD_ENTAILMENT
dico_phrasis_0001639__en-en__flipped,dico_phrasis_0001639,en,en,Six dead,among 14 killed,BACKWARD_ENTAILMENT
dico_phrasis_0001639__en-en__original,dico_phrasis_0001639,en,en,among 14 killed,Six dead,FORWARD_ENTAILMENT
dico_phrasis_0001640__en-en__flipped,dico_phrasis_0001640,en,en,higher,0.4 % higher,BACKWARD_ENTAILMENT
dico_phrasis_0001640__en-en__original,dico_phrasis_0001640,en,en,0.4 % higher,higher,FORWARD_ENTAILMENT
dico_phrasis_0001641__en-en__flipped,dico_phrasis_0001641,en,en,Pakistani girl,Pakistani girls,BACKWARD_ENTAILMENT
dico_phrasis_0001641__en-en__original,dico_phrasis_0001641,en,en,Pakistani girls,Pakistani girl,FORWARD_ENTAILMENT
dico_phrasis_0001643__en-en__flipped,dico_phrasis_0001643,en,en,Oscar Pistorius,of Oscar Pistorius,BACKWARD_ENTAILMENT
dico_phrasis_0001643__en-en__original,dico_phrasis_0001643,en,en,of Oscar Pistorius,Oscar Pistorius,FORWARD_ENTAILMENT
dico_phrasis_0001646__en-en__flipped,dico_phrasis_0001646,en,en,in blast,in bomb blast,BACKWARD_ENTAILMENT
dico_phrasis_0001646__en-en__original,dico_phrasis_0001646,en,en,in bomb blast,in blast,FORWARD_ENTAILMENT
dico_phrasis_0001647__en-en__flipped,dico_phrasis_0001647,en,en,Syrian opposition,Syria opposition votes,BACKWARD_ENTAILMENT
dico_phrasis_0001647__en-en__original,dico_phrasis_0001647,en,en,Syria opposition votes,Syrian opposition,FORWARD_ENTAILMENT
dico_phrasis_0001648__en-en__flipped,dico_phrasis_0001648,en,en,Some Police,Every P.G. police,BACKWARD_ENTAILMENT
dico_phrasis_0001648__en-en__original,dico_phrasis_0001648,en,en,Every P.G. police,Some Police,FORWARD_ENTAILMENT
dico_phrasis_0001649__en-en__flipped,dico_phrasis_0001649,en,en,Palestinian prisoner,26 Palestinian prisoners,BACKWARD_ENTAILMENT
dico_phrasis_0001649__en-en__original,dico_phrasis_0001649,en,en,26 Palestinian prisoners,Palestinian prisoner,FORWARD_ENTAILMENT
dico_phrasis_0001650__en-en__flipped,dico_phrasis_0001650,en,en,Pistorius,` Blade Runner ' Pistorius,BACKWARD_ENTAILMENT
dico_phrasis_0001650__en-en__original,dico_phrasis_0001650,en,en,` Blade Runner ' Pistorius,Pistorius,FORWARD_ENTAILMENT
dico_phrasis_0001651__en-en__flipped,dico_phrasis_0001651,en,en,5 Taliban and 5 Afghan police,Afghan police 5 Taliban fighters,BACKWARD_ENTAILMENT
dico_phrasis_0001651__en-en__original,dico_phrasis_0001651,en,en,Afghan police 5 Taliban fighters,5 Taliban and 5 Afghan police,FORWARD_ENTAILMENT
dico_phrasis_0001652__en-en__flipped,dico_phrasis_0001652,en,en,Chemical Weapons,of Its Chemical Weapons Stockpile,BACKWARD_ENTAILMENT
dico_phrasis_0001652__en-en__original,dico_phrasis_0001652,en,en,of Its Chemical Weapons Stockpile,Chemical Weapons,FORWARD_ENTAILMENT
dico_phrasis_0001653__en-en__flipped,dico_phrasis_0001653,en,en,New Zealand same-sex marriage,to NZ same-sex marriage,BACKWARD_ENTAILMENT
dico_phrasis_0001653__en-en__original,dico_phrasis_0001653,en,en,to NZ same-sex marriage,New Zealand same-sex marriage,FORWARD_ENTAILMENT
dico_phrasis_0001655__en-en__flipped,dico_phrasis_0001655,en,en,in Pakistan,in northern Pakistan,BACKWARD_ENTAILMENT
dico_phrasis_0001655__en-en__original,dico_phrasis_0001655,en,en,in northern Pakistan,in Pakistan,FORWARD_ENTAILMENT
dico_phrasis_0001657__en-en__flipped,dico_phrasis_0001657,en,en,Plane,Asiana jet,BACKWARD_ENTAILMENT
dico_phrasis_0001657__en-en__original,dico_phrasis_0001657,en,en,Asiana jet,Plane,FORWARD_ENTAILMENT
dico_phrasis_0001660__en-en__flipped,dico_phrasis_0001660,en,en,US base,at US base,BACKWARD_ENTAILMENT
dico_phrasis_0001660__en-en__original,dico_phrasis_0001660,en,en,at US base,US base,FORWARD_ENTAILMENT
dico_phrasis_0001661__en-en__flipped,dico_phrasis_0001661,en,en,in Iraq bomb attack,in Iraq car bombings,BACKWARD_ENTAILMENT
dico_phrasis_0001661__en-en__original,dico_phrasis_0001661,en,en,in Iraq car bombings,in Iraq bomb attack,FORWARD_ENTAILMENT
dico_phrasis_0001664__en-en__flipped,dico_phrasis_0001664,en,en,gay marriage,on gay rights,BACKWARD_ENTAILMENT
dico_phrasis_0001664__en-en__original,dico_phrasis_0001664,en,en,on gay rights,gay marriage,FORWARD_ENTAILMENT
dico_phrasis_0001668__en-en__flipped,dico_phrasis_0001668,en,en,with terrorism,with terrorism offences,BACKWARD_ENTAILMENT
dico_phrasis_0001668__en-en__original,dico_phrasis_0001668,en,en,with terrorism offences,with terrorism,FORWARD_ENTAILMENT
dico_phrasis_0001670__en-en__flipped,dico_phrasis_0001670,en,en,political crisis,at political impasse,BACKWARD_ENTAILMENT
dico_phrasis_0001670__en-en__original,dico_phrasis_0001670,en,en,at political impasse,political crisis,FORWARD_ENTAILMENT
dico_phrasis_0001671__en-en__flipped,dico_phrasis_0001671,en,en,Taliban,38 Taliban militants,BACKWARD_ENTAILMENT
dico_phrasis_0001671__en-en__original,dico_phrasis_0001671,en,en,38 Taliban militants,Taliban,FORWARD_ENTAILMENT
dico_phrasis_0001672__en-en__flipped,dico_phrasis_0001672,en,en,Ukrainian officials,Ukrainian Prime Minister Azarov and entire government,BACKWARD_ENTAILMENT
dico_phrasis_0001672__en-en__original,dico_phrasis_0001672,en,en,Ukrainian Prime Minister Azarov and entire government,Ukrainian officials,FORWARD_ENTAILMENT
dico_phrasis_0001673__en-en__flipped,dico_phrasis_0001673,en,en,shutdown,of shutdown,BACKWARD_ENTAILMENT
dico_phrasis_0001673__en-en__original,dico_phrasis_0001673,en,en,of shutdown,shutdown,FORWARD_ENTAILMENT
dico_phrasis_0001674__en-en__flipped,dico_phrasis_0001674,en,en,Obama,Obama economic tour,BACKWARD_ENTAILMENT
dico_phrasis_0001674__en-en__original,dico_phrasis_0001674,en,en,Obama economic tour,Obama,FORWARD_ENTAILMENT
dico_phrasis_0001677__en-en__flipped,dico_phrasis_0001677,en,en,firewall Stonesoft,"Cloud-Based , Networked Firewall Specialist Stonesoft",BACKWARD_ENTAILMENT
dico_phrasis_0001677__en-en__original,dico_phrasis_0001677,en,en,"Cloud-Based , Networked Firewall Specialist Stonesoft",firewall Stonesoft,FORWARD_ENTAILMENT
dico_phrasis_0001678__en-en__flipped,dico_phrasis_0001678,en,en,McAfee,Intel 's McAfee,BACKWARD_ENTAILMENT
dico_phrasis_0001678__en-en__original,dico_phrasis_0001678,en,en,Intel 's McAfee,McAfee,FORWARD_ENTAILMENT
dico_phrasis_0001679__en-en__flipped,dico_phrasis_0001679,en,en,horsemeat scandal,as horse meat scandal,BACKWARD_ENTAILMENT
dico_phrasis_0001679__en-en__original,dico_phrasis_0001679,en,en,as horse meat scandal,horsemeat scandal,FORWARD_ENTAILMENT
dico_phrasis_0001680__en-en__flipped,dico_phrasis_0001680,en,en,near Australia 's Great Barrier Reef,at Great Barrier Reef,BACKWARD_ENTAILMENT
dico_phrasis_0001680__en-en__original,dico_phrasis_0001680,en,en,at Great Barrier Reef,near Australia 's Great Barrier Reef,FORWARD_ENTAILMENT
dico_phrasis_0001681__en-en__flipped,dico_phrasis_0001681,en,en,Former England great Tom Finney,Preston and England legend Tom Finney,BACKWARD_ENTAILMENT
dico_phrasis_0001681__en-en__original,dico_phrasis_0001681,en,en,Preston and England legend Tom Finney,Former England great Tom Finney,FORWARD_ENTAILMENT
dico_phrasis_0001683__en-en__flipped,dico_phrasis_0001683,en,en,at stadium,on Don Valley Stadium,BACKWARD_ENTAILMENT
dico_phrasis_0001683__en-en__original,dico_phrasis_0001683,en,en,on Don Valley Stadium,at stadium,FORWARD_ENTAILMENT
dico_phrasis_0001684__en-en__flipped,dico_phrasis_0001684,en,en,NATO soldier,Two NATO soldiers,BACKWARD_ENTAILMENT
dico_phrasis_0001684__en-en__original,dico_phrasis_0001684,en,en,Two NATO soldiers,NATO soldier,FORWARD_ENTAILMENT
dico_phrasis_0001686__en-en__flipped,dico_phrasis_0001686,en,en,borders,its borders,BACKWARD_ENTAILMENT
dico_phrasis_0001686__en-en__original,dico_phrasis_0001686,en,en,its borders,borders,FORWARD_ENTAILMENT
dico_phrasis_0001687__en-en__flipped,dico_phrasis_0001687,en,en,As Australia PM,as new Australian PM,BACKWARD_ENTAILMENT
dico_phrasis_0001687__en-en__original,dico_phrasis_0001687,en,en,as new Australian PM,As Australia PM,FORWARD_ENTAILMENT
dico_phrasis_0001688__en-en__flipped,dico_phrasis_0001688,en,en,Assembly,Venezuela assembly,BACKWARD_ENTAILMENT
dico_phrasis_0001688__en-en__original,dico_phrasis_0001688,en,en,Venezuela assembly,Assembly,FORWARD_ENTAILMENT
dico_phrasis_0001689__en-en__flipped,dico_phrasis_0001689,en,en,amid Chavez crisis,amid Chavez health crisis,BACKWARD_ENTAILMENT
dico_phrasis_0001689__en-en__original,dico_phrasis_0001689,en,en,amid Chavez health crisis,amid Chavez crisis,FORWARD_ENTAILMENT
dico_phrasis_0001692__en-en__flipped,dico_phrasis_0001692,en,en,Pakistan,in Pakistan,BACKWARD_ENTAILMENT
dico_phrasis_0001692__en-en__original,dico_phrasis_0001692,en,en,in Pakistan,Pakistan,FORWARD_ENTAILMENT
dico_phrasis_0001694__en-en__flipped,dico_phrasis_0001694,en,en,date,May 5 as date,BACKWARD_ENTAILMENT
dico_phrasis_0001694__en-en__original,dico_phrasis_0001694,en,en,May 5 as date,date,FORWARD_ENTAILMENT
dico_phrasis_0001695__en-en__flipped,dico_phrasis_0001695,en,en,From Canada Homes,from Calgary homes,BACKWARD_ENTAILMENT
dico_phrasis_0001695__en-en__original,dico_phrasis_0001695,en,en,from Calgary homes,From Canada Homes,FORWARD_ENTAILMENT
dico_phrasis_0001697__en-en__flipped,dico_phrasis_0001697,en,en,two Britons,Britons,BACKWARD_ENTAILMENT
dico_phrasis_0001697__en-en__original,dico_phrasis_0001697,en,en,Britons,two Britons,FORWARD_ENTAILMENT
dico_phrasis_0001699__en-en__flipped,dico_phrasis_0001699,en,en,Taliban commander,Pro-Pak Taliban warlord,BACKWARD_ENTAILMENT
dico_phrasis_0001699__en-en__original,dico_phrasis_0001699,en,en,Pro-Pak Taliban warlord,Taliban commander,FORWARD_ENTAILMENT
dico_phrasis_0001700__en-en__flipped,dico_phrasis_0001700,en,en,Egypt,in Egypt,BACKWARD_ENTAILMENT
dico_phrasis_0001700__en-en__original,dico_phrasis_0001700,en,en,in Egypt,Egypt,FORWARD_ENTAILMENT
dico_phrasis_0001701__en-en__flipped,dico_phrasis_0001701,en,en,Pakistan School Bus,on Pakistan school bus,BACKWARD_ENTAILMENT
dico_phrasis_0001701__en-en__original,dico_phrasis_0001701,en,en,on Pakistan school bus,Pakistan School Bus,FORWARD_ENTAILMENT
dico_phrasis_0001704__en-en__flipped,dico_phrasis_0001704,en,en,Mubarak,of Mubarak,BACKWARD_ENTAILMENT
dico_phrasis_0001704__en-en__original,dico_phrasis_0001704,en,en,of Mubarak,Mubarak,FORWARD_ENTAILMENT
dico_phrasis_0001705__en-en__flipped,dico_phrasis_0001705,en,en,insurance premium rise,higher car insurance premiums,BACKWARD_ENTAILMENT
dico_phrasis_0001705__en-en__original,dico_phrasis_0001705,en,en,higher car insurance premiums,insurance premium rise,FORWARD_ENTAILMENT
dico_phrasis_0001707__en-en__flipped,dico_phrasis_0001707,en,en,Suu Kyi,Myanmar 's Suu Kyi,BACKWARD_ENTAILMENT
dico_phrasis_0001707__en-en__original,dico_phrasis_0001707,en,en,Myanmar 's Suu Kyi,Suu Kyi,FORWARD_ENTAILMENT
dico_phrasis_0001708__en-en__flipped,dico_phrasis_0001708,en,en,automatic spending cuts,harm of automatic spending cuts,BACKWARD_ENTAILMENT
dico_phrasis_0001708__en-en__original,dico_phrasis_0001708,en,en,harm of automatic spending cuts,automatic spending cuts,FORWARD_ENTAILMENT
dico_phrasis_0001709__en-en__flipped,dico_phrasis_0001709,en,en,key town,key Mali town,BACKWARD_ENTAILMENT
dico_phrasis_0001709__en-en__original,dico_phrasis_0001709,en,en,key Mali town,key town,FORWARD_ENTAILMENT
dico_phrasis_0001711__en-en__flipped,dico_phrasis_0001711,en,en,in Miranshah,in Shawal Area,BACKWARD_ENTAILMENT
dico_phrasis_0001711__en-en__original,dico_phrasis_0001711,en,en,in Shawal Area,in Miranshah,FORWARD_ENTAILMENT
dico_phrasis_0001712__en-en__flipped,dico_phrasis_0001712,en,en,Ahmadinejad,Iran 's Ahmadinejad,BACKWARD_ENTAILMENT
dico_phrasis_0001712__en-en__original,dico_phrasis_0001712,en,en,Iran 's Ahmadinejad,Ahmadinejad,FORWARD_ENTAILMENT
dico_phrasis_0001713__en-en__flipped,dico_phrasis_0001713,en,en,Stock futures,US stock futures,BACKWARD_ENTAILMENT
dico_phrasis_0001713__en-en__original,dico_phrasis_0001713,en,en,US stock futures,Stock futures,FORWARD_ENTAILMENT
dico_phrasis_0001715__en-en__flipped,dico_phrasis_0001715,en,en,Hezbollah stronghold,in Hezbollah Stronghold,BACKWARD_ENTAILMENT
dico_phrasis_0001715__en-en__original,dico_phrasis_0001715,en,en,in Hezbollah Stronghold,Hezbollah stronghold,FORWARD_ENTAILMENT
dico_phrasis_0001716__en-en__flipped,dico_phrasis_0001716,en,en,Hundreds of French troops,French forces,BACKWARD_ENTAILMENT
dico_phrasis_0001716__en-en__original,dico_phrasis_0001716,en,en,French forces,Hundreds of French troops,FORWARD_ENTAILMENT
dico_phrasis_0001717__en-en__flipped,dico_phrasis_0001717,en,en,At least 13,At least 45,BACKWARD_ENTAILMENT
dico_phrasis_0001717__en-en__original,dico_phrasis_0001717,en,en,At least 45,At least 13,FORWARD_ENTAILMENT
dico_phrasis_0001718__en-en__flipped,dico_phrasis_0001718,en,en,Weatherman Fred Talbot,TV weatherman Fred Talbot,BACKWARD_ENTAILMENT
dico_phrasis_0001718__en-en__original,dico_phrasis_0001718,en,en,TV weatherman Fred Talbot,Weatherman Fred Talbot,FORWARD_ENTAILMENT
dico_phrasis_0001719__en-en__flipped,dico_phrasis_0001719,en,en,trapped,feared trapped,BACKWARD_ENTAILMENT
dico_phrasis_0001719__en-en__original,dico_phrasis_0001719,en,en,feared trapped,trapped,FORWARD_ENTAILMENT
dico_phrasis_0001720__en-en__flipped,dico_phrasis_0001720,en,en,in Egypt,in Cairo,BACKWARD_ENTAILMENT
dico_phrasis_0001720__en-en__original,dico_phrasis_0001720,en,en,in Cairo,in Egypt,FORWARD_ENTAILMENT
dico_phrasis_0001721__en-en__flipped,dico_phrasis_0001721,en,en,in Afghan,in Afghan ` insider attack ',BACKWARD_ENTAILMENT
dico_phrasis_0001721__en-en__original,dico_phrasis_0001721,en,en,in Afghan ` insider attack ',in Afghan,FORWARD_ENTAILMENT
dico_phrasis_0001722__en-en__flipped,dico_phrasis_0001722,en,en,Afghan president,Karzai,BACKWARD_ENTAILMENT
dico_phrasis_0001722__en-en__original,dico_phrasis_0001722,en,en,Karzai,Afghan president,FORWARD_ENTAILMENT
dico_phrasis_0001723__en-en__flipped,dico_phrasis_0001723,en,en,for Taliban talks,for Taliban peace talks,BACKWARD_ENTAILMENT
dico_phrasis_0001723__en-en__original,dico_phrasis_0001723,en,en,for Taliban peace talks,for Taliban talks,FORWARD_ENTAILMENT
dico_phrasis_0001724__en-en__flipped,dico_phrasis_0001724,en,en,In Crash,after car crash,BACKWARD_ENTAILMENT
dico_phrasis_0001724__en-en__original,dico_phrasis_0001724,en,en,after car crash,In Crash,FORWARD_ENTAILMENT
dico_phrasis_0001725__en-en__flipped,dico_phrasis_0001725,en,en,Mandela,of icon Nelson Mandela,BACKWARD_ENTAILMENT
dico_phrasis_0001725__en-en__original,dico_phrasis_0001725,en,en,of icon Nelson Mandela,Mandela,FORWARD_ENTAILMENT
dico_phrasis_0001728__en-en__flipped,dico_phrasis_0001728,en,en,N Korean ship,North Korean cargo,BACKWARD_ENTAILMENT
dico_phrasis_0001728__en-en__original,dico_phrasis_0001728,en,en,North Korean cargo,N Korean ship,FORWARD_ENTAILMENT
dico_phrasis_0001729__en-en__flipped,dico_phrasis_0001729,en,en,fiscal cliff,on fiscal cliff,BACKWARD_ENTAILMENT
dico_phrasis_0001729__en-en__original,dico_phrasis_0001729,en,en,on fiscal cliff,fiscal cliff,FORWARD_ENTAILMENT
dico_phrasis_0001730__en-en__flipped,dico_phrasis_0001730,en,en,Only two bombs,Bombs,BACKWARD_ENTAILMENT
dico_phrasis_0001730__en-en__original,dico_phrasis_0001730,en,en,Bombs,Only two bombs,FORWARD_ENTAILMENT
dico_phrasis_0001732__en-en__flipped,dico_phrasis_0001732,en,en,in Iraq,in northern Iraq,BACKWARD_ENTAILMENT
dico_phrasis_0001732__en-en__original,dico_phrasis_0001732,en,en,in northern Iraq,in Iraq,FORWARD_ENTAILMENT
dico_phrasis_0001733__en-en__flipped,dico_phrasis_0001733,en,en,Oklahoma City area,towards Oklahoma City,BACKWARD_ENTAILMENT
dico_phrasis_0001733__en-en__original,dico_phrasis_0001733,en,en,towards Oklahoma City,Oklahoma City area,FORWARD_ENTAILMENT
dico_phrasis_0001734__en-en__flipped,dico_phrasis_0001734,en,en,in Bangladesh factory,in Bangladesh factory fire,BACKWARD_ENTAILMENT
dico_phrasis_0001734__en-en__original,dico_phrasis_0001734,en,en,in Bangladesh factory fire,in Bangladesh factory,FORWARD_ENTAILMENT
dico_phrasis_0001735__en-en__flipped,dico_phrasis_0001735,en,en,in Pakistan,in southwest Pakistan,BACKWARD_ENTAILMENT
dico_phrasis_0001735__en-en__original,dico_phrasis_0001735,en,en,in southwest Pakistan,in Pakistan,FORWARD_ENTAILMENT
dico_phrasis_0001736__en-en__flipped,dico_phrasis_0001736,en,en,11 missing,40 missing,BACKWARD_ENTAILMENT
dico_phrasis_0001736__en-en__original,dico_phrasis_0001736,en,en,40 missing,11 missing,FORWARD_ENTAILMENT
dico_phrasis_0001737__en-en__flipped,dico_phrasis_0001737,en,en,At Least 47,At Least 66,BACKWARD_ENTAILMENT
dico_phrasis_0001737__en-en__original,dico_phrasis_0001737,en,en,At Least 66,At Least 47,FORWARD_ENTAILMENT
dico_phrasis_0001738__en-en__flipped,dico_phrasis_0001738,en,en,26 more Palestinian prisoners,Palestinian prisoners,BACKWARD_ENTAILMENT
dico_phrasis_0001738__en-en__original,dico_phrasis_0001738,en,en,Palestinian prisoners,26 more Palestinian prisoners,FORWARD_ENTAILMENT
dico_phrasis_0001740__en-en__flipped,dico_phrasis_0001740,en,en,in a green field,in a lush green field,BACKWARD_ENTAILMENT
dico_phrasis_0001740__en-en__original,dico_phrasis_0001740,en,en,in a lush green field,in a green field,FORWARD_ENTAILMENT
dico_phrasis_0001741__en-en__flipped,dico_phrasis_0001741,en,en,Cow,Black cow,BACKWARD_ENTAILMENT
dico_phrasis_0001741__en-en__original,dico_phrasis_0001741,en,en,Black cow,Cow,FORWARD_ENTAILMENT
dico_phrasis_0001745__en-en__flipped,dico_phrasis_0001745,en,en,A young girl,A young blonde girl,BACKWARD_ENTAILMENT
dico_phrasis_0001745__en-en__original,dico_phrasis_0001745,en,en,A young blonde girl,A young girl,FORWARD_ENTAILMENT
dico_phrasis_0001746__en-en__flipped,dico_phrasis_0001746,en,en,on the street,on a pedestrian sidewalk,BACKWARD_ENTAILMENT
dico_phrasis_0001746__en-en__original,dico_phrasis_0001746,en,en,on a pedestrian sidewalk,on the street,FORWARD_ENTAILMENT
dico_phrasis_0001747__en-en__flipped,dico_phrasis_0001747,en,en,Two women,One Asian and one occasion woman,BACKWARD_ENTAILMENT
dico_phrasis_0001747__en-en__original,dico_phrasis_0001747,en,en,One Asian and one occasion woman,Two women,FORWARD_ENTAILMENT
dico_phrasis_0001753__en-en__flipped,dico_phrasis_0001753,en,en,under a table,under a small table,BACKWARD_ENTAILMENT
dico_phrasis_0001753__en-en__original,dico_phrasis_0001753,en,en,under a small table,under a table,FORWARD_ENTAILMENT
dico_phrasis_0001754__en-en__flipped,dico_phrasis_0001754,en,en,Sail boat,A boat with four sails,BACKWARD_ENTAILMENT
dico_phrasis_0001754__en-en__original,dico_phrasis_0001754,en,en,A boat with four sails,Sail boat,FORWARD_ENTAILMENT
dico_phrasis_0001758__en-en__flipped,dico_phrasis_0001758,en,en,Man,A father,BACKWARD_ENTAILMENT
dico_phrasis_0001758__en-en__original,dico_phrasis_0001758,en,en,A father,Man,FORWARD_ENTAILMENT
dico_phrasis_0001759__en-en__flipped,dico_phrasis_0001759,en,en,a viking hat,with a viking hat,BACKWARD_ENTAILMENT
dico_phrasis_0001759__en-en__original,dico_phrasis_0001759,en,en,with a viking hat,a viking hat,FORWARD_ENTAILMENT
dico_phrasis_0001760__en-en__flipped,dico_phrasis_0001760,en,en,on the floor,underneath a chair,BACKWARD_ENTAILMENT
dico_phrasis_0001760__en-en__original,dico_phrasis_0001760,en,en,underneath a chair,on the floor,FORWARD_ENTAILMENT
dico_phrasis_0001761__en-en__flipped,dico_phrasis_0001761,en,en,A white cat,A small white cat,BACKWARD_ENTAILMENT
dico_phrasis_0001761__en-en__original,dico_phrasis_0001761,en,en,A small white cat,A white cat,FORWARD_ENTAILMENT
dico_phrasis_0001762__en-en__flipped,dico_phrasis_0001762,en,en,on branches,amongst the bare branches of a tree,BACKWARD_ENTAILMENT
dico_phrasis_0001762__en-en__original,dico_phrasis_0001762,en,en,amongst the bare branches of a tree,on branches,FORWARD_ENTAILMENT
dico_phrasis_0001763__en-en__flipped,dico_phrasis_0001763,en,en,in the pasture,in a green pasture,BACKWARD_ENTAILMENT
dico_phrasis_0001763__en-en__original,dico_phrasis_0001763,en,en,in a green pasture,in the pasture,FORWARD_ENTAILMENT
dico_phrasis_0001765__en-en__flipped,dico_phrasis_0001765,en,en,are,are rowing,BACKWARD_ENTAILMENT
dico_phrasis_0001765__en-en__original,dico_phrasis_0001765,en,en,are rowing,are,FORWARD_ENTAILMENT
dico_phrasis_0001766__en-en__flipped,dico_phrasis_0001766,en,en,A plane,Two airplanes,BACKWARD_ENTAILMENT
dico_phrasis_0001766__en-en__original,dico_phrasis_0001766,en,en,Two airplanes,A plane,FORWARD_ENTAILMENT
dico_phrasis_0001767__en-en__flipped,dico_phrasis_0001767,en,en,A black faced sheep,of black faced sheep,BACKWARD_ENTAILMENT
dico_phrasis_0001767__en-en__original,dico_phrasis_0001767,en,en,of black faced sheep,A black faced sheep,FORWARD_ENTAILMENT
dico_phrasis_0001770__en-en__flipped,dico_phrasis_0001770,en,en,flying,in mid-flight,BACKWARD_ENTAILMENT
dico_phrasis_0001770__en-en__original,dico_phrasis_0001770,en,en,in mid-flight,flying,FORWARD_ENTAILMENT
dico_phrasis_0001771__en-en__flipped,dico_phrasis_0001771,en,en,Five cows,Cows,BACKWARD_ENTAILMENT
dico_phrasis_0001771__en-en__original,dico_phrasis_0001771,en,en,Cows,Five cows,FORWARD_ENTAILMENT
dico_phrasis_0001774__en-en__flipped,dico_phrasis_0001774,en,en,with four computer monitors,with several computer monitors,BACKWARD_ENTAILMENT
dico_phrasis_0001774__en-en__original,dico_phrasis_0001774,en,en,with several computer monitors,with four computer monitors,FORWARD_ENTAILMENT
dico_phrasis_0001775__en-en__flipped,dico_phrasis_0001775,en,en,with stickers,with many stickers,BACKWARD_ENTAILMENT
dico_phrasis_0001775__en-en__original,dico_phrasis_0001775,en,en,with many stickers,with stickers,FORWARD_ENTAILMENT
dico_phrasis_0001776__en-en__flipped,dico_phrasis_0001776,en,en,of a sign,of a stop sign,BACKWARD_ENTAILMENT
dico_phrasis_0001776__en-en__original,dico_phrasis_0001776,en,en,of a stop sign,of a sign,FORWARD_ENTAILMENT
dico_phrasis_0001777__en-en__flipped,dico_phrasis_0001777,en,en,Living room,Living room or den,BACKWARD_ENTAILMENT
dico_phrasis_0001777__en-en__original,dico_phrasis_0001777,en,en,Living room or den,Living room,FORWARD_ENTAILMENT
dico_phrasis_0001779__en-en__flipped,dico_phrasis_0001779,en,en,the street,an England street,BACKWARD_ENTAILMENT
dico_phrasis_0001779__en-en__original,dico_phrasis_0001779,en,en,an England street,the street,FORWARD_ENTAILMENT
dico_phrasis_0001780__en-en__flipped,dico_phrasis_0001780,en,en,with wooden cabinets and furniture,with wood cabinets and dining table,BACKWARD_ENTAILMENT
dico_phrasis_0001780__en-en__original,dico_phrasis_0001780,en,en,with wood cabinets and dining table,with wooden cabinets and furniture,FORWARD_ENTAILMENT
dico_phrasis_0001782__en-en__flipped,dico_phrasis_0001782,en,en,on a branch,on an icy branch,BACKWARD_ENTAILMENT
dico_phrasis_0001782__en-en__original,dico_phrasis_0001782,en,en,on an icy branch,on a branch,FORWARD_ENTAILMENT
dico_phrasis_0001783__en-en__flipped,dico_phrasis_0001783,en,en,a yellow canoe,in yellow canoe,BACKWARD_ENTAILMENT
dico_phrasis_0001783__en-en__original,dico_phrasis_0001783,en,en,in yellow canoe,a yellow canoe,FORWARD_ENTAILMENT
dico_phrasis_0001784__en-en__flipped,dico_phrasis_0001784,en,en,A doubly decker red bus,A double decker red United bus,BACKWARD_ENTAILMENT
dico_phrasis_0001784__en-en__original,dico_phrasis_0001784,en,en,A double decker red United bus,A doubly decker red bus,FORWARD_ENTAILMENT
dico_phrasis_0001785__en-en__flipped,dico_phrasis_0001785,en,en,Two people,Group of people,BACKWARD_ENTAILMENT
dico_phrasis_0001785__en-en__original,dico_phrasis_0001785,en,en,Group of people,Two people,FORWARD_ENTAILMENT
dico_phrasis_0001786__en-en__flipped,dico_phrasis_0001786,en,en,Two cows,Two dairy cows,BACKWARD_ENTAILMENT
dico_phrasis_0001786__en-en__original,dico_phrasis_0001786,en,en,Two dairy cows,Two cows,FORWARD_ENTAILMENT
dico_phrasis_0001787__en-en__flipped,dico_phrasis_0001787,en,en,The silver train,Large silver locomotive engine,BACKWARD_ENTAILMENT
dico_phrasis_0001787__en-en__original,dico_phrasis_0001787,en,en,Large silver locomotive engine,The silver train,FORWARD_ENTAILMENT
dico_phrasis_0001788__en-en__flipped,dico_phrasis_0001788,en,en,in front of building,in front of an apartment building,BACKWARD_ENTAILMENT
dico_phrasis_0001788__en-en__original,dico_phrasis_0001788,en,en,in front of an apartment building,in front of building,FORWARD_ENTAILMENT
dico_phrasis_0001789__en-en__flipped,dico_phrasis_0001789,en,en,Large cruise ship,Large white cruise ship,BACKWARD_ENTAILMENT
dico_phrasis_0001789__en-en__original,dico_phrasis_0001789,en,en,Large white cruise ship,Large cruise ship,FORWARD_ENTAILMENT
dico_phrasis_0001790__en-en__flipped,dico_phrasis_0001790,en,en,A bird,A blue bird,BACKWARD_ENTAILMENT
dico_phrasis_0001790__en-en__original,dico_phrasis_0001790,en,en,A blue bird,A bird,FORWARD_ENTAILMENT
dico_phrasis_0001791__en-en__flipped,dico_phrasis_0001791,en,en,'s gloved hand,on the gloved hand,BACKWARD_ENTAILMENT
dico_phrasis_0001791__en-en__original,dico_phrasis_0001791,en,en,on the gloved hand,'s gloved hand,FORWARD_ENTAILMENT
dico_phrasis_0001792__en-en__flipped,dico_phrasis_0001792,en,en,a brown horse,a brown and white horse,BACKWARD_ENTAILMENT
dico_phrasis_0001792__en-en__original,dico_phrasis_0001792,en,en,a brown and white horse,a brown horse,FORWARD_ENTAILMENT
dico_phrasis_0001793__en-en__flipped,dico_phrasis_0001793,en,en,A black dog,A black and tan dog,BACKWARD_ENTAILMENT
dico_phrasis_0001793__en-en__original,dico_phrasis_0001793,en,en,A black and tan dog,A black dog,FORWARD_ENTAILMENT
dico_phrasis_0001795__en-en__flipped,dico_phrasis_0001795,en,en,at a table,at a long table,BACKWARD_ENTAILMENT
dico_phrasis_0001795__en-en__original,dico_phrasis_0001795,en,en,at a long table,at a table,FORWARD_ENTAILMENT
dico_phrasis_0001796__en-en__flipped,dico_phrasis_0001796,en,en,of a horse,of a brown horse,BACKWARD_ENTAILMENT
dico_phrasis_0001796__en-en__original,dico_phrasis_0001796,en,en,of a brown horse,of a horse,FORWARD_ENTAILMENT
dico_phrasis_0001797__en-en__flipped,dico_phrasis_0001797,en,en,the track,on his tracks,BACKWARD_ENTAILMENT
dico_phrasis_0001797__en-en__original,dico_phrasis_0001797,en,en,on his tracks,the track,FORWARD_ENTAILMENT
dico_phrasis_0001798__en-en__flipped,dico_phrasis_0001798,en,en,A double decker bus,A double decker red United bus,BACKWARD_ENTAILMENT
dico_phrasis_0001798__en-en__original,dico_phrasis_0001798,en,en,A double decker red United bus,A double decker bus,FORWARD_ENTAILMENT
dico_phrasis_0001799__en-en__flipped,dico_phrasis_0001799,en,en,A woman,A young girl,BACKWARD_ENTAILMENT
dico_phrasis_0001799__en-en__original,dico_phrasis_0001799,en,en,A young girl,A woman,FORWARD_ENTAILMENT
dico_phrasis_0001803__en-en__flipped,dico_phrasis_0001803,en,en,in a blue dress,in blue shift dress,BACKWARD_ENTAILMENT
dico_phrasis_0001803__en-en__original,dico_phrasis_0001803,en,en,in blue shift dress,in a blue dress,FORWARD_ENTAILMENT
dico_phrasis_0001804__en-en__flipped,dico_phrasis_0001804,en,en,A couple,Two brunette girls,BACKWARD_ENTAILMENT
dico_phrasis_0001804__en-en__original,dico_phrasis_0001804,en,en,Two brunette girls,A couple,FORWARD_ENTAILMENT
dico_phrasis_0001805__en-en__flipped,dico_phrasis_0001805,en,en,of a tandem bicycle,of a red tandem bicycle,BACKWARD_ENTAILMENT
dico_phrasis_0001805__en-en__original,dico_phrasis_0001805,en,en,of a red tandem bicycle,of a tandem bicycle,FORWARD_ENTAILMENT
dico_phrasis_0001806__en-en__flipped,dico_phrasis_0001806,en,en,on the back,on the back seat,BACKWARD_ENTAILMENT
dico_phrasis_0001806__en-en__original,dico_phrasis_0001806,en,en,on the back seat,on the back,FORWARD_ENTAILMENT
dico_phrasis_0001807__en-en__flipped,dico_phrasis_0001807,en,en,with bright green walls,with bright green walls and artwork,BACKWARD_ENTAILMENT
dico_phrasis_0001807__en-en__original,dico_phrasis_0001807,en,en,with bright green walls and artwork,with bright green walls,FORWARD_ENTAILMENT
dico_phrasis_0001808__en-en__flipped,dico_phrasis_0001808,en,en,with a blue table cloth,on the blue clothed dining table,BACKWARD_ENTAILMENT
dico_phrasis_0001808__en-en__original,dico_phrasis_0001808,en,en,on the blue clothed dining table,with a blue table cloth,FORWARD_ENTAILMENT
dico_phrasis_0001809__en-en__flipped,dico_phrasis_0001809,en,en,The cat,A gray cat,BACKWARD_ENTAILMENT
dico_phrasis_0001809__en-en__original,dico_phrasis_0001809,en,en,A gray cat,The cat,FORWARD_ENTAILMENT
dico_phrasis_0001810__en-en__flipped,dico_phrasis_0001810,en,en,A sheep,The white sheep,BACKWARD_ENTAILMENT
dico_phrasis_0001810__en-en__original,dico_phrasis_0001810,en,en,The white sheep,A sheep,FORWARD_ENTAILMENT
dico_phrasis_0001811__en-en__flipped,dico_phrasis_0001811,en,en,A living room,of a living room,BACKWARD_ENTAILMENT
dico_phrasis_0001811__en-en__original,dico_phrasis_0001811,en,en,of a living room,A living room,FORWARD_ENTAILMENT
dico_phrasis_0001812__en-en__flipped,dico_phrasis_0001812,en,en,a helmet,a bike helmet,BACKWARD_ENTAILMENT
dico_phrasis_0001812__en-en__original,dico_phrasis_0001812,en,en,a bike helmet,a helmet,FORWARD_ENTAILMENT
dico_phrasis_0001813__en-en__flipped,dico_phrasis_0001813,en,en,on a horse,on top of horse,BACKWARD_ENTAILMENT
dico_phrasis_0001813__en-en__original,dico_phrasis_0001813,en,en,on top of horse,on a horse,FORWARD_ENTAILMENT
dico_phrasis_0001814__en-en__flipped,dico_phrasis_0001814,en,en,Motorcyclist,A man on a motorcycle,BACKWARD_ENTAILMENT
dico_phrasis_0001814__en-en__original,dico_phrasis_0001814,en,en,A man on a motorcycle,Motorcyclist,FORWARD_ENTAILMENT
dico_phrasis_0001815__en-en__flipped,dico_phrasis_0001815,en,en,A white lamb,Little white lamb,BACKWARD_ENTAILMENT
dico_phrasis_0001815__en-en__original,dico_phrasis_0001815,en,en,Little white lamb,A white lamb,FORWARD_ENTAILMENT
dico_phrasis_0001816__en-en__flipped,dico_phrasis_0001816,en,en,The woman,Young woman,BACKWARD_ENTAILMENT
dico_phrasis_0001816__en-en__original,dico_phrasis_0001816,en,en,Young woman,The woman,FORWARD_ENTAILMENT
dico_phrasis_0001819__en-en__flipped,dico_phrasis_0001819,en,en,A young girl,A young blonde girl,BACKWARD_ENTAILMENT
dico_phrasis_0001819__en-en__original,dico_phrasis_0001819,en,en,A young blonde girl,A young girl,FORWARD_ENTAILMENT
dico_phrasis_0001820__en-en__flipped,dico_phrasis_0001820,en,en,Bird,A small bird,BACKWARD_ENTAILMENT
dico_phrasis_0001820__en-en__original,dico_phrasis_0001820,en,en,A small bird,Bird,FORWARD_ENTAILMENT
dico_phrasis_0001821__en-en__flipped,dico_phrasis_0001821,en,en,Brown horse,Two brown horses,BACKWARD_ENTAILMENT
dico_phrasis_0001821__en-en__original,dico_phrasis_0001821,en,en,Two brown horses,Brown horse,FORWARD_ENTAILMENT
dico_phrasis_0001823__en-en__flipped,dico_phrasis_0001823,en,en,with items,with bowls,BACKWARD_ENTAILMENT
dico_phrasis_0001823__en-en__original,dico_phrasis_0001823,en,en,with bowls,with items,FORWARD_ENTAILMENT
dico_phrasis_0001824__en-en__flipped,dico_phrasis_0001824,en,en,a white horse,with a white horse,BACKWARD_ENTAILMENT
dico_phrasis_0001824__en-en__original,dico_phrasis_0001824,en,en,with a white horse,a white horse,FORWARD_ENTAILMENT
dico_phrasis_0001825__en-en__flipped,dico_phrasis_0001825,en,en,A man,Older gentleman,BACKWARD_ENTAILMENT
dico_phrasis_0001825__en-en__original,dico_phrasis_0001825,en,en,Older gentleman,A man,FORWARD_ENTAILMENT
dico_phrasis_0001826__en-en__flipped,dico_phrasis_0001826,en,en,a small airplane,near a small plane,BACKWARD_ENTAILMENT
dico_phrasis_0001826__en-en__original,dico_phrasis_0001826,en,en,near a small plane,a small airplane,FORWARD_ENTAILMENT
dico_phrasis_0001827__en-en__flipped,dico_phrasis_0001827,en,en,'s gloved hand,on a gloved hand,BACKWARD_ENTAILMENT
dico_phrasis_0001827__en-en__original,dico_phrasis_0001827,en,en,on a gloved hand,'s gloved hand,FORWARD_ENTAILMENT
dico_phrasis_0001829__en-en__flipped,dico_phrasis_0001829,en,en,A blue moped,A blue scooter,BACKWARD_ENTAILMENT
dico_phrasis_0001829__en-en__original,dico_phrasis_0001829,en,en,A blue scooter,A blue moped,FORWARD_ENTAILMENT
dico_phrasis_0001831__en-en__flipped,dico_phrasis_0001831,en,en,A person,A woman,BACKWARD_ENTAILMENT
dico_phrasis_0001831__en-en__original,dico_phrasis_0001831,en,en,A woman,A person,FORWARD_ENTAILMENT
dico_phrasis_0001832__en-en__flipped,dico_phrasis_0001832,en,en,A woman,Two women,BACKWARD_ENTAILMENT
dico_phrasis_0001832__en-en__original,dico_phrasis_0001832,en,en,Two women,A woman,FORWARD_ENTAILMENT
dico_phrasis_0001833__en-en__flipped,dico_phrasis_0001833,en,en,The train,Two trains,BACKWARD_ENTAILMENT
dico_phrasis_0001833__en-en__original,dico_phrasis_0001833,en,en,Two trains,The train,FORWARD_ENTAILMENT
dico_phrasis_0001835__en-en__flipped,dico_phrasis_0001835,en,en,around a table,at a restaurant table,BACKWARD_ENTAILMENT
dico_phrasis_0001835__en-en__original,dico_phrasis_0001835,en,en,at a restaurant table,around a table,FORWARD_ENTAILMENT
dico_phrasis_0001837__en-en__flipped,dico_phrasis_0001837,en,en,A brown horse,Two brown horses,BACKWARD_ENTAILMENT
dico_phrasis_0001837__en-en__original,dico_phrasis_0001837,en,en,Two brown horses,A brown horse,FORWARD_ENTAILMENT
dico_phrasis_0001838__en-en__flipped,dico_phrasis_0001838,en,en,Five birds,A red bird and four other birds,BACKWARD_ENTAILMENT
dico_phrasis_0001838__en-en__original,dico_phrasis_0001838,en,en,A red bird and four other birds,Five birds,FORWARD_ENTAILMENT
dico_phrasis_0001839__en-en__flipped,dico_phrasis_0001839,en,en,is laying,sleeping,BACKWARD_ENTAILMENT
dico_phrasis_0001839__en-en__original,dico_phrasis_0001839,en,en,sleeping,is laying,FORWARD_ENTAILMENT
dico_phrasis_0001840__en-en__flipped,dico_phrasis_0001840,en,en,Person,A woman,BACKWARD_ENTAILMENT
dico_phrasis_0001840__en-en__original,dico_phrasis_0001840,en,en,A woman,Person,FORWARD_ENTAILMENT
dico_phrasis_0001842__en-en__flipped,dico_phrasis_0001842,en,en,mopeds,on motorcycles,BACKWARD_ENTAILMENT
dico_phrasis_0001842__en-en__original,dico_phrasis_0001842,en,en,on motorcycles,mopeds,FORWARD_ENTAILMENT
dico_phrasis_0001843__en-en__flipped,dico_phrasis_0001843,en,en,street,in a street,BACKWARD_ENTAILMENT
dico_phrasis_0001843__en-en__original,dico_phrasis_0001843,en,en,in a street,street,FORWARD_ENTAILMENT
dico_phrasis_0001844__en-en__flipped,dico_phrasis_0001844,en,en,at table,at a dinner table,BACKWARD_ENTAILMENT
dico_phrasis_0001844__en-en__original,dico_phrasis_0001844,en,en,at a dinner table,at table,FORWARD_ENTAILMENT
dico_phrasis_0001845__en-en__flipped,dico_phrasis_0001845,en,en,with something,on her notebook,BACKWARD_ENTAILMENT
dico_phrasis_0001845__en-en__original,dico_phrasis_0001845,en,en,on her notebook,with something,FORWARD_ENTAILMENT
dico_phrasis_0001849__en-en__flipped,dico_phrasis_0001849,en,en,A double decker bus,A red double decker bus,BACKWARD_ENTAILMENT
dico_phrasis_0001849__en-en__original,dico_phrasis_0001849,en,en,A red double decker bus,A double decker bus,FORWARD_ENTAILMENT
dico_phrasis_0001850__en-en__flipped,dico_phrasis_0001850,en,en,sitting,are sitting down,BACKWARD_ENTAILMENT
dico_phrasis_0001850__en-en__original,dico_phrasis_0001850,en,en,are sitting down,sitting,FORWARD_ENTAILMENT
dico_phrasis_0001851__en-en__flipped,dico_phrasis_0001851,en,en,Room,A home office,BACKWARD_ENTAILMENT
dico_phrasis_0001851__en-en__original,dico_phrasis_0001851,en,en,A home office,Room,FORWARD_ENTAILMENT
dico_phrasis_0001852__en-en__flipped,dico_phrasis_0001852,en,en,A little bird,The seagull,BACKWARD_ENTAILMENT
dico_phrasis_0001852__en-en__original,dico_phrasis_0001852,en,en,The seagull,A little bird,FORWARD_ENTAILMENT
dico_phrasis_0001853__en-en__flipped,dico_phrasis_0001853,en,en,in front of a building,in front of an apartment building,BACKWARD_ENTAILMENT
dico_phrasis_0001853__en-en__original,dico_phrasis_0001853,en,en,in front of an apartment building,in front of a building,FORWARD_ENTAILMENT
dico_phrasis_0001854__en-en__flipped,dico_phrasis_0001854,en,en,A black cow and a brown cow,The black and white cows,BACKWARD_ENTAILMENT
dico_phrasis_0001854__en-en__original,dico_phrasis_0001854,en,en,The black and white cows,A black cow and a brown cow,FORWARD_ENTAILMENT
dico_phrasis_0001855__en-en__flipped,dico_phrasis_0001855,en,en,A close-up picture,"A close-up , distorted photo",BACKWARD_ENTAILMENT
dico_phrasis_0001855__en-en__original,dico_phrasis_0001855,en,en,"A close-up , distorted photo",A close-up picture,FORWARD_ENTAILMENT
dico_phrasis_0001859__en-en__flipped,dico_phrasis_0001859,en,en,in room,in a living room,BACKWARD_ENTAILMENT
dico_phrasis_0001859__en-en__original,dico_phrasis_0001859,en,en,in a living room,in room,FORWARD_ENTAILMENT
dico_phrasis_0001860__en-en__flipped,dico_phrasis_0001860,en,en,of people,of black people,BACKWARD_ENTAILMENT
dico_phrasis_0001860__en-en__original,dico_phrasis_0001860,en,en,of black people,of people,FORWARD_ENTAILMENT
dico_phrasis_0001861__en-en__flipped,dico_phrasis_0001861,en,en,The white dog,A small white dog,BACKWARD_ENTAILMENT
dico_phrasis_0001861__en-en__original,dico_phrasis_0001861,en,en,A small white dog,The white dog,FORWARD_ENTAILMENT
dico_phrasis_0001863__en-en__flipped,dico_phrasis_0001863,en,en,in front of a fountain,in front of a large fountain,BACKWARD_ENTAILMENT
dico_phrasis_0001863__en-en__original,dico_phrasis_0001863,en,en,in front of a large fountain,in front of a fountain,FORWARD_ENTAILMENT
dico_phrasis_0001864__en-en__flipped,dico_phrasis_0001864,en,en,of a cat,of a gray cat,BACKWARD_ENTAILMENT
dico_phrasis_0001864__en-en__original,dico_phrasis_0001864,en,en,of a gray cat,of a cat,FORWARD_ENTAILMENT
dico_phrasis_0001865__en-en__flipped,dico_phrasis_0001865,en,en,Two black and white cows,Black and white cows,BACKWARD_ENTAILMENT
dico_phrasis_0001865__en-en__original,dico_phrasis_0001865,en,en,Black and white cows,Two black and white cows,FORWARD_ENTAILMENT
dico_phrasis_0001866__en-en__flipped,dico_phrasis_0001866,en,en,through a snow covered wood,through snow covered woods,BACKWARD_ENTAILMENT
dico_phrasis_0001866__en-en__original,dico_phrasis_0001866,en,en,through snow covered woods,through a snow covered wood,FORWARD_ENTAILMENT
dico_phrasis_0001867__en-en__flipped,dico_phrasis_0001867,en,en,A flat screen TV,"A black , flat screen television",BACKWARD_ENTAILMENT
dico_phrasis_0001867__en-en__original,dico_phrasis_0001867,en,en,"A black , flat screen television",A flat screen TV,FORWARD_ENTAILMENT
dico_phrasis_0001869__en-en__flipped,dico_phrasis_0001869,en,en,Two women,Elderly woman around younger woman,BACKWARD_ENTAILMENT
dico_phrasis_0001869__en-en__original,dico_phrasis_0001869,en,en,Elderly woman around younger woman,Two women,FORWARD_ENTAILMENT
dico_phrasis_0001873__en-en__flipped,dico_phrasis_0001873,en,en,A bus,Red and white bus,BACKWARD_ENTAILMENT
dico_phrasis_0001873__en-en__original,dico_phrasis_0001873,en,en,Red and white bus,A bus,FORWARD_ENTAILMENT
dico_phrasis_0001874__en-en__flipped,dico_phrasis_0001874,en,en,A passenger train,An Amtrak passenger train,BACKWARD_ENTAILMENT
dico_phrasis_0001874__en-en__original,dico_phrasis_0001874,en,en,An Amtrak passenger train,A passenger train,FORWARD_ENTAILMENT
dico_phrasis_0001876__en-en__flipped,dico_phrasis_0001876,en,en,Two trains,The red train and the yellow train,BACKWARD_ENTAILMENT
dico_phrasis_0001876__en-en__original,dico_phrasis_0001876,en,en,The red train and the yellow train,Two trains,FORWARD_ENTAILMENT
dico_phrasis_0001877__en-en__flipped,dico_phrasis_0001877,en,en,four people,Group of people,BACKWARD_ENTAILMENT
dico_phrasis_0001877__en-en__original,dico_phrasis_0001877,en,en,Group of people,four people,FORWARD_ENTAILMENT
dico_phrasis_0001878__en-en__flipped,dico_phrasis_0001878,en,en,on the sofa,on blue sofa,BACKWARD_ENTAILMENT
dico_phrasis_0001878__en-en__original,dico_phrasis_0001878,en,en,on blue sofa,on the sofa,FORWARD_ENTAILMENT
dico_phrasis_0001879__en-en__flipped,dico_phrasis_0001879,en,en,A motorcycle,A silver and blue motorcycle,BACKWARD_ENTAILMENT
dico_phrasis_0001879__en-en__original,dico_phrasis_0001879,en,en,A silver and blue motorcycle,A motorcycle,FORWARD_ENTAILMENT
dico_phrasis_0001881__en-en__flipped,dico_phrasis_0001881,en,en,a white horse,a white show horse,BACKWARD_ENTAILMENT
dico_phrasis_0001881__en-en__original,dico_phrasis_0001881,en,en,a white show horse,a white horse,FORWARD_ENTAILMENT
dico_phrasis_0001885__en-en__flipped,dico_phrasis_0001885,en,en,in the field,in a grassy field,BACKWARD_ENTAILMENT
dico_phrasis_0001885__en-en__original,dico_phrasis_0001885,en,en,in a grassy field,in the field,FORWARD_ENTAILMENT
dico_phrasis_0001888__en-en__flipped,dico_phrasis_0001888,en,en,A cat,Two cats,BACKWARD_ENTAILMENT
dico_phrasis_0001888__en-en__original,dico_phrasis_0001888,en,en,Two cats,A cat,FORWARD_ENTAILMENT
dico_phrasis_0001890__en-en__flipped,dico_phrasis_0001890,en,en,next to a yellow sports car,in front of yellow corvette,BACKWARD_ENTAILMENT
dico_phrasis_0001890__en-en__original,dico_phrasis_0001890,en,en,in front of yellow corvette,next to a yellow sports car,FORWARD_ENTAILMENT
dico_phrasis_0001893__en-en__flipped,dico_phrasis_0001893,en,en,A black and white image,a black and white photo,BACKWARD_ENTAILMENT
dico_phrasis_0001893__en-en__original,dico_phrasis_0001893,en,en,a black and white photo,A black and white image,FORWARD_ENTAILMENT
dico_phrasis_0001894__en-en__flipped,dico_phrasis_0001894,en,en,A woman,A young woman,BACKWARD_ENTAILMENT
dico_phrasis_0001894__en-en__original,dico_phrasis_0001894,en,en,A young woman,A woman,FORWARD_ENTAILMENT
dico_phrasis_0001895__en-en__flipped,dico_phrasis_0001895,en,en,on a mountain,on a snowy mountain,BACKWARD_ENTAILMENT
dico_phrasis_0001895__en-en__original,dico_phrasis_0001895,en,en,on a snowy mountain,on a mountain,FORWARD_ENTAILMENT
dico_phrasis_0001896__en-en__flipped,dico_phrasis_0001896,en,en,at a coast,at a port,BACKWARD_ENTAILMENT
dico_phrasis_0001896__en-en__original,dico_phrasis_0001896,en,en,at a port,at a coast,FORWARD_ENTAILMENT
dico_phrasis_0001897__en-en__flipped,dico_phrasis_0001897,en,en,a mountain bike,on a mountain bike,BACKWARD_ENTAILMENT
dico_phrasis_0001897__en-en__original,dico_phrasis_0001897,en,en,on a mountain bike,a mountain bike,FORWARD_ENTAILMENT
dico_phrasis_0001898__en-en__flipped,dico_phrasis_0001898,en,en,a woman,A smiling woman,BACKWARD_ENTAILMENT
dico_phrasis_0001898__en-en__original,dico_phrasis_0001898,en,en,A smiling woman,a woman,FORWARD_ENTAILMENT
dico_phrasis_0001899__en-en__flipped,dico_phrasis_0001899,en,en,Two people,Two boys,BACKWARD_ENTAILMENT
dico_phrasis_0001899__en-en__original,dico_phrasis_0001899,en,en,Two boys,Two people,FORWARD_ENTAILMENT
dico_phrasis_0001901__en-en__flipped,dico_phrasis_0001901,en,en,sitting,while sitting,BACKWARD_ENTAILMENT
dico_phrasis_0001901__en-en__original,dico_phrasis_0001901,en,en,while sitting,sitting,FORWARD_ENTAILMENT
dico_phrasis_0001902__en-en__flipped,dico_phrasis_0001902,en,en,a white horse,on a white horse,BACKWARD_ENTAILMENT
dico_phrasis_0001902__en-en__original,dico_phrasis_0001902,en,en,on a white horse,a white horse,FORWARD_ENTAILMENT
dico_phrasis_0001903__en-en__flipped,dico_phrasis_0001903,en,en,An office,Home office space,BACKWARD_ENTAILMENT
dico_phrasis_0001903__en-en__original,dico_phrasis_0001903,en,en,Home office space,An office,FORWARD_ENTAILMENT
dico_phrasis_0001907__en-en__flipped,dico_phrasis_0001907,en,en,moving,going down,BACKWARD_ENTAILMENT
dico_phrasis_0001907__en-en__original,dico_phrasis_0001907,en,en,going down,moving,FORWARD_ENTAILMENT
dico_phrasis_0001909__en-en__flipped,dico_phrasis_0001909,en,en,in a field,in grassy field,BACKWARD_ENTAILMENT
dico_phrasis_0001909__en-en__original,dico_phrasis_0001909,en,en,in grassy field,in a field,FORWARD_ENTAILMENT
dico_phrasis_0001910__en-en__flipped,dico_phrasis_0001910,en,en,A train,A black train,BACKWARD_ENTAILMENT
dico_phrasis_0001910__en-en__original,dico_phrasis_0001910,en,en,A black train,A train,FORWARD_ENTAILMENT
dico_phrasis_0001911__en-en__flipped,dico_phrasis_0001911,en,en,A blue moped,A blue motorcycle,BACKWARD_ENTAILMENT
dico_phrasis_0001911__en-en__original,dico_phrasis_0001911,en,en,A blue motorcycle,A blue moped,FORWARD_ENTAILMENT
dico_phrasis_0001912__en-en__flipped,dico_phrasis_0001912,en,en,a street,on a city street,BACKWARD_ENTAILMENT
dico_phrasis_0001912__en-en__original,dico_phrasis_0001912,en,en,on a city street,a street,FORWARD_ENTAILMENT
dico_phrasis_0001913__en-en__flipped,dico_phrasis_0001913,en,en,the runway,on the runway,BACKWARD_ENTAILMENT
dico_phrasis_0001913__en-en__original,dico_phrasis_0001913,en,en,on the runway,the runway,FORWARD_ENTAILMENT
dico_phrasis_0001914__en-en__flipped,dico_phrasis_0001914,en,en,Five cows,Several cows,BACKWARD_ENTAILMENT
dico_phrasis_0001914__en-en__original,dico_phrasis_0001914,en,en,Several cows,Five cows,FORWARD_ENTAILMENT
dico_phrasis_0001915__en-en__flipped,dico_phrasis_0001915,en,en,next to a cow,next to a brown cow,BACKWARD_ENTAILMENT
dico_phrasis_0001915__en-en__original,dico_phrasis_0001915,en,en,next to a brown cow,next to a cow,FORWARD_ENTAILMENT
dico_phrasis_0001916__en-en__flipped,dico_phrasis_0001916,en,en,at a restaurant table,around a restaurant dining table,BACKWARD_ENTAILMENT
dico_phrasis_0001916__en-en__original,dico_phrasis_0001916,en,en,around a restaurant dining table,at a restaurant table,FORWARD_ENTAILMENT
dico_phrasis_0001917__en-en__flipped,dico_phrasis_0001917,en,en,A double decker bus,Red double decker bus,BACKWARD_ENTAILMENT
dico_phrasis_0001917__en-en__original,dico_phrasis_0001917,en,en,Red double decker bus,A double decker bus,FORWARD_ENTAILMENT
dico_phrasis_0001918__en-en__flipped,dico_phrasis_0001918,en,en,with laptop,on his laptop,BACKWARD_ENTAILMENT
dico_phrasis_0001918__en-en__original,dico_phrasis_0001918,en,en,on his laptop,with laptop,FORWARD_ENTAILMENT
dico_phrasis_0001919__en-en__flipped,dico_phrasis_0001919,en,en,A blue train,Old blue and white train,BACKWARD_ENTAILMENT
dico_phrasis_0001919__en-en__original,dico_phrasis_0001919,en,en,Old blue and white train,A blue train,FORWARD_ENTAILMENT
dico_phrasis_0001920__en-en__flipped,dico_phrasis_0001920,en,en,on the tracks,on the railroad tracks,BACKWARD_ENTAILMENT
dico_phrasis_0001920__en-en__original,dico_phrasis_0001920,en,en,on the railroad tracks,on the tracks,FORWARD_ENTAILMENT
dico_phrasis_0001921__en-en__flipped,dico_phrasis_0001921,en,en,Two men,across two men,BACKWARD_ENTAILMENT
dico_phrasis_0001921__en-en__original,dico_phrasis_0001921,en,en,across two men,Two men,FORWARD_ENTAILMENT
dico_phrasis_0001922__en-en__flipped,dico_phrasis_0001922,en,en,A women,A young girl,BACKWARD_ENTAILMENT
dico_phrasis_0001922__en-en__original,dico_phrasis_0001922,en,en,A young girl,A women,FORWARD_ENTAILMENT
dico_phrasis_0001923__en-en__flipped,dico_phrasis_0001923,en,en,a street,on a city street,BACKWARD_ENTAILMENT
dico_phrasis_0001923__en-en__original,dico_phrasis_0001923,en,en,on a city street,a street,FORWARD_ENTAILMENT
dico_phrasis_0001924__en-en__flipped,dico_phrasis_0001924,en,en,A man,A long-haired man,BACKWARD_ENTAILMENT
dico_phrasis_0001924__en-en__original,dico_phrasis_0001924,en,en,A long-haired man,A man,FORWARD_ENTAILMENT
dico_phrasis_0001925__en-en__flipped,dico_phrasis_0001925,en,en,between two large bottles,"between two large , half-empty Coke bottles",BACKWARD_ENTAILMENT
dico_phrasis_0001925__en-en__original,dico_phrasis_0001925,en,en,"between two large , half-empty Coke bottles",between two large bottles,FORWARD_ENTAILMENT
dico_phrasis_0001927__en-en__flipped,dico_phrasis_0001927,en,en,A double-decker bus,a brown double decker tour bus,BACKWARD_ENTAILMENT
dico_phrasis_0001927__en-en__original,dico_phrasis_0001927,en,en,a brown double decker tour bus,A double-decker bus,FORWARD_ENTAILMENT
dico_phrasis_0001928__en-en__flipped,dico_phrasis_0001928,en,en,on a blue car,of a blue old-fashioned car,BACKWARD_ENTAILMENT
dico_phrasis_0001928__en-en__original,dico_phrasis_0001928,en,en,of a blue old-fashioned car,on a blue car,FORWARD_ENTAILMENT
dico_phrasis_0001929__en-en__flipped,dico_phrasis_0001929,en,en,a woman,A man and women,BACKWARD_ENTAILMENT
dico_phrasis_0001929__en-en__original,dico_phrasis_0001929,en,en,A man and women,a woman,FORWARD_ENTAILMENT
dico_phrasis_0001931__en-en__flipped,dico_phrasis_0001931,en,en,Two women,Two young women,BACKWARD_ENTAILMENT
dico_phrasis_0001931__en-en__original,dico_phrasis_0001931,en,en,Two young women,Two women,FORWARD_ENTAILMENT
dico_phrasis_0001932__en-en__flipped,dico_phrasis_0001932,en,en,A brown horse,A dark brown horse,BACKWARD_ENTAILMENT
dico_phrasis_0001932__en-en__original,dico_phrasis_0001932,en,en,A dark brown horse,A brown horse,FORWARD_ENTAILMENT
dico_phrasis_0001933__en-en__flipped,dico_phrasis_0001933,en,en,on concrete,on a concrete slab,BACKWARD_ENTAILMENT
dico_phrasis_0001933__en-en__original,dico_phrasis_0001933,en,en,on a concrete slab,on concrete,FORWARD_ENTAILMENT
dico_phrasis_0001934__en-en__flipped,dico_phrasis_0001934,en,en,of a sheep,of a white sheep,BACKWARD_ENTAILMENT
dico_phrasis_0001934__en-en__original,dico_phrasis_0001934,en,en,of a white sheep,of a sheep,FORWARD_ENTAILMENT
dico_phrasis_0001935__en-en__flipped,dico_phrasis_0001935,en,en,A room,in a messy room,BACKWARD_ENTAILMENT
dico_phrasis_0001935__en-en__original,dico_phrasis_0001935,en,en,in a messy room,A room,FORWARD_ENTAILMENT
dico_phrasis_0001936__en-en__flipped,dico_phrasis_0001936,en,en,House,A gray house,BACKWARD_ENTAILMENT
dico_phrasis_0001936__en-en__original,dico_phrasis_0001936,en,en,A gray house,House,FORWARD_ENTAILMENT
dico_phrasis_0001939__en-en__flipped,dico_phrasis_0001939,en,en,of four people,of people,BACKWARD_ENTAILMENT
dico_phrasis_0001939__en-en__original,dico_phrasis_0001939,en,en,of people,of four people,FORWARD_ENTAILMENT
dico_phrasis_0001941__en-en__flipped,dico_phrasis_0001941,en,en,of six people,of people,BACKWARD_ENTAILMENT
dico_phrasis_0001941__en-en__original,dico_phrasis_0001941,en,en,of people,of six people,FORWARD_ENTAILMENT
dico_phrasis_0001942__en-en__flipped,dico_phrasis_0001942,en,en,a woman,Older woman,BACKWARD_ENTAILMENT
dico_phrasis_0001942__en-en__original,dico_phrasis_0001942,en,en,Older woman,a woman,FORWARD_ENTAILMENT
dico_phrasis_0001943__en-en__flipped,dico_phrasis_0001943,en,en,a baby,newborn baby,BACKWARD_ENTAILMENT
dico_phrasis_0001943__en-en__original,dico_phrasis_0001943,en,en,newborn baby,a baby,FORWARD_ENTAILMENT
dico_phrasis_0001946__en-en__flipped,dico_phrasis_0001946,en,en,The bird,The black bird,BACKWARD_ENTAILMENT
dico_phrasis_0001946__en-en__original,dico_phrasis_0001946,en,en,The black bird,The bird,FORWARD_ENTAILMENT
dico_phrasis_0001947__en-en__original,dico_phrasis_0001947,en,en,off Mexico,on Mexico,NEGATIVE_OTHER
dico_phrasis_0001950__en-en__original,dico_phrasis_0001950,en,en,abortion bill,against abortion bill,NEGATIVE_OTHER
dico_phrasis_0001951__en-en__original,dico_phrasis_0001951,en,en,Crimea annexation,Crimea 's independence,NEGATIVE_OTHER
dico_phrasis_0001956__en-en__original,dico_phrasis_0001956,en,en,in southern Iraq,in northern Iraq,NEGATIVE_OTHER
dico_phrasis_0001958__en-en__original,dico_phrasis_0001958,en,en,against US drone strikes,in U.S. drone strike,NEGATIVE_OTHER
dico_phrasis_0001959__en-en__original,dico_phrasis_0001959,en,en,to hospital,from hospital,NEGATIVE_OTHER
dico_phrasis_0001964__en-en__original,dico_phrasis_0001964,en,en,of the front end,of the rear,NEGATIVE_OTHER
dico_phrasis_0001965__en-en__original,dico_phrasis_0001965,en,en,at a saloon,outside the saloon,NEGATIVE_OTHER
dico_phrasis_0001966__en-en__original,dico_phrasis_0001966,en,en,in India,Indian villagers,NEGATIVE_OTHER
dico_phrasis_0001967__en-en__original,dico_phrasis_0001967,en,en,Cyclone,Cyclone Phailin evacuation,NEGATIVE_OTHER
dico_phrasis_0001969__en-en__original,dico_phrasis_0001969,en,en,Palestinian captives,Palestinian prisoner release,NEGATIVE_OTHER
dico_phrasis_0001970__en-en__original,dico_phrasis_0001970,en,en,Israeli calls,Israel,NEGATIVE_OTHER
dico_phrasis_0001972__en-en__original,dico_phrasis_0001972,en,en,DPRK leader,North Korea,NEGATIVE_OTHER
dico_phrasis_0001983__en-en__original,dico_phrasis_0001983,en,en,in missing Malaysian plane search,from missing Malaysia plane,NEGATIVE_OTHER
dico_phrasis_0001992__en-en__original,dico_phrasis_0001992,en,en,Muslim Brotherhood 's top leader,Muslim Brotherhood Supporters,NEGATIVE_OTHER
dico_phrasis_0001995__en-en__original,dico_phrasis_0001995,en,en,Russian Prime Minister,Russia,NEGATIVE_OTHER
dico_phrasis_0001997__en-en__original,dico_phrasis_0001997,en,en,court ruling,top court,NEGATIVE_OTHER
dico_phrasis_0002000__en-en__original,dico_phrasis_0002000,en,en,'s nuclear negotiating team,'s nuclear quest,NEGATIVE_OTHER
dico_phrasis_0002001__en-en__original,dico_phrasis_0002001,en,en,to Begin Talks,To Visit,NEGATIVE_OTHER
dico_phrasis_0002002__en-en__original,dico_phrasis_0002002,en,en,president 's speech,presidential elections,NEGATIVE_OTHER
dico_phrasis_0002006__en-en__original,dico_phrasis_0002006,en,en,in Jordan Valley,in West Bank attack,NEGATIVE_OTHER
dico_phrasis_0002011__en-en__original,dico_phrasis_0002011,en,en,in Syria,in Israeli raid,NEGATIVE_OTHER
dico_phrasis_0002012__en-en__original,dico_phrasis_0002012,en,en,six,4 militants,NEGATIVE_OTHER
dico_phrasis_0002013__en-en__original,dico_phrasis_0002013,en,en,federal constitutional law,a treaty,NEGATIVE_OTHER
dico_phrasis_0002019__en-en__original,dico_phrasis_0002019,en,en,one man,eleven,NEGATIVE_OTHER
dico_phrasis_0002023__en-en__original,dico_phrasis_0002023,en,en,of Syria chemical weapons,of chemical weapons deal,NEGATIVE_OTHER
dico_phrasis_0002032__en-en__original,dico_phrasis_0002032,en,en,fatal,"1 dead , 40 hospitalized",NEGATIVE_OTHER
dico_phrasis_0002033__en-en__original,dico_phrasis_0002033,en,en,militants,as Sinai attack,NEGATIVE_OTHER
dico_phrasis_0002037__en-en__original,dico_phrasis_0002037,en,en,Apr 2,Thursday,NEGATIVE_OTHER
dico_phrasis_0002049__en-en__original,dico_phrasis_0002049,en,en,in the park,by the shore,NEGATIVE_OTHER
dico_phrasis_0002053__en-en__original,dico_phrasis_0002053,en,en,A child,A dog,NEGATIVE_OTHER
dico_phrasis_0002055__en-en__original,dico_phrasis_0002055,en,en,swings,plays ball,NEGATIVE_OTHER
dico_phrasis_0002060__en-en__original,dico_phrasis_0002060,en,en,a carabiner,a pulley,NEGATIVE_OTHER
dico_phrasis_0002061__en-en__original,dico_phrasis_0002061,en,en,three dogs,A boy,NEGATIVE_OTHER
dico_phrasis_0002062__en-en__original,dico_phrasis_0002062,en,en,a dog,the skateboarder,NEGATIVE_OTHER
dico_phrasis_0002068__en-en__original,dico_phrasis_0002068,en,en,is playing,being thrown,NEGATIVE_OTHER
dico_phrasis_0002070__en-en__original,dico_phrasis_0002070,en,en,A man,A dog,NEGATIVE_OTHER
dico_phrasis_0002074__en-en__original,dico_phrasis_0002074,en,en,in dark blue waters,at the beach,NEGATIVE_OTHER
dico_phrasis_0002075__en-en__original,dico_phrasis_0002075,en,en,across the sand,through the water,NEGATIVE_OTHER
dico_phrasis_0002082__en-en__original,dico_phrasis_0002082,en,en,A boy,A dog,NEGATIVE_OTHER
dico_phrasis_0002083__en-en__original,dico_phrasis_0002083,en,en,into a sandbox,in a pond,NEGATIVE_OTHER
dico_phrasis_0002085__en-en__original,dico_phrasis_0002085,en,en,in the blue water,in the sand,NEGATIVE_OTHER
dico_phrasis_0002086__en-en__original,dico_phrasis_0002086,en,en,for Christmas,in front of a Christmas tree,NEGATIVE_OTHER
dico_phrasis_0002093__en-en__original,dico_phrasis_0002093,en,en,through splashing water,splashes,NEGATIVE_OTHER
dico_phrasis_0002094__en-en__original,dico_phrasis_0002094,en,en,through a very wooded area,through a creek,NEGATIVE_OTHER
dico_phrasis_0002097__en-en__original,dico_phrasis_0002097,en,en,rowing,in rowboat,NEGATIVE_OTHER
dico_phrasis_0002107__en-en__original,dico_phrasis_0002107,en,en,down the street,in the city,NEGATIVE_OTHER
dico_phrasis_0002109__en-en__original,dico_phrasis_0002109,en,en,on a skateboard,down a ramp,NEGATIVE_OTHER
dico_phrasis_0002114__en-en__original,dico_phrasis_0002114,en,en,a skateboard,A skateboarder,NEGATIVE_OTHER
dico_phrasis_0002120__en-en__original,dico_phrasis_0002120,en,en,is running,pulling,NEGATIVE_OTHER
dico_phrasis_0002126__en-en__original,dico_phrasis_0002126,en,en,on a track,by a tree,NEGATIVE_OTHER
dico_phrasis_0002129__en-en__original,dico_phrasis_0002129,en,en,to the top,the pipe wall,NEGATIVE_OTHER
dico_phrasis_0002130__en-en__original,dico_phrasis_0002130,en,en,of the ramp,at a skater park,NEGATIVE_OTHER
dico_phrasis_0002134__en-en__original,dico_phrasis_0002134,en,en,rides a bicycle,walking,NEGATIVE_OTHER
dico_phrasis_0002137__en-en__original,dico_phrasis_0002137,en,en,on a shiny slide,across a sandy playground,NEGATIVE_OTHER
dico_phrasis_0002153__en-en__original,dico_phrasis_0002153,en,en,17 civilians,10 police,NEGATIVE_OTHER
dico_phrasis_0002156__en-en__original,dico_phrasis_0002156,en,en,against protesters,about protests,NEGATIVE_OTHER
dico_phrasis_0002161__en-en__original,dico_phrasis_0002161,en,en,with Mandela family,to Mandela,NEGATIVE_OTHER
dico_phrasis_0002164__en-en__original,dico_phrasis_0002164,en,en,kills wounds,hits,NEGATIVE_OTHER
dico_phrasis_0002168__en-en__original,dico_phrasis_0002168,en,en,Nelson Mandela memorial service,Nelson Mandela dies,NEGATIVE_OTHER
dico_phrasis_0002170__en-en__original,dico_phrasis_0002170,en,en,to Central African Republic,in Central African capital,NEGATIVE_OTHER
dico_phrasis_0002173__en-en__original,dico_phrasis_0002173,en,en,US State Department,State Dept security chief,NEGATIVE_OTHER
dico_phrasis_0002190__en-en__original,dico_phrasis_0002190,en,en,in protest,Turkey unrest,NEGATIVE_OTHER
dico_phrasis_0002194__en-en__original,dico_phrasis_0002194,en,en,in suicide attacks,Car bombs,NEGATIVE_OTHER
dico_phrasis_0002195__en-en__original,dico_phrasis_0002195,en,en,at Iran 's nuclear plant,into Iran nuclear deal,NEGATIVE_OTHER
dico_phrasis_0002200__en-en__original,dico_phrasis_0002200,en,en,into North,North Korea,NEGATIVE_OTHER
dico_phrasis_0002203__en-en__original,dico_phrasis_0002203,en,en,10 young girls,nine,NEGATIVE_OTHER
dico_phrasis_0002210__en-en__original,dico_phrasis_0002210,en,en,Mexico,Former New Mexico Gov. Richardson,NEGATIVE_OTHER
dico_phrasis_0002213__en-en__original,dico_phrasis_0002213,en,en,Braces,issues red alert,NEGATIVE_OTHER
dico_phrasis_0002219__en-en__original,dico_phrasis_0002219,en,en,Islamist Tactics,northern Islamist militants,NEGATIVE_OTHER
dico_phrasis_0002225__en-en__original,dico_phrasis_0002225,en,en,Nato airstrike,Nato solider,NEGATIVE_OTHER
dico_phrasis_0002226__en-en__original,dico_phrasis_0002226,en,en,gun control debate,on gun control bill,NEGATIVE_OTHER
dico_phrasis_0002227__en-en__original,dico_phrasis_0002227,en,en,in Lal Masjid case,in Pakistan,NEGATIVE_OTHER
dico_phrasis_0002228__en-en__original,dico_phrasis_0002228,en,en,5,3 policemen,NEGATIVE_OTHER
dico_phrasis_0002230__en-en__original,dico_phrasis_0002230,en,en,more than 500 people,400,NEGATIVE_OTHER
dico_phrasis_0002235__en-en__original,dico_phrasis_0002235,en,en,UN resolution,Germany,NEGATIVE_OTHER
dico_phrasis_0002238__en-en__original,dico_phrasis_0002238,en,en,to power,majority,NEGATIVE_OTHER
dico_phrasis_0002252__en-en__original,dico_phrasis_0002252,en,en,nine people,3 policemen,NEGATIVE_OTHER
dico_phrasis_0002261__en-en__original,dico_phrasis_0002261,en,en,derails,of crash ordeal,NEGATIVE_OTHER
dico_phrasis_0002262__en-en__original,dico_phrasis_0002262,en,en,use of chemical weapons,over chemical weapons claims,NEGATIVE_OTHER
dico_phrasis_0002274__en-en__original,dico_phrasis_0002274,en,en,Morsi supporters,Protesters,NEGATIVE_OTHER
dico_phrasis_0002275__en-en__original,dico_phrasis_0002275,en,en,Typhoon survivors,Typhoon Bopha,NEGATIVE_OTHER
dico_phrasis_0002284__en-en__original,dico_phrasis_0002284,en,en,on the porch,on a couch,NEGATIVE_OTHER
dico_phrasis_0002285__en-en__original,dico_phrasis_0002285,en,en,near two tiny animals,near her children,NEGATIVE_OTHER
dico_phrasis_0002286__en-en__original,dico_phrasis_0002286,en,en,in front of some ruins,in front of a building,NEGATIVE_OTHER
dico_phrasis_0002293__en-en__original,dico_phrasis_0002293,en,en,lined up,A row,NEGATIVE_OTHER
dico_phrasis_0002296__en-en__original,dico_phrasis_0002296,en,en,in a shed,in a station,NEGATIVE_OTHER
dico_phrasis_0002297__en-en__original,dico_phrasis_0002297,en,en,is parked,stand,NEGATIVE_OTHER
dico_phrasis_0002305__en-en__original,dico_phrasis_0002305,en,en,on the branch,under the trees,NEGATIVE_OTHER
dico_phrasis_0002316__en-en__original,dico_phrasis_0002316,en,en,towards a wooden telephone pole,above the telephone wires,NEGATIVE_OTHER
dico_phrasis_0002320__en-en__original,dico_phrasis_0002320,en,en,in front of a building,in front of a dining room,NEGATIVE_OTHER
dico_phrasis_0002322__en-en__original,dico_phrasis_0002322,en,en,atop a rock carving,on a stone,NEGATIVE_OTHER
dico_phrasis_0002323__en-en__original,dico_phrasis_0002323,en,en,with a pillow,on an animal print blanket,NEGATIVE_OTHER
dico_phrasis_0002325__en-en__original,dico_phrasis_0002325,en,en,on a street,in an alley way,NEGATIVE_OTHER
dico_phrasis_0002327__en-en__original,dico_phrasis_0002327,en,en,in a dinner,around a table,NEGATIVE_OTHER
dico_phrasis_0002329__en-en__original,dico_phrasis_0002329,en,en,to a metal gate,to a wire fence,NEGATIVE_OTHER
dico_phrasis_0002335__en-en__original,dico_phrasis_0002335,en,en,on purple fabric,on a brown tarp,NEGATIVE_OTHER
dico_phrasis_0002340__en-en__original,dico_phrasis_0002340,en,en,in a den or living room,in a living chair,NEGATIVE_OTHER
dico_phrasis_0002345__en-en__original,dico_phrasis_0002345,en,en,in a black bikini top and jeans,in a black hat,NEGATIVE_OTHER
dico_phrasis_0002347__en-en__original,dico_phrasis_0002347,en,en,the bottom of a door,at a closed door,NEGATIVE_OTHER
dico_phrasis_0002352__en-en__original,dico_phrasis_0002352,en,en,in the ocean,at the pier,NEGATIVE_OTHER
dico_phrasis_0002353__en-en__original,dico_phrasis_0002353,en,en,is jumping,riding,NEGATIVE_OTHER
dico_phrasis_0002359__en-en__original,dico_phrasis_0002359,en,en,of snow,in the field,NEGATIVE_OTHER
dico_phrasis_0002360__en-en__original,dico_phrasis_0002360,en,en,with yellow canoes,to canoe,NEGATIVE_OTHER
dico_phrasis_0002370__en-en__original,dico_phrasis_0002370,en,en,on the ground,parked,NEGATIVE_OTHER
dico_phrasis_0002378__en-en__original,dico_phrasis_0002378,en,en,on Dec. 30,next week,NEGATIVE_OTHER
dico_phrasis_0002384__en-en__original,dico_phrasis_0002384,en,en,Suicide truck bomber,Suicide car bomb,NEGATIVE_OTHER
dico_phrasis_0002385__en-en__original,dico_phrasis_0002385,en,en,military airports,in military airport,NEGATIVE_OTHER
dico_phrasis_0002388__en-en__original,dico_phrasis_0002388,en,en,to joint industrial zone,to Key Industrial Zone,NEGATIVE_OTHER
dico_phrasis_0002389__en-en__original,dico_phrasis_0002389,en,en,after India buildings collapse,from Bangladesh building collapse,NEGATIVE_OTHER
dico_phrasis_0002393__en-en__original,dico_phrasis_0002393,en,en,to 12.1%,12.2%,NEGATIVE_OTHER
dico_phrasis_0002402__en-en__original,dico_phrasis_0002402,en,en,in Singapore,in India,NEGATIVE_OTHER
dico_phrasis_0002404__en-en__original,dico_phrasis_0002404,en,en,hunting for,trawls for,NEGATIVE_OTHER
dico_phrasis_0002407__en-en__original,dico_phrasis_0002407,en,en,10 Brotherhood supporters,supporters,NEGATIVE_OTHER
dico_phrasis_0002410__en-en__original,dico_phrasis_0002410,en,en,In Oklahoma City,Oklahoma City Airport,NEGATIVE_OTHER
dico_phrasis_0002412__en-en__original,dico_phrasis_0002412,en,en,to implement,offers,NEGATIVE_OTHER
dico_phrasis_0002414__en-en__original,dico_phrasis_0002414,en,en,Brazilians,In Brazil thousands,NEGATIVE_OTHER
dico_phrasis_0002415__en-en__original,dico_phrasis_0002415,en,en,no tsunami risk,no tsunami warning,NEGATIVE_OTHER
dico_phrasis_0002416__en-en__original,dico_phrasis_0002416,en,en,in aircraft crash,in helicopter crash,NEGATIVE_OTHER
dico_phrasis_0002419__en-en__original,dico_phrasis_0002419,en,en,"9 foreign tourists , 1 Pakistani",11 Foreign Tourists,NEGATIVE_OTHER
dico_phrasis_0002420__en-en__original,dico_phrasis_0002420,en,en,fire shuts,catches fire,NEGATIVE_OTHER
dico_phrasis_0002422__en-en__original,dico_phrasis_0002422,en,en,Powerful 7.6 quake,Powerful 6.9 quake,NEGATIVE_OTHER
dico_phrasis_0002425__en-en__original,dico_phrasis_0002425,en,en,India govt,India oil minister,NEGATIVE_OTHER
dico_phrasis_0002427__en-en__original,dico_phrasis_0002427,en,en,3 million Japanese cars,3.4m vehicles,NEGATIVE_OTHER
dico_phrasis_0002431__en-en__original,dico_phrasis_0002431,en,en,by Gibraltar/Spain row,over Gibraltar events,NEGATIVE_OTHER
dico_phrasis_0002432__en-en__original,dico_phrasis_0002432,en,en,"Nov. 19 , 2013","Sept. 26 , 2013",NEGATIVE_OTHER
dico_phrasis_0002433__en-en__original,dico_phrasis_0002433,en,en,to release,Releases,NEGATIVE_OTHER
dico_phrasis_0002439__en-en__original,dico_phrasis_0002439,en,en,Pro-Russia rebels,Syria rebels,NEGATIVE_OTHER
dico_phrasis_0002440__en-en__original,dico_phrasis_0002440,en,en,Jan. 24,April 4,NEGATIVE_OTHER
dico_phrasis_0002441__en-en__original,dico_phrasis_0002441,en,en,to lead the Federal Reserve,as US Federal Reserve chief,NEGATIVE_OTHER
dico_phrasis_0002445__en-en__original,dico_phrasis_0002445,en,en,NATO soldier,Four soldiers,NEGATIVE_OTHER
dico_phrasis_0002447__en-en__original,dico_phrasis_0002447,en,en,Prototype Self-Driving Car,Concept Self-Driving Car,NEGATIVE_OTHER
dico_phrasis_0002450__en-en__original,dico_phrasis_0002450,en,en,in Afghanistan election race,in Afghan presidential elections,NEGATIVE_OTHER
dico_phrasis_0002451__en-en__original,dico_phrasis_0002451,en,en,southwest Pakistan,southern Pakistan,NEGATIVE_OTHER
dico_phrasis_0002453__en-en__original,dico_phrasis_0002453,en,en,in Pakistan bus bombing,in Pakistan church bombing,NEGATIVE_OTHER
dico_phrasis_0002454__en-en__original,dico_phrasis_0002454,en,en,in Bangkok shooting,in US school shooting,NEGATIVE_OTHER
dico_phrasis_0002456__en-en__original,dico_phrasis_0002456,en,en,in Search for Jet,for jet search,NEGATIVE_OTHER
dico_phrasis_0002459__en-en__original,dico_phrasis_0002459,en,en,during march,on way,NEGATIVE_OTHER
dico_phrasis_0002460__en-en__original,dico_phrasis_0002460,en,en,"nine foreign tourists , guide","9 foreign tourists , 1 Pakistani",NEGATIVE_OTHER
dico_phrasis_0002461__en-en__original,dico_phrasis_0002461,en,en,of 6.3 magnitude,of 6 magnitude,NEGATIVE_OTHER
dico_phrasis_0002468__en-en__original,dico_phrasis_0002468,en,en,over peace talks,Ahead of Peace Talks,NEGATIVE_OTHER
dico_phrasis_0002469__en-en__original,dico_phrasis_0002469,en,en,Suicide bomber,Suicide bomb,NEGATIVE_OTHER
dico_phrasis_0002472__en-en__original,dico_phrasis_0002472,en,en,to 6.2035,to 6.1408,NEGATIVE_OTHER
dico_phrasis_0002473__en-en__original,dico_phrasis_0002473,en,en,new device for streaming video,new Fire TV streaming video box,NEGATIVE_OTHER
dico_phrasis_0002474__en-en__original,dico_phrasis_0002474,en,en,Pat Rice,Arsenal great Rice,NEGATIVE_OTHER
dico_phrasis_0002475__en-en__original,dico_phrasis_0002475,en,en,against cancer,with cancer,NEGATIVE_OTHER
dico_phrasis_0002476__en-en__original,dico_phrasis_0002476,en,en,Polar bear DNA,Polar bear study,NEGATIVE_OTHER
dico_phrasis_0002480__en-en__original,dico_phrasis_0002480,en,en,in prayer and song,of ' Prayer and Reflection ',NEGATIVE_OTHER
dico_phrasis_0002484__en-en__original,dico_phrasis_0002484,en,en,in Syria,in Pakistan,NEGATIVE_OTHER
dico_phrasis_0002485__en-en__original,dico_phrasis_0002485,en,en,regional security concerns,regional peace,NEGATIVE_OTHER
dico_phrasis_0002489__en-en__original,dico_phrasis_0002489,en,en,Travel Alert,global alert,NEGATIVE_OTHER
dico_phrasis_0002494__en-en__original,dico_phrasis_0002494,en,en,with making 9/11 threats,over 9/11 threats,NEGATIVE_OTHER
dico_phrasis_0002496__en-en__original,dico_phrasis_0002496,en,en,Ukraine,in Syria,NEGATIVE_OTHER
dico_phrasis_0002501__en-en__original,dico_phrasis_0002501,en,en,Record-setting Southwest heat wave,in Southwest heat wave,NEGATIVE_OTHER
dico_phrasis_0002502__en-en__original,dico_phrasis_0002502,en,en,0.56 pct,0.5 pct,NEGATIVE_OTHER
dico_phrasis_0002504__en-en__original,dico_phrasis_0002504,en,en,' bunga bunga ' witnesses,witnesses in prostitution trial,NEGATIVE_OTHER
dico_phrasis_0002507__en-en__original,dico_phrasis_0002507,en,en,Tuesday,on Friday,NEGATIVE_OTHER
dico_phrasis_0002508__en-en__original,dico_phrasis_0002508,en,en,for humanitarian ceasefire,for Unconditional Cease-Fire,NEGATIVE_OTHER
dico_phrasis_0002509__en-en__original,dico_phrasis_0002509,en,en,19 Firefighters,19 Hotshots,NEGATIVE_OTHER
dico_phrasis_0002511__en-en__original,dico_phrasis_0002511,en,en,outspoken Rice,Susan Rice,NEGATIVE_OTHER
dico_phrasis_0002517__en-en__original,dico_phrasis_0002517,en,en,to 6.1184,to 6.1510,NEGATIVE_OTHER
dico_phrasis_0002518__en-en__original,dico_phrasis_0002518,en,en,loses contact,vanishes,NEGATIVE_OTHER
dico_phrasis_0002522__en-en__original,dico_phrasis_0002522,en,en,rise,inch higher,NEGATIVE_OTHER
dico_phrasis_0002524__en-en__original,dico_phrasis_0002524,en,en,in Lebanon 's Tripoli,in northern Lebanon,NEGATIVE_OTHER
dico_phrasis_0002525__en-en__original,dico_phrasis_0002525,en,en,Next Iran nuclear talks,Iran Nuclear deal,NEGATIVE_OTHER
dico_phrasis_0002529__en-en__original,dico_phrasis_0002529,en,en,Most victims,38 bodies of victims,NEGATIVE_OTHER
dico_phrasis_0002530__en-en__original,dico_phrasis_0002530,en,en,beside a pool,along the side of a pool,NEGATIVE_OTHER
dico_phrasis_0002535__en-en__original,dico_phrasis_0002535,en,en,across a grassy path,in a grassy area,NEGATIVE_OTHER
dico_phrasis_0002537__en-en__original,dico_phrasis_0002537,en,en,an orange Frisbee,a red Frisbee,NEGATIVE_OTHER
dico_phrasis_0002538__en-en__original,dico_phrasis_0002538,en,en,a denim shirt,a denim jacket,NEGATIVE_OTHER
dico_phrasis_0002539__en-en__original,dico_phrasis_0002539,en,en,Brown and white dog,Black and white dog,NEGATIVE_OTHER
dico_phrasis_0002540__en-en__original,dico_phrasis_0002540,en,en,into the water,underwater,NEGATIVE_OTHER
dico_phrasis_0002541__en-en__original,dico_phrasis_0002541,en,en,a pink coat,in a pink jacket,NEGATIVE_OTHER
dico_phrasis_0002543__en-en__original,dico_phrasis_0002543,en,en,on a metal bar,on a railing,NEGATIVE_OTHER
dico_phrasis_0002545__en-en__original,dico_phrasis_0002545,en,en,a set of stairs,steps,NEGATIVE_OTHER
dico_phrasis_0002546__en-en__original,dico_phrasis_0002546,en,en,Two large dogs,Two brindle dogs,NEGATIVE_OTHER
dico_phrasis_0002547__en-en__original,dico_phrasis_0002547,en,en,of a blue water slide,from a water slide,NEGATIVE_OTHER
dico_phrasis_0002552__en-en__original,dico_phrasis_0002552,en,en,on a gravel path,along a gravel path,NEGATIVE_OTHER
dico_phrasis_0002553__en-en__original,dico_phrasis_0002553,en,en,underwater water,in very clear blue water,NEGATIVE_OTHER
dico_phrasis_0002555__en-en__original,dico_phrasis_0002555,en,en,water skis,kite surfing,NEGATIVE_OTHER
dico_phrasis_0002556__en-en__original,dico_phrasis_0002556,en,en,a white dog,The dogs,NEGATIVE_OTHER
dico_phrasis_0002557__en-en__original,dico_phrasis_0002557,en,en,a blue visor,with a visor,NEGATIVE_OTHER
dico_phrasis_0002558__en-en__original,dico_phrasis_0002558,en,en,in a blue raft,their blue inflatable raft,NEGATIVE_OTHER
dico_phrasis_0002561__en-en__original,dico_phrasis_0002561,en,en,on or near a fence,on and by a fence,NEGATIVE_OTHER
dico_phrasis_0002565__en-en__original,dico_phrasis_0002565,en,en,A light brown dog,A brown and white dog,NEGATIVE_OTHER
dico_phrasis_0002568__en-en__original,dico_phrasis_0002568,en,en,with a pink collar,with the red collar,NEGATIVE_OTHER
dico_phrasis_0002571__en-en__original,dico_phrasis_0002571,en,en,a white dog,brown dog,NEGATIVE_OTHER
dico_phrasis_0002572__en-en__original,dico_phrasis_0002572,en,en,A man to another,A man and woman,NEGATIVE_OTHER
dico_phrasis_0002575__en-en__original,dico_phrasis_0002575,en,en,A young child,An Asian child,NEGATIVE_OTHER
dico_phrasis_0002577__en-en__original,dico_phrasis_0002577,en,en,with people,while other men,NEGATIVE_OTHER
dico_phrasis_0002578__en-en__original,dico_phrasis_0002578,en,en,with a dog,A brown dog,NEGATIVE_OTHER
dico_phrasis_0002579__en-en__original,dico_phrasis_0002579,en,en,A black dog,A lean dog,NEGATIVE_OTHER
dico_phrasis_0002585__en-en__original,dico_phrasis_0002585,en,en,goes down,going over,NEGATIVE_OTHER
dico_phrasis_0002592__en-en__original,dico_phrasis_0002592,en,en,on white carpet,on beige carpet,NEGATIVE_OTHER
dico_phrasis_0002593__en-en__original,dico_phrasis_0002593,en,en,with a gemmed collar,with a blue collar,NEGATIVE_OTHER
dico_phrasis_0002594__en-en__original,dico_phrasis_0002594,en,en,on a street,along a street,NEGATIVE_OTHER
dico_phrasis_0002598__en-en__original,dico_phrasis_0002598,en,en,A man,A surfer,NEGATIVE_OTHER
dico_phrasis_0002603__en-en__original,dico_phrasis_0002603,en,en,through water,in rough water,NEGATIVE_OTHER
dico_phrasis_0002604__en-en__original,dico_phrasis_0002604,en,en,to catch in it's mouth,to bite,NEGATIVE_OTHER
dico_phrasis_0002605__en-en__original,dico_phrasis_0002605,en,en,A brown dog,A grey dog,NEGATIVE_OTHER
dico_phrasis_0002606__en-en__original,dico_phrasis_0002606,en,en,a white dog,another dog,NEGATIVE_OTHER
dico_phrasis_0002609__en-en__original,dico_phrasis_0002609,en,en,on the beach,of a beach,NEGATIVE_OTHER
dico_phrasis_0002621__en-en__original,dico_phrasis_0002621,en,en,from a tree swing,by a tree from a swing,NEGATIVE_OTHER
dico_phrasis_0002626__en-en__original,dico_phrasis_0002626,en,en,to catch,chasing,NEGATIVE_OTHER
dico_phrasis_0002628__en-en__original,dico_phrasis_0002628,en,en,in a rocky creek,through greenish water,NEGATIVE_OTHER
dico_phrasis_0002631__en-en__original,dico_phrasis_0002631,en,en,are posing,are standing,NEGATIVE_OTHER
dico_phrasis_0002633__en-en__original,dico_phrasis_0002633,en,en,in a doorway,on a doorstep,NEGATIVE_OTHER
dico_phrasis_0002637__en-en__original,dico_phrasis_0002637,en,en,on a dirt path,along dirt path,NEGATIVE_OTHER
dico_phrasis_0002638__en-en__original,dico_phrasis_0002638,en,en,A light brown dog,A pale dog,NEGATIVE_OTHER
dico_phrasis_0002642__en-en__original,dico_phrasis_0002642,en,en,near a forest,in the forest,NEGATIVE_OTHER
dico_phrasis_0002643__en-en__original,dico_phrasis_0002643,en,en,across the sand,along a beach,NEGATIVE_OTHER
dico_phrasis_0002646__en-en__original,dico_phrasis_0002646,en,en,A man,A hiker,NEGATIVE_OTHER
dico_phrasis_0002647__en-en__original,dico_phrasis_0002647,en,en,at the waterline,along the calm shore,NEGATIVE_OTHER
dico_phrasis_0002649__en-en__original,dico_phrasis_0002649,en,en,a red shirt,a red sweater,NEGATIVE_OTHER
dico_phrasis_0002650__en-en__original,dico_phrasis_0002650,en,en,Two large black dogs,Two white dogs,NEGATIVE_OTHER
dico_phrasis_0002652__en-en__original,dico_phrasis_0002652,en,en,playing around,are wrestling,NEGATIVE_OTHER
dico_phrasis_0002655__en-en__original,dico_phrasis_0002655,en,en,on a ramp,to a slope,NEGATIVE_OTHER
dico_phrasis_0002656__en-en__original,dico_phrasis_0002656,en,en,doing a trick,riding up,NEGATIVE_OTHER
dico_phrasis_0002657__en-en__original,dico_phrasis_0002657,en,en,chews,has in its mouth,NEGATIVE_OTHER
dico_phrasis_0002658__en-en__original,dico_phrasis_0002658,en,en,through the snow,in the snowy field,NEGATIVE_OTHER
dico_phrasis_0002659__en-en__original,dico_phrasis_0002659,en,en,on a beach,along the beach,NEGATIVE_OTHER
dico_phrasis_0002660__en-en__original,dico_phrasis_0002660,en,en,are playing on,are standing,NEGATIVE_OTHER
dico_phrasis_0002661__en-en__original,dico_phrasis_0002661,en,en,A young laughing girl and a boy,A baby girl and little boy,NEGATIVE_OTHER
dico_phrasis_0002662__en-en__original,dico_phrasis_0002662,en,en,a big drum,next to a guitar and a drum,NEGATIVE_OTHER
dico_phrasis_0002663__en-en__original,dico_phrasis_0002663,en,en,over a barrier,over a fence,NEGATIVE_OTHER
dico_phrasis_0002664__en-en__original,dico_phrasis_0002664,en,en,from one couch,from one chair,NEGATIVE_OTHER
dico_phrasis_0002667__en-en__original,dico_phrasis_0002667,en,en,a small wave,in the waves,NEGATIVE_OTHER
dico_phrasis_0002673__en-en__original,dico_phrasis_0002673,en,en,A softball player,A baseball player,NEGATIVE_OTHER
dico_phrasis_0002674__en-en__original,dico_phrasis_0002674,en,en,Three sheep,a small group of goats,NEGATIVE_OTHER
dico_phrasis_0002677__en-en__original,dico_phrasis_0002677,en,en,The white and brown dog,The big white dog,NEGATIVE_OTHER
dico_phrasis_0002678__en-en__original,dico_phrasis_0002678,en,en,through an obstacle course,through pole obstacles,NEGATIVE_OTHER
dico_phrasis_0002680__en-en__original,dico_phrasis_0002680,en,en,brown and white dog,Black and white dog,NEGATIVE_OTHER
dico_phrasis_0002681__en-en__original,dico_phrasis_0002681,en,en,A golden dog,A black dog,NEGATIVE_OTHER
dico_phrasis_0002684__en-en__original,dico_phrasis_0002684,en,en,in a red ball pit,on a pit of blue balls,NEGATIVE_OTHER
dico_phrasis_0002685__en-en__original,dico_phrasis_0002685,en,en,A white dog,a wet black dog,NEGATIVE_OTHER
dico_phrasis_0002689__en-en__original,dico_phrasis_0002689,en,en,Two boys,Two football players,NEGATIVE_OTHER
dico_phrasis_0002691__en-en__original,dico_phrasis_0002691,en,en,is building,stacks,NEGATIVE_OTHER
dico_phrasis_0002697__en-en__original,dico_phrasis_0002697,en,en,A reddish brown dog,The beautiful reddish dog,NEGATIVE_OTHER
dico_phrasis_0002701__en-en__original,dico_phrasis_0002701,en,en,A black and tan dog,A white dog,NEGATIVE_OTHER
dico_phrasis_0002702__en-en__original,dico_phrasis_0002702,en,en,at a picnic table,at an outdoor table,NEGATIVE_OTHER
dico_phrasis_0002705__en-en__original,dico_phrasis_0002705,en,en,on the shore,along the beach,NEGATIVE_OTHER
dico_phrasis_0002707__en-en__original,dico_phrasis_0002707,en,en,in Houla massacre,for Houla massacre,NEGATIVE_OTHER
dico_phrasis_0002709__en-en__original,dico_phrasis_0002709,en,en,as legitimate representative,as sole representative,NEGATIVE_OTHER
dico_phrasis_0002710__en-en__original,dico_phrasis_0002710,en,en,opposition coalition,opposition,NEGATIVE_OTHER
dico_phrasis_0002713__en-en__original,dico_phrasis_0002713,en,en,after ski accident,following skiing accident,NEGATIVE_OTHER
dico_phrasis_0002714__en-en__original,dico_phrasis_0002714,en,en,of Bangladesh clothes factory workers,in Bangladesh factory,NEGATIVE_OTHER
dico_phrasis_0002717__en-en__original,dico_phrasis_0002717,en,en,believed killed,dies,NEGATIVE_OTHER
dico_phrasis_0002718__en-en__original,dico_phrasis_0002718,en,en,to 15,to 11,NEGATIVE_OTHER
dico_phrasis_0002720__en-en__original,dico_phrasis_0002720,en,en,before pro-Morsi protests,for massive protests,NEGATIVE_OTHER
dico_phrasis_0002723__en-en__original,dico_phrasis_0002723,en,en,Murder claim over Diana 's death,Diana and Fayed death info,NEGATIVE_OTHER
dico_phrasis_0002727__en-en__original,dico_phrasis_0002727,en,en,after deadly blast,to Texas blast site,NEGATIVE_OTHER
dico_phrasis_0002728__en-en__original,dico_phrasis_0002728,en,en,overthrown,stepping down,NEGATIVE_OTHER
dico_phrasis_0002730__en-en__original,dico_phrasis_0002730,en,en,6.9 magnitude earthquake,5.6 magnitude earthquake,NEGATIVE_OTHER
dico_phrasis_0002735__en-en__original,dico_phrasis_0002735,en,en,on Friday,on Wednesday,NEGATIVE_OTHER
dico_phrasis_0002742__en-en__original,dico_phrasis_0002742,en,en,from National Zoo,to National Zoo,NEGATIVE_OTHER
dico_phrasis_0002743__en-en__original,dico_phrasis_0002743,en,en,6.3-magnitude earthquake,7.7-magnitude earthquake,NEGATIVE_OTHER
dico_phrasis_0002745__en-en__original,dico_phrasis_0002745,en,en,Heats Up,soar,NEGATIVE_OTHER
dico_phrasis_0002746__en-en__original,dico_phrasis_0002746,en,en,'s presidential candidates,as presidential candidate,NEGATIVE_OTHER
dico_phrasis_0002748__en-en__original,dico_phrasis_0002748,en,en,Former LAPD officer,Former CIA officer,NEGATIVE_OTHER
dico_phrasis_0002749__en-en__original,dico_phrasis_0002749,en,en,Prepares,pave the way,NEGATIVE_OTHER
dico_phrasis_0002752__en-en__original,dico_phrasis_0002752,en,en,on Timbuktu,to Timbuktu,NEGATIVE_OTHER
dico_phrasis_0002758__en-en__original,dico_phrasis_0002758,en,en,on upbeat US economic data,"by positive US , China data",NEGATIVE_OTHER
dico_phrasis_0002759__en-en__original,dico_phrasis_0002759,en,en,Mandela ` Inspiration ',Mandela 's inspiration effect,NEGATIVE_OTHER
dico_phrasis_0002760__en-en__original,dico_phrasis_0002760,en,en,on Syrian border,near Syrian border,NEGATIVE_OTHER
dico_phrasis_0002761__en-en__original,dico_phrasis_0002761,en,en,in long-delayed legislative poll,in legislative polls,NEGATIVE_OTHER
dico_phrasis_0002763__en-en__original,dico_phrasis_0002763,en,en,North Korea 's third test,North Korea nuclear test,NEGATIVE_OTHER
dico_phrasis_0002769__en-en__original,dico_phrasis_0002769,en,en,ailing Mandela,'s former PM Nelson Mandela,NEGATIVE_OTHER
dico_phrasis_0002771__en-en__original,dico_phrasis_0002771,en,en,6.0-magnitude quake,5.0-magnitude quake,NEGATIVE_OTHER
dico_phrasis_0002773__en-en__original,dico_phrasis_0002773,en,en,to 6.2767,to 6.1818,NEGATIVE_OTHER
dico_phrasis_0002777__en-en__original,dico_phrasis_0002777,en,en,in violent attacks,in fresh attacks,NEGATIVE_OTHER
dico_phrasis_0002780__en-en__original,dico_phrasis_0002780,en,en,over Israeli strikes,second air strike,NEGATIVE_OTHER
dico_phrasis_0002783__en-en__original,dico_phrasis_0002783,en,en,Nato troops,NATO strike,NEGATIVE_OTHER
dico_phrasis_0002785__en-en__original,dico_phrasis_0002785,en,en,of fiscal impasse,Amid Fiscal Impasse,NEGATIVE_OTHER
dico_phrasis_0002786__en-en__original,dico_phrasis_0002786,en,en,in Cairo clash,in Egypt clashes,NEGATIVE_OTHER
dico_phrasis_0002788__en-en__original,dico_phrasis_0002788,en,en,Former spokesman for U.S. President Ronald Reagan,Former Reagan spokesman Larry Speakes,NEGATIVE_OTHER
dico_phrasis_0002791__en-en__original,dico_phrasis_0002791,en,en,election,in poll bid,NEGATIVE_OTHER
dico_phrasis_0002795__en-en__original,dico_phrasis_0002795,en,en,through Midwest,U.S. Midwest,NEGATIVE_OTHER
dico_phrasis_0002797__en-en__original,dico_phrasis_0002797,en,en,loud booms,two explosions,NEGATIVE_OTHER
dico_phrasis_0002799__en-en__original,dico_phrasis_0002799,en,en,as Fed 's next chair,as New Central Bank Chief,NEGATIVE_OTHER
dico_phrasis_0002800__en-en__original,dico_phrasis_0002800,en,en,Officer,Indian policeman,NEGATIVE_OTHER
dico_phrasis_0002802__en-en__original,dico_phrasis_0002802,en,en,on iPhone disappointment,after earnings disappointment,NEGATIVE_OTHER
dico_phrasis_0002803__en-en__original,dico_phrasis_0002803,en,en,as US Federal Reserve chief,as next Federal Reserve Chair,NEGATIVE_OTHER
dico_phrasis_0002805__en-en__original,dico_phrasis_0002805,en,en,5,up to six,NEGATIVE_OTHER
dico_phrasis_0002807__en-en__original,dico_phrasis_0002807,en,en,About 60,61,NEGATIVE_OTHER
dico_phrasis_0002808__en-en__original,dico_phrasis_0002808,en,en,Iranian president,Iranian minister,NEGATIVE_OTHER
dico_phrasis_0002815__en-en__original,dico_phrasis_0002815,en,en,"Mar. 12 , 2013","June 25 , 2013",NEGATIVE_OTHER
dico_phrasis_0002817__en-en__original,dico_phrasis_0002817,en,en,over Syria,for Syria,NEGATIVE_OTHER
dico_phrasis_0002820__en-en__original,dico_phrasis_0002820,en,en,in Iraq,across Iraq,NEGATIVE_OTHER
dico_phrasis_0002831__en-en__original,dico_phrasis_0002831,en,en,female politician,5 female teachers,NEGATIVE_OTHER
dico_phrasis_0002832__en-en__original,dico_phrasis_0002832,en,en,to Boston bombing charges,in Boston Marathon bombing,NEGATIVE_OTHER
dico_phrasis_0002833__en-en__original,dico_phrasis_0002833,en,en,Cryptic crossword,Quiz crossword,NEGATIVE_OTHER
dico_phrasis_0002834__en-en__original,dico_phrasis_0002834,en,en,of breast cancer,about breast cancer,NEGATIVE_OTHER
dico_phrasis_0002836__en-en__original,dico_phrasis_0002836,en,en,raid,in Blasts,NEGATIVE_OTHER
dico_phrasis_0002837__en-en__original,dico_phrasis_0002837,en,en,offer,would grant,NEGATIVE_OTHER
dico_phrasis_0002849__en-en__original,dico_phrasis_0002849,en,en,as firefighters,fire crews,NEGATIVE_OTHER
dico_phrasis_0002850__en-en__original,dico_phrasis_0002850,en,en,labor,making progress,NEGATIVE_OTHER
dico_phrasis_0002852__en-en__original,dico_phrasis_0002852,en,en,7.2-magnitude quake,7.7-magnitude earthquake,NEGATIVE_OTHER
dico_phrasis_0002853__en-en__original,dico_phrasis_0002853,en,en,of disputed elections,in disputed vote,NEGATIVE_OTHER
dico_phrasis_0002854__en-en__original,dico_phrasis_0002854,en,en,on the latest spate,on the resumption,NEGATIVE_OTHER
dico_phrasis_0002856__en-en__original,dico_phrasis_0002856,en,en,agains NSA leaker,against Snowden over leaks,NEGATIVE_OTHER
dico_phrasis_0002861__en-en__original,dico_phrasis_0002861,en,en,in Presidential Election,Mali Presidential Election,NEGATIVE_OTHER
dico_phrasis_0002865__en-en__original,dico_phrasis_0002865,en,en,to resume,hold,NEGATIVE_OTHER
dico_phrasis_0002869__en-en__original,dico_phrasis_0002869,en,en,of Abu Qatada,radical cleric Abu Qatada,NEGATIVE_OTHER
dico_phrasis_0002870__en-en__original,dico_phrasis_0002870,en,en,as Thais Protest,Thai protest day,NEGATIVE_OTHER
dico_phrasis_0002871__en-en__original,dico_phrasis_0002871,en,en,April 23,Jan. 21,NEGATIVE_OTHER
dico_phrasis_0002873__en-en__original,dico_phrasis_0002873,en,en,3 more dead,4 dead,NEGATIVE_OTHER
dico_phrasis_0002877__en-en__original,dico_phrasis_0002877,en,en,The San Francisco plane crash,in San Francisco air crash,NEGATIVE_OTHER
dico_phrasis_0002881__en-en__original,dico_phrasis_0002881,en,en,by Israeli fire,in an Israeli Air Strike,NEGATIVE_OTHER
dico_phrasis_0002883__en-en__original,dico_phrasis_0002883,en,en,after Japanese tunnel collapses,in tunnel collapse outside Tokyo,NEGATIVE_OTHER
dico_phrasis_0002892__en-en__original,dico_phrasis_0002892,en,en,France,Most French,NEGATIVE_OTHER
dico_phrasis_0002894__en-en__original,dico_phrasis_0002894,en,en,6.2 magnitude quake,4.3-magnitude earthquake,NEGATIVE_OTHER
dico_phrasis_0002897__en-en__original,dico_phrasis_0002897,en,en,on Monday,on Thursday,NEGATIVE_OTHER
dico_phrasis_0002899__en-en__original,dico_phrasis_0002899,en,en,immune system,human immunity,NEGATIVE_OTHER
dico_phrasis_0002902__en-en__original,dico_phrasis_0002902,en,en,"300th , 301st goals",300th Barcelona goal,NEGATIVE_OTHER
dico_phrasis_0002904__en-en__original,dico_phrasis_0002904,en,en,of Christmas Day flooding,more flooding,NEGATIVE_OTHER
dico_phrasis_0002905__en-en__original,dico_phrasis_0002905,en,en,Heavy rain,Fresh rain,NEGATIVE_OTHER
dico_phrasis_0002907__en-en__original,dico_phrasis_0002907,en,en,Muslim Brotherhood assets,Muslim Brotherhood funds,NEGATIVE_OTHER
dico_phrasis_0002910__en-en__original,dico_phrasis_0002910,en,en,cancer battle new,he has skin cancer,NEGATIVE_OTHER
dico_phrasis_0002911__en-en__original,dico_phrasis_0002911,en,en,Mistake,possible ` mistake ',NEGATIVE_OTHER
dico_phrasis_0002917__en-en__original,dico_phrasis_0002917,en,en,hangs on,wins,NEGATIVE_OTHER
dico_phrasis_0002918__en-en__original,dico_phrasis_0002918,en,en,in New Orleans shooting,in NOLA Mother 's Day shooting,NEGATIVE_OTHER
dico_phrasis_0002919__en-en__original,dico_phrasis_0002919,en,en,for closely contested election,for landmark elections,NEGATIVE_OTHER
dico_phrasis_0002921__en-en__original,dico_phrasis_0002921,en,en,India to big win,India Trophy win,NEGATIVE_OTHER
dico_phrasis_0002922__en-en__original,dico_phrasis_0002922,en,en,after kidnapping,seized,NEGATIVE_OTHER
dico_phrasis_0002924__en-en__original,dico_phrasis_0002924,en,en,faces,called to account,NEGATIVE_OTHER
dico_phrasis_0002926__en-en__original,dico_phrasis_0002926,en,en,on new Italian government,Italy new coalition government,NEGATIVE_OTHER
dico_phrasis_0002929__en-en__original,dico_phrasis_0002929,en,en,in northwest Syria,in northern Syria,NEGATIVE_OTHER
dico_phrasis_0002931__en-en__original,dico_phrasis_0002931,en,en,on new constitution,on divisive constitution,NEGATIVE_OTHER
dico_phrasis_0002932__en-en__original,dico_phrasis_0002932,en,en,over alleged bribery,with accepting $ 3m bribe,NEGATIVE_OTHER
dico_phrasis_0002935__en-en__original,dico_phrasis_0002935,en,en,at 1:15 p.m. EDT,at 1:15 PM,NEGATIVE_OTHER
dico_phrasis_0002936__en-en__original,dico_phrasis_0002936,en,en,wins,is crowned,NEGATIVE_OTHER
dico_phrasis_0002939__en-en__original,dico_phrasis_0002939,en,en,China 's 1st Pilot Free Trade Zone,Shanghai Free Trade Zone,NEGATIVE_OTHER
dico_phrasis_0002940__en-en__original,dico_phrasis_0002940,en,en,in Central African Republic fighting,in Central African Republic after clashes,NEGATIVE_OTHER
dico_phrasis_0002941__en-en__original,dico_phrasis_0002941,en,en,Dozens dead,98 dead,NEGATIVE_OTHER
dico_phrasis_0002944__en-en__original,dico_phrasis_0002944,en,en,Hit,shot at,NEGATIVE_OTHER
dico_phrasis_0002945__en-en__original,dico_phrasis_0002945,en,en,after affair allegations,over affair claims,NEGATIVE_OTHER
dico_phrasis_0002953__en-en__original,dico_phrasis_0002953,en,en,over prisoner release,Palestinian prisoners release,NEGATIVE_OTHER
dico_phrasis_0002954__en-en__original,dico_phrasis_0002954,en,en,over sex claims,Over ` Sex Abuse ',NEGATIVE_OTHER
dico_phrasis_0002955__en-en__original,dico_phrasis_0002955,en,en,as clashes,in clashes,NEGATIVE_OTHER
dico_phrasis_0002956__en-en__original,dico_phrasis_0002956,en,en,Dozens die,More than 70 dead,NEGATIVE_OTHER
dico_phrasis_0002957__en-en__original,dico_phrasis_0002957,en,en,ISAF soldier,British soldier,NEGATIVE_OTHER
dico_phrasis_0002963__en-en__original,dico_phrasis_0002963,en,en,6 March 2013,12 March 2013,NEGATIVE_OTHER
dico_phrasis_0002965__en-en__original,dico_phrasis_0002965,en,en,In Election,Snap Elections,NEGATIVE_OTHER
dico_phrasis_0002968__en-en__original,dico_phrasis_0002968,en,en,in New York ambush,after deadly ambush,NEGATIVE_OTHER
dico_phrasis_0002970__en-en__original,dico_phrasis_0002970,en,en,0.39 %,0.31 pct,NEGATIVE_OTHER
dico_phrasis_0002977__en-en__original,dico_phrasis_0002977,en,en,from Bangladesh building collapse,in Bangladesh building collapse,NEGATIVE_OTHER
dico_phrasis_0002982__en-en__original,dico_phrasis_0002982,en,en,arrested Boston bomber,for Boston bomb suspect,NEGATIVE_OTHER
dico_phrasis_0002985__en-en__original,dico_phrasis_0002985,en,en,South Africans,South Africa,NEGATIVE_OTHER
dico_phrasis_0002987__en-en__original,dico_phrasis_0002987,en,en,in bomb attacks,in fresh attacks,NEGATIVE_OTHER
dico_phrasis_0002988__en-en__original,dico_phrasis_0002988,en,en,` Large and extremely dangerous ' tornado,as tornadoes,NEGATIVE_OTHER
dico_phrasis_0002990__en-en__original,dico_phrasis_0002990,en,en,on Wednesday,on Friday,NEGATIVE_OTHER
dico_phrasis_0002998__en-en__original,dico_phrasis_0002998,en,en,Red double decker bus,Double decker passenger bus,NEGATIVE_OTHER
dico_phrasis_0003001__en-en__original,dico_phrasis_0003001,en,en,posing,is standing,NEGATIVE_OTHER
dico_phrasis_0003004__en-en__original,dico_phrasis_0003004,en,en,on the tracks,on the train track,NEGATIVE_OTHER
dico_phrasis_0003005__en-en__original,dico_phrasis_0003005,en,en,on a wooden table,on a dining table,NEGATIVE_OTHER
dico_phrasis_0003008__en-en__original,dico_phrasis_0003008,en,en,are looking at,looking out,NEGATIVE_OTHER
dico_phrasis_0003011__en-en__original,dico_phrasis_0003011,en,en,on a rural road,along a dirt road,NEGATIVE_OTHER
dico_phrasis_0003012__en-en__original,dico_phrasis_0003012,en,en,Three young women,Two Indian women with two Indian girls,NEGATIVE_OTHER
dico_phrasis_0003023__en-en__original,dico_phrasis_0003023,en,en,in a living room,in a dining room,NEGATIVE_OTHER
dico_phrasis_0003029__en-en__original,dico_phrasis_0003029,en,en,A lamb,A sheep,NEGATIVE_OTHER
dico_phrasis_0003034__en-en__original,dico_phrasis_0003034,en,en,dressed,dressed up,NEGATIVE_OTHER
dico_phrasis_0003035__en-en__original,dico_phrasis_0003035,en,en,on side of street,on a crowded street,NEGATIVE_OTHER
dico_phrasis_0003036__en-en__original,dico_phrasis_0003036,en,en,A yellow and blue airplane,The white airplane,NEGATIVE_OTHER
dico_phrasis_0003038__en-en__original,dico_phrasis_0003038,en,en,in a red canoe,in a yellow canoe,NEGATIVE_OTHER
dico_phrasis_0003039__en-en__original,dico_phrasis_0003039,en,en,at sunset,near the sunset,NEGATIVE_OTHER
dico_phrasis_0003040__en-en__original,dico_phrasis_0003040,en,en,A yellow parrot,A yellow and orange bird,NEGATIVE_OTHER
dico_phrasis_0003041__en-en__original,dico_phrasis_0003041,en,en,in front of a fountain,in front of a statue,NEGATIVE_OTHER
dico_phrasis_0003042__en-en__original,dico_phrasis_0003042,en,en,on a hillside,on a hill,NEGATIVE_OTHER
dico_phrasis_0003043__en-en__original,dico_phrasis_0003043,en,en,on it,on,NEGATIVE_OTHER
dico_phrasis_0003045__en-en__original,dico_phrasis_0003045,en,en,by a lake,on the shoreline,NEGATIVE_OTHER
dico_phrasis_0003046__en-en__original,dico_phrasis_0003046,en,en,driving,is riding,NEGATIVE_OTHER
dico_phrasis_0003058__en-en__original,dico_phrasis_0003058,en,en,a white horse,a brown horse,NEGATIVE_OTHER
dico_phrasis_0003068__en-en__original,dico_phrasis_0003068,en,en,A steam engine,A train,NEGATIVE_OTHER
dico_phrasis_0003069__en-en__original,dico_phrasis_0003069,en,en,toward the camera,at the camera,NEGATIVE_OTHER
dico_phrasis_0003071__en-en__original,dico_phrasis_0003071,en,en,into the camera,at the camera,NEGATIVE_OTHER
dico_phrasis_0003073__en-en__original,dico_phrasis_0003073,en,en,along the beach,along the ocean 's shore,NEGATIVE_OTHER
dico_phrasis_0003078__en-en__original,dico_phrasis_0003078,en,en,A man,A runner,NEGATIVE_OTHER
dico_phrasis_0003079__en-en__original,dico_phrasis_0003079,en,en,on a horse,a brown horse,NEGATIVE_OTHER
dico_phrasis_0003080__en-en__original,dico_phrasis_0003080,en,en,of a person,on a person,NEGATIVE_OTHER
dico_phrasis_0003082__en-en__original,dico_phrasis_0003082,en,en,at a black sheep,at a brown sheep,NEGATIVE_OTHER
dico_phrasis_0003083__en-en__original,dico_phrasis_0003083,en,en,on a dirt bike,on a motorbike,NEGATIVE_OTHER
dico_phrasis_0003085__en-en__original,dico_phrasis_0003085,en,en,A red and blue plane,A WWII fighter plane,NEGATIVE_OTHER
dico_phrasis_0003086__en-en__original,dico_phrasis_0003086,en,en,Four women and two men,A group of people,NEGATIVE_OTHER
dico_phrasis_0003087__en-en__original,dico_phrasis_0003087,en,en,in a rural area,in a field,NEGATIVE_OTHER
dico_phrasis_0003088__en-en__original,dico_phrasis_0003088,en,en,on a carpeted floor,on white carpeting,NEGATIVE_OTHER
dico_phrasis_0003090__en-en__original,dico_phrasis_0003090,en,en,into food,a cake,NEGATIVE_OTHER
dico_phrasis_0003091__en-en__original,dico_phrasis_0003091,en,en,atop a red an yellow motorcycle,on a red and yellow motorcycle,NEGATIVE_OTHER
dico_phrasis_0003092__en-en__original,dico_phrasis_0003092,en,en,Home office space,Small office space,NEGATIVE_OTHER
dico_phrasis_0003095__en-en__original,dico_phrasis_0003095,en,en,A green and white cargo plane,White and green commercial airliner,NEGATIVE_OTHER
dico_phrasis_0003098__en-en__original,dico_phrasis_0003098,en,en,his dirt bike,on a bike,NEGATIVE_OTHER
dico_phrasis_0003100__en-en__original,dico_phrasis_0003100,en,en,on the green hill,on a hillside,NEGATIVE_OTHER
dico_phrasis_0003101__en-en__original,dico_phrasis_0003101,en,en,along a runway,on the tarmac,NEGATIVE_OTHER
dico_phrasis_0003102__en-en__original,dico_phrasis_0003102,en,en,Domestic cat,A white cat,NEGATIVE_OTHER
dico_phrasis_0003103__en-en__original,dico_phrasis_0003103,en,en,down the sidewalk,along the sidewalk,NEGATIVE_OTHER
dico_phrasis_0003104__en-en__original,dico_phrasis_0003104,en,en,by a shop,outside a book store,NEGATIVE_OTHER
dico_phrasis_0003105__en-en__original,dico_phrasis_0003105,en,en,through the streets,down a street,NEGATIVE_OTHER
dico_phrasis_0003106__en-en__original,dico_phrasis_0003106,en,en,on a brown table,on a wooden table,NEGATIVE_OTHER
dico_phrasis_0003109__en-en__original,dico_phrasis_0003109,en,en,A young girl,a little girl,NEGATIVE_OTHER
dico_phrasis_0003111__en-en__original,dico_phrasis_0003111,en,en,with wooden cabinets and furniture,with wooden table and cabinets,NEGATIVE_OTHER
dico_phrasis_0003113__en-en__original,dico_phrasis_0003113,en,en,A green steam engine,A black steam train,NEGATIVE_OTHER
dico_phrasis_0003116__en-en__original,dico_phrasis_0003116,en,en,A young woman,TThe girl,NEGATIVE_OTHER
dico_phrasis_0003117__en-en__original,dico_phrasis_0003117,en,en,Three people,Two elderly women,NEGATIVE_OTHER
dico_phrasis_0003121__en-en__original,dico_phrasis_0003121,en,en,inside a train station,at the train station,NEGATIVE_OTHER
dico_phrasis_0003130__en-en__original,dico_phrasis_0003130,en,en,of a bottle,A bottle of water,NEGATIVE_OTHER
dico_phrasis_0003131__en-en__original,dico_phrasis_0003131,en,en,of the yard,in the field,NEGATIVE_OTHER
dico_phrasis_0003132__en-en__original,dico_phrasis_0003132,en,en,A lone cow,a black and white cow,NEGATIVE_OTHER
dico_phrasis_0003134__en-en__original,dico_phrasis_0003134,en,en,at the dinner table,around a dining table,NEGATIVE_OTHER
dico_phrasis_0003135__en-en__original,dico_phrasis_0003135,en,en,An older Asian couple,A group of elderly people,NEGATIVE_OTHER
dico_phrasis_0003137__en-en__original,dico_phrasis_0003137,en,en,A young woman,A man,NEGATIVE_OTHER
dico_phrasis_0003140__en-en__original,dico_phrasis_0003140,en,en,A black train,A long train,NEGATIVE_OTHER
dico_phrasis_0003146__en-en__original,dico_phrasis_0003146,en,en,Black bird,Blue bird,NEGATIVE_OTHER
dico_phrasis_0003150__en-en__original,dico_phrasis_0003150,en,en,down the road,on the road,NEGATIVE_OTHER
dico_phrasis_0003151__en-en__original,dico_phrasis_0003151,en,en,A longed-haired cat,of a cat,NEGATIVE_OTHER
dico_phrasis_0003153__en-en__original,dico_phrasis_0003153,en,en,with computer monitor,with two monitors,NEGATIVE_OTHER
dico_phrasis_0003154__en-en__original,dico_phrasis_0003154,en,en,at a coffee house,of a coffee shop,NEGATIVE_OTHER
dico_phrasis_0003155__en-en__original,dico_phrasis_0003155,en,en,on a crowded street,on a city street,NEGATIVE_OTHER
dico_phrasis_0003156__en-en__original,dico_phrasis_0003156,en,en,of a Chevrolet sports car,of a red Chevrolet concept car,NEGATIVE_OTHER
dico_phrasis_0003169__en-en__original,dico_phrasis_0003169,en,en,of a dairy cow,The black and brown cow,NEGATIVE_OTHER
dico_phrasis_0003172__en-en__original,dico_phrasis_0003172,en,en,in front of a building,outside a decrepit building,NEGATIVE_OTHER
dico_phrasis_0003173__en-en__original,dico_phrasis_0003173,en,en,of an orange SUV,of a very full yellow van,NEGATIVE_OTHER
dico_phrasis_0003177__en-en__original,dico_phrasis_0003177,en,en,A large jet,A passenger jet,NEGATIVE_OTHER
dico_phrasis_0003180__en-en__original,dico_phrasis_0003180,en,en,at a table,around a table,NEGATIVE_OTHER
dico_phrasis_0003181__en-en__original,dico_phrasis_0003181,en,en,a dirt bike,a motorbike,NEGATIVE_OTHER
dico_phrasis_0003194__en-en__original,dico_phrasis_0003194,en,en,behind a fence,behind a metal gate,NEGATIVE_OTHER
dico_phrasis_0003198__en-en__original,dico_phrasis_0003198,en,en,A Victory Liner bus,A white tour bus,NEGATIVE_OTHER
dico_phrasis_0003201__en-en__original,dico_phrasis_0003201,en,en,with a yawning baby,with a newborn baby,NEGATIVE_OTHER
dico_phrasis_0003202__en-en__original,dico_phrasis_0003202,en,en,going down,gliding,NEGATIVE_OTHER
dico_phrasis_0003206__en-en__original,dico_phrasis_0003206,en,en,from a bird feeder,on the bird feeder,NEGATIVE_OTHER
dico_phrasis_0003207__en-en__original,dico_phrasis_0003207,en,en,near a stand,in front of a line,NEGATIVE_OTHER
dico_phrasis_0003208__en-en__original,dico_phrasis_0003208,en,en,a gray jacket,in a pet jacket,NEGATIVE_OTHER
dico_phrasis_0003225__en-en__original,dico_phrasis_0003225,en,en,on brown table,on a dining table,NEGATIVE_OTHER
dico_phrasis_0003228__en-en__original,dico_phrasis_0003228,en,en,a small bicycle,on a bike,NEGATIVE_OTHER
dico_phrasis_0003230__en-en__original,dico_phrasis_0003230,en,en,Two women,Three men,NEGATIVE_OTHER
dico_phrasis_0003231__en-en__original,dico_phrasis_0003231,en,en,are standing,is standing,NEGATIVE_OTHER
dico_phrasis_0003233__en-en__original,dico_phrasis_0003233,en,en,on a leather chair,on an office chair,NEGATIVE_OTHER
dico_phrasis_0003234__en-en__original,dico_phrasis_0003234,en,en,A orange and white cat,A ginger cat,NEGATIVE_OTHER
dico_phrasis_0003235__en-en__original,dico_phrasis_0003235,en,en,on the tracks,down the track,NEGATIVE_OTHER
dico_phrasis_0003238__en-en__original,dico_phrasis_0003238,en,en,taking on,is picking up,NEGATIVE_OTHER
dico_phrasis_0003239__en-en__original,dico_phrasis_0003239,en,en,of a glass bottle of Coca Cola,of a short squat Coca-cola bottle,NEGATIVE_OTHER
dico_phrasis_0003240__en-en__original,dico_phrasis_0003240,en,en,with two men,with two other people,NEGATIVE_OTHER
dico_phrasis_0003242__en-en__original,dico_phrasis_0003242,en,en,pushing,is steering,NEGATIVE_OTHER
dico_phrasis_0003244__en-en__original,dico_phrasis_0003244,en,en,towards water feeder,near bird feeders,NEGATIVE_OTHER
dico_phrasis_0003247__en-en__original,dico_phrasis_0003247,en,en,with one person,as one,NEGATIVE_OTHER
dico_phrasis_0003248__en-en__original,dico_phrasis_0003248,en,en,A horse rider,A woman,NEGATIVE_OTHER
dico_phrasis_0003255__en-en__original,dico_phrasis_0003255,en,en,A black and white photo,A black and white scene,NEGATIVE_OTHER
dico_phrasis_0003257__en-en__original,dico_phrasis_0003257,en,en,on a cream sofa,on a white sofa,NEGATIVE_OTHER
dico_phrasis_0003258__en-en__original,dico_phrasis_0003258,en,en,of a cat,A siamese cat,NEGATIVE_OTHER
dico_phrasis_0003260__en-en__original,dico_phrasis_0003260,en,en,are being rounded up,are chased,NEGATIVE_OTHER
dico_phrasis_0003261__en-en__original,dico_phrasis_0003261,en,en,A black dog,A long-haired dog,NEGATIVE_OTHER
dico_phrasis_0003262__en-en__original,dico_phrasis_0003262,en,en,on the median,on a patch,NEGATIVE_OTHER
dico_phrasis_0003265__en-en__original,dico_phrasis_0003265,en,en,A small white cat,Grey and white cat,NEGATIVE_OTHER
dico_phrasis_0003266__en-en__original,dico_phrasis_0003266,en,en,a sweater,a jacket,NEGATIVE_OTHER
dico_phrasis_0003269__en-en__original,dico_phrasis_0003269,en,en,on a dirt track,over dirt hill,NEGATIVE_OTHER
dico_phrasis_0003270__en-en__original,dico_phrasis_0003270,en,en,A woman,A girl,NEGATIVE_OTHER
dico_phrasis_0003271__en-en__original,dico_phrasis_0003271,en,en,A black and white horned cow,A large black and white cow,NEGATIVE_OTHER
dico_phrasis_0003273__en-en__original,dico_phrasis_0003273,en,en,Two ducks,The birds,NEGATIVE_OTHER
dico_phrasis_0003274__en-en__original,dico_phrasis_0003274,en,en,The brown train,The white train,NEGATIVE_OTHER
dico_phrasis_0003277__en-en__original,dico_phrasis_0003277,en,en,on a grassy hill,over dirt hill,NEGATIVE_OTHER
dico_phrasis_0003279__en-en__original,dico_phrasis_0003279,en,en,A women,A man and boy,NEGATIVE_OTHER
dico_phrasis_0003282__en-en__original,dico_phrasis_0003282,en,en,in a black uniform,in a tux,NEGATIVE_OTHER
dico_phrasis_0003284__en-en__original,dico_phrasis_0003284,en,en,inside of a wooden building,in a wooden stall,NEGATIVE_OTHER
dico_phrasis_0003287__en-en__original,dico_phrasis_0003287,en,en,inside of a sink,in bathroom sink,NEGATIVE_OTHER
dico_phrasis_0003288__en-en__original,dico_phrasis_0003288,en,en,a small boat,in a sailboat,NEGATIVE_OTHER
dico_phrasis_0003291__en-en__original,dico_phrasis_0003291,en,en,Dark colored dog,A gray dog,NEGATIVE_OTHER
dico_phrasis_0003292__en-en__original,dico_phrasis_0003292,en,en,one white,the other white,NEGATIVE_OTHER
dico_phrasis_0003293__en-en__original,dico_phrasis_0003293,en,en,one brown,one ginger,NEGATIVE_OTHER
dico_phrasis_0003295__en-en__original,dico_phrasis_0003295,en,en,Large silver locomotive engine,of a silver train engine,NEGATIVE_OTHER
dico_phrasis_0003296__en-en__original,dico_phrasis_0003296,en,en,A small red car,Red sports car,NEGATIVE_OTHER
dico_phrasis_0003297__en-en__original,dico_phrasis_0003297,en,en,A television with several bookcases,"with a television , stereo and bookshelf",NEGATIVE_OTHER
dico_phrasis_0003298__en-en__original,dico_phrasis_0003298,en,en,of cows,of cattle,NEGATIVE_OTHER
dico_phrasis_0003299__en-en__original,dico_phrasis_0003299,en,en,at an airfield,in an airport,NEGATIVE_OTHER
dico_phrasis_0003300__en-en__original,dico_phrasis_0003300,en,en,of a love seat,of couch,NEGATIVE_OTHER
dico_phrasis_0003301__en-en__original,dico_phrasis_0003301,en,en,A blue and orange airplane,A red and blue plane,NEGATIVE_OTHER
dico_phrasis_0003303__en-en__original,dico_phrasis_0003303,en,en,A laptop computer and a computer monitor,A laptop and a PC,NEGATIVE_OTHER
dico_phrasis_0003308__en-en__original,dico_phrasis_0003308,en,en,in hay,on the grass,NEGATIVE_OTHER
dico_phrasis_0003315__en-en__original,dico_phrasis_0003315,en,en,on a brown chair,on a yellow chair,NEGATIVE_OTHER
dico_phrasis_0003316__en-en__original,dico_phrasis_0003316,en,en,of a sheep,of a lamb,NEGATIVE_OTHER
dico_phrasis_0003318__en-en__original,dico_phrasis_0003318,en,en,A man,A women,NEGATIVE_OTHER
