instance_id,label
dico_phrasis_0000001__en-en__flipped,
dico_phrasis_0000001__en-en__original,
dico_phrasis_0000003__en-en__flipped,
dico_phrasis_0000003__en-en__original,
dico_phrasis_0000005__en-en__flipped,
dico_phrasis_0000005__en-en__original,
dico_phrasis_0000006__en-en__flipped,
dico_phrasis_0000006__en-en__original,
dico_phrasis_0000009__en-en__flipped,
dico_phrasis_0000009__en-en__original,
dico_phrasis_0000011__en-en__flipped,
dico_phrasis_0000011__en-en__original,
dico_phrasis_0000012__en-en__flipped,
dico_phrasis_0000012__en-en__original,
dico_phrasis_0000013__en-en__flipped,
dico_phrasis_0000013__en-en__original,
dico_phrasis_0000014__en-en__flipped,
dico_phrasis_0000014__en-en__original,
dico_phrasis_0000015__en-en__flipped,
dico_phrasis_0000015__en-en__original,
dico_phrasis_0000016__en-en__flipped,
dico_phrasis_0000016__en-en__original,
dico_phrasis_0000017__en-en__flipped,
dico_phrasis_0000017__en-en__original,
dico_phrasis_0000020__en-en__flipped,
dico_phrasis_0000020__en-en__original,
dico_phrasis_0000022__en-en__flipped,
dico_phrasis_0000022__en-en__original,
dico_phrasis_0000025__en-en__flipped,
dico_phrasis_0000025__en-en__original,
dico_phrasis_0000027__en-en__flipped,
dico_phrasis_0000027__en-en__original,
dico_phrasis_0000028__en-en__flipped,
dico_phrasis_0000028__en-en__original,
dico_phrasis_0000029__en-en__flipped,
dico_phrasis_0000029__en-en__original,
dico_phrasis_0000033__en-en__flipped,
dico_phrasis_0000033__en-en__original,
dico_phrasis_0000036__en-en__flipped,
dico_phrasis_0000036__en-en__original,
dico_phrasis_0000037__en-en__flipped,
dico_phrasis_0000037__en-en__original,
dico_phrasis_0000038__en-en__flipped,
dico_phrasis_0000038__en-en__original,
dico_phrasis_0000039__en-en__flipped,
dico_phrasis_0000039__en-en__original,
dico_phrasis_0000042__en-en__flipped,
dico_phrasis_0000042__en-en__original,
dico_phrasis_0000043__en-en__flipped,
dico_phrasis_0000043__en-en__original,
dico_phrasis_0000044__en-en__flipped,
dico_phrasis_0000044__en-en__original,
dico_phrasis_0000045__en-en__flipped,
dico_phrasis_0000045__en-en__original,
dico_phrasis_0000047__en-en__flipped,
dico_phrasis_0000047__en-en__original,
dico_phrasis_0000048__en-en__flipped,
dico_phrasis_0000048__en-en__original,
dico_phrasis_0000049__en-en__flipped,
dico_phrasis_0000049__en-en__original,
dico_phrasis_0000050__en-en__flipped,
dico_phrasis_0000050__en-en__original,
dico_phrasis_0000051__en-en__flipped,
dico_phrasis_0000051__en-en__original,
dico_phrasis_0000052__en-en__flipped,
dico_phrasis_0000052__en-en__original,
dico_phrasis_0000053__en-en__flipped,
dico_phrasis_0000053__en-en__original,
dico_phrasis_0000054__en-en__flipped,
dico_phrasis_0000054__en-en__original,
dico_phrasis_0000055__en-en__flipped,
dico_phrasis_0000055__en-en__original,
dico_phrasis_0000057__en-en__flipped,
dico_phrasis_0000057__en-en__original,
dico_phrasis_0000058__en-en__flipped,
dico_phrasis_0000058__en-en__original,
dico_phrasis_0000060__en-en__flipped,
dico_phrasis_0000060__en-en__original,
dico_phrasis_0000061__en-en__flipped,
dico_phrasis_0000061__en-en__original,
dico_phrasis_0000062__en-en__flipped,
dico_phrasis_0000062__en-en__original,
dico_phrasis_0000063__en-en__flipped,
dico_phrasis_0000063__en-en__original,
dico_phrasis_0000065__en-en__flipped,
dico_phrasis_0000065__en-en__original,
dico_phrasis_0000066__en-en__flipped,
dico_phrasis_0000066__en-en__original,
dico_phrasis_0000068__en-en__flipped,
dico_phrasis_0000068__en-en__original,
dico_phrasis_0000069__en-en__flipped,
dico_phrasis_0000069__en-en__original,
dico_phrasis_0000072__en-en__flipped,
dico_phrasis_0000072__en-en__original,
dico_phrasis_0000073__en-en__flipped,
dico_phrasis_0000073__en-en__original,
dico_phrasis_0000074__en-en__flipped,
dico_phrasis_0000074__en-en__original,
dico_phrasis_0000075__en-en__flipped,
dico_phrasis_0000075__en-en__original,
dico_phrasis_0000076__en-en__flipped,
dico_phrasis_0000076__en-en__original,
dico_phrasis_0000077__en-en__flipped,
dico_phrasis_0000077__en-en__original,
dico_phrasis_0000079__en-en__flipped,
dico_phrasis_0000079__en-en__original,
dico_phrasis_0000080__en-en__flipped,
dico_phrasis_0000080__en-en__original,
dico_phrasis_0000082__en-en__flipped,
dico_phrasis_0000082__en-en__original,
dico_phrasis_0000083__en-en__flipped,
dico_phrasis_0000083__en-en__original,
dico_phrasis_0000085__en-en__flipped,
dico_phrasis_0000085__en-en__original,
dico_phrasis_0000086__en-en__flipped,
dico_phrasis_0000086__en-en__original,
dico_phrasis_0000088__en-en__flipped,
dico_phrasis_0000088__en-en__original,
dico_phrasis_0000089__en-en__flipped,
dico_phrasis_0000089__en-en__original,
dico_phrasis_0000090__en-en__flipped,
dico_phrasis_0000090__en-en__original,
dico_phrasis_0000091__en-en__flipped,
dico_phrasis_0000091__en-en__original,
dico_phrasis_0000095__en-en__flipped,
dico_phrasis_0000095__en-en__original,
dico_phrasis_0000097__en-en__flipped,
dico_phrasis_0000097__en-en__original,
dico_phrasis_0000098__en-en__flipped,
dico_phrasis_0000098__en-en__original,
dico_phrasis_0000100__en-en__flipped,
dico_phrasis_0000100__en-en__original,
dico_phrasis_0000102__en-en__flipped,
dico_phrasis_0000102__en-en__original,
dico_phrasis_0000103__en-en__flipped,
dico_phrasis_0000103__en-en__original,
dico_phrasis_0000104__en-en__flipped,
dico_phrasis_0000104__en-en__original,
dico_phrasis_0000105__en-en__flipped,
dico_phrasis_0000105__en-en__original,
dico_phrasis_0000107__en-en__flipped,
dico_phrasis_0000107__en-en__original,
dico_phrasis_0000108__en-en__flipped,
dico_phrasis_0000108__en-en__original,
dico_phrasis_0000109__en-en__flipped,
dico_phrasis_0000109__en-en__original,
dico_phrasis_0000110__en-en__flipped,
dico_phrasis_0000110__en-en__original,
dico_phrasis_0000112__en-en__flipped,
dico_phrasis_0000112__en-en__original,
dico_phrasis_0000113__en-en__flipped,
dico_phrasis_0000113__en-en__original,
dico_phrasis_0000115__en-en__flipped,
dico_phrasis_0000115__en-en__original,
dico_phrasis_0000116__en-en__flipped,
dico_phrasis_0000116__en-en__original,
dico_phrasis_0000117__en-en__flipped,
dico_phrasis_0000117__en-en__original,
dico_phrasis_0000119__en-en__flipped,
dico_phrasis_0000119__en-en__original,
dico_phrasis_0000121__en-en__flipped,
dico_phrasis_0000121__en-en__original,
dico_phrasis_0000122__en-en__flipped,
dico_phrasis_0000122__en-en__original,
dico_phrasis_0000124__en-en__flipped,
dico_phrasis_0000124__en-en__original,
dico_phrasis_0000126__en-en__flipped,
dico_phrasis_0000126__en-en__original,
dico_phrasis_0000127__en-en__flipped,
dico_phrasis_0000127__en-en__original,
dico_phrasis_0000128__en-en__flipped,
dico_phrasis_0000128__en-en__original,
dico_phrasis_0000129__en-en__flipped,
dico_phrasis_0000129__en-en__original,
dico_phrasis_0000131__en-en__flipped,
dico_phrasis_0000131__en-en__original,
dico_phrasis_0000132__en-en__flipped,
dico_phrasis_0000132__en-en__original,
dico_phrasis_0000134__en-en__flipped,
dico_phrasis_0000134__en-en__original,
dico_phrasis_0000135__en-en__flipped,
dico_phrasis_0000135__en-en__original,
dico_phrasis_0000136__en-en__flipped,
dico_phrasis_0000136__en-en__original,
dico_phrasis_0000137__en-en__flipped,
dico_phrasis_0000137__en-en__original,
dico_phrasis_0000140__en-en__flipped,
dico_phrasis_0000140__en-en__original,
dico_phrasis_0000142__en-en__flipped,
dico_phrasis_0000142__en-en__original,
dico_phrasis_0000144__en-en__flipped,
dico_phrasis_0000144__en-en__original,
dico_phrasis_0000146__en-en__flipped,
dico_phrasis_0000146__en-en__original,
dico_phrasis_0000147__en-en__flipped,
dico_phrasis_0000147__en-en__original,
dico_phrasis_0000148__en-en__flipped,
dico_phrasis_0000148__en-en__original,
dico_phrasis_0000149__en-en__flipped,
dico_phrasis_0000149__en-en__original,
dico_phrasis_0000150__en-en__flipped,
dico_phrasis_0000150__en-en__original,
dico_phrasis_0000151__en-en__flipped,
dico_phrasis_0000151__en-en__original,
dico_phrasis_0000152__en-en__flipped,
dico_phrasis_0000152__en-en__original,
dico_phrasis_0000153__en-en__flipped,
dico_phrasis_0000153__en-en__original,
dico_phrasis_0000154__en-en__flipped,
dico_phrasis_0000154__en-en__original,
dico_phrasis_0000156__en-en__flipped,
dico_phrasis_0000156__en-en__original,
dico_phrasis_0000157__en-en__flipped,
dico_phrasis_0000157__en-en__original,
dico_phrasis_0000159__en-en__flipped,
dico_phrasis_0000159__en-en__original,
dico_phrasis_0000160__en-en__flipped,
dico_phrasis_0000160__en-en__original,
dico_phrasis_0000161__en-en__flipped,
dico_phrasis_0000161__en-en__original,
dico_phrasis_0000163__en-en__flipped,
dico_phrasis_0000163__en-en__original,
dico_phrasis_0000166__en-en__flipped,
dico_phrasis_0000166__en-en__original,
dico_phrasis_0000167__en-en__flipped,
dico_phrasis_0000167__en-en__original,
dico_phrasis_0000168__en-en__flipped,
dico_phrasis_0000168__en-en__original,
dico_phrasis_0000169__en-en__flipped,
dico_phrasis_0000169__en-en__original,
dico_phrasis_0000170__en-en__flipped,
dico_phrasis_0000170__en-en__original,
dico_phrasis_0000171__en-en__flipped,
dico_phrasis_0000171__en-en__original,
dico_phrasis_0000172__en-en__flipped,
dico_phrasis_0000172__en-en__original,
dico_phrasis_0000173__en-en__flipped,
dico_phrasis_0000173__en-en__original,
dico_phrasis_0000175__en-en__flipped,
dico_phrasis_0000175__en-en__original,
dico_phrasis_0000176__en-en__flipped,
dico_phrasis_0000176__en-en__original,
dico_phrasis_0000177__en-en__flipped,
dico_phrasis_0000177__en-en__original,
dico_phrasis_0000178__en-en__flipped,
dico_phrasis_0000178__en-en__original,
dico_phrasis_0000180__en-en__flipped,
dico_phrasis_0000180__en-en__original,
dico_phrasis_0000181__en-en__flipped,
dico_phrasis_0000181__en-en__original,
dico_phrasis_0000183__en-en__flipped,
dico_phrasis_0000183__en-en__original,
dico_phrasis_0000184__en-en__flipped,
dico_phrasis_0000184__en-en__original,
dico_phrasis_0000186__en-en__flipped,
dico_phrasis_0000186__en-en__original,
dico_phrasis_0000189__en-en__flipped,
dico_phrasis_0000189__en-en__original,
dico_phrasis_0000191__en-en__flipped,
dico_phrasis_0000191__en-en__original,
dico_phrasis_0000193__en-en__flipped,
dico_phrasis_0000193__en-en__original,
dico_phrasis_0000194__en-en__flipped,
dico_phrasis_0000194__en-en__original,
dico_phrasis_0000195__en-en__flipped,
dico_phrasis_0000195__en-en__original,
dico_phrasis_0000196__en-en__flipped,
dico_phrasis_0000196__en-en__original,
dico_phrasis_0000200__en-en__flipped,
dico_phrasis_0000200__en-en__original,
dico_phrasis_0000201__en-en__flipped,
dico_phrasis_0000201__en-en__original,
dico_phrasis_0000202__en-en__flipped,
dico_phrasis_0000202__en-en__original,
dico_phrasis_0000203__en-en__flipped,
dico_phrasis_0000203__en-en__original,
dico_phrasis_0000204__en-en__flipped,
dico_phrasis_0000204__en-en__original,
dico_phrasis_0000205__en-en__flipped,
dico_phrasis_0000205__en-en__original,
dico_phrasis_0000206__en-en__flipped,
dico_phrasis_0000206__en-en__original,
dico_phrasis_0000207__en-en__flipped,
dico_phrasis_0000207__en-en__original,
dico_phrasis_0000208__en-en__flipped,
dico_phrasis_0000208__en-en__original,
dico_phrasis_0000209__en-en__flipped,
dico_phrasis_0000209__en-en__original,
dico_phrasis_0000210__en-en__flipped,
dico_phrasis_0000210__en-en__original,
dico_phrasis_0000211__en-en__flipped,
dico_phrasis_0000211__en-en__original,
dico_phrasis_0000212__en-en__flipped,
dico_phrasis_0000212__en-en__original,
dico_phrasis_0000213__en-en__flipped,
dico_phrasis_0000213__en-en__original,
dico_phrasis_0000214__en-en__flipped,
dico_phrasis_0000214__en-en__original,
dico_phrasis_0000215__en-en__flipped,
dico_phrasis_0000215__en-en__original,
dico_phrasis_0000216__en-en__flipped,
dico_phrasis_0000216__en-en__original,
dico_phrasis_0000217__en-en__flipped,
dico_phrasis_0000217__en-en__original,
dico_phrasis_0000218__en-en__flipped,
dico_phrasis_0000218__en-en__original,
dico_phrasis_0000220__en-en__flipped,
dico_phrasis_0000220__en-en__original,
dico_phrasis_0000222__en-en__flipped,
dico_phrasis_0000222__en-en__original,
dico_phrasis_0000227__en-en__flipped,
dico_phrasis_0000227__en-en__original,
dico_phrasis_0000228__en-en__flipped,
dico_phrasis_0000228__en-en__original,
dico_phrasis_0000229__en-en__flipped,
dico_phrasis_0000229__en-en__original,
dico_phrasis_0000230__en-en__flipped,
dico_phrasis_0000230__en-en__original,
dico_phrasis_0000231__en-en__flipped,
dico_phrasis_0000231__en-en__original,
dico_phrasis_0000233__en-en__flipped,
dico_phrasis_0000233__en-en__original,
dico_phrasis_0000234__en-en__flipped,
dico_phrasis_0000234__en-en__original,
dico_phrasis_0000235__en-en__flipped,
dico_phrasis_0000235__en-en__original,
dico_phrasis_0000236__en-en__flipped,
dico_phrasis_0000236__en-en__original,
dico_phrasis_0000237__en-en__flipped,
dico_phrasis_0000237__en-en__original,
dico_phrasis_0000238__en-en__flipped,
dico_phrasis_0000238__en-en__original,
dico_phrasis_0000239__en-en__flipped,
dico_phrasis_0000239__en-en__original,
dico_phrasis_0000242__en-en__flipped,
dico_phrasis_0000242__en-en__original,
dico_phrasis_0000243__en-en__flipped,
dico_phrasis_0000243__en-en__original,
dico_phrasis_0000244__en-en__flipped,
dico_phrasis_0000244__en-en__original,
dico_phrasis_0000245__en-en__flipped,
dico_phrasis_0000245__en-en__original,
dico_phrasis_0000247__en-en__flipped,
dico_phrasis_0000247__en-en__original,
dico_phrasis_0000248__en-en__flipped,
dico_phrasis_0000248__en-en__original,
dico_phrasis_0000251__en-en__flipped,
dico_phrasis_0000251__en-en__original,
dico_phrasis_0000252__en-en__flipped,
dico_phrasis_0000252__en-en__original,
dico_phrasis_0000253__en-en__flipped,
dico_phrasis_0000253__en-en__original,
dico_phrasis_0000254__en-en__flipped,
dico_phrasis_0000254__en-en__original,
dico_phrasis_0000256__en-en__flipped,
dico_phrasis_0000256__en-en__original,
dico_phrasis_0000257__en-en__flipped,
dico_phrasis_0000257__en-en__original,
dico_phrasis_0000258__en-en__flipped,
dico_phrasis_0000258__en-en__original,
dico_phrasis_0000260__en-en__flipped,
dico_phrasis_0000260__en-en__original,
dico_phrasis_0000261__en-en__flipped,
dico_phrasis_0000261__en-en__original,
dico_phrasis_0000265__en-en__flipped,
dico_phrasis_0000265__en-en__original,
dico_phrasis_0000266__en-en__flipped,
dico_phrasis_0000266__en-en__original,
dico_phrasis_0000267__en-en__flipped,
dico_phrasis_0000267__en-en__original,
dico_phrasis_0000269__en-en__flipped,
dico_phrasis_0000269__en-en__original,
dico_phrasis_0000270__en-en__flipped,
dico_phrasis_0000270__en-en__original,
dico_phrasis_0000272__en-en__flipped,
dico_phrasis_0000272__en-en__original,
dico_phrasis_0000273__en-en__flipped,
dico_phrasis_0000273__en-en__original,
dico_phrasis_0000274__en-en__flipped,
dico_phrasis_0000274__en-en__original,
dico_phrasis_0000276__en-en__flipped,
dico_phrasis_0000276__en-en__original,
dico_phrasis_0000278__en-en__flipped,
dico_phrasis_0000278__en-en__original,
dico_phrasis_0000280__en-en__flipped,
dico_phrasis_0000280__en-en__original,
dico_phrasis_0000282__en-en__flipped,
dico_phrasis_0000282__en-en__original,
dico_phrasis_0000285__en-en__flipped,
dico_phrasis_0000285__en-en__original,
dico_phrasis_0000286__en-en__flipped,
dico_phrasis_0000286__en-en__original,
dico_phrasis_0000287__en-en__flipped,
dico_phrasis_0000287__en-en__original,
dico_phrasis_0000289__en-en__flipped,
dico_phrasis_0000289__en-en__original,
dico_phrasis_0000291__en-en__flipped,
dico_phrasis_0000291__en-en__original,
dico_phrasis_0000292__en-en__flipped,
dico_phrasis_0000292__en-en__original,
dico_phrasis_0000293__en-en__flipped,
dico_phrasis_0000293__en-en__original,
dico_phrasis_0000296__en-en__flipped,
dico_phrasis_0000296__en-en__original,
dico_phrasis_0000297__en-en__flipped,
dico_phrasis_0000297__en-en__original,
dico_phrasis_0000298__en-en__flipped,
dico_phrasis_0000298__en-en__original,
dico_phrasis_0000300__en-en__flipped,
dico_phrasis_0000300__en-en__original,
dico_phrasis_0000301__en-en__flipped,
dico_phrasis_0000301__en-en__original,
dico_phrasis_0000302__en-en__flipped,
dico_phrasis_0000302__en-en__original,
dico_phrasis_0000304__en-en__flipped,
dico_phrasis_0000304__en-en__original,
dico_phrasis_0000305__en-en__flipped,
dico_phrasis_0000305__en-en__original,
dico_phrasis_0000307__en-en__flipped,
dico_phrasis_0000307__en-en__original,
dico_phrasis_0000310__en-en__flipped,
dico_phrasis_0000310__en-en__original,
dico_phrasis_0000311__en-en__flipped,
dico_phrasis_0000311__en-en__original,
dico_phrasis_0000314__en-en__flipped,
dico_phrasis_0000314__en-en__original,
dico_phrasis_0000315__en-en__flipped,
dico_phrasis_0000315__en-en__original,
dico_phrasis_0000316__en-en__flipped,
dico_phrasis_0000316__en-en__original,
dico_phrasis_0000317__en-en__flipped,
dico_phrasis_0000317__en-en__original,
dico_phrasis_0000318__en-en__flipped,
dico_phrasis_0000318__en-en__original,
dico_phrasis_0000319__en-en__flipped,
dico_phrasis_0000319__en-en__original,
dico_phrasis_0000320__en-en__flipped,
dico_phrasis_0000320__en-en__original,
dico_phrasis_0000321__en-en__flipped,
dico_phrasis_0000321__en-en__original,
dico_phrasis_0000322__en-en__flipped,
dico_phrasis_0000322__en-en__original,
dico_phrasis_0000323__en-en__flipped,
dico_phrasis_0000323__en-en__original,
dico_phrasis_0000324__en-en__flipped,
dico_phrasis_0000324__en-en__original,
dico_phrasis_0000325__en-en__flipped,
dico_phrasis_0000325__en-en__original,
dico_phrasis_0000327__en-en__flipped,
dico_phrasis_0000327__en-en__original,
dico_phrasis_0000332__en-en__flipped,
dico_phrasis_0000332__en-en__original,
dico_phrasis_0000333__en-en__flipped,
dico_phrasis_0000333__en-en__original,
dico_phrasis_0000334__en-en__flipped,
dico_phrasis_0000334__en-en__original,
dico_phrasis_0000335__en-en__flipped,
dico_phrasis_0000335__en-en__original,
dico_phrasis_0000336__en-en__flipped,
dico_phrasis_0000336__en-en__original,
dico_phrasis_0000337__en-en__flipped,
dico_phrasis_0000337__en-en__original,
dico_phrasis_0000341__en-en__flipped,
dico_phrasis_0000341__en-en__original,
dico_phrasis_0000343__en-en__flipped,
dico_phrasis_0000343__en-en__original,
dico_phrasis_0000344__en-en__flipped,
dico_phrasis_0000344__en-en__original,
dico_phrasis_0000346__en-en__flipped,
dico_phrasis_0000346__en-en__original,
dico_phrasis_0000347__en-en__flipped,
dico_phrasis_0000347__en-en__original,
dico_phrasis_0000348__en-en__flipped,
dico_phrasis_0000348__en-en__original,
dico_phrasis_0000349__en-en__flipped,
dico_phrasis_0000349__en-en__original,
dico_phrasis_0000351__en-en__flipped,
dico_phrasis_0000351__en-en__original,
dico_phrasis_0000353__en-en__flipped,
dico_phrasis_0000353__en-en__original,
dico_phrasis_0000354__en-en__flipped,
dico_phrasis_0000354__en-en__original,
dico_phrasis_0000355__en-en__flipped,
dico_phrasis_0000355__en-en__original,
dico_phrasis_0000356__en-en__flipped,
dico_phrasis_0000356__en-en__original,
dico_phrasis_0000357__en-en__flipped,
dico_phrasis_0000357__en-en__original,
dico_phrasis_0000358__en-en__flipped,
dico_phrasis_0000358__en-en__original,
dico_phrasis_0000359__en-en__flipped,
dico_phrasis_0000359__en-en__original,
dico_phrasis_0000360__en-en__flipped,
dico_phrasis_0000360__en-en__original,
dico_phrasis_0000361__en-en__flipped,
dico_phrasis_0000361__en-en__original,
dico_phrasis_0000362__en-en__flipped,
dico_phrasis_0000362__en-en__original,
dico_phrasis_0000363__en-en__flipped,
dico_phrasis_0000363__en-en__original,
dico_phrasis_0000364__en-en__flipped,
dico_phrasis_0000364__en-en__original,
dico_phrasis_0000365__en-en__flipped,
dico_phrasis_0000365__en-en__original,
dico_phrasis_0000366__en-en__flipped,
dico_phrasis_0000366__en-en__original,
dico_phrasis_0000368__en-en__flipped,
dico_phrasis_0000368__en-en__original,
dico_phrasis_0000369__en-en__flipped,
dico_phrasis_0000369__en-en__original,
dico_phrasis_0000371__en-en__flipped,
dico_phrasis_0000371__en-en__original,
dico_phrasis_0000373__en-en__flipped,
dico_phrasis_0000373__en-en__original,
dico_phrasis_0000376__en-en__flipped,
dico_phrasis_0000376__en-en__original,
dico_phrasis_0000377__en-en__flipped,
dico_phrasis_0000377__en-en__original,
dico_phrasis_0000378__en-en__flipped,
dico_phrasis_0000378__en-en__original,
dico_phrasis_0000379__en-en__flipped,
dico_phrasis_0000379__en-en__original,
dico_phrasis_0000380__en-en__flipped,
dico_phrasis_0000380__en-en__original,
dico_phrasis_0000381__en-en__flipped,
dico_phrasis_0000381__en-en__original,
dico_phrasis_0000382__en-en__flipped,
dico_phrasis_0000382__en-en__original,
dico_phrasis_0000383__en-en__flipped,
dico_phrasis_0000383__en-en__original,
dico_phrasis_0000384__en-en__flipped,
dico_phrasis_0000384__en-en__original,
dico_phrasis_0000385__en-en__flipped,
dico_phrasis_0000385__en-en__original,
dico_phrasis_0000386__en-en__flipped,
dico_phrasis_0000386__en-en__original,
dico_phrasis_0000387__en-en__flipped,
dico_phrasis_0000387__en-en__original,
dico_phrasis_0000388__en-en__flipped,
dico_phrasis_0000388__en-en__original,
dico_phrasis_0000389__en-en__flipped,
dico_phrasis_0000389__en-en__original,
dico_phrasis_0000390__en-en__flipped,
dico_phrasis_0000390__en-en__original,
dico_phrasis_0000392__en-en__flipped,
dico_phrasis_0000392__en-en__original,
dico_phrasis_0000395__en-en__flipped,
dico_phrasis_0000395__en-en__original,
dico_phrasis_0000398__en-en__flipped,
dico_phrasis_0000398__en-en__original,
dico_phrasis_0000399__en-en__flipped,
dico_phrasis_0000399__en-en__original,
dico_phrasis_0000400__en-en__flipped,
dico_phrasis_0000400__en-en__original,
dico_phrasis_0000401__en-en__flipped,
dico_phrasis_0000401__en-en__original,
dico_phrasis_0000402__en-en__flipped,
dico_phrasis_0000402__en-en__original,
dico_phrasis_0000403__en-en__flipped,
dico_phrasis_0000403__en-en__original,
dico_phrasis_0000404__en-en__flipped,
dico_phrasis_0000404__en-en__original,
dico_phrasis_0000406__en-en__flipped,
dico_phrasis_0000406__en-en__original,
dico_phrasis_0000407__en-en__flipped,
dico_phrasis_0000407__en-en__original,
dico_phrasis_0000409__en-en__flipped,
dico_phrasis_0000409__en-en__original,
dico_phrasis_0000410__en-en__flipped,
dico_phrasis_0000410__en-en__original,
dico_phrasis_0000411__en-en__flipped,
dico_phrasis_0000411__en-en__original,
dico_phrasis_0000412__en-en__flipped,
dico_phrasis_0000412__en-en__original,
dico_phrasis_0000413__en-en__flipped,
dico_phrasis_0000413__en-en__original,
dico_phrasis_0000414__en-en__flipped,
dico_phrasis_0000414__en-en__original,
dico_phrasis_0000415__en-en__flipped,
dico_phrasis_0000415__en-en__original,
dico_phrasis_0000416__en-en__flipped,
dico_phrasis_0000416__en-en__original,
dico_phrasis_0000417__en-en__flipped,
dico_phrasis_0000417__en-en__original,
dico_phrasis_0000418__en-en__flipped,
dico_phrasis_0000418__en-en__original,
dico_phrasis_0000419__en-en__flipped,
dico_phrasis_0000419__en-en__original,
dico_phrasis_0000420__en-en__flipped,
dico_phrasis_0000420__en-en__original,
dico_phrasis_0000422__en-en__flipped,
dico_phrasis_0000422__en-en__original,
dico_phrasis_0000423__en-en__flipped,
dico_phrasis_0000423__en-en__original,
dico_phrasis_0000424__en-en__flipped,
dico_phrasis_0000424__en-en__original,
dico_phrasis_0000426__en-en__flipped,
dico_phrasis_0000426__en-en__original,
dico_phrasis_0000427__en-en__flipped,
dico_phrasis_0000427__en-en__original,
dico_phrasis_0000428__en-en__flipped,
dico_phrasis_0000428__en-en__original,
dico_phrasis_0000429__en-en__flipped,
dico_phrasis_0000429__en-en__original,
dico_phrasis_0000430__en-en__flipped,
dico_phrasis_0000430__en-en__original,
dico_phrasis_0000431__en-en__flipped,
dico_phrasis_0000431__en-en__original,
dico_phrasis_0000434__en-en__flipped,
dico_phrasis_0000434__en-en__original,
dico_phrasis_0000435__en-en__flipped,
dico_phrasis_0000435__en-en__original,
dico_phrasis_0000436__en-en__flipped,
dico_phrasis_0000436__en-en__original,
dico_phrasis_0000437__en-en__flipped,
dico_phrasis_0000437__en-en__original,
dico_phrasis_0000438__en-en__flipped,
dico_phrasis_0000438__en-en__original,
dico_phrasis_0000439__en-en__flipped,
dico_phrasis_0000439__en-en__original,
dico_phrasis_0000440__en-en__flipped,
dico_phrasis_0000440__en-en__original,
dico_phrasis_0000441__en-en__flipped,
dico_phrasis_0000441__en-en__original,
dico_phrasis_0000442__en-en__flipped,
dico_phrasis_0000442__en-en__original,
dico_phrasis_0000443__en-en__flipped,
dico_phrasis_0000443__en-en__original,
dico_phrasis_0000446__en-en__flipped,
dico_phrasis_0000446__en-en__original,
dico_phrasis_0000448__en-en__flipped,
dico_phrasis_0000448__en-en__original,
dico_phrasis_0000450__en-en__flipped,
dico_phrasis_0000450__en-en__original,
dico_phrasis_0000451__en-en__flipped,
dico_phrasis_0000451__en-en__original,
dico_phrasis_0000454__en-en__flipped,
dico_phrasis_0000454__en-en__original,
dico_phrasis_0000455__en-en__flipped,
dico_phrasis_0000455__en-en__original,
dico_phrasis_0000456__en-en__flipped,
dico_phrasis_0000456__en-en__original,
dico_phrasis_0000458__en-en__flipped,
dico_phrasis_0000458__en-en__original,
dico_phrasis_0000459__en-en__flipped,
dico_phrasis_0000459__en-en__original,
dico_phrasis_0000460__en-en__flipped,
dico_phrasis_0000460__en-en__original,
dico_phrasis_0000461__en-en__flipped,
dico_phrasis_0000461__en-en__original,
dico_phrasis_0000462__en-en__flipped,
dico_phrasis_0000462__en-en__original,
dico_phrasis_0000464__en-en__flipped,
dico_phrasis_0000464__en-en__original,
dico_phrasis_0000467__en-en__flipped,
dico_phrasis_0000467__en-en__original,
dico_phrasis_0000468__en-en__flipped,
dico_phrasis_0000468__en-en__original,
dico_phrasis_0000471__en-en__flipped,
dico_phrasis_0000471__en-en__original,
dico_phrasis_0000472__en-en__flipped,
dico_phrasis_0000472__en-en__original,
dico_phrasis_0000473__en-en__flipped,
dico_phrasis_0000473__en-en__original,
dico_phrasis_0000475__en-en__flipped,
dico_phrasis_0000475__en-en__original,
dico_phrasis_0000476__en-en__flipped,
dico_phrasis_0000476__en-en__original,
dico_phrasis_0000478__en-en__flipped,
dico_phrasis_0000478__en-en__original,
dico_phrasis_0000479__en-en__flipped,
dico_phrasis_0000479__en-en__original,
dico_phrasis_0000482__en-en__flipped,
dico_phrasis_0000482__en-en__original,
dico_phrasis_0000483__en-en__flipped,
dico_phrasis_0000483__en-en__original,
dico_phrasis_0000484__en-en__flipped,
dico_phrasis_0000484__en-en__original,
dico_phrasis_0000485__en-en__flipped,
dico_phrasis_0000485__en-en__original,
dico_phrasis_0000486__en-en__flipped,
dico_phrasis_0000486__en-en__original,
dico_phrasis_0000488__en-en__flipped,
dico_phrasis_0000488__en-en__original,
dico_phrasis_0000489__en-en__flipped,
dico_phrasis_0000489__en-en__original,
dico_phrasis_0000490__en-en__flipped,
dico_phrasis_0000490__en-en__original,
dico_phrasis_0000491__en-en__flipped,
dico_phrasis_0000491__en-en__original,
dico_phrasis_0000492__en-en__flipped,
dico_phrasis_0000492__en-en__original,
dico_phrasis_0000494__en-en__flipped,
dico_phrasis_0000494__en-en__original,
dico_phrasis_0000496__en-en__flipped,
dico_phrasis_0000496__en-en__original,
dico_phrasis_0000498__en-en__flipped,
dico_phrasis_0000498__en-en__original,
dico_phrasis_0000500__en-en__flipped,
dico_phrasis_0000500__en-en__original,
dico_phrasis_0000501__en-en__flipped,
dico_phrasis_0000501__en-en__original,
dico_phrasis_0000503__en-en__flipped,
dico_phrasis_0000503__en-en__original,
dico_phrasis_0000505__en-en__flipped,
dico_phrasis_0000505__en-en__original,
dico_phrasis_0000506__en-en__flipped,
dico_phrasis_0000506__en-en__original,
dico_phrasis_0000507__en-en__flipped,
dico_phrasis_0000507__en-en__original,
dico_phrasis_0000508__en-en__flipped,
dico_phrasis_0000508__en-en__original,
dico_phrasis_0000509__en-en__flipped,
dico_phrasis_0000509__en-en__original,
dico_phrasis_0000510__en-en__flipped,
dico_phrasis_0000510__en-en__original,
dico_phrasis_0000511__en-en__flipped,
dico_phrasis_0000511__en-en__original,
dico_phrasis_0000512__en-en__flipped,
dico_phrasis_0000512__en-en__original,
dico_phrasis_0000513__en-en__flipped,
dico_phrasis_0000513__en-en__original,
dico_phrasis_0000515__en-en__flipped,
dico_phrasis_0000515__en-en__original,
dico_phrasis_0000517__en-en__flipped,
dico_phrasis_0000517__en-en__original,
dico_phrasis_0000519__en-en__flipped,
dico_phrasis_0000519__en-en__original,
dico_phrasis_0000522__en-en__flipped,
dico_phrasis_0000522__en-en__original,
dico_phrasis_0000525__en-en__flipped,
dico_phrasis_0000525__en-en__original,
dico_phrasis_0000529__en-en__flipped,
dico_phrasis_0000529__en-en__original,
dico_phrasis_0000530__en-en__flipped,
dico_phrasis_0000530__en-en__original,
dico_phrasis_0000531__en-en__flipped,
dico_phrasis_0000531__en-en__original,
dico_phrasis_0000532__en-en__flipped,
dico_phrasis_0000532__en-en__original,
dico_phrasis_0000533__en-en__flipped,
dico_phrasis_0000533__en-en__original,
dico_phrasis_0000534__en-en__flipped,
dico_phrasis_0000534__en-en__original,
dico_phrasis_0000535__en-en__flipped,
dico_phrasis_0000535__en-en__original,
dico_phrasis_0000536__en-en__flipped,
dico_phrasis_0000536__en-en__original,
dico_phrasis_0000538__en-en__flipped,
dico_phrasis_0000538__en-en__original,
dico_phrasis_0000539__en-en__flipped,
dico_phrasis_0000539__en-en__original,
dico_phrasis_0000543__en-en__flipped,
dico_phrasis_0000543__en-en__original,
dico_phrasis_0000544__en-en__flipped,
dico_phrasis_0000544__en-en__original,
dico_phrasis_0000545__en-en__flipped,
dico_phrasis_0000545__en-en__original,
dico_phrasis_0000546__en-en__flipped,
dico_phrasis_0000546__en-en__original,
dico_phrasis_0000548__en-en__flipped,
dico_phrasis_0000548__en-en__original,
dico_phrasis_0000550__en-en__flipped,
dico_phrasis_0000550__en-en__original,
dico_phrasis_0000551__en-en__flipped,
dico_phrasis_0000551__en-en__original,
dico_phrasis_0000553__en-en__flipped,
dico_phrasis_0000553__en-en__original,
dico_phrasis_0000554__en-en__flipped,
dico_phrasis_0000554__en-en__original,
dico_phrasis_0000555__en-en__flipped,
dico_phrasis_0000555__en-en__original,
dico_phrasis_0000557__en-en__flipped,
dico_phrasis_0000557__en-en__original,
dico_phrasis_0000558__en-en__flipped,
dico_phrasis_0000558__en-en__original,
dico_phrasis_0000564__en-en__flipped,
dico_phrasis_0000564__en-en__original,
dico_phrasis_0000565__en-en__flipped,
dico_phrasis_0000565__en-en__original,
dico_phrasis_0000566__en-en__flipped,
dico_phrasis_0000566__en-en__original,
dico_phrasis_0000567__en-en__flipped,
dico_phrasis_0000567__en-en__original,
dico_phrasis_0000569__en-en__flipped,
dico_phrasis_0000569__en-en__original,
dico_phrasis_0000570__en-en__flipped,
dico_phrasis_0000570__en-en__original,
dico_phrasis_0000571__en-en__flipped,
dico_phrasis_0000571__en-en__original,
dico_phrasis_0000572__en-en__flipped,
dico_phrasis_0000572__en-en__original,
dico_phrasis_0000573__en-en__flipped,
dico_phrasis_0000573__en-en__original,
dico_phrasis_0000574__en-en__flipped,
dico_phrasis_0000574__en-en__original,
dico_phrasis_0000575__en-en__flipped,
dico_phrasis_0000575__en-en__original,
dico_phrasis_0000576__en-en__flipped,
dico_phrasis_0000576__en-en__original,
dico_phrasis_0000577__en-en__flipped,
dico_phrasis_0000577__en-en__original,
dico_phrasis_0000578__en-en__flipped,
dico_phrasis_0000578__en-en__original,
dico_phrasis_0000579__en-en__flipped,
dico_phrasis_0000579__en-en__original,
dico_phrasis_0000581__en-en__flipped,
dico_phrasis_0000581__en-en__original,
dico_phrasis_0000582__en-en__flipped,
dico_phrasis_0000582__en-en__original,
dico_phrasis_0000583__en-en__flipped,
dico_phrasis_0000583__en-en__original,
dico_phrasis_0000584__en-en__flipped,
dico_phrasis_0000584__en-en__original,
dico_phrasis_0000585__en-en__flipped,
dico_phrasis_0000585__en-en__original,
dico_phrasis_0000586__en-en__flipped,
dico_phrasis_0000586__en-en__original,
dico_phrasis_0000587__en-en__flipped,
dico_phrasis_0000587__en-en__original,
dico_phrasis_0000588__en-en__flipped,
dico_phrasis_0000588__en-en__original,
dico_phrasis_0000589__en-en__flipped,
dico_phrasis_0000589__en-en__original,
dico_phrasis_0000591__en-en__flipped,
dico_phrasis_0000591__en-en__original,
dico_phrasis_0000592__en-en__flipped,
dico_phrasis_0000592__en-en__original,
dico_phrasis_0000593__en-en__flipped,
dico_phrasis_0000593__en-en__original,
dico_phrasis_0000594__en-en__flipped,
dico_phrasis_0000594__en-en__original,
dico_phrasis_0000595__en-en__flipped,
dico_phrasis_0000595__en-en__original,
dico_phrasis_0000596__en-en__flipped,
dico_phrasis_0000596__en-en__original,
dico_phrasis_0000597__en-en__flipped,
dico_phrasis_0000597__en-en__original,
dico_phrasis_0000598__en-en__flipped,
dico_phrasis_0000598__en-en__original,
dico_phrasis_0000600__en-en__flipped,
dico_phrasis_0000600__en-en__original,
dico_phrasis_0000601__en-en__flipped,
dico_phrasis_0000601__en-en__original,
dico_phrasis_0000603__en-en__flipped,
dico_phrasis_0000603__en-en__original,
dico_phrasis_0000605__en-en__flipped,
dico_phrasis_0000605__en-en__original,
dico_phrasis_0000606__en-en__flipped,
dico_phrasis_0000606__en-en__original,
dico_phrasis_0000607__en-en__flipped,
dico_phrasis_0000607__en-en__original,
dico_phrasis_0000608__en-en__flipped,
dico_phrasis_0000608__en-en__original,
dico_phrasis_0000609__en-en__flipped,
dico_phrasis_0000609__en-en__original,
dico_phrasis_0000610__en-en__flipped,
dico_phrasis_0000610__en-en__original,
dico_phrasis_0000611__en-en__flipped,
dico_phrasis_0000611__en-en__original,
dico_phrasis_0000612__en-en__flipped,
dico_phrasis_0000612__en-en__original,
dico_phrasis_0000613__en-en__flipped,
dico_phrasis_0000613__en-en__original,
dico_phrasis_0000615__en-en__flipped,
dico_phrasis_0000615__en-en__original,
dico_phrasis_0000617__en-en__flipped,
dico_phrasis_0000617__en-en__original,
dico_phrasis_0000624__en-en__flipped,
dico_phrasis_0000624__en-en__original,
dico_phrasis_0000625__en-en__flipped,
dico_phrasis_0000625__en-en__original,
dico_phrasis_0000626__en-en__flipped,
dico_phrasis_0000626__en-en__original,
dico_phrasis_0000628__en-en__flipped,
dico_phrasis_0000628__en-en__original,
dico_phrasis_0000629__en-en__flipped,
dico_phrasis_0000629__en-en__original,
dico_phrasis_0000630__en-en__flipped,
dico_phrasis_0000630__en-en__original,
dico_phrasis_0000631__en-en__flipped,
dico_phrasis_0000631__en-en__original,
dico_phrasis_0000633__en-en__flipped,
dico_phrasis_0000633__en-en__original,
dico_phrasis_0000634__en-en__flipped,
dico_phrasis_0000634__en-en__original,
dico_phrasis_0000635__en-en__flipped,
dico_phrasis_0000635__en-en__original,
dico_phrasis_0000636__en-en__flipped,
dico_phrasis_0000636__en-en__original,
dico_phrasis_0000637__en-en__flipped,
dico_phrasis_0000637__en-en__original,
dico_phrasis_0000638__en-en__flipped,
dico_phrasis_0000638__en-en__original,
dico_phrasis_0000639__en-en__flipped,
dico_phrasis_0000639__en-en__original,
dico_phrasis_0000640__en-en__flipped,
dico_phrasis_0000640__en-en__original,
dico_phrasis_0000642__en-en__flipped,
dico_phrasis_0000642__en-en__original,
dico_phrasis_0000643__en-en__flipped,
dico_phrasis_0000643__en-en__original,
dico_phrasis_0000645__en-en__flipped,
dico_phrasis_0000645__en-en__original,
dico_phrasis_0000646__en-en__flipped,
dico_phrasis_0000646__en-en__original,
dico_phrasis_0000648__en-en__flipped,
dico_phrasis_0000648__en-en__original,
dico_phrasis_0000649__en-en__flipped,
dico_phrasis_0000649__en-en__original,
dico_phrasis_0000650__en-en__flipped,
dico_phrasis_0000650__en-en__original,
dico_phrasis_0000651__en-en__flipped,
dico_phrasis_0000651__en-en__original,
dico_phrasis_0000652__en-en__flipped,
dico_phrasis_0000652__en-en__original,
dico_phrasis_0000655__en-en__flipped,
dico_phrasis_0000655__en-en__original,
dico_phrasis_0000656__en-en__flipped,
dico_phrasis_0000656__en-en__original,
dico_phrasis_0000658__en-en__flipped,
dico_phrasis_0000658__en-en__original,
dico_phrasis_0000660__en-en__flipped,
dico_phrasis_0000660__en-en__original,
dico_phrasis_0000663__en-en__flipped,
dico_phrasis_0000663__en-en__original,
dico_phrasis_0000664__en-en__flipped,
dico_phrasis_0000664__en-en__original,
dico_phrasis_0000665__en-en__flipped,
dico_phrasis_0000665__en-en__original,
dico_phrasis_0000668__en-en__flipped,
dico_phrasis_0000668__en-en__original,
dico_phrasis_0000670__en-en__flipped,
dico_phrasis_0000670__en-en__original,
dico_phrasis_0000672__en-en__flipped,
dico_phrasis_0000672__en-en__original,
dico_phrasis_0000673__en-en__flipped,
dico_phrasis_0000673__en-en__original,
dico_phrasis_0000674__en-en__flipped,
dico_phrasis_0000674__en-en__original,
dico_phrasis_0000677__en-en__flipped,
dico_phrasis_0000677__en-en__original,
dico_phrasis_0000678__en-en__flipped,
dico_phrasis_0000678__en-en__original,
dico_phrasis_0000679__en-en__flipped,
dico_phrasis_0000679__en-en__original,
dico_phrasis_0000681__en-en__flipped,
dico_phrasis_0000681__en-en__original,
dico_phrasis_0000682__en-en__flipped,
dico_phrasis_0000682__en-en__original,
dico_phrasis_0000684__en-en__flipped,
dico_phrasis_0000684__en-en__original,
dico_phrasis_0000686__en-en__flipped,
dico_phrasis_0000686__en-en__original,
dico_phrasis_0000687__en-en__flipped,
dico_phrasis_0000687__en-en__original,
dico_phrasis_0000688__en-en__flipped,
dico_phrasis_0000688__en-en__original,
dico_phrasis_0000689__en-en__flipped,
dico_phrasis_0000689__en-en__original,
dico_phrasis_0000690__en-en__flipped,
dico_phrasis_0000690__en-en__original,
dico_phrasis_0000691__en-en__flipped,
dico_phrasis_0000691__en-en__original,
dico_phrasis_0000692__en-en__flipped,
dico_phrasis_0000692__en-en__original,
dico_phrasis_0000694__en-en__flipped,
dico_phrasis_0000694__en-en__original,
dico_phrasis_0000695__en-en__flipped,
dico_phrasis_0000695__en-en__original,
dico_phrasis_0000696__en-en__flipped,
dico_phrasis_0000696__en-en__original,
dico_phrasis_0000697__en-en__flipped,
dico_phrasis_0000697__en-en__original,
dico_phrasis_0000699__en-en__flipped,
dico_phrasis_0000699__en-en__original,
dico_phrasis_0000700__en-en__flipped,
dico_phrasis_0000700__en-en__original,
dico_phrasis_0000703__en-en__flipped,
dico_phrasis_0000703__en-en__original,
dico_phrasis_0000704__en-en__flipped,
dico_phrasis_0000704__en-en__original,
dico_phrasis_0000706__en-en__flipped,
dico_phrasis_0000706__en-en__original,
dico_phrasis_0000709__en-en__flipped,
dico_phrasis_0000709__en-en__original,
dico_phrasis_0000710__en-en__flipped,
dico_phrasis_0000710__en-en__original,
dico_phrasis_0000713__en-en__flipped,
dico_phrasis_0000713__en-en__original,
dico_phrasis_0000717__en-en__flipped,
dico_phrasis_0000717__en-en__original,
dico_phrasis_0000719__en-en__flipped,
dico_phrasis_0000719__en-en__original,
dico_phrasis_0000720__en-en__flipped,
dico_phrasis_0000720__en-en__original,
dico_phrasis_0000722__en-en__flipped,
dico_phrasis_0000722__en-en__original,
dico_phrasis_0000723__en-en__flipped,
dico_phrasis_0000723__en-en__original,
dico_phrasis_0000727__en-en__flipped,
dico_phrasis_0000727__en-en__original,
dico_phrasis_0000730__en-en__flipped,
dico_phrasis_0000730__en-en__original,
dico_phrasis_0000735__en-en__flipped,
dico_phrasis_0000735__en-en__original,
dico_phrasis_0000736__en-en__flipped,
dico_phrasis_0000736__en-en__original,
dico_phrasis_0000737__en-en__flipped,
dico_phrasis_0000737__en-en__original,
dico_phrasis_0000740__en-en__flipped,
dico_phrasis_0000740__en-en__original,
dico_phrasis_0000741__en-en__flipped,
dico_phrasis_0000741__en-en__original,
dico_phrasis_0000742__en-en__flipped,
dico_phrasis_0000742__en-en__original,
dico_phrasis_0000744__en-en__flipped,
dico_phrasis_0000744__en-en__original,
dico_phrasis_0000745__en-en__flipped,
dico_phrasis_0000745__en-en__original,
dico_phrasis_0000746__en-en__flipped,
dico_phrasis_0000746__en-en__original,
dico_phrasis_0000747__en-en__flipped,
dico_phrasis_0000747__en-en__original,
dico_phrasis_0000748__en-en__flipped,
dico_phrasis_0000748__en-en__original,
dico_phrasis_0000749__en-en__flipped,
dico_phrasis_0000749__en-en__original,
dico_phrasis_0000750__en-en__flipped,
dico_phrasis_0000750__en-en__original,
dico_phrasis_0000751__en-en__flipped,
dico_phrasis_0000751__en-en__original,
dico_phrasis_0000753__en-en__flipped,
dico_phrasis_0000753__en-en__original,
dico_phrasis_0000755__en-en__flipped,
dico_phrasis_0000755__en-en__original,
dico_phrasis_0000756__en-en__flipped,
dico_phrasis_0000756__en-en__original,
dico_phrasis_0000758__en-en__flipped,
dico_phrasis_0000758__en-en__original,
dico_phrasis_0000759__en-en__flipped,
dico_phrasis_0000759__en-en__original,
dico_phrasis_0000761__en-en__flipped,
dico_phrasis_0000761__en-en__original,
dico_phrasis_0000763__en-en__flipped,
dico_phrasis_0000763__en-en__original,
dico_phrasis_0000765__en-en__flipped,
dico_phrasis_0000765__en-en__original,
dico_phrasis_0000767__en-en__flipped,
dico_phrasis_0000767__en-en__original,
dico_phrasis_0000770__en-en__flipped,
dico_phrasis_0000770__en-en__original,
dico_phrasis_0000771__en-en__flipped,
dico_phrasis_0000771__en-en__original,
dico_phrasis_0000772__en-en__flipped,
dico_phrasis_0000772__en-en__original,
dico_phrasis_0000775__en-en__flipped,
dico_phrasis_0000775__en-en__original,
dico_phrasis_0000776__en-en__flipped,
dico_phrasis_0000776__en-en__original,
dico_phrasis_0000779__en-en__flipped,
dico_phrasis_0000779__en-en__original,
dico_phrasis_0000780__en-en__flipped,
dico_phrasis_0000780__en-en__original,
dico_phrasis_0000783__en-en__flipped,
dico_phrasis_0000783__en-en__original,
dico_phrasis_0000785__en-en__flipped,
dico_phrasis_0000785__en-en__original,
dico_phrasis_0000786__en-en__flipped,
dico_phrasis_0000786__en-en__original,
dico_phrasis_0000789__en-en__flipped,
dico_phrasis_0000789__en-en__original,
dico_phrasis_0000790__en-en__flipped,
dico_phrasis_0000790__en-en__original,
dico_phrasis_0000791__en-en__flipped,
dico_phrasis_0000791__en-en__original,
dico_phrasis_0000792__en-en__flipped,
dico_phrasis_0000792__en-en__original,
dico_phrasis_0000793__en-en__flipped,
dico_phrasis_0000793__en-en__original,
dico_phrasis_0000794__en-en__flipped,
dico_phrasis_0000794__en-en__original,
dico_phrasis_0000795__en-en__flipped,
dico_phrasis_0000795__en-en__original,
dico_phrasis_0000796__en-en__flipped,
dico_phrasis_0000796__en-en__original,
dico_phrasis_0000797__en-en__flipped,
dico_phrasis_0000797__en-en__original,
dico_phrasis_0000798__en-en__flipped,
dico_phrasis_0000798__en-en__original,
dico_phrasis_0000799__en-en__flipped,
dico_phrasis_0000799__en-en__original,
dico_phrasis_0000800__en-en__flipped,
dico_phrasis_0000800__en-en__original,
dico_phrasis_0000804__en-en__flipped,
dico_phrasis_0000804__en-en__original,
dico_phrasis_0000806__en-en__flipped,
dico_phrasis_0000806__en-en__original,
dico_phrasis_0000807__en-en__flipped,
dico_phrasis_0000807__en-en__original,
dico_phrasis_0000810__en-en__flipped,
dico_phrasis_0000810__en-en__original,
dico_phrasis_0000812__en-en__flipped,
dico_phrasis_0000812__en-en__original,
dico_phrasis_0000813__en-en__flipped,
dico_phrasis_0000813__en-en__original,
dico_phrasis_0000814__en-en__flipped,
dico_phrasis_0000814__en-en__original,
dico_phrasis_0000818__en-en__flipped,
dico_phrasis_0000818__en-en__original,
dico_phrasis_0000819__en-en__flipped,
dico_phrasis_0000819__en-en__original,
dico_phrasis_0000820__en-en__flipped,
dico_phrasis_0000820__en-en__original,
dico_phrasis_0000821__en-en__flipped,
dico_phrasis_0000821__en-en__original,
dico_phrasis_0000823__en-en__flipped,
dico_phrasis_0000823__en-en__original,
dico_phrasis_0000824__en-en__flipped,
dico_phrasis_0000824__en-en__original,
dico_phrasis_0000826__en-en__flipped,
dico_phrasis_0000826__en-en__original,
dico_phrasis_0000827__en-en__flipped,
dico_phrasis_0000827__en-en__original,
dico_phrasis_0000828__en-en__flipped,
dico_phrasis_0000828__en-en__original,
dico_phrasis_0000829__en-en__flipped,
dico_phrasis_0000829__en-en__original,
dico_phrasis_0000832__en-en__flipped,
dico_phrasis_0000832__en-en__original,
dico_phrasis_0000834__en-en__flipped,
dico_phrasis_0000834__en-en__original,
dico_phrasis_0000835__en-en__flipped,
dico_phrasis_0000835__en-en__original,
dico_phrasis_0000837__en-en__flipped,
dico_phrasis_0000837__en-en__original,
dico_phrasis_0000838__en-en__flipped,
dico_phrasis_0000838__en-en__original,
dico_phrasis_0000839__en-en__flipped,
dico_phrasis_0000839__en-en__original,
dico_phrasis_0000840__en-en__flipped,
dico_phrasis_0000840__en-en__original,
dico_phrasis_0000841__en-en__flipped,
dico_phrasis_0000841__en-en__original,
dico_phrasis_0000843__en-en__flipped,
dico_phrasis_0000843__en-en__original,
dico_phrasis_0000844__en-en__flipped,
dico_phrasis_0000844__en-en__original,
dico_phrasis_0000847__en-en__flipped,
dico_phrasis_0000847__en-en__original,
dico_phrasis_0000848__en-en__flipped,
dico_phrasis_0000848__en-en__original,
dico_phrasis_0000849__en-en__flipped,
dico_phrasis_0000849__en-en__original,
dico_phrasis_0000850__en-en__flipped,
dico_phrasis_0000850__en-en__original,
dico_phrasis_0000851__en-en__flipped,
dico_phrasis_0000851__en-en__original,
dico_phrasis_0000853__en-en__flipped,
dico_phrasis_0000853__en-en__original,
dico_phrasis_0000854__en-en__flipped,
dico_phrasis_0000854__en-en__original,
dico_phrasis_0000856__en-en__flipped,
dico_phrasis_0000856__en-en__original,
dico_phrasis_0000857__en-en__flipped,
dico_phrasis_0000857__en-en__original,
dico_phrasis_0000858__en-en__flipped,
dico_phrasis_0000858__en-en__original,
dico_phrasis_0000860__en-en__flipped,
dico_phrasis_0000860__en-en__original,
dico_phrasis_0000861__en-en__flipped,
dico_phrasis_0000861__en-en__original,
dico_phrasis_0000862__en-en__flipped,
dico_phrasis_0000862__en-en__original,
dico_phrasis_0000864__en-en__flipped,
dico_phrasis_0000864__en-en__original,
dico_phrasis_0000865__en-en__flipped,
dico_phrasis_0000865__en-en__original,
dico_phrasis_0000868__en-en__flipped,
dico_phrasis_0000868__en-en__original,
dico_phrasis_0000871__en-en__flipped,
dico_phrasis_0000871__en-en__original,
dico_phrasis_0000873__en-en__flipped,
dico_phrasis_0000873__en-en__original,
dico_phrasis_0000877__en-en__flipped,
dico_phrasis_0000877__en-en__original,
dico_phrasis_0000878__en-en__flipped,
dico_phrasis_0000878__en-en__original,
dico_phrasis_0000879__en-en__flipped,
dico_phrasis_0000879__en-en__original,
dico_phrasis_0000880__en-en__flipped,
dico_phrasis_0000880__en-en__original,
dico_phrasis_0000883__en-en__flipped,
dico_phrasis_0000883__en-en__original,
dico_phrasis_0000884__en-en__flipped,
dico_phrasis_0000884__en-en__original,
dico_phrasis_0000885__en-en__flipped,
dico_phrasis_0000885__en-en__original,
dico_phrasis_0000886__en-en__flipped,
dico_phrasis_0000886__en-en__original,
dico_phrasis_0000888__en-en__flipped,
dico_phrasis_0000888__en-en__original,
dico_phrasis_0000889__en-en__flipped,
dico_phrasis_0000889__en-en__original,
dico_phrasis_0000891__en-en__flipped,
dico_phrasis_0000891__en-en__original,
dico_phrasis_0000892__en-en__flipped,
dico_phrasis_0000892__en-en__original,
dico_phrasis_0000894__en-en__flipped,
dico_phrasis_0000894__en-en__original,
dico_phrasis_0000898__en-en__flipped,
dico_phrasis_0000898__en-en__original,
dico_phrasis_0000899__en-en__flipped,
dico_phrasis_0000899__en-en__original,
dico_phrasis_0000900__en-en__flipped,
dico_phrasis_0000900__en-en__original,
dico_phrasis_0000901__en-en__flipped,
dico_phrasis_0000901__en-en__original,
dico_phrasis_0000902__en-en__flipped,
dico_phrasis_0000902__en-en__original,
dico_phrasis_0000903__en-en__flipped,
dico_phrasis_0000903__en-en__original,
dico_phrasis_0000909__en-en__flipped,
dico_phrasis_0000909__en-en__original,
dico_phrasis_0000910__en-en__flipped,
dico_phrasis_0000910__en-en__original,
dico_phrasis_0000912__en-en__flipped,
dico_phrasis_0000912__en-en__original,
dico_phrasis_0000913__en-en__flipped,
dico_phrasis_0000913__en-en__original,
dico_phrasis_0000914__en-en__flipped,
dico_phrasis_0000914__en-en__original,
dico_phrasis_0000916__en-en__flipped,
dico_phrasis_0000916__en-en__original,
dico_phrasis_0000919__en-en__flipped,
dico_phrasis_0000919__en-en__original,
dico_phrasis_0000920__en-en__flipped,
dico_phrasis_0000920__en-en__original,
dico_phrasis_0000922__en-en__flipped,
dico_phrasis_0000922__en-en__original,
dico_phrasis_0000924__en-en__flipped,
dico_phrasis_0000924__en-en__original,
dico_phrasis_0000925__en-en__flipped,
dico_phrasis_0000925__en-en__original,
dico_phrasis_0000926__en-en__flipped,
dico_phrasis_0000926__en-en__original,
dico_phrasis_0000927__en-en__flipped,
dico_phrasis_0000927__en-en__original,
dico_phrasis_0000930__en-en__flipped,
dico_phrasis_0000930__en-en__original,
dico_phrasis_0000934__en-en__flipped,
dico_phrasis_0000934__en-en__original,
dico_phrasis_0000935__en-en__flipped,
dico_phrasis_0000935__en-en__original,
dico_phrasis_0000937__en-en__flipped,
dico_phrasis_0000937__en-en__original,
dico_phrasis_0000938__en-en__flipped,
dico_phrasis_0000938__en-en__original,
dico_phrasis_0000940__en-en__flipped,
dico_phrasis_0000940__en-en__original,
dico_phrasis_0000941__en-en__flipped,
dico_phrasis_0000941__en-en__original,
dico_phrasis_0000945__en-en__flipped,
dico_phrasis_0000945__en-en__original,
dico_phrasis_0000949__en-en__flipped,
dico_phrasis_0000949__en-en__original,
dico_phrasis_0000951__en-en__flipped,
dico_phrasis_0000951__en-en__original,
dico_phrasis_0000955__en-en__flipped,
dico_phrasis_0000955__en-en__original,
dico_phrasis_0000956__en-en__flipped,
dico_phrasis_0000956__en-en__original,
dico_phrasis_0000957__en-en__flipped,
dico_phrasis_0000957__en-en__original,
dico_phrasis_0000959__en-en__flipped,
dico_phrasis_0000959__en-en__original,
dico_phrasis_0000960__en-en__flipped,
dico_phrasis_0000960__en-en__original,
dico_phrasis_0000961__en-en__flipped,
dico_phrasis_0000961__en-en__original,
dico_phrasis_0000962__en-en__flipped,
dico_phrasis_0000962__en-en__original,
dico_phrasis_0000964__en-en__flipped,
dico_phrasis_0000964__en-en__original,
dico_phrasis_0000967__en-en__flipped,
dico_phrasis_0000967__en-en__original,
dico_phrasis_0000969__en-en__flipped,
dico_phrasis_0000969__en-en__original,
dico_phrasis_0000970__en-en__flipped,
dico_phrasis_0000970__en-en__original,
dico_phrasis_0000971__en-en__flipped,
dico_phrasis_0000971__en-en__original,
dico_phrasis_0000973__en-en__flipped,
dico_phrasis_0000973__en-en__original,
dico_phrasis_0000974__en-en__flipped,
dico_phrasis_0000974__en-en__original,
dico_phrasis_0000976__en-en__flipped,
dico_phrasis_0000976__en-en__original,
dico_phrasis_0000978__en-en__flipped,
dico_phrasis_0000978__en-en__original,
dico_phrasis_0000981__en-en__flipped,
dico_phrasis_0000981__en-en__original,
dico_phrasis_0000984__en-en__flipped,
dico_phrasis_0000984__en-en__original,
dico_phrasis_0000987__en-en__flipped,
dico_phrasis_0000987__en-en__original,
dico_phrasis_0000989__en-en__flipped,
dico_phrasis_0000989__en-en__original,
dico_phrasis_0000990__en-en__flipped,
dico_phrasis_0000990__en-en__original,
dico_phrasis_0000993__en-en__flipped,
dico_phrasis_0000993__en-en__original,
dico_phrasis_0000995__en-en__flipped,
dico_phrasis_0000995__en-en__original,
dico_phrasis_0000997__en-en__flipped,
dico_phrasis_0000997__en-en__original,
dico_phrasis_0000998__en-en__flipped,
dico_phrasis_0000998__en-en__original,
dico_phrasis_0000999__en-en__flipped,
dico_phrasis_0000999__en-en__original,
dico_phrasis_0001001__en-en__flipped,
dico_phrasis_0001001__en-en__original,
dico_phrasis_0001002__en-en__flipped,
dico_phrasis_0001002__en-en__original,
dico_phrasis_0001003__en-en__flipped,
dico_phrasis_0001003__en-en__original,
dico_phrasis_0001004__en-en__flipped,
dico_phrasis_0001004__en-en__original,
dico_phrasis_0001006__en-en__flipped,
dico_phrasis_0001006__en-en__original,
dico_phrasis_0001008__en-en__flipped,
dico_phrasis_0001008__en-en__original,
dico_phrasis_0001010__en-en__flipped,
dico_phrasis_0001010__en-en__original,
dico_phrasis_0001011__en-en__flipped,
dico_phrasis_0001011__en-en__original,
dico_phrasis_0001012__en-en__flipped,
dico_phrasis_0001012__en-en__original,
dico_phrasis_0001014__en-en__flipped,
dico_phrasis_0001014__en-en__original,
dico_phrasis_0001015__en-en__flipped,
dico_phrasis_0001015__en-en__original,
dico_phrasis_0001017__en-en__flipped,
dico_phrasis_0001017__en-en__original,
dico_phrasis_0001018__en-en__flipped,
dico_phrasis_0001018__en-en__original,
dico_phrasis_0001019__en-en__flipped,
dico_phrasis_0001019__en-en__original,
dico_phrasis_0001020__en-en__flipped,
dico_phrasis_0001020__en-en__original,
dico_phrasis_0001021__en-en__flipped,
dico_phrasis_0001021__en-en__original,
dico_phrasis_0001022__en-en__flipped,
dico_phrasis_0001022__en-en__original,
dico_phrasis_0001024__en-en__flipped,
dico_phrasis_0001024__en-en__original,
dico_phrasis_0001027__en-en__flipped,
dico_phrasis_0001027__en-en__original,
dico_phrasis_0001034__en-en__flipped,
dico_phrasis_0001034__en-en__original,
dico_phrasis_0001035__en-en__flipped,
dico_phrasis_0001035__en-en__original,
dico_phrasis_0001039__en-en__flipped,
dico_phrasis_0001039__en-en__original,
dico_phrasis_0001041__en-en__flipped,
dico_phrasis_0001041__en-en__original,
dico_phrasis_0001042__en-en__flipped,
dico_phrasis_0001042__en-en__original,
dico_phrasis_0001044__en-en__flipped,
dico_phrasis_0001044__en-en__original,
dico_phrasis_0001045__en-en__flipped,
dico_phrasis_0001045__en-en__original,
dico_phrasis_0001049__en-en__flipped,
dico_phrasis_0001049__en-en__original,
dico_phrasis_0001052__en-en__flipped,
dico_phrasis_0001052__en-en__original,
dico_phrasis_0001053__en-en__flipped,
dico_phrasis_0001053__en-en__original,
dico_phrasis_0001054__en-en__flipped,
dico_phrasis_0001054__en-en__original,
dico_phrasis_0001056__en-en__flipped,
dico_phrasis_0001056__en-en__original,
dico_phrasis_0001057__en-en__flipped,
dico_phrasis_0001057__en-en__original,
dico_phrasis_0001059__en-en__flipped,
dico_phrasis_0001059__en-en__original,
dico_phrasis_0001060__en-en__flipped,
dico_phrasis_0001060__en-en__original,
dico_phrasis_0001061__en-en__flipped,
dico_phrasis_0001061__en-en__original,
dico_phrasis_0001064__en-en__flipped,
dico_phrasis_0001064__en-en__original,
dico_phrasis_0001065__en-en__flipped,
dico_phrasis_0001065__en-en__original,
dico_phrasis_0001066__en-en__flipped,
dico_phrasis_0001066__en-en__original,
dico_phrasis_0001072__en-en__flipped,
dico_phrasis_0001072__en-en__original,
dico_phrasis_0001073__en-en__flipped,
dico_phrasis_0001073__en-en__original,
dico_phrasis_0001074__en-en__flipped,
dico_phrasis_0001074__en-en__original,
dico_phrasis_0001075__en-en__flipped,
dico_phrasis_0001075__en-en__original,
dico_phrasis_0001076__en-en__flipped,
dico_phrasis_0001076__en-en__original,
dico_phrasis_0001078__en-en__flipped,
dico_phrasis_0001078__en-en__original,
dico_phrasis_0001081__en-en__flipped,
dico_phrasis_0001081__en-en__original,
dico_phrasis_0001082__en-en__flipped,
dico_phrasis_0001082__en-en__original,
dico_phrasis_0001088__en-en__flipped,
dico_phrasis_0001088__en-en__original,
dico_phrasis_0001089__en-en__flipped,
dico_phrasis_0001089__en-en__original,
dico_phrasis_0001090__en-en__flipped,
dico_phrasis_0001090__en-en__original,
dico_phrasis_0001091__en-en__flipped,
dico_phrasis_0001091__en-en__original,
dico_phrasis_0001092__en-en__flipped,
dico_phrasis_0001092__en-en__original,
dico_phrasis_0001093__en-en__flipped,
dico_phrasis_0001093__en-en__original,
dico_phrasis_0001094__en-en__flipped,
dico_phrasis_0001094__en-en__original,
dico_phrasis_0001096__en-en__flipped,
dico_phrasis_0001096__en-en__original,
dico_phrasis_0001098__en-en__flipped,
dico_phrasis_0001098__en-en__original,
dico_phrasis_0001099__en-en__flipped,
dico_phrasis_0001099__en-en__original,
dico_phrasis_0001101__en-en__flipped,
dico_phrasis_0001101__en-en__original,
dico_phrasis_0001106__en-en__flipped,
dico_phrasis_0001106__en-en__original,
dico_phrasis_0001107__en-en__flipped,
dico_phrasis_0001107__en-en__original,
dico_phrasis_0001108__en-en__flipped,
dico_phrasis_0001108__en-en__original,
dico_phrasis_0001110__en-en__flipped,
dico_phrasis_0001110__en-en__original,
dico_phrasis_0001111__en-en__flipped,
dico_phrasis_0001111__en-en__original,
dico_phrasis_0001113__en-en__flipped,
dico_phrasis_0001113__en-en__original,
dico_phrasis_0001114__en-en__flipped,
dico_phrasis_0001114__en-en__original,
dico_phrasis_0001119__en-en__flipped,
dico_phrasis_0001119__en-en__original,
dico_phrasis_0001120__en-en__flipped,
dico_phrasis_0001120__en-en__original,
dico_phrasis_0001124__en-en__flipped,
dico_phrasis_0001124__en-en__original,
dico_phrasis_0001125__en-en__flipped,
dico_phrasis_0001125__en-en__original,
dico_phrasis_0001127__en-en__flipped,
dico_phrasis_0001127__en-en__original,
dico_phrasis_0001130__en-en__flipped,
dico_phrasis_0001130__en-en__original,
dico_phrasis_0001132__en-en__flipped,
dico_phrasis_0001132__en-en__original,
dico_phrasis_0001134__en-en__flipped,
dico_phrasis_0001134__en-en__original,
dico_phrasis_0001135__en-en__flipped,
dico_phrasis_0001135__en-en__original,
dico_phrasis_0001138__en-en__flipped,
dico_phrasis_0001138__en-en__original,
dico_phrasis_0001140__en-en__flipped,
dico_phrasis_0001140__en-en__original,
dico_phrasis_0001145__en-en__flipped,
dico_phrasis_0001145__en-en__original,
dico_phrasis_0001146__en-en__flipped,
dico_phrasis_0001146__en-en__original,
dico_phrasis_0001148__en-en__flipped,
dico_phrasis_0001148__en-en__original,
dico_phrasis_0001151__en-en__flipped,
dico_phrasis_0001151__en-en__original,
dico_phrasis_0001152__en-en__flipped,
dico_phrasis_0001152__en-en__original,
dico_phrasis_0001154__en-en__flipped,
dico_phrasis_0001154__en-en__original,
dico_phrasis_0001157__en-en__flipped,
dico_phrasis_0001157__en-en__original,
dico_phrasis_0001158__en-en__flipped,
dico_phrasis_0001158__en-en__original,
dico_phrasis_0001161__en-en__flipped,
dico_phrasis_0001161__en-en__original,
dico_phrasis_0001162__en-en__flipped,
dico_phrasis_0001162__en-en__original,
dico_phrasis_0001165__en-en__flipped,
dico_phrasis_0001165__en-en__original,
dico_phrasis_0001170__en-en__flipped,
dico_phrasis_0001170__en-en__original,
dico_phrasis_0001172__en-en__flipped,
dico_phrasis_0001172__en-en__original,
dico_phrasis_0001173__en-en__flipped,
dico_phrasis_0001173__en-en__original,
dico_phrasis_0001177__en-en__flipped,
dico_phrasis_0001177__en-en__original,
dico_phrasis_0001178__en-en__flipped,
dico_phrasis_0001178__en-en__original,
dico_phrasis_0001180__en-en__flipped,
dico_phrasis_0001180__en-en__original,
dico_phrasis_0001181__en-en__flipped,
dico_phrasis_0001181__en-en__original,
dico_phrasis_0001182__en-en__flipped,
dico_phrasis_0001182__en-en__original,
dico_phrasis_0001183__en-en__flipped,
dico_phrasis_0001183__en-en__original,
dico_phrasis_0001184__en-en__flipped,
dico_phrasis_0001184__en-en__original,
dico_phrasis_0001185__en-en__flipped,
dico_phrasis_0001185__en-en__original,
dico_phrasis_0001186__en-en__flipped,
dico_phrasis_0001186__en-en__original,
dico_phrasis_0001187__en-en__flipped,
dico_phrasis_0001187__en-en__original,
dico_phrasis_0001189__en-en__flipped,
dico_phrasis_0001189__en-en__original,
dico_phrasis_0001190__en-en__flipped,
dico_phrasis_0001190__en-en__original,
dico_phrasis_0001192__en-en__flipped,
dico_phrasis_0001192__en-en__original,
dico_phrasis_0001195__en-en__flipped,
dico_phrasis_0001195__en-en__original,
dico_phrasis_0001196__en-en__flipped,
dico_phrasis_0001196__en-en__original,
dico_phrasis_0001197__en-en__flipped,
dico_phrasis_0001197__en-en__original,
dico_phrasis_0001198__en-en__flipped,
dico_phrasis_0001198__en-en__original,
dico_phrasis_0001199__en-en__flipped,
dico_phrasis_0001199__en-en__original,
dico_phrasis_0001200__en-en__flipped,
dico_phrasis_0001200__en-en__original,
dico_phrasis_0001201__en-en__flipped,
dico_phrasis_0001201__en-en__original,
dico_phrasis_0001202__en-en__flipped,
dico_phrasis_0001202__en-en__original,
dico_phrasis_0001205__en-en__flipped,
dico_phrasis_0001205__en-en__original,
dico_phrasis_0001206__en-en__flipped,
dico_phrasis_0001206__en-en__original,
dico_phrasis_0001207__en-en__flipped,
dico_phrasis_0001207__en-en__original,
dico_phrasis_0001209__en-en__flipped,
dico_phrasis_0001209__en-en__original,
dico_phrasis_0001211__en-en__flipped,
dico_phrasis_0001211__en-en__original,
dico_phrasis_0001212__en-en__flipped,
dico_phrasis_0001212__en-en__original,
dico_phrasis_0001213__en-en__flipped,
dico_phrasis_0001213__en-en__original,
dico_phrasis_0001219__en-en__flipped,
dico_phrasis_0001219__en-en__original,
dico_phrasis_0001220__en-en__flipped,
dico_phrasis_0001220__en-en__original,
dico_phrasis_0001222__en-en__flipped,
dico_phrasis_0001222__en-en__original,
dico_phrasis_0001223__en-en__flipped,
dico_phrasis_0001223__en-en__original,
dico_phrasis_0001225__en-en__flipped,
dico_phrasis_0001225__en-en__original,
dico_phrasis_0001226__en-en__flipped,
dico_phrasis_0001226__en-en__original,
dico_phrasis_0001227__en-en__flipped,
dico_phrasis_0001227__en-en__original,
dico_phrasis_0001228__en-en__flipped,
dico_phrasis_0001228__en-en__original,
dico_phrasis_0001230__en-en__flipped,
dico_phrasis_0001230__en-en__original,
dico_phrasis_0001232__en-en__flipped,
dico_phrasis_0001232__en-en__original,
dico_phrasis_0001233__en-en__flipped,
dico_phrasis_0001233__en-en__original,
dico_phrasis_0001234__en-en__flipped,
dico_phrasis_0001234__en-en__original,
dico_phrasis_0001235__en-en__flipped,
dico_phrasis_0001235__en-en__original,
dico_phrasis_0001238__en-en__flipped,
dico_phrasis_0001238__en-en__original,
dico_phrasis_0001240__en-en__flipped,
dico_phrasis_0001240__en-en__original,
dico_phrasis_0001241__en-en__flipped,
dico_phrasis_0001241__en-en__original,
dico_phrasis_0001242__en-en__flipped,
dico_phrasis_0001242__en-en__original,
dico_phrasis_0001244__en-en__flipped,
dico_phrasis_0001244__en-en__original,
dico_phrasis_0001245__en-en__flipped,
dico_phrasis_0001245__en-en__original,
dico_phrasis_0001246__en-en__flipped,
dico_phrasis_0001246__en-en__original,
dico_phrasis_0001247__en-en__flipped,
dico_phrasis_0001247__en-en__original,
dico_phrasis_0001249__en-en__flipped,
dico_phrasis_0001249__en-en__original,
dico_phrasis_0001250__en-en__flipped,
dico_phrasis_0001250__en-en__original,
dico_phrasis_0001251__en-en__flipped,
dico_phrasis_0001251__en-en__original,
dico_phrasis_0001253__en-en__flipped,
dico_phrasis_0001253__en-en__original,
dico_phrasis_0001254__en-en__flipped,
dico_phrasis_0001254__en-en__original,
dico_phrasis_0001257__en-en__flipped,
dico_phrasis_0001257__en-en__original,
dico_phrasis_0001259__en-en__flipped,
dico_phrasis_0001259__en-en__original,
dico_phrasis_0001260__en-en__flipped,
dico_phrasis_0001260__en-en__original,
dico_phrasis_0001261__en-en__flipped,
dico_phrasis_0001261__en-en__original,
dico_phrasis_0001262__en-en__flipped,
dico_phrasis_0001262__en-en__original,
dico_phrasis_0001266__en-en__flipped,
dico_phrasis_0001266__en-en__original,
dico_phrasis_0001268__en-en__flipped,
dico_phrasis_0001268__en-en__original,
dico_phrasis_0001269__en-en__flipped,
dico_phrasis_0001269__en-en__original,
dico_phrasis_0001272__en-en__flipped,
dico_phrasis_0001272__en-en__original,
dico_phrasis_0001273__en-en__flipped,
dico_phrasis_0001273__en-en__original,
dico_phrasis_0001274__en-en__flipped,
dico_phrasis_0001274__en-en__original,
dico_phrasis_0001276__en-en__flipped,
dico_phrasis_0001276__en-en__original,
dico_phrasis_0001278__en-en__flipped,
dico_phrasis_0001278__en-en__original,
dico_phrasis_0001280__en-en__flipped,
dico_phrasis_0001280__en-en__original,
dico_phrasis_0001283__en-en__flipped,
dico_phrasis_0001283__en-en__original,
dico_phrasis_0001284__en-en__flipped,
dico_phrasis_0001284__en-en__original,
dico_phrasis_0001285__en-en__flipped,
dico_phrasis_0001285__en-en__original,
dico_phrasis_0001287__en-en__flipped,
dico_phrasis_0001287__en-en__original,
dico_phrasis_0001288__en-en__flipped,
dico_phrasis_0001288__en-en__original,
dico_phrasis_0001289__en-en__flipped,
dico_phrasis_0001289__en-en__original,
dico_phrasis_0001292__en-en__flipped,
dico_phrasis_0001292__en-en__original,
dico_phrasis_0001293__en-en__flipped,
dico_phrasis_0001293__en-en__original,
dico_phrasis_0001294__en-en__flipped,
dico_phrasis_0001294__en-en__original,
dico_phrasis_0001295__en-en__flipped,
dico_phrasis_0001295__en-en__original,
dico_phrasis_0001296__en-en__flipped,
dico_phrasis_0001296__en-en__original,
dico_phrasis_0001297__en-en__flipped,
dico_phrasis_0001297__en-en__original,
dico_phrasis_0001298__en-en__flipped,
dico_phrasis_0001298__en-en__original,
dico_phrasis_0001299__en-en__flipped,
dico_phrasis_0001299__en-en__original,
dico_phrasis_0001301__en-en__flipped,
dico_phrasis_0001301__en-en__original,
dico_phrasis_0001303__en-en__flipped,
dico_phrasis_0001303__en-en__original,
dico_phrasis_0001304__en-en__flipped,
dico_phrasis_0001304__en-en__original,
dico_phrasis_0001305__en-en__flipped,
dico_phrasis_0001305__en-en__original,
dico_phrasis_0001307__en-en__flipped,
dico_phrasis_0001307__en-en__original,
dico_phrasis_0001308__en-en__flipped,
dico_phrasis_0001308__en-en__original,
dico_phrasis_0001310__en-en__flipped,
dico_phrasis_0001310__en-en__original,
dico_phrasis_0001311__en-en__flipped,
dico_phrasis_0001311__en-en__original,
dico_phrasis_0001313__en-en__flipped,
dico_phrasis_0001313__en-en__original,
dico_phrasis_0001314__en-en__flipped,
dico_phrasis_0001314__en-en__original,
dico_phrasis_0001316__en-en__flipped,
dico_phrasis_0001316__en-en__original,
dico_phrasis_0001317__en-en__flipped,
dico_phrasis_0001317__en-en__original,
dico_phrasis_0001318__en-en__flipped,
dico_phrasis_0001318__en-en__original,
dico_phrasis_0001319__en-en__flipped,
dico_phrasis_0001319__en-en__original,
dico_phrasis_0001322__en-en__flipped,
dico_phrasis_0001322__en-en__original,
dico_phrasis_0001326__en-en__flipped,
dico_phrasis_0001326__en-en__original,
dico_phrasis_0001327__en-en__flipped,
dico_phrasis_0001327__en-en__original,
dico_phrasis_0001328__en-en__flipped,
dico_phrasis_0001328__en-en__original,
dico_phrasis_0001329__en-en__flipped,
dico_phrasis_0001329__en-en__original,
dico_phrasis_0001330__en-en__flipped,
dico_phrasis_0001330__en-en__original,
dico_phrasis_0001331__en-en__flipped,
dico_phrasis_0001331__en-en__original,
dico_phrasis_0001332__en-en__flipped,
dico_phrasis_0001332__en-en__original,
dico_phrasis_0001333__en-en__flipped,
dico_phrasis_0001333__en-en__original,
dico_phrasis_0001334__en-en__flipped,
dico_phrasis_0001334__en-en__original,
dico_phrasis_0001335__en-en__flipped,
dico_phrasis_0001335__en-en__original,
dico_phrasis_0001336__en-en__flipped,
dico_phrasis_0001336__en-en__original,
dico_phrasis_0001337__en-en__flipped,
dico_phrasis_0001337__en-en__original,
dico_phrasis_0001338__en-en__flipped,
dico_phrasis_0001338__en-en__original,
dico_phrasis_0001339__en-en__flipped,
dico_phrasis_0001339__en-en__original,
dico_phrasis_0001340__en-en__flipped,
dico_phrasis_0001340__en-en__original,
dico_phrasis_0001341__en-en__flipped,
dico_phrasis_0001341__en-en__original,
dico_phrasis_0001343__en-en__flipped,
dico_phrasis_0001343__en-en__original,
dico_phrasis_0001344__en-en__flipped,
dico_phrasis_0001344__en-en__original,
dico_phrasis_0001345__en-en__flipped,
dico_phrasis_0001345__en-en__original,
dico_phrasis_0001347__en-en__flipped,
dico_phrasis_0001347__en-en__original,
dico_phrasis_0001348__en-en__flipped,
dico_phrasis_0001348__en-en__original,
dico_phrasis_0001349__en-en__flipped,
dico_phrasis_0001349__en-en__original,
dico_phrasis_0001353__en-en__flipped,
dico_phrasis_0001353__en-en__original,
dico_phrasis_0001354__en-en__flipped,
dico_phrasis_0001354__en-en__original,
dico_phrasis_0001355__en-en__flipped,
dico_phrasis_0001355__en-en__original,
dico_phrasis_0001356__en-en__flipped,
dico_phrasis_0001356__en-en__original,
dico_phrasis_0001357__en-en__flipped,
dico_phrasis_0001357__en-en__original,
dico_phrasis_0001358__en-en__flipped,
dico_phrasis_0001358__en-en__original,
dico_phrasis_0001359__en-en__flipped,
dico_phrasis_0001359__en-en__original,
dico_phrasis_0001360__en-en__flipped,
dico_phrasis_0001360__en-en__original,
dico_phrasis_0001363__en-en__flipped,
dico_phrasis_0001363__en-en__original,
dico_phrasis_0001364__en-en__flipped,
dico_phrasis_0001364__en-en__original,
dico_phrasis_0001365__en-en__flipped,
dico_phrasis_0001365__en-en__original,
dico_phrasis_0001366__en-en__flipped,
dico_phrasis_0001366__en-en__original,
dico_phrasis_0001367__en-en__flipped,
dico_phrasis_0001367__en-en__original,
dico_phrasis_0001368__en-en__flipped,
dico_phrasis_0001368__en-en__original,
dico_phrasis_0001369__en-en__flipped,
dico_phrasis_0001369__en-en__original,
dico_phrasis_0001370__en-en__flipped,
dico_phrasis_0001370__en-en__original,
dico_phrasis_0001371__en-en__flipped,
dico_phrasis_0001371__en-en__original,
dico_phrasis_0001372__en-en__flipped,
dico_phrasis_0001372__en-en__original,
dico_phrasis_0001373__en-en__flipped,
dico_phrasis_0001373__en-en__original,
dico_phrasis_0001375__en-en__flipped,
dico_phrasis_0001375__en-en__original,
dico_phrasis_0001376__en-en__flipped,
dico_phrasis_0001376__en-en__original,
dico_phrasis_0001377__en-en__flipped,
dico_phrasis_0001377__en-en__original,
dico_phrasis_0001380__en-en__flipped,
dico_phrasis_0001380__en-en__original,
dico_phrasis_0001381__en-en__flipped,
dico_phrasis_0001381__en-en__original,
dico_phrasis_0001382__en-en__flipped,
dico_phrasis_0001382__en-en__original,
dico_phrasis_0001383__en-en__flipped,
dico_phrasis_0001383__en-en__original,
dico_phrasis_0001384__en-en__flipped,
dico_phrasis_0001384__en-en__original,
dico_phrasis_0001385__en-en__flipped,
dico_phrasis_0001385__en-en__original,
dico_phrasis_0001387__en-en__flipped,
dico_phrasis_0001387__en-en__original,
dico_phrasis_0001388__en-en__flipped,
dico_phrasis_0001388__en-en__original,
dico_phrasis_0001389__en-en__flipped,
dico_phrasis_0001389__en-en__original,
dico_phrasis_0001390__en-en__flipped,
dico_phrasis_0001390__en-en__original,
dico_phrasis_0001393__en-en__flipped,
dico_phrasis_0001393__en-en__original,
dico_phrasis_0001394__en-en__flipped,
dico_phrasis_0001394__en-en__original,
dico_phrasis_0001396__en-en__flipped,
dico_phrasis_0001396__en-en__original,
dico_phrasis_0001397__en-en__flipped,
dico_phrasis_0001397__en-en__original,
dico_phrasis_0001399__en-en__flipped,
dico_phrasis_0001399__en-en__original,
dico_phrasis_0001401__en-en__flipped,
dico_phrasis_0001401__en-en__original,
dico_phrasis_0001402__en-en__flipped,
dico_phrasis_0001402__en-en__original,
dico_phrasis_0001403__en-en__flipped,
dico_phrasis_0001403__en-en__original,
dico_phrasis_0001405__en-en__flipped,
dico_phrasis_0001405__en-en__original,
dico_phrasis_0001406__en-en__flipped,
dico_phrasis_0001406__en-en__original,
dico_phrasis_0001407__en-en__flipped,
dico_phrasis_0001407__en-en__original,
dico_phrasis_0001409__en-en__flipped,
dico_phrasis_0001409__en-en__original,
dico_phrasis_0001411__en-en__flipped,
dico_phrasis_0001411__en-en__original,
dico_phrasis_0001412__en-en__flipped,
dico_phrasis_0001412__en-en__original,
dico_phrasis_0001415__en-en__flipped,
dico_phrasis_0001415__en-en__original,
dico_phrasis_0001416__en-en__flipped,
dico_phrasis_0001416__en-en__original,
dico_phrasis_0001417__en-en__flipped,
dico_phrasis_0001417__en-en__original,
dico_phrasis_0001418__en-en__flipped,
dico_phrasis_0001418__en-en__original,
dico_phrasis_0001419__en-en__flipped,
dico_phrasis_0001419__en-en__original,
dico_phrasis_0001421__en-en__flipped,
dico_phrasis_0001421__en-en__original,
dico_phrasis_0001422__en-en__flipped,
dico_phrasis_0001422__en-en__original,
dico_phrasis_0001424__en-en__flipped,
dico_phrasis_0001424__en-en__original,
dico_phrasis_0001425__en-en__flipped,
dico_phrasis_0001425__en-en__original,
dico_phrasis_0001426__en-en__flipped,
dico_phrasis_0001426__en-en__original,
dico_phrasis_0001427__en-en__flipped,
dico_phrasis_0001427__en-en__original,
dico_phrasis_0001428__en-en__flipped,
dico_phrasis_0001428__en-en__original,
dico_phrasis_0001429__en-en__flipped,
dico_phrasis_0001429__en-en__original,
dico_phrasis_0001430__en-en__flipped,
dico_phrasis_0001430__en-en__original,
dico_phrasis_0001431__en-en__flipped,
dico_phrasis_0001431__en-en__original,
dico_phrasis_0001432__en-en__flipped,
dico_phrasis_0001432__en-en__original,
dico_phrasis_0001434__en-en__flipped,
dico_phrasis_0001434__en-en__original,
dico_phrasis_0001435__en-en__flipped,
dico_phrasis_0001435__en-en__original,
dico_phrasis_0001436__en-en__flipped,
dico_phrasis_0001436__en-en__original,
dico_phrasis_0001438__en-en__flipped,
dico_phrasis_0001438__en-en__original,
dico_phrasis_0001439__en-en__flipped,
dico_phrasis_0001439__en-en__original,
dico_phrasis_0001440__en-en__flipped,
dico_phrasis_0001440__en-en__original,
dico_phrasis_0001442__en-en__flipped,
dico_phrasis_0001442__en-en__original,
dico_phrasis_0001443__en-en__flipped,
dico_phrasis_0001443__en-en__original,
dico_phrasis_0001445__en-en__flipped,
dico_phrasis_0001445__en-en__original,
dico_phrasis_0001448__en-en__flipped,
dico_phrasis_0001448__en-en__original,
dico_phrasis_0001449__en-en__flipped,
dico_phrasis_0001449__en-en__original,
dico_phrasis_0001450__en-en__flipped,
dico_phrasis_0001450__en-en__original,
dico_phrasis_0001452__en-en__flipped,
dico_phrasis_0001452__en-en__original,
dico_phrasis_0001453__en-en__flipped,
dico_phrasis_0001453__en-en__original,
dico_phrasis_0001454__en-en__flipped,
dico_phrasis_0001454__en-en__original,
dico_phrasis_0001455__en-en__flipped,
dico_phrasis_0001455__en-en__original,
dico_phrasis_0001459__en-en__flipped,
dico_phrasis_0001459__en-en__original,
dico_phrasis_0001460__en-en__flipped,
dico_phrasis_0001460__en-en__original,
dico_phrasis_0001462__en-en__flipped,
dico_phrasis_0001462__en-en__original,
dico_phrasis_0001463__en-en__flipped,
dico_phrasis_0001463__en-en__original,
dico_phrasis_0001464__en-en__flipped,
dico_phrasis_0001464__en-en__original,
dico_phrasis_0001466__en-en__flipped,
dico_phrasis_0001466__en-en__original,
dico_phrasis_0001467__en-en__flipped,
dico_phrasis_0001467__en-en__original,
dico_phrasis_0001469__en-en__flipped,
dico_phrasis_0001469__en-en__original,
dico_phrasis_0001470__en-en__flipped,
dico_phrasis_0001470__en-en__original,
dico_phrasis_0001471__en-en__flipped,
dico_phrasis_0001471__en-en__original,
dico_phrasis_0001473__en-en__flipped,
dico_phrasis_0001473__en-en__original,
dico_phrasis_0001474__en-en__flipped,
dico_phrasis_0001474__en-en__original,
dico_phrasis_0001476__en-en__flipped,
dico_phrasis_0001476__en-en__original,
dico_phrasis_0001477__en-en__flipped,
dico_phrasis_0001477__en-en__original,
dico_phrasis_0001478__en-en__flipped,
dico_phrasis_0001478__en-en__original,
dico_phrasis_0001480__en-en__flipped,
dico_phrasis_0001480__en-en__original,
dico_phrasis_0001481__en-en__flipped,
dico_phrasis_0001481__en-en__original,
dico_phrasis_0001482__en-en__flipped,
dico_phrasis_0001482__en-en__original,
dico_phrasis_0001483__en-en__flipped,
dico_phrasis_0001483__en-en__original,
dico_phrasis_0001485__en-en__flipped,
dico_phrasis_0001485__en-en__original,
dico_phrasis_0001489__en-en__flipped,
dico_phrasis_0001489__en-en__original,
dico_phrasis_0001490__en-en__flipped,
dico_phrasis_0001490__en-en__original,
dico_phrasis_0001492__en-en__flipped,
dico_phrasis_0001492__en-en__original,
dico_phrasis_0001494__en-en__flipped,
dico_phrasis_0001494__en-en__original,
dico_phrasis_0001495__en-en__flipped,
dico_phrasis_0001495__en-en__original,
dico_phrasis_0001496__en-en__flipped,
dico_phrasis_0001496__en-en__original,
dico_phrasis_0001497__en-en__flipped,
dico_phrasis_0001497__en-en__original,
dico_phrasis_0001498__en-en__flipped,
dico_phrasis_0001498__en-en__original,
dico_phrasis_0001499__en-en__flipped,
dico_phrasis_0001499__en-en__original,
dico_phrasis_0001500__en-en__flipped,
dico_phrasis_0001500__en-en__original,
dico_phrasis_0001502__en-en__flipped,
dico_phrasis_0001502__en-en__original,
dico_phrasis_0001504__en-en__flipped,
dico_phrasis_0001504__en-en__original,
dico_phrasis_0001507__en-en__flipped,
dico_phrasis_0001507__en-en__original,
dico_phrasis_0001508__en-en__flipped,
dico_phrasis_0001508__en-en__original,
dico_phrasis_0001509__en-en__flipped,
dico_phrasis_0001509__en-en__original,
dico_phrasis_0001510__en-en__flipped,
dico_phrasis_0001510__en-en__original,
dico_phrasis_0001512__en-en__flipped,
dico_phrasis_0001512__en-en__original,
dico_phrasis_0001513__en-en__flipped,
dico_phrasis_0001513__en-en__original,
dico_phrasis_0001514__en-en__flipped,
dico_phrasis_0001514__en-en__original,
dico_phrasis_0001515__en-en__flipped,
dico_phrasis_0001515__en-en__original,
dico_phrasis_0001516__en-en__flipped,
dico_phrasis_0001516__en-en__original,
dico_phrasis_0001517__en-en__flipped,
dico_phrasis_0001517__en-en__original,
dico_phrasis_0001518__en-en__flipped,
dico_phrasis_0001518__en-en__original,
dico_phrasis_0001519__en-en__flipped,
dico_phrasis_0001519__en-en__original,
dico_phrasis_0001520__en-en__flipped,
dico_phrasis_0001520__en-en__original,
dico_phrasis_0001522__en-en__flipped,
dico_phrasis_0001522__en-en__original,
dico_phrasis_0001524__en-en__flipped,
dico_phrasis_0001524__en-en__original,
dico_phrasis_0001526__en-en__flipped,
dico_phrasis_0001526__en-en__original,
dico_phrasis_0001528__en-en__flipped,
dico_phrasis_0001528__en-en__original,
dico_phrasis_0001529__en-en__flipped,
dico_phrasis_0001529__en-en__original,
dico_phrasis_0001531__en-en__flipped,
dico_phrasis_0001531__en-en__original,
dico_phrasis_0001532__en-en__flipped,
dico_phrasis_0001532__en-en__original,
dico_phrasis_0001533__en-en__flipped,
dico_phrasis_0001533__en-en__original,
dico_phrasis_0001534__en-en__flipped,
dico_phrasis_0001534__en-en__original,
dico_phrasis_0001535__en-en__flipped,
dico_phrasis_0001535__en-en__original,
dico_phrasis_0001536__en-en__flipped,
dico_phrasis_0001536__en-en__original,
dico_phrasis_0001537__en-en__flipped,
dico_phrasis_0001537__en-en__original,
dico_phrasis_0001539__en-en__flipped,
dico_phrasis_0001539__en-en__original,
dico_phrasis_0001541__en-en__flipped,
dico_phrasis_0001541__en-en__original,
dico_phrasis_0001542__en-en__flipped,
dico_phrasis_0001542__en-en__original,
dico_phrasis_0001543__en-en__flipped,
dico_phrasis_0001543__en-en__original,
dico_phrasis_0001544__en-en__flipped,
dico_phrasis_0001544__en-en__original,
dico_phrasis_0001545__en-en__flipped,
dico_phrasis_0001545__en-en__original,
dico_phrasis_0001546__en-en__flipped,
dico_phrasis_0001546__en-en__original,
dico_phrasis_0001548__en-en__flipped,
dico_phrasis_0001548__en-en__original,
dico_phrasis_0001549__en-en__flipped,
dico_phrasis_0001549__en-en__original,
dico_phrasis_0001552__en-en__flipped,
dico_phrasis_0001552__en-en__original,
dico_phrasis_0001553__en-en__flipped,
dico_phrasis_0001553__en-en__original,
dico_phrasis_0001554__en-en__flipped,
dico_phrasis_0001554__en-en__original,
dico_phrasis_0001556__en-en__flipped,
dico_phrasis_0001556__en-en__original,
dico_phrasis_0001557__en-en__flipped,
dico_phrasis_0001557__en-en__original,
dico_phrasis_0001558__en-en__flipped,
dico_phrasis_0001558__en-en__original,
dico_phrasis_0001559__en-en__flipped,
dico_phrasis_0001559__en-en__original,
dico_phrasis_0001560__en-en__flipped,
dico_phrasis_0001560__en-en__original,
dico_phrasis_0001561__en-en__flipped,
dico_phrasis_0001561__en-en__original,
dico_phrasis_0001563__en-en__flipped,
dico_phrasis_0001563__en-en__original,
dico_phrasis_0001565__en-en__flipped,
dico_phrasis_0001565__en-en__original,
dico_phrasis_0001566__en-en__flipped,
dico_phrasis_0001566__en-en__original,
dico_phrasis_0001568__en-en__flipped,
dico_phrasis_0001568__en-en__original,
dico_phrasis_0001569__en-en__flipped,
dico_phrasis_0001569__en-en__original,
dico_phrasis_0001570__en-en__flipped,
dico_phrasis_0001570__en-en__original,
dico_phrasis_0001572__en-en__flipped,
dico_phrasis_0001572__en-en__original,
dico_phrasis_0001574__en-en__flipped,
dico_phrasis_0001574__en-en__original,
dico_phrasis_0001575__en-en__flipped,
dico_phrasis_0001575__en-en__original,
dico_phrasis_0001578__en-en__flipped,
dico_phrasis_0001578__en-en__original,
dico_phrasis_0001579__en-en__flipped,
dico_phrasis_0001579__en-en__original,
dico_phrasis_0001581__en-en__flipped,
dico_phrasis_0001581__en-en__original,
dico_phrasis_0001582__en-en__flipped,
dico_phrasis_0001582__en-en__original,
dico_phrasis_0001585__en-en__flipped,
dico_phrasis_0001585__en-en__original,
dico_phrasis_0001587__en-en__flipped,
dico_phrasis_0001587__en-en__original,
dico_phrasis_0001588__en-en__flipped,
dico_phrasis_0001588__en-en__original,
dico_phrasis_0001589__en-en__flipped,
dico_phrasis_0001589__en-en__original,
dico_phrasis_0001596__en-en__flipped,
dico_phrasis_0001596__en-en__original,
dico_phrasis_0001597__en-en__flipped,
dico_phrasis_0001597__en-en__original,
dico_phrasis_0001598__en-en__flipped,
dico_phrasis_0001598__en-en__original,
dico_phrasis_0001601__en-en__flipped,
dico_phrasis_0001601__en-en__original,
dico_phrasis_0001602__en-en__flipped,
dico_phrasis_0001602__en-en__original,
dico_phrasis_0001603__en-en__flipped,
dico_phrasis_0001603__en-en__original,
dico_phrasis_0001604__en-en__flipped,
dico_phrasis_0001604__en-en__original,
dico_phrasis_0001607__en-en__flipped,
dico_phrasis_0001607__en-en__original,
dico_phrasis_0001608__en-en__flipped,
dico_phrasis_0001608__en-en__original,
dico_phrasis_0001609__en-en__flipped,
dico_phrasis_0001609__en-en__original,
dico_phrasis_0001610__en-en__flipped,
dico_phrasis_0001610__en-en__original,
dico_phrasis_0001611__en-en__flipped,
dico_phrasis_0001611__en-en__original,
dico_phrasis_0001613__en-en__flipped,
dico_phrasis_0001613__en-en__original,
dico_phrasis_0001614__en-en__flipped,
dico_phrasis_0001614__en-en__original,
dico_phrasis_0001615__en-en__flipped,
dico_phrasis_0001615__en-en__original,
dico_phrasis_0001617__en-en__flipped,
dico_phrasis_0001617__en-en__original,
dico_phrasis_0001619__en-en__flipped,
dico_phrasis_0001619__en-en__original,
dico_phrasis_0001620__en-en__flipped,
dico_phrasis_0001620__en-en__original,
dico_phrasis_0001621__en-en__flipped,
dico_phrasis_0001621__en-en__original,
dico_phrasis_0001622__en-en__flipped,
dico_phrasis_0001622__en-en__original,
dico_phrasis_0001624__en-en__flipped,
dico_phrasis_0001624__en-en__original,
dico_phrasis_0001625__en-en__flipped,
dico_phrasis_0001625__en-en__original,
dico_phrasis_0001627__en-en__flipped,
dico_phrasis_0001627__en-en__original,
dico_phrasis_0001631__en-en__flipped,
dico_phrasis_0001631__en-en__original,
dico_phrasis_0001632__en-en__flipped,
dico_phrasis_0001632__en-en__original,
dico_phrasis_0001633__en-en__flipped,
dico_phrasis_0001633__en-en__original,
dico_phrasis_0001634__en-en__flipped,
dico_phrasis_0001634__en-en__original,
dico_phrasis_0001635__en-en__flipped,
dico_phrasis_0001635__en-en__original,
dico_phrasis_0001636__en-en__flipped,
dico_phrasis_0001636__en-en__original,
dico_phrasis_0001637__en-en__flipped,
dico_phrasis_0001637__en-en__original,
dico_phrasis_0001639__en-en__flipped,
dico_phrasis_0001639__en-en__original,
dico_phrasis_0001640__en-en__flipped,
dico_phrasis_0001640__en-en__original,
dico_phrasis_0001641__en-en__flipped,
dico_phrasis_0001641__en-en__original,
dico_phrasis_0001643__en-en__flipped,
dico_phrasis_0001643__en-en__original,
dico_phrasis_0001646__en-en__flipped,
dico_phrasis_0001646__en-en__original,
dico_phrasis_0001647__en-en__flipped,
dico_phrasis_0001647__en-en__original,
dico_phrasis_0001648__en-en__flipped,
dico_phrasis_0001648__en-en__original,
dico_phrasis_0001649__en-en__flipped,
dico_phrasis_0001649__en-en__original,
dico_phrasis_0001650__en-en__flipped,
dico_phrasis_0001650__en-en__original,
dico_phrasis_0001651__en-en__flipped,
dico_phrasis_0001651__en-en__original,
dico_phrasis_0001652__en-en__flipped,
dico_phrasis_0001652__en-en__original,
dico_phrasis_0001653__en-en__flipped,
dico_phrasis_0001653__en-en__original,
dico_phrasis_0001655__en-en__flipped,
dico_phrasis_0001655__en-en__original,
dico_phrasis_0001657__en-en__flipped,
dico_phrasis_0001657__en-en__original,
dico_phrasis_0001660__en-en__flipped,
dico_phrasis_0001660__en-en__original,
dico_phrasis_0001661__en-en__flipped,
dico_phrasis_0001661__en-en__original,
dico_phrasis_0001664__en-en__flipped,
dico_phrasis_0001664__en-en__original,
dico_phrasis_0001668__en-en__flipped,
dico_phrasis_0001668__en-en__original,
dico_phrasis_0001670__en-en__flipped,
dico_phrasis_0001670__en-en__original,
dico_phrasis_0001671__en-en__flipped,
dico_phrasis_0001671__en-en__original,
dico_phrasis_0001672__en-en__flipped,
dico_phrasis_0001672__en-en__original,
dico_phrasis_0001673__en-en__flipped,
dico_phrasis_0001673__en-en__original,
dico_phrasis_0001674__en-en__flipped,
dico_phrasis_0001674__en-en__original,
dico_phrasis_0001677__en-en__flipped,
dico_phrasis_0001677__en-en__original,
dico_phrasis_0001678__en-en__flipped,
dico_phrasis_0001678__en-en__original,
dico_phrasis_0001679__en-en__flipped,
dico_phrasis_0001679__en-en__original,
dico_phrasis_0001680__en-en__flipped,
dico_phrasis_0001680__en-en__original,
dico_phrasis_0001681__en-en__flipped,
dico_phrasis_0001681__en-en__original,
dico_phrasis_0001683__en-en__flipped,
dico_phrasis_0001683__en-en__original,
dico_phrasis_0001684__en-en__flipped,
dico_phrasis_0001684__en-en__original,
dico_phrasis_0001686__en-en__flipped,
dico_phrasis_0001686__en-en__original,
dico_phrasis_0001687__en-en__flipped,
dico_phrasis_0001687__en-en__original,
dico_phrasis_0001688__en-en__flipped,
dico_phrasis_0001688__en-en__original,
dico_phrasis_0001689__en-en__flipped,
dico_phrasis_0001689__en-en__original,
dico_phrasis_0001692__en-en__flipped,
dico_phrasis_0001692__en-en__original,
dico_phrasis_0001694__en-en__flipped,
dico_phrasis_0001694__en-en__original,
dico_phrasis_0001695__en-en__flipped,
dico_phrasis_0001695__en-en__original,
dico_phrasis_0001697__en-en__flipped,
dico_phrasis_0001697__en-en__original,
dico_phrasis_0001699__en-en__flipped,
dico_phrasis_0001699__en-en__original,
dico_phrasis_0001700__en-en__flipped,
dico_phrasis_0001700__en-en__original,
dico_phrasis_0001701__en-en__flipped,
dico_phrasis_0001701__en-en__original,
dico_phrasis_0001704__en-en__flipped,
dico_phrasis_0001704__en-en__original,
dico_phrasis_0001705__en-en__flipped,
dico_phrasis_0001705__en-en__original,
dico_phrasis_0001707__en-en__flipped,
dico_phrasis_0001707__en-en__original,
dico_phrasis_0001708__en-en__flipped,
dico_phrasis_0001708__en-en__original,
dico_phrasis_0001709__en-en__flipped,
dico_phrasis_0001709__en-en__original,
dico_phrasis_0001711__en-en__flipped,
dico_phrasis_0001711__en-en__original,
dico_phrasis_0001712__en-en__flipped,
dico_phrasis_0001712__en-en__original,
dico_phrasis_0001713__en-en__flipped,
dico_phrasis_0001713__en-en__original,
dico_phrasis_0001715__en-en__flipped,
dico_phrasis_0001715__en-en__original,
dico_phrasis_0001716__en-en__flipped,
dico_phrasis_0001716__en-en__original,
dico_phrasis_0001717__en-en__flipped,
dico_phrasis_0001717__en-en__original,
dico_phrasis_0001718__en-en__flipped,
dico_phrasis_0001718__en-en__original,
dico_phrasis_0001719__en-en__flipped,
dico_phrasis_0001719__en-en__original,
dico_phrasis_0001720__en-en__flipped,
dico_phrasis_0001720__en-en__original,
dico_phrasis_0001721__en-en__flipped,
dico_phrasis_0001721__en-en__original,
dico_phrasis_0001722__en-en__flipped,
dico_phrasis_0001722__en-en__original,
dico_phrasis_0001723__en-en__flipped,
dico_phrasis_0001723__en-en__original,
dico_phrasis_0001724__en-en__flipped,
dico_phrasis_0001724__en-en__original,
dico_phrasis_0001725__en-en__flipped,
dico_phrasis_0001725__en-en__original,
dico_phrasis_0001728__en-en__flipped,
dico_phrasis_0001728__en-en__original,
dico_phrasis_0001729__en-en__flipped,
dico_phrasis_0001729__en-en__original,
dico_phrasis_0001730__en-en__flipped,
dico_phrasis_0001730__en-en__original,
dico_phrasis_0001732__en-en__flipped,
dico_phrasis_0001732__en-en__original,
dico_phrasis_0001733__en-en__flipped,
dico_phrasis_0001733__en-en__original,
dico_phrasis_0001734__en-en__flipped,
dico_phrasis_0001734__en-en__original,
dico_phrasis_0001735__en-en__flipped,
dico_phrasis_0001735__en-en__original,
dico_phrasis_0001736__en-en__flipped,
dico_phrasis_0001736__en-en__original,
dico_phrasis_0001737__en-en__flipped,
dico_phrasis_0001737__en-en__original,
dico_phrasis_0001738__en-en__flipped,
dico_phrasis_0001738__en-en__original,
dico_phrasis_0001740__en-en__flipped,
dico_phrasis_0001740__en-en__original,
dico_phrasis_0001741__en-en__flipped,
dico_phrasis_0001741__en-en__original,
dico_phrasis_0001745__en-en__flipped,
dico_phrasis_0001745__en-en__original,
dico_phrasis_0001746__en-en__flipped,
dico_phrasis_0001746__en-en__original,
dico_phrasis_0001747__en-en__flipped,
dico_phrasis_0001747__en-en__original,
dico_phrasis_0001753__en-en__flipped,
dico_phrasis_0001753__en-en__original,
dico_phrasis_0001754__en-en__flipped,
dico_phrasis_0001754__en-en__original,
dico_phrasis_0001758__en-en__flipped,
dico_phrasis_0001758__en-en__original,
dico_phrasis_0001759__en-en__flipped,
dico_phrasis_0001759__en-en__original,
dico_phrasis_0001760__en-en__flipped,
dico_phrasis_0001760__en-en__original,
dico_phrasis_0001761__en-en__flipped,
dico_phrasis_0001761__en-en__original,
dico_phrasis_0001762__en-en__flipped,
dico_phrasis_0001762__en-en__original,
dico_phrasis_0001763__en-en__flipped,
dico_phrasis_0001763__en-en__original,
dico_phrasis_0001765__en-en__flipped,
dico_phrasis_0001765__en-en__original,
dico_phrasis_0001766__en-en__flipped,
dico_phrasis_0001766__en-en__original,
dico_phrasis_0001767__en-en__flipped,
dico_phrasis_0001767__en-en__original,
dico_phrasis_0001770__en-en__flipped,
dico_phrasis_0001770__en-en__original,
dico_phrasis_0001771__en-en__flipped,
dico_phrasis_0001771__en-en__original,
dico_phrasis_0001774__en-en__flipped,
dico_phrasis_0001774__en-en__original,
dico_phrasis_0001775__en-en__flipped,
dico_phrasis_0001775__en-en__original,
dico_phrasis_0001776__en-en__flipped,
dico_phrasis_0001776__en-en__original,
dico_phrasis_0001777__en-en__flipped,
dico_phrasis_0001777__en-en__original,
dico_phrasis_0001779__en-en__flipped,
dico_phrasis_0001779__en-en__original,
dico_phrasis_0001780__en-en__flipped,
dico_phrasis_0001780__en-en__original,
dico_phrasis_0001782__en-en__flipped,
dico_phrasis_0001782__en-en__original,
dico_phrasis_0001783__en-en__flipped,
dico_phrasis_0001783__en-en__original,
dico_phrasis_0001784__en-en__flipped,
dico_phrasis_0001784__en-en__original,
dico_phrasis_0001785__en-en__flipped,
dico_phrasis_0001785__en-en__original,
dico_phrasis_0001786__en-en__flipped,
dico_phrasis_0001786__en-en__original,
dico_phrasis_0001787__en-en__flipped,
dico_phrasis_0001787__en-en__original,
dico_phrasis_0001788__en-en__flipped,
dico_phrasis_0001788__en-en__original,
dico_phrasis_0001789__en-en__flipped,
dico_phrasis_0001789__en-en__original,
dico_phrasis_0001790__en-en__flipped,
dico_phrasis_0001790__en-en__original,
dico_phrasis_0001791__en-en__flipped,
dico_phrasis_0001791__en-en__original,
dico_phrasis_0001792__en-en__flipped,
dico_phrasis_0001792__en-en__original,
dico_phrasis_0001793__en-en__flipped,
dico_phrasis_0001793__en-en__original,
dico_phrasis_0001795__en-en__flipped,
dico_phrasis_0001795__en-en__original,
dico_phrasis_0001796__en-en__flipped,
dico_phrasis_0001796__en-en__original,
dico_phrasis_0001797__en-en__flipped,
dico_phrasis_0001797__en-en__original,
dico_phrasis_0001798__en-en__flipped,
dico_phrasis_0001798__en-en__original,
dico_phrasis_0001799__en-en__flipped,
dico_phrasis_0001799__en-en__original,
dico_phrasis_0001803__en-en__flipped,
dico_phrasis_0001803__en-en__original,
dico_phrasis_0001804__en-en__flipped,
dico_phrasis_0001804__en-en__original,
dico_phrasis_0001805__en-en__flipped,
dico_phrasis_0001805__en-en__original,
dico_phrasis_0001806__en-en__flipped,
dico_phrasis_0001806__en-en__original,
dico_phrasis_0001807__en-en__flipped,
dico_phrasis_0001807__en-en__original,
dico_phrasis_0001808__en-en__flipped,
dico_phrasis_0001808__en-en__original,
dico_phrasis_0001809__en-en__flipped,
dico_phrasis_0001809__en-en__original,
dico_phrasis_0001810__en-en__flipped,
dico_phrasis_0001810__en-en__original,
dico_phrasis_0001811__en-en__flipped,
dico_phrasis_0001811__en-en__original,
dico_phrasis_0001812__en-en__flipped,
dico_phrasis_0001812__en-en__original,
dico_phrasis_0001813__en-en__flipped,
dico_phrasis_0001813__en-en__original,
dico_phrasis_0001814__en-en__flipped,
dico_phrasis_0001814__en-en__original,
dico_phrasis_0001815__en-en__flipped,
dico_phrasis_0001815__en-en__original,
dico_phrasis_0001816__en-en__flipped,
dico_phrasis_0001816__en-en__original,
dico_phrasis_0001819__en-en__flipped,
dico_phrasis_0001819__en-en__original,
dico_phrasis_0001820__en-en__flipped,
dico_phrasis_0001820__en-en__original,
dico_phrasis_0001821__en-en__flipped,
dico_phrasis_0001821__en-en__original,
dico_phrasis_0001823__en-en__flipped,
dico_phrasis_0001823__en-en__original,
dico_phrasis_0001824__en-en__flipped,
dico_phrasis_0001824__en-en__original,
dico_phrasis_0001825__en-en__flipped,
dico_phrasis_0001825__en-en__original,
dico_phrasis_0001826__en-en__flipped,
dico_phrasis_0001826__en-en__original,
dico_phrasis_0001827__en-en__flipped,
dico_phrasis_0001827__en-en__original,
dico_phrasis_0001829__en-en__flipped,
dico_phrasis_0001829__en-en__original,
dico_phrasis_0001831__en-en__flipped,
dico_phrasis_0001831__en-en__original,
dico_phrasis_0001832__en-en__flipped,
dico_phrasis_0001832__en-en__original,
dico_phrasis_0001833__en-en__flipped,
dico_phrasis_0001833__en-en__original,
dico_phrasis_0001835__en-en__flipped,
dico_phrasis_0001835__en-en__original,
dico_phrasis_0001837__en-en__flipped,
dico_phrasis_0001837__en-en__original,
dico_phrasis_0001838__en-en__flipped,
dico_phrasis_0001838__en-en__original,
dico_phrasis_0001839__en-en__flipped,
dico_phrasis_0001839__en-en__original,
dico_phrasis_0001840__en-en__flipped,
dico_phrasis_0001840__en-en__original,
dico_phrasis_0001842__en-en__flipped,
dico_phrasis_0001842__en-en__original,
dico_phrasis_0001843__en-en__flipped,
dico_phrasis_0001843__en-en__original,
dico_phrasis_0001844__en-en__flipped,
dico_phrasis_0001844__en-en__original,
dico_phrasis_0001845__en-en__flipped,
dico_phrasis_0001845__en-en__original,
dico_phrasis_0001849__en-en__flipped,
dico_phrasis_0001849__en-en__original,
dico_phrasis_0001850__en-en__flipped,
dico_phrasis_0001850__en-en__original,
dico_phrasis_0001851__en-en__flipped,
dico_phrasis_0001851__en-en__original,
dico_phrasis_0001852__en-en__flipped,
dico_phrasis_0001852__en-en__original,
dico_phrasis_0001853__en-en__flipped,
dico_phrasis_0001853__en-en__original,
dico_phrasis_0001854__en-en__flipped,
dico_phrasis_0001854__en-en__original,
dico_phrasis_0001855__en-en__flipped,
dico_phrasis_0001855__en-en__original,
dico_phrasis_0001859__en-en__flipped,
dico_phrasis_0001859__en-en__original,
dico_phrasis_0001860__en-en__flipped,
dico_phrasis_0001860__en-en__original,
dico_phrasis_0001861__en-en__flipped,
dico_phrasis_0001861__en-en__original,
dico_phrasis_0001863__en-en__flipped,
dico_phrasis_0001863__en-en__original,
dico_phrasis_0001864__en-en__flipped,
dico_phrasis_0001864__en-en__original,
dico_phrasis_0001865__en-en__flipped,
dico_phrasis_0001865__en-en__original,
dico_phrasis_0001866__en-en__flipped,
dico_phrasis_0001866__en-en__original,
dico_phrasis_0001867__en-en__flipped,
dico_phrasis_0001867__en-en__original,
dico_phrasis_0001869__en-en__flipped,
dico_phrasis_0001869__en-en__original,
dico_phrasis_0001873__en-en__flipped,
dico_phrasis_0001873__en-en__original,
dico_phrasis_0001874__en-en__flipped,
dico_phrasis_0001874__en-en__original,
dico_phrasis_0001876__en-en__flipped,
dico_phrasis_0001876__en-en__original,
dico_phrasis_0001877__en-en__flipped,
dico_phrasis_0001877__en-en__original,
dico_phrasis_0001878__en-en__flipped,
dico_phrasis_0001878__en-en__original,
dico_phrasis_0001879__en-en__flipped,
dico_phrasis_0001879__en-en__original,
dico_phrasis_0001881__en-en__flipped,
dico_phrasis_0001881__en-en__original,
dico_phrasis_0001885__en-en__flipped,
dico_phrasis_0001885__en-en__original,
dico_phrasis_0001888__en-en__flipped,
dico_phrasis_0001888__en-en__original,
dico_phrasis_0001890__en-en__flipped,
dico_phrasis_0001890__en-en__original,
dico_phrasis_0001893__en-en__flipped,
dico_phrasis_0001893__en-en__original,
dico_phrasis_0001894__en-en__flipped,
dico_phrasis_0001894__en-en__original,
dico_phrasis_0001895__en-en__flipped,
dico_phrasis_0001895__en-en__original,
dico_phrasis_0001896__en-en__flipped,
dico_phrasis_0001896__en-en__original,
dico_phrasis_0001897__en-en__flipped,
dico_phrasis_0001897__en-en__original,
dico_phrasis_0001898__en-en__flipped,
dico_phrasis_0001898__en-en__original,
dico_phrasis_0001899__en-en__flipped,
dico_phrasis_0001899__en-en__original,
dico_phrasis_0001901__en-en__flipped,
dico_phrasis_0001901__en-en__original,
dico_phrasis_0001902__en-en__flipped,
dico_phrasis_0001902__en-en__original,
dico_phrasis_0001903__en-en__flipped,
dico_phrasis_0001903__en-en__original,
dico_phrasis_0001907__en-en__flipped,
dico_phrasis_0001907__en-en__original,
dico_phrasis_0001909__en-en__flipped,
dico_phrasis_0001909__en-en__original,
dico_phrasis_0001910__en-en__flipped,
dico_phrasis_0001910__en-en__original,
dico_phrasis_0001911__en-en__flipped,
dico_phrasis_0001911__en-en__original,
dico_phrasis_0001912__en-en__flipped,
dico_phrasis_0001912__en-en__original,
dico_phrasis_0001913__en-en__flipped,
dico_phrasis_0001913__en-en__original,
dico_phrasis_0001914__en-en__flipped,
dico_phrasis_0001914__en-en__original,
dico_phrasis_0001915__en-en__flipped,
dico_phrasis_0001915__en-en__original,
dico_phrasis_0001916__en-en__flipped,
dico_phrasis_0001916__en-en__original,
dico_phrasis_0001917__en-en__flipped,
dico_phrasis_0001917__en-en__original,
dico_phrasis_0001918__en-en__flipped,
dico_phrasis_0001918__en-en__original,
dico_phrasis_0001919__en-en__flipped,
dico_phrasis_0001919__en-en__original,
dico_phrasis_0001920__en-en__flipped,
dico_phrasis_0001920__en-en__original,
dico_phrasis_0001921__en-en__flipped,
dico_phrasis_0001921__en-en__original,
dico_phrasis_0001922__en-en__flipped,
dico_phrasis_0001922__en-en__original,
dico_phrasis_0001923__en-en__flipped,
dico_phrasis_0001923__en-en__original,
dico_phrasis_0001924__en-en__flipped,
dico_phrasis_0001924__en-en__original,
dico_phrasis_0001925__en-en__flipped,
dico_phrasis_0001925__en-en__original,
dico_phrasis_0001927__en-en__flipped,
dico_phrasis_0001927__en-en__original,
dico_phrasis_0001928__en-en__flipped,
dico_phrasis_0001928__en-en__original,
dico_phrasis_0001929__en-en__flipped,
dico_phrasis_0001929__en-en__original,
dico_phrasis_0001931__en-en__flipped,
dico_phrasis_0001931__en-en__original,
dico_phrasis_0001932__en-en__flipped,
dico_phrasis_0001932__en-en__original,
dico_phrasis_0001933__en-en__flipped,
dico_phrasis_0001933__en-en__original,
dico_phrasis_0001934__en-en__flipped,
dico_phrasis_0001934__en-en__original,
dico_phrasis_0001935__en-en__flipped,
dico_phrasis_0001935__en-en__original,
dico_phrasis_0001936__en-en__flipped,
dico_phrasis_0001936__en-en__original,
dico_phrasis_0001939__en-en__flipped,
dico_phrasis_0001939__en-en__original,
dico_phrasis_0001941__en-en__flipped,
dico_phrasis_0001941__en-en__original,
dico_phrasis_0001942__en-en__flipped,
dico_phrasis_0001942__en-en__original,
dico_phrasis_0001943__en-en__flipped,
dico_phrasis_0001943__en-en__original,
dico_phrasis_0001946__en-en__flipped,
dico_phrasis_0001946__en-en__original,
dico_phrasis_0001947__en-en__original,
dico_phrasis_0001950__en-en__original,
dico_phrasis_0001951__en-en__original,
dico_phrasis_0001956__en-en__original,
dico_phrasis_0001958__en-en__original,
dico_phrasis_0001959__en-en__original,
dico_phrasis_0001964__en-en__original,
dico_phrasis_0001965__en-en__original,
dico_phrasis_0001966__en-en__original,
dico_phrasis_0001967__en-en__original,
dico_phrasis_0001969__en-en__original,
dico_phrasis_0001970__en-en__original,
dico_phrasis_0001972__en-en__original,
dico_phrasis_0001983__en-en__original,
dico_phrasis_0001992__en-en__original,
dico_phrasis_0001995__en-en__original,
dico_phrasis_0001997__en-en__original,
dico_phrasis_0002000__en-en__original,
dico_phrasis_0002001__en-en__original,
dico_phrasis_0002002__en-en__original,
dico_phrasis_0002006__en-en__original,
dico_phrasis_0002011__en-en__original,
dico_phrasis_0002012__en-en__original,
dico_phrasis_0002013__en-en__original,
dico_phrasis_0002019__en-en__original,
dico_phrasis_0002023__en-en__original,
dico_phrasis_0002032__en-en__original,
dico_phrasis_0002033__en-en__original,
dico_phrasis_0002037__en-en__original,
dico_phrasis_0002049__en-en__original,
dico_phrasis_0002053__en-en__original,
dico_phrasis_0002055__en-en__original,
dico_phrasis_0002060__en-en__original,
dico_phrasis_0002061__en-en__original,
dico_phrasis_0002062__en-en__original,
dico_phrasis_0002068__en-en__original,
dico_phrasis_0002070__en-en__original,
dico_phrasis_0002074__en-en__original,
dico_phrasis_0002075__en-en__original,
dico_phrasis_0002082__en-en__original,
dico_phrasis_0002083__en-en__original,
dico_phrasis_0002085__en-en__original,
dico_phrasis_0002086__en-en__original,
dico_phrasis_0002093__en-en__original,
dico_phrasis_0002094__en-en__original,
dico_phrasis_0002097__en-en__original,
dico_phrasis_0002107__en-en__original,
dico_phrasis_0002109__en-en__original,
dico_phrasis_0002114__en-en__original,
dico_phrasis_0002120__en-en__original,
dico_phrasis_0002126__en-en__original,
dico_phrasis_0002129__en-en__original,
dico_phrasis_0002130__en-en__original,
dico_phrasis_0002134__en-en__original,
dico_phrasis_0002137__en-en__original,
dico_phrasis_0002153__en-en__original,
dico_phrasis_0002156__en-en__original,
dico_phrasis_0002161__en-en__original,
dico_phrasis_0002164__en-en__original,
dico_phrasis_0002168__en-en__original,
dico_phrasis_0002170__en-en__original,
dico_phrasis_0002173__en-en__original,
dico_phrasis_0002190__en-en__original,
dico_phrasis_0002194__en-en__original,
dico_phrasis_0002195__en-en__original,
dico_phrasis_0002200__en-en__original,
dico_phrasis_0002203__en-en__original,
dico_phrasis_0002210__en-en__original,
dico_phrasis_0002213__en-en__original,
dico_phrasis_0002219__en-en__original,
dico_phrasis_0002225__en-en__original,
dico_phrasis_0002226__en-en__original,
dico_phrasis_0002227__en-en__original,
dico_phrasis_0002228__en-en__original,
dico_phrasis_0002230__en-en__original,
dico_phrasis_0002235__en-en__original,
dico_phrasis_0002238__en-en__original,
dico_phrasis_0002252__en-en__original,
dico_phrasis_0002261__en-en__original,
dico_phrasis_0002262__en-en__original,
dico_phrasis_0002274__en-en__original,
dico_phrasis_0002275__en-en__original,
dico_phrasis_0002284__en-en__original,
dico_phrasis_0002285__en-en__original,
dico_phrasis_0002286__en-en__original,
dico_phrasis_0002293__en-en__original,
dico_phrasis_0002296__en-en__original,
dico_phrasis_0002297__en-en__original,
dico_phrasis_0002305__en-en__original,
dico_phrasis_0002316__en-en__original,
dico_phrasis_0002320__en-en__original,
dico_phrasis_0002322__en-en__original,
dico_phrasis_0002323__en-en__original,
dico_phrasis_0002325__en-en__original,
dico_phrasis_0002327__en-en__original,
dico_phrasis_0002329__en-en__original,
dico_phrasis_0002335__en-en__original,
dico_phrasis_0002340__en-en__original,
dico_phrasis_0002345__en-en__original,
dico_phrasis_0002347__en-en__original,
dico_phrasis_0002352__en-en__original,
dico_phrasis_0002353__en-en__original,
dico_phrasis_0002359__en-en__original,
dico_phrasis_0002360__en-en__original,
dico_phrasis_0002370__en-en__original,
dico_phrasis_0002378__en-en__original,
dico_phrasis_0002384__en-en__original,
dico_phrasis_0002385__en-en__original,
dico_phrasis_0002388__en-en__original,
dico_phrasis_0002389__en-en__original,
dico_phrasis_0002393__en-en__original,
dico_phrasis_0002402__en-en__original,
dico_phrasis_0002404__en-en__original,
dico_phrasis_0002407__en-en__original,
dico_phrasis_0002410__en-en__original,
dico_phrasis_0002412__en-en__original,
dico_phrasis_0002414__en-en__original,
dico_phrasis_0002415__en-en__original,
dico_phrasis_0002416__en-en__original,
dico_phrasis_0002419__en-en__original,
dico_phrasis_0002420__en-en__original,
dico_phrasis_0002422__en-en__original,
dico_phrasis_0002425__en-en__original,
dico_phrasis_0002427__en-en__original,
dico_phrasis_0002431__en-en__original,
dico_phrasis_0002432__en-en__original,
dico_phrasis_0002433__en-en__original,
dico_phrasis_0002439__en-en__original,
dico_phrasis_0002440__en-en__original,
dico_phrasis_0002441__en-en__original,
dico_phrasis_0002445__en-en__original,
dico_phrasis_0002447__en-en__original,
dico_phrasis_0002450__en-en__original,
dico_phrasis_0002451__en-en__original,
dico_phrasis_0002453__en-en__original,
dico_phrasis_0002454__en-en__original,
dico_phrasis_0002456__en-en__original,
dico_phrasis_0002459__en-en__original,
dico_phrasis_0002460__en-en__original,
dico_phrasis_0002461__en-en__original,
dico_phrasis_0002468__en-en__original,
dico_phrasis_0002469__en-en__original,
dico_phrasis_0002472__en-en__original,
dico_phrasis_0002473__en-en__original,
dico_phrasis_0002474__en-en__original,
dico_phrasis_0002475__en-en__original,
dico_phrasis_0002476__en-en__original,
dico_phrasis_0002480__en-en__original,
dico_phrasis_0002484__en-en__original,
dico_phrasis_0002485__en-en__original,
dico_phrasis_0002489__en-en__original,
dico_phrasis_0002494__en-en__original,
dico_phrasis_0002496__en-en__original,
dico_phrasis_0002501__en-en__original,
dico_phrasis_0002502__en-en__original,
dico_phrasis_0002504__en-en__original,
dico_phrasis_0002507__en-en__original,
dico_phrasis_0002508__en-en__original,
dico_phrasis_0002509__en-en__original,
dico_phrasis_0002511__en-en__original,
dico_phrasis_0002517__en-en__original,
dico_phrasis_0002518__en-en__original,
dico_phrasis_0002522__en-en__original,
dico_phrasis_0002524__en-en__original,
dico_phrasis_0002525__en-en__original,
dico_phrasis_0002529__en-en__original,
dico_phrasis_0002530__en-en__original,
dico_phrasis_0002535__en-en__original,
dico_phrasis_0002537__en-en__original,
dico_phrasis_0002538__en-en__original,
dico_phrasis_0002539__en-en__original,
dico_phrasis_0002540__en-en__original,
dico_phrasis_0002541__en-en__original,
dico_phrasis_0002543__en-en__original,
dico_phrasis_0002545__en-en__original,
dico_phrasis_0002546__en-en__original,
dico_phrasis_0002547__en-en__original,
dico_phrasis_0002552__en-en__original,
dico_phrasis_0002553__en-en__original,
dico_phrasis_0002555__en-en__original,
dico_phrasis_0002556__en-en__original,
dico_phrasis_0002557__en-en__original,
dico_phrasis_0002558__en-en__original,
dico_phrasis_0002561__en-en__original,
dico_phrasis_0002565__en-en__original,
dico_phrasis_0002568__en-en__original,
dico_phrasis_0002571__en-en__original,
dico_phrasis_0002572__en-en__original,
dico_phrasis_0002575__en-en__original,
dico_phrasis_0002577__en-en__original,
dico_phrasis_0002578__en-en__original,
dico_phrasis_0002579__en-en__original,
dico_phrasis_0002585__en-en__original,
dico_phrasis_0002592__en-en__original,
dico_phrasis_0002593__en-en__original,
dico_phrasis_0002594__en-en__original,
dico_phrasis_0002598__en-en__original,
dico_phrasis_0002603__en-en__original,
dico_phrasis_0002604__en-en__original,
dico_phrasis_0002605__en-en__original,
dico_phrasis_0002606__en-en__original,
dico_phrasis_0002609__en-en__original,
dico_phrasis_0002621__en-en__original,
dico_phrasis_0002626__en-en__original,
dico_phrasis_0002628__en-en__original,
dico_phrasis_0002631__en-en__original,
dico_phrasis_0002633__en-en__original,
dico_phrasis_0002637__en-en__original,
dico_phrasis_0002638__en-en__original,
dico_phrasis_0002642__en-en__original,
dico_phrasis_0002643__en-en__original,
dico_phrasis_0002646__en-en__original,
dico_phrasis_0002647__en-en__original,
dico_phrasis_0002649__en-en__original,
dico_phrasis_0002650__en-en__original,
dico_phrasis_0002652__en-en__original,
dico_phrasis_0002655__en-en__original,
dico_phrasis_0002656__en-en__original,
dico_phrasis_0002657__en-en__original,
dico_phrasis_0002658__en-en__original,
dico_phrasis_0002659__en-en__original,
dico_phrasis_0002660__en-en__original,
dico_phrasis_0002661__en-en__original,
dico_phrasis_0002662__en-en__original,
dico_phrasis_0002663__en-en__original,
dico_phrasis_0002664__en-en__original,
dico_phrasis_0002667__en-en__original,
dico_phrasis_0002673__en-en__original,
dico_phrasis_0002674__en-en__original,
dico_phrasis_0002677__en-en__original,
dico_phrasis_0002678__en-en__original,
dico_phrasis_0002680__en-en__original,
dico_phrasis_0002681__en-en__original,
dico_phrasis_0002684__en-en__original,
dico_phrasis_0002685__en-en__original,
dico_phrasis_0002689__en-en__original,
dico_phrasis_0002691__en-en__original,
dico_phrasis_0002697__en-en__original,
dico_phrasis_0002701__en-en__original,
dico_phrasis_0002702__en-en__original,
dico_phrasis_0002705__en-en__original,
dico_phrasis_0002707__en-en__original,
dico_phrasis_0002709__en-en__original,
dico_phrasis_0002710__en-en__original,
dico_phrasis_0002713__en-en__original,
dico_phrasis_0002714__en-en__original,
dico_phrasis_0002717__en-en__original,
dico_phrasis_0002718__en-en__original,
dico_phrasis_0002720__en-en__original,
dico_phrasis_0002723__en-en__original,
dico_phrasis_0002727__en-en__original,
dico_phrasis_0002728__en-en__original,
dico_phrasis_0002730__en-en__original,
dico_phrasis_0002735__en-en__original,
dico_phrasis_0002742__en-en__original,
dico_phrasis_0002743__en-en__original,
dico_phrasis_0002745__en-en__original,
dico_phrasis_0002746__en-en__original,
dico_phrasis_0002748__en-en__original,
dico_phrasis_0002749__en-en__original,
dico_phrasis_0002752__en-en__original,
dico_phrasis_0002758__en-en__original,
dico_phrasis_0002759__en-en__original,
dico_phrasis_0002760__en-en__original,
dico_phrasis_0002761__en-en__original,
dico_phrasis_0002763__en-en__original,
dico_phrasis_0002769__en-en__original,
dico_phrasis_0002771__en-en__original,
dico_phrasis_0002773__en-en__original,
dico_phrasis_0002777__en-en__original,
dico_phrasis_0002780__en-en__original,
dico_phrasis_0002783__en-en__original,
dico_phrasis_0002785__en-en__original,
dico_phrasis_0002786__en-en__original,
dico_phrasis_0002788__en-en__original,
dico_phrasis_0002791__en-en__original,
dico_phrasis_0002795__en-en__original,
dico_phrasis_0002797__en-en__original,
dico_phrasis_0002799__en-en__original,
dico_phrasis_0002800__en-en__original,
dico_phrasis_0002802__en-en__original,
dico_phrasis_0002803__en-en__original,
dico_phrasis_0002805__en-en__original,
dico_phrasis_0002807__en-en__original,
dico_phrasis_0002808__en-en__original,
dico_phrasis_0002815__en-en__original,
dico_phrasis_0002817__en-en__original,
dico_phrasis_0002820__en-en__original,
dico_phrasis_0002831__en-en__original,
dico_phrasis_0002832__en-en__original,
dico_phrasis_0002833__en-en__original,
dico_phrasis_0002834__en-en__original,
dico_phrasis_0002836__en-en__original,
dico_phrasis_0002837__en-en__original,
dico_phrasis_0002849__en-en__original,
dico_phrasis_0002850__en-en__original,
dico_phrasis_0002852__en-en__original,
dico_phrasis_0002853__en-en__original,
dico_phrasis_0002854__en-en__original,
dico_phrasis_0002856__en-en__original,
dico_phrasis_0002861__en-en__original,
dico_phrasis_0002865__en-en__original,
dico_phrasis_0002869__en-en__original,
dico_phrasis_0002870__en-en__original,
dico_phrasis_0002871__en-en__original,
dico_phrasis_0002873__en-en__original,
dico_phrasis_0002877__en-en__original,
dico_phrasis_0002881__en-en__original,
dico_phrasis_0002883__en-en__original,
dico_phrasis_0002892__en-en__original,
dico_phrasis_0002894__en-en__original,
dico_phrasis_0002897__en-en__original,
dico_phrasis_0002899__en-en__original,
dico_phrasis_0002902__en-en__original,
dico_phrasis_0002904__en-en__original,
dico_phrasis_0002905__en-en__original,
dico_phrasis_0002907__en-en__original,
dico_phrasis_0002910__en-en__original,
dico_phrasis_0002911__en-en__original,
dico_phrasis_0002917__en-en__original,
dico_phrasis_0002918__en-en__original,
dico_phrasis_0002919__en-en__original,
dico_phrasis_0002921__en-en__original,
dico_phrasis_0002922__en-en__original,
dico_phrasis_0002924__en-en__original,
dico_phrasis_0002926__en-en__original,
dico_phrasis_0002929__en-en__original,
dico_phrasis_0002931__en-en__original,
dico_phrasis_0002932__en-en__original,
dico_phrasis_0002935__en-en__original,
dico_phrasis_0002936__en-en__original,
dico_phrasis_0002939__en-en__original,
dico_phrasis_0002940__en-en__original,
dico_phrasis_0002941__en-en__original,
dico_phrasis_0002944__en-en__original,
dico_phrasis_0002945__en-en__original,
dico_phrasis_0002953__en-en__original,
dico_phrasis_0002954__en-en__original,
dico_phrasis_0002955__en-en__original,
dico_phrasis_0002956__en-en__original,
dico_phrasis_0002957__en-en__original,
dico_phrasis_0002963__en-en__original,
dico_phrasis_0002965__en-en__original,
dico_phrasis_0002968__en-en__original,
dico_phrasis_0002970__en-en__original,
dico_phrasis_0002977__en-en__original,
dico_phrasis_0002982__en-en__original,
dico_phrasis_0002985__en-en__original,
dico_phrasis_0002987__en-en__original,
dico_phrasis_0002988__en-en__original,
dico_phrasis_0002990__en-en__original,
dico_phrasis_0002998__en-en__original,
dico_phrasis_0003001__en-en__original,
dico_phrasis_0003004__en-en__original,
dico_phrasis_0003005__en-en__original,
dico_phrasis_0003008__en-en__original,
dico_phrasis_0003011__en-en__original,
dico_phrasis_0003012__en-en__original,
dico_phrasis_0003023__en-en__original,
dico_phrasis_0003029__en-en__original,
dico_phrasis_0003034__en-en__original,
dico_phrasis_0003035__en-en__original,
dico_phrasis_0003036__en-en__original,
dico_phrasis_0003038__en-en__original,
dico_phrasis_0003039__en-en__original,
dico_phrasis_0003040__en-en__original,
dico_phrasis_0003041__en-en__original,
dico_phrasis_0003042__en-en__original,
dico_phrasis_0003043__en-en__original,
dico_phrasis_0003045__en-en__original,
dico_phrasis_0003046__en-en__original,
dico_phrasis_0003058__en-en__original,
dico_phrasis_0003068__en-en__original,
dico_phrasis_0003069__en-en__original,
dico_phrasis_0003071__en-en__original,
dico_phrasis_0003073__en-en__original,
dico_phrasis_0003078__en-en__original,
dico_phrasis_0003079__en-en__original,
dico_phrasis_0003080__en-en__original,
dico_phrasis_0003082__en-en__original,
dico_phrasis_0003083__en-en__original,
dico_phrasis_0003085__en-en__original,
dico_phrasis_0003086__en-en__original,
dico_phrasis_0003087__en-en__original,
dico_phrasis_0003088__en-en__original,
dico_phrasis_0003090__en-en__original,
dico_phrasis_0003091__en-en__original,
dico_phrasis_0003092__en-en__original,
dico_phrasis_0003095__en-en__original,
dico_phrasis_0003098__en-en__original,
dico_phrasis_0003100__en-en__original,
dico_phrasis_0003101__en-en__original,
dico_phrasis_0003102__en-en__original,
dico_phrasis_0003103__en-en__original,
dico_phrasis_0003104__en-en__original,
dico_phrasis_0003105__en-en__original,
dico_phrasis_0003106__en-en__original,
dico_phrasis_0003109__en-en__original,
dico_phrasis_0003111__en-en__original,
dico_phrasis_0003113__en-en__original,
dico_phrasis_0003116__en-en__original,
dico_phrasis_0003117__en-en__original,
dico_phrasis_0003121__en-en__original,
dico_phrasis_0003130__en-en__original,
dico_phrasis_0003131__en-en__original,
dico_phrasis_0003132__en-en__original,
dico_phrasis_0003134__en-en__original,
dico_phrasis_0003135__en-en__original,
dico_phrasis_0003137__en-en__original,
dico_phrasis_0003140__en-en__original,
dico_phrasis_0003146__en-en__original,
dico_phrasis_0003150__en-en__original,
dico_phrasis_0003151__en-en__original,
dico_phrasis_0003153__en-en__original,
dico_phrasis_0003154__en-en__original,
dico_phrasis_0003155__en-en__original,
dico_phrasis_0003156__en-en__original,
dico_phrasis_0003169__en-en__original,
dico_phrasis_0003172__en-en__original,
dico_phrasis_0003173__en-en__original,
dico_phrasis_0003177__en-en__original,
dico_phrasis_0003180__en-en__original,
dico_phrasis_0003181__en-en__original,
dico_phrasis_0003194__en-en__original,
dico_phrasis_0003198__en-en__original,
dico_phrasis_0003201__en-en__original,
dico_phrasis_0003202__en-en__original,
dico_phrasis_0003206__en-en__original,
dico_phrasis_0003207__en-en__original,
dico_phrasis_0003208__en-en__original,
dico_phrasis_0003225__en-en__original,
dico_phrasis_0003228__en-en__original,
dico_phrasis_0003230__en-en__original,
dico_phrasis_0003231__en-en__original,
dico_phrasis_0003233__en-en__original,
dico_phrasis_0003234__en-en__original,
dico_phrasis_0003235__en-en__original,
dico_phrasis_0003238__en-en__original,
dico_phrasis_0003239__en-en__original,
dico_phrasis_0003240__en-en__original,
dico_phrasis_0003242__en-en__original,
dico_phrasis_0003244__en-en__original,
dico_phrasis_0003247__en-en__original,
dico_phrasis_0003248__en-en__original,
dico_phrasis_0003255__en-en__original,
dico_phrasis_0003257__en-en__original,
dico_phrasis_0003258__en-en__original,
dico_phrasis_0003260__en-en__original,
dico_phrasis_0003261__en-en__original,
dico_phrasis_0003262__en-en__original,
dico_phrasis_0003265__en-en__original,
dico_phrasis_0003266__en-en__original,
dico_phrasis_0003269__en-en__original,
dico_phrasis_0003270__en-en__original,
dico_phrasis_0003271__en-en__original,
dico_phrasis_0003273__en-en__original,
dico_phrasis_0003274__en-en__original,
dico_phrasis_0003277__en-en__original,
dico_phrasis_0003279__en-en__original,
dico_phrasis_0003282__en-en__original,
dico_phrasis_0003284__en-en__original,
dico_phrasis_0003287__en-en__original,
dico_phrasis_0003288__en-en__original,
dico_phrasis_0003291__en-en__original,
dico_phrasis_0003292__en-en__original,
dico_phrasis_0003293__en-en__original,
dico_phrasis_0003295__en-en__original,
dico_phrasis_0003296__en-en__original,
dico_phrasis_0003297__en-en__original,
dico_phrasis_0003298__en-en__original,
dico_phrasis_0003299__en-en__original,
dico_phrasis_0003300__en-en__original,
dico_phrasis_0003301__en-en__original,
dico_phrasis_0003303__en-en__original,
dico_phrasis_0003308__en-en__original,
dico_phrasis_0003315__en-en__original,
dico_phrasis_0003316__en-en__original,
dico_phrasis_0003318__en-en__original,
