instance_id,label
dico_phrasis_0000001__es-es__flipped,
dico_phrasis_0000001__es-es__original,
dico_phrasis_0000003__es-es__flipped,
dico_phrasis_0000003__es-es__original,
dico_phrasis_0000005__es-es__flipped,
dico_phrasis_0000005__es-es__original,
dico_phrasis_0000006__es-es__flipped,
dico_phrasis_0000006__es-es__original,
dico_phrasis_0000009__es-es__flipped,
dico_phrasis_0000009__es-es__original,
dico_phrasis_0000011__es-es__flipped,
dico_phrasis_0000011__es-es__original,
dico_phrasis_0000012__es-es__flipped,
dico_phrasis_0000012__es-es__original,
dico_phrasis_0000013__es-es__flipped,
dico_phrasis_0000013__es-es__original,
dico_phrasis_0000014__es-es__flipped,
dico_phrasis_0000014__es-es__original,
dico_phrasis_0000015__es-es__flipped,
dico_phrasis_0000015__es-es__original,
dico_phrasis_0000016__es-es__flipped,
dico_phrasis_0000016__es-es__original,
dico_phrasis_0000017__es-es__flipped,
dico_phrasis_0000017__es-es__original,
dico_phrasis_0000020__es-es__flipped,
dico_phrasis_0000020__es-es__original,
dico_phrasis_0000022__es-es__flipped,
dico_phrasis_0000022__es-es__original,
dico_phrasis_0000025__es-es__flipped,
dico_phrasis_0000025__es-es__original,
dico_phrasis_0000027__es-es__flipped,
dico_phrasis_0000027__es-es__original,
dico_phrasis_0000028__es-es__flipped,
dico_phrasis_0000028__es-es__original,
dico_phrasis_0000029__es-es__flipped,
dico_phrasis_0000029__es-es__original,
dico_phrasis_0000033__es-es__flipped,
dico_phrasis_0000033__es-es__original,
dico_phrasis_0000036__es-es__flipped,
dico_phrasis_0000036__es-es__original,
dico_phrasis_0000037__es-es__flipped,
dico_phrasis_0000037__es-es__original,
dico_phrasis_0000038__es-es__flipped,
dico_phrasis_0000038__es-es__original,
dico_phrasis_0000039__es-es__flipped,
dico_phrasis_0000039__es-es__original,
dico_phrasis_0000042__es-es__flipped,
dico_phrasis_0000042__es-es__original,
dico_phrasis_0000043__es-es__flipped,
dico_phrasis_0000043__es-es__original,
dico_phrasis_0000044__es-es__flipped,
dico_phrasis_0000044__es-es__original,
dico_phrasis_0000045__es-es__flipped,
dico_phrasis_0000045__es-es__original,
dico_phrasis_0000047__es-es__flipped,
dico_phrasis_0000047__es-es__original,
dico_phrasis_0000048__es-es__flipped,
dico_phrasis_0000048__es-es__original,
dico_phrasis_0000049__es-es__flipped,
dico_phrasis_0000049__es-es__original,
dico_phrasis_0000050__es-es__flipped,
dico_phrasis_0000050__es-es__original,
dico_phrasis_0000051__es-es__flipped,
dico_phrasis_0000051__es-es__original,
dico_phrasis_0000052__es-es__flipped,
dico_phrasis_0000052__es-es__original,
dico_phrasis_0000053__es-es__flipped,
dico_phrasis_0000053__es-es__original,
dico_phrasis_0000054__es-es__flipped,
dico_phrasis_0000054__es-es__original,
dico_phrasis_0000055__es-es__flipped,
dico_phrasis_0000055__es-es__original,
dico_phrasis_0000057__es-es__flipped,
dico_phrasis_0000057__es-es__original,
dico_phrasis_0000058__es-es__flipped,
dico_phrasis_0000058__es-es__original,
dico_phrasis_0000060__es-es__flipped,
dico_phrasis_0000060__es-es__original,
dico_phrasis_0000061__es-es__flipped,
dico_phrasis_0000061__es-es__original,
dico_phrasis_0000062__es-es__flipped,
dico_phrasis_0000062__es-es__original,
dico_phrasis_0000063__es-es__flipped,
dico_phrasis_0000063__es-es__original,
dico_phrasis_0000065__es-es__flipped,
dico_phrasis_0000065__es-es__original,
dico_phrasis_0000066__es-es__flipped,
dico_phrasis_0000066__es-es__original,
dico_phrasis_0000068__es-es__flipped,
dico_phrasis_0000068__es-es__original,
dico_phrasis_0000069__es-es__flipped,
dico_phrasis_0000069__es-es__original,
dico_phrasis_0000072__es-es__flipped,
dico_phrasis_0000072__es-es__original,
dico_phrasis_0000073__es-es__flipped,
dico_phrasis_0000073__es-es__original,
dico_phrasis_0000074__es-es__flipped,
dico_phrasis_0000074__es-es__original,
dico_phrasis_0000075__es-es__flipped,
dico_phrasis_0000075__es-es__original,
dico_phrasis_0000076__es-es__flipped,
dico_phrasis_0000076__es-es__original,
dico_phrasis_0000077__es-es__flipped,
dico_phrasis_0000077__es-es__original,
dico_phrasis_0000079__es-es__flipped,
dico_phrasis_0000079__es-es__original,
dico_phrasis_0000080__es-es__flipped,
dico_phrasis_0000080__es-es__original,
dico_phrasis_0000082__es-es__flipped,
dico_phrasis_0000082__es-es__original,
dico_phrasis_0000083__es-es__flipped,
dico_phrasis_0000083__es-es__original,
dico_phrasis_0000085__es-es__flipped,
dico_phrasis_0000085__es-es__original,
dico_phrasis_0000086__es-es__flipped,
dico_phrasis_0000086__es-es__original,
dico_phrasis_0000088__es-es__flipped,
dico_phrasis_0000088__es-es__original,
dico_phrasis_0000089__es-es__flipped,
dico_phrasis_0000089__es-es__original,
dico_phrasis_0000090__es-es__flipped,
dico_phrasis_0000090__es-es__original,
dico_phrasis_0000091__es-es__flipped,
dico_phrasis_0000091__es-es__original,
dico_phrasis_0000095__es-es__flipped,
dico_phrasis_0000095__es-es__original,
dico_phrasis_0000097__es-es__flipped,
dico_phrasis_0000097__es-es__original,
dico_phrasis_0000098__es-es__flipped,
dico_phrasis_0000098__es-es__original,
dico_phrasis_0000100__es-es__flipped,
dico_phrasis_0000100__es-es__original,
dico_phrasis_0000102__es-es__flipped,
dico_phrasis_0000102__es-es__original,
dico_phrasis_0000103__es-es__flipped,
dico_phrasis_0000103__es-es__original,
dico_phrasis_0000104__es-es__flipped,
dico_phrasis_0000104__es-es__original,
dico_phrasis_0000105__es-es__flipped,
dico_phrasis_0000105__es-es__original,
dico_phrasis_0000107__es-es__flipped,
dico_phrasis_0000107__es-es__original,
dico_phrasis_0000108__es-es__flipped,
dico_phrasis_0000108__es-es__original,
dico_phrasis_0000109__es-es__flipped,
dico_phrasis_0000109__es-es__original,
dico_phrasis_0000110__es-es__flipped,
dico_phrasis_0000110__es-es__original,
dico_phrasis_0000112__es-es__flipped,
dico_phrasis_0000112__es-es__original,
dico_phrasis_0000113__es-es__flipped,
dico_phrasis_0000113__es-es__original,
dico_phrasis_0000115__es-es__flipped,
dico_phrasis_0000115__es-es__original,
dico_phrasis_0000116__es-es__flipped,
dico_phrasis_0000116__es-es__original,
dico_phrasis_0000117__es-es__flipped,
dico_phrasis_0000117__es-es__original,
dico_phrasis_0000119__es-es__flipped,
dico_phrasis_0000119__es-es__original,
dico_phrasis_0000121__es-es__flipped,
dico_phrasis_0000121__es-es__original,
dico_phrasis_0000122__es-es__flipped,
dico_phrasis_0000122__es-es__original,
dico_phrasis_0000124__es-es__flipped,
dico_phrasis_0000124__es-es__original,
dico_phrasis_0000126__es-es__flipped,
dico_phrasis_0000126__es-es__original,
dico_phrasis_0000127__es-es__flipped,
dico_phrasis_0000127__es-es__original,
dico_phrasis_0000128__es-es__flipped,
dico_phrasis_0000128__es-es__original,
dico_phrasis_0000129__es-es__flipped,
dico_phrasis_0000129__es-es__original,
dico_phrasis_0000131__es-es__flipped,
dico_phrasis_0000131__es-es__original,
dico_phrasis_0000132__es-es__flipped,
dico_phrasis_0000132__es-es__original,
dico_phrasis_0000134__es-es__flipped,
dico_phrasis_0000134__es-es__original,
dico_phrasis_0000135__es-es__flipped,
dico_phrasis_0000135__es-es__original,
dico_phrasis_0000136__es-es__flipped,
dico_phrasis_0000136__es-es__original,
dico_phrasis_0000137__es-es__flipped,
dico_phrasis_0000137__es-es__original,
dico_phrasis_0000140__es-es__flipped,
dico_phrasis_0000140__es-es__original,
dico_phrasis_0000142__es-es__flipped,
dico_phrasis_0000142__es-es__original,
dico_phrasis_0000144__es-es__flipped,
dico_phrasis_0000144__es-es__original,
dico_phrasis_0000146__es-es__flipped,
dico_phrasis_0000146__es-es__original,
dico_phrasis_0000147__es-es__flipped,
dico_phrasis_0000147__es-es__original,
dico_phrasis_0000148__es-es__flipped,
dico_phrasis_0000148__es-es__original,
dico_phrasis_0000149__es-es__flipped,
dico_phrasis_0000149__es-es__original,
dico_phrasis_0000150__es-es__flipped,
dico_phrasis_0000150__es-es__original,
dico_phrasis_0000151__es-es__flipped,
dico_phrasis_0000151__es-es__original,
dico_phrasis_0000152__es-es__flipped,
dico_phrasis_0000152__es-es__original,
dico_phrasis_0000153__es-es__flipped,
dico_phrasis_0000153__es-es__original,
dico_phrasis_0000154__es-es__flipped,
dico_phrasis_0000154__es-es__original,
dico_phrasis_0000156__es-es__flipped,
dico_phrasis_0000156__es-es__original,
dico_phrasis_0000157__es-es__flipped,
dico_phrasis_0000157__es-es__original,
dico_phrasis_0000159__es-es__flipped,
dico_phrasis_0000159__es-es__original,
dico_phrasis_0000160__es-es__flipped,
dico_phrasis_0000160__es-es__original,
dico_phrasis_0000161__es-es__flipped,
dico_phrasis_0000161__es-es__original,
dico_phrasis_0000163__es-es__flipped,
dico_phrasis_0000163__es-es__original,
dico_phrasis_0000166__es-es__flipped,
dico_phrasis_0000166__es-es__original,
dico_phrasis_0000167__es-es__flipped,
dico_phrasis_0000167__es-es__original,
dico_phrasis_0000168__es-es__flipped,
dico_phrasis_0000168__es-es__original,
dico_phrasis_0000169__es-es__flipped,
dico_phrasis_0000169__es-es__original,
dico_phrasis_0000170__es-es__flipped,
dico_phrasis_0000170__es-es__original,
dico_phrasis_0000171__es-es__flipped,
dico_phrasis_0000171__es-es__original,
dico_phrasis_0000172__es-es__flipped,
dico_phrasis_0000172__es-es__original,
dico_phrasis_0000173__es-es__flipped,
dico_phrasis_0000173__es-es__original,
dico_phrasis_0000175__es-es__flipped,
dico_phrasis_0000175__es-es__original,
dico_phrasis_0000176__es-es__flipped,
dico_phrasis_0000176__es-es__original,
dico_phrasis_0000177__es-es__flipped,
dico_phrasis_0000177__es-es__original,
dico_phrasis_0000178__es-es__flipped,
dico_phrasis_0000178__es-es__original,
dico_phrasis_0000180__es-es__flipped,
dico_phrasis_0000180__es-es__original,
dico_phrasis_0000181__es-es__flipped,
dico_phrasis_0000181__es-es__original,
dico_phrasis_0000183__es-es__flipped,
dico_phrasis_0000183__es-es__original,
dico_phrasis_0000184__es-es__flipped,
dico_phrasis_0000184__es-es__original,
dico_phrasis_0000186__es-es__flipped,
dico_phrasis_0000186__es-es__original,
dico_phrasis_0000189__es-es__flipped,
dico_phrasis_0000189__es-es__original,
dico_phrasis_0000191__es-es__flipped,
dico_phrasis_0000191__es-es__original,
dico_phrasis_0000193__es-es__flipped,
dico_phrasis_0000193__es-es__original,
dico_phrasis_0000194__es-es__flipped,
dico_phrasis_0000194__es-es__original,
dico_phrasis_0000195__es-es__flipped,
dico_phrasis_0000195__es-es__original,
dico_phrasis_0000196__es-es__flipped,
dico_phrasis_0000196__es-es__original,
dico_phrasis_0000200__es-es__flipped,
dico_phrasis_0000200__es-es__original,
dico_phrasis_0000201__es-es__flipped,
dico_phrasis_0000201__es-es__original,
dico_phrasis_0000202__es-es__flipped,
dico_phrasis_0000202__es-es__original,
dico_phrasis_0000203__es-es__flipped,
dico_phrasis_0000203__es-es__original,
dico_phrasis_0000204__es-es__flipped,
dico_phrasis_0000204__es-es__original,
dico_phrasis_0000205__es-es__flipped,
dico_phrasis_0000205__es-es__original,
dico_phrasis_0000206__es-es__flipped,
dico_phrasis_0000206__es-es__original,
dico_phrasis_0000207__es-es__flipped,
dico_phrasis_0000207__es-es__original,
dico_phrasis_0000208__es-es__flipped,
dico_phrasis_0000208__es-es__original,
dico_phrasis_0000209__es-es__flipped,
dico_phrasis_0000209__es-es__original,
dico_phrasis_0000210__es-es__flipped,
dico_phrasis_0000210__es-es__original,
dico_phrasis_0000211__es-es__flipped,
dico_phrasis_0000211__es-es__original,
dico_phrasis_0000212__es-es__flipped,
dico_phrasis_0000212__es-es__original,
dico_phrasis_0000213__es-es__flipped,
dico_phrasis_0000213__es-es__original,
dico_phrasis_0000214__es-es__flipped,
dico_phrasis_0000214__es-es__original,
dico_phrasis_0000215__es-es__flipped,
dico_phrasis_0000215__es-es__original,
dico_phrasis_0000216__es-es__flipped,
dico_phrasis_0000216__es-es__original,
dico_phrasis_0000217__es-es__flipped,
dico_phrasis_0000217__es-es__original,
dico_phrasis_0000218__es-es__flipped,
dico_phrasis_0000218__es-es__original,
dico_phrasis_0000220__es-es__flipped,
dico_phrasis_0000220__es-es__original,
dico_phrasis_0000222__es-es__flipped,
dico_phrasis_0000222__es-es__original,
dico_phrasis_0000227__es-es__flipped,
dico_phrasis_0000227__es-es__original,
dico_phrasis_0000228__es-es__flipped,
dico_phrasis_0000228__es-es__original,
dico_phrasis_0000229__es-es__flipped,
dico_phrasis_0000229__es-es__original,
dico_phrasis_0000230__es-es__flipped,
dico_phrasis_0000230__es-es__original,
dico_phrasis_0000231__es-es__flipped,
dico_phrasis_0000231__es-es__original,
dico_phrasis_0000233__es-es__flipped,
dico_phrasis_0000233__es-es__original,
dico_phrasis_0000234__es-es__flipped,
dico_phrasis_0000234__es-es__original,
dico_phrasis_0000235__es-es__flipped,
dico_phrasis_0000235__es-es__original,
dico_phrasis_0000236__es-es__flipped,
dico_phrasis_0000236__es-es__original,
dico_phrasis_0000237__es-es__flipped,
dico_phrasis_0000237__es-es__original,
dico_phrasis_0000238__es-es__flipped,
dico_phrasis_0000238__es-es__original,
dico_phrasis_0000239__es-es__flipped,
dico_phrasis_0000239__es-es__original,
dico_phrasis_0000242__es-es__flipped,
dico_phrasis_0000242__es-es__original,
dico_phrasis_0000243__es-es__flipped,
dico_phrasis_0000243__es-es__original,
dico_phrasis_0000244__es-es__flipped,
dico_phrasis_0000244__es-es__original,
dico_phrasis_0000245__es-es__flipped,
dico_phrasis_0000245__es-es__original,
dico_phrasis_0000247__es-es__flipped,
dico_phrasis_0000247__es-es__original,
dico_phrasis_0000248__es-es__flipped,
dico_phrasis_0000248__es-es__original,
dico_phrasis_0000251__es-es__flipped,
dico_phrasis_0000251__es-es__original,
dico_phrasis_0000252__es-es__flipped,
dico_phrasis_0000252__es-es__original,
dico_phrasis_0000253__es-es__flipped,
dico_phrasis_0000253__es-es__original,
dico_phrasis_0000254__es-es__flipped,
dico_phrasis_0000254__es-es__original,
dico_phrasis_0000256__es-es__flipped,
dico_phrasis_0000256__es-es__original,
dico_phrasis_0000257__es-es__flipped,
dico_phrasis_0000257__es-es__original,
dico_phrasis_0000258__es-es__flipped,
dico_phrasis_0000258__es-es__original,
dico_phrasis_0000260__es-es__flipped,
dico_phrasis_0000260__es-es__original,
dico_phrasis_0000261__es-es__flipped,
dico_phrasis_0000261__es-es__original,
dico_phrasis_0000265__es-es__flipped,
dico_phrasis_0000265__es-es__original,
dico_phrasis_0000266__es-es__flipped,
dico_phrasis_0000266__es-es__original,
dico_phrasis_0000267__es-es__flipped,
dico_phrasis_0000267__es-es__original,
dico_phrasis_0000269__es-es__flipped,
dico_phrasis_0000269__es-es__original,
dico_phrasis_0000270__es-es__flipped,
dico_phrasis_0000270__es-es__original,
dico_phrasis_0000272__es-es__flipped,
dico_phrasis_0000272__es-es__original,
dico_phrasis_0000273__es-es__flipped,
dico_phrasis_0000273__es-es__original,
dico_phrasis_0000274__es-es__flipped,
dico_phrasis_0000274__es-es__original,
dico_phrasis_0000276__es-es__flipped,
dico_phrasis_0000276__es-es__original,
dico_phrasis_0000278__es-es__flipped,
dico_phrasis_0000278__es-es__original,
dico_phrasis_0000280__es-es__flipped,
dico_phrasis_0000280__es-es__original,
dico_phrasis_0000282__es-es__flipped,
dico_phrasis_0000282__es-es__original,
dico_phrasis_0000285__es-es__flipped,
dico_phrasis_0000285__es-es__original,
dico_phrasis_0000286__es-es__flipped,
dico_phrasis_0000286__es-es__original,
dico_phrasis_0000287__es-es__flipped,
dico_phrasis_0000287__es-es__original,
dico_phrasis_0000289__es-es__flipped,
dico_phrasis_0000289__es-es__original,
dico_phrasis_0000291__es-es__flipped,
dico_phrasis_0000291__es-es__original,
dico_phrasis_0000292__es-es__flipped,
dico_phrasis_0000292__es-es__original,
dico_phrasis_0000293__es-es__flipped,
dico_phrasis_0000293__es-es__original,
dico_phrasis_0000296__es-es__flipped,
dico_phrasis_0000296__es-es__original,
dico_phrasis_0000297__es-es__flipped,
dico_phrasis_0000297__es-es__original,
dico_phrasis_0000298__es-es__flipped,
dico_phrasis_0000298__es-es__original,
dico_phrasis_0000300__es-es__flipped,
dico_phrasis_0000300__es-es__original,
dico_phrasis_0000301__es-es__flipped,
dico_phrasis_0000301__es-es__original,
dico_phrasis_0000302__es-es__flipped,
dico_phrasis_0000302__es-es__original,
dico_phrasis_0000304__es-es__flipped,
dico_phrasis_0000304__es-es__original,
dico_phrasis_0000305__es-es__flipped,
dico_phrasis_0000305__es-es__original,
dico_phrasis_0000307__es-es__flipped,
dico_phrasis_0000307__es-es__original,
dico_phrasis_0000310__es-es__flipped,
dico_phrasis_0000310__es-es__original,
dico_phrasis_0000311__es-es__flipped,
dico_phrasis_0000311__es-es__original,
dico_phrasis_0000314__es-es__flipped,
dico_phrasis_0000314__es-es__original,
dico_phrasis_0000315__es-es__flipped,
dico_phrasis_0000315__es-es__original,
dico_phrasis_0000316__es-es__flipped,
dico_phrasis_0000316__es-es__original,
dico_phrasis_0000317__es-es__flipped,
dico_phrasis_0000317__es-es__original,
dico_phrasis_0000318__es-es__flipped,
dico_phrasis_0000318__es-es__original,
dico_phrasis_0000319__es-es__flipped,
dico_phrasis_0000319__es-es__original,
dico_phrasis_0000320__es-es__flipped,
dico_phrasis_0000320__es-es__original,
dico_phrasis_0000321__es-es__flipped,
dico_phrasis_0000321__es-es__original,
dico_phrasis_0000322__es-es__flipped,
dico_phrasis_0000322__es-es__original,
dico_phrasis_0000323__es-es__flipped,
dico_phrasis_0000323__es-es__original,
dico_phrasis_0000324__es-es__flipped,
dico_phrasis_0000324__es-es__original,
dico_phrasis_0000325__es-es__flipped,
dico_phrasis_0000325__es-es__original,
dico_phrasis_0000327__es-es__flipped,
dico_phrasis_0000327__es-es__original,
dico_phrasis_0000332__es-es__flipped,
dico_phrasis_0000332__es-es__original,
dico_phrasis_0000333__es-es__flipped,
dico_phrasis_0000333__es-es__original,
dico_phrasis_0000334__es-es__flipped,
dico_phrasis_0000334__es-es__original,
dico_phrasis_0000335__es-es__flipped,
dico_phrasis_0000335__es-es__original,
dico_phrasis_0000336__es-es__flipped,
dico_phrasis_0000336__es-es__original,
dico_phrasis_0000337__es-es__flipped,
dico_phrasis_0000337__es-es__original,
dico_phrasis_0000341__es-es__flipped,
dico_phrasis_0000341__es-es__original,
dico_phrasis_0000343__es-es__flipped,
dico_phrasis_0000343__es-es__original,
dico_phrasis_0000344__es-es__flipped,
dico_phrasis_0000344__es-es__original,
dico_phrasis_0000346__es-es__flipped,
dico_phrasis_0000346__es-es__original,
dico_phrasis_0000347__es-es__flipped,
dico_phrasis_0000347__es-es__original,
dico_phrasis_0000348__es-es__flipped,
dico_phrasis_0000348__es-es__original,
dico_phrasis_0000349__es-es__flipped,
dico_phrasis_0000349__es-es__original,
dico_phrasis_0000351__es-es__flipped,
dico_phrasis_0000351__es-es__original,
dico_phrasis_0000353__es-es__flipped,
dico_phrasis_0000353__es-es__original,
dico_phrasis_0000354__es-es__flipped,
dico_phrasis_0000354__es-es__original,
dico_phrasis_0000355__es-es__flipped,
dico_phrasis_0000355__es-es__original,
dico_phrasis_0000356__es-es__flipped,
dico_phrasis_0000356__es-es__original,
dico_phrasis_0000357__es-es__flipped,
dico_phrasis_0000357__es-es__original,
dico_phrasis_0000358__es-es__flipped,
dico_phrasis_0000358__es-es__original,
dico_phrasis_0000359__es-es__flipped,
dico_phrasis_0000359__es-es__original,
dico_phrasis_0000360__es-es__flipped,
dico_phrasis_0000360__es-es__original,
dico_phrasis_0000361__es-es__flipped,
dico_phrasis_0000361__es-es__original,
dico_phrasis_0000362__es-es__flipped,
dico_phrasis_0000362__es-es__original,
dico_phrasis_0000363__es-es__flipped,
dico_phrasis_0000363__es-es__original,
dico_phrasis_0000364__es-es__flipped,
dico_phrasis_0000364__es-es__original,
dico_phrasis_0000365__es-es__flipped,
dico_phrasis_0000365__es-es__original,
dico_phrasis_0000366__es-es__flipped,
dico_phrasis_0000366__es-es__original,
dico_phrasis_0000368__es-es__flipped,
dico_phrasis_0000368__es-es__original,
dico_phrasis_0000369__es-es__flipped,
dico_phrasis_0000369__es-es__original,
dico_phrasis_0000371__es-es__flipped,
dico_phrasis_0000371__es-es__original,
dico_phrasis_0000373__es-es__flipped,
dico_phrasis_0000373__es-es__original,
dico_phrasis_0000376__es-es__flipped,
dico_phrasis_0000376__es-es__original,
dico_phrasis_0000377__es-es__flipped,
dico_phrasis_0000377__es-es__original,
dico_phrasis_0000378__es-es__flipped,
dico_phrasis_0000378__es-es__original,
dico_phrasis_0000379__es-es__flipped,
dico_phrasis_0000379__es-es__original,
dico_phrasis_0000380__es-es__flipped,
dico_phrasis_0000380__es-es__original,
dico_phrasis_0000381__es-es__flipped,
dico_phrasis_0000381__es-es__original,
dico_phrasis_0000382__es-es__flipped,
dico_phrasis_0000382__es-es__original,
dico_phrasis_0000383__es-es__flipped,
dico_phrasis_0000383__es-es__original,
dico_phrasis_0000384__es-es__flipped,
dico_phrasis_0000384__es-es__original,
dico_phrasis_0000385__es-es__flipped,
dico_phrasis_0000385__es-es__original,
dico_phrasis_0000386__es-es__flipped,
dico_phrasis_0000386__es-es__original,
dico_phrasis_0000387__es-es__flipped,
dico_phrasis_0000387__es-es__original,
dico_phrasis_0000388__es-es__flipped,
dico_phrasis_0000388__es-es__original,
dico_phrasis_0000389__es-es__flipped,
dico_phrasis_0000389__es-es__original,
dico_phrasis_0000390__es-es__flipped,
dico_phrasis_0000390__es-es__original,
dico_phrasis_0000392__es-es__flipped,
dico_phrasis_0000392__es-es__original,
dico_phrasis_0000395__es-es__flipped,
dico_phrasis_0000395__es-es__original,
dico_phrasis_0000398__es-es__flipped,
dico_phrasis_0000398__es-es__original,
dico_phrasis_0000399__es-es__flipped,
dico_phrasis_0000399__es-es__original,
dico_phrasis_0000400__es-es__flipped,
dico_phrasis_0000400__es-es__original,
dico_phrasis_0000401__es-es__flipped,
dico_phrasis_0000401__es-es__original,
dico_phrasis_0000402__es-es__flipped,
dico_phrasis_0000402__es-es__original,
dico_phrasis_0000403__es-es__flipped,
dico_phrasis_0000403__es-es__original,
dico_phrasis_0000404__es-es__flipped,
dico_phrasis_0000404__es-es__original,
dico_phrasis_0000406__es-es__flipped,
dico_phrasis_0000406__es-es__original,
dico_phrasis_0000407__es-es__flipped,
dico_phrasis_0000407__es-es__original,
dico_phrasis_0000409__es-es__flipped,
dico_phrasis_0000409__es-es__original,
dico_phrasis_0000410__es-es__flipped,
dico_phrasis_0000410__es-es__original,
dico_phrasis_0000411__es-es__flipped,
dico_phrasis_0000411__es-es__original,
dico_phrasis_0000412__es-es__flipped,
dico_phrasis_0000412__es-es__original,
dico_phrasis_0000413__es-es__flipped,
dico_phrasis_0000413__es-es__original,
dico_phrasis_0000414__es-es__flipped,
dico_phrasis_0000414__es-es__original,
dico_phrasis_0000415__es-es__flipped,
dico_phrasis_0000415__es-es__original,
dico_phrasis_0000416__es-es__flipped,
dico_phrasis_0000416__es-es__original,
dico_phrasis_0000417__es-es__flipped,
dico_phrasis_0000417__es-es__original,
dico_phrasis_0000418__es-es__flipped,
dico_phrasis_0000418__es-es__original,
dico_phrasis_0000419__es-es__flipped,
dico_phrasis_0000419__es-es__original,
dico_phrasis_0000420__es-es__flipped,
dico_phrasis_0000420__es-es__original,
dico_phrasis_0000422__es-es__flipped,
dico_phrasis_0000422__es-es__original,
dico_phrasis_0000423__es-es__flipped,
dico_phrasis_0000423__es-es__original,
dico_phrasis_0000424__es-es__flipped,
dico_phrasis_0000424__es-es__original,
dico_phrasis_0000426__es-es__flipped,
dico_phrasis_0000426__es-es__original,
dico_phrasis_0000427__es-es__flipped,
dico_phrasis_0000427__es-es__original,
dico_phrasis_0000428__es-es__flipped,
dico_phrasis_0000428__es-es__original,
dico_phrasis_0000429__es-es__flipped,
dico_phrasis_0000429__es-es__original,
dico_phrasis_0000430__es-es__flipped,
dico_phrasis_0000430__es-es__original,
dico_phrasis_0000431__es-es__flipped,
dico_phrasis_0000431__es-es__original,
dico_phrasis_0000434__es-es__flipped,
dico_phrasis_0000434__es-es__original,
dico_phrasis_0000435__es-es__flipped,
dico_phrasis_0000435__es-es__original,
dico_phrasis_0000436__es-es__flipped,
dico_phrasis_0000436__es-es__original,
dico_phrasis_0000437__es-es__flipped,
dico_phrasis_0000437__es-es__original,
dico_phrasis_0000438__es-es__flipped,
dico_phrasis_0000438__es-es__original,
dico_phrasis_0000439__es-es__flipped,
dico_phrasis_0000439__es-es__original,
dico_phrasis_0000440__es-es__flipped,
dico_phrasis_0000440__es-es__original,
dico_phrasis_0000441__es-es__flipped,
dico_phrasis_0000441__es-es__original,
dico_phrasis_0000442__es-es__flipped,
dico_phrasis_0000442__es-es__original,
dico_phrasis_0000443__es-es__flipped,
dico_phrasis_0000443__es-es__original,
dico_phrasis_0000446__es-es__flipped,
dico_phrasis_0000446__es-es__original,
dico_phrasis_0000448__es-es__flipped,
dico_phrasis_0000448__es-es__original,
dico_phrasis_0000450__es-es__flipped,
dico_phrasis_0000450__es-es__original,
dico_phrasis_0000451__es-es__flipped,
dico_phrasis_0000451__es-es__original,
dico_phrasis_0000454__es-es__flipped,
dico_phrasis_0000454__es-es__original,
dico_phrasis_0000455__es-es__flipped,
dico_phrasis_0000455__es-es__original,
dico_phrasis_0000456__es-es__flipped,
dico_phrasis_0000456__es-es__original,
dico_phrasis_0000458__es-es__flipped,
dico_phrasis_0000458__es-es__original,
dico_phrasis_0000459__es-es__flipped,
dico_phrasis_0000459__es-es__original,
dico_phrasis_0000460__es-es__flipped,
dico_phrasis_0000460__es-es__original,
dico_phrasis_0000461__es-es__flipped,
dico_phrasis_0000461__es-es__original,
dico_phrasis_0000462__es-es__flipped,
dico_phrasis_0000462__es-es__original,
dico_phrasis_0000464__es-es__flipped,
dico_phrasis_0000464__es-es__original,
dico_phrasis_0000467__es-es__flipped,
dico_phrasis_0000467__es-es__original,
dico_phrasis_0000468__es-es__flipped,
dico_phrasis_0000468__es-es__original,
dico_phrasis_0000471__es-es__flipped,
dico_phrasis_0000471__es-es__original,
dico_phrasis_0000472__es-es__flipped,
dico_phrasis_0000472__es-es__original,
dico_phrasis_0000473__es-es__flipped,
dico_phrasis_0000473__es-es__original,
dico_phrasis_0000475__es-es__flipped,
dico_phrasis_0000475__es-es__original,
dico_phrasis_0000476__es-es__flipped,
dico_phrasis_0000476__es-es__original,
dico_phrasis_0000478__es-es__flipped,
dico_phrasis_0000478__es-es__original,
dico_phrasis_0000479__es-es__flipped,
dico_phrasis_0000479__es-es__original,
dico_phrasis_0000482__es-es__flipped,
dico_phrasis_0000482__es-es__original,
dico_phrasis_0000483__es-es__flipped,
dico_phrasis_0000483__es-es__original,
dico_phrasis_0000484__es-es__flipped,
dico_phrasis_0000484__es-es__original,
dico_phrasis_0000485__es-es__flipped,
dico_phrasis_0000485__es-es__original,
dico_phrasis_0000486__es-es__flipped,
dico_phrasis_0000486__es-es__original,
dico_phrasis_0000488__es-es__flipped,
dico_phrasis_0000488__es-es__original,
dico_phrasis_0000489__es-es__flipped,
dico_phrasis_0000489__es-es__original,
dico_phrasis_0000490__es-es__flipped,
dico_phrasis_0000490__es-es__original,
dico_phrasis_0000491__es-es__flipped,
dico_phrasis_0000491__es-es__original,
dico_phrasis_0000492__es-es__flipped,
dico_phrasis_0000492__es-es__original,
dico_phrasis_0000494__es-es__flipped,
dico_phrasis_0000494__es-es__original,
dico_phrasis_0000496__es-es__flipped,
dico_phrasis_0000496__es-es__original,
dico_phrasis_0000498__es-es__flipped,
dico_phrasis_0000498__es-es__original,
dico_phrasis_0000500__es-es__flipped,
dico_phrasis_0000500__es-es__original,
dico_phrasis_0000501__es-es__flipped,
dico_phrasis_0000501__es-es__original,
dico_phrasis_0000503__es-es__flipped,
dico_phrasis_0000503__es-es__original,
dico_phrasis_0000505__es-es__flipped,
dico_phrasis_0000505__es-es__original,
dico_phrasis_0000506__es-es__flipped,
dico_phrasis_0000506__es-es__original,
dico_phrasis_0000507__es-es__flipped,
dico_phrasis_0000507__es-es__original,
dico_phrasis_0000508__es-es__flipped,
dico_phrasis_0000508__es-es__original,
dico_phrasis_0000509__es-es__flipped,
dico_phrasis_0000509__es-es__original,
dico_phrasis_0000510__es-es__flipped,
dico_phrasis_0000510__es-es__original,
dico_phrasis_0000511__es-es__flipped,
dico_phrasis_0000511__es-es__original,
dico_phrasis_0000512__es-es__flipped,
dico_phrasis_0000512__es-es__original,
dico_phrasis_0000513__es-es__flipped,
dico_phrasis_0000513__es-es__original,
dico_phrasis_0000515__es-es__flipped,
dico_phrasis_0000515__es-es__original,
dico_phrasis_0000517__es-es__flipped,
dico_phrasis_0000517__es-es__original,
dico_phrasis_0000519__es-es__flipped,
dico_phrasis_0000519__es-es__original,
dico_phrasis_0000522__es-es__flipped,
dico_phrasis_0000522__es-es__original,
dico_phrasis_0000525__es-es__flipped,
dico_phrasis_0000525__es-es__original,
dico_phrasis_0000529__es-es__flipped,
dico_phrasis_0000529__es-es__original,
dico_phrasis_0000530__es-es__flipped,
dico_phrasis_0000530__es-es__original,
dico_phrasis_0000531__es-es__flipped,
dico_phrasis_0000531__es-es__original,
dico_phrasis_0000532__es-es__flipped,
dico_phrasis_0000532__es-es__original,
dico_phrasis_0000533__es-es__flipped,
dico_phrasis_0000533__es-es__original,
dico_phrasis_0000534__es-es__flipped,
dico_phrasis_0000534__es-es__original,
dico_phrasis_0000535__es-es__flipped,
dico_phrasis_0000535__es-es__original,
dico_phrasis_0000536__es-es__flipped,
dico_phrasis_0000536__es-es__original,
dico_phrasis_0000538__es-es__flipped,
dico_phrasis_0000538__es-es__original,
dico_phrasis_0000539__es-es__flipped,
dico_phrasis_0000539__es-es__original,
dico_phrasis_0000543__es-es__flipped,
dico_phrasis_0000543__es-es__original,
dico_phrasis_0000544__es-es__flipped,
dico_phrasis_0000544__es-es__original,
dico_phrasis_0000545__es-es__flipped,
dico_phrasis_0000545__es-es__original,
dico_phrasis_0000546__es-es__flipped,
dico_phrasis_0000546__es-es__original,
dico_phrasis_0000548__es-es__flipped,
dico_phrasis_0000548__es-es__original,
dico_phrasis_0000550__es-es__flipped,
dico_phrasis_0000550__es-es__original,
dico_phrasis_0000551__es-es__flipped,
dico_phrasis_0000551__es-es__original,
dico_phrasis_0000553__es-es__flipped,
dico_phrasis_0000553__es-es__original,
dico_phrasis_0000554__es-es__flipped,
dico_phrasis_0000554__es-es__original,
dico_phrasis_0000555__es-es__flipped,
dico_phrasis_0000555__es-es__original,
dico_phrasis_0000557__es-es__flipped,
dico_phrasis_0000557__es-es__original,
dico_phrasis_0000558__es-es__flipped,
dico_phrasis_0000558__es-es__original,
dico_phrasis_0000564__es-es__flipped,
dico_phrasis_0000564__es-es__original,
dico_phrasis_0000565__es-es__flipped,
dico_phrasis_0000565__es-es__original,
dico_phrasis_0000566__es-es__flipped,
dico_phrasis_0000566__es-es__original,
dico_phrasis_0000567__es-es__flipped,
dico_phrasis_0000567__es-es__original,
dico_phrasis_0000569__es-es__flipped,
dico_phrasis_0000569__es-es__original,
dico_phrasis_0000570__es-es__flipped,
dico_phrasis_0000570__es-es__original,
dico_phrasis_0000571__es-es__flipped,
dico_phrasis_0000571__es-es__original,
dico_phrasis_0000572__es-es__flipped,
dico_phrasis_0000572__es-es__original,
dico_phrasis_0000573__es-es__flipped,
dico_phrasis_0000573__es-es__original,
dico_phrasis_0000574__es-es__flipped,
dico_phrasis_0000574__es-es__original,
dico_phrasis_0000575__es-es__flipped,
dico_phrasis_0000575__es-es__original,
dico_phrasis_0000576__es-es__flipped,
dico_phrasis_0000576__es-es__original,
dico_phrasis_0000577__es-es__flipped,
dico_phrasis_0000577__es-es__original,
dico_phrasis_0000578__es-es__flipped,
dico_phrasis_0000578__es-es__original,
dico_phrasis_0000579__es-es__flipped,
dico_phrasis_0000579__es-es__original,
dico_phrasis_0000581__es-es__flipped,
dico_phrasis_0000581__es-es__original,
dico_phrasis_0000582__es-es__flipped,
dico_phrasis_0000582__es-es__original,
dico_phrasis_0000583__es-es__flipped,
dico_phrasis_0000583__es-es__original,
dico_phrasis_0000584__es-es__flipped,
dico_phrasis_0000584__es-es__original,
dico_phrasis_0000585__es-es__flipped,
dico_phrasis_0000585__es-es__original,
dico_phrasis_0000586__es-es__flipped,
dico_phrasis_0000586__es-es__original,
dico_phrasis_0000587__es-es__flipped,
dico_phrasis_0000587__es-es__original,
dico_phrasis_0000588__es-es__flipped,
dico_phrasis_0000588__es-es__original,
dico_phrasis_0000589__es-es__flipped,
dico_phrasis_0000589__es-es__original,
dico_phrasis_0000591__es-es__flipped,
dico_phrasis_0000591__es-es__original,
dico_phrasis_0000592__es-es__flipped,
dico_phrasis_0000592__es-es__original,
dico_phrasis_0000593__es-es__flipped,
dico_phrasis_0000593__es-es__original,
dico_phrasis_0000594__es-es__flipped,
dico_phrasis_0000594__es-es__original,
dico_phrasis_0000595__es-es__flipped,
dico_phrasis_0000595__es-es__original,
dico_phrasis_0000596__es-es__flipped,
dico_phrasis_0000596__es-es__original,
dico_phrasis_0000597__es-es__flipped,
dico_phrasis_0000597__es-es__original,
dico_phrasis_0000598__es-es__flipped,
dico_phrasis_0000598__es-es__original,
dico_phrasis_0000600__es-es__flipped,
dico_phrasis_0000600__es-es__original,
dico_phrasis_0000601__es-es__flipped,
dico_phrasis_0000601__es-es__original,
dico_phrasis_0000603__es-es__flipped,
dico_phrasis_0000603__es-es__original,
dico_phrasis_0000605__es-es__flipped,
dico_phrasis_0000605__es-es__original,
dico_phrasis_0000606__es-es__flipped,
dico_phrasis_0000606__es-es__original,
dico_phrasis_0000607__es-es__flipped,
dico_phrasis_0000607__es-es__original,
dico_phrasis_0000608__es-es__flipped,
dico_phrasis_0000608__es-es__original,
dico_phrasis_0000609__es-es__flipped,
dico_phrasis_0000609__es-es__original,
dico_phrasis_0000610__es-es__flipped,
dico_phrasis_0000610__es-es__original,
dico_phrasis_0000611__es-es__flipped,
dico_phrasis_0000611__es-es__original,
dico_phrasis_0000612__es-es__flipped,
dico_phrasis_0000612__es-es__original,
dico_phrasis_0000613__es-es__flipped,
dico_phrasis_0000613__es-es__original,
dico_phrasis_0000615__es-es__flipped,
dico_phrasis_0000615__es-es__original,
dico_phrasis_0000617__es-es__flipped,
dico_phrasis_0000617__es-es__original,
dico_phrasis_0000624__es-es__flipped,
dico_phrasis_0000624__es-es__original,
dico_phrasis_0000625__es-es__flipped,
dico_phrasis_0000625__es-es__original,
dico_phrasis_0000626__es-es__flipped,
dico_phrasis_0000626__es-es__original,
dico_phrasis_0000628__es-es__flipped,
dico_phrasis_0000628__es-es__original,
dico_phrasis_0000629__es-es__flipped,
dico_phrasis_0000629__es-es__original,
dico_phrasis_0000630__es-es__flipped,
dico_phrasis_0000630__es-es__original,
dico_phrasis_0000631__es-es__flipped,
dico_phrasis_0000631__es-es__original,
dico_phrasis_0000633__es-es__flipped,
dico_phrasis_0000633__es-es__original,
dico_phrasis_0000634__es-es__flipped,
dico_phrasis_0000634__es-es__original,
dico_phrasis_0000635__es-es__flipped,
dico_phrasis_0000635__es-es__original,
dico_phrasis_0000636__es-es__flipped,
dico_phrasis_0000636__es-es__original,
dico_phrasis_0000637__es-es__flipped,
dico_phrasis_0000637__es-es__original,
dico_phrasis_0000638__es-es__flipped,
dico_phrasis_0000638__es-es__original,
dico_phrasis_0000639__es-es__flipped,
dico_phrasis_0000639__es-es__original,
dico_phrasis_0000640__es-es__flipped,
dico_phrasis_0000640__es-es__original,
dico_phrasis_0000642__es-es__flipped,
dico_phrasis_0000642__es-es__original,
dico_phrasis_0000643__es-es__flipped,
dico_phrasis_0000643__es-es__original,
dico_phrasis_0000645__es-es__flipped,
dico_phrasis_0000645__es-es__original,
dico_phrasis_0000646__es-es__flipped,
dico_phrasis_0000646__es-es__original,
dico_phrasis_0000648__es-es__flipped,
dico_phrasis_0000648__es-es__original,
dico_phrasis_0000649__es-es__flipped,
dico_phrasis_0000649__es-es__original,
dico_phrasis_0000650__es-es__flipped,
dico_phrasis_0000650__es-es__original,
dico_phrasis_0000651__es-es__flipped,
dico_phrasis_0000651__es-es__original,
dico_phrasis_0000652__es-es__flipped,
dico_phrasis_0000652__es-es__original,
dico_phrasis_0000655__es-es__flipped,
dico_phrasis_0000655__es-es__original,
dico_phrasis_0000656__es-es__flipped,
dico_phrasis_0000656__es-es__original,
dico_phrasis_0000658__es-es__flipped,
dico_phrasis_0000658__es-es__original,
dico_phrasis_0000660__es-es__flipped,
dico_phrasis_0000660__es-es__original,
dico_phrasis_0000663__es-es__flipped,
dico_phrasis_0000663__es-es__original,
dico_phrasis_0000664__es-es__flipped,
dico_phrasis_0000664__es-es__original,
dico_phrasis_0000665__es-es__flipped,
dico_phrasis_0000665__es-es__original,
dico_phrasis_0000668__es-es__flipped,
dico_phrasis_0000668__es-es__original,
dico_phrasis_0000670__es-es__flipped,
dico_phrasis_0000670__es-es__original,
dico_phrasis_0000672__es-es__flipped,
dico_phrasis_0000672__es-es__original,
dico_phrasis_0000673__es-es__flipped,
dico_phrasis_0000673__es-es__original,
dico_phrasis_0000674__es-es__flipped,
dico_phrasis_0000674__es-es__original,
dico_phrasis_0000677__es-es__flipped,
dico_phrasis_0000677__es-es__original,
dico_phrasis_0000678__es-es__flipped,
dico_phrasis_0000678__es-es__original,
dico_phrasis_0000679__es-es__flipped,
dico_phrasis_0000679__es-es__original,
dico_phrasis_0000681__es-es__flipped,
dico_phrasis_0000681__es-es__original,
dico_phrasis_0000682__es-es__flipped,
dico_phrasis_0000682__es-es__original,
dico_phrasis_0000684__es-es__flipped,
dico_phrasis_0000684__es-es__original,
dico_phrasis_0000686__es-es__flipped,
dico_phrasis_0000686__es-es__original,
dico_phrasis_0000687__es-es__flipped,
dico_phrasis_0000687__es-es__original,
dico_phrasis_0000688__es-es__flipped,
dico_phrasis_0000688__es-es__original,
dico_phrasis_0000689__es-es__flipped,
dico_phrasis_0000689__es-es__original,
dico_phrasis_0000690__es-es__flipped,
dico_phrasis_0000690__es-es__original,
dico_phrasis_0000691__es-es__flipped,
dico_phrasis_0000691__es-es__original,
dico_phrasis_0000692__es-es__flipped,
dico_phrasis_0000692__es-es__original,
dico_phrasis_0000694__es-es__flipped,
dico_phrasis_0000694__es-es__original,
dico_phrasis_0000695__es-es__flipped,
dico_phrasis_0000695__es-es__original,
dico_phrasis_0000696__es-es__flipped,
dico_phrasis_0000696__es-es__original,
dico_phrasis_0000697__es-es__flipped,
dico_phrasis_0000697__es-es__original,
dico_phrasis_0000699__es-es__flipped,
dico_phrasis_0000699__es-es__original,
dico_phrasis_0000700__es-es__flipped,
dico_phrasis_0000700__es-es__original,
dico_phrasis_0000703__es-es__flipped,
dico_phrasis_0000703__es-es__original,
dico_phrasis_0000704__es-es__flipped,
dico_phrasis_0000704__es-es__original,
dico_phrasis_0000706__es-es__flipped,
dico_phrasis_0000706__es-es__original,
dico_phrasis_0000709__es-es__flipped,
dico_phrasis_0000709__es-es__original,
dico_phrasis_0000710__es-es__flipped,
dico_phrasis_0000710__es-es__original,
dico_phrasis_0000713__es-es__flipped,
dico_phrasis_0000713__es-es__original,
dico_phrasis_0000717__es-es__flipped,
dico_phrasis_0000717__es-es__original,
dico_phrasis_0000719__es-es__flipped,
dico_phrasis_0000719__es-es__original,
dico_phrasis_0000720__es-es__flipped,
dico_phrasis_0000720__es-es__original,
dico_phrasis_0000722__es-es__flipped,
dico_phrasis_0000722__es-es__original,
dico_phrasis_0000723__es-es__flipped,
dico_phrasis_0000723__es-es__original,
dico_phrasis_0000727__es-es__flipped,
dico_phrasis_0000727__es-es__original,
dico_phrasis_0000730__es-es__flipped,
dico_phrasis_0000730__es-es__original,
dico_phrasis_0000735__es-es__flipped,
dico_phrasis_0000735__es-es__original,
dico_phrasis_0000736__es-es__flipped,
dico_phrasis_0000736__es-es__original,
dico_phrasis_0000737__es-es__flipped,
dico_phrasis_0000737__es-es__original,
dico_phrasis_0000740__es-es__flipped,
dico_phrasis_0000740__es-es__original,
dico_phrasis_0000741__es-es__flipped,
dico_phrasis_0000741__es-es__original,
dico_phrasis_0000742__es-es__flipped,
dico_phrasis_0000742__es-es__original,
dico_phrasis_0000744__es-es__flipped,
dico_phrasis_0000744__es-es__original,
dico_phrasis_0000745__es-es__flipped,
dico_phrasis_0000745__es-es__original,
dico_phrasis_0000746__es-es__flipped,
dico_phrasis_0000746__es-es__original,
dico_phrasis_0000747__es-es__flipped,
dico_phrasis_0000747__es-es__original,
dico_phrasis_0000748__es-es__flipped,
dico_phrasis_0000748__es-es__original,
dico_phrasis_0000749__es-es__flipped,
dico_phrasis_0000749__es-es__original,
dico_phrasis_0000750__es-es__flipped,
dico_phrasis_0000750__es-es__original,
dico_phrasis_0000751__es-es__flipped,
dico_phrasis_0000751__es-es__original,
dico_phrasis_0000753__es-es__flipped,
dico_phrasis_0000753__es-es__original,
dico_phrasis_0000755__es-es__flipped,
dico_phrasis_0000755__es-es__original,
dico_phrasis_0000756__es-es__flipped,
dico_phrasis_0000756__es-es__original,
dico_phrasis_0000758__es-es__flipped,
dico_phrasis_0000758__es-es__original,
dico_phrasis_0000759__es-es__flipped,
dico_phrasis_0000759__es-es__original,
dico_phrasis_0000761__es-es__flipped,
dico_phrasis_0000761__es-es__original,
dico_phrasis_0000763__es-es__flipped,
dico_phrasis_0000763__es-es__original,
dico_phrasis_0000765__es-es__flipped,
dico_phrasis_0000765__es-es__original,
dico_phrasis_0000767__es-es__flipped,
dico_phrasis_0000767__es-es__original,
dico_phrasis_0000770__es-es__flipped,
dico_phrasis_0000770__es-es__original,
dico_phrasis_0000771__es-es__flipped,
dico_phrasis_0000771__es-es__original,
dico_phrasis_0000772__es-es__flipped,
dico_phrasis_0000772__es-es__original,
dico_phrasis_0000775__es-es__flipped,
dico_phrasis_0000775__es-es__original,
dico_phrasis_0000776__es-es__flipped,
dico_phrasis_0000776__es-es__original,
dico_phrasis_0000779__es-es__flipped,
dico_phrasis_0000779__es-es__original,
dico_phrasis_0000780__es-es__flipped,
dico_phrasis_0000780__es-es__original,
dico_phrasis_0000783__es-es__flipped,
dico_phrasis_0000783__es-es__original,
dico_phrasis_0000785__es-es__flipped,
dico_phrasis_0000785__es-es__original,
dico_phrasis_0000786__es-es__flipped,
dico_phrasis_0000786__es-es__original,
dico_phrasis_0000789__es-es__flipped,
dico_phrasis_0000789__es-es__original,
dico_phrasis_0000790__es-es__flipped,
dico_phrasis_0000790__es-es__original,
dico_phrasis_0000791__es-es__flipped,
dico_phrasis_0000791__es-es__original,
dico_phrasis_0000792__es-es__flipped,
dico_phrasis_0000792__es-es__original,
dico_phrasis_0000793__es-es__flipped,
dico_phrasis_0000793__es-es__original,
dico_phrasis_0000794__es-es__flipped,
dico_phrasis_0000794__es-es__original,
dico_phrasis_0000795__es-es__flipped,
dico_phrasis_0000795__es-es__original,
dico_phrasis_0000796__es-es__flipped,
dico_phrasis_0000796__es-es__original,
dico_phrasis_0000797__es-es__flipped,
dico_phrasis_0000797__es-es__original,
dico_phrasis_0000798__es-es__flipped,
dico_phrasis_0000798__es-es__original,
dico_phrasis_0000799__es-es__flipped,
dico_phrasis_0000799__es-es__original,
dico_phrasis_0000800__es-es__flipped,
dico_phrasis_0000800__es-es__original,
dico_phrasis_0000804__es-es__flipped,
dico_phrasis_0000804__es-es__original,
dico_phrasis_0000806__es-es__flipped,
dico_phrasis_0000806__es-es__original,
dico_phrasis_0000807__es-es__flipped,
dico_phrasis_0000807__es-es__original,
dico_phrasis_0000810__es-es__flipped,
dico_phrasis_0000810__es-es__original,
dico_phrasis_0000812__es-es__flipped,
dico_phrasis_0000812__es-es__original,
dico_phrasis_0000813__es-es__flipped,
dico_phrasis_0000813__es-es__original,
dico_phrasis_0000814__es-es__flipped,
dico_phrasis_0000814__es-es__original,
dico_phrasis_0000818__es-es__flipped,
dico_phrasis_0000818__es-es__original,
dico_phrasis_0000819__es-es__flipped,
dico_phrasis_0000819__es-es__original,
dico_phrasis_0000820__es-es__flipped,
dico_phrasis_0000820__es-es__original,
dico_phrasis_0000821__es-es__flipped,
dico_phrasis_0000821__es-es__original,
dico_phrasis_0000823__es-es__flipped,
dico_phrasis_0000823__es-es__original,
dico_phrasis_0000824__es-es__flipped,
dico_phrasis_0000824__es-es__original,
dico_phrasis_0000826__es-es__flipped,
dico_phrasis_0000826__es-es__original,
dico_phrasis_0000827__es-es__flipped,
dico_phrasis_0000827__es-es__original,
dico_phrasis_0000828__es-es__flipped,
dico_phrasis_0000828__es-es__original,
dico_phrasis_0000829__es-es__flipped,
dico_phrasis_0000829__es-es__original,
dico_phrasis_0000832__es-es__flipped,
dico_phrasis_0000832__es-es__original,
dico_phrasis_0000834__es-es__flipped,
dico_phrasis_0000834__es-es__original,
dico_phrasis_0000835__es-es__flipped,
dico_phrasis_0000835__es-es__original,
dico_phrasis_0000837__es-es__flipped,
dico_phrasis_0000837__es-es__original,
dico_phrasis_0000838__es-es__flipped,
dico_phrasis_0000838__es-es__original,
dico_phrasis_0000839__es-es__flipped,
dico_phrasis_0000839__es-es__original,
dico_phrasis_0000840__es-es__flipped,
dico_phrasis_0000840__es-es__original,
dico_phrasis_0000841__es-es__flipped,
dico_phrasis_0000841__es-es__original,
dico_phrasis_0000843__es-es__flipped,
dico_phrasis_0000843__es-es__original,
dico_phrasis_0000844__es-es__flipped,
dico_phrasis_0000844__es-es__original,
dico_phrasis_0000847__es-es__flipped,
dico_phrasis_0000847__es-es__original,
dico_phrasis_0000848__es-es__flipped,
dico_phrasis_0000848__es-es__original,
dico_phrasis_0000849__es-es__flipped,
dico_phrasis_0000849__es-es__original,
dico_phrasis_0000850__es-es__flipped,
dico_phrasis_0000850__es-es__original,
dico_phrasis_0000851__es-es__flipped,
dico_phrasis_0000851__es-es__original,
dico_phrasis_0000853__es-es__flipped,
dico_phrasis_0000853__es-es__original,
dico_phrasis_0000854__es-es__flipped,
dico_phrasis_0000854__es-es__original,
dico_phrasis_0000856__es-es__flipped,
dico_phrasis_0000856__es-es__original,
dico_phrasis_0000857__es-es__flipped,
dico_phrasis_0000857__es-es__original,
dico_phrasis_0000858__es-es__flipped,
dico_phrasis_0000858__es-es__original,
dico_phrasis_0000860__es-es__flipped,
dico_phrasis_0000860__es-es__original,
dico_phrasis_0000861__es-es__flipped,
dico_phrasis_0000861__es-es__original,
dico_phrasis_0000862__es-es__flipped,
dico_phrasis_0000862__es-es__original,
dico_phrasis_0000864__es-es__flipped,
dico_phrasis_0000864__es-es__original,
dico_phrasis_0000865__es-es__flipped,
dico_phrasis_0000865__es-es__original,
dico_phrasis_0000868__es-es__flipped,
dico_phrasis_0000868__es-es__original,
dico_phrasis_0000871__es-es__flipped,
dico_phrasis_0000871__es-es__original,
dico_phrasis_0000873__es-es__flipped,
dico_phrasis_0000873__es-es__original,
dico_phrasis_0000877__es-es__flipped,
dico_phrasis_0000877__es-es__original,
dico_phrasis_0000878__es-es__flipped,
dico_phrasis_0000878__es-es__original,
dico_phrasis_0000879__es-es__flipped,
dico_phrasis_0000879__es-es__original,
dico_phrasis_0000880__es-es__flipped,
dico_phrasis_0000880__es-es__original,
dico_phrasis_0000883__es-es__flipped,
dico_phrasis_0000883__es-es__original,
dico_phrasis_0000884__es-es__flipped,
dico_phrasis_0000884__es-es__original,
dico_phrasis_0000885__es-es__flipped,
dico_phrasis_0000885__es-es__original,
dico_phrasis_0000886__es-es__flipped,
dico_phrasis_0000886__es-es__original,
dico_phrasis_0000888__es-es__flipped,
dico_phrasis_0000888__es-es__original,
dico_phrasis_0000889__es-es__flipped,
dico_phrasis_0000889__es-es__original,
dico_phrasis_0000891__es-es__flipped,
dico_phrasis_0000891__es-es__original,
dico_phrasis_0000892__es-es__flipped,
dico_phrasis_0000892__es-es__original,
dico_phrasis_0000894__es-es__flipped,
dico_phrasis_0000894__es-es__original,
dico_phrasis_0000898__es-es__flipped,
dico_phrasis_0000898__es-es__original,
dico_phrasis_0000899__es-es__flipped,
dico_phrasis_0000899__es-es__original,
dico_phrasis_0000900__es-es__flipped,
dico_phrasis_0000900__es-es__original,
dico_phrasis_0000901__es-es__flipped,
dico_phrasis_0000901__es-es__original,
dico_phrasis_0000902__es-es__flipped,
dico_phrasis_0000902__es-es__original,
dico_phrasis_0000903__es-es__flipped,
dico_phrasis_0000903__es-es__original,
dico_phrasis_0000909__es-es__flipped,
dico_phrasis_0000909__es-es__original,
dico_phrasis_0000910__es-es__flipped,
dico_phrasis_0000910__es-es__original,
dico_phrasis_0000912__es-es__flipped,
dico_phrasis_0000912__es-es__original,
dico_phrasis_0000913__es-es__flipped,
dico_phrasis_0000913__es-es__original,
dico_phrasis_0000914__es-es__flipped,
dico_phrasis_0000914__es-es__original,
dico_phrasis_0000916__es-es__flipped,
dico_phrasis_0000916__es-es__original,
dico_phrasis_0000919__es-es__flipped,
dico_phrasis_0000919__es-es__original,
dico_phrasis_0000920__es-es__flipped,
dico_phrasis_0000920__es-es__original,
dico_phrasis_0000922__es-es__flipped,
dico_phrasis_0000922__es-es__original,
dico_phrasis_0000924__es-es__flipped,
dico_phrasis_0000924__es-es__original,
dico_phrasis_0000925__es-es__flipped,
dico_phrasis_0000925__es-es__original,
dico_phrasis_0000926__es-es__flipped,
dico_phrasis_0000926__es-es__original,
dico_phrasis_0000927__es-es__flipped,
dico_phrasis_0000927__es-es__original,
dico_phrasis_0000930__es-es__flipped,
dico_phrasis_0000930__es-es__original,
dico_phrasis_0000934__es-es__flipped,
dico_phrasis_0000934__es-es__original,
dico_phrasis_0000935__es-es__flipped,
dico_phrasis_0000935__es-es__original,
dico_phrasis_0000937__es-es__flipped,
dico_phrasis_0000937__es-es__original,
dico_phrasis_0000938__es-es__flipped,
dico_phrasis_0000938__es-es__original,
dico_phrasis_0000940__es-es__flipped,
dico_phrasis_0000940__es-es__original,
dico_phrasis_0000941__es-es__flipped,
dico_phrasis_0000941__es-es__original,
dico_phrasis_0000945__es-es__flipped,
dico_phrasis_0000945__es-es__original,
dico_phrasis_0000949__es-es__flipped,
dico_phrasis_0000949__es-es__original,
dico_phrasis_0000951__es-es__flipped,
dico_phrasis_0000951__es-es__original,
dico_phrasis_0000955__es-es__flipped,
dico_phrasis_0000955__es-es__original,
dico_phrasis_0000956__es-es__flipped,
dico_phrasis_0000956__es-es__original,
dico_phrasis_0000957__es-es__flipped,
dico_phrasis_0000957__es-es__original,
dico_phrasis_0000959__es-es__flipped,
dico_phrasis_0000959__es-es__original,
dico_phrasis_0000960__es-es__flipped,
dico_phrasis_0000960__es-es__original,
dico_phrasis_0000961__es-es__flipped,
dico_phrasis_0000961__es-es__original,
dico_phrasis_0000962__es-es__flipped,
dico_phrasis_0000962__es-es__original,
dico_phrasis_0000964__es-es__flipped,
dico_phrasis_0000964__es-es__original,
dico_phrasis_0000967__es-es__flipped,
dico_phrasis_0000967__es-es__original,
dico_phrasis_0000969__es-es__flipped,
dico_phrasis_0000969__es-es__original,
dico_phrasis_0000970__es-es__flipped,
dico_phrasis_0000970__es-es__original,
dico_phrasis_0000971__es-es__flipped,
dico_phrasis_0000971__es-es__original,
dico_phrasis_0000973__es-es__flipped,
dico_phrasis_0000973__es-es__original,
dico_phrasis_0000974__es-es__flipped,
dico_phrasis_0000974__es-es__original,
dico_phrasis_0000976__es-es__flipped,
dico_phrasis_0000976__es-es__original,
dico_phrasis_0000978__es-es__flipped,
dico_phrasis_0000978__es-es__original,
dico_phrasis_0000981__es-es__flipped,
dico_phrasis_0000981__es-es__original,
dico_phrasis_0000984__es-es__flipped,
dico_phrasis_0000984__es-es__original,
dico_phrasis_0000987__es-es__flipped,
dico_phrasis_0000987__es-es__original,
dico_phrasis_0000989__es-es__flipped,
dico_phrasis_0000989__es-es__original,
dico_phrasis_0000990__es-es__flipped,
dico_phrasis_0000990__es-es__original,
dico_phrasis_0000993__es-es__flipped,
dico_phrasis_0000993__es-es__original,
dico_phrasis_0000995__es-es__flipped,
dico_phrasis_0000995__es-es__original,
dico_phrasis_0000997__es-es__flipped,
dico_phrasis_0000997__es-es__original,
dico_phrasis_0000998__es-es__flipped,
dico_phrasis_0000998__es-es__original,
dico_phrasis_0000999__es-es__flipped,
dico_phrasis_0000999__es-es__original,
dico_phrasis_0001001__es-es__flipped,
dico_phrasis_0001001__es-es__original,
dico_phrasis_0001002__es-es__flipped,
dico_phrasis_0001002__es-es__original,
dico_phrasis_0001003__es-es__flipped,
dico_phrasis_0001003__es-es__original,
dico_phrasis_0001004__es-es__flipped,
dico_phrasis_0001004__es-es__original,
dico_phrasis_0001006__es-es__flipped,
dico_phrasis_0001006__es-es__original,
dico_phrasis_0001008__es-es__flipped,
dico_phrasis_0001008__es-es__original,
dico_phrasis_0001010__es-es__flipped,
dico_phrasis_0001010__es-es__original,
dico_phrasis_0001011__es-es__flipped,
dico_phrasis_0001011__es-es__original,
dico_phrasis_0001012__es-es__flipped,
dico_phrasis_0001012__es-es__original,
dico_phrasis_0001014__es-es__flipped,
dico_phrasis_0001014__es-es__original,
dico_phrasis_0001015__es-es__flipped,
dico_phrasis_0001015__es-es__original,
dico_phrasis_0001017__es-es__flipped,
dico_phrasis_0001017__es-es__original,
dico_phrasis_0001018__es-es__flipped,
dico_phrasis_0001018__es-es__original,
dico_phrasis_0001019__es-es__flipped,
dico_phrasis_0001019__es-es__original,
dico_phrasis_0001020__es-es__flipped,
dico_phrasis_0001020__es-es__original,
dico_phrasis_0001021__es-es__flipped,
dico_phrasis_0001021__es-es__original,
dico_phrasis_0001022__es-es__flipped,
dico_phrasis_0001022__es-es__original,
dico_phrasis_0001024__es-es__flipped,
dico_phrasis_0001024__es-es__original,
dico_phrasis_0001027__es-es__flipped,
dico_phrasis_0001027__es-es__original,
dico_phrasis_0001034__es-es__flipped,
dico_phrasis_0001034__es-es__original,
dico_phrasis_0001035__es-es__flipped,
dico_phrasis_0001035__es-es__original,
dico_phrasis_0001039__es-es__flipped,
dico_phrasis_0001039__es-es__original,
dico_phrasis_0001041__es-es__flipped,
dico_phrasis_0001041__es-es__original,
dico_phrasis_0001042__es-es__flipped,
dico_phrasis_0001042__es-es__original,
dico_phrasis_0001044__es-es__flipped,
dico_phrasis_0001044__es-es__original,
dico_phrasis_0001045__es-es__flipped,
dico_phrasis_0001045__es-es__original,
dico_phrasis_0001049__es-es__flipped,
dico_phrasis_0001049__es-es__original,
dico_phrasis_0001052__es-es__flipped,
dico_phrasis_0001052__es-es__original,
dico_phrasis_0001053__es-es__flipped,
dico_phrasis_0001053__es-es__original,
dico_phrasis_0001054__es-es__flipped,
dico_phrasis_0001054__es-es__original,
dico_phrasis_0001056__es-es__flipped,
dico_phrasis_0001056__es-es__original,
dico_phrasis_0001057__es-es__flipped,
dico_phrasis_0001057__es-es__original,
dico_phrasis_0001059__es-es__flipped,
dico_phrasis_0001059__es-es__original,
dico_phrasis_0001060__es-es__flipped,
dico_phrasis_0001060__es-es__original,
dico_phrasis_0001061__es-es__flipped,
dico_phrasis_0001061__es-es__original,
dico_phrasis_0001064__es-es__flipped,
dico_phrasis_0001064__es-es__original,
dico_phrasis_0001065__es-es__flipped,
dico_phrasis_0001065__es-es__original,
dico_phrasis_0001066__es-es__flipped,
dico_phrasis_0001066__es-es__original,
dico_phrasis_0001072__es-es__flipped,
dico_phrasis_0001072__es-es__original,
dico_phrasis_0001073__es-es__flipped,
dico_phrasis_0001073__es-es__original,
dico_phrasis_0001074__es-es__flipped,
dico_phrasis_0001074__es-es__original,
dico_phrasis_0001075__es-es__flipped,
dico_phrasis_0001075__es-es__original,
dico_phrasis_0001076__es-es__flipped,
dico_phrasis_0001076__es-es__original,
dico_phrasis_0001078__es-es__flipped,
dico_phrasis_0001078__es-es__original,
dico_phrasis_0001081__es-es__flipped,
dico_phrasis_0001081__es-es__original,
dico_phrasis_0001082__es-es__flipped,
dico_phrasis_0001082__es-es__original,
dico_phrasis_0001088__es-es__flipped,
dico_phrasis_0001088__es-es__original,
dico_phrasis_0001089__es-es__flipped,
dico_phrasis_0001089__es-es__original,
dico_phrasis_0001090__es-es__flipped,
dico_phrasis_0001090__es-es__original,
dico_phrasis_0001091__es-es__flipped,
dico_phrasis_0001091__es-es__original,
dico_phrasis_0001092__es-es__flipped,
dico_phrasis_0001092__es-es__original,
dico_phrasis_0001093__es-es__flipped,
dico_phrasis_0001093__es-es__original,
dico_phrasis_0001094__es-es__flipped,
dico_phrasis_0001094__es-es__original,
dico_phrasis_0001096__es-es__flipped,
dico_phrasis_0001096__es-es__original,
dico_phrasis_0001098__es-es__flipped,
dico_phrasis_0001098__es-es__original,
dico_phrasis_0001099__es-es__flipped,
dico_phrasis_0001099__es-es__original,
dico_phrasis_0001101__es-es__flipped,
dico_phrasis_0001101__es-es__original,
dico_phrasis_0001106__es-es__flipped,
dico_phrasis_0001106__es-es__original,
dico_phrasis_0001107__es-es__flipped,
dico_phrasis_0001107__es-es__original,
dico_phrasis_0001108__es-es__flipped,
dico_phrasis_0001108__es-es__original,
dico_phrasis_0001110__es-es__flipped,
dico_phrasis_0001110__es-es__original,
dico_phrasis_0001111__es-es__flipped,
dico_phrasis_0001111__es-es__original,
dico_phrasis_0001113__es-es__flipped,
dico_phrasis_0001113__es-es__original,
dico_phrasis_0001114__es-es__flipped,
dico_phrasis_0001114__es-es__original,
dico_phrasis_0001119__es-es__flipped,
dico_phrasis_0001119__es-es__original,
dico_phrasis_0001120__es-es__flipped,
dico_phrasis_0001120__es-es__original,
dico_phrasis_0001124__es-es__flipped,
dico_phrasis_0001124__es-es__original,
dico_phrasis_0001125__es-es__flipped,
dico_phrasis_0001125__es-es__original,
dico_phrasis_0001127__es-es__flipped,
dico_phrasis_0001127__es-es__original,
dico_phrasis_0001130__es-es__flipped,
dico_phrasis_0001130__es-es__original,
dico_phrasis_0001132__es-es__flipped,
dico_phrasis_0001132__es-es__original,
dico_phrasis_0001134__es-es__flipped,
dico_phrasis_0001134__es-es__original,
dico_phrasis_0001135__es-es__flipped,
dico_phrasis_0001135__es-es__original,
dico_phrasis_0001138__es-es__flipped,
dico_phrasis_0001138__es-es__original,
dico_phrasis_0001140__es-es__flipped,
dico_phrasis_0001140__es-es__original,
dico_phrasis_0001145__es-es__flipped,
dico_phrasis_0001145__es-es__original,
dico_phrasis_0001146__es-es__flipped,
dico_phrasis_0001146__es-es__original,
dico_phrasis_0001148__es-es__flipped,
dico_phrasis_0001148__es-es__original,
dico_phrasis_0001151__es-es__flipped,
dico_phrasis_0001151__es-es__original,
dico_phrasis_0001152__es-es__flipped,
dico_phrasis_0001152__es-es__original,
dico_phrasis_0001154__es-es__flipped,
dico_phrasis_0001154__es-es__original,
dico_phrasis_0001157__es-es__flipped,
dico_phrasis_0001157__es-es__original,
dico_phrasis_0001158__es-es__flipped,
dico_phrasis_0001158__es-es__original,
dico_phrasis_0001161__es-es__flipped,
dico_phrasis_0001161__es-es__original,
dico_phrasis_0001162__es-es__flipped,
dico_phrasis_0001162__es-es__original,
dico_phrasis_0001165__es-es__flipped,
dico_phrasis_0001165__es-es__original,
dico_phrasis_0001170__es-es__flipped,
dico_phrasis_0001170__es-es__original,
dico_phrasis_0001172__es-es__flipped,
dico_phrasis_0001172__es-es__original,
dico_phrasis_0001173__es-es__flipped,
dico_phrasis_0001173__es-es__original,
dico_phrasis_0001177__es-es__flipped,
dico_phrasis_0001177__es-es__original,
dico_phrasis_0001178__es-es__flipped,
dico_phrasis_0001178__es-es__original,
dico_phrasis_0001180__es-es__flipped,
dico_phrasis_0001180__es-es__original,
dico_phrasis_0001181__es-es__flipped,
dico_phrasis_0001181__es-es__original,
dico_phrasis_0001182__es-es__flipped,
dico_phrasis_0001182__es-es__original,
dico_phrasis_0001183__es-es__flipped,
dico_phrasis_0001183__es-es__original,
dico_phrasis_0001184__es-es__flipped,
dico_phrasis_0001184__es-es__original,
dico_phrasis_0001185__es-es__flipped,
dico_phrasis_0001185__es-es__original,
dico_phrasis_0001186__es-es__flipped,
dico_phrasis_0001186__es-es__original,
dico_phrasis_0001187__es-es__flipped,
dico_phrasis_0001187__es-es__original,
dico_phrasis_0001189__es-es__flipped,
dico_phrasis_0001189__es-es__original,
dico_phrasis_0001190__es-es__flipped,
dico_phrasis_0001190__es-es__original,
dico_phrasis_0001192__es-es__flipped,
dico_phrasis_0001192__es-es__original,
dico_phrasis_0001195__es-es__flipped,
dico_phrasis_0001195__es-es__original,
dico_phrasis_0001196__es-es__flipped,
dico_phrasis_0001196__es-es__original,
dico_phrasis_0001197__es-es__flipped,
dico_phrasis_0001197__es-es__original,
dico_phrasis_0001198__es-es__flipped,
dico_phrasis_0001198__es-es__original,
dico_phrasis_0001199__es-es__flipped,
dico_phrasis_0001199__es-es__original,
dico_phrasis_0001200__es-es__flipped,
dico_phrasis_0001200__es-es__original,
dico_phrasis_0001201__es-es__flipped,
dico_phrasis_0001201__es-es__original,
dico_phrasis_0001202__es-es__flipped,
dico_phrasis_0001202__es-es__original,
dico_phrasis_0001205__es-es__flipped,
dico_phrasis_0001205__es-es__original,
dico_phrasis_0001206__es-es__flipped,
dico_phrasis_0001206__es-es__original,
dico_phrasis_0001207__es-es__flipped,
dico_phrasis_0001207__es-es__original,
dico_phrasis_0001209__es-es__flipped,
dico_phrasis_0001209__es-es__original,
dico_phrasis_0001211__es-es__flipped,
dico_phrasis_0001211__es-es__original,
dico_phrasis_0001212__es-es__flipped,
dico_phrasis_0001212__es-es__original,
dico_phrasis_0001213__es-es__flipped,
dico_phrasis_0001213__es-es__original,
dico_phrasis_0001219__es-es__flipped,
dico_phrasis_0001219__es-es__original,
dico_phrasis_0001220__es-es__flipped,
dico_phrasis_0001220__es-es__original,
dico_phrasis_0001222__es-es__flipped,
dico_phrasis_0001222__es-es__original,
dico_phrasis_0001223__es-es__flipped,
dico_phrasis_0001223__es-es__original,
dico_phrasis_0001225__es-es__flipped,
dico_phrasis_0001225__es-es__original,
dico_phrasis_0001226__es-es__flipped,
dico_phrasis_0001226__es-es__original,
dico_phrasis_0001227__es-es__flipped,
dico_phrasis_0001227__es-es__original,
dico_phrasis_0001228__es-es__flipped,
dico_phrasis_0001228__es-es__original,
dico_phrasis_0001230__es-es__flipped,
dico_phrasis_0001230__es-es__original,
dico_phrasis_0001232__es-es__flipped,
dico_phrasis_0001232__es-es__original,
dico_phrasis_0001233__es-es__flipped,
dico_phrasis_0001233__es-es__original,
dico_phrasis_0001234__es-es__flipped,
dico_phrasis_0001234__es-es__original,
dico_phrasis_0001235__es-es__flipped,
dico_phrasis_0001235__es-es__original,
dico_phrasis_0001238__es-es__flipped,
dico_phrasis_0001238__es-es__original,
dico_phrasis_0001240__es-es__flipped,
dico_phrasis_0001240__es-es__original,
dico_phrasis_0001241__es-es__flipped,
dico_phrasis_0001241__es-es__original,
dico_phrasis_0001242__es-es__flipped,
dico_phrasis_0001242__es-es__original,
dico_phrasis_0001244__es-es__flipped,
dico_phrasis_0001244__es-es__original,
dico_phrasis_0001245__es-es__flipped,
dico_phrasis_0001245__es-es__original,
dico_phrasis_0001246__es-es__flipped,
dico_phrasis_0001246__es-es__original,
dico_phrasis_0001247__es-es__flipped,
dico_phrasis_0001247__es-es__original,
dico_phrasis_0001249__es-es__flipped,
dico_phrasis_0001249__es-es__original,
dico_phrasis_0001250__es-es__flipped,
dico_phrasis_0001250__es-es__original,
dico_phrasis_0001251__es-es__flipped,
dico_phrasis_0001251__es-es__original,
dico_phrasis_0001253__es-es__flipped,
dico_phrasis_0001253__es-es__original,
dico_phrasis_0001254__es-es__flipped,
dico_phrasis_0001254__es-es__original,
dico_phrasis_0001257__es-es__flipped,
dico_phrasis_0001257__es-es__original,
dico_phrasis_0001259__es-es__flipped,
dico_phrasis_0001259__es-es__original,
dico_phrasis_0001260__es-es__flipped,
dico_phrasis_0001260__es-es__original,
dico_phrasis_0001261__es-es__flipped,
dico_phrasis_0001261__es-es__original,
dico_phrasis_0001262__es-es__flipped,
dico_phrasis_0001262__es-es__original,
dico_phrasis_0001266__es-es__flipped,
dico_phrasis_0001266__es-es__original,
dico_phrasis_0001268__es-es__flipped,
dico_phrasis_0001268__es-es__original,
dico_phrasis_0001269__es-es__flipped,
dico_phrasis_0001269__es-es__original,
dico_phrasis_0001272__es-es__flipped,
dico_phrasis_0001272__es-es__original,
dico_phrasis_0001273__es-es__flipped,
dico_phrasis_0001273__es-es__original,
dico_phrasis_0001274__es-es__flipped,
dico_phrasis_0001274__es-es__original,
dico_phrasis_0001276__es-es__flipped,
dico_phrasis_0001276__es-es__original,
dico_phrasis_0001278__es-es__flipped,
dico_phrasis_0001278__es-es__original,
dico_phrasis_0001280__es-es__flipped,
dico_phrasis_0001280__es-es__original,
dico_phrasis_0001283__es-es__flipped,
dico_phrasis_0001283__es-es__original,
dico_phrasis_0001284__es-es__flipped,
dico_phrasis_0001284__es-es__original,
dico_phrasis_0001285__es-es__flipped,
dico_phrasis_0001285__es-es__original,
dico_phrasis_0001287__es-es__flipped,
dico_phrasis_0001287__es-es__original,
dico_phrasis_0001288__es-es__flipped,
dico_phrasis_0001288__es-es__original,
dico_phrasis_0001289__es-es__flipped,
dico_phrasis_0001289__es-es__original,
dico_phrasis_0001292__es-es__flipped,
dico_phrasis_0001292__es-es__original,
dico_phrasis_0001293__es-es__flipped,
dico_phrasis_0001293__es-es__original,
dico_phrasis_0001294__es-es__flipped,
dico_phrasis_0001294__es-es__original,
dico_phrasis_0001295__es-es__flipped,
dico_phrasis_0001295__es-es__original,
dico_phrasis_0001296__es-es__flipped,
dico_phrasis_0001296__es-es__original,
dico_phrasis_0001297__es-es__flipped,
dico_phrasis_0001297__es-es__original,
dico_phrasis_0001298__es-es__flipped,
dico_phrasis_0001298__es-es__original,
dico_phrasis_0001299__es-es__flipped,
dico_phrasis_0001299__es-es__original,
dico_phrasis_0001301__es-es__flipped,
dico_phrasis_0001301__es-es__original,
dico_phrasis_0001303__es-es__flipped,
dico_phrasis_0001303__es-es__original,
dico_phrasis_0001304__es-es__flipped,
dico_phrasis_0001304__es-es__original,
dico_phrasis_0001305__es-es__flipped,
dico_phrasis_0001305__es-es__original,
dico_phrasis_0001307__es-es__flipped,
dico_phrasis_0001307__es-es__original,
dico_phrasis_0001308__es-es__flipped,
dico_phrasis_0001308__es-es__original,
dico_phrasis_0001310__es-es__flipped,
dico_phrasis_0001310__es-es__original,
dico_phrasis_0001311__es-es__flipped,
dico_phrasis_0001311__es-es__original,
dico_phrasis_0001313__es-es__flipped,
dico_phrasis_0001313__es-es__original,
dico_phrasis_0001314__es-es__flipped,
dico_phrasis_0001314__es-es__original,
dico_phrasis_0001316__es-es__flipped,
dico_phrasis_0001316__es-es__original,
dico_phrasis_0001317__es-es__flipped,
dico_phrasis_0001317__es-es__original,
dico_phrasis_0001318__es-es__flipped,
dico_phrasis_0001318__es-es__original,
dico_phrasis_0001319__es-es__flipped,
dico_phrasis_0001319__es-es__original,
dico_phrasis_0001322__es-es__flipped,
dico_phrasis_0001322__es-es__original,
dico_phrasis_0001326__es-es__flipped,
dico_phrasis_0001326__es-es__original,
dico_phrasis_0001327__es-es__flipped,
dico_phrasis_0001327__es-es__original,
dico_phrasis_0001328__es-es__flipped,
dico_phrasis_0001328__es-es__original,
dico_phrasis_0001329__es-es__flipped,
dico_phrasis_0001329__es-es__original,
dico_phrasis_0001330__es-es__flipped,
dico_phrasis_0001330__es-es__original,
dico_phrasis_0001331__es-es__flipped,
dico_phrasis_0001331__es-es__original,
dico_phrasis_0001332__es-es__flipped,
dico_phrasis_0001332__es-es__original,
dico_phrasis_0001333__es-es__flipped,
dico_phrasis_0001333__es-es__original,
dico_phrasis_0001334__es-es__flipped,
dico_phrasis_0001334__es-es__original,
dico_phrasis_0001335__es-es__flipped,
dico_phrasis_0001335__es-es__original,
dico_phrasis_0001336__es-es__flipped,
dico_phrasis_0001336__es-es__original,
dico_phrasis_0001337__es-es__flipped,
dico_phrasis_0001337__es-es__original,
dico_phrasis_0001338__es-es__flipped,
dico_phrasis_0001338__es-es__original,
dico_phrasis_0001339__es-es__flipped,
dico_phrasis_0001339__es-es__original,
dico_phrasis_0001340__es-es__flipped,
dico_phrasis_0001340__es-es__original,
dico_phrasis_0001341__es-es__flipped,
dico_phrasis_0001341__es-es__original,
dico_phrasis_0001343__es-es__flipped,
dico_phrasis_0001343__es-es__original,
dico_phrasis_0001344__es-es__flipped,
dico_phrasis_0001344__es-es__original,
dico_phrasis_0001345__es-es__flipped,
dico_phrasis_0001345__es-es__original,
dico_phrasis_0001347__es-es__flipped,
dico_phrasis_0001347__es-es__original,
dico_phrasis_0001348__es-es__flipped,
dico_phrasis_0001348__es-es__original,
dico_phrasis_0001349__es-es__flipped,
dico_phrasis_0001349__es-es__original,
dico_phrasis_0001353__es-es__flipped,
dico_phrasis_0001353__es-es__original,
dico_phrasis_0001354__es-es__flipped,
dico_phrasis_0001354__es-es__original,
dico_phrasis_0001355__es-es__flipped,
dico_phrasis_0001355__es-es__original,
dico_phrasis_0001356__es-es__flipped,
dico_phrasis_0001356__es-es__original,
dico_phrasis_0001357__es-es__flipped,
dico_phrasis_0001357__es-es__original,
dico_phrasis_0001358__es-es__flipped,
dico_phrasis_0001358__es-es__original,
dico_phrasis_0001359__es-es__flipped,
dico_phrasis_0001359__es-es__original,
dico_phrasis_0001360__es-es__flipped,
dico_phrasis_0001360__es-es__original,
dico_phrasis_0001363__es-es__flipped,
dico_phrasis_0001363__es-es__original,
dico_phrasis_0001364__es-es__flipped,
dico_phrasis_0001364__es-es__original,
dico_phrasis_0001365__es-es__flipped,
dico_phrasis_0001365__es-es__original,
dico_phrasis_0001366__es-es__flipped,
dico_phrasis_0001366__es-es__original,
dico_phrasis_0001367__es-es__flipped,
dico_phrasis_0001367__es-es__original,
dico_phrasis_0001368__es-es__flipped,
dico_phrasis_0001368__es-es__original,
dico_phrasis_0001369__es-es__flipped,
dico_phrasis_0001369__es-es__original,
dico_phrasis_0001370__es-es__flipped,
dico_phrasis_0001370__es-es__original,
dico_phrasis_0001371__es-es__flipped,
dico_phrasis_0001371__es-es__original,
dico_phrasis_0001372__es-es__flipped,
dico_phrasis_0001372__es-es__original,
dico_phrasis_0001373__es-es__flipped,
dico_phrasis_0001373__es-es__original,
dico_phrasis_0001375__es-es__flipped,
dico_phrasis_0001375__es-es__original,
dico_phrasis_0001376__es-es__flipped,
dico_phrasis_0001376__es-es__original,
dico_phrasis_0001377__es-es__flipped,
dico_phrasis_0001377__es-es__original,
dico_phrasis_0001380__es-es__flipped,
dico_phrasis_0001380__es-es__original,
dico_phrasis_0001381__es-es__flipped,
dico_phrasis_0001381__es-es__original,
dico_phrasis_0001382__es-es__flipped,
dico_phrasis_0001382__es-es__original,
dico_phrasis_0001383__es-es__flipped,
dico_phrasis_0001383__es-es__original,
dico_phrasis_0001384__es-es__flipped,
dico_phrasis_0001384__es-es__original,
dico_phrasis_0001385__es-es__flipped,
dico_phrasis_0001385__es-es__original,
dico_phrasis_0001387__es-es__flipped,
dico_phrasis_0001387__es-es__original,
dico_phrasis_0001388__es-es__flipped,
dico_phrasis_0001388__es-es__original,
dico_phrasis_0001389__es-es__flipped,
dico_phrasis_0001389__es-es__original,
dico_phrasis_0001390__es-es__flipped,
dico_phrasis_0001390__es-es__original,
dico_phrasis_0001393__es-es__flipped,
dico_phrasis_0001393__es-es__original,
dico_phrasis_0001394__es-es__flipped,
dico_phrasis_0001394__es-es__original,
dico_phrasis_0001396__es-es__flipped,
dico_phrasis_0001396__es-es__original,
dico_phrasis_0001397__es-es__flipped,
dico_phrasis_0001397__es-es__original,
dico_phrasis_0001399__es-es__flipped,
dico_phrasis_0001399__es-es__original,
dico_phrasis_0001401__es-es__flipped,
dico_phrasis_0001401__es-es__original,
dico_phrasis_0001402__es-es__flipped,
dico_phrasis_0001402__es-es__original,
dico_phrasis_0001403__es-es__flipped,
dico_phrasis_0001403__es-es__original,
dico_phrasis_0001405__es-es__flipped,
dico_phrasis_0001405__es-es__original,
dico_phrasis_0001406__es-es__flipped,
dico_phrasis_0001406__es-es__original,
dico_phrasis_0001407__es-es__flipped,
dico_phrasis_0001407__es-es__original,
dico_phrasis_0001409__es-es__flipped,
dico_phrasis_0001409__es-es__original,
dico_phrasis_0001411__es-es__flipped,
dico_phrasis_0001411__es-es__original,
dico_phrasis_0001412__es-es__flipped,
dico_phrasis_0001412__es-es__original,
dico_phrasis_0001415__es-es__flipped,
dico_phrasis_0001415__es-es__original,
dico_phrasis_0001416__es-es__flipped,
dico_phrasis_0001416__es-es__original,
dico_phrasis_0001417__es-es__flipped,
dico_phrasis_0001417__es-es__original,
dico_phrasis_0001418__es-es__flipped,
dico_phrasis_0001418__es-es__original,
dico_phrasis_0001419__es-es__flipped,
dico_phrasis_0001419__es-es__original,
dico_phrasis_0001421__es-es__flipped,
dico_phrasis_0001421__es-es__original,
dico_phrasis_0001422__es-es__flipped,
dico_phrasis_0001422__es-es__original,
dico_phrasis_0001424__es-es__flipped,
dico_phrasis_0001424__es-es__original,
dico_phrasis_0001425__es-es__flipped,
dico_phrasis_0001425__es-es__original,
dico_phrasis_0001426__es-es__flipped,
dico_phrasis_0001426__es-es__original,
dico_phrasis_0001427__es-es__flipped,
dico_phrasis_0001427__es-es__original,
dico_phrasis_0001428__es-es__flipped,
dico_phrasis_0001428__es-es__original,
dico_phrasis_0001429__es-es__flipped,
dico_phrasis_0001429__es-es__original,
dico_phrasis_0001430__es-es__flipped,
dico_phrasis_0001430__es-es__original,
dico_phrasis_0001431__es-es__flipped,
dico_phrasis_0001431__es-es__original,
dico_phrasis_0001432__es-es__flipped,
dico_phrasis_0001432__es-es__original,
dico_phrasis_0001434__es-es__flipped,
dico_phrasis_0001434__es-es__original,
dico_phrasis_0001435__es-es__flipped,
dico_phrasis_0001435__es-es__original,
dico_phrasis_0001436__es-es__flipped,
dico_phrasis_0001436__es-es__original,
dico_phrasis_0001438__es-es__flipped,
dico_phrasis_0001438__es-es__original,
dico_phrasis_0001439__es-es__flipped,
dico_phrasis_0001439__es-es__original,
dico_phrasis_0001440__es-es__flipped,
dico_phrasis_0001440__es-es__original,
dico_phrasis_0001442__es-es__flipped,
dico_phrasis_0001442__es-es__original,
dico_phrasis_0001443__es-es__flipped,
dico_phrasis_0001443__es-es__original,
dico_phrasis_0001445__es-es__flipped,
dico_phrasis_0001445__es-es__original,
dico_phrasis_0001448__es-es__flipped,
dico_phrasis_0001448__es-es__original,
dico_phrasis_0001449__es-es__flipped,
dico_phrasis_0001449__es-es__original,
dico_phrasis_0001450__es-es__flipped,
dico_phrasis_0001450__es-es__original,
dico_phrasis_0001452__es-es__flipped,
dico_phrasis_0001452__es-es__original,
dico_phrasis_0001453__es-es__flipped,
dico_phrasis_0001453__es-es__original,
dico_phrasis_0001454__es-es__flipped,
dico_phrasis_0001454__es-es__original,
dico_phrasis_0001455__es-es__flipped,
dico_phrasis_0001455__es-es__original,
dico_phrasis_0001459__es-es__flipped,
dico_phrasis_0001459__es-es__original,
dico_phrasis_0001460__es-es__flipped,
dico_phrasis_0001460__es-es__original,
dico_phrasis_0001462__es-es__flipped,
dico_phrasis_0001462__es-es__original,
dico_phrasis_0001463__es-es__flipped,
dico_phrasis_0001463__es-es__original,
dico_phrasis_0001464__es-es__flipped,
dico_phrasis_0001464__es-es__original,
dico_phrasis_0001466__es-es__flipped,
dico_phrasis_0001466__es-es__original,
dico_phrasis_0001467__es-es__flipped,
dico_phrasis_0001467__es-es__original,
dico_phrasis_0001469__es-es__flipped,
dico_phrasis_0001469__es-es__original,
dico_phrasis_0001470__es-es__flipped,
dico_phrasis_0001470__es-es__original,
dico_phrasis_0001471__es-es__flipped,
dico_phrasis_0001471__es-es__original,
dico_phrasis_0001473__es-es__flipped,
dico_phrasis_0001473__es-es__original,
dico_phrasis_0001474__es-es__flipped,
dico_phrasis_0001474__es-es__original,
dico_phrasis_0001476__es-es__flipped,
dico_phrasis_0001476__es-es__original,
dico_phrasis_0001477__es-es__flipped,
dico_phrasis_0001477__es-es__original,
dico_phrasis_0001478__es-es__flipped,
dico_phrasis_0001478__es-es__original,
dico_phrasis_0001480__es-es__flipped,
dico_phrasis_0001480__es-es__original,
dico_phrasis_0001481__es-es__flipped,
dico_phrasis_0001481__es-es__original,
dico_phrasis_0001482__es-es__flipped,
dico_phrasis_0001482__es-es__original,
dico_phrasis_0001483__es-es__flipped,
dico_phrasis_0001483__es-es__original,
dico_phrasis_0001485__es-es__flipped,
dico_phrasis_0001485__es-es__original,
dico_phrasis_0001489__es-es__flipped,
dico_phrasis_0001489__es-es__original,
dico_phrasis_0001490__es-es__flipped,
dico_phrasis_0001490__es-es__original,
dico_phrasis_0001492__es-es__flipped,
dico_phrasis_0001492__es-es__original,
dico_phrasis_0001494__es-es__flipped,
dico_phrasis_0001494__es-es__original,
dico_phrasis_0001495__es-es__flipped,
dico_phrasis_0001495__es-es__original,
dico_phrasis_0001496__es-es__flipped,
dico_phrasis_0001496__es-es__original,
dico_phrasis_0001497__es-es__flipped,
dico_phrasis_0001497__es-es__original,
dico_phrasis_0001498__es-es__flipped,
dico_phrasis_0001498__es-es__original,
dico_phrasis_0001499__es-es__flipped,
dico_phrasis_0001499__es-es__original,
dico_phrasis_0001500__es-es__flipped,
dico_phrasis_0001500__es-es__original,
dico_phrasis_0001502__es-es__flipped,
dico_phrasis_0001502__es-es__original,
dico_phrasis_0001504__es-es__flipped,
dico_phrasis_0001504__es-es__original,
dico_phrasis_0001507__es-es__flipped,
dico_phrasis_0001507__es-es__original,
dico_phrasis_0001508__es-es__flipped,
dico_phrasis_0001508__es-es__original,
dico_phrasis_0001509__es-es__flipped,
dico_phrasis_0001509__es-es__original,
dico_phrasis_0001510__es-es__flipped,
dico_phrasis_0001510__es-es__original,
dico_phrasis_0001512__es-es__flipped,
dico_phrasis_0001512__es-es__original,
dico_phrasis_0001513__es-es__flipped,
dico_phrasis_0001513__es-es__original,
dico_phrasis_0001514__es-es__flipped,
dico_phrasis_0001514__es-es__original,
dico_phrasis_0001515__es-es__flipped,
dico_phrasis_0001515__es-es__original,
dico_phrasis_0001516__es-es__flipped,
dico_phrasis_0001516__es-es__original,
dico_phrasis_0001517__es-es__flipped,
dico_phrasis_0001517__es-es__original,
dico_phrasis_0001518__es-es__flipped,
dico_phrasis_0001518__es-es__original,
dico_phrasis_0001519__es-es__flipped,
dico_phrasis_0001519__es-es__original,
dico_phrasis_0001520__es-es__flipped,
dico_phrasis_0001520__es-es__original,
dico_phrasis_0001522__es-es__flipped,
dico_phrasis_0001522__es-es__original,
dico_phrasis_0001524__es-es__flipped,
dico_phrasis_0001524__es-es__original,
dico_phrasis_0001526__es-es__flipped,
dico_phrasis_0001526__es-es__original,
dico_phrasis_0001528__es-es__flipped,
dico_phrasis_0001528__es-es__original,
dico_phrasis_0001529__es-es__flipped,
dico_phrasis_0001529__es-es__original,
dico_phrasis_0001531__es-es__flipped,
dico_phrasis_0001531__es-es__original,
dico_phrasis_0001532__es-es__flipped,
dico_phrasis_0001532__es-es__original,
dico_phrasis_0001533__es-es__flipped,
dico_phrasis_0001533__es-es__original,
dico_phrasis_0001534__es-es__flipped,
dico_phrasis_0001534__es-es__original,
dico_phrasis_0001535__es-es__flipped,
dico_phrasis_0001535__es-es__original,
dico_phrasis_0001536__es-es__flipped,
dico_phrasis_0001536__es-es__original,
dico_phrasis_0001537__es-es__flipped,
dico_phrasis_0001537__es-es__original,
dico_phrasis_0001539__es-es__flipped,
dico_phrasis_0001539__es-es__original,
dico_phrasis_0001541__es-es__flipped,
dico_phrasis_0001541__es-es__original,
dico_phrasis_0001542__es-es__flipped,
dico_phrasis_0001542__es-es__original,
dico_phrasis_0001543__es-es__flipped,
dico_phrasis_0001543__es-es__original,
dico_phrasis_0001544__es-es__flipped,
dico_phrasis_0001544__es-es__original,
dico_phrasis_0001545__es-es__flipped,
dico_phrasis_0001545__es-es__original,
dico_phrasis_0001546__es-es__flipped,
dico_phrasis_0001546__es-es__original,
dico_phrasis_0001548__es-es__flipped,
dico_phrasis_0001548__es-es__original,
dico_phrasis_0001549__es-es__flipped,
dico_phrasis_0001549__es-es__original,
dico_phrasis_0001552__es-es__flipped,
dico_phrasis_0001552__es-es__original,
dico_phrasis_0001553__es-es__flipped,
dico_phrasis_0001553__es-es__original,
dico_phrasis_0001554__es-es__flipped,
dico_phrasis_0001554__es-es__original,
dico_phrasis_0001556__es-es__flipped,
dico_phrasis_0001556__es-es__original,
dico_phrasis_0001557__es-es__flipped,
dico_phrasis_0001557__es-es__original,
dico_phrasis_0001558__es-es__flipped,
dico_phrasis_0001558__es-es__original,
dico_phrasis_0001559__es-es__flipped,
dico_phrasis_0001559__es-es__original,
dico_phrasis_0001560__es-es__flipped,
dico_phrasis_0001560__es-es__original,
dico_phrasis_0001561__es-es__flipped,
dico_phrasis_0001561__es-es__original,
dico_phrasis_0001563__es-es__flipped,
dico_phrasis_0001563__es-es__original,
dico_phrasis_0001565__es-es__flipped,
dico_phrasis_0001565__es-es__original,
dico_phrasis_0001566__es-es__flipped,
dico_phrasis_0001566__es-es__original,
dico_phrasis_0001568__es-es__flipped,
dico_phrasis_0001568__es-es__original,
dico_phrasis_0001569__es-es__flipped,
dico_phrasis_0001569__es-es__original,
dico_phrasis_0001570__es-es__flipped,
dico_phrasis_0001570__es-es__original,
dico_phrasis_0001572__es-es__flipped,
dico_phrasis_0001572__es-es__original,
dico_phrasis_0001574__es-es__flipped,
dico_phrasis_0001574__es-es__original,
dico_phrasis_0001575__es-es__flipped,
dico_phrasis_0001575__es-es__original,
dico_phrasis_0001578__es-es__flipped,
dico_phrasis_0001578__es-es__original,
dico_phrasis_0001579__es-es__flipped,
dico_phrasis_0001579__es-es__original,
dico_phrasis_0001581__es-es__flipped,
dico_phrasis_0001581__es-es__original,
dico_phrasis_0001582__es-es__flipped,
dico_phrasis_0001582__es-es__original,
dico_phrasis_0001585__es-es__flipped,
dico_phrasis_0001585__es-es__original,
dico_phrasis_0001587__es-es__flipped,
dico_phrasis_0001587__es-es__original,
dico_phrasis_0001588__es-es__flipped,
dico_phrasis_0001588__es-es__original,
dico_phrasis_0001589__es-es__flipped,
dico_phrasis_0001589__es-es__original,
dico_phrasis_0001596__es-es__flipped,
dico_phrasis_0001596__es-es__original,
dico_phrasis_0001597__es-es__flipped,
dico_phrasis_0001597__es-es__original,
dico_phrasis_0001598__es-es__flipped,
dico_phrasis_0001598__es-es__original,
dico_phrasis_0001601__es-es__flipped,
dico_phrasis_0001601__es-es__original,
dico_phrasis_0001602__es-es__flipped,
dico_phrasis_0001602__es-es__original,
dico_phrasis_0001603__es-es__flipped,
dico_phrasis_0001603__es-es__original,
dico_phrasis_0001604__es-es__flipped,
dico_phrasis_0001604__es-es__original,
dico_phrasis_0001607__es-es__flipped,
dico_phrasis_0001607__es-es__original,
dico_phrasis_0001608__es-es__flipped,
dico_phrasis_0001608__es-es__original,
dico_phrasis_0001609__es-es__flipped,
dico_phrasis_0001609__es-es__original,
dico_phrasis_0001610__es-es__flipped,
dico_phrasis_0001610__es-es__original,
dico_phrasis_0001611__es-es__flipped,
dico_phrasis_0001611__es-es__original,
dico_phrasis_0001613__es-es__flipped,
dico_phrasis_0001613__es-es__original,
dico_phrasis_0001614__es-es__flipped,
dico_phrasis_0001614__es-es__original,
dico_phrasis_0001615__es-es__flipped,
dico_phrasis_0001615__es-es__original,
dico_phrasis_0001617__es-es__flipped,
dico_phrasis_0001617__es-es__original,
dico_phrasis_0001619__es-es__flipped,
dico_phrasis_0001619__es-es__original,
dico_phrasis_0001620__es-es__flipped,
dico_phrasis_0001620__es-es__original,
dico_phrasis_0001621__es-es__flipped,
dico_phrasis_0001621__es-es__original,
dico_phrasis_0001622__es-es__flipped,
dico_phrasis_0001622__es-es__original,
dico_phrasis_0001624__es-es__flipped,
dico_phrasis_0001624__es-es__original,
dico_phrasis_0001625__es-es__flipped,
dico_phrasis_0001625__es-es__original,
dico_phrasis_0001627__es-es__flipped,
dico_phrasis_0001627__es-es__original,
dico_phrasis_0001631__es-es__flipped,
dico_phrasis_0001631__es-es__original,
dico_phrasis_0001632__es-es__flipped,
dico_phrasis_0001632__es-es__original,
dico_phrasis_0001633__es-es__flipped,
dico_phrasis_0001633__es-es__original,
dico_phrasis_0001634__es-es__flipped,
dico_phrasis_0001634__es-es__original,
dico_phrasis_0001635__es-es__flipped,
dico_phrasis_0001635__es-es__original,
dico_phrasis_0001636__es-es__flipped,
dico_phrasis_0001636__es-es__original,
dico_phrasis_0001637__es-es__flipped,
dico_phrasis_0001637__es-es__original,
dico_phrasis_0001639__es-es__flipped,
dico_phrasis_0001639__es-es__original,
dico_phrasis_0001640__es-es__flipped,
dico_phrasis_0001640__es-es__original,
dico_phrasis_0001641__es-es__flipped,
dico_phrasis_0001641__es-es__original,
dico_phrasis_0001643__es-es__flipped,
dico_phrasis_0001643__es-es__original,
dico_phrasis_0001646__es-es__flipped,
dico_phrasis_0001646__es-es__original,
dico_phrasis_0001647__es-es__flipped,
dico_phrasis_0001647__es-es__original,
dico_phrasis_0001648__es-es__flipped,
dico_phrasis_0001648__es-es__original,
dico_phrasis_0001649__es-es__flipped,
dico_phrasis_0001649__es-es__original,
dico_phrasis_0001650__es-es__flipped,
dico_phrasis_0001650__es-es__original,
dico_phrasis_0001651__es-es__flipped,
dico_phrasis_0001651__es-es__original,
dico_phrasis_0001652__es-es__flipped,
dico_phrasis_0001652__es-es__original,
dico_phrasis_0001653__es-es__flipped,
dico_phrasis_0001653__es-es__original,
dico_phrasis_0001655__es-es__flipped,
dico_phrasis_0001655__es-es__original,
dico_phrasis_0001657__es-es__flipped,
dico_phrasis_0001657__es-es__original,
dico_phrasis_0001660__es-es__flipped,
dico_phrasis_0001660__es-es__original,
dico_phrasis_0001661__es-es__flipped,
dico_phrasis_0001661__es-es__original,
dico_phrasis_0001664__es-es__flipped,
dico_phrasis_0001664__es-es__original,
dico_phrasis_0001668__es-es__flipped,
dico_phrasis_0001668__es-es__original,
dico_phrasis_0001670__es-es__flipped,
dico_phrasis_0001670__es-es__original,
dico_phrasis_0001671__es-es__flipped,
dico_phrasis_0001671__es-es__original,
dico_phrasis_0001672__es-es__flipped,
dico_phrasis_0001672__es-es__original,
dico_phrasis_0001673__es-es__flipped,
dico_phrasis_0001673__es-es__original,
dico_phrasis_0001674__es-es__flipped,
dico_phrasis_0001674__es-es__original,
dico_phrasis_0001677__es-es__flipped,
dico_phrasis_0001677__es-es__original,
dico_phrasis_0001678__es-es__flipped,
dico_phrasis_0001678__es-es__original,
dico_phrasis_0001679__es-es__flipped,
dico_phrasis_0001679__es-es__original,
dico_phrasis_0001680__es-es__flipped,
dico_phrasis_0001680__es-es__original,
dico_phrasis_0001681__es-es__flipped,
dico_phrasis_0001681__es-es__original,
dico_phrasis_0001683__es-es__flipped,
dico_phrasis_0001683__es-es__original,
dico_phrasis_0001684__es-es__flipped,
dico_phrasis_0001684__es-es__original,
dico_phrasis_0001686__es-es__flipped,
dico_phrasis_0001686__es-es__original,
dico_phrasis_0001687__es-es__flipped,
dico_phrasis_0001687__es-es__original,
dico_phrasis_0001688__es-es__flipped,
dico_phrasis_0001688__es-es__original,
dico_phrasis_0001689__es-es__flipped,
dico_phrasis_0001689__es-es__original,
dico_phrasis_0001692__es-es__flipped,
dico_phrasis_0001692__es-es__original,
dico_phrasis_0001694__es-es__flipped,
dico_phrasis_0001694__es-es__original,
dico_phrasis_0001695__es-es__flipped,
dico_phrasis_0001695__es-es__original,
dico_phrasis_0001697__es-es__flipped,
dico_phrasis_0001697__es-es__original,
dico_phrasis_0001699__es-es__flipped,
dico_phrasis_0001699__es-es__original,
dico_phrasis_0001700__es-es__flipped,
dico_phrasis_0001700__es-es__original,
dico_phrasis_0001701__es-es__flipped,
dico_phrasis_0001701__es-es__original,
dico_phrasis_0001704__es-es__flipped,
dico_phrasis_0001704__es-es__original,
dico_phrasis_0001705__es-es__flipped,
dico_phrasis_0001705__es-es__original,
dico_phrasis_0001707__es-es__flipped,
dico_phrasis_0001707__es-es__original,
dico_phrasis_0001708__es-es__flipped,
dico_phrasis_0001708__es-es__original,
dico_phrasis_0001709__es-es__flipped,
dico_phrasis_0001709__es-es__original,
dico_phrasis_0001711__es-es__flipped,
dico_phrasis_0001711__es-es__original,
dico_phrasis_0001712__es-es__flipped,
dico_phrasis_0001712__es-es__original,
dico_phrasis_0001713__es-es__flipped,
dico_phrasis_0001713__es-es__original,
dico_phrasis_0001715__es-es__flipped,
dico_phrasis_0001715__es-es__original,
dico_phrasis_0001716__es-es__flipped,
dico_phrasis_0001716__es-es__original,
dico_phrasis_0001717__es-es__flipped,
dico_phrasis_0001717__es-es__original,
dico_phrasis_0001718__es-es__flipped,
dico_phrasis_0001718__es-es__original,
dico_phrasis_0001719__es-es__flipped,
dico_phrasis_0001719__es-es__original,
dico_phrasis_0001720__es-es__flipped,
dico_phrasis_0001720__es-es__original,
dico_phrasis_0001721__es-es__flipped,
dico_phrasis_0001721__es-es__original,
dico_phrasis_0001722__es-es__flipped,
dico_phrasis_0001722__es-es__original,
dico_phrasis_0001723__es-es__flipped,
dico_phrasis_0001723__es-es__original,
dico_phrasis_0001724__es-es__flipped,
dico_phrasis_0001724__es-es__original,
dico_phrasis_0001725__es-es__flipped,
dico_phrasis_0001725__es-es__original,
dico_phrasis_0001728__es-es__flipped,
dico_phrasis_0001728__es-es__original,
dico_phrasis_0001729__es-es__flipped,
dico_phrasis_0001729__es-es__original,
dico_phrasis_0001730__es-es__flipped,
dico_phrasis_0001730__es-es__original,
dico_phrasis_0001732__es-es__flipped,
dico_phrasis_0001732__es-es__original,
dico_phrasis_0001733__es-es__flipped,
dico_phrasis_0001733__es-es__original,
dico_phrasis_0001734__es-es__flipped,
dico_phrasis_0001734__es-es__original,
dico_phrasis_0001735__es-es__flipped,
dico_phrasis_0001735__es-es__original,
dico_phrasis_0001736__es-es__flipped,
dico_phrasis_0001736__es-es__original,
dico_phrasis_0001737__es-es__flipped,
dico_phrasis_0001737__es-es__original,
dico_phrasis_0001738__es-es__flipped,
dico_phrasis_0001738__es-es__original,
dico_phrasis_0001740__es-es__flipped,
dico_phrasis_0001740__es-es__original,
dico_phrasis_0001741__es-es__flipped,
dico_phrasis_0001741__es-es__original,
dico_phrasis_0001745__es-es__flipped,
dico_phrasis_0001745__es-es__original,
dico_phrasis_0001746__es-es__flipped,
dico_phrasis_0001746__es-es__original,
dico_phrasis_0001747__es-es__flipped,
dico_phrasis_0001747__es-es__original,
dico_phrasis_0001753__es-es__flipped,
dico_phrasis_0001753__es-es__original,
dico_phrasis_0001754__es-es__flipped,
dico_phrasis_0001754__es-es__original,
dico_phrasis_0001758__es-es__flipped,
dico_phrasis_0001758__es-es__original,
dico_phrasis_0001759__es-es__flipped,
dico_phrasis_0001759__es-es__original,
dico_phrasis_0001760__es-es__flipped,
dico_phrasis_0001760__es-es__original,
dico_phrasis_0001761__es-es__flipped,
dico_phrasis_0001761__es-es__original,
dico_phrasis_0001762__es-es__flipped,
dico_phrasis_0001762__es-es__original,
dico_phrasis_0001763__es-es__flipped,
dico_phrasis_0001763__es-es__original,
dico_phrasis_0001765__es-es__flipped,
dico_phrasis_0001765__es-es__original,
dico_phrasis_0001766__es-es__flipped,
dico_phrasis_0001766__es-es__original,
dico_phrasis_0001767__es-es__flipped,
dico_phrasis_0001767__es-es__original,
dico_phrasis_0001770__es-es__flipped,
dico_phrasis_0001770__es-es__original,
dico_phrasis_0001771__es-es__flipped,
dico_phrasis_0001771__es-es__original,
dico_phrasis_0001774__es-es__flipped,
dico_phrasis_0001774__es-es__original,
dico_phrasis_0001775__es-es__flipped,
dico_phrasis_0001775__es-es__original,
dico_phrasis_0001776__es-es__flipped,
dico_phrasis_0001776__es-es__original,
dico_phrasis_0001777__es-es__flipped,
dico_phrasis_0001777__es-es__original,
dico_phrasis_0001779__es-es__flipped,
dico_phrasis_0001779__es-es__original,
dico_phrasis_0001780__es-es__flipped,
dico_phrasis_0001780__es-es__original,
dico_phrasis_0001782__es-es__flipped,
dico_phrasis_0001782__es-es__original,
dico_phrasis_0001783__es-es__flipped,
dico_phrasis_0001783__es-es__original,
dico_phrasis_0001784__es-es__flipped,
dico_phrasis_0001784__es-es__original,
dico_phrasis_0001785__es-es__flipped,
dico_phrasis_0001785__es-es__original,
dico_phrasis_0001786__es-es__flipped,
dico_phrasis_0001786__es-es__original,
dico_phrasis_0001787__es-es__flipped,
dico_phrasis_0001787__es-es__original,
dico_phrasis_0001788__es-es__flipped,
dico_phrasis_0001788__es-es__original,
dico_phrasis_0001789__es-es__flipped,
dico_phrasis_0001789__es-es__original,
dico_phrasis_0001790__es-es__flipped,
dico_phrasis_0001790__es-es__original,
dico_phrasis_0001791__es-es__flipped,
dico_phrasis_0001791__es-es__original,
dico_phrasis_0001792__es-es__flipped,
dico_phrasis_0001792__es-es__original,
dico_phrasis_0001793__es-es__flipped,
dico_phrasis_0001793__es-es__original,
dico_phrasis_0001795__es-es__flipped,
dico_phrasis_0001795__es-es__original,
dico_phrasis_0001796__es-es__flipped,
dico_phrasis_0001796__es-es__original,
dico_phrasis_0001797__es-es__flipped,
dico_phrasis_0001797__es-es__original,
dico_phrasis_0001798__es-es__flipped,
dico_phrasis_0001798__es-es__original,
dico_phrasis_0001799__es-es__flipped,
dico_phrasis_0001799__es-es__original,
dico_phrasis_0001803__es-es__flipped,
dico_phrasis_0001803__es-es__original,
dico_phrasis_0001804__es-es__flipped,
dico_phrasis_0001804__es-es__original,
dico_phrasis_0001805__es-es__flipped,
dico_phrasis_0001805__es-es__original,
dico_phrasis_0001806__es-es__flipped,
dico_phrasis_0001806__es-es__original,
dico_phrasis_0001807__es-es__flipped,
dico_phrasis_0001807__es-es__original,
dico_phrasis_0001808__es-es__flipped,
dico_phrasis_0001808__es-es__original,
dico_phrasis_0001809__es-es__flipped,
dico_phrasis_0001809__es-es__original,
dico_phrasis_0001810__es-es__flipped,
dico_phrasis_0001810__es-es__original,
dico_phrasis_0001811__es-es__flipped,
dico_phrasis_0001811__es-es__original,
dico_phrasis_0001812__es-es__flipped,
dico_phrasis_0001812__es-es__original,
dico_phrasis_0001813__es-es__flipped,
dico_phrasis_0001813__es-es__original,
dico_phrasis_0001814__es-es__flipped,
dico_phrasis_0001814__es-es__original,
dico_phrasis_0001815__es-es__flipped,
dico_phrasis_0001815__es-es__original,
dico_phrasis_0001816__es-es__flipped,
dico_phrasis_0001816__es-es__original,
dico_phrasis_0001819__es-es__flipped,
dico_phrasis_0001819__es-es__original,
dico_phrasis_0001820__es-es__flipped,
dico_phrasis_0001820__es-es__original,
dico_phrasis_0001821__es-es__flipped,
dico_phrasis_0001821__es-es__original,
dico_phrasis_0001823__es-es__flipped,
dico_phrasis_0001823__es-es__original,
dico_phrasis_0001824__es-es__flipped,
dico_phrasis_0001824__es-es__original,
dico_phrasis_0001825__es-es__flipped,
dico_phrasis_0001825__es-es__original,
dico_phrasis_0001826__es-es__flipped,
dico_phrasis_0001826__es-es__original,
dico_phrasis_0001827__es-es__flipped,
dico_phrasis_0001827__es-es__original,
dico_phrasis_0001829__es-es__flipped,
dico_phrasis_0001829__es-es__original,
dico_phrasis_0001831__es-es__flipped,
dico_phrasis_0001831__es-es__original,
dico_phrasis_0001832__es-es__flipped,
dico_phrasis_0001832__es-es__original,
dico_phrasis_0001833__es-es__flipped,
dico_phrasis_0001833__es-es__original,
dico_phrasis_0001835__es-es__flipped,
dico_phrasis_0001835__es-es__original,
dico_phrasis_0001837__es-es__flipped,
dico_phrasis_0001837__es-es__original,
dico_phrasis_0001838__es-es__flipped,
dico_phrasis_0001838__es-es__original,
dico_phrasis_0001839__es-es__flipped,
dico_phrasis_0001839__es-es__original,
dico_phrasis_0001840__es-es__flipped,
dico_phrasis_0001840__es-es__original,
dico_phrasis_0001842__es-es__flipped,
dico_phrasis_0001842__es-es__original,
dico_phrasis_0001843__es-es__flipped,
dico_phrasis_0001843__es-es__original,
dico_phrasis_0001844__es-es__flipped,
dico_phrasis_0001844__es-es__original,
dico_phrasis_0001845__es-es__flipped,
dico_phrasis_0001845__es-es__original,
dico_phrasis_0001849__es-es__flipped,
dico_phrasis_0001849__es-es__original,
dico_phrasis_0001850__es-es__flipped,
dico_phrasis_0001850__es-es__original,
dico_phrasis_0001851__es-es__flipped,
dico_phrasis_0001851__es-es__original,
dico_phrasis_0001852__es-es__flipped,
dico_phrasis_0001852__es-es__original,
dico_phrasis_0001853__es-es__flipped,
dico_phrasis_0001853__es-es__original,
dico_phrasis_0001854__es-es__flipped,
dico_phrasis_0001854__es-es__original,
dico_phrasis_0001855__es-es__flipped,
dico_phrasis_0001855__es-es__original,
dico_phrasis_0001859__es-es__flipped,
dico_phrasis_0001859__es-es__original,
dico_phrasis_0001860__es-es__flipped,
dico_phrasis_0001860__es-es__original,
dico_phrasis_0001861__es-es__flipped,
dico_phrasis_0001861__es-es__original,
dico_phrasis_0001863__es-es__flipped,
dico_phrasis_0001863__es-es__original,
dico_phrasis_0001864__es-es__flipped,
dico_phrasis_0001864__es-es__original,
dico_phrasis_0001865__es-es__flipped,
dico_phrasis_0001865__es-es__original,
dico_phrasis_0001866__es-es__flipped,
dico_phrasis_0001866__es-es__original,
dico_phrasis_0001867__es-es__flipped,
dico_phrasis_0001867__es-es__original,
dico_phrasis_0001869__es-es__flipped,
dico_phrasis_0001869__es-es__original,
dico_phrasis_0001873__es-es__flipped,
dico_phrasis_0001873__es-es__original,
dico_phrasis_0001874__es-es__flipped,
dico_phrasis_0001874__es-es__original,
dico_phrasis_0001876__es-es__flipped,
dico_phrasis_0001876__es-es__original,
dico_phrasis_0001877__es-es__flipped,
dico_phrasis_0001877__es-es__original,
dico_phrasis_0001878__es-es__flipped,
dico_phrasis_0001878__es-es__original,
dico_phrasis_0001879__es-es__flipped,
dico_phrasis_0001879__es-es__original,
dico_phrasis_0001881__es-es__flipped,
dico_phrasis_0001881__es-es__original,
dico_phrasis_0001885__es-es__flipped,
dico_phrasis_0001885__es-es__original,
dico_phrasis_0001888__es-es__flipped,
dico_phrasis_0001888__es-es__original,
dico_phrasis_0001890__es-es__flipped,
dico_phrasis_0001890__es-es__original,
dico_phrasis_0001893__es-es__flipped,
dico_phrasis_0001893__es-es__original,
dico_phrasis_0001894__es-es__flipped,
dico_phrasis_0001894__es-es__original,
dico_phrasis_0001895__es-es__flipped,
dico_phrasis_0001895__es-es__original,
dico_phrasis_0001896__es-es__flipped,
dico_phrasis_0001896__es-es__original,
dico_phrasis_0001897__es-es__flipped,
dico_phrasis_0001897__es-es__original,
dico_phrasis_0001898__es-es__flipped,
dico_phrasis_0001898__es-es__original,
dico_phrasis_0001899__es-es__flipped,
dico_phrasis_0001899__es-es__original,
dico_phrasis_0001901__es-es__flipped,
dico_phrasis_0001901__es-es__original,
dico_phrasis_0001902__es-es__flipped,
dico_phrasis_0001902__es-es__original,
dico_phrasis_0001903__es-es__flipped,
dico_phrasis_0001903__es-es__original,
dico_phrasis_0001907__es-es__flipped,
dico_phrasis_0001907__es-es__original,
dico_phrasis_0001909__es-es__flipped,
dico_phrasis_0001909__es-es__original,
dico_phrasis_0001910__es-es__flipped,
dico_phrasis_0001910__es-es__original,
dico_phrasis_0001911__es-es__flipped,
dico_phrasis_0001911__es-es__original,
dico_phrasis_0001912__es-es__flipped,
dico_phrasis_0001912__es-es__original,
dico_phrasis_0001913__es-es__flipped,
dico_phrasis_0001913__es-es__original,
dico_phrasis_0001914__es-es__flipped,
dico_phrasis_0001914__es-es__original,
dico_phrasis_0001915__es-es__flipped,
dico_phrasis_0001915__es-es__original,
dico_phrasis_0001916__es-es__flipped,
dico_phrasis_0001916__es-es__original,
dico_phrasis_0001917__es-es__flipped,
dico_phrasis_0001917__es-es__original,
dico_phrasis_0001918__es-es__flipped,
dico_phrasis_0001918__es-es__original,
dico_phrasis_0001919__es-es__flipped,
dico_phrasis_0001919__es-es__original,
dico_phrasis_0001920__es-es__flipped,
dico_phrasis_0001920__es-es__original,
dico_phrasis_0001921__es-es__flipped,
dico_phrasis_0001921__es-es__original,
dico_phrasis_0001922__es-es__flipped,
dico_phrasis_0001922__es-es__original,
dico_phrasis_0001923__es-es__flipped,
dico_phrasis_0001923__es-es__original,
dico_phrasis_0001924__es-es__flipped,
dico_phrasis_0001924__es-es__original,
dico_phrasis_0001925__es-es__flipped,
dico_phrasis_0001925__es-es__original,
dico_phrasis_0001927__es-es__flipped,
dico_phrasis_0001927__es-es__original,
dico_phrasis_0001928__es-es__flipped,
dico_phrasis_0001928__es-es__original,
dico_phrasis_0001929__es-es__flipped,
dico_phrasis_0001929__es-es__original,
dico_phrasis_0001931__es-es__flipped,
dico_phrasis_0001931__es-es__original,
dico_phrasis_0001932__es-es__flipped,
dico_phrasis_0001932__es-es__original,
dico_phrasis_0001933__es-es__flipped,
dico_phrasis_0001933__es-es__original,
dico_phrasis_0001934__es-es__flipped,
dico_phrasis_0001934__es-es__original,
dico_phrasis_0001935__es-es__flipped,
dico_phrasis_0001935__es-es__original,
dico_phrasis_0001936__es-es__flipped,
dico_phrasis_0001936__es-es__original,
dico_phrasis_0001939__es-es__flipped,
dico_phrasis_0001939__es-es__original,
dico_phrasis_0001941__es-es__flipped,
dico_phrasis_0001941__es-es__original,
dico_phrasis_0001942__es-es__flipped,
dico_phrasis_0001942__es-es__original,
dico_phrasis_0001943__es-es__flipped,
dico_phrasis_0001943__es-es__original,
dico_phrasis_0001946__es-es__flipped,
dico_phrasis_0001946__es-es__original,
dico_phrasis_0001947__es-es__original,
dico_phrasis_0001950__es-es__original,
dico_phrasis_0001951__es-es__original,
dico_phrasis_0001956__es-es__original,
dico_phrasis_0001958__es-es__original,
dico_phrasis_0001959__es-es__original,
dico_phrasis_0001964__es-es__original,
dico_phrasis_0001965__es-es__original,
dico_phrasis_0001966__es-es__original,
dico_phrasis_0001967__es-es__original,
dico_phrasis_0001969__es-es__original,
dico_phrasis_0001970__es-es__original,
dico_phrasis_0001972__es-es__original,
dico_phrasis_0001983__es-es__original,
dico_phrasis_0001992__es-es__original,
dico_phrasis_0001995__es-es__original,
dico_phrasis_0001997__es-es__original,
dico_phrasis_0002000__es-es__original,
dico_phrasis_0002001__es-es__original,
dico_phrasis_0002002__es-es__original,
dico_phrasis_0002006__es-es__original,
dico_phrasis_0002011__es-es__original,
dico_phrasis_0002012__es-es__original,
dico_phrasis_0002013__es-es__original,
dico_phrasis_0002019__es-es__original,
dico_phrasis_0002023__es-es__original,
dico_phrasis_0002032__es-es__original,
dico_phrasis_0002033__es-es__original,
dico_phrasis_0002037__es-es__original,
dico_phrasis_0002049__es-es__original,
dico_phrasis_0002053__es-es__original,
dico_phrasis_0002055__es-es__original,
dico_phrasis_0002060__es-es__original,
dico_phrasis_0002061__es-es__original,
dico_phrasis_0002062__es-es__original,
dico_phrasis_0002068__es-es__original,
dico_phrasis_0002070__es-es__original,
dico_phrasis_0002074__es-es__original,
dico_phrasis_0002075__es-es__original,
dico_phrasis_0002082__es-es__original,
dico_phrasis_0002083__es-es__original,
dico_phrasis_0002085__es-es__original,
dico_phrasis_0002086__es-es__original,
dico_phrasis_0002093__es-es__original,
dico_phrasis_0002094__es-es__original,
dico_phrasis_0002097__es-es__original,
dico_phrasis_0002107__es-es__original,
dico_phrasis_0002109__es-es__original,
dico_phrasis_0002114__es-es__original,
dico_phrasis_0002120__es-es__original,
dico_phrasis_0002126__es-es__original,
dico_phrasis_0002129__es-es__original,
dico_phrasis_0002130__es-es__original,
dico_phrasis_0002134__es-es__original,
dico_phrasis_0002137__es-es__original,
dico_phrasis_0002153__es-es__original,
dico_phrasis_0002156__es-es__original,
dico_phrasis_0002161__es-es__original,
dico_phrasis_0002164__es-es__original,
dico_phrasis_0002168__es-es__original,
dico_phrasis_0002170__es-es__original,
dico_phrasis_0002173__es-es__original,
dico_phrasis_0002190__es-es__original,
dico_phrasis_0002194__es-es__original,
dico_phrasis_0002195__es-es__original,
dico_phrasis_0002200__es-es__original,
dico_phrasis_0002203__es-es__original,
dico_phrasis_0002210__es-es__original,
dico_phrasis_0002213__es-es__original,
dico_phrasis_0002219__es-es__original,
dico_phrasis_0002225__es-es__original,
dico_phrasis_0002226__es-es__original,
dico_phrasis_0002227__es-es__original,
dico_phrasis_0002228__es-es__original,
dico_phrasis_0002230__es-es__original,
dico_phrasis_0002235__es-es__original,
dico_phrasis_0002238__es-es__original,
dico_phrasis_0002252__es-es__original,
dico_phrasis_0002261__es-es__original,
dico_phrasis_0002262__es-es__original,
dico_phrasis_0002274__es-es__original,
dico_phrasis_0002275__es-es__original,
dico_phrasis_0002284__es-es__original,
dico_phrasis_0002285__es-es__original,
dico_phrasis_0002286__es-es__original,
dico_phrasis_0002293__es-es__original,
dico_phrasis_0002296__es-es__original,
dico_phrasis_0002297__es-es__original,
dico_phrasis_0002305__es-es__original,
dico_phrasis_0002316__es-es__original,
dico_phrasis_0002320__es-es__original,
dico_phrasis_0002322__es-es__original,
dico_phrasis_0002323__es-es__original,
dico_phrasis_0002325__es-es__original,
dico_phrasis_0002327__es-es__original,
dico_phrasis_0002329__es-es__original,
dico_phrasis_0002335__es-es__original,
dico_phrasis_0002340__es-es__original,
dico_phrasis_0002345__es-es__original,
dico_phrasis_0002347__es-es__original,
dico_phrasis_0002352__es-es__original,
dico_phrasis_0002353__es-es__original,
dico_phrasis_0002359__es-es__original,
dico_phrasis_0002360__es-es__original,
dico_phrasis_0002370__es-es__original,
dico_phrasis_0002378__es-es__original,
dico_phrasis_0002384__es-es__original,
dico_phrasis_0002385__es-es__original,
dico_phrasis_0002388__es-es__original,
dico_phrasis_0002389__es-es__original,
dico_phrasis_0002393__es-es__original,
dico_phrasis_0002402__es-es__original,
dico_phrasis_0002404__es-es__original,
dico_phrasis_0002407__es-es__original,
dico_phrasis_0002410__es-es__original,
dico_phrasis_0002412__es-es__original,
dico_phrasis_0002414__es-es__original,
dico_phrasis_0002415__es-es__original,
dico_phrasis_0002416__es-es__original,
dico_phrasis_0002419__es-es__original,
dico_phrasis_0002420__es-es__original,
dico_phrasis_0002422__es-es__original,
dico_phrasis_0002425__es-es__original,
dico_phrasis_0002427__es-es__original,
dico_phrasis_0002431__es-es__original,
dico_phrasis_0002432__es-es__original,
dico_phrasis_0002433__es-es__original,
dico_phrasis_0002439__es-es__original,
dico_phrasis_0002440__es-es__original,
dico_phrasis_0002441__es-es__original,
dico_phrasis_0002445__es-es__original,
dico_phrasis_0002447__es-es__original,
dico_phrasis_0002450__es-es__original,
dico_phrasis_0002451__es-es__original,
dico_phrasis_0002453__es-es__original,
dico_phrasis_0002454__es-es__original,
dico_phrasis_0002456__es-es__original,
dico_phrasis_0002459__es-es__original,
dico_phrasis_0002460__es-es__original,
dico_phrasis_0002461__es-es__original,
dico_phrasis_0002468__es-es__original,
dico_phrasis_0002469__es-es__original,
dico_phrasis_0002472__es-es__original,
dico_phrasis_0002473__es-es__original,
dico_phrasis_0002474__es-es__original,
dico_phrasis_0002475__es-es__original,
dico_phrasis_0002476__es-es__original,
dico_phrasis_0002480__es-es__original,
dico_phrasis_0002484__es-es__original,
dico_phrasis_0002485__es-es__original,
dico_phrasis_0002489__es-es__original,
dico_phrasis_0002494__es-es__original,
dico_phrasis_0002496__es-es__original,
dico_phrasis_0002501__es-es__original,
dico_phrasis_0002502__es-es__original,
dico_phrasis_0002504__es-es__original,
dico_phrasis_0002507__es-es__original,
dico_phrasis_0002508__es-es__original,
dico_phrasis_0002509__es-es__original,
dico_phrasis_0002511__es-es__original,
dico_phrasis_0002517__es-es__original,
dico_phrasis_0002518__es-es__original,
dico_phrasis_0002522__es-es__original,
dico_phrasis_0002524__es-es__original,
dico_phrasis_0002525__es-es__original,
dico_phrasis_0002529__es-es__original,
dico_phrasis_0002530__es-es__original,
dico_phrasis_0002535__es-es__original,
dico_phrasis_0002537__es-es__original,
dico_phrasis_0002538__es-es__original,
dico_phrasis_0002539__es-es__original,
dico_phrasis_0002540__es-es__original,
dico_phrasis_0002541__es-es__original,
dico_phrasis_0002543__es-es__original,
dico_phrasis_0002545__es-es__original,
dico_phrasis_0002546__es-es__original,
dico_phrasis_0002547__es-es__original,
dico_phrasis_0002552__es-es__original,
dico_phrasis_0002553__es-es__original,
dico_phrasis_0002555__es-es__original,
dico_phrasis_0002556__es-es__original,
dico_phrasis_0002557__es-es__original,
dico_phrasis_0002558__es-es__original,
dico_phrasis_0002561__es-es__original,
dico_phrasis_0002565__es-es__original,
dico_phrasis_0002568__es-es__original,
dico_phrasis_0002571__es-es__original,
dico_phrasis_0002572__es-es__original,
dico_phrasis_0002575__es-es__original,
dico_phrasis_0002577__es-es__original,
dico_phrasis_0002578__es-es__original,
dico_phrasis_0002579__es-es__original,
dico_phrasis_0002585__es-es__original,
dico_phrasis_0002592__es-es__original,
dico_phrasis_0002593__es-es__original,
dico_phrasis_0002594__es-es__original,
dico_phrasis_0002598__es-es__original,
dico_phrasis_0002603__es-es__original,
dico_phrasis_0002604__es-es__original,
dico_phrasis_0002605__es-es__original,
dico_phrasis_0002606__es-es__original,
dico_phrasis_0002609__es-es__original,
dico_phrasis_0002621__es-es__original,
dico_phrasis_0002626__es-es__original,
dico_phrasis_0002628__es-es__original,
dico_phrasis_0002631__es-es__original,
dico_phrasis_0002633__es-es__original,
dico_phrasis_0002637__es-es__original,
dico_phrasis_0002638__es-es__original,
dico_phrasis_0002642__es-es__original,
dico_phrasis_0002643__es-es__original,
dico_phrasis_0002646__es-es__original,
dico_phrasis_0002647__es-es__original,
dico_phrasis_0002649__es-es__original,
dico_phrasis_0002650__es-es__original,
dico_phrasis_0002652__es-es__original,
dico_phrasis_0002655__es-es__original,
dico_phrasis_0002656__es-es__original,
dico_phrasis_0002657__es-es__original,
dico_phrasis_0002658__es-es__original,
dico_phrasis_0002659__es-es__original,
dico_phrasis_0002660__es-es__original,
dico_phrasis_0002661__es-es__original,
dico_phrasis_0002662__es-es__original,
dico_phrasis_0002663__es-es__original,
dico_phrasis_0002664__es-es__original,
dico_phrasis_0002667__es-es__original,
dico_phrasis_0002673__es-es__original,
dico_phrasis_0002674__es-es__original,
dico_phrasis_0002677__es-es__original,
dico_phrasis_0002678__es-es__original,
dico_phrasis_0002680__es-es__original,
dico_phrasis_0002681__es-es__original,
dico_phrasis_0002684__es-es__original,
dico_phrasis_0002685__es-es__original,
dico_phrasis_0002689__es-es__original,
dico_phrasis_0002691__es-es__original,
dico_phrasis_0002697__es-es__original,
dico_phrasis_0002701__es-es__original,
dico_phrasis_0002702__es-es__original,
dico_phrasis_0002705__es-es__original,
dico_phrasis_0002707__es-es__original,
dico_phrasis_0002709__es-es__original,
dico_phrasis_0002710__es-es__original,
dico_phrasis_0002713__es-es__original,
dico_phrasis_0002714__es-es__original,
dico_phrasis_0002717__es-es__original,
dico_phrasis_0002718__es-es__original,
dico_phrasis_0002720__es-es__original,
dico_phrasis_0002723__es-es__original,
dico_phrasis_0002727__es-es__original,
dico_phrasis_0002728__es-es__original,
dico_phrasis_0002730__es-es__original,
dico_phrasis_0002735__es-es__original,
dico_phrasis_0002742__es-es__original,
dico_phrasis_0002743__es-es__original,
dico_phrasis_0002745__es-es__original,
dico_phrasis_0002746__es-es__original,
dico_phrasis_0002748__es-es__original,
dico_phrasis_0002749__es-es__original,
dico_phrasis_0002752__es-es__original,
dico_phrasis_0002758__es-es__original,
dico_phrasis_0002759__es-es__original,
dico_phrasis_0002760__es-es__original,
dico_phrasis_0002761__es-es__original,
dico_phrasis_0002763__es-es__original,
dico_phrasis_0002769__es-es__original,
dico_phrasis_0002771__es-es__original,
dico_phrasis_0002773__es-es__original,
dico_phrasis_0002777__es-es__original,
dico_phrasis_0002780__es-es__original,
dico_phrasis_0002783__es-es__original,
dico_phrasis_0002785__es-es__original,
dico_phrasis_0002786__es-es__original,
dico_phrasis_0002788__es-es__original,
dico_phrasis_0002791__es-es__original,
dico_phrasis_0002795__es-es__original,
dico_phrasis_0002797__es-es__original,
dico_phrasis_0002799__es-es__original,
dico_phrasis_0002800__es-es__original,
dico_phrasis_0002802__es-es__original,
dico_phrasis_0002803__es-es__original,
dico_phrasis_0002805__es-es__original,
dico_phrasis_0002807__es-es__original,
dico_phrasis_0002808__es-es__original,
dico_phrasis_0002815__es-es__original,
dico_phrasis_0002817__es-es__original,
dico_phrasis_0002820__es-es__original,
dico_phrasis_0002831__es-es__original,
dico_phrasis_0002832__es-es__original,
dico_phrasis_0002833__es-es__original,
dico_phrasis_0002834__es-es__original,
dico_phrasis_0002836__es-es__original,
dico_phrasis_0002837__es-es__original,
dico_phrasis_0002849__es-es__original,
dico_phrasis_0002850__es-es__original,
dico_phrasis_0002852__es-es__original,
dico_phrasis_0002853__es-es__original,
dico_phrasis_0002854__es-es__original,
dico_phrasis_0002856__es-es__original,
dico_phrasis_0002861__es-es__original,
dico_phrasis_0002865__es-es__original,
dico_phrasis_0002869__es-es__original,
dico_phrasis_0002870__es-es__original,
dico_phrasis_0002871__es-es__original,
dico_phrasis_0002873__es-es__original,
dico_phrasis_0002877__es-es__original,
dico_phrasis_0002881__es-es__original,
dico_phrasis_0002883__es-es__original,
dico_phrasis_0002892__es-es__original,
dico_phrasis_0002894__es-es__original,
dico_phrasis_0002897__es-es__original,
dico_phrasis_0002899__es-es__original,
dico_phrasis_0002902__es-es__original,
dico_phrasis_0002904__es-es__original,
dico_phrasis_0002905__es-es__original,
dico_phrasis_0002907__es-es__original,
dico_phrasis_0002910__es-es__original,
dico_phrasis_0002911__es-es__original,
dico_phrasis_0002917__es-es__original,
dico_phrasis_0002918__es-es__original,
dico_phrasis_0002919__es-es__original,
dico_phrasis_0002921__es-es__original,
dico_phrasis_0002922__es-es__original,
dico_phrasis_0002924__es-es__original,
dico_phrasis_0002926__es-es__original,
dico_phrasis_0002929__es-es__original,
dico_phrasis_0002931__es-es__original,
dico_phrasis_0002932__es-es__original,
dico_phrasis_0002935__es-es__original,
dico_phrasis_0002936__es-es__original,
dico_phrasis_0002939__es-es__original,
dico_phrasis_0002940__es-es__original,
dico_phrasis_0002941__es-es__original,
dico_phrasis_0002944__es-es__original,
dico_phrasis_0002945__es-es__original,
dico_phrasis_0002953__es-es__original,
dico_phrasis_0002954__es-es__original,
dico_phrasis_0002955__es-es__original,
dico_phrasis_0002956__es-es__original,
dico_phrasis_0002957__es-es__original,
dico_phrasis_0002963__es-es__original,
dico_phrasis_0002965__es-es__original,
dico_phrasis_0002968__es-es__original,
dico_phrasis_0002970__es-es__original,
dico_phrasis_0002977__es-es__original,
dico_phrasis_0002982__es-es__original,
dico_phrasis_0002985__es-es__original,
dico_phrasis_0002987__es-es__original,
dico_phrasis_0002988__es-es__original,
dico_phrasis_0002990__es-es__original,
dico_phrasis_0002998__es-es__original,
dico_phrasis_0003001__es-es__original,
dico_phrasis_0003004__es-es__original,
dico_phrasis_0003005__es-es__original,
dico_phrasis_0003008__es-es__original,
dico_phrasis_0003011__es-es__original,
dico_phrasis_0003012__es-es__original,
dico_phrasis_0003023__es-es__original,
dico_phrasis_0003029__es-es__original,
dico_phrasis_0003034__es-es__original,
dico_phrasis_0003035__es-es__original,
dico_phrasis_0003036__es-es__original,
dico_phrasis_0003038__es-es__original,
dico_phrasis_0003039__es-es__original,
dico_phrasis_0003040__es-es__original,
dico_phrasis_0003041__es-es__original,
dico_phrasis_0003042__es-es__original,
dico_phrasis_0003043__es-es__original,
dico_phrasis_0003045__es-es__original,
dico_phrasis_0003046__es-es__original,
dico_phrasis_0003058__es-es__original,
dico_phrasis_0003068__es-es__original,
dico_phrasis_0003069__es-es__original,
dico_phrasis_0003071__es-es__original,
dico_phrasis_0003073__es-es__original,
dico_phrasis_0003078__es-es__original,
dico_phrasis_0003079__es-es__original,
dico_phrasis_0003080__es-es__original,
dico_phrasis_0003082__es-es__original,
dico_phrasis_0003083__es-es__original,
dico_phrasis_0003085__es-es__original,
dico_phrasis_0003086__es-es__original,
dico_phrasis_0003087__es-es__original,
dico_phrasis_0003088__es-es__original,
dico_phrasis_0003090__es-es__original,
dico_phrasis_0003091__es-es__original,
dico_phrasis_0003092__es-es__original,
dico_phrasis_0003095__es-es__original,
dico_phrasis_0003098__es-es__original,
dico_phrasis_0003100__es-es__original,
dico_phrasis_0003101__es-es__original,
dico_phrasis_0003102__es-es__original,
dico_phrasis_0003103__es-es__original,
dico_phrasis_0003104__es-es__original,
dico_phrasis_0003105__es-es__original,
dico_phrasis_0003106__es-es__original,
dico_phrasis_0003109__es-es__original,
dico_phrasis_0003111__es-es__original,
dico_phrasis_0003113__es-es__original,
dico_phrasis_0003116__es-es__original,
dico_phrasis_0003117__es-es__original,
dico_phrasis_0003121__es-es__original,
dico_phrasis_0003130__es-es__original,
dico_phrasis_0003131__es-es__original,
dico_phrasis_0003132__es-es__original,
dico_phrasis_0003134__es-es__original,
dico_phrasis_0003135__es-es__original,
dico_phrasis_0003137__es-es__original,
dico_phrasis_0003140__es-es__original,
dico_phrasis_0003146__es-es__original,
dico_phrasis_0003150__es-es__original,
dico_phrasis_0003151__es-es__original,
dico_phrasis_0003153__es-es__original,
dico_phrasis_0003154__es-es__original,
dico_phrasis_0003155__es-es__original,
dico_phrasis_0003156__es-es__original,
dico_phrasis_0003169__es-es__original,
dico_phrasis_0003172__es-es__original,
dico_phrasis_0003173__es-es__original,
dico_phrasis_0003177__es-es__original,
dico_phrasis_0003180__es-es__original,
dico_phrasis_0003181__es-es__original,
dico_phrasis_0003194__es-es__original,
dico_phrasis_0003198__es-es__original,
dico_phrasis_0003201__es-es__original,
dico_phrasis_0003202__es-es__original,
dico_phrasis_0003206__es-es__original,
dico_phrasis_0003207__es-es__original,
dico_phrasis_0003208__es-es__original,
dico_phrasis_0003225__es-es__original,
dico_phrasis_0003228__es-es__original,
dico_phrasis_0003230__es-es__original,
dico_phrasis_0003231__es-es__original,
dico_phrasis_0003233__es-es__original,
dico_phrasis_0003234__es-es__original,
dico_phrasis_0003235__es-es__original,
dico_phrasis_0003238__es-es__original,
dico_phrasis_0003239__es-es__original,
dico_phrasis_0003240__es-es__original,
dico_phrasis_0003242__es-es__original,
dico_phrasis_0003244__es-es__original,
dico_phrasis_0003247__es-es__original,
dico_phrasis_0003248__es-es__original,
dico_phrasis_0003255__es-es__original,
dico_phrasis_0003257__es-es__original,
dico_phrasis_0003258__es-es__original,
dico_phrasis_0003260__es-es__original,
dico_phrasis_0003261__es-es__original,
dico_phrasis_0003262__es-es__original,
dico_phrasis_0003265__es-es__original,
dico_phrasis_0003266__es-es__original,
dico_phrasis_0003269__es-es__original,
dico_phrasis_0003270__es-es__original,
dico_phrasis_0003271__es-es__original,
dico_phrasis_0003273__es-es__original,
dico_phrasis_0003274__es-es__original,
dico_phrasis_0003277__es-es__original,
dico_phrasis_0003279__es-es__original,
dico_phrasis_0003282__es-es__original,
dico_phrasis_0003284__es-es__original,
dico_phrasis_0003287__es-es__original,
dico_phrasis_0003288__es-es__original,
dico_phrasis_0003291__es-es__original,
dico_phrasis_0003292__es-es__original,
dico_phrasis_0003293__es-es__original,
dico_phrasis_0003295__es-es__original,
dico_phrasis_0003296__es-es__original,
dico_phrasis_0003297__es-es__original,
dico_phrasis_0003298__es-es__original,
dico_phrasis_0003299__es-es__original,
dico_phrasis_0003300__es-es__original,
dico_phrasis_0003301__es-es__original,
dico_phrasis_0003303__es-es__original,
dico_phrasis_0003308__es-es__original,
dico_phrasis_0003315__es-es__original,
dico_phrasis_0003316__es-es__original,
dico_phrasis_0003318__es-es__original,
