instance_id,pair_id,text1_lang,text2_lang,text1,text2,reverse_pair_id,label
dico_phrasis_0000001__es-es__flipped,dico_phrasis_0000001,es,es,Oposición conservadora,Conservadores,dico_phrasis_0000001__es-es__original,FORWARD_ENTAILMENT
dico_phrasis_0000001__es-es__original,dico_phrasis_0000001,es,es,Conservadores,Oposición conservadora,dico_phrasis_0000001__es-es__flipped,BACKWARD_ENTAILMENT
dico_phrasis_0000003__es-es__flipped,dico_phrasis_0000003,es,es,el primer ministro japonés Shinzo Abe,Abe,dico_phrasis_0000003__es-es__original,FORWARD_ENTAILMENT
dico_phrasis_0000003__es-es__original,dico_phrasis_0000003,es,es,Abe,el primer ministro japonés Shinzo Abe,dico_phrasis_0000003__es-es__flipped,BACKWARD_ENTAILMENT
dico_phrasis_0000005__es-es__flipped,dico_phrasis_0000005,es,es,misiles balísticos,misiles,dico_phrasis_0000005__es-es__original,FORWARD_ENTAILMENT
dico_phrasis_0000005__es-es__original,dico_phrasis_0000005,es,es,misiles,misiles balísticos,dico_phrasis_0000005__es-es__flipped,BACKWARD_ENTAILMENT
dico_phrasis_0000006__es-es__flipped,dico_phrasis_0000006,es,es,entre todos los muertos,entre 9 muertos,dico_phrasis_0000006__es-es__original,FORWARD_ENTAILMENT
dico_phrasis_0000006__es-es__original,dico_phrasis_0000006,es,es,entre 9 muertos,entre todos los muertos,dico_phrasis_0000006__es-es__flipped,BACKWARD_ENTAILMENT
dico_phrasis_0000009__es-es__flipped,dico_phrasis_0000009,es,es,89 muertos,22 muertos,dico_phrasis_0000009__es-es__original,FORWARD_ENTAILMENT
dico_phrasis_0000009__es-es__original,dico_phrasis_0000009,es,es,22 muertos,89 muertos,dico_phrasis_0000009__es-es__flipped,BACKWARD_ENTAILMENT
dico_phrasis_0000011__es-es__flipped,dico_phrasis_0000011,es,es,victoria aplastante,victoria,dico_phrasis_0000011__es-es__original,FORWARD_ENTAILMENT
dico_phrasis_0000011__es-es__original,dico_phrasis_0000011,es,es,victoria,victoria aplastante,dico_phrasis_0000011__es-es__flipped,BACKWARD_ENTAILMENT
dico_phrasis_0000012__es-es__flipped,dico_phrasis_0000012,es,es,en cualquier cama de hospital,en un hospital,dico_phrasis_0000012__es-es__original,FORWARD_ENTAILMENT
dico_phrasis_0000012__es-es__original,dico_phrasis_0000012,es,es,en un hospital,en cualquier cama de hospital,dico_phrasis_0000012__es-es__flipped,BACKWARD_ENTAILMENT
dico_phrasis_0000013__es-es__flipped,dico_phrasis_0000013,es,es,como vicepresidente de la Asamblea de Sindh,vicepresidente de la SA,dico_phrasis_0000013__es-es__original,FORWARD_ENTAILMENT
dico_phrasis_0000013__es-es__original,dico_phrasis_0000013,es,es,vicepresidente de la SA,como vicepresidente de la Asamblea de Sindh,dico_phrasis_0000013__es-es__flipped,BACKWARD_ENTAILMENT
dico_phrasis_0000014__es-es__flipped,dico_phrasis_0000014,es,es,"su hija menor, Lady Soames",su descendiente menor,dico_phrasis_0000014__es-es__original,FORWARD_ENTAILMENT
dico_phrasis_0000014__es-es__original,dico_phrasis_0000014,es,es,su descendiente menor,"su hija menor, Lady Soames",dico_phrasis_0000014__es-es__flipped,BACKWARD_ENTAILMENT
dico_phrasis_0000015__es-es__flipped,dico_phrasis_0000015,es,es,en aguas del Golfo,en el mar,dico_phrasis_0000015__es-es__original,FORWARD_ENTAILMENT
dico_phrasis_0000015__es-es__original,dico_phrasis_0000015,es,es,en el mar,en aguas del Golfo,dico_phrasis_0000015__es-es__flipped,BACKWARD_ENTAILMENT
dico_phrasis_0000016__es-es__flipped,dico_phrasis_0000016,es,es,como cualquier presidente,presidente de,dico_phrasis_0000016__es-es__original,FORWARD_ENTAILMENT
dico_phrasis_0000016__es-es__original,dico_phrasis_0000016,es,es,presidente de,como cualquier presidente,dico_phrasis_0000016__es-es__flipped,BACKWARD_ENTAILMENT
dico_phrasis_0000017__es-es__flipped,dico_phrasis_0000017,es,es,en el tiroteo del desfile de Nueva Orleans,en un tiroteo en Nueva Orleans,dico_phrasis_0000017__es-es__original,FORWARD_ENTAILMENT
dico_phrasis_0000017__es-es__original,dico_phrasis_0000017,es,es,en un tiroteo en Nueva Orleans,en el tiroteo del desfile de Nueva Orleans,dico_phrasis_0000017__es-es__flipped,BACKWARD_ENTAILMENT
dico_phrasis_0000020__es-es__flipped,dico_phrasis_0000020,es,es,afirmación de MKO,afirmación,dico_phrasis_0000020__es-es__original,FORWARD_ENTAILMENT
dico_phrasis_0000020__es-es__original,dico_phrasis_0000020,es,es,afirmación,afirmación de MKO,dico_phrasis_0000020__es-es__flipped,BACKWARD_ENTAILMENT
dico_phrasis_0000022__es-es__flipped,dico_phrasis_0000022,es,es,Barco australiano,Barco,dico_phrasis_0000022__es-es__original,FORWARD_ENTAILMENT
dico_phrasis_0000022__es-es__original,dico_phrasis_0000022,es,es,Barco,Barco australiano,dico_phrasis_0000022__es-es__flipped,BACKWARD_ENTAILMENT
dico_phrasis_0000025__es-es__flipped,dico_phrasis_0000025,es,es,para las víctimas de Boston,víctimas de Boston,dico_phrasis_0000025__es-es__original,FORWARD_ENTAILMENT
dico_phrasis_0000025__es-es__original,dico_phrasis_0000025,es,es,víctimas de Boston,para las víctimas de Boston,dico_phrasis_0000025__es-es__flipped,BACKWARD_ENTAILMENT
dico_phrasis_0000027__es-es__flipped,dico_phrasis_0000027,es,es,por el caso Ed Snowden,por Edward Snowden,dico_phrasis_0000027__es-es__original,FORWARD_ENTAILMENT
dico_phrasis_0000027__es-es__original,dico_phrasis_0000027,es,es,por Edward Snowden,por el caso Ed Snowden,dico_phrasis_0000027__es-es__flipped,BACKWARD_ENTAILMENT
dico_phrasis_0000028__es-es__flipped,dico_phrasis_0000028,es,es,para el plan,propuesta,dico_phrasis_0000028__es-es__original,FORWARD_ENTAILMENT
dico_phrasis_0000028__es-es__original,dico_phrasis_0000028,es,es,propuesta,para el plan,dico_phrasis_0000028__es-es__flipped,BACKWARD_ENTAILMENT
dico_phrasis_0000029__es-es__flipped,dico_phrasis_0000029,es,es,tras cinco años completos en cautiverio,tras casi cinco años de cautiverio,dico_phrasis_0000029__es-es__original,FORWARD_ENTAILMENT
dico_phrasis_0000029__es-es__original,dico_phrasis_0000029,es,es,tras casi cinco años de cautiverio,tras cinco años completos en cautiverio,dico_phrasis_0000029__es-es__flipped,BACKWARD_ENTAILMENT
dico_phrasis_0000033__es-es__flipped,dico_phrasis_0000033,es,es,9 turistas extranjeros y un pakistaní,10 turistas extranjeros,dico_phrasis_0000033__es-es__original,FORWARD_ENTAILMENT
dico_phrasis_0000033__es-es__original,dico_phrasis_0000033,es,es,10 turistas extranjeros,9 turistas extranjeros y un pakistaní,dico_phrasis_0000033__es-es__flipped,BACKWARD_ENTAILMENT
dico_phrasis_0000036__es-es__flipped,dico_phrasis_0000036,es,es,como nuevo primer ministro de Australia,como primer ministro de Australia,dico_phrasis_0000036__es-es__original,FORWARD_ENTAILMENT
dico_phrasis_0000036__es-es__original,dico_phrasis_0000036,es,es,como primer ministro de Australia,como nuevo primer ministro de Australia,dico_phrasis_0000036__es-es__flipped,BACKWARD_ENTAILMENT
dico_phrasis_0000037__es-es__flipped,dico_phrasis_0000037,es,es,de la política del hijo único,política del hijo único,dico_phrasis_0000037__es-es__original,FORWARD_ENTAILMENT
dico_phrasis_0000037__es-es__original,dico_phrasis_0000037,es,es,política del hijo único,de la política del hijo único,dico_phrasis_0000037__es-es__flipped,BACKWARD_ENTAILMENT
dico_phrasis_0000038__es-es__flipped,dico_phrasis_0000038,es,es,Una madre,Una mujer,dico_phrasis_0000038__es-es__original,FORWARD_ENTAILMENT
dico_phrasis_0000038__es-es__original,dico_phrasis_0000038,es,es,Una mujer,Una madre,dico_phrasis_0000038__es-es__flipped,BACKWARD_ENTAILMENT
dico_phrasis_0000039__es-es__flipped,dico_phrasis_0000039,es,es,tras su hija de ocho años,tras una niña de ocho años,dico_phrasis_0000039__es-es__original,FORWARD_ENTAILMENT
dico_phrasis_0000039__es-es__original,dico_phrasis_0000039,es,es,tras una niña de ocho años,tras su hija de ocho años,dico_phrasis_0000039__es-es__flipped,BACKWARD_ENTAILMENT
dico_phrasis_0000042__es-es__flipped,dico_phrasis_0000042,es,es,"un aumento del 0,2 por ciento","0,2 por ciento",dico_phrasis_0000042__es-es__original,FORWARD_ENTAILMENT
dico_phrasis_0000042__es-es__original,dico_phrasis_0000042,es,es,"0,2 por ciento","un aumento del 0,2 por ciento",dico_phrasis_0000042__es-es__flipped,BACKWARD_ENTAILMENT
dico_phrasis_0000043__es-es__flipped,dico_phrasis_0000043,es,es,de armas químicas,armas químicas,dico_phrasis_0000043__es-es__original,FORWARD_ENTAILMENT
dico_phrasis_0000043__es-es__original,dico_phrasis_0000043,es,es,armas químicas,de armas químicas,dico_phrasis_0000043__es-es__flipped,BACKWARD_ENTAILMENT
dico_phrasis_0000044__es-es__flipped,dico_phrasis_0000044,es,es,Expertos de la ONU en armas químicas,Equipo de armas químicas,dico_phrasis_0000044__es-es__original,FORWARD_ENTAILMENT
dico_phrasis_0000044__es-es__original,dico_phrasis_0000044,es,es,Equipo de armas químicas,Expertos de la ONU en armas químicas,dico_phrasis_0000044__es-es__flipped,BACKWARD_ENTAILMENT
dico_phrasis_0000045__es-es__flipped,dico_phrasis_0000045,es,es,su partido de la oposición,su oposición,dico_phrasis_0000045__es-es__original,FORWARD_ENTAILMENT
dico_phrasis_0000045__es-es__original,dico_phrasis_0000045,es,es,su oposición,su partido de la oposición,dico_phrasis_0000045__es-es__flipped,BACKWARD_ENTAILMENT
dico_phrasis_0000047__es-es__flipped,dico_phrasis_0000047,es,es,muertes por el derrumbe en Bangladés,número de muertos,dico_phrasis_0000047__es-es__original,FORWARD_ENTAILMENT
dico_phrasis_0000047__es-es__original,dico_phrasis_0000047,es,es,número de muertos,muertes por el derrumbe en Bangladés,dico_phrasis_0000047__es-es__flipped,BACKWARD_ENTAILMENT
dico_phrasis_0000048__es-es__flipped,dico_phrasis_0000048,es,es,Gobierno de Italia,Italia,dico_phrasis_0000048__es-es__original,FORWARD_ENTAILMENT
dico_phrasis_0000048__es-es__original,dico_phrasis_0000048,es,es,Italia,Gobierno de Italia,dico_phrasis_0000048__es-es__flipped,BACKWARD_ENTAILMENT
dico_phrasis_0000049__es-es__flipped,dico_phrasis_0000049,es,es,asilo humanitario,asilo,dico_phrasis_0000049__es-es__original,FORWARD_ENTAILMENT
dico_phrasis_0000049__es-es__original,dico_phrasis_0000049,es,es,asilo,asilo humanitario,dico_phrasis_0000049__es-es__flipped,BACKWARD_ENTAILMENT
dico_phrasis_0000050__es-es__flipped,dico_phrasis_0000050,es,es,contra la injerencia militar estadounidense,contra la intervención militar,dico_phrasis_0000050__es-es__original,FORWARD_ENTAILMENT
dico_phrasis_0000050__es-es__original,dico_phrasis_0000050,es,es,contra la intervención militar,contra la injerencia militar estadounidense,dico_phrasis_0000050__es-es__flipped,BACKWARD_ENTAILMENT
dico_phrasis_0000051__es-es__flipped,dico_phrasis_0000051,es,es,elecciones generales de febrero,elecciones generales,dico_phrasis_0000051__es-es__original,FORWARD_ENTAILMENT
dico_phrasis_0000051__es-es__original,dico_phrasis_0000051,es,es,elecciones generales,elecciones generales de febrero,dico_phrasis_0000051__es-es__flipped,BACKWARD_ENTAILMENT
dico_phrasis_0000052__es-es__flipped,dico_phrasis_0000052,es,es,Partido Demócrata de la oposición tailandesa,partido de la oposición tailandesa,dico_phrasis_0000052__es-es__original,FORWARD_ENTAILMENT
dico_phrasis_0000052__es-es__original,dico_phrasis_0000052,es,es,partido de la oposición tailandesa,Partido Demócrata de la oposición tailandesa,dico_phrasis_0000052__es-es__flipped,BACKWARD_ENTAILMENT
dico_phrasis_0000053__es-es__flipped,dico_phrasis_0000053,es,es,en el conflicto de Irak,en Irak,dico_phrasis_0000053__es-es__original,FORWARD_ENTAILMENT
dico_phrasis_0000053__es-es__original,dico_phrasis_0000053,es,es,en Irak,en el conflicto de Irak,dico_phrasis_0000053__es-es__flipped,BACKWARD_ENTAILMENT
dico_phrasis_0000054__es-es__flipped,dico_phrasis_0000054,es,es,en Bengasi,es Bengasi,dico_phrasis_0000054__es-es__original,FORWARD_ENTAILMENT
dico_phrasis_0000054__es-es__original,dico_phrasis_0000054,es,es,es Bengasi,en Bengasi,dico_phrasis_0000054__es-es__flipped,BACKWARD_ENTAILMENT
dico_phrasis_0000055__es-es__flipped,dico_phrasis_0000055,es,es,su nuevo príncipe bebé,su nuevo príncipe,dico_phrasis_0000055__es-es__original,FORWARD_ENTAILMENT
dico_phrasis_0000055__es-es__original,dico_phrasis_0000055,es,es,su nuevo príncipe,su nuevo príncipe bebé,dico_phrasis_0000055__es-es__flipped,BACKWARD_ENTAILMENT
dico_phrasis_0000057__es-es__flipped,dico_phrasis_0000057,es,es,castillo cruzado histórico,castillo cruzado,dico_phrasis_0000057__es-es__original,FORWARD_ENTAILMENT
dico_phrasis_0000057__es-es__original,dico_phrasis_0000057,es,es,castillo cruzado,castillo cruzado histórico,dico_phrasis_0000057__es-es__flipped,BACKWARD_ENTAILMENT
dico_phrasis_0000058__es-es__flipped,dico_phrasis_0000058,es,es,de todos los partidarios de Morsi,Cuatro partidarios de Morsi,dico_phrasis_0000058__es-es__original,FORWARD_ENTAILMENT
dico_phrasis_0000058__es-es__original,dico_phrasis_0000058,es,es,Cuatro partidarios de Morsi,de todos los partidarios de Morsi,dico_phrasis_0000058__es-es__flipped,BACKWARD_ENTAILMENT
dico_phrasis_0000060__es-es__flipped,dico_phrasis_0000060,es,es,cinco hombres,Cinco personas,dico_phrasis_0000060__es-es__original,FORWARD_ENTAILMENT
dico_phrasis_0000060__es-es__original,dico_phrasis_0000060,es,es,Cinco personas,cinco hombres,dico_phrasis_0000060__es-es__flipped,BACKWARD_ENTAILMENT
dico_phrasis_0000061__es-es__flipped,dico_phrasis_0000061,es,es,por 40 desaparecidos,40 desaparecidos,dico_phrasis_0000061__es-es__original,FORWARD_ENTAILMENT
dico_phrasis_0000061__es-es__original,dico_phrasis_0000061,es,es,40 desaparecidos,por 40 desaparecidos,dico_phrasis_0000061__es-es__flipped,BACKWARD_ENTAILMENT
dico_phrasis_0000062__es-es__flipped,dico_phrasis_0000062,es,es,en un incendio de tren en Canadá,en un accidente ferroviario en Canadá,dico_phrasis_0000062__es-es__original,FORWARD_ENTAILMENT
dico_phrasis_0000062__es-es__original,dico_phrasis_0000062,es,es,en un accidente ferroviario en Canadá,en un incendio de tren en Canadá,dico_phrasis_0000062__es-es__flipped,BACKWARD_ENTAILMENT
dico_phrasis_0000063__es-es__flipped,dico_phrasis_0000063,es,es,autoridades israelíes,Israel,dico_phrasis_0000063__es-es__original,FORWARD_ENTAILMENT
dico_phrasis_0000063__es-es__original,dico_phrasis_0000063,es,es,Israel,autoridades israelíes,dico_phrasis_0000063__es-es__flipped,BACKWARD_ENTAILMENT
dico_phrasis_0000065__es-es__flipped,dico_phrasis_0000065,es,es,sudafricanos,Sudáfrica,dico_phrasis_0000065__es-es__original,FORWARD_ENTAILMENT
dico_phrasis_0000065__es-es__original,dico_phrasis_0000065,es,es,Sudáfrica,sudafricanos,dico_phrasis_0000065__es-es__flipped,BACKWARD_ENTAILMENT
dico_phrasis_0000066__es-es__flipped,dico_phrasis_0000066,es,es,el príncipe Guillermo y Catalina,el príncipe Guillermo,dico_phrasis_0000066__es-es__original,FORWARD_ENTAILMENT
dico_phrasis_0000066__es-es__original,dico_phrasis_0000066,es,es,el príncipe Guillermo,el príncipe Guillermo y Catalina,dico_phrasis_0000066__es-es__flipped,BACKWARD_ENTAILMENT
dico_phrasis_0000068__es-es__flipped,dico_phrasis_0000068,es,es,Ataca brutalmente hasta matar,Mata,dico_phrasis_0000068__es-es__original,FORWARD_ENTAILMENT
dico_phrasis_0000068__es-es__original,dico_phrasis_0000068,es,es,Mata,Ataca brutalmente hasta matar,dico_phrasis_0000068__es-es__flipped,BACKWARD_ENTAILMENT
dico_phrasis_0000069__es-es__flipped,dico_phrasis_0000069,es,es,Ataque con dron estadounidense,Ataque aéreo,dico_phrasis_0000069__es-es__original,FORWARD_ENTAILMENT
dico_phrasis_0000069__es-es__original,dico_phrasis_0000069,es,es,Ataque aéreo,Ataque con dron estadounidense,dico_phrasis_0000069__es-es__flipped,BACKWARD_ENTAILMENT
dico_phrasis_0000072__es-es__flipped,dico_phrasis_0000072,es,es,militantes,2 militantes,dico_phrasis_0000072__es-es__original,FORWARD_ENTAILMENT
dico_phrasis_0000072__es-es__original,dico_phrasis_0000072,es,es,2 militantes,militantes,dico_phrasis_0000072__es-es__flipped,BACKWARD_ENTAILMENT
dico_phrasis_0000073__es-es__flipped,dico_phrasis_0000073,es,es,tasas de interés,tasas,dico_phrasis_0000073__es-es__original,FORWARD_ENTAILMENT
dico_phrasis_0000073__es-es__original,dico_phrasis_0000073,es,es,tasas,tasas de interés,dico_phrasis_0000073__es-es__flipped,BACKWARD_ENTAILMENT
dico_phrasis_0000074__es-es__flipped,dico_phrasis_0000074,es,es,juez estadounidense,juez,dico_phrasis_0000074__es-es__original,FORWARD_ENTAILMENT
dico_phrasis_0000074__es-es__original,dico_phrasis_0000074,es,es,juez,juez estadounidense,dico_phrasis_0000074__es-es__flipped,BACKWARD_ENTAILMENT
dico_phrasis_0000075__es-es__flipped,dico_phrasis_0000075,es,es,operador de atracción de la Feria Estatal de Carolina del Norte,operador de atracción,dico_phrasis_0000075__es-es__original,FORWARD_ENTAILMENT
dico_phrasis_0000075__es-es__original,dico_phrasis_0000075,es,es,operador de atracción,operador de atracción de la Feria Estatal de Carolina del Norte,dico_phrasis_0000075__es-es__flipped,BACKWARD_ENTAILMENT
dico_phrasis_0000076__es-es__flipped,dico_phrasis_0000076,es,es,16 soldados,12 soldados,dico_phrasis_0000076__es-es__original,FORWARD_ENTAILMENT
dico_phrasis_0000076__es-es__original,dico_phrasis_0000076,es,es,12 soldados,16 soldados,dico_phrasis_0000076__es-es__flipped,BACKWARD_ENTAILMENT
dico_phrasis_0000077__es-es__flipped,dico_phrasis_0000077,es,es,en los tiroteos de Myrtle Beach,en un tiroteo en Miami,dico_phrasis_0000077__es-es__original,FORWARD_ENTAILMENT
dico_phrasis_0000077__es-es__original,dico_phrasis_0000077,es,es,en un tiroteo en Miami,en los tiroteos de Myrtle Beach,dico_phrasis_0000077__es-es__flipped,BACKWARD_ENTAILMENT
dico_phrasis_0000079__es-es__flipped,dico_phrasis_0000079,es,es,para una refinería de Irak,para una refinería de petróleo,dico_phrasis_0000079__es-es__original,FORWARD_ENTAILMENT
dico_phrasis_0000079__es-es__original,dico_phrasis_0000079,es,es,para una refinería de petróleo,para una refinería de Irak,dico_phrasis_0000079__es-es__flipped,BACKWARD_ENTAILMENT
dico_phrasis_0000080__es-es__flipped,dico_phrasis_0000080,es,es,manifestantes en campamentos de El Cairo,manifestantes de El Cairo,dico_phrasis_0000080__es-es__original,FORWARD_ENTAILMENT
dico_phrasis_0000080__es-es__original,dico_phrasis_0000080,es,es,manifestantes de El Cairo,manifestantes en campamentos de El Cairo,dico_phrasis_0000080__es-es__flipped,BACKWARD_ENTAILMENT
dico_phrasis_0000082__es-es__flipped,dico_phrasis_0000082,es,es,Incendio forestal en Arizona,Incendio,dico_phrasis_0000082__es-es__original,FORWARD_ENTAILMENT
dico_phrasis_0000082__es-es__original,dico_phrasis_0000082,es,es,Incendio,Incendio forestal en Arizona,dico_phrasis_0000082__es-es__flipped,BACKWARD_ENTAILMENT
dico_phrasis_0000083__es-es__flipped,dico_phrasis_0000083,es,es,Gobierno canadiense,Canadá,dico_phrasis_0000083__es-es__original,FORWARD_ENTAILMENT
dico_phrasis_0000083__es-es__original,dico_phrasis_0000083,es,es,Canadá,Gobierno canadiense,dico_phrasis_0000083__es-es__flipped,BACKWARD_ENTAILMENT
dico_phrasis_0000085__es-es__flipped,dico_phrasis_0000085,es,es,cargos por tráfico de armas,sanciones,dico_phrasis_0000085__es-es__original,FORWARD_ENTAILMENT
dico_phrasis_0000085__es-es__original,dico_phrasis_0000085,es,es,sanciones,cargos por tráfico de armas,dico_phrasis_0000085__es-es__flipped,BACKWARD_ENTAILMENT
dico_phrasis_0000086__es-es__flipped,dico_phrasis_0000086,es,es,contra los marineros rusos,contra Rusia,dico_phrasis_0000086__es-es__original,FORWARD_ENTAILMENT
dico_phrasis_0000086__es-es__original,dico_phrasis_0000086,es,es,contra Rusia,contra los marineros rusos,dico_phrasis_0000086__es-es__flipped,BACKWARD_ENTAILMENT
dico_phrasis_0000088__es-es__flipped,dico_phrasis_0000088,es,es,Nuevos ataques aéreos sirios,ataque aéreo sirio,dico_phrasis_0000088__es-es__original,FORWARD_ENTAILMENT
dico_phrasis_0000088__es-es__original,dico_phrasis_0000088,es,es,ataque aéreo sirio,Nuevos ataques aéreos sirios,dico_phrasis_0000088__es-es__flipped,BACKWARD_ENTAILMENT
dico_phrasis_0000089__es-es__flipped,dico_phrasis_0000089,es,es,para una candidatura presidencial,candidatura presidencial,dico_phrasis_0000089__es-es__original,FORWARD_ENTAILMENT
dico_phrasis_0000089__es-es__original,dico_phrasis_0000089,es,es,candidatura presidencial,para una candidatura presidencial,dico_phrasis_0000089__es-es__flipped,BACKWARD_ENTAILMENT
dico_phrasis_0000090__es-es__flipped,dico_phrasis_0000090,es,es,cargos por piratería,cargos,dico_phrasis_0000090__es-es__original,FORWARD_ENTAILMENT
dico_phrasis_0000090__es-es__original,dico_phrasis_0000090,es,es,cargos,cargos por piratería,dico_phrasis_0000090__es-es__flipped,BACKWARD_ENTAILMENT
dico_phrasis_0000091__es-es__flipped,dico_phrasis_0000091,es,es,con policías antidisturbios,con policías,dico_phrasis_0000091__es-es__original,FORWARD_ENTAILMENT
dico_phrasis_0000091__es-es__original,dico_phrasis_0000091,es,es,con policías,con policías antidisturbios,dico_phrasis_0000091__es-es__flipped,BACKWARD_ENTAILMENT
dico_phrasis_0000095__es-es__flipped,dico_phrasis_0000095,es,es,Un niño pequeño,Un menor,dico_phrasis_0000095__es-es__original,FORWARD_ENTAILMENT
dico_phrasis_0000095__es-es__original,dico_phrasis_0000095,es,es,Un menor,Un niño pequeño,dico_phrasis_0000095__es-es__flipped,BACKWARD_ENTAILMENT
dico_phrasis_0000097__es-es__flipped,dico_phrasis_0000097,es,es,Dos damas,Dos mujeres,dico_phrasis_0000097__es-es__original,FORWARD_ENTAILMENT
dico_phrasis_0000097__es-es__original,dico_phrasis_0000097,es,es,Dos mujeres,Dos damas,dico_phrasis_0000097__es-es__flipped,BACKWARD_ENTAILMENT
dico_phrasis_0000098__es-es__flipped,dico_phrasis_0000098,es,es,a través de la hierba,sobre la hierba,dico_phrasis_0000098__es-es__original,FORWARD_ENTAILMENT
dico_phrasis_0000098__es-es__original,dico_phrasis_0000098,es,es,sobre la hierba,a través de la hierba,dico_phrasis_0000098__es-es__flipped,BACKWARD_ENTAILMENT
dico_phrasis_0000100__es-es__flipped,dico_phrasis_0000100,es,es,un perro blanco,Un perro,dico_phrasis_0000100__es-es__original,FORWARD_ENTAILMENT
dico_phrasis_0000100__es-es__original,dico_phrasis_0000100,es,es,Un perro,un perro blanco,dico_phrasis_0000100__es-es__flipped,BACKWARD_ENTAILMENT
dico_phrasis_0000102__es-es__flipped,dico_phrasis_0000102,es,es,Un niño pequeño,Un niño,dico_phrasis_0000102__es-es__original,FORWARD_ENTAILMENT
dico_phrasis_0000102__es-es__original,dico_phrasis_0000102,es,es,Un niño,Un niño pequeño,dico_phrasis_0000102__es-es__flipped,BACKWARD_ENTAILMENT
dico_phrasis_0000103__es-es__flipped,dico_phrasis_0000103,es,es,saltando por encima de,salta,dico_phrasis_0000103__es-es__original,FORWARD_ENTAILMENT
dico_phrasis_0000103__es-es__original,dico_phrasis_0000103,es,es,salta,saltando por encima de,dico_phrasis_0000103__es-es__flipped,BACKWARD_ENTAILMENT
dico_phrasis_0000104__es-es__flipped,dico_phrasis_0000104,es,es,con el pelo teñido con mechas rosas,con el pelo teñido,dico_phrasis_0000104__es-es__original,FORWARD_ENTAILMENT
dico_phrasis_0000104__es-es__original,dico_phrasis_0000104,es,es,con el pelo teñido,con el pelo teñido con mechas rosas,dico_phrasis_0000104__es-es__flipped,BACKWARD_ENTAILMENT
dico_phrasis_0000105__es-es__flipped,dico_phrasis_0000105,es,es,una cámara grande,una cámara,dico_phrasis_0000105__es-es__original,FORWARD_ENTAILMENT
dico_phrasis_0000105__es-es__original,dico_phrasis_0000105,es,es,una cámara,una cámara grande,dico_phrasis_0000105__es-es__flipped,BACKWARD_ENTAILMENT
dico_phrasis_0000107__es-es__flipped,dico_phrasis_0000107,es,es,Un perro marrón y blanco,Un perro,dico_phrasis_0000107__es-es__original,FORWARD_ENTAILMENT
dico_phrasis_0000107__es-es__original,dico_phrasis_0000107,es,es,Un perro,Un perro marrón y blanco,dico_phrasis_0000107__es-es__flipped,BACKWARD_ENTAILMENT
dico_phrasis_0000108__es-es__flipped,dico_phrasis_0000108,es,es,Un perro pequeño,un perro,dico_phrasis_0000108__es-es__original,FORWARD_ENTAILMENT
dico_phrasis_0000108__es-es__original,dico_phrasis_0000108,es,es,un perro,Un perro pequeño,dico_phrasis_0000108__es-es__flipped,BACKWARD_ENTAILMENT
dico_phrasis_0000109__es-es__flipped,dico_phrasis_0000109,es,es,en toda la hierba,en algo de hierba,dico_phrasis_0000109__es-es__original,FORWARD_ENTAILMENT
dico_phrasis_0000109__es-es__original,dico_phrasis_0000109,es,es,en algo de hierba,en toda la hierba,dico_phrasis_0000109__es-es__flipped,BACKWARD_ENTAILMENT
dico_phrasis_0000110__es-es__flipped,dico_phrasis_0000110,es,es,en taburetes altos de bar,en taburetes altos,dico_phrasis_0000110__es-es__original,FORWARD_ENTAILMENT
dico_phrasis_0000110__es-es__original,dico_phrasis_0000110,es,es,en taburetes altos,en taburetes altos de bar,dico_phrasis_0000110__es-es__flipped,BACKWARD_ENTAILMENT
dico_phrasis_0000112__es-es__flipped,dico_phrasis_0000112,es,es,a través de la nieve,en la nieve,dico_phrasis_0000112__es-es__original,FORWARD_ENTAILMENT
dico_phrasis_0000112__es-es__original,dico_phrasis_0000112,es,es,en la nieve,a través de la nieve,dico_phrasis_0000112__es-es__flipped,BACKWARD_ENTAILMENT
dico_phrasis_0000113__es-es__flipped,dico_phrasis_0000113,es,es,un bebé pequeño,un bebé,dico_phrasis_0000113__es-es__original,FORWARD_ENTAILMENT
dico_phrasis_0000113__es-es__original,dico_phrasis_0000113,es,es,un bebé,un bebé pequeño,dico_phrasis_0000113__es-es__flipped,BACKWARD_ENTAILMENT
dico_phrasis_0000115__es-es__flipped,dico_phrasis_0000115,es,es,con su bate,un bate,dico_phrasis_0000115__es-es__original,FORWARD_ENTAILMENT
dico_phrasis_0000115__es-es__original,dico_phrasis_0000115,es,es,un bate,con su bate,dico_phrasis_0000115__es-es__flipped,BACKWARD_ENTAILMENT
dico_phrasis_0000116__es-es__flipped,dico_phrasis_0000116,es,es,con un balón de fútbol morado,con una pelota morada,dico_phrasis_0000116__es-es__original,FORWARD_ENTAILMENT
dico_phrasis_0000116__es-es__original,dico_phrasis_0000116,es,es,con una pelota morada,con un balón de fútbol morado,dico_phrasis_0000116__es-es__flipped,BACKWARD_ENTAILMENT
dico_phrasis_0000117__es-es__flipped,dico_phrasis_0000117,es,es,El perro marrón flaco,El perro marrón,dico_phrasis_0000117__es-es__original,FORWARD_ENTAILMENT
dico_phrasis_0000117__es-es__original,dico_phrasis_0000117,es,es,El perro marrón,El perro marrón flaco,dico_phrasis_0000117__es-es__flipped,BACKWARD_ENTAILMENT
dico_phrasis_0000119__es-es__flipped,dico_phrasis_0000119,es,es,de niños,de cuatro niños,dico_phrasis_0000119__es-es__original,FORWARD_ENTAILMENT
dico_phrasis_0000119__es-es__original,dico_phrasis_0000119,es,es,de cuatro niños,de niños,dico_phrasis_0000119__es-es__flipped,BACKWARD_ENTAILMENT
dico_phrasis_0000121__es-es__flipped,dico_phrasis_0000121,es,es,sobre aguas cristalinas,sobre el agua,dico_phrasis_0000121__es-es__original,FORWARD_ENTAILMENT
dico_phrasis_0000121__es-es__original,dico_phrasis_0000121,es,es,sobre el agua,sobre aguas cristalinas,dico_phrasis_0000121__es-es__flipped,BACKWARD_ENTAILMENT
dico_phrasis_0000122__es-es__flipped,dico_phrasis_0000122,es,es,dentro de una piscina enterrada,dentro de una piscina,dico_phrasis_0000122__es-es__original,FORWARD_ENTAILMENT
dico_phrasis_0000122__es-es__original,dico_phrasis_0000122,es,es,dentro de una piscina,dentro de una piscina enterrada,dico_phrasis_0000122__es-es__flipped,BACKWARD_ENTAILMENT
dico_phrasis_0000124__es-es__flipped,dico_phrasis_0000124,es,es,Una mujer joven,Una persona,dico_phrasis_0000124__es-es__original,FORWARD_ENTAILMENT
dico_phrasis_0000124__es-es__original,dico_phrasis_0000124,es,es,Una persona,Una mujer joven,dico_phrasis_0000124__es-es__flipped,BACKWARD_ENTAILMENT
dico_phrasis_0000126__es-es__flipped,dico_phrasis_0000126,es,es,en una colina,en una montaña,dico_phrasis_0000126__es-es__original,FORWARD_ENTAILMENT
dico_phrasis_0000126__es-es__original,dico_phrasis_0000126,es,es,en una montaña,en una colina,dico_phrasis_0000126__es-es__flipped,BACKWARD_ENTAILMENT
dico_phrasis_0000127__es-es__flipped,dico_phrasis_0000127,es,es,a través de la nieve,en la nieve,dico_phrasis_0000127__es-es__original,FORWARD_ENTAILMENT
dico_phrasis_0000127__es-es__original,dico_phrasis_0000127,es,es,en la nieve,a través de la nieve,dico_phrasis_0000127__es-es__flipped,BACKWARD_ENTAILMENT
dico_phrasis_0000128__es-es__flipped,dico_phrasis_0000128,es,es,a lo largo de la orilla arenosa,en la orilla,dico_phrasis_0000128__es-es__original,FORWARD_ENTAILMENT
dico_phrasis_0000128__es-es__original,dico_phrasis_0000128,es,es,en la orilla,a lo largo de la orilla arenosa,dico_phrasis_0000128__es-es__flipped,BACKWARD_ENTAILMENT
dico_phrasis_0000129__es-es__flipped,dico_phrasis_0000129,es,es,Un perro negro,Perro,dico_phrasis_0000129__es-es__original,FORWARD_ENTAILMENT
dico_phrasis_0000129__es-es__original,dico_phrasis_0000129,es,es,Perro,Un perro negro,dico_phrasis_0000129__es-es__flipped,BACKWARD_ENTAILMENT
dico_phrasis_0000131__es-es__flipped,dico_phrasis_0000131,es,es,burbujas,una burbuja,dico_phrasis_0000131__es-es__original,FORWARD_ENTAILMENT
dico_phrasis_0000131__es-es__original,dico_phrasis_0000131,es,es,una burbuja,burbujas,dico_phrasis_0000131__es-es__flipped,BACKWARD_ENTAILMENT
dico_phrasis_0000132__es-es__flipped,dico_phrasis_0000132,es,es,Un niño,La persona,dico_phrasis_0000132__es-es__original,FORWARD_ENTAILMENT
dico_phrasis_0000132__es-es__original,dico_phrasis_0000132,es,es,La persona,Un niño,dico_phrasis_0000132__es-es__flipped,BACKWARD_ENTAILMENT
dico_phrasis_0000134__es-es__flipped,dico_phrasis_0000134,es,es,Un perro mediano con vetas marrones y blancas,Un perro blanco y canela,dico_phrasis_0000134__es-es__original,FORWARD_ENTAILMENT
dico_phrasis_0000134__es-es__original,dico_phrasis_0000134,es,es,Un perro blanco y canela,Un perro mediano con vetas marrones y blancas,dico_phrasis_0000134__es-es__flipped,BACKWARD_ENTAILMENT
dico_phrasis_0000135__es-es__flipped,dico_phrasis_0000135,es,es,de personas,de cuatro,dico_phrasis_0000135__es-es__original,FORWARD_ENTAILMENT
dico_phrasis_0000135__es-es__original,dico_phrasis_0000135,es,es,de cuatro,de personas,dico_phrasis_0000135__es-es__flipped,BACKWARD_ENTAILMENT
dico_phrasis_0000136__es-es__flipped,dico_phrasis_0000136,es,es,junto a un árbol,un árbol,dico_phrasis_0000136__es-es__original,FORWARD_ENTAILMENT
dico_phrasis_0000136__es-es__original,dico_phrasis_0000136,es,es,un árbol,junto a un árbol,dico_phrasis_0000136__es-es__flipped,BACKWARD_ENTAILMENT
dico_phrasis_0000137__es-es__flipped,dico_phrasis_0000137,es,es,salta hacia arriba,saltando,dico_phrasis_0000137__es-es__original,FORWARD_ENTAILMENT
dico_phrasis_0000137__es-es__original,dico_phrasis_0000137,es,es,saltando,salta hacia arriba,dico_phrasis_0000137__es-es__flipped,BACKWARD_ENTAILMENT
dico_phrasis_0000140__es-es__flipped,dico_phrasis_0000140,es,es,Un hombre y una mujer,La mujer,dico_phrasis_0000140__es-es__original,FORWARD_ENTAILMENT
dico_phrasis_0000140__es-es__original,dico_phrasis_0000140,es,es,La mujer,Un hombre y una mujer,dico_phrasis_0000140__es-es__flipped,BACKWARD_ENTAILMENT
dico_phrasis_0000142__es-es__flipped,dico_phrasis_0000142,es,es,Un niño joven,Un niño,dico_phrasis_0000142__es-es__original,FORWARD_ENTAILMENT
dico_phrasis_0000142__es-es__original,dico_phrasis_0000142,es,es,Un niño,Un niño joven,dico_phrasis_0000142__es-es__flipped,BACKWARD_ENTAILMENT
dico_phrasis_0000144__es-es__flipped,dico_phrasis_0000144,es,es,en burbujas de espuma,con burbujas,dico_phrasis_0000144__es-es__original,FORWARD_ENTAILMENT
dico_phrasis_0000144__es-es__original,dico_phrasis_0000144,es,es,con burbujas,en burbujas de espuma,dico_phrasis_0000144__es-es__flipped,BACKWARD_ENTAILMENT
dico_phrasis_0000146__es-es__flipped,dico_phrasis_0000146,es,es,Dos perros negros,Un perro negro,dico_phrasis_0000146__es-es__original,FORWARD_ENTAILMENT
dico_phrasis_0000146__es-es__original,dico_phrasis_0000146,es,es,Un perro negro,Dos perros negros,dico_phrasis_0000146__es-es__flipped,BACKWARD_ENTAILMENT
dico_phrasis_0000147__es-es__flipped,dico_phrasis_0000147,es,es,a través de una extensa zona de césped,sobre la hierba,dico_phrasis_0000147__es-es__original,FORWARD_ENTAILMENT
dico_phrasis_0000147__es-es__original,dico_phrasis_0000147,es,es,sobre la hierba,a través de una extensa zona de césped,dico_phrasis_0000147__es-es__flipped,BACKWARD_ENTAILMENT
dico_phrasis_0000148__es-es__flipped,dico_phrasis_0000148,es,es,Varios perros grandes,Tres perros,dico_phrasis_0000148__es-es__original,FORWARD_ENTAILMENT
dico_phrasis_0000148__es-es__original,dico_phrasis_0000148,es,es,Tres perros,Varios perros grandes,dico_phrasis_0000148__es-es__flipped,BACKWARD_ENTAILMENT
dico_phrasis_0000149__es-es__flipped,dico_phrasis_0000149,es,es,La niña,Una persona,dico_phrasis_0000149__es-es__original,FORWARD_ENTAILMENT
dico_phrasis_0000149__es-es__original,dico_phrasis_0000149,es,es,Una persona,La niña,dico_phrasis_0000149__es-es__flipped,BACKWARD_ENTAILMENT
dico_phrasis_0000150__es-es__flipped,dico_phrasis_0000150,es,es,Un perro blanco grande,Un perro blanco,dico_phrasis_0000150__es-es__original,FORWARD_ENTAILMENT
dico_phrasis_0000150__es-es__original,dico_phrasis_0000150,es,es,Un perro blanco,Un perro blanco grande,dico_phrasis_0000150__es-es__flipped,BACKWARD_ENTAILMENT
dico_phrasis_0000151__es-es__flipped,dico_phrasis_0000151,es,es,a través de un campo nevado,a través de la nieve,dico_phrasis_0000151__es-es__original,FORWARD_ENTAILMENT
dico_phrasis_0000151__es-es__original,dico_phrasis_0000151,es,es,a través de la nieve,a través de un campo nevado,dico_phrasis_0000151__es-es__flipped,BACKWARD_ENTAILMENT
dico_phrasis_0000152__es-es__flipped,dico_phrasis_0000152,es,es,Una niña pequeña,Una niña,dico_phrasis_0000152__es-es__original,FORWARD_ENTAILMENT
dico_phrasis_0000152__es-es__original,dico_phrasis_0000152,es,es,Una niña,Una niña pequeña,dico_phrasis_0000152__es-es__flipped,BACKWARD_ENTAILMENT
dico_phrasis_0000153__es-es__flipped,dico_phrasis_0000153,es,es,a través de un campo anegado,a través de la hierba,dico_phrasis_0000153__es-es__original,FORWARD_ENTAILMENT
dico_phrasis_0000153__es-es__original,dico_phrasis_0000153,es,es,a través de la hierba,a través de un campo anegado,dico_phrasis_0000153__es-es__flipped,BACKWARD_ENTAILMENT
dico_phrasis_0000154__es-es__flipped,dico_phrasis_0000154,es,es,tres perros blancos y negros,El perro blanco y negro,dico_phrasis_0000154__es-es__original,FORWARD_ENTAILMENT
dico_phrasis_0000154__es-es__original,dico_phrasis_0000154,es,es,El perro blanco y negro,tres perros blancos y negros,dico_phrasis_0000154__es-es__flipped,BACKWARD_ENTAILMENT
dico_phrasis_0000156__es-es__flipped,dico_phrasis_0000156,es,es,en un campo nevado,en la nieve blanca,dico_phrasis_0000156__es-es__original,FORWARD_ENTAILMENT
dico_phrasis_0000156__es-es__original,dico_phrasis_0000156,es,es,en la nieve blanca,en un campo nevado,dico_phrasis_0000156__es-es__flipped,BACKWARD_ENTAILMENT
dico_phrasis_0000157__es-es__flipped,dico_phrasis_0000157,es,es,Dos perros negros,Dos perros,dico_phrasis_0000157__es-es__original,FORWARD_ENTAILMENT
dico_phrasis_0000157__es-es__original,dico_phrasis_0000157,es,es,Dos perros,Dos perros negros,dico_phrasis_0000157__es-es__flipped,BACKWARD_ENTAILMENT
dico_phrasis_0000159__es-es__flipped,dico_phrasis_0000159,es,es,mientras lleva,está llevando,dico_phrasis_0000159__es-es__original,FORWARD_ENTAILMENT
dico_phrasis_0000159__es-es__original,dico_phrasis_0000159,es,es,está llevando,mientras lleva,dico_phrasis_0000159__es-es__flipped,BACKWARD_ENTAILMENT
dico_phrasis_0000160__es-es__flipped,dico_phrasis_0000160,es,es,debajo de un saliente de la autopista,debajo del puente,dico_phrasis_0000160__es-es__original,FORWARD_ENTAILMENT
dico_phrasis_0000160__es-es__original,dico_phrasis_0000160,es,es,debajo del puente,debajo de un saliente de la autopista,dico_phrasis_0000160__es-es__flipped,BACKWARD_ENTAILMENT
dico_phrasis_0000161__es-es__flipped,dico_phrasis_0000161,es,es,en la pierna,la pierna de uno,dico_phrasis_0000161__es-es__original,FORWARD_ENTAILMENT
dico_phrasis_0000161__es-es__original,dico_phrasis_0000161,es,es,la pierna de uno,en la pierna,dico_phrasis_0000161__es-es__flipped,BACKWARD_ENTAILMENT
dico_phrasis_0000163__es-es__flipped,dico_phrasis_0000163,es,es,en una colina cubierta de nieve,en la nieve,dico_phrasis_0000163__es-es__original,FORWARD_ENTAILMENT
dico_phrasis_0000163__es-es__original,dico_phrasis_0000163,es,es,en la nieve,en una colina cubierta de nieve,dico_phrasis_0000163__es-es__flipped,BACKWARD_ENTAILMENT
dico_phrasis_0000166__es-es__flipped,dico_phrasis_0000166,es,es,Dos chicas rubias,Dos chicas,dico_phrasis_0000166__es-es__original,FORWARD_ENTAILMENT
dico_phrasis_0000166__es-es__original,dico_phrasis_0000166,es,es,Dos chicas,Dos chicas rubias,dico_phrasis_0000166__es-es__flipped,BACKWARD_ENTAILMENT
dico_phrasis_0000167__es-es__flipped,dico_phrasis_0000167,es,es,un niño,un hombre,dico_phrasis_0000167__es-es__original,FORWARD_ENTAILMENT
dico_phrasis_0000167__es-es__original,dico_phrasis_0000167,es,es,un hombre,un niño,dico_phrasis_0000167__es-es__flipped,BACKWARD_ENTAILMENT
dico_phrasis_0000168__es-es__flipped,dico_phrasis_0000168,es,es,"Un perro negro, marrón y blanco",Un perro blanco y negro,dico_phrasis_0000168__es-es__original,FORWARD_ENTAILMENT
dico_phrasis_0000168__es-es__original,dico_phrasis_0000168,es,es,Un perro blanco y negro,"Un perro negro, marrón y blanco",dico_phrasis_0000168__es-es__flipped,BACKWARD_ENTAILMENT
dico_phrasis_0000169__es-es__flipped,dico_phrasis_0000169,es,es,Los perros,Los dos perros,dico_phrasis_0000169__es-es__original,FORWARD_ENTAILMENT
dico_phrasis_0000169__es-es__original,dico_phrasis_0000169,es,es,Los dos perros,Los perros,dico_phrasis_0000169__es-es__flipped,BACKWARD_ENTAILMENT
dico_phrasis_0000170__es-es__flipped,dico_phrasis_0000170,es,es,Cinco galgos,Tres galgos,dico_phrasis_0000170__es-es__original,FORWARD_ENTAILMENT
dico_phrasis_0000170__es-es__original,dico_phrasis_0000170,es,es,Tres galgos,Cinco galgos,dico_phrasis_0000170__es-es__flipped,BACKWARD_ENTAILMENT
dico_phrasis_0000171__es-es__flipped,dico_phrasis_0000171,es,es,en una pista de arena,en una pista,dico_phrasis_0000171__es-es__original,FORWARD_ENTAILMENT
dico_phrasis_0000171__es-es__original,dico_phrasis_0000171,es,es,en una pista,en una pista de arena,dico_phrasis_0000171__es-es__flipped,BACKWARD_ENTAILMENT
dico_phrasis_0000172__es-es__flipped,dico_phrasis_0000172,es,es,en una llanura cubierta de hierba,sobre la hierba,dico_phrasis_0000172__es-es__original,FORWARD_ENTAILMENT
dico_phrasis_0000172__es-es__original,dico_phrasis_0000172,es,es,sobre la hierba,en una llanura cubierta de hierba,dico_phrasis_0000172__es-es__flipped,BACKWARD_ENTAILMENT
dico_phrasis_0000173__es-es__flipped,dico_phrasis_0000173,es,es,en una rama de un árbol,un árbol,dico_phrasis_0000173__es-es__original,FORWARD_ENTAILMENT
dico_phrasis_0000173__es-es__original,dico_phrasis_0000173,es,es,un árbol,en una rama de un árbol,dico_phrasis_0000173__es-es__flipped,BACKWARD_ENTAILMENT
dico_phrasis_0000175__es-es__flipped,dico_phrasis_0000175,es,es,de personas,Personas,dico_phrasis_0000175__es-es__original,FORWARD_ENTAILMENT
dico_phrasis_0000175__es-es__original,dico_phrasis_0000175,es,es,Personas,de personas,dico_phrasis_0000175__es-es__flipped,BACKWARD_ENTAILMENT
dico_phrasis_0000176__es-es__flipped,dico_phrasis_0000176,es,es,Dos chicas,Dos personas,dico_phrasis_0000176__es-es__original,FORWARD_ENTAILMENT
dico_phrasis_0000176__es-es__original,dico_phrasis_0000176,es,es,Dos personas,Dos chicas,dico_phrasis_0000176__es-es__flipped,BACKWARD_ENTAILMENT
dico_phrasis_0000177__es-es__flipped,dico_phrasis_0000177,es,es,Una niña pequeña,una,dico_phrasis_0000177__es-es__original,FORWARD_ENTAILMENT
dico_phrasis_0000177__es-es__original,dico_phrasis_0000177,es,es,una,Una niña pequeña,dico_phrasis_0000177__es-es__flipped,BACKWARD_ENTAILMENT
dico_phrasis_0000178__es-es__flipped,dico_phrasis_0000178,es,es,a través del agua,en el agua,dico_phrasis_0000178__es-es__original,FORWARD_ENTAILMENT
dico_phrasis_0000178__es-es__original,dico_phrasis_0000178,es,es,en el agua,a través del agua,dico_phrasis_0000178__es-es__flipped,BACKWARD_ENTAILMENT
dico_phrasis_0000180__es-es__flipped,dico_phrasis_0000180,es,es,con palos,con un palo,dico_phrasis_0000180__es-es__original,FORWARD_ENTAILMENT
dico_phrasis_0000180__es-es__original,dico_phrasis_0000180,es,es,con un palo,con palos,dico_phrasis_0000180__es-es__flipped,BACKWARD_ENTAILMENT
dico_phrasis_0000181__es-es__flipped,dico_phrasis_0000181,es,es,por un sendero de tierra,en una zona de tierra,dico_phrasis_0000181__es-es__original,FORWARD_ENTAILMENT
dico_phrasis_0000181__es-es__original,dico_phrasis_0000181,es,es,en una zona de tierra,por un sendero de tierra,dico_phrasis_0000181__es-es__flipped,BACKWARD_ENTAILMENT
dico_phrasis_0000183__es-es__flipped,dico_phrasis_0000183,es,es,de hierba verde y alta,de hierba,dico_phrasis_0000183__es-es__original,FORWARD_ENTAILMENT
dico_phrasis_0000183__es-es__original,dico_phrasis_0000183,es,es,de hierba,de hierba verde y alta,dico_phrasis_0000183__es-es__flipped,BACKWARD_ENTAILMENT
dico_phrasis_0000184__es-es__flipped,dico_phrasis_0000184,es,es,está navegando en kayak,navega hacia,dico_phrasis_0000184__es-es__original,FORWARD_ENTAILMENT
dico_phrasis_0000184__es-es__original,dico_phrasis_0000184,es,es,navega hacia,está navegando en kayak,dico_phrasis_0000184__es-es__flipped,BACKWARD_ENTAILMENT
dico_phrasis_0000186__es-es__flipped,dico_phrasis_0000186,es,es,un único frisbi negro,un frisbi,dico_phrasis_0000186__es-es__original,FORWARD_ENTAILMENT
dico_phrasis_0000186__es-es__original,dico_phrasis_0000186,es,es,un frisbi,un único frisbi negro,dico_phrasis_0000186__es-es__flipped,BACKWARD_ENTAILMENT
dico_phrasis_0000189__es-es__flipped,dico_phrasis_0000189,es,es,a lo largo de una playa colorida,a lo largo de una playa,dico_phrasis_0000189__es-es__original,FORWARD_ENTAILMENT
dico_phrasis_0000189__es-es__original,dico_phrasis_0000189,es,es,a lo largo de una playa,a lo largo de una playa colorida,dico_phrasis_0000189__es-es__flipped,BACKWARD_ENTAILMENT
dico_phrasis_0000191__es-es__flipped,dico_phrasis_0000191,es,es,a través del campo,en el campo,dico_phrasis_0000191__es-es__original,FORWARD_ENTAILMENT
dico_phrasis_0000191__es-es__original,dico_phrasis_0000191,es,es,en el campo,a través del campo,dico_phrasis_0000191__es-es__flipped,BACKWARD_ENTAILMENT
dico_phrasis_0000193__es-es__flipped,dico_phrasis_0000193,es,es,Un perro marrón,Un perro,dico_phrasis_0000193__es-es__original,FORWARD_ENTAILMENT
dico_phrasis_0000193__es-es__original,dico_phrasis_0000193,es,es,Un perro,Un perro marrón,dico_phrasis_0000193__es-es__flipped,BACKWARD_ENTAILMENT
dico_phrasis_0000194__es-es__flipped,dico_phrasis_0000194,es,es,Dos perros negros,Dos perros,dico_phrasis_0000194__es-es__original,FORWARD_ENTAILMENT
dico_phrasis_0000194__es-es__original,dico_phrasis_0000194,es,es,Dos perros,Dos perros negros,dico_phrasis_0000194__es-es__flipped,BACKWARD_ENTAILMENT
dico_phrasis_0000195__es-es__flipped,dico_phrasis_0000195,es,es,El perro san bernardo,"El perro grande, marrón y blanco",dico_phrasis_0000195__es-es__original,FORWARD_ENTAILMENT
dico_phrasis_0000195__es-es__original,dico_phrasis_0000195,es,es,"El perro grande, marrón y blanco",El perro san bernardo,dico_phrasis_0000195__es-es__flipped,BACKWARD_ENTAILMENT
dico_phrasis_0000196__es-es__flipped,dico_phrasis_0000196,es,es,en un sofá rojo,en un sofá,dico_phrasis_0000196__es-es__original,FORWARD_ENTAILMENT
dico_phrasis_0000196__es-es__original,dico_phrasis_0000196,es,es,en un sofá,en un sofá rojo,dico_phrasis_0000196__es-es__flipped,BACKWARD_ENTAILMENT
dico_phrasis_0000200__es-es__flipped,dico_phrasis_0000200,es,es,mientras está de pie,está de pie,dico_phrasis_0000200__es-es__original,FORWARD_ENTAILMENT
dico_phrasis_0000200__es-es__original,dico_phrasis_0000200,es,es,está de pie,mientras está de pie,dico_phrasis_0000200__es-es__flipped,BACKWARD_ENTAILMENT
dico_phrasis_0000201__es-es__flipped,dico_phrasis_0000201,es,es,Dos perros,Un perro,dico_phrasis_0000201__es-es__original,FORWARD_ENTAILMENT
dico_phrasis_0000201__es-es__original,dico_phrasis_0000201,es,es,Un perro,Dos perros,dico_phrasis_0000201__es-es__flipped,BACKWARD_ENTAILMENT
dico_phrasis_0000202__es-es__flipped,dico_phrasis_0000202,es,es,Un collie,Un perro,dico_phrasis_0000202__es-es__original,FORWARD_ENTAILMENT
dico_phrasis_0000202__es-es__original,dico_phrasis_0000202,es,es,Un perro,Un collie,dico_phrasis_0000202__es-es__flipped,BACKWARD_ENTAILMENT
dico_phrasis_0000203__es-es__flipped,dico_phrasis_0000203,es,es,Dos perros parduzcos,Dos perros,dico_phrasis_0000203__es-es__original,FORWARD_ENTAILMENT
dico_phrasis_0000203__es-es__original,dico_phrasis_0000203,es,es,Dos perros,Dos perros parduzcos,dico_phrasis_0000203__es-es__flipped,BACKWARD_ENTAILMENT
dico_phrasis_0000204__es-es__flipped,dico_phrasis_0000204,es,es,a través del campo verde nevado,sobre la hierba,dico_phrasis_0000204__es-es__original,FORWARD_ENTAILMENT
dico_phrasis_0000204__es-es__original,dico_phrasis_0000204,es,es,sobre la hierba,a través del campo verde nevado,dico_phrasis_0000204__es-es__flipped,BACKWARD_ENTAILMENT
dico_phrasis_0000205__es-es__flipped,dico_phrasis_0000205,es,es,El perro pastor alemán,El perro negro,dico_phrasis_0000205__es-es__original,FORWARD_ENTAILMENT
dico_phrasis_0000205__es-es__original,dico_phrasis_0000205,es,es,El perro negro,El perro pastor alemán,dico_phrasis_0000205__es-es__flipped,BACKWARD_ENTAILMENT
dico_phrasis_0000206__es-es__flipped,dico_phrasis_0000206,es,es,con un perro blanco y negro,con un perro,dico_phrasis_0000206__es-es__original,FORWARD_ENTAILMENT
dico_phrasis_0000206__es-es__original,dico_phrasis_0000206,es,es,con un perro,con un perro blanco y negro,dico_phrasis_0000206__es-es__flipped,BACKWARD_ENTAILMENT
dico_phrasis_0000207__es-es__flipped,dico_phrasis_0000207,es,es,El niño pequeño,El niño,dico_phrasis_0000207__es-es__original,FORWARD_ENTAILMENT
dico_phrasis_0000207__es-es__original,dico_phrasis_0000207,es,es,El niño,El niño pequeño,dico_phrasis_0000207__es-es__flipped,BACKWARD_ENTAILMENT
dico_phrasis_0000208__es-es__flipped,dico_phrasis_0000208,es,es,Una niña pequeña,Bebé,dico_phrasis_0000208__es-es__original,FORWARD_ENTAILMENT
dico_phrasis_0000208__es-es__original,dico_phrasis_0000208,es,es,Bebé,Una niña pequeña,dico_phrasis_0000208__es-es__flipped,BACKWARD_ENTAILMENT
dico_phrasis_0000209__es-es__flipped,dico_phrasis_0000209,es,es,un corralito verde y blanco,corralito verde,dico_phrasis_0000209__es-es__original,FORWARD_ENTAILMENT
dico_phrasis_0000209__es-es__original,dico_phrasis_0000209,es,es,corralito verde,un corralito verde y blanco,dico_phrasis_0000209__es-es__flipped,BACKWARD_ENTAILMENT
dico_phrasis_0000210__es-es__flipped,dico_phrasis_0000210,es,es,con un colador de metal,con un colador,dico_phrasis_0000210__es-es__original,FORWARD_ENTAILMENT
dico_phrasis_0000210__es-es__original,dico_phrasis_0000210,es,es,con un colador,con un colador de metal,dico_phrasis_0000210__es-es__flipped,BACKWARD_ENTAILMENT
dico_phrasis_0000211__es-es__flipped,dico_phrasis_0000211,es,es,de repente se queda dormido,está durmiendo,dico_phrasis_0000211__es-es__original,FORWARD_ENTAILMENT
dico_phrasis_0000211__es-es__original,dico_phrasis_0000211,es,es,está durmiendo,de repente se queda dormido,dico_phrasis_0000211__es-es__flipped,BACKWARD_ENTAILMENT
dico_phrasis_0000212__es-es__flipped,dico_phrasis_0000212,es,es,Dos perros grises,Dos perros,dico_phrasis_0000212__es-es__original,FORWARD_ENTAILMENT
dico_phrasis_0000212__es-es__original,dico_phrasis_0000212,es,es,Dos perros,Dos perros grises,dico_phrasis_0000212__es-es__flipped,BACKWARD_ENTAILMENT
dico_phrasis_0000213__es-es__flipped,dico_phrasis_0000213,es,es,Dos perros color canela,Dos perros,dico_phrasis_0000213__es-es__original,FORWARD_ENTAILMENT
dico_phrasis_0000213__es-es__original,dico_phrasis_0000213,es,es,Dos perros,Dos perros color canela,dico_phrasis_0000213__es-es__flipped,BACKWARD_ENTAILMENT
dico_phrasis_0000214__es-es__flipped,dico_phrasis_0000214,es,es,un snowboardista alto,Una persona,dico_phrasis_0000214__es-es__original,FORWARD_ENTAILMENT
dico_phrasis_0000214__es-es__original,dico_phrasis_0000214,es,es,Una persona,un snowboardista alto,dico_phrasis_0000214__es-es__flipped,BACKWARD_ENTAILMENT
dico_phrasis_0000215__es-es__flipped,dico_phrasis_0000215,es,es,Un perro blanco,Un perro,dico_phrasis_0000215__es-es__original,FORWARD_ENTAILMENT
dico_phrasis_0000215__es-es__original,dico_phrasis_0000215,es,es,Un perro,Un perro blanco,dico_phrasis_0000215__es-es__flipped,BACKWARD_ENTAILMENT
dico_phrasis_0000216__es-es__flipped,dico_phrasis_0000216,es,es,Un niño pequeño,Un niño,dico_phrasis_0000216__es-es__original,FORWARD_ENTAILMENT
dico_phrasis_0000216__es-es__original,dico_phrasis_0000216,es,es,Un niño,Un niño pequeño,dico_phrasis_0000216__es-es__flipped,BACKWARD_ENTAILMENT
dico_phrasis_0000217__es-es__flipped,dico_phrasis_0000217,es,es,Mujeres,Una mujer,dico_phrasis_0000217__es-es__original,FORWARD_ENTAILMENT
dico_phrasis_0000217__es-es__original,dico_phrasis_0000217,es,es,Una mujer,Mujeres,dico_phrasis_0000217__es-es__flipped,BACKWARD_ENTAILMENT
dico_phrasis_0000218__es-es__flipped,dico_phrasis_0000218,es,es,a través de la hierba,sobre la hierba,dico_phrasis_0000218__es-es__original,FORWARD_ENTAILMENT
dico_phrasis_0000218__es-es__original,dico_phrasis_0000218,es,es,sobre la hierba,a través de la hierba,dico_phrasis_0000218__es-es__flipped,BACKWARD_ENTAILMENT
dico_phrasis_0000220__es-es__flipped,dico_phrasis_0000220,es,es,una pelota naranja,una pelota,dico_phrasis_0000220__es-es__original,FORWARD_ENTAILMENT
dico_phrasis_0000220__es-es__original,dico_phrasis_0000220,es,es,una pelota,una pelota naranja,dico_phrasis_0000220__es-es__flipped,BACKWARD_ENTAILMENT
dico_phrasis_0000222__es-es__flipped,dico_phrasis_0000222,es,es,Un perro marrón,un perro,dico_phrasis_0000222__es-es__original,FORWARD_ENTAILMENT
dico_phrasis_0000222__es-es__original,dico_phrasis_0000222,es,es,un perro,Un perro marrón,dico_phrasis_0000222__es-es__flipped,BACKWARD_ENTAILMENT
dico_phrasis_0000227__es-es__flipped,dico_phrasis_0000227,es,es,a través del océano,a través del agua,dico_phrasis_0000227__es-es__original,FORWARD_ENTAILMENT
dico_phrasis_0000227__es-es__original,dico_phrasis_0000227,es,es,a través del agua,a través del océano,dico_phrasis_0000227__es-es__flipped,BACKWARD_ENTAILMENT
dico_phrasis_0000228__es-es__flipped,dico_phrasis_0000228,es,es,mujeres saudíes,mujeres,dico_phrasis_0000228__es-es__original,FORWARD_ENTAILMENT
dico_phrasis_0000228__es-es__original,dico_phrasis_0000228,es,es,mujeres,mujeres saudíes,dico_phrasis_0000228__es-es__flipped,BACKWARD_ENTAILMENT
dico_phrasis_0000229__es-es__flipped,dico_phrasis_0000229,es,es,mediodía del viernes,viernes,dico_phrasis_0000229__es-es__original,FORWARD_ENTAILMENT
dico_phrasis_0000229__es-es__original,dico_phrasis_0000229,es,es,viernes,mediodía del viernes,dico_phrasis_0000229__es-es__flipped,BACKWARD_ENTAILMENT
dico_phrasis_0000230__es-es__flipped,dico_phrasis_0000230,es,es,en aviones 787 Dreamliner,Boeing 787 Dreamliner,dico_phrasis_0000230__es-es__original,FORWARD_ENTAILMENT
dico_phrasis_0000230__es-es__original,dico_phrasis_0000230,es,es,Boeing 787 Dreamliner,en aviones 787 Dreamliner,dico_phrasis_0000230__es-es__flipped,BACKWARD_ENTAILMENT
dico_phrasis_0000231__es-es__flipped,dico_phrasis_0000231,es,es,acciones de Boeing,acciones,dico_phrasis_0000231__es-es__original,FORWARD_ENTAILMENT
dico_phrasis_0000231__es-es__original,dico_phrasis_0000231,es,es,acciones,acciones de Boeing,dico_phrasis_0000231__es-es__flipped,BACKWARD_ENTAILMENT
dico_phrasis_0000233__es-es__flipped,dico_phrasis_0000233,es,es,con Corea del Sur,con el Sur,dico_phrasis_0000233__es-es__original,FORWARD_ENTAILMENT
dico_phrasis_0000233__es-es__original,dico_phrasis_0000233,es,es,con el Sur,con Corea del Sur,dico_phrasis_0000233__es-es__flipped,BACKWARD_ENTAILMENT
dico_phrasis_0000234__es-es__flipped,dico_phrasis_0000234,es,es,por el escándalo de la carne de caballo,escándalo de la carne de caballo,dico_phrasis_0000234__es-es__original,FORWARD_ENTAILMENT
dico_phrasis_0000234__es-es__original,dico_phrasis_0000234,es,es,escándalo de la carne de caballo,por el escándalo de la carne de caballo,dico_phrasis_0000234__es-es__flipped,BACKWARD_ENTAILMENT
dico_phrasis_0000235__es-es__flipped,dico_phrasis_0000235,es,es,nuevo ataque aéreo,ataque aéreo,dico_phrasis_0000235__es-es__original,FORWARD_ENTAILMENT
dico_phrasis_0000235__es-es__original,dico_phrasis_0000235,es,es,ataque aéreo,nuevo ataque aéreo,dico_phrasis_0000235__es-es__flipped,BACKWARD_ENTAILMENT
dico_phrasis_0000236__es-es__flipped,dico_phrasis_0000236,es,es,Cientos de muertos y/o heridos,Alrededor de 100 muertos o heridos,dico_phrasis_0000236__es-es__original,FORWARD_ENTAILMENT
dico_phrasis_0000236__es-es__original,dico_phrasis_0000236,es,es,Alrededor de 100 muertos o heridos,Cientos de muertos y/o heridos,dico_phrasis_0000236__es-es__flipped,BACKWARD_ENTAILMENT
dico_phrasis_0000237__es-es__flipped,dico_phrasis_0000237,es,es,vuelco de barco en Indonesia,hundimiento de barco en Indonesia,dico_phrasis_0000237__es-es__original,FORWARD_ENTAILMENT
dico_phrasis_0000237__es-es__original,dico_phrasis_0000237,es,es,hundimiento de barco en Indonesia,vuelco de barco en Indonesia,dico_phrasis_0000237__es-es__flipped,BACKWARD_ENTAILMENT
dico_phrasis_0000238__es-es__flipped,dico_phrasis_0000238,es,es,«prohibición» en una escuela mixta,prohibición en escuelas mixtas,dico_phrasis_0000238__es-es__original,FORWARD_ENTAILMENT
dico_phrasis_0000238__es-es__original,dico_phrasis_0000238,es,es,prohibición en escuelas mixtas,«prohibición» en una escuela mixta,dico_phrasis_0000238__es-es__flipped,BACKWARD_ENTAILMENT
dico_phrasis_0000239__es-es__flipped,dico_phrasis_0000239,es,es,sobre los gais,gais,dico_phrasis_0000239__es-es__original,FORWARD_ENTAILMENT
dico_phrasis_0000239__es-es__original,dico_phrasis_0000239,es,es,gais,sobre los gais,dico_phrasis_0000239__es-es__flipped,BACKWARD_ENTAILMENT
dico_phrasis_0000242__es-es__flipped,dico_phrasis_0000242,es,es,controvertida tercera prueba nuclear de Corea del Norte,prueba nuclear de Corea del Norte,dico_phrasis_0000242__es-es__original,FORWARD_ENTAILMENT
dico_phrasis_0000242__es-es__original,dico_phrasis_0000242,es,es,prueba nuclear de Corea del Norte,controvertida tercera prueba nuclear de Corea del Norte,dico_phrasis_0000242__es-es__flipped,BACKWARD_ENTAILMENT
dico_phrasis_0000243__es-es__flipped,dico_phrasis_0000243,es,es,billetes de naira de polímero,billetes de polímero,dico_phrasis_0000243__es-es__original,FORWARD_ENTAILMENT
dico_phrasis_0000243__es-es__original,dico_phrasis_0000243,es,es,billetes de polímero,billetes de naira de polímero,dico_phrasis_0000243__es-es__flipped,BACKWARD_ENTAILMENT
dico_phrasis_0000244__es-es__flipped,dico_phrasis_0000244,es,es,en Obama,Obama,dico_phrasis_0000244__es-es__original,FORWARD_ENTAILMENT
dico_phrasis_0000244__es-es__original,dico_phrasis_0000244,es,es,Obama,en Obama,dico_phrasis_0000244__es-es__flipped,BACKWARD_ENTAILMENT
dico_phrasis_0000245__es-es__flipped,dico_phrasis_0000245,es,es,Panda rojo desaparecido,Panda rojo,dico_phrasis_0000245__es-es__original,FORWARD_ENTAILMENT
dico_phrasis_0000245__es-es__original,dico_phrasis_0000245,es,es,Panda rojo,Panda rojo desaparecido,dico_phrasis_0000245__es-es__flipped,BACKWARD_ENTAILMENT
dico_phrasis_0000247__es-es__flipped,dico_phrasis_0000247,es,es,a los manifestantes,protestas,dico_phrasis_0000247__es-es__original,FORWARD_ENTAILMENT
dico_phrasis_0000247__es-es__original,dico_phrasis_0000247,es,es,protestas,a los manifestantes,dico_phrasis_0000247__es-es__flipped,BACKWARD_ENTAILMENT
dico_phrasis_0000248__es-es__flipped,dico_phrasis_0000248,es,es,En el 50.º aniversario,50.º aniversario,dico_phrasis_0000248__es-es__original,FORWARD_ENTAILMENT
dico_phrasis_0000248__es-es__original,dico_phrasis_0000248,es,es,50.º aniversario,En el 50.º aniversario,dico_phrasis_0000248__es-es__flipped,BACKWARD_ENTAILMENT
dico_phrasis_0000251__es-es__flipped,dico_phrasis_0000251,es,es,grandes esperanzas,esperanzas,dico_phrasis_0000251__es-es__original,FORWARD_ENTAILMENT
dico_phrasis_0000251__es-es__original,dico_phrasis_0000251,es,es,esperanzas,grandes esperanzas,dico_phrasis_0000251__es-es__flipped,BACKWARD_ENTAILMENT
dico_phrasis_0000252__es-es__flipped,dico_phrasis_0000252,es,es,Algunos funcionarios del condado,Condado de NM,dico_phrasis_0000252__es-es__original,FORWARD_ENTAILMENT
dico_phrasis_0000252__es-es__original,dico_phrasis_0000252,es,es,Condado de NM,Algunos funcionarios del condado,dico_phrasis_0000252__es-es__flipped,BACKWARD_ENTAILMENT
dico_phrasis_0000253__es-es__flipped,dico_phrasis_0000253,es,es,policía de Mumbai,policía de la India,dico_phrasis_0000253__es-es__original,FORWARD_ENTAILMENT
dico_phrasis_0000253__es-es__original,dico_phrasis_0000253,es,es,policía de la India,policía de Mumbai,dico_phrasis_0000253__es-es__flipped,BACKWARD_ENTAILMENT
dico_phrasis_0000254__es-es__flipped,dico_phrasis_0000254,es,es,sobre Siria,Siria,dico_phrasis_0000254__es-es__original,FORWARD_ENTAILMENT
dico_phrasis_0000254__es-es__original,dico_phrasis_0000254,es,es,Siria,sobre Siria,dico_phrasis_0000254__es-es__flipped,BACKWARD_ENTAILMENT
dico_phrasis_0000256__es-es__flipped,dico_phrasis_0000256,es,es,decisiones finales importantes en la elaboración del proyecto de ley de inmigración,decisiones finales importantes sobre inmigración,dico_phrasis_0000256__es-es__original,FORWARD_ENTAILMENT
dico_phrasis_0000256__es-es__original,dico_phrasis_0000256,es,es,decisiones finales importantes sobre inmigración,decisiones finales importantes en la elaboración del proyecto de ley de inmigración,dico_phrasis_0000256__es-es__flipped,BACKWARD_ENTAILMENT
dico_phrasis_0000257__es-es__flipped,dico_phrasis_0000257,es,es,Comité Judicial del Senado,Comité,dico_phrasis_0000257__es-es__original,FORWARD_ENTAILMENT
dico_phrasis_0000257__es-es__original,dico_phrasis_0000257,es,es,Comité,Comité Judicial del Senado,dico_phrasis_0000257__es-es__flipped,BACKWARD_ENTAILMENT
dico_phrasis_0000258__es-es__flipped,dico_phrasis_0000258,es,es,El jefe de la ONU presiona,La ONU presiona,dico_phrasis_0000258__es-es__original,FORWARD_ENTAILMENT
dico_phrasis_0000258__es-es__original,dico_phrasis_0000258,es,es,La ONU presiona,El jefe de la ONU presiona,dico_phrasis_0000258__es-es__flipped,BACKWARD_ENTAILMENT
dico_phrasis_0000260__es-es__flipped,dico_phrasis_0000260,es,es,fuga de prisión de los talibanes,fuga de prisión en Pakistán,dico_phrasis_0000260__es-es__original,FORWARD_ENTAILMENT
dico_phrasis_0000260__es-es__original,dico_phrasis_0000260,es,es,fuga de prisión en Pakistán,fuga de prisión de los talibanes,dico_phrasis_0000260__es-es__flipped,BACKWARD_ENTAILMENT
dico_phrasis_0000261__es-es__flipped,dico_phrasis_0000261,es,es,atentados con bomba,bomba,dico_phrasis_0000261__es-es__original,FORWARD_ENTAILMENT
dico_phrasis_0000261__es-es__original,dico_phrasis_0000261,es,es,bomba,atentados con bomba,dico_phrasis_0000261__es-es__flipped,BACKWARD_ENTAILMENT
dico_phrasis_0000265__es-es__flipped,dico_phrasis_0000265,es,es,todas las potencias mundiales,seis potencias globales,dico_phrasis_0000265__es-es__original,FORWARD_ENTAILMENT
dico_phrasis_0000265__es-es__original,dico_phrasis_0000265,es,es,seis potencias globales,todas las potencias mundiales,dico_phrasis_0000265__es-es__flipped,BACKWARD_ENTAILMENT
dico_phrasis_0000266__es-es__flipped,dico_phrasis_0000266,es,es,baterías de misiles Patriot,batería de misiles Patriot,dico_phrasis_0000266__es-es__original,FORWARD_ENTAILMENT
dico_phrasis_0000266__es-es__original,dico_phrasis_0000266,es,es,batería de misiles Patriot,baterías de misiles Patriot,dico_phrasis_0000266__es-es__flipped,BACKWARD_ENTAILMENT
dico_phrasis_0000267__es-es__flipped,dico_phrasis_0000267,es,es,6 muertos,Un muerto,dico_phrasis_0000267__es-es__original,FORWARD_ENTAILMENT
dico_phrasis_0000267__es-es__original,dico_phrasis_0000267,es,es,Un muerto,6 muertos,dico_phrasis_0000267__es-es__flipped,BACKWARD_ENTAILMENT
dico_phrasis_0000269__es-es__flipped,dico_phrasis_0000269,es,es,credibilidad mundial,credibilidad,dico_phrasis_0000269__es-es__original,FORWARD_ENTAILMENT
dico_phrasis_0000269__es-es__original,dico_phrasis_0000269,es,es,credibilidad,credibilidad mundial,dico_phrasis_0000269__es-es__flipped,BACKWARD_ENTAILMENT
dico_phrasis_0000270__es-es__flipped,dico_phrasis_0000270,es,es,Atacantes suicidas,Atacante suicida,dico_phrasis_0000270__es-es__original,FORWARD_ENTAILMENT
dico_phrasis_0000270__es-es__original,dico_phrasis_0000270,es,es,Atacante suicida,Atacantes suicidas,dico_phrasis_0000270__es-es__flipped,BACKWARD_ENTAILMENT
dico_phrasis_0000272__es-es__flipped,dico_phrasis_0000272,es,es,como partidarios de Morsi,Cuatro partidarios de Morsi,dico_phrasis_0000272__es-es__original,FORWARD_ENTAILMENT
dico_phrasis_0000272__es-es__original,dico_phrasis_0000272,es,es,Cuatro partidarios de Morsi,como partidarios de Morsi,dico_phrasis_0000272__es-es__flipped,BACKWARD_ENTAILMENT
dico_phrasis_0000273__es-es__flipped,dico_phrasis_0000273,es,es,5 practicantes de snowboard,5 personas,dico_phrasis_0000273__es-es__original,FORWARD_ENTAILMENT
dico_phrasis_0000273__es-es__original,dico_phrasis_0000273,es,es,5 personas,5 practicantes de snowboard,dico_phrasis_0000273__es-es__flipped,BACKWARD_ENTAILMENT
dico_phrasis_0000274__es-es__flipped,dico_phrasis_0000274,es,es,presidente afgano,legislador afgano,dico_phrasis_0000274__es-es__original,FORWARD_ENTAILMENT
dico_phrasis_0000274__es-es__original,dico_phrasis_0000274,es,es,legislador afgano,presidente afgano,dico_phrasis_0000274__es-es__flipped,BACKWARD_ENTAILMENT
dico_phrasis_0000276__es-es__flipped,dico_phrasis_0000276,es,es,Píldora anticonceptiva,Control de la natalidad,dico_phrasis_0000276__es-es__original,FORWARD_ENTAILMENT
dico_phrasis_0000276__es-es__original,dico_phrasis_0000276,es,es,Control de la natalidad,Píldora anticonceptiva,dico_phrasis_0000276__es-es__flipped,BACKWARD_ENTAILMENT
dico_phrasis_0000278__es-es__flipped,dico_phrasis_0000278,es,es,en vuelos directos,en vuelos,dico_phrasis_0000278__es-es__original,FORWARD_ENTAILMENT
dico_phrasis_0000278__es-es__original,dico_phrasis_0000278,es,es,en vuelos,en vuelos directos,dico_phrasis_0000278__es-es__flipped,BACKWARD_ENTAILMENT
dico_phrasis_0000280__es-es__flipped,dico_phrasis_0000280,es,es,reuniones familiares marcadas por la guerra,reuniones familiares,dico_phrasis_0000280__es-es__original,FORWARD_ENTAILMENT
dico_phrasis_0000280__es-es__original,dico_phrasis_0000280,es,es,reuniones familiares,reuniones familiares marcadas por la guerra,dico_phrasis_0000280__es-es__flipped,BACKWARD_ENTAILMENT
dico_phrasis_0000282__es-es__flipped,dico_phrasis_0000282,es,es,dron estadounidense,dron,dico_phrasis_0000282__es-es__original,FORWARD_ENTAILMENT
dico_phrasis_0000282__es-es__original,dico_phrasis_0000282,es,es,dron,dron estadounidense,dico_phrasis_0000282__es-es__flipped,BACKWARD_ENTAILMENT
dico_phrasis_0000285__es-es__flipped,dico_phrasis_0000285,es,es,1.800 viviendas más para colonos,1500 viviendas para colonos,dico_phrasis_0000285__es-es__original,FORWARD_ENTAILMENT
dico_phrasis_0000285__es-es__original,dico_phrasis_0000285,es,es,1500 viviendas para colonos,1.800 viviendas más para colonos,dico_phrasis_0000285__es-es__flipped,BACKWARD_ENTAILMENT
dico_phrasis_0000286__es-es__flipped,dico_phrasis_0000286,es,es,Maquinista,Conductor,dico_phrasis_0000286__es-es__original,FORWARD_ENTAILMENT
dico_phrasis_0000286__es-es__original,dico_phrasis_0000286,es,es,Conductor,Maquinista,dico_phrasis_0000286__es-es__flipped,BACKWARD_ENTAILMENT
dico_phrasis_0000287__es-es__flipped,dico_phrasis_0000287,es,es,ataques aéreos,ataque aéreo,dico_phrasis_0000287__es-es__original,FORWARD_ENTAILMENT
dico_phrasis_0000287__es-es__original,dico_phrasis_0000287,es,es,ataque aéreo,ataques aéreos,dico_phrasis_0000287__es-es__flipped,BACKWARD_ENTAILMENT
dico_phrasis_0000289__es-es__flipped,dico_phrasis_0000289,es,es,Más de 70 muertos,Hasta 50 muertos,dico_phrasis_0000289__es-es__original,FORWARD_ENTAILMENT
dico_phrasis_0000289__es-es__original,dico_phrasis_0000289,es,es,Hasta 50 muertos,Más de 70 muertos,dico_phrasis_0000289__es-es__flipped,BACKWARD_ENTAILMENT
dico_phrasis_0000291__es-es__flipped,dico_phrasis_0000291,es,es,25 cadáveres más,25 cadáveres,dico_phrasis_0000291__es-es__original,FORWARD_ENTAILMENT
dico_phrasis_0000291__es-es__original,dico_phrasis_0000291,es,es,25 cadáveres,25 cadáveres más,dico_phrasis_0000291__es-es__flipped,BACKWARD_ENTAILMENT
dico_phrasis_0000292__es-es__flipped,dico_phrasis_0000292,es,es,viviendas para cada nuevo colono,900 viviendas en asentamientos,dico_phrasis_0000292__es-es__original,FORWARD_ENTAILMENT
dico_phrasis_0000292__es-es__original,dico_phrasis_0000292,es,es,900 viviendas en asentamientos,viviendas para cada nuevo colono,dico_phrasis_0000292__es-es__flipped,BACKWARD_ENTAILMENT
dico_phrasis_0000293__es-es__flipped,dico_phrasis_0000293,es,es,en el National Mall de Washington,en el National Mall,dico_phrasis_0000293__es-es__original,FORWARD_ENTAILMENT
dico_phrasis_0000293__es-es__original,dico_phrasis_0000293,es,es,en el National Mall,en el National Mall de Washington,dico_phrasis_0000293__es-es__flipped,BACKWARD_ENTAILMENT
dico_phrasis_0000296__es-es__flipped,dico_phrasis_0000296,es,es,El exgobernador de Virginia Bob McDonnell y su esposa,El exgobernador de Virginia Bob McDonnell,dico_phrasis_0000296__es-es__original,FORWARD_ENTAILMENT
dico_phrasis_0000296__es-es__original,dico_phrasis_0000296,es,es,El exgobernador de Virginia Bob McDonnell,El exgobernador de Virginia Bob McDonnell y su esposa,dico_phrasis_0000296__es-es__flipped,BACKWARD_ENTAILMENT
dico_phrasis_0000297__es-es__flipped,dico_phrasis_0000297,es,es,"Tornados, tormentas dañinas",Tornados,dico_phrasis_0000297__es-es__original,FORWARD_ENTAILMENT
dico_phrasis_0000297__es-es__original,dico_phrasis_0000297,es,es,Tornados,"Tornados, tormentas dañinas",dico_phrasis_0000297__es-es__flipped,BACKWARD_ENTAILMENT
dico_phrasis_0000298__es-es__flipped,dico_phrasis_0000298,es,es,acusaciones «infundadas» de hackeo estadounidense,afirmaciones de hackeo estadounidense,dico_phrasis_0000298__es-es__original,FORWARD_ENTAILMENT
dico_phrasis_0000298__es-es__original,dico_phrasis_0000298,es,es,afirmaciones de hackeo estadounidense,acusaciones «infundadas» de hackeo estadounidense,dico_phrasis_0000298__es-es__flipped,BACKWARD_ENTAILMENT
dico_phrasis_0000300__es-es__flipped,dico_phrasis_0000300,es,es,Senado de Estados Unidos,Senado,dico_phrasis_0000300__es-es__original,FORWARD_ENTAILMENT
dico_phrasis_0000300__es-es__original,dico_phrasis_0000300,es,es,Senado,Senado de Estados Unidos,dico_phrasis_0000300__es-es__flipped,BACKWARD_ENTAILMENT
dico_phrasis_0000301__es-es__flipped,dico_phrasis_0000301,es,es,como próximo presidente de la Fed,como jefe de la Fed,dico_phrasis_0000301__es-es__original,FORWARD_ENTAILMENT
dico_phrasis_0000301__es-es__original,dico_phrasis_0000301,es,es,como jefe de la Fed,como próximo presidente de la Fed,dico_phrasis_0000301__es-es__flipped,BACKWARD_ENTAILMENT
dico_phrasis_0000302__es-es__flipped,dico_phrasis_0000302,es,es,en un cementerio de Virginia,en Virginia,dico_phrasis_0000302__es-es__original,FORWARD_ENTAILMENT
dico_phrasis_0000302__es-es__original,dico_phrasis_0000302,es,es,en Virginia,en un cementerio de Virginia,dico_phrasis_0000302__es-es__flipped,BACKWARD_ENTAILMENT
dico_phrasis_0000304__es-es__flipped,dico_phrasis_0000304,es,es,en enfrentamientos en Egipto,en enfrentamientos,dico_phrasis_0000304__es-es__original,FORWARD_ENTAILMENT
dico_phrasis_0000304__es-es__original,dico_phrasis_0000304,es,es,en enfrentamientos,en enfrentamientos en Egipto,dico_phrasis_0000304__es-es__flipped,BACKWARD_ENTAILMENT
dico_phrasis_0000305__es-es__flipped,dico_phrasis_0000305,es,es,en el campamento Ashraf de Irak,en un campamento de Irak,dico_phrasis_0000305__es-es__original,FORWARD_ENTAILMENT
dico_phrasis_0000305__es-es__original,dico_phrasis_0000305,es,es,en un campamento de Irak,en el campamento Ashraf de Irak,dico_phrasis_0000305__es-es__flipped,BACKWARD_ENTAILMENT
dico_phrasis_0000307__es-es__flipped,dico_phrasis_0000307,es,es,Número de muertos por la tormenta,Número de muertos,dico_phrasis_0000307__es-es__original,FORWARD_ENTAILMENT
dico_phrasis_0000307__es-es__original,dico_phrasis_0000307,es,es,Número de muertos,Número de muertos por la tormenta,dico_phrasis_0000307__es-es__flipped,BACKWARD_ENTAILMENT
dico_phrasis_0000310__es-es__flipped,dico_phrasis_0000310,es,es,Cámara de Representantes de EE. UU.,EE. UU.,dico_phrasis_0000310__es-es__original,FORWARD_ENTAILMENT
dico_phrasis_0000310__es-es__original,dico_phrasis_0000310,es,es,EE. UU.,Cámara de Representantes de EE. UU.,dico_phrasis_0000310__es-es__flipped,BACKWARD_ENTAILMENT
dico_phrasis_0000311__es-es__flipped,dico_phrasis_0000311,es,es,el arsenal de armas químicas de Siria,las armas químicas de Siria,dico_phrasis_0000311__es-es__original,FORWARD_ENTAILMENT
dico_phrasis_0000311__es-es__original,dico_phrasis_0000311,es,es,las armas químicas de Siria,el arsenal de armas químicas de Siria,dico_phrasis_0000311__es-es__flipped,BACKWARD_ENTAILMENT
dico_phrasis_0000314__es-es__flipped,dico_phrasis_0000314,es,es,siete acusaciones de intento de asesinato,acusación de asesinato,dico_phrasis_0000314__es-es__original,FORWARD_ENTAILMENT
dico_phrasis_0000314__es-es__original,dico_phrasis_0000314,es,es,acusación de asesinato,siete acusaciones de intento de asesinato,dico_phrasis_0000314__es-es__flipped,BACKWARD_ENTAILMENT
dico_phrasis_0000315__es-es__flipped,dico_phrasis_0000315,es,es,exgobernador de Nuevo México Richardson,presidente,dico_phrasis_0000315__es-es__original,FORWARD_ENTAILMENT
dico_phrasis_0000315__es-es__original,dico_phrasis_0000315,es,es,presidente,exgobernador de Nuevo México Richardson,dico_phrasis_0000315__es-es__flipped,BACKWARD_ENTAILMENT
dico_phrasis_0000316__es-es__flipped,dico_phrasis_0000316,es,es,matar a 89,11 muertos,dico_phrasis_0000316__es-es__original,FORWARD_ENTAILMENT
dico_phrasis_0000316__es-es__original,dico_phrasis_0000316,es,es,11 muertos,matar a 89,dico_phrasis_0000316__es-es__flipped,BACKWARD_ENTAILMENT
dico_phrasis_0000317__es-es__flipped,dico_phrasis_0000317,es,es,al menos 15,15,dico_phrasis_0000317__es-es__original,FORWARD_ENTAILMENT
dico_phrasis_0000317__es-es__original,dico_phrasis_0000317,es,es,15,al menos 15,dico_phrasis_0000317__es-es__flipped,BACKWARD_ENTAILMENT
dico_phrasis_0000318__es-es__flipped,dico_phrasis_0000318,es,es,entre 5 muertos,Cinco muertos,dico_phrasis_0000318__es-es__original,FORWARD_ENTAILMENT
dico_phrasis_0000318__es-es__original,dico_phrasis_0000318,es,es,Cinco muertos,entre 5 muertos,dico_phrasis_0000318__es-es__flipped,BACKWARD_ENTAILMENT
dico_phrasis_0000319__es-es__flipped,dico_phrasis_0000319,es,es,ataques aéreos israelíes,aviones israelíes,dico_phrasis_0000319__es-es__original,FORWARD_ENTAILMENT
dico_phrasis_0000319__es-es__original,dico_phrasis_0000319,es,es,aviones israelíes,ataques aéreos israelíes,dico_phrasis_0000319__es-es__flipped,BACKWARD_ENTAILMENT
dico_phrasis_0000320__es-es__flipped,dico_phrasis_0000320,es,es,11 escaladores extranjeros,10 turistas extranjeros,dico_phrasis_0000320__es-es__original,FORWARD_ENTAILMENT
dico_phrasis_0000320__es-es__original,dico_phrasis_0000320,es,es,10 turistas extranjeros,11 escaladores extranjeros,dico_phrasis_0000320__es-es__flipped,BACKWARD_ENTAILMENT
dico_phrasis_0000321__es-es__flipped,dico_phrasis_0000321,es,es,en la ciudad rusa de Kazán,en Rusia,dico_phrasis_0000321__es-es__original,FORWARD_ENTAILMENT
dico_phrasis_0000321__es-es__original,dico_phrasis_0000321,es,es,en Rusia,en la ciudad rusa de Kazán,dico_phrasis_0000321__es-es__flipped,BACKWARD_ENTAILMENT
dico_phrasis_0000322__es-es__flipped,dico_phrasis_0000322,es,es,llamado de Morsi al diálogo,llamado del presidente al diálogo,dico_phrasis_0000322__es-es__original,FORWARD_ENTAILMENT
dico_phrasis_0000322__es-es__original,dico_phrasis_0000322,es,es,llamado del presidente al diálogo,llamado de Morsi al diálogo,dico_phrasis_0000322__es-es__flipped,BACKWARD_ENTAILMENT
dico_phrasis_0000323__es-es__flipped,dico_phrasis_0000323,es,es,Capilla Sixtina,Vaticano,dico_phrasis_0000323__es-es__original,FORWARD_ENTAILMENT
dico_phrasis_0000323__es-es__original,dico_phrasis_0000323,es,es,Vaticano,Capilla Sixtina,dico_phrasis_0000323__es-es__flipped,BACKWARD_ENTAILMENT
dico_phrasis_0000324__es-es__flipped,dico_phrasis_0000324,es,es,suroeste de Pakistán,Pakistán,dico_phrasis_0000324__es-es__original,FORWARD_ENTAILMENT
dico_phrasis_0000324__es-es__original,dico_phrasis_0000324,es,es,Pakistán,suroeste de Pakistán,dico_phrasis_0000324__es-es__flipped,BACKWARD_ENTAILMENT
dico_phrasis_0000325__es-es__flipped,dico_phrasis_0000325,es,es,actividades de la Hermandad Musulmana,Hermandad Musulmana,dico_phrasis_0000325__es-es__original,FORWARD_ENTAILMENT
dico_phrasis_0000325__es-es__original,dico_phrasis_0000325,es,es,Hermandad Musulmana,actividades de la Hermandad Musulmana,dico_phrasis_0000325__es-es__flipped,BACKWARD_ENTAILMENT
dico_phrasis_0000327__es-es__flipped,dico_phrasis_0000327,es,es,por violación en grupo,por violación,dico_phrasis_0000327__es-es__original,FORWARD_ENTAILMENT
dico_phrasis_0000327__es-es__original,dico_phrasis_0000327,es,es,por violación,por violación en grupo,dico_phrasis_0000327__es-es__flipped,BACKWARD_ENTAILMENT
dico_phrasis_0000332__es-es__flipped,dico_phrasis_0000332,es,es,a los manifestantes,manifestantes,dico_phrasis_0000332__es-es__original,FORWARD_ENTAILMENT
dico_phrasis_0000332__es-es__original,dico_phrasis_0000332,es,es,manifestantes,a los manifestantes,dico_phrasis_0000332__es-es__flipped,BACKWARD_ENTAILMENT
dico_phrasis_0000333__es-es__flipped,dico_phrasis_0000333,es,es,en los Juegos Olímpicos de Tokio 2020,Juegos Olímpicos de Tokio 2020,dico_phrasis_0000333__es-es__original,FORWARD_ENTAILMENT
dico_phrasis_0000333__es-es__original,dico_phrasis_0000333,es,es,Juegos Olímpicos de Tokio 2020,en los Juegos Olímpicos de Tokio 2020,dico_phrasis_0000333__es-es__flipped,BACKWARD_ENTAILMENT
dico_phrasis_0000334__es-es__flipped,dico_phrasis_0000334,es,es,después de la policía,policía,dico_phrasis_0000334__es-es__original,FORWARD_ENTAILMENT
dico_phrasis_0000334__es-es__original,dico_phrasis_0000334,es,es,policía,después de la policía,dico_phrasis_0000334__es-es__flipped,BACKWARD_ENTAILMENT
dico_phrasis_0000335__es-es__flipped,dico_phrasis_0000335,es,es,con un hombre armado,hombre armado,dico_phrasis_0000335__es-es__original,FORWARD_ENTAILMENT
dico_phrasis_0000335__es-es__original,dico_phrasis_0000335,es,es,hombre armado,con un hombre armado,dico_phrasis_0000335__es-es__flipped,BACKWARD_ENTAILMENT
dico_phrasis_0000336__es-es__flipped,dico_phrasis_0000336,es,es,en nuevos ataques,en ataques,dico_phrasis_0000336__es-es__original,FORWARD_ENTAILMENT
dico_phrasis_0000336__es-es__original,dico_phrasis_0000336,es,es,en ataques,en nuevos ataques,dico_phrasis_0000336__es-es__flipped,BACKWARD_ENTAILMENT
dico_phrasis_0000337__es-es__flipped,dico_phrasis_0000337,es,es,en el norte de Pakistán,pakistaní,dico_phrasis_0000337__es-es__original,FORWARD_ENTAILMENT
dico_phrasis_0000337__es-es__original,dico_phrasis_0000337,es,es,pakistaní,en el norte de Pakistán,dico_phrasis_0000337__es-es__flipped,BACKWARD_ENTAILMENT
dico_phrasis_0000341__es-es__flipped,dico_phrasis_0000341,es,es,conversaciones sobre Siria,conversaciones,dico_phrasis_0000341__es-es__original,FORWARD_ENTAILMENT
dico_phrasis_0000341__es-es__original,dico_phrasis_0000341,es,es,conversaciones,conversaciones sobre Siria,dico_phrasis_0000341__es-es__flipped,BACKWARD_ENTAILMENT
dico_phrasis_0000343__es-es__flipped,dico_phrasis_0000343,es,es,misiles de corto alcance,Misiles,dico_phrasis_0000343__es-es__original,FORWARD_ENTAILMENT
dico_phrasis_0000343__es-es__original,dico_phrasis_0000343,es,es,Misiles,misiles de corto alcance,dico_phrasis_0000343__es-es__flipped,BACKWARD_ENTAILMENT
dico_phrasis_0000344__es-es__flipped,dico_phrasis_0000344,es,es,a acuerdos sobre el techo de la deuda de EE. UU.,en negociaciones sobre el techo de la deuda,dico_phrasis_0000344__es-es__original,FORWARD_ENTAILMENT
dico_phrasis_0000344__es-es__original,dico_phrasis_0000344,es,es,en negociaciones sobre el techo de la deuda,a acuerdos sobre el techo de la deuda de EE. UU.,dico_phrasis_0000344__es-es__flipped,BACKWARD_ENTAILMENT
dico_phrasis_0000346__es-es__flipped,dico_phrasis_0000346,es,es,Obama,Gobierno de EE. UU.,dico_phrasis_0000346__es-es__original,FORWARD_ENTAILMENT
dico_phrasis_0000346__es-es__original,dico_phrasis_0000346,es,es,Gobierno de EE. UU.,Obama,dico_phrasis_0000346__es-es__flipped,BACKWARD_ENTAILMENT
dico_phrasis_0000347__es-es__flipped,dico_phrasis_0000347,es,es,de Mubarak,Mubarak,dico_phrasis_0000347__es-es__original,FORWARD_ENTAILMENT
dico_phrasis_0000347__es-es__original,dico_phrasis_0000347,es,es,Mubarak,de Mubarak,dico_phrasis_0000347__es-es__flipped,BACKWARD_ENTAILMENT
dico_phrasis_0000348__es-es__flipped,dico_phrasis_0000348,es,es,en una prisión de Perú,en prisión,dico_phrasis_0000348__es-es__original,FORWARD_ENTAILMENT
dico_phrasis_0000348__es-es__original,dico_phrasis_0000348,es,es,en prisión,en una prisión de Perú,dico_phrasis_0000348__es-es__flipped,BACKWARD_ENTAILMENT
dico_phrasis_0000349__es-es__flipped,dico_phrasis_0000349,es,es,a favor del hijo,para el hijo,dico_phrasis_0000349__es-es__original,FORWARD_ENTAILMENT
dico_phrasis_0000349__es-es__original,dico_phrasis_0000349,es,es,para el hijo,a favor del hijo,dico_phrasis_0000349__es-es__flipped,BACKWARD_ENTAILMENT
dico_phrasis_0000351__es-es__flipped,dico_phrasis_0000351,es,es,Todas las tripulaciones de helicópteros de la Fuerza Aérea de EE. UU.,Cuatro miembros de tripulaciones de helicópteros de la Fuerza Aérea de EE. UU.,dico_phrasis_0000351__es-es__original,FORWARD_ENTAILMENT
dico_phrasis_0000351__es-es__original,dico_phrasis_0000351,es,es,Cuatro miembros de tripulaciones de helicópteros de la Fuerza Aérea de EE. UU.,Todas las tripulaciones de helicópteros de la Fuerza Aérea de EE. UU.,dico_phrasis_0000351__es-es__flipped,BACKWARD_ENTAILMENT
dico_phrasis_0000353__es-es__flipped,dico_phrasis_0000353,es,es,en un proyecto de parque eólico de Texas,en un parque eólico de Texas,dico_phrasis_0000353__es-es__original,FORWARD_ENTAILMENT
dico_phrasis_0000353__es-es__original,dico_phrasis_0000353,es,es,en un parque eólico de Texas,en un proyecto de parque eólico de Texas,dico_phrasis_0000353__es-es__flipped,BACKWARD_ENTAILMENT
dico_phrasis_0000354__es-es__flipped,dico_phrasis_0000354,es,es,11 escaladores extranjeros,11 turistas extranjeros,dico_phrasis_0000354__es-es__original,FORWARD_ENTAILMENT
dico_phrasis_0000354__es-es__original,dico_phrasis_0000354,es,es,11 turistas extranjeros,11 escaladores extranjeros,dico_phrasis_0000354__es-es__flipped,BACKWARD_ENTAILMENT
dico_phrasis_0000355__es-es__flipped,dico_phrasis_0000355,es,es,de la aerolínea británica de bajo coste easyJet,de easyJet,dico_phrasis_0000355__es-es__original,FORWARD_ENTAILMENT
dico_phrasis_0000355__es-es__original,dico_phrasis_0000355,es,es,de easyJet,de la aerolínea británica de bajo coste easyJet,dico_phrasis_0000355__es-es__flipped,BACKWARD_ENTAILMENT
dico_phrasis_0000356__es-es__flipped,dico_phrasis_0000356,es,es,líder de la oposición de Túnez,político de la oposición tunecina,dico_phrasis_0000356__es-es__original,FORWARD_ENTAILMENT
dico_phrasis_0000356__es-es__original,dico_phrasis_0000356,es,es,político de la oposición tunecina,líder de la oposición de Túnez,dico_phrasis_0000356__es-es__flipped,BACKWARD_ENTAILMENT
dico_phrasis_0000357__es-es__flipped,dico_phrasis_0000357,es,es,El denunciante de la NSA Edward Snowden,El denunciante Edward Snowden,dico_phrasis_0000357__es-es__original,FORWARD_ENTAILMENT
dico_phrasis_0000357__es-es__original,dico_phrasis_0000357,es,es,El denunciante Edward Snowden,El denunciante de la NSA Edward Snowden,dico_phrasis_0000357__es-es__flipped,BACKWARD_ENTAILMENT
dico_phrasis_0000358__es-es__flipped,dico_phrasis_0000358,es,es,en vuelo,vuela,dico_phrasis_0000358__es-es__original,FORWARD_ENTAILMENT
dico_phrasis_0000358__es-es__original,dico_phrasis_0000358,es,es,vuela,en vuelo,dico_phrasis_0000358__es-es__flipped,BACKWARD_ENTAILMENT
dico_phrasis_0000359__es-es__flipped,dico_phrasis_0000359,es,es,en un ataque afgano,en Afganistán,dico_phrasis_0000359__es-es__original,FORWARD_ENTAILMENT
dico_phrasis_0000359__es-es__original,dico_phrasis_0000359,es,es,en Afganistán,en un ataque afgano,dico_phrasis_0000359__es-es__flipped,BACKWARD_ENTAILMENT
dico_phrasis_0000360__es-es__flipped,dico_phrasis_0000360,es,es,Para The Washington Post,Washington Post,dico_phrasis_0000360__es-es__original,FORWARD_ENTAILMENT
dico_phrasis_0000360__es-es__original,dico_phrasis_0000360,es,es,Washington Post,Para The Washington Post,dico_phrasis_0000360__es-es__flipped,BACKWARD_ENTAILMENT
dico_phrasis_0000361__es-es__flipped,dico_phrasis_0000361,es,es,Purga del tío de Kim,Purga,dico_phrasis_0000361__es-es__original,FORWARD_ENTAILMENT
dico_phrasis_0000361__es-es__original,dico_phrasis_0000361,es,es,Purga,Purga del tío de Kim,dico_phrasis_0000361__es-es__flipped,BACKWARD_ENTAILMENT
dico_phrasis_0000362__es-es__flipped,dico_phrasis_0000362,es,es,ante la amenaza del Gobierno egipcio,en Egipto,dico_phrasis_0000362__es-es__original,FORWARD_ENTAILMENT
dico_phrasis_0000362__es-es__original,dico_phrasis_0000362,es,es,en Egipto,ante la amenaza del Gobierno egipcio,dico_phrasis_0000362__es-es__flipped,BACKWARD_ENTAILMENT
dico_phrasis_0000363__es-es__flipped,dico_phrasis_0000363,es,es,sobre los bancos de Chipre,de bancos,dico_phrasis_0000363__es-es__original,FORWARD_ENTAILMENT
dico_phrasis_0000363__es-es__original,dico_phrasis_0000363,es,es,de bancos,sobre los bancos de Chipre,dico_phrasis_0000363__es-es__flipped,BACKWARD_ENTAILMENT
dico_phrasis_0000364__es-es__flipped,dico_phrasis_0000364,es,es,ataques de drones estadounidenses,drones estadounidenses,dico_phrasis_0000364__es-es__original,FORWARD_ENTAILMENT
dico_phrasis_0000364__es-es__original,dico_phrasis_0000364,es,es,drones estadounidenses,ataques de drones estadounidenses,dico_phrasis_0000364__es-es__flipped,BACKWARD_ENTAILMENT
dico_phrasis_0000365__es-es__flipped,dico_phrasis_0000365,es,es,comerciante deshonesto,comerciante,dico_phrasis_0000365__es-es__original,FORWARD_ENTAILMENT
dico_phrasis_0000365__es-es__original,dico_phrasis_0000365,es,es,comerciante,comerciante deshonesto,dico_phrasis_0000365__es-es__flipped,BACKWARD_ENTAILMENT
dico_phrasis_0000366__es-es__flipped,dico_phrasis_0000366,es,es,del cierre del Gobierno,del cierre,dico_phrasis_0000366__es-es__original,FORWARD_ENTAILMENT
dico_phrasis_0000366__es-es__original,dico_phrasis_0000366,es,es,del cierre,del cierre del Gobierno,dico_phrasis_0000366__es-es__flipped,BACKWARD_ENTAILMENT
dico_phrasis_0000368__es-es__flipped,dico_phrasis_0000368,es,es,efectivos de la OTAN,3 efectivos de la OTAN,dico_phrasis_0000368__es-es__original,FORWARD_ENTAILMENT
dico_phrasis_0000368__es-es__original,dico_phrasis_0000368,es,es,3 efectivos de la OTAN,efectivos de la OTAN,dico_phrasis_0000368__es-es__flipped,BACKWARD_ENTAILMENT
dico_phrasis_0000369__es-es__flipped,dico_phrasis_0000369,es,es,accidente de un Boeing 777 de Asiana Air,como accidente de un avión Boeing 777,dico_phrasis_0000369__es-es__original,FORWARD_ENTAILMENT
dico_phrasis_0000369__es-es__original,dico_phrasis_0000369,es,es,como accidente de un avión Boeing 777,accidente de un Boeing 777 de Asiana Air,dico_phrasis_0000369__es-es__flipped,BACKWARD_ENTAILMENT
dico_phrasis_0000371__es-es__flipped,dico_phrasis_0000371,es,es,en Waziristán del Norte,en el noroeste de Pakistán,dico_phrasis_0000371__es-es__original,FORWARD_ENTAILMENT
dico_phrasis_0000371__es-es__original,dico_phrasis_0000371,es,es,en el noroeste de Pakistán,en Waziristán del Norte,dico_phrasis_0000371__es-es__flipped,BACKWARD_ENTAILMENT
dico_phrasis_0000373__es-es__flipped,dico_phrasis_0000373,es,es,por los últimos planes de acuerdo,por el plan de acuerdo,dico_phrasis_0000373__es-es__original,FORWARD_ENTAILMENT
dico_phrasis_0000373__es-es__original,dico_phrasis_0000373,es,es,por el plan de acuerdo,por los últimos planes de acuerdo,dico_phrasis_0000373__es-es__flipped,BACKWARD_ENTAILMENT
dico_phrasis_0000376__es-es__flipped,dico_phrasis_0000376,es,es,Cinco muertos,Cuatro muertos,dico_phrasis_0000376__es-es__original,FORWARD_ENTAILMENT
dico_phrasis_0000376__es-es__original,dico_phrasis_0000376,es,es,Cuatro muertos,Cinco muertos,dico_phrasis_0000376__es-es__flipped,BACKWARD_ENTAILMENT
dico_phrasis_0000377__es-es__flipped,dico_phrasis_0000377,es,es,cuando un tren choca con un camión de combustible en Indonesia,en un accidente ferroviario en Indonesia,dico_phrasis_0000377__es-es__original,FORWARD_ENTAILMENT
dico_phrasis_0000377__es-es__original,dico_phrasis_0000377,es,es,en un accidente ferroviario en Indonesia,cuando un tren choca con un camión de combustible en Indonesia,dico_phrasis_0000377__es-es__flipped,BACKWARD_ENTAILMENT
dico_phrasis_0000378__es-es__flipped,dico_phrasis_0000378,es,es,corona de Miss América,Miss América,dico_phrasis_0000378__es-es__original,FORWARD_ENTAILMENT
dico_phrasis_0000378__es-es__original,dico_phrasis_0000378,es,es,Miss América,corona de Miss América,dico_phrasis_0000378__es-es__flipped,BACKWARD_ENTAILMENT
dico_phrasis_0000379__es-es__flipped,dico_phrasis_0000379,es,es,hombre austriaco,austriaco,dico_phrasis_0000379__es-es__original,FORWARD_ENTAILMENT
dico_phrasis_0000379__es-es__original,dico_phrasis_0000379,es,es,austriaco,hombre austriaco,dico_phrasis_0000379__es-es__flipped,BACKWARD_ENTAILMENT
dico_phrasis_0000380__es-es__flipped,dico_phrasis_0000380,es,es,Explosión mortal de una bombona de gas,Explosión de una bombona de gas,dico_phrasis_0000380__es-es__original,FORWARD_ENTAILMENT
dico_phrasis_0000380__es-es__original,dico_phrasis_0000380,es,es,Explosión de una bombona de gas,Explosión mortal de una bombona de gas,dico_phrasis_0000380__es-es__flipped,BACKWARD_ENTAILMENT
dico_phrasis_0000381__es-es__flipped,dico_phrasis_0000381,es,es,por todo Brasil,Brasil,dico_phrasis_0000381__es-es__original,FORWARD_ENTAILMENT
dico_phrasis_0000381__es-es__original,dico_phrasis_0000381,es,es,Brasil,por todo Brasil,dico_phrasis_0000381__es-es__flipped,BACKWARD_ENTAILMENT
dico_phrasis_0000382__es-es__flipped,dico_phrasis_0000382,es,es,a pesar de las concesiones,a pesar de la concesión,dico_phrasis_0000382__es-es__original,FORWARD_ENTAILMENT
dico_phrasis_0000382__es-es__original,dico_phrasis_0000382,es,es,a pesar de la concesión,a pesar de las concesiones,dico_phrasis_0000382__es-es__flipped,BACKWARD_ENTAILMENT
dico_phrasis_0000383__es-es__flipped,dico_phrasis_0000383,es,es,en Guatemala,Guatemala,dico_phrasis_0000383__es-es__original,FORWARD_ENTAILMENT
dico_phrasis_0000383__es-es__original,dico_phrasis_0000383,es,es,Guatemala,en Guatemala,dico_phrasis_0000383__es-es__flipped,BACKWARD_ENTAILMENT
dico_phrasis_0000384__es-es__flipped,dico_phrasis_0000384,es,es,policía antiterrorista de Kenia,policía keniana,dico_phrasis_0000384__es-es__original,FORWARD_ENTAILMENT
dico_phrasis_0000384__es-es__original,dico_phrasis_0000384,es,es,policía keniana,policía antiterrorista de Kenia,dico_phrasis_0000384__es-es__flipped,BACKWARD_ENTAILMENT
dico_phrasis_0000385__es-es__flipped,dico_phrasis_0000385,es,es,en un centro comercial de Atenas,en un centro comercial de Grecia,dico_phrasis_0000385__es-es__original,FORWARD_ENTAILMENT
dico_phrasis_0000385__es-es__original,dico_phrasis_0000385,es,es,en un centro comercial de Grecia,en un centro comercial de Atenas,dico_phrasis_0000385__es-es__flipped,BACKWARD_ENTAILMENT
dico_phrasis_0000386__es-es__flipped,dico_phrasis_0000386,es,es,Mujeres conductoras,Mujeres,dico_phrasis_0000386__es-es__original,FORWARD_ENTAILMENT
dico_phrasis_0000386__es-es__original,dico_phrasis_0000386,es,es,Mujeres,Mujeres conductoras,dico_phrasis_0000386__es-es__flipped,BACKWARD_ENTAILMENT
dico_phrasis_0000387__es-es__flipped,dico_phrasis_0000387,es,es,por violación en grupo,por violación,dico_phrasis_0000387__es-es__original,FORWARD_ENTAILMENT
dico_phrasis_0000387__es-es__original,dico_phrasis_0000387,es,es,por violación,por violación en grupo,dico_phrasis_0000387__es-es__flipped,BACKWARD_ENTAILMENT
dico_phrasis_0000388__es-es__flipped,dico_phrasis_0000388,es,es,"Rupiah Banda, expresidente de Zambia",Expresidente de Zambia,dico_phrasis_0000388__es-es__original,FORWARD_ENTAILMENT
dico_phrasis_0000388__es-es__original,dico_phrasis_0000388,es,es,Expresidente de Zambia,"Rupiah Banda, expresidente de Zambia",dico_phrasis_0000388__es-es__flipped,BACKWARD_ENTAILMENT
dico_phrasis_0000389__es-es__flipped,dico_phrasis_0000389,es,es,ante sólidos datos de empleo en EE. UU.,de datos positivos,dico_phrasis_0000389__es-es__original,FORWARD_ENTAILMENT
dico_phrasis_0000389__es-es__original,dico_phrasis_0000389,es,es,de datos positivos,ante sólidos datos de empleo en EE. UU.,dico_phrasis_0000389__es-es__flipped,BACKWARD_ENTAILMENT
dico_phrasis_0000390__es-es__flipped,dico_phrasis_0000390,es,es,al menos 75,47 personas,dico_phrasis_0000390__es-es__original,FORWARD_ENTAILMENT
dico_phrasis_0000390__es-es__original,dico_phrasis_0000390,es,es,47 personas,al menos 75,dico_phrasis_0000390__es-es__flipped,BACKWARD_ENTAILMENT
dico_phrasis_0000392__es-es__flipped,dico_phrasis_0000392,es,es,hombre y mujer,dos,dico_phrasis_0000392__es-es__original,FORWARD_ENTAILMENT
dico_phrasis_0000392__es-es__original,dico_phrasis_0000392,es,es,dos,hombre y mujer,dico_phrasis_0000392__es-es__flipped,BACKWARD_ENTAILMENT
dico_phrasis_0000395__es-es__flipped,dico_phrasis_0000395,es,es,"el jefe de los talibanes pakistaníes, Hakimullah Mehsud",como nuevo líder de los talibanes pakistaníes,dico_phrasis_0000395__es-es__original,FORWARD_ENTAILMENT
dico_phrasis_0000395__es-es__original,dico_phrasis_0000395,es,es,como nuevo líder de los talibanes pakistaníes,"el jefe de los talibanes pakistaníes, Hakimullah Mehsud",dico_phrasis_0000395__es-es__flipped,BACKWARD_ENTAILMENT
dico_phrasis_0000398__es-es__flipped,dico_phrasis_0000398,es,es,sobre planes concretos de armas químicas,armas químicas,dico_phrasis_0000398__es-es__original,FORWARD_ENTAILMENT
dico_phrasis_0000398__es-es__original,dico_phrasis_0000398,es,es,armas químicas,sobre planes concretos de armas químicas,dico_phrasis_0000398__es-es__flipped,BACKWARD_ENTAILMENT
dico_phrasis_0000399__es-es__flipped,dico_phrasis_0000399,es,es,soldados israelíes,soldado israelí,dico_phrasis_0000399__es-es__original,FORWARD_ENTAILMENT
dico_phrasis_0000399__es-es__original,dico_phrasis_0000399,es,es,soldado israelí,soldados israelíes,dico_phrasis_0000399__es-es__flipped,BACKWARD_ENTAILMENT
dico_phrasis_0000400__es-es__flipped,dico_phrasis_0000400,es,es,los rebeldes del norte de Malí vinculados a Al Qaeda,los aliados de Al Qaeda en Malí,dico_phrasis_0000400__es-es__original,FORWARD_ENTAILMENT
dico_phrasis_0000400__es-es__original,dico_phrasis_0000400,es,es,los aliados de Al Qaeda en Malí,los rebeldes del norte de Malí vinculados a Al Qaeda,dico_phrasis_0000400__es-es__flipped,BACKWARD_ENTAILMENT
dico_phrasis_0000401__es-es__flipped,dico_phrasis_0000401,es,es,tras el arresto en el Palacio de Buckingham,arrestado en el Palacio de Buckingham,dico_phrasis_0000401__es-es__original,FORWARD_ENTAILMENT
dico_phrasis_0000401__es-es__original,dico_phrasis_0000401,es,es,arrestado en el Palacio de Buckingham,tras el arresto en el Palacio de Buckingham,dico_phrasis_0000401__es-es__flipped,BACKWARD_ENTAILMENT
dico_phrasis_0000402__es-es__flipped,dico_phrasis_0000402,es,es,Hermandades Musulmanas,Hermandad de,dico_phrasis_0000402__es-es__original,FORWARD_ENTAILMENT
dico_phrasis_0000402__es-es__original,dico_phrasis_0000402,es,es,Hermandad de,Hermandades Musulmanas,dico_phrasis_0000402__es-es__flipped,BACKWARD_ENTAILMENT
dico_phrasis_0000403__es-es__flipped,dico_phrasis_0000403,es,es,ocho soldados de la OTAN,4 soldados de la OTAN,dico_phrasis_0000403__es-es__original,FORWARD_ENTAILMENT
dico_phrasis_0000403__es-es__original,dico_phrasis_0000403,es,es,4 soldados de la OTAN,ocho soldados de la OTAN,dico_phrasis_0000403__es-es__flipped,BACKWARD_ENTAILMENT
dico_phrasis_0000404__es-es__flipped,dico_phrasis_0000404,es,es,su Hermandad Musulmana,su Hermandad,dico_phrasis_0000404__es-es__original,FORWARD_ENTAILMENT
dico_phrasis_0000404__es-es__original,dico_phrasis_0000404,es,es,su Hermandad,su Hermandad Musulmana,dico_phrasis_0000404__es-es__flipped,BACKWARD_ENTAILMENT
dico_phrasis_0000406__es-es__flipped,dico_phrasis_0000406,es,es,conductor de tren español Garzón,conductor del tren accidentado en España,dico_phrasis_0000406__es-es__original,FORWARD_ENTAILMENT
dico_phrasis_0000406__es-es__original,dico_phrasis_0000406,es,es,conductor del tren accidentado en España,conductor de tren español Garzón,dico_phrasis_0000406__es-es__flipped,BACKWARD_ENTAILMENT
dico_phrasis_0000407__es-es__flipped,dico_phrasis_0000407,es,es,muerto a tiros,matado,dico_phrasis_0000407__es-es__original,FORWARD_ENTAILMENT
dico_phrasis_0000407__es-es__original,dico_phrasis_0000407,es,es,matado,muerto a tiros,dico_phrasis_0000407__es-es__flipped,BACKWARD_ENTAILMENT
dico_phrasis_0000409__es-es__flipped,dico_phrasis_0000409,es,es,en un ataque estadounidense con dron,después de un ataque con dron,dico_phrasis_0000409__es-es__original,FORWARD_ENTAILMENT
dico_phrasis_0000409__es-es__original,dico_phrasis_0000409,es,es,después de un ataque con dron,en un ataque estadounidense con dron,dico_phrasis_0000409__es-es__flipped,BACKWARD_ENTAILMENT
dico_phrasis_0000410__es-es__flipped,dico_phrasis_0000410,es,es,jefe talibán pakistaní,talibán pakistaní,dico_phrasis_0000410__es-es__original,FORWARD_ENTAILMENT
dico_phrasis_0000410__es-es__original,dico_phrasis_0000410,es,es,talibán pakistaní,jefe talibán pakistaní,dico_phrasis_0000410__es-es__flipped,BACKWARD_ENTAILMENT
dico_phrasis_0000411__es-es__flipped,dico_phrasis_0000411,es,es,"lamentar, celebrar",lamenta,dico_phrasis_0000411__es-es__original,FORWARD_ENTAILMENT
dico_phrasis_0000411__es-es__original,dico_phrasis_0000411,es,es,lamenta,"lamentar, celebrar",dico_phrasis_0000411__es-es__flipped,BACKWARD_ENTAILMENT
dico_phrasis_0000412__es-es__flipped,dico_phrasis_0000412,es,es,tribunal chino,China,dico_phrasis_0000412__es-es__original,FORWARD_ENTAILMENT
dico_phrasis_0000412__es-es__original,dico_phrasis_0000412,es,es,China,tribunal chino,dico_phrasis_0000412__es-es__flipped,BACKWARD_ENTAILMENT
dico_phrasis_0000413__es-es__flipped,dico_phrasis_0000413,es,es,Dos bomberos de Nueva York,Dos bomberos,dico_phrasis_0000413__es-es__original,FORWARD_ENTAILMENT
dico_phrasis_0000413__es-es__original,dico_phrasis_0000413,es,es,Dos bomberos,Dos bomberos de Nueva York,dico_phrasis_0000413__es-es__flipped,BACKWARD_ENTAILMENT
dico_phrasis_0000414__es-es__flipped,dico_phrasis_0000414,es,es,Dos integrantes de Pussy Riot liberadas,2 integrantes de Pussy Riot,dico_phrasis_0000414__es-es__original,FORWARD_ENTAILMENT
dico_phrasis_0000414__es-es__original,dico_phrasis_0000414,es,es,2 integrantes de Pussy Riot,Dos integrantes de Pussy Riot liberadas,dico_phrasis_0000414__es-es__flipped,BACKWARD_ENTAILMENT
dico_phrasis_0000415__es-es__flipped,dico_phrasis_0000415,es,es,Acciones de Singapur,Acciones,dico_phrasis_0000415__es-es__original,FORWARD_ENTAILMENT
dico_phrasis_0000415__es-es__original,dico_phrasis_0000415,es,es,Acciones,Acciones de Singapur,dico_phrasis_0000415__es-es__flipped,BACKWARD_ENTAILMENT
dico_phrasis_0000416__es-es__flipped,dico_phrasis_0000416,es,es,18 muertos,seis muertos,dico_phrasis_0000416__es-es__original,FORWARD_ENTAILMENT
dico_phrasis_0000416__es-es__original,dico_phrasis_0000416,es,es,seis muertos,18 muertos,dico_phrasis_0000416__es-es__flipped,BACKWARD_ENTAILMENT
dico_phrasis_0000417__es-es__flipped,dico_phrasis_0000417,es,es,pasajeros de un tren francés,tren francés,dico_phrasis_0000417__es-es__original,FORWARD_ENTAILMENT
dico_phrasis_0000417__es-es__original,dico_phrasis_0000417,es,es,tren francés,pasajeros de un tren francés,dico_phrasis_0000417__es-es__flipped,BACKWARD_ENTAILMENT
dico_phrasis_0000418__es-es__flipped,dico_phrasis_0000418,es,es,a los refugiados sirios,Siria,dico_phrasis_0000418__es-es__original,FORWARD_ENTAILMENT
dico_phrasis_0000418__es-es__original,dico_phrasis_0000418,es,es,Siria,a los refugiados sirios,dico_phrasis_0000418__es-es__flipped,BACKWARD_ENTAILMENT
dico_phrasis_0000419__es-es__flipped,dico_phrasis_0000419,es,es,en el atentado del maratón de Boston,en el maratón de Boston,dico_phrasis_0000419__es-es__original,FORWARD_ENTAILMENT
dico_phrasis_0000419__es-es__original,dico_phrasis_0000419,es,es,en el maratón de Boston,en el atentado del maratón de Boston,dico_phrasis_0000419__es-es__flipped,BACKWARD_ENTAILMENT
dico_phrasis_0000420__es-es__flipped,dico_phrasis_0000420,es,es,8 muertos,4 muertos,dico_phrasis_0000420__es-es__original,FORWARD_ENTAILMENT
dico_phrasis_0000420__es-es__original,dico_phrasis_0000420,es,es,4 muertos,8 muertos,dico_phrasis_0000420__es-es__flipped,BACKWARD_ENTAILMENT
dico_phrasis_0000422__es-es__flipped,dico_phrasis_0000422,es,es,8 muertos,Cinco muertos,dico_phrasis_0000422__es-es__original,FORWARD_ENTAILMENT
dico_phrasis_0000422__es-es__original,dico_phrasis_0000422,es,es,Cinco muertos,8 muertos,dico_phrasis_0000422__es-es__flipped,BACKWARD_ENTAILMENT
dico_phrasis_0000423__es-es__flipped,dico_phrasis_0000423,es,es,en explosiones en Baquba,en explosiones de bombas en Irak,dico_phrasis_0000423__es-es__original,FORWARD_ENTAILMENT
dico_phrasis_0000423__es-es__original,dico_phrasis_0000423,es,es,en explosiones de bombas en Irak,en explosiones en Baquba,dico_phrasis_0000423__es-es__flipped,BACKWARD_ENTAILMENT
dico_phrasis_0000424__es-es__flipped,dico_phrasis_0000424,es,es,en el atentado del maratón de Boston,en el atentado del maratón de EE. UU.,dico_phrasis_0000424__es-es__original,FORWARD_ENTAILMENT
dico_phrasis_0000424__es-es__original,dico_phrasis_0000424,es,es,en el atentado del maratón de EE. UU.,en el atentado del maratón de Boston,dico_phrasis_0000424__es-es__flipped,BACKWARD_ENTAILMENT
dico_phrasis_0000426__es-es__flipped,dico_phrasis_0000426,es,es,Un gato blanco y negro,Un gato,dico_phrasis_0000426__es-es__original,FORWARD_ENTAILMENT
dico_phrasis_0000426__es-es__original,dico_phrasis_0000426,es,es,Un gato,Un gato blanco y negro,dico_phrasis_0000426__es-es__flipped,BACKWARD_ENTAILMENT
dico_phrasis_0000427__es-es__flipped,dico_phrasis_0000427,es,es,en el mar azul,en el agua,dico_phrasis_0000427__es-es__original,FORWARD_ENTAILMENT
dico_phrasis_0000427__es-es__original,dico_phrasis_0000427,es,es,en el agua,en el mar azul,dico_phrasis_0000427__es-es__flipped,BACKWARD_ENTAILMENT
dico_phrasis_0000428__es-es__flipped,dico_phrasis_0000428,es,es,Una chica joven,Una mujer,dico_phrasis_0000428__es-es__original,FORWARD_ENTAILMENT
dico_phrasis_0000428__es-es__original,dico_phrasis_0000428,es,es,Una mujer,Una chica joven,dico_phrasis_0000428__es-es__flipped,BACKWARD_ENTAILMENT
dico_phrasis_0000429__es-es__flipped,dico_phrasis_0000429,es,es,en un campo verde y exuberante,en un campo,dico_phrasis_0000429__es-es__original,FORWARD_ENTAILMENT
dico_phrasis_0000429__es-es__original,dico_phrasis_0000429,es,es,en un campo,en un campo verde y exuberante,dico_phrasis_0000429__es-es__flipped,BACKWARD_ENTAILMENT
dico_phrasis_0000430__es-es__flipped,dico_phrasis_0000430,es,es,con comida y cerveza,con comida,dico_phrasis_0000430__es-es__original,FORWARD_ENTAILMENT
dico_phrasis_0000430__es-es__original,dico_phrasis_0000430,es,es,con comida,con comida y cerveza,dico_phrasis_0000430__es-es__flipped,BACKWARD_ENTAILMENT
dico_phrasis_0000431__es-es__flipped,dico_phrasis_0000431,es,es,Una mujer joven,una mujer,dico_phrasis_0000431__es-es__original,FORWARD_ENTAILMENT
dico_phrasis_0000431__es-es__original,dico_phrasis_0000431,es,es,una mujer,Una mujer joven,dico_phrasis_0000431__es-es__flipped,BACKWARD_ENTAILMENT
dico_phrasis_0000434__es-es__flipped,dico_phrasis_0000434,es,es,Varios cardenales,Cinco aves,dico_phrasis_0000434__es-es__original,FORWARD_ENTAILMENT
dico_phrasis_0000434__es-es__original,dico_phrasis_0000434,es,es,Cinco aves,Varios cardenales,dico_phrasis_0000434__es-es__flipped,BACKWARD_ENTAILMENT
dico_phrasis_0000435__es-es__flipped,dico_phrasis_0000435,es,es,Los escúteres rojos,Un ciclomotor rojo,dico_phrasis_0000435__es-es__original,FORWARD_ENTAILMENT
dico_phrasis_0000435__es-es__original,dico_phrasis_0000435,es,es,Un ciclomotor rojo,Los escúteres rojos,dico_phrasis_0000435__es-es__flipped,BACKWARD_ENTAILMENT
dico_phrasis_0000436__es-es__flipped,dico_phrasis_0000436,es,es,en la estación de tren de la ciudad,en una estación,dico_phrasis_0000436__es-es__original,FORWARD_ENTAILMENT
dico_phrasis_0000436__es-es__original,dico_phrasis_0000436,es,es,en una estación,en la estación de tren de la ciudad,dico_phrasis_0000436__es-es__flipped,BACKWARD_ENTAILMENT
dico_phrasis_0000437__es-es__flipped,dico_phrasis_0000437,es,es,fuera de una librería,junto a una tienda,dico_phrasis_0000437__es-es__original,FORWARD_ENTAILMENT
dico_phrasis_0000437__es-es__original,dico_phrasis_0000437,es,es,junto a una tienda,fuera de una librería,dico_phrasis_0000437__es-es__flipped,BACKWARD_ENTAILMENT
dico_phrasis_0000438__es-es__flipped,dico_phrasis_0000438,es,es,Una pareja joven,Una pareja,dico_phrasis_0000438__es-es__original,FORWARD_ENTAILMENT
dico_phrasis_0000438__es-es__original,dico_phrasis_0000438,es,es,Una pareja,Una pareja joven,dico_phrasis_0000438__es-es__flipped,BACKWARD_ENTAILMENT
dico_phrasis_0000439__es-es__flipped,dico_phrasis_0000439,es,es,Dos mujeres sonrientes,Una mujer sonriente,dico_phrasis_0000439__es-es__original,FORWARD_ENTAILMENT
dico_phrasis_0000439__es-es__original,dico_phrasis_0000439,es,es,Una mujer sonriente,Dos mujeres sonrientes,dico_phrasis_0000439__es-es__flipped,BACKWARD_ENTAILMENT
dico_phrasis_0000440__es-es__flipped,dico_phrasis_0000440,es,es,"Un gato gris, negro y blanco",Un gato,dico_phrasis_0000440__es-es__original,FORWARD_ENTAILMENT
dico_phrasis_0000440__es-es__original,dico_phrasis_0000440,es,es,Un gato,"Un gato gris, negro y blanco",dico_phrasis_0000440__es-es__flipped,BACKWARD_ENTAILMENT
dico_phrasis_0000441__es-es__flipped,dico_phrasis_0000441,es,es,Ave con la cabeza verde y el pecho blanco,Ave verde y blanca,dico_phrasis_0000441__es-es__original,FORWARD_ENTAILMENT
dico_phrasis_0000441__es-es__original,dico_phrasis_0000441,es,es,Ave verde y blanca,Ave con la cabeza verde y el pecho blanco,dico_phrasis_0000441__es-es__flipped,BACKWARD_ENTAILMENT
dico_phrasis_0000442__es-es__flipped,dico_phrasis_0000442,es,es,Mujer sonriente,una mujer,dico_phrasis_0000442__es-es__original,FORWARD_ENTAILMENT
dico_phrasis_0000442__es-es__original,dico_phrasis_0000442,es,es,una mujer,Mujer sonriente,dico_phrasis_0000442__es-es__flipped,BACKWARD_ENTAILMENT
dico_phrasis_0000443__es-es__flipped,dico_phrasis_0000443,es,es,de personas mayores,de personas,dico_phrasis_0000443__es-es__original,FORWARD_ENTAILMENT
dico_phrasis_0000443__es-es__original,dico_phrasis_0000443,es,es,de personas,de personas mayores,dico_phrasis_0000443__es-es__flipped,BACKWARD_ENTAILMENT
dico_phrasis_0000446__es-es__flipped,dico_phrasis_0000446,es,es,de una ventana,una ventana,dico_phrasis_0000446__es-es__original,FORWARD_ENTAILMENT
dico_phrasis_0000446__es-es__original,dico_phrasis_0000446,es,es,una ventana,de una ventana,dico_phrasis_0000446__es-es__flipped,BACKWARD_ENTAILMENT
dico_phrasis_0000448__es-es__flipped,dico_phrasis_0000448,es,es,en un sofá azul,en un sofá,dico_phrasis_0000448__es-es__original,FORWARD_ENTAILMENT
dico_phrasis_0000448__es-es__original,dico_phrasis_0000448,es,es,en un sofá,en un sofá azul,dico_phrasis_0000448__es-es__flipped,BACKWARD_ENTAILMENT
dico_phrasis_0000450__es-es__flipped,dico_phrasis_0000450,es,es,en un sofá verde,en el sofá,dico_phrasis_0000450__es-es__original,FORWARD_ENTAILMENT
dico_phrasis_0000450__es-es__original,dico_phrasis_0000450,es,es,en el sofá,en un sofá verde,dico_phrasis_0000450__es-es__flipped,BACKWARD_ENTAILMENT
dico_phrasis_0000451__es-es__flipped,dico_phrasis_0000451,es,es,un niño pequeño,El hombre,dico_phrasis_0000451__es-es__original,FORWARD_ENTAILMENT
dico_phrasis_0000451__es-es__original,dico_phrasis_0000451,es,es,El hombre,un niño pequeño,dico_phrasis_0000451__es-es__flipped,BACKWARD_ENTAILMENT
dico_phrasis_0000454__es-es__flipped,dico_phrasis_0000454,es,es,en un barco,un barco,dico_phrasis_0000454__es-es__original,FORWARD_ENTAILMENT
dico_phrasis_0000454__es-es__original,dico_phrasis_0000454,es,es,un barco,en un barco,dico_phrasis_0000454__es-es__flipped,BACKWARD_ENTAILMENT
dico_phrasis_0000455__es-es__flipped,dico_phrasis_0000455,es,es,Una bicicleta rosa,Una bicicleta,dico_phrasis_0000455__es-es__original,FORWARD_ENTAILMENT
dico_phrasis_0000455__es-es__original,dico_phrasis_0000455,es,es,Una bicicleta,Una bicicleta rosa,dico_phrasis_0000455__es-es__flipped,BACKWARD_ENTAILMENT
dico_phrasis_0000456__es-es__flipped,dico_phrasis_0000456,es,es,Un autobús verde,Un autobús,dico_phrasis_0000456__es-es__original,FORWARD_ENTAILMENT
dico_phrasis_0000456__es-es__original,dico_phrasis_0000456,es,es,Un autobús,Un autobús verde,dico_phrasis_0000456__es-es__flipped,BACKWARD_ENTAILMENT
dico_phrasis_0000458__es-es__flipped,dico_phrasis_0000458,es,es,con sofás grandes y una mesa de comedor,con una mesa de comedor,dico_phrasis_0000458__es-es__original,FORWARD_ENTAILMENT
dico_phrasis_0000458__es-es__original,dico_phrasis_0000458,es,es,con una mesa de comedor,con sofás grandes y una mesa de comedor,dico_phrasis_0000458__es-es__flipped,BACKWARD_ENTAILMENT
dico_phrasis_0000459__es-es__flipped,dico_phrasis_0000459,es,es,Dos hombres jóvenes,Un par de chicos,dico_phrasis_0000459__es-es__original,FORWARD_ENTAILMENT
dico_phrasis_0000459__es-es__original,dico_phrasis_0000459,es,es,Un par de chicos,Dos hombres jóvenes,dico_phrasis_0000459__es-es__flipped,BACKWARD_ENTAILMENT
dico_phrasis_0000460__es-es__flipped,dico_phrasis_0000460,es,es,Imagen en primer plano,Un primer plano,dico_phrasis_0000460__es-es__original,FORWARD_ENTAILMENT
dico_phrasis_0000460__es-es__original,dico_phrasis_0000460,es,es,Un primer plano,Imagen en primer plano,dico_phrasis_0000460__es-es__flipped,BACKWARD_ENTAILMENT
dico_phrasis_0000461__es-es__flipped,dico_phrasis_0000461,es,es,en una rama helada,en una rama,dico_phrasis_0000461__es-es__original,FORWARD_ENTAILMENT
dico_phrasis_0000461__es-es__original,dico_phrasis_0000461,es,es,en una rama,en una rama helada,dico_phrasis_0000461__es-es__flipped,BACKWARD_ENTAILMENT
dico_phrasis_0000462__es-es__flipped,dico_phrasis_0000462,es,es,Patos marrones y blancos,Un pato marrón y un pato blanco,dico_phrasis_0000462__es-es__original,FORWARD_ENTAILMENT
dico_phrasis_0000462__es-es__original,dico_phrasis_0000462,es,es,Un pato marrón y un pato blanco,Patos marrones y blancos,dico_phrasis_0000462__es-es__flipped,BACKWARD_ENTAILMENT
dico_phrasis_0000464__es-es__flipped,dico_phrasis_0000464,es,es,con camisa azul y pantalones color canela,con camisa azul,dico_phrasis_0000464__es-es__original,FORWARD_ENTAILMENT
dico_phrasis_0000464__es-es__original,dico_phrasis_0000464,es,es,con camisa azul,con camisa azul y pantalones color canela,dico_phrasis_0000464__es-es__flipped,BACKWARD_ENTAILMENT
dico_phrasis_0000467__es-es__flipped,dico_phrasis_0000467,es,es,con muebles de color beige y un televisor de pantalla plana,con un televisor de pantalla grande,dico_phrasis_0000467__es-es__original,FORWARD_ENTAILMENT
dico_phrasis_0000467__es-es__original,dico_phrasis_0000467,es,es,con un televisor de pantalla grande,con muebles de color beige y un televisor de pantalla plana,dico_phrasis_0000467__es-es__flipped,BACKWARD_ENTAILMENT
dico_phrasis_0000468__es-es__flipped,dico_phrasis_0000468,es,es,Un ave blanca grande,Un ave blanca,dico_phrasis_0000468__es-es__original,FORWARD_ENTAILMENT
dico_phrasis_0000468__es-es__original,dico_phrasis_0000468,es,es,Un ave blanca,Un ave blanca grande,dico_phrasis_0000468__es-es__flipped,BACKWARD_ENTAILMENT
dico_phrasis_0000471__es-es__flipped,dico_phrasis_0000471,es,es,Un gato naranja,Un gato,dico_phrasis_0000471__es-es__original,FORWARD_ENTAILMENT
dico_phrasis_0000471__es-es__original,dico_phrasis_0000471,es,es,Un gato,Un gato naranja,dico_phrasis_0000471__es-es__flipped,BACKWARD_ENTAILMENT
dico_phrasis_0000472__es-es__flipped,dico_phrasis_0000472,es,es,El tren azul,El tren,dico_phrasis_0000472__es-es__original,FORWARD_ENTAILMENT
dico_phrasis_0000472__es-es__original,dico_phrasis_0000472,es,es,El tren,El tren azul,dico_phrasis_0000472__es-es__flipped,BACKWARD_ENTAILMENT
dico_phrasis_0000473__es-es__flipped,dico_phrasis_0000473,es,es,en un campo cubierto de hierba,en un campo,dico_phrasis_0000473__es-es__original,FORWARD_ENTAILMENT
dico_phrasis_0000473__es-es__original,dico_phrasis_0000473,es,es,en un campo,en un campo cubierto de hierba,dico_phrasis_0000473__es-es__flipped,BACKWARD_ENTAILMENT
dico_phrasis_0000475__es-es__flipped,dico_phrasis_0000475,es,es,Dos mujeres jóvenes sonrientes,Dos mujeres,dico_phrasis_0000475__es-es__original,FORWARD_ENTAILMENT
dico_phrasis_0000475__es-es__original,dico_phrasis_0000475,es,es,Dos mujeres,Dos mujeres jóvenes sonrientes,dico_phrasis_0000475__es-es__flipped,BACKWARD_ENTAILMENT
dico_phrasis_0000476__es-es__flipped,dico_phrasis_0000476,es,es,Un avión de pasajeros grande,Un avión de pasajeros,dico_phrasis_0000476__es-es__original,FORWARD_ENTAILMENT
dico_phrasis_0000476__es-es__original,dico_phrasis_0000476,es,es,Un avión de pasajeros,Un avión de pasajeros grande,dico_phrasis_0000476__es-es__flipped,BACKWARD_ENTAILMENT
dico_phrasis_0000478__es-es__flipped,dico_phrasis_0000478,es,es,en un campo de hierba verde,en un campo,dico_phrasis_0000478__es-es__original,FORWARD_ENTAILMENT
dico_phrasis_0000478__es-es__original,dico_phrasis_0000478,es,es,en un campo,en un campo de hierba verde,dico_phrasis_0000478__es-es__flipped,BACKWARD_ENTAILMENT
dico_phrasis_0000479__es-es__flipped,dico_phrasis_0000479,es,es,fuera de un autobús,afuera,dico_phrasis_0000479__es-es__original,FORWARD_ENTAILMENT
dico_phrasis_0000479__es-es__original,dico_phrasis_0000479,es,es,afuera,fuera de un autobús,dico_phrasis_0000479__es-es__flipped,BACKWARD_ENTAILMENT
dico_phrasis_0000482__es-es__flipped,dico_phrasis_0000482,es,es,Un coche plateado,Un coche,dico_phrasis_0000482__es-es__original,FORWARD_ENTAILMENT
dico_phrasis_0000482__es-es__original,dico_phrasis_0000482,es,es,Un coche,Un coche plateado,dico_phrasis_0000482__es-es__flipped,BACKWARD_ENTAILMENT
dico_phrasis_0000483__es-es__flipped,dico_phrasis_0000483,es,es,en el lado,el lado,dico_phrasis_0000483__es-es__original,FORWARD_ENTAILMENT
dico_phrasis_0000483__es-es__original,dico_phrasis_0000483,es,es,el lado,en el lado,dico_phrasis_0000483__es-es__flipped,BACKWARD_ENTAILMENT
dico_phrasis_0000484__es-es__flipped,dico_phrasis_0000484,es,es,un hombre,alguien,dico_phrasis_0000484__es-es__original,FORWARD_ENTAILMENT
dico_phrasis_0000484__es-es__original,dico_phrasis_0000484,es,es,alguien,un hombre,dico_phrasis_0000484__es-es__flipped,BACKWARD_ENTAILMENT
dico_phrasis_0000485__es-es__flipped,dico_phrasis_0000485,es,es,con una motocicleta clásica,con una motocicleta,dico_phrasis_0000485__es-es__original,FORWARD_ENTAILMENT
dico_phrasis_0000485__es-es__original,dico_phrasis_0000485,es,es,con una motocicleta,con una motocicleta clásica,dico_phrasis_0000485__es-es__flipped,BACKWARD_ENTAILMENT
dico_phrasis_0000486__es-es__flipped,dico_phrasis_0000486,es,es,en un coche clásico,un coche,dico_phrasis_0000486__es-es__original,FORWARD_ENTAILMENT
dico_phrasis_0000486__es-es__original,dico_phrasis_0000486,es,es,un coche,en un coche clásico,dico_phrasis_0000486__es-es__flipped,BACKWARD_ENTAILMENT
dico_phrasis_0000488__es-es__flipped,dico_phrasis_0000488,es,es,Un pájaro rojo y marrón,El pájaro,dico_phrasis_0000488__es-es__original,FORWARD_ENTAILMENT
dico_phrasis_0000488__es-es__original,dico_phrasis_0000488,es,es,El pájaro,Un pájaro rojo y marrón,dico_phrasis_0000488__es-es__flipped,BACKWARD_ENTAILMENT
dico_phrasis_0000489__es-es__flipped,dico_phrasis_0000489,es,es,Niños,Cuatro niños,dico_phrasis_0000489__es-es__original,FORWARD_ENTAILMENT
dico_phrasis_0000489__es-es__original,dico_phrasis_0000489,es,es,Cuatro niños,Niños,dico_phrasis_0000489__es-es__flipped,BACKWARD_ENTAILMENT
dico_phrasis_0000490__es-es__flipped,dico_phrasis_0000490,es,es,en un restaurante italiano,en un restaurante,dico_phrasis_0000490__es-es__original,FORWARD_ENTAILMENT
dico_phrasis_0000490__es-es__original,dico_phrasis_0000490,es,es,en un restaurante,en un restaurante italiano,dico_phrasis_0000490__es-es__flipped,BACKWARD_ENTAILMENT
dico_phrasis_0000491__es-es__flipped,dico_phrasis_0000491,es,es,Una oveja lanuda,Una oveja,dico_phrasis_0000491__es-es__original,FORWARD_ENTAILMENT
dico_phrasis_0000491__es-es__original,dico_phrasis_0000491,es,es,Una oveja,Una oveja lanuda,dico_phrasis_0000491__es-es__flipped,BACKWARD_ENTAILMENT
dico_phrasis_0000492__es-es__flipped,dico_phrasis_0000492,es,es,al montar,montando,dico_phrasis_0000492__es-es__original,FORWARD_ENTAILMENT
dico_phrasis_0000492__es-es__original,dico_phrasis_0000492,es,es,montando,al montar,dico_phrasis_0000492__es-es__flipped,BACKWARD_ENTAILMENT
dico_phrasis_0000494__es-es__flipped,dico_phrasis_0000494,es,es,en las vías del ferrocarril,las vías,dico_phrasis_0000494__es-es__original,FORWARD_ENTAILMENT
dico_phrasis_0000494__es-es__original,dico_phrasis_0000494,es,es,las vías,en las vías del ferrocarril,dico_phrasis_0000494__es-es__flipped,BACKWARD_ENTAILMENT
dico_phrasis_0000496__es-es__flipped,dico_phrasis_0000496,es,es,en una mesa de restaurante,en una mesa,dico_phrasis_0000496__es-es__original,FORWARD_ENTAILMENT
dico_phrasis_0000496__es-es__original,dico_phrasis_0000496,es,es,en una mesa,en una mesa de restaurante,dico_phrasis_0000496__es-es__flipped,BACKWARD_ENTAILMENT
dico_phrasis_0000498__es-es__flipped,dico_phrasis_0000498,es,es,están sentados,están,dico_phrasis_0000498__es-es__original,FORWARD_ENTAILMENT
dico_phrasis_0000498__es-es__original,dico_phrasis_0000498,es,es,están,están sentados,dico_phrasis_0000498__es-es__flipped,BACKWARD_ENTAILMENT
dico_phrasis_0000500__es-es__flipped,dico_phrasis_0000500,es,es,Dos gatitos bebés,Dos gatos,dico_phrasis_0000500__es-es__original,FORWARD_ENTAILMENT
dico_phrasis_0000500__es-es__original,dico_phrasis_0000500,es,es,Dos gatos,Dos gatitos bebés,dico_phrasis_0000500__es-es__flipped,BACKWARD_ENTAILMENT
dico_phrasis_0000501__es-es__flipped,dico_phrasis_0000501,es,es,Un comedor rosa elegante,Comedor elegante,dico_phrasis_0000501__es-es__original,FORWARD_ENTAILMENT
dico_phrasis_0000501__es-es__original,dico_phrasis_0000501,es,es,Comedor elegante,Un comedor rosa elegante,dico_phrasis_0000501__es-es__flipped,BACKWARD_ENTAILMENT
dico_phrasis_0000503__es-es__flipped,dico_phrasis_0000503,es,es,Una bicicleta verde,Una bicicleta,dico_phrasis_0000503__es-es__original,FORWARD_ENTAILMENT
dico_phrasis_0000503__es-es__original,dico_phrasis_0000503,es,es,Una bicicleta,Una bicicleta verde,dico_phrasis_0000503__es-es__flipped,BACKWARD_ENTAILMENT
dico_phrasis_0000505__es-es__flipped,dico_phrasis_0000505,es,es,en una canoa roja,una canoa roja,dico_phrasis_0000505__es-es__original,FORWARD_ENTAILMENT
dico_phrasis_0000505__es-es__original,dico_phrasis_0000505,es,es,una canoa roja,en una canoa roja,dico_phrasis_0000505__es-es__flipped,BACKWARD_ENTAILMENT
dico_phrasis_0000506__es-es__flipped,dico_phrasis_0000506,es,es,Una mujer y una niña pequeña,Una mujer y una criatura,dico_phrasis_0000506__es-es__original,FORWARD_ENTAILMENT
dico_phrasis_0000506__es-es__original,dico_phrasis_0000506,es,es,Una mujer y una criatura,Una mujer y una niña pequeña,dico_phrasis_0000506__es-es__flipped,BACKWARD_ENTAILMENT
dico_phrasis_0000507__es-es__flipped,dico_phrasis_0000507,es,es,sobre una manta morada,sobre una manta,dico_phrasis_0000507__es-es__original,FORWARD_ENTAILMENT
dico_phrasis_0000507__es-es__original,dico_phrasis_0000507,es,es,sobre una manta,sobre una manta morada,dico_phrasis_0000507__es-es__flipped,BACKWARD_ENTAILMENT
dico_phrasis_0000508__es-es__flipped,dico_phrasis_0000508,es,es,Un espacio de oficina pequeño,Una oficina,dico_phrasis_0000508__es-es__original,FORWARD_ENTAILMENT
dico_phrasis_0000508__es-es__original,dico_phrasis_0000508,es,es,Una oficina,Un espacio de oficina pequeño,dico_phrasis_0000508__es-es__flipped,BACKWARD_ENTAILMENT
dico_phrasis_0000509__es-es__flipped,dico_phrasis_0000509,es,es,Cualquier chica joven,Mujer joven,dico_phrasis_0000509__es-es__original,FORWARD_ENTAILMENT
dico_phrasis_0000509__es-es__original,dico_phrasis_0000509,es,es,Mujer joven,Cualquier chica joven,dico_phrasis_0000509__es-es__flipped,BACKWARD_ENTAILMENT
dico_phrasis_0000510__es-es__flipped,dico_phrasis_0000510,es,es,Una joven amazona,La joven persona que cabalga,dico_phrasis_0000510__es-es__original,FORWARD_ENTAILMENT
dico_phrasis_0000510__es-es__original,dico_phrasis_0000510,es,es,La joven persona que cabalga,Una joven amazona,dico_phrasis_0000510__es-es__flipped,BACKWARD_ENTAILMENT
dico_phrasis_0000511__es-es__flipped,dico_phrasis_0000511,es,es,Un cisne negro,Un ave,dico_phrasis_0000511__es-es__original,FORWARD_ENTAILMENT
dico_phrasis_0000511__es-es__original,dico_phrasis_0000511,es,es,Un ave,Un cisne negro,dico_phrasis_0000511__es-es__flipped,BACKWARD_ENTAILMENT
dico_phrasis_0000512__es-es__flipped,dico_phrasis_0000512,es,es,Un pájaro amarillo,Un pájaro,dico_phrasis_0000512__es-es__original,FORWARD_ENTAILMENT
dico_phrasis_0000512__es-es__original,dico_phrasis_0000512,es,es,Un pájaro,Un pájaro amarillo,dico_phrasis_0000512__es-es__flipped,BACKWARD_ENTAILMENT
dico_phrasis_0000513__es-es__flipped,dico_phrasis_0000513,es,es,delante de un avión pequeño,delante de un avión,dico_phrasis_0000513__es-es__original,FORWARD_ENTAILMENT
dico_phrasis_0000513__es-es__original,dico_phrasis_0000513,es,es,delante de un avión,delante de un avión pequeño,dico_phrasis_0000513__es-es__flipped,BACKWARD_ENTAILMENT
dico_phrasis_0000515__es-es__flipped,dico_phrasis_0000515,es,es,en medio de un campo cubierto de hierba,en un campo cubierto de hierba,dico_phrasis_0000515__es-es__original,FORWARD_ENTAILMENT
dico_phrasis_0000515__es-es__original,dico_phrasis_0000515,es,es,en un campo cubierto de hierba,en medio de un campo cubierto de hierba,dico_phrasis_0000515__es-es__flipped,BACKWARD_ENTAILMENT
dico_phrasis_0000517__es-es__flipped,dico_phrasis_0000517,es,es,Un niño pequeño,Niño,dico_phrasis_0000517__es-es__original,FORWARD_ENTAILMENT
dico_phrasis_0000517__es-es__original,dico_phrasis_0000517,es,es,Niño,Un niño pequeño,dico_phrasis_0000517__es-es__flipped,BACKWARD_ENTAILMENT
dico_phrasis_0000519__es-es__flipped,dico_phrasis_0000519,es,es,en los estantes y en el mostrador,en estantes,dico_phrasis_0000519__es-es__original,FORWARD_ENTAILMENT
dico_phrasis_0000519__es-es__original,dico_phrasis_0000519,es,es,en estantes,en los estantes y en el mostrador,dico_phrasis_0000519__es-es__flipped,BACKWARD_ENTAILMENT
dico_phrasis_0000522__es-es__flipped,dico_phrasis_0000522,es,es,delante de un tren plateado,delante de un tren,dico_phrasis_0000522__es-es__original,FORWARD_ENTAILMENT
dico_phrasis_0000522__es-es__original,dico_phrasis_0000522,es,es,delante de un tren,delante de un tren plateado,dico_phrasis_0000522__es-es__flipped,BACKWARD_ENTAILMENT
dico_phrasis_0000525__es-es__flipped,dico_phrasis_0000525,es,es,sobre el océano,sobre el agua,dico_phrasis_0000525__es-es__original,FORWARD_ENTAILMENT
dico_phrasis_0000525__es-es__original,dico_phrasis_0000525,es,es,sobre el agua,sobre el océano,dico_phrasis_0000525__es-es__flipped,BACKWARD_ENTAILMENT
dico_phrasis_0000529__es-es__flipped,dico_phrasis_0000529,es,es,en un campo verde,en un campo,dico_phrasis_0000529__es-es__original,FORWARD_ENTAILMENT
dico_phrasis_0000529__es-es__original,dico_phrasis_0000529,es,es,en un campo,en un campo verde,dico_phrasis_0000529__es-es__flipped,BACKWARD_ENTAILMENT
dico_phrasis_0000530__es-es__flipped,dico_phrasis_0000530,es,es,Cuatro mujeres y dos hombres,Una mujer,dico_phrasis_0000530__es-es__original,FORWARD_ENTAILMENT
dico_phrasis_0000530__es-es__original,dico_phrasis_0000530,es,es,Una mujer,Cuatro mujeres y dos hombres,dico_phrasis_0000530__es-es__flipped,BACKWARD_ENTAILMENT
dico_phrasis_0000531__es-es__flipped,dico_phrasis_0000531,es,es,sobre un caballo blanco,un caballo blanco,dico_phrasis_0000531__es-es__original,FORWARD_ENTAILMENT
dico_phrasis_0000531__es-es__original,dico_phrasis_0000531,es,es,un caballo blanco,sobre un caballo blanco,dico_phrasis_0000531__es-es__flipped,BACKWARD_ENTAILMENT
dico_phrasis_0000532__es-es__flipped,dico_phrasis_0000532,es,es,sobre las vías del tren,las vías,dico_phrasis_0000532__es-es__original,FORWARD_ENTAILMENT
dico_phrasis_0000532__es-es__original,dico_phrasis_0000532,es,es,las vías,sobre las vías del tren,dico_phrasis_0000532__es-es__flipped,BACKWARD_ENTAILMENT
dico_phrasis_0000533__es-es__flipped,dico_phrasis_0000533,es,es,al lado de una oveja,oveja,dico_phrasis_0000533__es-es__original,FORWARD_ENTAILMENT
dico_phrasis_0000533__es-es__original,dico_phrasis_0000533,es,es,oveja,al lado de una oveja,dico_phrasis_0000533__es-es__flipped,BACKWARD_ENTAILMENT
dico_phrasis_0000534__es-es__flipped,dico_phrasis_0000534,es,es,Gato doméstico de color canela,Gato doméstico,dico_phrasis_0000534__es-es__original,FORWARD_ENTAILMENT
dico_phrasis_0000534__es-es__original,dico_phrasis_0000534,es,es,Gato doméstico,Gato doméstico de color canela,dico_phrasis_0000534__es-es__flipped,BACKWARD_ENTAILMENT
dico_phrasis_0000535__es-es__flipped,dico_phrasis_0000535,es,es,un autobús rojo de dos pisos,un autobús,dico_phrasis_0000535__es-es__original,FORWARD_ENTAILMENT
dico_phrasis_0000535__es-es__original,dico_phrasis_0000535,es,es,un autobús,un autobús rojo de dos pisos,dico_phrasis_0000535__es-es__flipped,BACKWARD_ENTAILMENT
dico_phrasis_0000536__es-es__flipped,dico_phrasis_0000536,es,es,conduciendo hacia abajo,conduciendo,dico_phrasis_0000536__es-es__original,FORWARD_ENTAILMENT
dico_phrasis_0000536__es-es__original,dico_phrasis_0000536,es,es,conduciendo,conduciendo hacia abajo,dico_phrasis_0000536__es-es__flipped,BACKWARD_ENTAILMENT
dico_phrasis_0000538__es-es__flipped,dico_phrasis_0000538,es,es,Una vista de cerca,De cerca,dico_phrasis_0000538__es-es__original,FORWARD_ENTAILMENT
dico_phrasis_0000538__es-es__original,dico_phrasis_0000538,es,es,De cerca,Una vista de cerca,dico_phrasis_0000538__es-es__flipped,BACKWARD_ENTAILMENT
dico_phrasis_0000539__es-es__flipped,dico_phrasis_0000539,es,es,Las vacas marrones y blancas,Las vacas,dico_phrasis_0000539__es-es__original,FORWARD_ENTAILMENT
dico_phrasis_0000539__es-es__original,dico_phrasis_0000539,es,es,Las vacas,Las vacas marrones y blancas,dico_phrasis_0000539__es-es__flipped,BACKWARD_ENTAILMENT
dico_phrasis_0000543__es-es__flipped,dico_phrasis_0000543,es,es,Una mujer sonriente,Una mujer,dico_phrasis_0000543__es-es__original,FORWARD_ENTAILMENT
dico_phrasis_0000543__es-es__original,dico_phrasis_0000543,es,es,Una mujer,Una mujer sonriente,dico_phrasis_0000543__es-es__flipped,BACKWARD_ENTAILMENT
dico_phrasis_0000544__es-es__flipped,dico_phrasis_0000544,es,es,con cerveza y comida,que tiene bebidas,dico_phrasis_0000544__es-es__original,FORWARD_ENTAILMENT
dico_phrasis_0000544__es-es__original,dico_phrasis_0000544,es,es,que tiene bebidas,con cerveza y comida,dico_phrasis_0000544__es-es__flipped,BACKWARD_ENTAILMENT
dico_phrasis_0000545__es-es__flipped,dico_phrasis_0000545,es,es,Dos águilas calvas,Dos águilas,dico_phrasis_0000545__es-es__original,FORWARD_ENTAILMENT
dico_phrasis_0000545__es-es__original,dico_phrasis_0000545,es,es,Dos águilas,Dos águilas calvas,dico_phrasis_0000545__es-es__flipped,BACKWARD_ENTAILMENT
dico_phrasis_0000546__es-es__flipped,dico_phrasis_0000546,es,es,Cualquier mirlo,El pájaro negro,dico_phrasis_0000546__es-es__original,FORWARD_ENTAILMENT
dico_phrasis_0000546__es-es__original,dico_phrasis_0000546,es,es,El pájaro negro,Cualquier mirlo,dico_phrasis_0000546__es-es__flipped,BACKWARD_ENTAILMENT
dico_phrasis_0000548__es-es__flipped,dico_phrasis_0000548,es,es,de un caballo gris y blanco,un caballo blanco y gris,dico_phrasis_0000548__es-es__original,FORWARD_ENTAILMENT
dico_phrasis_0000548__es-es__original,dico_phrasis_0000548,es,es,un caballo blanco y gris,de un caballo gris y blanco,dico_phrasis_0000548__es-es__flipped,BACKWARD_ENTAILMENT
dico_phrasis_0000550__es-es__flipped,dico_phrasis_0000550,es,es,de un campo verde y cubierto de hierba,en un campo,dico_phrasis_0000550__es-es__original,FORWARD_ENTAILMENT
dico_phrasis_0000550__es-es__original,dico_phrasis_0000550,es,es,en un campo,de un campo verde y cubierto de hierba,dico_phrasis_0000550__es-es__flipped,BACKWARD_ENTAILMENT
dico_phrasis_0000551__es-es__flipped,dico_phrasis_0000551,es,es,barco verde grande,en un barco,dico_phrasis_0000551__es-es__original,FORWARD_ENTAILMENT
dico_phrasis_0000551__es-es__original,dico_phrasis_0000551,es,es,en un barco,barco verde grande,dico_phrasis_0000551__es-es__flipped,BACKWARD_ENTAILMENT
dico_phrasis_0000553__es-es__flipped,dico_phrasis_0000553,es,es,Dos águilas calvas,El águila calva,dico_phrasis_0000553__es-es__original,FORWARD_ENTAILMENT
dico_phrasis_0000553__es-es__original,dico_phrasis_0000553,es,es,El águila calva,Dos águilas calvas,dico_phrasis_0000553__es-es__flipped,BACKWARD_ENTAILMENT
dico_phrasis_0000554__es-es__flipped,dico_phrasis_0000554,es,es,un hombre africano,Un hombre,dico_phrasis_0000554__es-es__original,FORWARD_ENTAILMENT
dico_phrasis_0000554__es-es__original,dico_phrasis_0000554,es,es,Un hombre,un hombre africano,dico_phrasis_0000554__es-es__flipped,BACKWARD_ENTAILMENT
dico_phrasis_0000555__es-es__flipped,dico_phrasis_0000555,es,es,Un grupo de caballos,Dos caballos,dico_phrasis_0000555__es-es__original,FORWARD_ENTAILMENT
dico_phrasis_0000555__es-es__original,dico_phrasis_0000555,es,es,Dos caballos,Un grupo de caballos,dico_phrasis_0000555__es-es__flipped,BACKWARD_ENTAILMENT
dico_phrasis_0000557__es-es__flipped,dico_phrasis_0000557,es,es,está colocado,está,dico_phrasis_0000557__es-es__original,FORWARD_ENTAILMENT
dico_phrasis_0000557__es-es__original,dico_phrasis_0000557,es,es,está,está colocado,dico_phrasis_0000557__es-es__flipped,BACKWARD_ENTAILMENT
dico_phrasis_0000558__es-es__flipped,dico_phrasis_0000558,es,es,Una mesa de madera,Una mesa,dico_phrasis_0000558__es-es__original,FORWARD_ENTAILMENT
dico_phrasis_0000558__es-es__original,dico_phrasis_0000558,es,es,Una mesa,Una mesa de madera,dico_phrasis_0000558__es-es__flipped,BACKWARD_ENTAILMENT
dico_phrasis_0000564__es-es__flipped,dico_phrasis_0000564,es,es,Una motocicleta BMW,Una motocicleta,dico_phrasis_0000564__es-es__original,FORWARD_ENTAILMENT
dico_phrasis_0000564__es-es__original,dico_phrasis_0000564,es,es,Una motocicleta,Una motocicleta BMW,dico_phrasis_0000564__es-es__flipped,BACKWARD_ENTAILMENT
dico_phrasis_0000565__es-es__flipped,dico_phrasis_0000565,es,es,Dos mujeres sonrientes,Dos mujeres,dico_phrasis_0000565__es-es__original,FORWARD_ENTAILMENT
dico_phrasis_0000565__es-es__original,dico_phrasis_0000565,es,es,Dos mujeres,Dos mujeres sonrientes,dico_phrasis_0000565__es-es__flipped,BACKWARD_ENTAILMENT
dico_phrasis_0000566__es-es__flipped,dico_phrasis_0000566,es,es,de la cara de un avestruz,de un avestruz,dico_phrasis_0000566__es-es__original,FORWARD_ENTAILMENT
dico_phrasis_0000566__es-es__original,dico_phrasis_0000566,es,es,de un avestruz,de la cara de un avestruz,dico_phrasis_0000566__es-es__flipped,BACKWARD_ENTAILMENT
dico_phrasis_0000567__es-es__flipped,dico_phrasis_0000567,es,es,sobre el agua azul,sobre el agua,dico_phrasis_0000567__es-es__original,FORWARD_ENTAILMENT
dico_phrasis_0000567__es-es__original,dico_phrasis_0000567,es,es,sobre el agua,sobre el agua azul,dico_phrasis_0000567__es-es__flipped,BACKWARD_ENTAILMENT
dico_phrasis_0000569__es-es__flipped,dico_phrasis_0000569,es,es,Dos pájaros pequeños,Dos pájaros,dico_phrasis_0000569__es-es__original,FORWARD_ENTAILMENT
dico_phrasis_0000569__es-es__original,dico_phrasis_0000569,es,es,Dos pájaros,Dos pájaros pequeños,dico_phrasis_0000569__es-es__flipped,BACKWARD_ENTAILMENT
dico_phrasis_0000570__es-es__flipped,dico_phrasis_0000570,es,es,sobre las vías,las vías,dico_phrasis_0000570__es-es__original,FORWARD_ENTAILMENT
dico_phrasis_0000570__es-es__original,dico_phrasis_0000570,es,es,las vías,sobre las vías,dico_phrasis_0000570__es-es__flipped,BACKWARD_ENTAILMENT
dico_phrasis_0000571__es-es__flipped,dico_phrasis_0000571,es,es,Autobuses rojos,Dos autobuses rojos,dico_phrasis_0000571__es-es__original,FORWARD_ENTAILMENT
dico_phrasis_0000571__es-es__original,dico_phrasis_0000571,es,es,Dos autobuses rojos,Autobuses rojos,dico_phrasis_0000571__es-es__flipped,BACKWARD_ENTAILMENT
dico_phrasis_0000572__es-es__flipped,dico_phrasis_0000572,es,es,Un perro blanco y negro,Un perro,dico_phrasis_0000572__es-es__original,FORWARD_ENTAILMENT
dico_phrasis_0000572__es-es__original,dico_phrasis_0000572,es,es,Un perro,Un perro blanco y negro,dico_phrasis_0000572__es-es__flipped,BACKWARD_ENTAILMENT
dico_phrasis_0000573__es-es__flipped,dico_phrasis_0000573,es,es,de un coche,de un vehículo de pasajeros,dico_phrasis_0000573__es-es__original,FORWARD_ENTAILMENT
dico_phrasis_0000573__es-es__original,dico_phrasis_0000573,es,es,de un vehículo de pasajeros,de un coche,dico_phrasis_0000573__es-es__flipped,BACKWARD_ENTAILMENT
dico_phrasis_0000574__es-es__flipped,dico_phrasis_0000574,es,es,Dos vacas blancas y negras,Una vaca blanca y negra,dico_phrasis_0000574__es-es__original,FORWARD_ENTAILMENT
dico_phrasis_0000574__es-es__original,dico_phrasis_0000574,es,es,Una vaca blanca y negra,Dos vacas blancas y negras,dico_phrasis_0000574__es-es__flipped,BACKWARD_ENTAILMENT
dico_phrasis_0000575__es-es__flipped,dico_phrasis_0000575,es,es,Un despacho en casa,Una habitación,dico_phrasis_0000575__es-es__original,FORWARD_ENTAILMENT
dico_phrasis_0000575__es-es__original,dico_phrasis_0000575,es,es,Una habitación,Un despacho en casa,dico_phrasis_0000575__es-es__flipped,BACKWARD_ENTAILMENT
dico_phrasis_0000576__es-es__flipped,dico_phrasis_0000576,es,es,unas bicicletas todoterreno,una bicicleta,dico_phrasis_0000576__es-es__original,FORWARD_ENTAILMENT
dico_phrasis_0000576__es-es__original,dico_phrasis_0000576,es,es,una bicicleta,unas bicicletas todoterreno,dico_phrasis_0000576__es-es__flipped,BACKWARD_ENTAILMENT
dico_phrasis_0000577__es-es__flipped,dico_phrasis_0000577,es,es,de una ventana,la ventana,dico_phrasis_0000577__es-es__original,FORWARD_ENTAILMENT
dico_phrasis_0000577__es-es__original,dico_phrasis_0000577,es,es,la ventana,de una ventana,dico_phrasis_0000577__es-es__flipped,BACKWARD_ENTAILMENT
dico_phrasis_0000578__es-es__flipped,dico_phrasis_0000578,es,es,con aperitivos,que contiene comida,dico_phrasis_0000578__es-es__original,FORWARD_ENTAILMENT
dico_phrasis_0000578__es-es__original,dico_phrasis_0000578,es,es,que contiene comida,con aperitivos,dico_phrasis_0000578__es-es__flipped,BACKWARD_ENTAILMENT
dico_phrasis_0000579__es-es__flipped,dico_phrasis_0000579,es,es,con un caballo blanco,un caballo blanco,dico_phrasis_0000579__es-es__original,FORWARD_ENTAILMENT
dico_phrasis_0000579__es-es__original,dico_phrasis_0000579,es,es,un caballo blanco,con un caballo blanco,dico_phrasis_0000579__es-es__flipped,BACKWARD_ENTAILMENT
dico_phrasis_0000581__es-es__flipped,dico_phrasis_0000581,es,es,Cuatro mujeres y dos hombres,Un hombre y una mujer,dico_phrasis_0000581__es-es__original,FORWARD_ENTAILMENT
dico_phrasis_0000581__es-es__original,dico_phrasis_0000581,es,es,Un hombre y una mujer,Cuatro mujeres y dos hombres,dico_phrasis_0000581__es-es__flipped,BACKWARD_ENTAILMENT
dico_phrasis_0000582__es-es__flipped,dico_phrasis_0000582,es,es,Tres mujeres jóvenes de cabello oscuro,Tres mujeres jóvenes,dico_phrasis_0000582__es-es__original,FORWARD_ENTAILMENT
dico_phrasis_0000582__es-es__original,dico_phrasis_0000582,es,es,Tres mujeres jóvenes,Tres mujeres jóvenes de cabello oscuro,dico_phrasis_0000582__es-es__flipped,BACKWARD_ENTAILMENT
dico_phrasis_0000583__es-es__flipped,dico_phrasis_0000583,es,es,"Una vaca con cuernos, blanca y negra",Una vaca blanca y negra,dico_phrasis_0000583__es-es__original,FORWARD_ENTAILMENT
dico_phrasis_0000583__es-es__original,dico_phrasis_0000583,es,es,Una vaca blanca y negra,"Una vaca con cuernos, blanca y negra",dico_phrasis_0000583__es-es__flipped,BACKWARD_ENTAILMENT
dico_phrasis_0000584__es-es__flipped,dico_phrasis_0000584,es,es,"unos vaqueros, un top de bikini oscuro y una pulsera","con una pulsera, un top de bikini y unos vaqueros",dico_phrasis_0000584__es-es__original,FORWARD_ENTAILMENT
dico_phrasis_0000584__es-es__original,dico_phrasis_0000584,es,es,"con una pulsera, un top de bikini y unos vaqueros","unos vaqueros, un top de bikini oscuro y una pulsera",dico_phrasis_0000584__es-es__flipped,BACKWARD_ENTAILMENT
dico_phrasis_0000585__es-es__flipped,dico_phrasis_0000585,es,es,muy cerca de un televisor pequeño,un televisor pequeño,dico_phrasis_0000585__es-es__original,FORWARD_ENTAILMENT
dico_phrasis_0000585__es-es__original,dico_phrasis_0000585,es,es,un televisor pequeño,muy cerca de un televisor pequeño,dico_phrasis_0000585__es-es__flipped,BACKWARD_ENTAILMENT
dico_phrasis_0000586__es-es__flipped,dico_phrasis_0000586,es,es,Todos los ciclistas,Tres ciclistas,dico_phrasis_0000586__es-es__original,FORWARD_ENTAILMENT
dico_phrasis_0000586__es-es__original,dico_phrasis_0000586,es,es,Tres ciclistas,Todos los ciclistas,dico_phrasis_0000586__es-es__flipped,BACKWARD_ENTAILMENT
dico_phrasis_0000587__es-es__flipped,dico_phrasis_0000587,es,es,sobre un caballo marrón,un caballo marrón,dico_phrasis_0000587__es-es__original,FORWARD_ENTAILMENT
dico_phrasis_0000587__es-es__original,dico_phrasis_0000587,es,es,un caballo marrón,sobre un caballo marrón,dico_phrasis_0000587__es-es__flipped,BACKWARD_ENTAILMENT
dico_phrasis_0000588__es-es__flipped,dico_phrasis_0000588,es,es,con muchos animales de peluche,con animales de peluche,dico_phrasis_0000588__es-es__original,FORWARD_ENTAILMENT
dico_phrasis_0000588__es-es__original,dico_phrasis_0000588,es,es,con animales de peluche,con muchos animales de peluche,dico_phrasis_0000588__es-es__flipped,BACKWARD_ENTAILMENT
dico_phrasis_0000589__es-es__flipped,dico_phrasis_0000589,es,es,Un hombre,Alguien,dico_phrasis_0000589__es-es__original,FORWARD_ENTAILMENT
dico_phrasis_0000589__es-es__original,dico_phrasis_0000589,es,es,Alguien,Un hombre,dico_phrasis_0000589__es-es__flipped,BACKWARD_ENTAILMENT
dico_phrasis_0000591__es-es__flipped,dico_phrasis_0000591,es,es,"Un gato gris, negro y blanco",Un gato gris,dico_phrasis_0000591__es-es__original,FORWARD_ENTAILMENT
dico_phrasis_0000591__es-es__original,dico_phrasis_0000591,es,es,Un gato gris,"Un gato gris, negro y blanco",dico_phrasis_0000591__es-es__flipped,BACKWARD_ENTAILMENT
dico_phrasis_0000592__es-es__flipped,dico_phrasis_0000592,es,es,un palo de madera,un palo,dico_phrasis_0000592__es-es__original,FORWARD_ENTAILMENT
dico_phrasis_0000592__es-es__original,dico_phrasis_0000592,es,es,un palo,un palo de madera,dico_phrasis_0000592__es-es__flipped,BACKWARD_ENTAILMENT
dico_phrasis_0000593__es-es__flipped,dico_phrasis_0000593,es,es,mientras lleva puesto,llevando puesto,dico_phrasis_0000593__es-es__original,FORWARD_ENTAILMENT
dico_phrasis_0000593__es-es__original,dico_phrasis_0000593,es,es,llevando puesto,mientras lleva puesto,dico_phrasis_0000593__es-es__flipped,BACKWARD_ENTAILMENT
dico_phrasis_0000594__es-es__flipped,dico_phrasis_0000594,es,es,Un bulldog,Un perro pug,dico_phrasis_0000594__es-es__original,FORWARD_ENTAILMENT
dico_phrasis_0000594__es-es__original,dico_phrasis_0000594,es,es,Un perro pug,Un bulldog,dico_phrasis_0000594__es-es__flipped,BACKWARD_ENTAILMENT
dico_phrasis_0000595__es-es__flipped,dico_phrasis_0000595,es,es,en una silla de cuero negro,en una silla de cuero,dico_phrasis_0000595__es-es__original,FORWARD_ENTAILMENT
dico_phrasis_0000595__es-es__original,dico_phrasis_0000595,es,es,en una silla de cuero,en una silla de cuero negro,dico_phrasis_0000595__es-es__flipped,BACKWARD_ENTAILMENT
dico_phrasis_0000596__es-es__flipped,dico_phrasis_0000596,es,es,Una vaca blanca y negra con cuernos,Vaca blanca y negra,dico_phrasis_0000596__es-es__original,FORWARD_ENTAILMENT
dico_phrasis_0000596__es-es__original,dico_phrasis_0000596,es,es,Vaca blanca y negra,Una vaca blanca y negra con cuernos,dico_phrasis_0000596__es-es__flipped,BACKWARD_ENTAILMENT
dico_phrasis_0000597__es-es__flipped,dico_phrasis_0000597,es,es,en una zona boscosa cubierta de hierba,en una zona cubierta de hierba,dico_phrasis_0000597__es-es__original,FORWARD_ENTAILMENT
dico_phrasis_0000597__es-es__original,dico_phrasis_0000597,es,es,en una zona cubierta de hierba,en una zona boscosa cubierta de hierba,dico_phrasis_0000597__es-es__flipped,BACKWARD_ENTAILMENT
dico_phrasis_0000598__es-es__flipped,dico_phrasis_0000598,es,es,Un hombre joven pelirrojo,Un hombre joven,dico_phrasis_0000598__es-es__original,FORWARD_ENTAILMENT
dico_phrasis_0000598__es-es__original,dico_phrasis_0000598,es,es,Un hombre joven,Un hombre joven pelirrojo,dico_phrasis_0000598__es-es__flipped,BACKWARD_ENTAILMENT
dico_phrasis_0000600__es-es__flipped,dico_phrasis_0000600,es,es,en una calle de la ciudad,calle,dico_phrasis_0000600__es-es__original,FORWARD_ENTAILMENT
dico_phrasis_0000600__es-es__original,dico_phrasis_0000600,es,es,calle,en una calle de la ciudad,dico_phrasis_0000600__es-es__flipped,BACKWARD_ENTAILMENT
dico_phrasis_0000601__es-es__flipped,dico_phrasis_0000601,es,es,de la espalda,la espalda,dico_phrasis_0000601__es-es__original,FORWARD_ENTAILMENT
dico_phrasis_0000601__es-es__original,dico_phrasis_0000601,es,es,la espalda,de la espalda,dico_phrasis_0000601__es-es__flipped,BACKWARD_ENTAILMENT
dico_phrasis_0000603__es-es__flipped,dico_phrasis_0000603,es,es,en un lavabo de baño,en un lavabo,dico_phrasis_0000603__es-es__original,FORWARD_ENTAILMENT
dico_phrasis_0000603__es-es__original,dico_phrasis_0000603,es,es,en un lavabo,en un lavabo de baño,dico_phrasis_0000603__es-es__flipped,BACKWARD_ENTAILMENT
dico_phrasis_0000605__es-es__flipped,dico_phrasis_0000605,es,es,dentro de una estación cubierta,en una estación,dico_phrasis_0000605__es-es__original,FORWARD_ENTAILMENT
dico_phrasis_0000605__es-es__original,dico_phrasis_0000605,es,es,en una estación,dentro de una estación cubierta,dico_phrasis_0000605__es-es__flipped,BACKWARD_ENTAILMENT
dico_phrasis_0000606__es-es__flipped,dico_phrasis_0000606,es,es,en una calle de la ciudad,una calle,dico_phrasis_0000606__es-es__original,FORWARD_ENTAILMENT
dico_phrasis_0000606__es-es__original,dico_phrasis_0000606,es,es,una calle,en una calle de la ciudad,dico_phrasis_0000606__es-es__flipped,BACKWARD_ENTAILMENT
dico_phrasis_0000607__es-es__flipped,dico_phrasis_0000607,es,es,de un autobús rojo de dos pisos,Un autobús rojo de dos pisos,dico_phrasis_0000607__es-es__original,FORWARD_ENTAILMENT
dico_phrasis_0000607__es-es__original,dico_phrasis_0000607,es,es,Un autobús rojo de dos pisos,de un autobús rojo de dos pisos,dico_phrasis_0000607__es-es__flipped,BACKWARD_ENTAILMENT
dico_phrasis_0000608__es-es__flipped,dico_phrasis_0000608,es,es,siendo sostenido y acariciado,siendo acariciado,dico_phrasis_0000608__es-es__original,FORWARD_ENTAILMENT
dico_phrasis_0000608__es-es__original,dico_phrasis_0000608,es,es,siendo acariciado,siendo sostenido y acariciado,dico_phrasis_0000608__es-es__flipped,BACKWARD_ENTAILMENT
dico_phrasis_0000609__es-es__flipped,dico_phrasis_0000609,es,es,Un autobús rojo de dos pisos,Un autobús de dos pisos,dico_phrasis_0000609__es-es__original,FORWARD_ENTAILMENT
dico_phrasis_0000609__es-es__original,dico_phrasis_0000609,es,es,Un autobús de dos pisos,Un autobús rojo de dos pisos,dico_phrasis_0000609__es-es__flipped,BACKWARD_ENTAILMENT
dico_phrasis_0000610__es-es__flipped,dico_phrasis_0000610,es,es,conduciendo hacia abajo,conduce,dico_phrasis_0000610__es-es__original,FORWARD_ENTAILMENT
dico_phrasis_0000610__es-es__original,dico_phrasis_0000610,es,es,conduce,conduciendo hacia abajo,dico_phrasis_0000610__es-es__flipped,BACKWARD_ENTAILMENT
dico_phrasis_0000611__es-es__flipped,dico_phrasis_0000611,es,es,con una gorra y una chaqueta,con un sombrero,dico_phrasis_0000611__es-es__original,FORWARD_ENTAILMENT
dico_phrasis_0000611__es-es__original,dico_phrasis_0000611,es,es,con un sombrero,con una gorra y una chaqueta,dico_phrasis_0000611__es-es__flipped,BACKWARD_ENTAILMENT
dico_phrasis_0000612__es-es__flipped,dico_phrasis_0000612,es,es,de una sala de estar,Una sala de estar,dico_phrasis_0000612__es-es__original,FORWARD_ENTAILMENT
dico_phrasis_0000612__es-es__original,dico_phrasis_0000612,es,es,Una sala de estar,de una sala de estar,dico_phrasis_0000612__es-es__flipped,BACKWARD_ENTAILMENT
dico_phrasis_0000613__es-es__flipped,dico_phrasis_0000613,es,es,Un viejo autobús rojo londinense de dos pisos,Autobús rojo de dos pisos,dico_phrasis_0000613__es-es__original,FORWARD_ENTAILMENT
dico_phrasis_0000613__es-es__original,dico_phrasis_0000613,es,es,Autobús rojo de dos pisos,Un viejo autobús rojo londinense de dos pisos,dico_phrasis_0000613__es-es__flipped,BACKWARD_ENTAILMENT
dico_phrasis_0000615__es-es__flipped,dico_phrasis_0000615,es,es,sobre un suelo de madera,en el suelo,dico_phrasis_0000615__es-es__original,FORWARD_ENTAILMENT
dico_phrasis_0000615__es-es__original,dico_phrasis_0000615,es,es,en el suelo,sobre un suelo de madera,dico_phrasis_0000615__es-es__flipped,BACKWARD_ENTAILMENT
dico_phrasis_0000617__es-es__flipped,dico_phrasis_0000617,es,es,Gato gris y blanco,Gato blanco,dico_phrasis_0000617__es-es__original,FORWARD_ENTAILMENT
dico_phrasis_0000617__es-es__original,dico_phrasis_0000617,es,es,Gato blanco,Gato gris y blanco,dico_phrasis_0000617__es-es__flipped,BACKWARD_ENTAILMENT
dico_phrasis_0000624__es-es__flipped,dico_phrasis_0000624,es,es,de un camión articulado blanco,de un camión articulado,dico_phrasis_0000624__es-es__original,FORWARD_ENTAILMENT
dico_phrasis_0000624__es-es__original,dico_phrasis_0000624,es,es,de un camión articulado,de un camión articulado blanco,dico_phrasis_0000624__es-es__flipped,BACKWARD_ENTAILMENT
dico_phrasis_0000625__es-es__flipped,dico_phrasis_0000625,es,es,de negro y blanco lira,de negro,dico_phrasis_0000625__es-es__original,FORWARD_ENTAILMENT
dico_phrasis_0000625__es-es__original,dico_phrasis_0000625,es,es,de negro,de negro y blanco lira,dico_phrasis_0000625__es-es__flipped,BACKWARD_ENTAILMENT
dico_phrasis_0000626__es-es__flipped,dico_phrasis_0000626,es,es,de un caballo blanco y negro,de un caballo negro,dico_phrasis_0000626__es-es__original,FORWARD_ENTAILMENT
dico_phrasis_0000626__es-es__original,dico_phrasis_0000626,es,es,de un caballo negro,de un caballo blanco y negro,dico_phrasis_0000626__es-es__flipped,BACKWARD_ENTAILMENT
dico_phrasis_0000628__es-es__flipped,dico_phrasis_0000628,es,es,Un avión blanco pequeño,Un avión pequeño,dico_phrasis_0000628__es-es__original,FORWARD_ENTAILMENT
dico_phrasis_0000628__es-es__original,dico_phrasis_0000628,es,es,Un avión pequeño,Un avión blanco pequeño,dico_phrasis_0000628__es-es__flipped,BACKWARD_ENTAILMENT
dico_phrasis_0000629__es-es__flipped,dico_phrasis_0000629,es,es,junto a un hombre con casco,mientras un hombre,dico_phrasis_0000629__es-es__original,FORWARD_ENTAILMENT
dico_phrasis_0000629__es-es__original,dico_phrasis_0000629,es,es,mientras un hombre,junto a un hombre con casco,dico_phrasis_0000629__es-es__flipped,BACKWARD_ENTAILMENT
dico_phrasis_0000630__es-es__flipped,dico_phrasis_0000630,es,es,"al borde de una carretera, con un lago y una montaña al fondo",junto a una carretera y un lago,dico_phrasis_0000630__es-es__original,FORWARD_ENTAILMENT
dico_phrasis_0000630__es-es__original,dico_phrasis_0000630,es,es,junto a una carretera y un lago,"al borde de una carretera, con un lago y una montaña al fondo",dico_phrasis_0000630__es-es__flipped,BACKWARD_ENTAILMENT
dico_phrasis_0000631__es-es__flipped,dico_phrasis_0000631,es,es,de un caballo marrón,de un caballo,dico_phrasis_0000631__es-es__original,FORWARD_ENTAILMENT
dico_phrasis_0000631__es-es__original,dico_phrasis_0000631,es,es,de un caballo,de un caballo marrón,dico_phrasis_0000631__es-es__flipped,BACKWARD_ENTAILMENT
dico_phrasis_0000633__es-es__flipped,dico_phrasis_0000633,es,es,Dos águilas,Dos animales,dico_phrasis_0000633__es-es__original,FORWARD_ENTAILMENT
dico_phrasis_0000633__es-es__original,dico_phrasis_0000633,es,es,Dos animales,Dos águilas,dico_phrasis_0000633__es-es__flipped,BACKWARD_ENTAILMENT
dico_phrasis_0000634__es-es__flipped,dico_phrasis_0000634,es,es,El gato gris y blanco,El gato,dico_phrasis_0000634__es-es__original,FORWARD_ENTAILMENT
dico_phrasis_0000634__es-es__original,dico_phrasis_0000634,es,es,El gato,El gato gris y blanco,dico_phrasis_0000634__es-es__flipped,BACKWARD_ENTAILMENT
dico_phrasis_0000635__es-es__flipped,dico_phrasis_0000635,es,es,mientras está sentado,sentado,dico_phrasis_0000635__es-es__original,FORWARD_ENTAILMENT
dico_phrasis_0000635__es-es__original,dico_phrasis_0000635,es,es,sentado,mientras está sentado,dico_phrasis_0000635__es-es__flipped,BACKWARD_ENTAILMENT
dico_phrasis_0000636__es-es__flipped,dico_phrasis_0000636,es,es,mientras está sentado,sentado,dico_phrasis_0000636__es-es__original,FORWARD_ENTAILMENT
dico_phrasis_0000636__es-es__original,dico_phrasis_0000636,es,es,sentado,mientras está sentado,dico_phrasis_0000636__es-es__flipped,BACKWARD_ENTAILMENT
dico_phrasis_0000637__es-es__flipped,dico_phrasis_0000637,es,es,a Filipinas,para la nación filipina,dico_phrasis_0000637__es-es__original,EQUIVALENCE
dico_phrasis_0000637__es-es__original,dico_phrasis_0000637,es,es,para la nación filipina,a Filipinas,dico_phrasis_0000637__es-es__flipped,EQUIVALENCE
dico_phrasis_0000638__es-es__flipped,dico_phrasis_0000638,es,es,derogar,deroga,dico_phrasis_0000638__es-es__original,EQUIVALENCE
dico_phrasis_0000638__es-es__original,dico_phrasis_0000638,es,es,deroga,derogar,dico_phrasis_0000638__es-es__flipped,EQUIVALENCE
dico_phrasis_0000639__es-es__flipped,dico_phrasis_0000639,es,es,"Sharon, ex primer ministro israelí","Ariel Sharon, ex primer ministro de Israel",dico_phrasis_0000639__es-es__original,EQUIVALENCE
dico_phrasis_0000639__es-es__original,dico_phrasis_0000639,es,es,"Ariel Sharon, ex primer ministro de Israel","Sharon, ex primer ministro israelí",dico_phrasis_0000639__es-es__flipped,EQUIVALENCE
dico_phrasis_0000640__es-es__flipped,dico_phrasis_0000640,es,es,tres goles marcados por Ronaldo,El triplete de Ronaldo,dico_phrasis_0000640__es-es__original,EQUIVALENCE
dico_phrasis_0000640__es-es__original,dico_phrasis_0000640,es,es,El triplete de Ronaldo,tres goles marcados por Ronaldo,dico_phrasis_0000640__es-es__flipped,EQUIVALENCE
dico_phrasis_0000642__es-es__flipped,dico_phrasis_0000642,es,es,manifestantes de Ucrania,manifestantes ucranianos,dico_phrasis_0000642__es-es__original,EQUIVALENCE
dico_phrasis_0000642__es-es__original,dico_phrasis_0000642,es,es,manifestantes ucranianos,manifestantes de Ucrania,dico_phrasis_0000642__es-es__flipped,EQUIVALENCE
dico_phrasis_0000643__es-es__flipped,dico_phrasis_0000643,es,es,Shehla Raza,la propia Shehla Raza,dico_phrasis_0000643__es-es__original,EQUIVALENCE
dico_phrasis_0000643__es-es__original,dico_phrasis_0000643,es,es,la propia Shehla Raza,Shehla Raza,dico_phrasis_0000643__es-es__flipped,EQUIVALENCE
dico_phrasis_0000645__es-es__flipped,dico_phrasis_0000645,es,es,la falta de empleo en toda la zona euro,el desempleo de la eurozona,dico_phrasis_0000645__es-es__original,EQUIVALENCE
dico_phrasis_0000645__es-es__original,dico_phrasis_0000645,es,es,el desempleo de la eurozona,la falta de empleo en toda la zona euro,dico_phrasis_0000645__es-es__flipped,EQUIVALENCE
dico_phrasis_0000646__es-es__flipped,dico_phrasis_0000646,es,es,presidente surcoreano,presidente de Corea del Sur,dico_phrasis_0000646__es-es__original,EQUIVALENCE
dico_phrasis_0000646__es-es__original,dico_phrasis_0000646,es,es,presidente de Corea del Sur,presidente surcoreano,dico_phrasis_0000646__es-es__flipped,EQUIVALENCE
dico_phrasis_0000648__es-es__flipped,dico_phrasis_0000648,es,es,"el secretario de Estado de EE. UU., John Kerry","el principal diplomático de EE. UU., Kerry",dico_phrasis_0000648__es-es__original,EQUIVALENCE
dico_phrasis_0000648__es-es__original,dico_phrasis_0000648,es,es,"el principal diplomático de EE. UU., Kerry","el secretario de Estado de EE. UU., John Kerry",dico_phrasis_0000648__es-es__flipped,EQUIVALENCE
dico_phrasis_0000649__es-es__flipped,dico_phrasis_0000649,es,es,sostiene,sostener,dico_phrasis_0000649__es-es__original,EQUIVALENCE
dico_phrasis_0000649__es-es__original,dico_phrasis_0000649,es,es,sostener,sostiene,dico_phrasis_0000649__es-es__flipped,EQUIVALENCE
dico_phrasis_0000650__es-es__flipped,dico_phrasis_0000650,es,es,con 116 años,a los 116 años,dico_phrasis_0000650__es-es__original,EQUIVALENCE
dico_phrasis_0000650__es-es__original,dico_phrasis_0000650,es,es,a los 116 años,con 116 años,dico_phrasis_0000650__es-es__flipped,EQUIVALENCE
dico_phrasis_0000651__es-es__flipped,dico_phrasis_0000651,es,es,pacto nuclear de Irán,acuerdo nuclear de Irán,dico_phrasis_0000651__es-es__original,EQUIVALENCE
dico_phrasis_0000651__es-es__original,dico_phrasis_0000651,es,es,acuerdo nuclear de Irán,pacto nuclear de Irán,dico_phrasis_0000651__es-es__flipped,EQUIVALENCE
dico_phrasis_0000652__es-es__flipped,dico_phrasis_0000652,es,es,está reaccionando,reaccionando,dico_phrasis_0000652__es-es__original,EQUIVALENCE
dico_phrasis_0000652__es-es__original,dico_phrasis_0000652,es,es,reaccionando,está reaccionando,dico_phrasis_0000652__es-es__flipped,EQUIVALENCE
dico_phrasis_0000655__es-es__flipped,dico_phrasis_0000655,es,es,por el ataque,sobre el ataque,dico_phrasis_0000655__es-es__original,EQUIVALENCE
dico_phrasis_0000655__es-es__original,dico_phrasis_0000655,es,es,sobre el ataque,por el ataque,dico_phrasis_0000655__es-es__flipped,EQUIVALENCE
dico_phrasis_0000656__es-es__flipped,dico_phrasis_0000656,es,es,procedente de la aeronave desaparecida,del avión desaparecido,dico_phrasis_0000656__es-es__original,EQUIVALENCE
dico_phrasis_0000656__es-es__original,dico_phrasis_0000656,es,es,del avión desaparecido,procedente de la aeronave desaparecida,dico_phrasis_0000656__es-es__flipped,EQUIVALENCE
dico_phrasis_0000658__es-es__flipped,dico_phrasis_0000658,es,es,con el fin de ayudar,para ayudar,dico_phrasis_0000658__es-es__original,EQUIVALENCE
dico_phrasis_0000658__es-es__original,dico_phrasis_0000658,es,es,para ayudar,con el fin de ayudar,dico_phrasis_0000658__es-es__flipped,EQUIVALENCE
dico_phrasis_0000660__es-es__flipped,dico_phrasis_0000660,es,es,El exgobernante militar de Pakistán Pervez Musharraf,El expresidente de Pakistán Pervez Musharraf,dico_phrasis_0000660__es-es__original,EQUIVALENCE
dico_phrasis_0000660__es-es__original,dico_phrasis_0000660,es,es,El expresidente de Pakistán Pervez Musharraf,El exgobernante militar de Pakistán Pervez Musharraf,dico_phrasis_0000660__es-es__flipped,EQUIVALENCE
dico_phrasis_0000663__es-es__flipped,dico_phrasis_0000663,es,es,acordarse de,recordar,dico_phrasis_0000663__es-es__original,EQUIVALENCE
dico_phrasis_0000663__es-es__original,dico_phrasis_0000663,es,es,recordar,acordarse de,dico_phrasis_0000663__es-es__flipped,EQUIVALENCE
dico_phrasis_0000664__es-es__flipped,dico_phrasis_0000664,es,es,frente a islas en disputa,frente a las islas en disputa,dico_phrasis_0000664__es-es__original,EQUIVALENCE
dico_phrasis_0000664__es-es__original,dico_phrasis_0000664,es,es,frente a las islas en disputa,frente a islas en disputa,dico_phrasis_0000664__es-es__flipped,EQUIVALENCE
dico_phrasis_0000665__es-es__flipped,dico_phrasis_0000665,es,es,se beneficiará,beneficiándose,dico_phrasis_0000665__es-es__original,EQUIVALENCE
dico_phrasis_0000665__es-es__original,dico_phrasis_0000665,es,es,beneficiándose,se beneficiará,dico_phrasis_0000665__es-es__flipped,EQUIVALENCE
dico_phrasis_0000668__es-es__flipped,dico_phrasis_0000668,es,es,en noviembre,durante noviembre,dico_phrasis_0000668__es-es__original,EQUIVALENCE
dico_phrasis_0000668__es-es__original,dico_phrasis_0000668,es,es,durante noviembre,en noviembre,dico_phrasis_0000668__es-es__flipped,EQUIVALENCE
dico_phrasis_0000670__es-es__flipped,dico_phrasis_0000670,es,es,Jugador de fútbol americano Aaron Hernandez,Jugador de fútbol americano profesional Aaron Hernandez,dico_phrasis_0000670__es-es__original,EQUIVALENCE
dico_phrasis_0000670__es-es__original,dico_phrasis_0000670,es,es,Jugador de fútbol americano profesional Aaron Hernandez,Jugador de fútbol americano Aaron Hernandez,dico_phrasis_0000670__es-es__flipped,EQUIVALENCE
dico_phrasis_0000672__es-es__flipped,dico_phrasis_0000672,es,es,para levantar,después de levantar,dico_phrasis_0000672__es-es__original,EQUIVALENCE
dico_phrasis_0000672__es-es__original,dico_phrasis_0000672,es,es,después de levantar,para levantar,dico_phrasis_0000672__es-es__flipped,EQUIVALENCE
dico_phrasis_0000673__es-es__flipped,dico_phrasis_0000673,es,es,miembros de la Cruz Roja,trabajadores de la Cruz Roja,dico_phrasis_0000673__es-es__original,EQUIVALENCE
dico_phrasis_0000673__es-es__original,dico_phrasis_0000673,es,es,trabajadores de la Cruz Roja,miembros de la Cruz Roja,dico_phrasis_0000673__es-es__flipped,EQUIVALENCE
dico_phrasis_0000674__es-es__flipped,dico_phrasis_0000674,es,es,en el centro de inmigración de Papúa Nueva Guinea,en el centro de inmigración de PNG,dico_phrasis_0000674__es-es__original,EQUIVALENCE
dico_phrasis_0000674__es-es__original,dico_phrasis_0000674,es,es,en el centro de inmigración de PNG,en el centro de inmigración de Papúa Nueva Guinea,dico_phrasis_0000674__es-es__flipped,EQUIVALENCE
dico_phrasis_0000677__es-es__flipped,dico_phrasis_0000677,es,es,como las fuerzas egipcias,como la policía de Egipto,dico_phrasis_0000677__es-es__original,EQUIVALENCE
dico_phrasis_0000677__es-es__original,dico_phrasis_0000677,es,es,como la policía de Egipto,como las fuerzas egipcias,dico_phrasis_0000677__es-es__flipped,EQUIVALENCE
dico_phrasis_0000678__es-es__flipped,dico_phrasis_0000678,es,es,de un misil guiado «revolucionario»,un misil guiado descrito como un gran avance,dico_phrasis_0000678__es-es__original,EQUIVALENCE
dico_phrasis_0000678__es-es__original,dico_phrasis_0000678,es,es,un misil guiado descrito como un gran avance,de un misil guiado «revolucionario»,dico_phrasis_0000678__es-es__flipped,EQUIVALENCE
dico_phrasis_0000679__es-es__flipped,dico_phrasis_0000679,es,es,negarse a participar,boicotear,dico_phrasis_0000679__es-es__original,EQUIVALENCE
dico_phrasis_0000679__es-es__original,dico_phrasis_0000679,es,es,boicotear,negarse a participar,dico_phrasis_0000679__es-es__flipped,EQUIVALENCE
dico_phrasis_0000681__es-es__flipped,dico_phrasis_0000681,es,es,en relación con la península de Crimea,sobre Crimea,dico_phrasis_0000681__es-es__original,EQUIVALENCE
dico_phrasis_0000681__es-es__original,dico_phrasis_0000681,es,es,sobre Crimea,en relación con la península de Crimea,dico_phrasis_0000681__es-es__flipped,EQUIVALENCE
dico_phrasis_0000682__es-es__flipped,dico_phrasis_0000682,es,es,3 diplomáticos estadounidenses,tres diplomáticos estadounidenses,dico_phrasis_0000682__es-es__original,EQUIVALENCE
dico_phrasis_0000682__es-es__original,dico_phrasis_0000682,es,es,tres diplomáticos estadounidenses,3 diplomáticos estadounidenses,dico_phrasis_0000682__es-es__flipped,EQUIVALENCE
dico_phrasis_0000684__es-es__flipped,dico_phrasis_0000684,es,es,a Adolf Hitler,a Hitler,dico_phrasis_0000684__es-es__original,EQUIVALENCE
dico_phrasis_0000684__es-es__original,dico_phrasis_0000684,es,es,a Hitler,a Adolf Hitler,dico_phrasis_0000684__es-es__flipped,EQUIVALENCE
dico_phrasis_0000686__es-es__flipped,dico_phrasis_0000686,es,es,tras declararse un incendio en el metro de Moscú,en el incendio del metro de Moscú,dico_phrasis_0000686__es-es__original,EQUIVALENCE
dico_phrasis_0000686__es-es__original,dico_phrasis_0000686,es,es,en el incendio del metro de Moscú,tras declararse un incendio en el metro de Moscú,dico_phrasis_0000686__es-es__flipped,EQUIVALENCE
dico_phrasis_0000687__es-es__flipped,dico_phrasis_0000687,es,es,para una concentración multitudinaria,para una marcha multitudinaria,dico_phrasis_0000687__es-es__original,EQUIVALENCE
dico_phrasis_0000687__es-es__original,dico_phrasis_0000687,es,es,para una marcha multitudinaria,para una concentración multitudinaria,dico_phrasis_0000687__es-es__flipped,EQUIVALENCE
dico_phrasis_0000688__es-es__flipped,dico_phrasis_0000688,es,es,puede favorecer,puede ayudar,dico_phrasis_0000688__es-es__original,EQUIVALENCE
dico_phrasis_0000688__es-es__original,dico_phrasis_0000688,es,es,puede ayudar,puede favorecer,dico_phrasis_0000688__es-es__flipped,EQUIVALENCE
dico_phrasis_0000689__es-es__flipped,dico_phrasis_0000689,es,es,"en un hospital psiquiátrico ruso, incendio",Incendio en un hospital psiquiátrico ruso,dico_phrasis_0000689__es-es__original,EQUIVALENCE
dico_phrasis_0000689__es-es__original,dico_phrasis_0000689,es,es,Incendio en un hospital psiquiátrico ruso,"en un hospital psiquiátrico ruso, incendio",dico_phrasis_0000689__es-es__flipped,EQUIVALENCE
dico_phrasis_0000690__es-es__flipped,dico_phrasis_0000690,es,es,Erupción volcánica,Un volcán entra en erupción,dico_phrasis_0000690__es-es__original,EQUIVALENCE
dico_phrasis_0000690__es-es__original,dico_phrasis_0000690,es,es,Un volcán entra en erupción,Erupción volcánica,dico_phrasis_0000690__es-es__flipped,EQUIVALENCE
dico_phrasis_0000691__es-es__flipped,dico_phrasis_0000691,es,es,la premio nobel Doris Lessing,la autora nobel Doris Lessing,dico_phrasis_0000691__es-es__original,EQUIVALENCE
dico_phrasis_0000691__es-es__original,dico_phrasis_0000691,es,es,la autora nobel Doris Lessing,la premio nobel Doris Lessing,dico_phrasis_0000691__es-es__flipped,EQUIVALENCE
dico_phrasis_0000692__es-es__flipped,dico_phrasis_0000692,es,es,Ejército israelí,Fuerzas israelíes,dico_phrasis_0000692__es-es__original,EQUIVALENCE
dico_phrasis_0000692__es-es__original,dico_phrasis_0000692,es,es,Fuerzas israelíes,Ejército israelí,dico_phrasis_0000692__es-es__flipped,EQUIVALENCE
dico_phrasis_0000694__es-es__flipped,dico_phrasis_0000694,es,es,comicios del 7 de septiembre,elecciones del 7 de septiembre,dico_phrasis_0000694__es-es__original,EQUIVALENCE
dico_phrasis_0000694__es-es__original,dico_phrasis_0000694,es,es,elecciones del 7 de septiembre,comicios del 7 de septiembre,dico_phrasis_0000694__es-es__flipped,EQUIVALENCE
dico_phrasis_0000695__es-es__flipped,dico_phrasis_0000695,es,es,"El primer ministro de Australia, Kevin Rudd",El primer ministro australiano Kevin Rudd,dico_phrasis_0000695__es-es__original,EQUIVALENCE
dico_phrasis_0000695__es-es__original,dico_phrasis_0000695,es,es,El primer ministro australiano Kevin Rudd,"El primer ministro de Australia, Kevin Rudd",dico_phrasis_0000695__es-es__flipped,EQUIVALENCE
dico_phrasis_0000696__es-es__flipped,dico_phrasis_0000696,es,es,alegando amenazas de Al Qaeda,por la amenaza de Al Qaeda,dico_phrasis_0000696__es-es__original,EQUIVALENCE
dico_phrasis_0000696__es-es__original,dico_phrasis_0000696,es,es,por la amenaza de Al Qaeda,alegando amenazas de Al Qaeda,dico_phrasis_0000696__es-es__flipped,EQUIVALENCE
dico_phrasis_0000697__es-es__flipped,dico_phrasis_0000697,es,es,"Paul Walker, estrella de «Fast and Furious»","Paul Walker, estrella de «Fast & Furious»",dico_phrasis_0000697__es-es__original,EQUIVALENCE
dico_phrasis_0000697__es-es__original,dico_phrasis_0000697,es,es,"Paul Walker, estrella de «Fast & Furious»","Paul Walker, estrella de «Fast and Furious»",dico_phrasis_0000697__es-es__flipped,EQUIVALENCE
dico_phrasis_0000699__es-es__flipped,dico_phrasis_0000699,es,es,para conversaciones nucleares,sobre negociaciones en materia nuclear,dico_phrasis_0000699__es-es__original,EQUIVALENCE
dico_phrasis_0000699__es-es__original,dico_phrasis_0000699,es,es,sobre negociaciones en materia nuclear,para conversaciones nucleares,dico_phrasis_0000699__es-es__flipped,EQUIVALENCE
dico_phrasis_0000700__es-es__flipped,dico_phrasis_0000700,es,es,Filipinas,la nación filipina,dico_phrasis_0000700__es-es__original,EQUIVALENCE
dico_phrasis_0000700__es-es__original,dico_phrasis_0000700,es,es,la nación filipina,Filipinas,dico_phrasis_0000700__es-es__flipped,EQUIVALENCE
dico_phrasis_0000703__es-es__flipped,dico_phrasis_0000703,es,es,entrega de vuelta,devuelve,dico_phrasis_0000703__es-es__original,EQUIVALENCE
dico_phrasis_0000703__es-es__original,dico_phrasis_0000703,es,es,devuelve,entrega de vuelta,dico_phrasis_0000703__es-es__flipped,EQUIVALENCE
dico_phrasis_0000704__es-es__flipped,dico_phrasis_0000704,es,es,en una erupción volcánica en Indonesia,durante una erupción volcánica en Indonesia,dico_phrasis_0000704__es-es__original,EQUIVALENCE
dico_phrasis_0000704__es-es__original,dico_phrasis_0000704,es,es,durante una erupción volcánica en Indonesia,en una erupción volcánica en Indonesia,dico_phrasis_0000704__es-es__flipped,EQUIVALENCE
dico_phrasis_0000706__es-es__flipped,dico_phrasis_0000706,es,es,por apostasía,por renunciar a la propia religión,dico_phrasis_0000706__es-es__original,EQUIVALENCE
dico_phrasis_0000706__es-es__original,dico_phrasis_0000706,es,es,por renunciar a la propia religión,por apostasía,dico_phrasis_0000706__es-es__flipped,EQUIVALENCE
dico_phrasis_0000709__es-es__flipped,dico_phrasis_0000709,es,es,sospechoso del atentado con bombas de Boston,sospechoso del atentado de Boston,dico_phrasis_0000709__es-es__original,EQUIVALENCE
dico_phrasis_0000709__es-es__original,dico_phrasis_0000709,es,es,sospechoso del atentado de Boston,sospechoso del atentado con bombas de Boston,dico_phrasis_0000709__es-es__flipped,EQUIVALENCE
dico_phrasis_0000710__es-es__flipped,dico_phrasis_0000710,es,es,la agitación de Egipto,disturbios en Egipto,dico_phrasis_0000710__es-es__original,EQUIVALENCE
dico_phrasis_0000710__es-es__original,dico_phrasis_0000710,es,es,disturbios en Egipto,la agitación de Egipto,dico_phrasis_0000710__es-es__flipped,EQUIVALENCE
dico_phrasis_0000713__es-es__flipped,dico_phrasis_0000713,es,es,"Cory Monteith, estrella de «Glee»","Cory Monteith, actor de «Glee»",dico_phrasis_0000713__es-es__original,EQUIVALENCE
dico_phrasis_0000713__es-es__original,dico_phrasis_0000713,es,es,"Cory Monteith, actor de «Glee»","Cory Monteith, estrella de «Glee»",dico_phrasis_0000713__es-es__flipped,EQUIVALENCE
dico_phrasis_0000717__es-es__flipped,dico_phrasis_0000717,es,es,un avión de Malaysia Airlines,una aeronave operada por Malaysia Airlines,dico_phrasis_0000717__es-es__original,EQUIVALENCE
dico_phrasis_0000717__es-es__original,dico_phrasis_0000717,es,es,una aeronave operada por Malaysia Airlines,un avión de Malaysia Airlines,dico_phrasis_0000717__es-es__flipped,EQUIVALENCE
dico_phrasis_0000719__es-es__flipped,dico_phrasis_0000719,es,es,acciones chinas,acciones de China,dico_phrasis_0000719__es-es__original,EQUIVALENCE
dico_phrasis_0000719__es-es__original,dico_phrasis_0000719,es,es,acciones de China,acciones chinas,dico_phrasis_0000719__es-es__flipped,EQUIVALENCE
dico_phrasis_0000720__es-es__flipped,dico_phrasis_0000720,es,es,Después de la niña india de 6 años,sobre una niña india de unos 6 años,dico_phrasis_0000720__es-es__original,EQUIVALENCE
dico_phrasis_0000720__es-es__original,dico_phrasis_0000720,es,es,sobre una niña india de unos 6 años,Después de la niña india de 6 años,dico_phrasis_0000720__es-es__flipped,EQUIVALENCE
dico_phrasis_0000722__es-es__flipped,dico_phrasis_0000722,es,es,está caminando,desplazándose a pie,dico_phrasis_0000722__es-es__original,EQUIVALENCE
dico_phrasis_0000722__es-es__original,dico_phrasis_0000722,es,es,desplazándose a pie,está caminando,dico_phrasis_0000722__es-es__flipped,EQUIVALENCE
dico_phrasis_0000723__es-es__flipped,dico_phrasis_0000723,es,es,mantienen una pose,están posando,dico_phrasis_0000723__es-es__original,EQUIVALENCE
dico_phrasis_0000723__es-es__original,dico_phrasis_0000723,es,es,están posando,mantienen una pose,dico_phrasis_0000723__es-es__flipped,EQUIVALENCE
dico_phrasis_0000727__es-es__flipped,dico_phrasis_0000727,es,es,está sujetando,manteniendo sujeto,dico_phrasis_0000727__es-es__original,EQUIVALENCE
dico_phrasis_0000727__es-es__original,dico_phrasis_0000727,es,es,manteniendo sujeto,está sujetando,dico_phrasis_0000727__es-es__flipped,EQUIVALENCE
dico_phrasis_0000730__es-es__flipped,dico_phrasis_0000730,es,es,entrando en el agua,al agua,dico_phrasis_0000730__es-es__original,EQUIVALENCE
dico_phrasis_0000730__es-es__original,dico_phrasis_0000730,es,es,al agua,entrando en el agua,dico_phrasis_0000730__es-es__flipped,EQUIVALENCE
dico_phrasis_0000735__es-es__flipped,dico_phrasis_0000735,es,es,están corriendo,moviéndose a la carrera,dico_phrasis_0000735__es-es__original,EQUIVALENCE
dico_phrasis_0000735__es-es__original,dico_phrasis_0000735,es,es,moviéndose a la carrera,están corriendo,dico_phrasis_0000735__es-es__flipped,EQUIVALENCE
dico_phrasis_0000736__es-es__flipped,dico_phrasis_0000736,es,es,Dos perros,Un par de perros,dico_phrasis_0000736__es-es__original,EQUIVALENCE
dico_phrasis_0000736__es-es__original,dico_phrasis_0000736,es,es,Un par de perros,Dos perros,dico_phrasis_0000736__es-es__flipped,EQUIVALENCE
dico_phrasis_0000737__es-es__flipped,dico_phrasis_0000737,es,es,lleva puesto,vestido con,dico_phrasis_0000737__es-es__original,EQUIVALENCE
dico_phrasis_0000737__es-es__original,dico_phrasis_0000737,es,es,vestido con,lleva puesto,dico_phrasis_0000737__es-es__flipped,EQUIVALENCE
dico_phrasis_0000740__es-es__flipped,dico_phrasis_0000740,es,es,están de pie,estar de pie,dico_phrasis_0000740__es-es__original,EQUIVALENCE
dico_phrasis_0000740__es-es__original,dico_phrasis_0000740,es,es,estar de pie,están de pie,dico_phrasis_0000740__es-es__flipped,EQUIVALENCE
dico_phrasis_0000741__es-es__flipped,dico_phrasis_0000741,es,es,Los tres niños,un grupo de tres niños,dico_phrasis_0000741__es-es__original,EQUIVALENCE
dico_phrasis_0000741__es-es__original,dico_phrasis_0000741,es,es,un grupo de tres niños,Los tres niños,dico_phrasis_0000741__es-es__flipped,EQUIVALENCE
dico_phrasis_0000742__es-es__flipped,dico_phrasis_0000742,es,es,sostiene,está sosteniendo,dico_phrasis_0000742__es-es__original,EQUIVALENCE
dico_phrasis_0000742__es-es__original,dico_phrasis_0000742,es,es,está sosteniendo,sostiene,dico_phrasis_0000742__es-es__flipped,EQUIVALENCE
dico_phrasis_0000744__es-es__flipped,dico_phrasis_0000744,es,es,el buceador,una persona equipada para bucear,dico_phrasis_0000744__es-es__original,EQUIVALENCE
dico_phrasis_0000744__es-es__original,dico_phrasis_0000744,es,es,una persona equipada para bucear,el buceador,dico_phrasis_0000744__es-es__flipped,EQUIVALENCE
dico_phrasis_0000745__es-es__flipped,dico_phrasis_0000745,es,es,está corriendo rápidamente,corre rápidamente,dico_phrasis_0000745__es-es__original,EQUIVALENCE
dico_phrasis_0000745__es-es__original,dico_phrasis_0000745,es,es,corre rápidamente,está corriendo rápidamente,dico_phrasis_0000745__es-es__flipped,EQUIVALENCE
dico_phrasis_0000746__es-es__flipped,dico_phrasis_0000746,es,es,Un grupo de coches,Muchos coches,dico_phrasis_0000746__es-es__original,EQUIVALENCE
dico_phrasis_0000746__es-es__original,dico_phrasis_0000746,es,es,Muchos coches,Un grupo de coches,dico_phrasis_0000746__es-es__flipped,EQUIVALENCE
dico_phrasis_0000747__es-es__flipped,dico_phrasis_0000747,es,es,sumergido en el agua,en el agua,dico_phrasis_0000747__es-es__original,EQUIVALENCE
dico_phrasis_0000747__es-es__original,dico_phrasis_0000747,es,es,en el agua,sumergido en el agua,dico_phrasis_0000747__es-es__flipped,EQUIVALENCE
dico_phrasis_0000748__es-es__flipped,dico_phrasis_0000748,es,es,con el collar azul,con un collar de color azul,dico_phrasis_0000748__es-es__original,EQUIVALENCE
dico_phrasis_0000748__es-es__original,dico_phrasis_0000748,es,es,con un collar de color azul,con el collar azul,dico_phrasis_0000748__es-es__flipped,EQUIVALENCE
dico_phrasis_0000749__es-es__flipped,dico_phrasis_0000749,es,es,en la nieve,en medio de la nieve,dico_phrasis_0000749__es-es__original,EQUIVALENCE
dico_phrasis_0000749__es-es__original,dico_phrasis_0000749,es,es,en medio de la nieve,en la nieve,dico_phrasis_0000749__es-es__flipped,EQUIVALENCE
dico_phrasis_0000750__es-es__flipped,dico_phrasis_0000750,es,es,perro negro,un canino de pelaje negro,dico_phrasis_0000750__es-es__original,EQUIVALENCE
dico_phrasis_0000750__es-es__original,dico_phrasis_0000750,es,es,un canino de pelaje negro,perro negro,dico_phrasis_0000750__es-es__flipped,EQUIVALENCE
dico_phrasis_0000751__es-es__flipped,dico_phrasis_0000751,es,es,está persiguiendo,está corriendo detrás de,dico_phrasis_0000751__es-es__original,EQUIVALENCE
dico_phrasis_0000751__es-es__original,dico_phrasis_0000751,es,es,está corriendo detrás de,está persiguiendo,dico_phrasis_0000751__es-es__flipped,EQUIVALENCE
dico_phrasis_0000753__es-es__flipped,dico_phrasis_0000753,es,es,está soplando,sopla,dico_phrasis_0000753__es-es__original,EQUIVALENCE
dico_phrasis_0000753__es-es__original,dico_phrasis_0000753,es,es,sopla,está soplando,dico_phrasis_0000753__es-es__flipped,EQUIVALENCE
dico_phrasis_0000755__es-es__flipped,dico_phrasis_0000755,es,es,cajas de colores,bloques multicolores,dico_phrasis_0000755__es-es__original,EQUIVALENCE
dico_phrasis_0000755__es-es__original,dico_phrasis_0000755,es,es,bloques multicolores,cajas de colores,dico_phrasis_0000755__es-es__flipped,EQUIVALENCE
dico_phrasis_0000756__es-es__flipped,dico_phrasis_0000756,es,es,hacen malabares de pie,hacen malabares,dico_phrasis_0000756__es-es__original,EQUIVALENCE
dico_phrasis_0000756__es-es__original,dico_phrasis_0000756,es,es,hacen malabares,hacen malabares de pie,dico_phrasis_0000756__es-es__flipped,EQUIVALENCE
dico_phrasis_0000758__es-es__flipped,dico_phrasis_0000758,es,es,a través de una zona boscosa nevada,a través de un bosque nevado,dico_phrasis_0000758__es-es__original,EQUIVALENCE
dico_phrasis_0000758__es-es__original,dico_phrasis_0000758,es,es,a través de un bosque nevado,a través de una zona boscosa nevada,dico_phrasis_0000758__es-es__flipped,EQUIVALENCE
dico_phrasis_0000759__es-es__flipped,dico_phrasis_0000759,es,es,con una camisa de cuadros,vistiendo una camisa de cuadros,dico_phrasis_0000759__es-es__original,EQUIVALENCE
dico_phrasis_0000759__es-es__original,dico_phrasis_0000759,es,es,vistiendo una camisa de cuadros,con una camisa de cuadros,dico_phrasis_0000759__es-es__flipped,EQUIVALENCE
dico_phrasis_0000761__es-es__flipped,dico_phrasis_0000761,es,es,está temblando,tiembla,dico_phrasis_0000761__es-es__original,EQUIVALENCE
dico_phrasis_0000761__es-es__original,dico_phrasis_0000761,es,es,tiembla,está temblando,dico_phrasis_0000761__es-es__flipped,EQUIVALENCE
dico_phrasis_0000763__es-es__flipped,dico_phrasis_0000763,es,es,Un perro color canela,Un perro marrón,dico_phrasis_0000763__es-es__original,EQUIVALENCE
dico_phrasis_0000763__es-es__original,dico_phrasis_0000763,es,es,Un perro marrón,Un perro color canela,dico_phrasis_0000763__es-es__flipped,EQUIVALENCE
dico_phrasis_0000765__es-es__flipped,dico_phrasis_0000765,es,es,en el agua,sumergido en el agua,dico_phrasis_0000765__es-es__original,EQUIVALENCE
dico_phrasis_0000765__es-es__original,dico_phrasis_0000765,es,es,sumergido en el agua,en el agua,dico_phrasis_0000765__es-es__flipped,EQUIVALENCE
dico_phrasis_0000767__es-es__flipped,dico_phrasis_0000767,es,es,dando grandes saltos,saltando a grandes zancadas,dico_phrasis_0000767__es-es__original,EQUIVALENCE
dico_phrasis_0000767__es-es__original,dico_phrasis_0000767,es,es,saltando a grandes zancadas,dando grandes saltos,dico_phrasis_0000767__es-es__flipped,EQUIVALENCE
dico_phrasis_0000770__es-es__flipped,dico_phrasis_0000770,es,es,surfea,está surfeando,dico_phrasis_0000770__es-es__original,EQUIVALENCE
dico_phrasis_0000770__es-es__original,dico_phrasis_0000770,es,es,está surfeando,surfea,dico_phrasis_0000770__es-es__flipped,EQUIVALENCE
dico_phrasis_0000771__es-es__flipped,dico_phrasis_0000771,es,es,en el coche,dentro de un automóvil,dico_phrasis_0000771__es-es__original,EQUIVALENCE
dico_phrasis_0000771__es-es__original,dico_phrasis_0000771,es,es,dentro de un automóvil,en el coche,dico_phrasis_0000771__es-es__flipped,EQUIVALENCE
dico_phrasis_0000772__es-es__flipped,dico_phrasis_0000772,es,es,navega en kayak,está navegando en kayak,dico_phrasis_0000772__es-es__original,EQUIVALENCE
dico_phrasis_0000772__es-es__original,dico_phrasis_0000772,es,es,está navegando en kayak,navega en kayak,dico_phrasis_0000772__es-es__flipped,EQUIVALENCE
dico_phrasis_0000775__es-es__flipped,dico_phrasis_0000775,es,es,está aspirando olores,está olfateando,dico_phrasis_0000775__es-es__original,EQUIVALENCE
dico_phrasis_0000775__es-es__original,dico_phrasis_0000775,es,es,está olfateando,está aspirando olores,dico_phrasis_0000775__es-es__flipped,EQUIVALENCE
dico_phrasis_0000776__es-es__flipped,dico_phrasis_0000776,es,es,sobre la hierba,sobre terreno cubierto de hierba,dico_phrasis_0000776__es-es__original,EQUIVALENCE
dico_phrasis_0000776__es-es__original,dico_phrasis_0000776,es,es,sobre terreno cubierto de hierba,sobre la hierba,dico_phrasis_0000776__es-es__flipped,EQUIVALENCE
dico_phrasis_0000779__es-es__flipped,dico_phrasis_0000779,es,es,Un perro marrón y blanco,El perro blanco y marrón,dico_phrasis_0000779__es-es__original,EQUIVALENCE
dico_phrasis_0000779__es-es__original,dico_phrasis_0000779,es,es,El perro blanco y marrón,Un perro marrón y blanco,dico_phrasis_0000779__es-es__flipped,EQUIVALENCE
dico_phrasis_0000780__es-es__flipped,dico_phrasis_0000780,es,es,están jugando,jugar,dico_phrasis_0000780__es-es__original,EQUIVALENCE
dico_phrasis_0000780__es-es__original,dico_phrasis_0000780,es,es,jugar,están jugando,dico_phrasis_0000780__es-es__flipped,EQUIVALENCE
dico_phrasis_0000783__es-es__flipped,dico_phrasis_0000783,es,es,permanece erguido,está de pie,dico_phrasis_0000783__es-es__original,EQUIVALENCE
dico_phrasis_0000783__es-es__original,dico_phrasis_0000783,es,es,está de pie,permanece erguido,dico_phrasis_0000783__es-es__flipped,EQUIVALENCE
dico_phrasis_0000785__es-es__flipped,dico_phrasis_0000785,es,es,delante de una montaña cubierta de nieve,delante de una montaña nevada,dico_phrasis_0000785__es-es__original,EQUIVALENCE
dico_phrasis_0000785__es-es__original,dico_phrasis_0000785,es,es,delante de una montaña nevada,delante de una montaña cubierta de nieve,dico_phrasis_0000785__es-es__flipped,EQUIVALENCE
dico_phrasis_0000786__es-es__flipped,dico_phrasis_0000786,es,es,están tomando,realizando el acto de tomar,dico_phrasis_0000786__es-es__original,EQUIVALENCE
dico_phrasis_0000786__es-es__original,dico_phrasis_0000786,es,es,realizando el acto de tomar,están tomando,dico_phrasis_0000786__es-es__flipped,EQUIVALENCE
dico_phrasis_0000789__es-es__flipped,dico_phrasis_0000789,es,es,están corriendo una carrera,compitiendo en una carrera,dico_phrasis_0000789__es-es__original,EQUIVALENCE
dico_phrasis_0000789__es-es__original,dico_phrasis_0000789,es,es,compitiendo en una carrera,están corriendo una carrera,dico_phrasis_0000789__es-es__flipped,EQUIVALENCE
dico_phrasis_0000790__es-es__flipped,dico_phrasis_0000790,es,es,está saltando,salta,dico_phrasis_0000790__es-es__original,EQUIVALENCE
dico_phrasis_0000790__es-es__original,dico_phrasis_0000790,es,es,salta,está saltando,dico_phrasis_0000790__es-es__flipped,EQUIVALENCE
dico_phrasis_0000791__es-es__flipped,dico_phrasis_0000791,es,es,hace,está haciendo,dico_phrasis_0000791__es-es__original,EQUIVALENCE
dico_phrasis_0000791__es-es__original,dico_phrasis_0000791,es,es,está haciendo,hace,dico_phrasis_0000791__es-es__flipped,EQUIVALENCE
dico_phrasis_0000792__es-es__flipped,dico_phrasis_0000792,es,es,usando su cama elástica,en su cama elástica,dico_phrasis_0000792__es-es__original,EQUIVALENCE
dico_phrasis_0000792__es-es__original,dico_phrasis_0000792,es,es,en su cama elástica,usando su cama elástica,dico_phrasis_0000792__es-es__flipped,EQUIVALENCE
dico_phrasis_0000793__es-es__flipped,dico_phrasis_0000793,es,es,juega,están jugando,dico_phrasis_0000793__es-es__original,EQUIVALENCE
dico_phrasis_0000793__es-es__original,dico_phrasis_0000793,es,es,están jugando,juega,dico_phrasis_0000793__es-es__flipped,EQUIVALENCE
dico_phrasis_0000794__es-es__flipped,dico_phrasis_0000794,es,es,Mujer y perro,una mujer adulta acompañada de un perro,dico_phrasis_0000794__es-es__original,EQUIVALENCE
dico_phrasis_0000794__es-es__original,dico_phrasis_0000794,es,es,una mujer adulta acompañada de un perro,Mujer y perro,dico_phrasis_0000794__es-es__flipped,EQUIVALENCE
dico_phrasis_0000795__es-es__flipped,dico_phrasis_0000795,es,es,Tres personas,Tres individuos,dico_phrasis_0000795__es-es__original,EQUIVALENCE
dico_phrasis_0000795__es-es__original,dico_phrasis_0000795,es,es,Tres individuos,Tres personas,dico_phrasis_0000795__es-es__flipped,EQUIVALENCE
dico_phrasis_0000796__es-es__flipped,dico_phrasis_0000796,es,es,detrás de una señal de prohibido esquiar,detrás de una señal que prohíbe esquiar,dico_phrasis_0000796__es-es__original,EQUIVALENCE
dico_phrasis_0000796__es-es__original,dico_phrasis_0000796,es,es,detrás de una señal que prohíbe esquiar,detrás de una señal de prohibido esquiar,dico_phrasis_0000796__es-es__flipped,EQUIVALENCE
dico_phrasis_0000797__es-es__flipped,dico_phrasis_0000797,es,es,un perro blanco y negro,el canino de pelaje blanco y negro,dico_phrasis_0000797__es-es__original,EQUIVALENCE
dico_phrasis_0000797__es-es__original,dico_phrasis_0000797,es,es,el canino de pelaje blanco y negro,un perro blanco y negro,dico_phrasis_0000797__es-es__flipped,EQUIVALENCE
dico_phrasis_0000798__es-es__flipped,dico_phrasis_0000798,es,es,en la nieve,en la nieve blanca,dico_phrasis_0000798__es-es__original,EQUIVALENCE
dico_phrasis_0000798__es-es__original,dico_phrasis_0000798,es,es,en la nieve blanca,en la nieve,dico_phrasis_0000798__es-es__flipped,EQUIVALENCE
dico_phrasis_0000799__es-es__flipped,dico_phrasis_0000799,es,es,en la playa,junto al mar,dico_phrasis_0000799__es-es__original,EQUIVALENCE
dico_phrasis_0000799__es-es__original,dico_phrasis_0000799,es,es,junto al mar,en la playa,dico_phrasis_0000799__es-es__flipped,EQUIVALENCE
dico_phrasis_0000800__es-es__flipped,dico_phrasis_0000800,es,es,un perro blanco y negro,un canino de pelaje blanco y negro,dico_phrasis_0000800__es-es__original,EQUIVALENCE
dico_phrasis_0000800__es-es__original,dico_phrasis_0000800,es,es,un canino de pelaje blanco y negro,un perro blanco y negro,dico_phrasis_0000800__es-es__flipped,EQUIVALENCE
dico_phrasis_0000804__es-es__flipped,dico_phrasis_0000804,es,es,en un campo abierto,en un campo,dico_phrasis_0000804__es-es__original,EQUIVALENCE
dico_phrasis_0000804__es-es__original,dico_phrasis_0000804,es,es,en un campo,en un campo abierto,dico_phrasis_0000804__es-es__flipped,EQUIVALENCE
dico_phrasis_0000806__es-es__flipped,dico_phrasis_0000806,es,es,salta,está saltando,dico_phrasis_0000806__es-es__original,EQUIVALENCE
dico_phrasis_0000806__es-es__original,dico_phrasis_0000806,es,es,está saltando,salta,dico_phrasis_0000806__es-es__flipped,EQUIVALENCE
dico_phrasis_0000807__es-es__flipped,dico_phrasis_0000807,es,es,se desplaza hacia arriba,sube,dico_phrasis_0000807__es-es__original,EQUIVALENCE
dico_phrasis_0000807__es-es__original,dico_phrasis_0000807,es,es,sube,se desplaza hacia arriba,dico_phrasis_0000807__es-es__flipped,EQUIVALENCE
dico_phrasis_0000810__es-es__flipped,dico_phrasis_0000810,es,es,corre,está corriendo,dico_phrasis_0000810__es-es__original,EQUIVALENCE
dico_phrasis_0000810__es-es__original,dico_phrasis_0000810,es,es,está corriendo,corre,dico_phrasis_0000810__es-es__flipped,EQUIVALENCE
dico_phrasis_0000812__es-es__flipped,dico_phrasis_0000812,es,es,por la hierba,sobre la hierba,dico_phrasis_0000812__es-es__original,EQUIVALENCE
dico_phrasis_0000812__es-es__original,dico_phrasis_0000812,es,es,sobre la hierba,por la hierba,dico_phrasis_0000812__es-es__flipped,EQUIVALENCE
dico_phrasis_0000813__es-es__flipped,dico_phrasis_0000813,es,es,Un perro marrón y blanco,Un perro blanco y marrón,dico_phrasis_0000813__es-es__original,EQUIVALENCE
dico_phrasis_0000813__es-es__original,dico_phrasis_0000813,es,es,Un perro blanco y marrón,Un perro marrón y blanco,dico_phrasis_0000813__es-es__flipped,EQUIVALENCE
dico_phrasis_0000814__es-es__flipped,dico_phrasis_0000814,es,es,con un disfraz de Batman,con un traje de Batman,dico_phrasis_0000814__es-es__original,EQUIVALENCE
dico_phrasis_0000814__es-es__original,dico_phrasis_0000814,es,es,con un traje de Batman,con un disfraz de Batman,dico_phrasis_0000814__es-es__flipped,EQUIVALENCE
dico_phrasis_0000818__es-es__flipped,dico_phrasis_0000818,es,es,está jugando,juega,dico_phrasis_0000818__es-es__original,EQUIVALENCE
dico_phrasis_0000818__es-es__original,dico_phrasis_0000818,es,es,juega,está jugando,dico_phrasis_0000818__es-es__flipped,EQUIVALENCE
dico_phrasis_0000819__es-es__flipped,dico_phrasis_0000819,es,es,come,está comiendo,dico_phrasis_0000819__es-es__original,EQUIVALENCE
dico_phrasis_0000819__es-es__original,dico_phrasis_0000819,es,es,está comiendo,come,dico_phrasis_0000819__es-es__flipped,EQUIVALENCE
dico_phrasis_0000820__es-es__flipped,dico_phrasis_0000820,es,es,están jugando,participando en un juego,dico_phrasis_0000820__es-es__original,EQUIVALENCE
dico_phrasis_0000820__es-es__original,dico_phrasis_0000820,es,es,participando en un juego,están jugando,dico_phrasis_0000820__es-es__flipped,EQUIVALENCE
dico_phrasis_0000821__es-es__flipped,dico_phrasis_0000821,es,es,se aleja de un salto,está saltando para alejarse de,dico_phrasis_0000821__es-es__original,EQUIVALENCE
dico_phrasis_0000821__es-es__original,dico_phrasis_0000821,es,es,está saltando para alejarse de,se aleja de un salto,dico_phrasis_0000821__es-es__flipped,EQUIVALENCE
dico_phrasis_0000823__es-es__flipped,dico_phrasis_0000823,es,es,encima del suelo cubierto de hierba,sobre la hierba,dico_phrasis_0000823__es-es__original,EQUIVALENCE
dico_phrasis_0000823__es-es__original,dico_phrasis_0000823,es,es,sobre la hierba,encima del suelo cubierto de hierba,dico_phrasis_0000823__es-es__flipped,EQUIVALENCE
dico_phrasis_0000824__es-es__flipped,dico_phrasis_0000824,es,es,en la nieve,en medio de la nieve,dico_phrasis_0000824__es-es__original,EQUIVALENCE
dico_phrasis_0000824__es-es__original,dico_phrasis_0000824,es,es,en medio de la nieve,en la nieve,dico_phrasis_0000824__es-es__flipped,EQUIVALENCE
dico_phrasis_0000826__es-es__flipped,dico_phrasis_0000826,es,es,monta,está montando,dico_phrasis_0000826__es-es__original,EQUIVALENCE
dico_phrasis_0000826__es-es__original,dico_phrasis_0000826,es,es,está montando,monta,dico_phrasis_0000826__es-es__flipped,EQUIVALENCE
dico_phrasis_0000827__es-es__flipped,dico_phrasis_0000827,es,es,ver,mirando,dico_phrasis_0000827__es-es__original,EQUIVALENCE
dico_phrasis_0000827__es-es__original,dico_phrasis_0000827,es,es,mirando,ver,dico_phrasis_0000827__es-es__flipped,EQUIVALENCE
dico_phrasis_0000828__es-es__flipped,dico_phrasis_0000828,es,es,estar de pie,están de pie,dico_phrasis_0000828__es-es__original,EQUIVALENCE
dico_phrasis_0000828__es-es__original,dico_phrasis_0000828,es,es,están de pie,estar de pie,dico_phrasis_0000828__es-es__flipped,EQUIVALENCE
dico_phrasis_0000829__es-es__flipped,dico_phrasis_0000829,es,es,al fondo,detrás de ellos,dico_phrasis_0000829__es-es__original,EQUIVALENCE
dico_phrasis_0000829__es-es__original,dico_phrasis_0000829,es,es,detrás de ellos,al fondo,dico_phrasis_0000829__es-es__flipped,EQUIVALENCE
dico_phrasis_0000832__es-es__flipped,dico_phrasis_0000832,es,es,en la boca,sujetado entre sus mandíbulas,dico_phrasis_0000832__es-es__original,EQUIVALENCE
dico_phrasis_0000832__es-es__original,dico_phrasis_0000832,es,es,sujetado entre sus mandíbulas,en la boca,dico_phrasis_0000832__es-es__flipped,EQUIVALENCE
dico_phrasis_0000834__es-es__flipped,dico_phrasis_0000834,es,es,está intentando,intentando,dico_phrasis_0000834__es-es__original,EQUIVALENCE
dico_phrasis_0000834__es-es__original,dico_phrasis_0000834,es,es,intentando,está intentando,dico_phrasis_0000834__es-es__flipped,EQUIVALENCE
dico_phrasis_0000835__es-es__flipped,dico_phrasis_0000835,es,es,en un lugar público,en público,dico_phrasis_0000835__es-es__original,EQUIVALENCE
dico_phrasis_0000835__es-es__original,dico_phrasis_0000835,es,es,en público,en un lugar público,dico_phrasis_0000835__es-es__flipped,EQUIVALENCE
dico_phrasis_0000837__es-es__flipped,dico_phrasis_0000837,es,es,está conversando,conversando,dico_phrasis_0000837__es-es__original,EQUIVALENCE
dico_phrasis_0000837__es-es__original,dico_phrasis_0000837,es,es,conversando,está conversando,dico_phrasis_0000837__es-es__flipped,EQUIVALENCE
dico_phrasis_0000838__es-es__flipped,dico_phrasis_0000838,es,es,por el agua poco profunda,a través de agua poco profunda,dico_phrasis_0000838__es-es__original,EQUIVALENCE
dico_phrasis_0000838__es-es__original,dico_phrasis_0000838,es,es,a través de agua poco profunda,por el agua poco profunda,dico_phrasis_0000838__es-es__flipped,EQUIVALENCE
dico_phrasis_0000839__es-es__flipped,dico_phrasis_0000839,es,es,con la camisa roja,vestido con una camisa roja,dico_phrasis_0000839__es-es__original,EQUIVALENCE
dico_phrasis_0000839__es-es__original,dico_phrasis_0000839,es,es,vestido con una camisa roja,con la camisa roja,dico_phrasis_0000839__es-es__flipped,EQUIVALENCE
dico_phrasis_0000840__es-es__flipped,dico_phrasis_0000840,es,es,El chico,el niño,dico_phrasis_0000840__es-es__original,EQUIVALENCE
dico_phrasis_0000840__es-es__original,dico_phrasis_0000840,es,es,el niño,El chico,dico_phrasis_0000840__es-es__flipped,EQUIVALENCE
dico_phrasis_0000841__es-es__flipped,dico_phrasis_0000841,es,es,hacia un segundo hombre,a otro hombre,dico_phrasis_0000841__es-es__original,EQUIVALENCE
dico_phrasis_0000841__es-es__original,dico_phrasis_0000841,es,es,a otro hombre,hacia un segundo hombre,dico_phrasis_0000841__es-es__flipped,EQUIVALENCE
dico_phrasis_0000843__es-es__flipped,dico_phrasis_0000843,es,es,Un grupo,Una multitud,dico_phrasis_0000843__es-es__original,EQUIVALENCE
dico_phrasis_0000843__es-es__original,dico_phrasis_0000843,es,es,Una multitud,Un grupo,dico_phrasis_0000843__es-es__flipped,EQUIVALENCE
dico_phrasis_0000844__es-es__flipped,dico_phrasis_0000844,es,es,está corriendo,corre,dico_phrasis_0000844__es-es__original,EQUIVALENCE
dico_phrasis_0000844__es-es__original,dico_phrasis_0000844,es,es,corre,está corriendo,dico_phrasis_0000844__es-es__flipped,EQUIVALENCE
dico_phrasis_0000847__es-es__flipped,dico_phrasis_0000847,es,es,una puesta de sol,se puso el sol,dico_phrasis_0000847__es-es__original,EQUIVALENCE
dico_phrasis_0000847__es-es__original,dico_phrasis_0000847,es,es,se puso el sol,una puesta de sol,dico_phrasis_0000847__es-es__flipped,EQUIVALENCE
dico_phrasis_0000848__es-es__flipped,dico_phrasis_0000848,es,es,se mueve de un lado a otro,se balancea,dico_phrasis_0000848__es-es__original,EQUIVALENCE
dico_phrasis_0000848__es-es__original,dico_phrasis_0000848,es,es,se balancea,se mueve de un lado a otro,dico_phrasis_0000848__es-es__flipped,EQUIVALENCE
dico_phrasis_0000849__es-es__flipped,dico_phrasis_0000849,es,es,a través de la nieve profunda,a través de un profundo manto de nieve,dico_phrasis_0000849__es-es__original,EQUIVALENCE
dico_phrasis_0000849__es-es__original,dico_phrasis_0000849,es,es,a través de un profundo manto de nieve,a través de la nieve profunda,dico_phrasis_0000849__es-es__flipped,EQUIVALENCE
dico_phrasis_0000850__es-es__flipped,dico_phrasis_0000850,es,es,sobre el suelo cubierto de hierba,en la hierba,dico_phrasis_0000850__es-es__original,EQUIVALENCE
dico_phrasis_0000850__es-es__original,dico_phrasis_0000850,es,es,en la hierba,sobre el suelo cubierto de hierba,dico_phrasis_0000850__es-es__flipped,EQUIVALENCE
dico_phrasis_0000851__es-es__flipped,dico_phrasis_0000851,es,es,un perro,un can doméstico,dico_phrasis_0000851__es-es__original,EQUIVALENCE
dico_phrasis_0000851__es-es__original,dico_phrasis_0000851,es,es,un can doméstico,un perro,dico_phrasis_0000851__es-es__flipped,EQUIVALENCE
dico_phrasis_0000853__es-es__flipped,dico_phrasis_0000853,es,es,con marcas marrones,con manchas marrones,dico_phrasis_0000853__es-es__original,EQUIVALENCE
dico_phrasis_0000853__es-es__original,dico_phrasis_0000853,es,es,con manchas marrones,con marcas marrones,dico_phrasis_0000853__es-es__flipped,EQUIVALENCE
dico_phrasis_0000854__es-es__flipped,dico_phrasis_0000854,es,es,de chicos,de hombres,dico_phrasis_0000854__es-es__original,EQUIVALENCE
dico_phrasis_0000854__es-es__original,dico_phrasis_0000854,es,es,de hombres,de chicos,dico_phrasis_0000854__es-es__flipped,EQUIVALENCE
dico_phrasis_0000856__es-es__flipped,dico_phrasis_0000856,es,es,como la Union Jack,parecido a la bandera nacional británica,dico_phrasis_0000856__es-es__original,EQUIVALENCE
dico_phrasis_0000856__es-es__original,dico_phrasis_0000856,es,es,parecido a la bandera nacional británica,como la Union Jack,dico_phrasis_0000856__es-es__flipped,EQUIVALENCE
dico_phrasis_0000857__es-es__flipped,dico_phrasis_0000857,es,es,el perro blanco,un can de pelaje blanco,dico_phrasis_0000857__es-es__original,EQUIVALENCE
dico_phrasis_0000857__es-es__original,dico_phrasis_0000857,es,es,un can de pelaje blanco,el perro blanco,dico_phrasis_0000857__es-es__flipped,EQUIVALENCE
dico_phrasis_0000858__es-es__flipped,dico_phrasis_0000858,es,es,sobre el obstáculo,por encima de una barrera,dico_phrasis_0000858__es-es__original,EQUIVALENCE
dico_phrasis_0000858__es-es__original,dico_phrasis_0000858,es,es,por encima de una barrera,sobre el obstáculo,dico_phrasis_0000858__es-es__flipped,EQUIVALENCE
dico_phrasis_0000860__es-es__flipped,dico_phrasis_0000860,es,es,"John Demjanjuk, guardia de un campo de exterminio nazi condenado","Demjanjuk, exguardia de un campo de exterminio nazi",dico_phrasis_0000860__es-es__original,EQUIVALENCE
dico_phrasis_0000860__es-es__original,dico_phrasis_0000860,es,es,"Demjanjuk, exguardia de un campo de exterminio nazi","John Demjanjuk, guardia de un campo de exterminio nazi condenado",dico_phrasis_0000860__es-es__flipped,EQUIVALENCE
dico_phrasis_0000861__es-es__flipped,dico_phrasis_0000861,es,es,en las Olimpiadas,en los Juegos Olímpicos,dico_phrasis_0000861__es-es__original,EQUIVALENCE
dico_phrasis_0000861__es-es__original,dico_phrasis_0000861,es,es,en los Juegos Olímpicos,en las Olimpiadas,dico_phrasis_0000861__es-es__flipped,EQUIVALENCE
dico_phrasis_0000862__es-es__flipped,dico_phrasis_0000862,es,es,permitido,permitir,dico_phrasis_0000862__es-es__original,EQUIVALENCE
dico_phrasis_0000862__es-es__original,dico_phrasis_0000862,es,es,permitir,permitido,dico_phrasis_0000862__es-es__flipped,EQUIVALENCE
dico_phrasis_0000864__es-es__flipped,dico_phrasis_0000864,es,es,por el escándalo «House Sister»,por la polémica denominada «House Sister»,dico_phrasis_0000864__es-es__original,EQUIVALENCE
dico_phrasis_0000864__es-es__original,dico_phrasis_0000864,es,es,por la polémica denominada «House Sister»,por el escándalo «House Sister»,dico_phrasis_0000864__es-es__flipped,EQUIVALENCE
dico_phrasis_0000865__es-es__flipped,dico_phrasis_0000865,es,es,se desploma,sufre una fuerte caída,dico_phrasis_0000865__es-es__original,EQUIVALENCE
dico_phrasis_0000865__es-es__original,dico_phrasis_0000865,es,es,sufre una fuerte caída,se desploma,dico_phrasis_0000865__es-es__flipped,EQUIVALENCE
dico_phrasis_0000868__es-es__flipped,dico_phrasis_0000868,es,es,se retira,Anuncia su retirada,dico_phrasis_0000868__es-es__original,EQUIVALENCE
dico_phrasis_0000868__es-es__original,dico_phrasis_0000868,es,es,Anuncia su retirada,se retira,dico_phrasis_0000868__es-es__flipped,EQUIVALENCE
dico_phrasis_0000871__es-es__flipped,dico_phrasis_0000871,es,es,Lance Armstrong en una película biográfica,una película biográfica sobre Lance Armstrong,dico_phrasis_0000871__es-es__original,EQUIVALENCE
dico_phrasis_0000871__es-es__original,dico_phrasis_0000871,es,es,una película biográfica sobre Lance Armstrong,Lance Armstrong en una película biográfica,dico_phrasis_0000871__es-es__flipped,EQUIVALENCE
dico_phrasis_0000873__es-es__flipped,dico_phrasis_0000873,es,es,en un hospital,dentro de un centro hospitalario,dico_phrasis_0000873__es-es__original,EQUIVALENCE
dico_phrasis_0000873__es-es__original,dico_phrasis_0000873,es,es,dentro de un centro hospitalario,en un hospital,dico_phrasis_0000873__es-es__flipped,EQUIVALENCE
dico_phrasis_0000877__es-es__flipped,dico_phrasis_0000877,es,es,dejado ardiendo,en llamas,dico_phrasis_0000877__es-es__original,EQUIVALENCE
dico_phrasis_0000877__es-es__original,dico_phrasis_0000877,es,es,en llamas,dejado ardiendo,dico_phrasis_0000877__es-es__flipped,EQUIVALENCE
dico_phrasis_0000878__es-es__flipped,dico_phrasis_0000878,es,es,Acuerdo sobre el «precipicio fiscal»,acuerdo sobre el precipicio fiscal,dico_phrasis_0000878__es-es__original,EQUIVALENCE
dico_phrasis_0000878__es-es__original,dico_phrasis_0000878,es,es,acuerdo sobre el precipicio fiscal,Acuerdo sobre el «precipicio fiscal»,dico_phrasis_0000878__es-es__flipped,EQUIVALENCE
dico_phrasis_0000879__es-es__flipped,dico_phrasis_0000879,es,es,"Jenni Rivera, estrella mexicana de la música",la cantante mexicana Jenni Rivera,dico_phrasis_0000879__es-es__original,EQUIVALENCE
dico_phrasis_0000879__es-es__original,dico_phrasis_0000879,es,es,la cantante mexicana Jenni Rivera,"Jenni Rivera, estrella mexicana de la música",dico_phrasis_0000879__es-es__flipped,EQUIVALENCE
dico_phrasis_0000880__es-es__flipped,dico_phrasis_0000880,es,es,derrumbe de un edificio en Bangladés,el derrumbe de un edificio en Bangladés,dico_phrasis_0000880__es-es__original,EQUIVALENCE
dico_phrasis_0000880__es-es__original,dico_phrasis_0000880,es,es,el derrumbe de un edificio en Bangladés,derrumbe de un edificio en Bangladés,dico_phrasis_0000880__es-es__flipped,EQUIVALENCE
dico_phrasis_0000883__es-es__flipped,dico_phrasis_0000883,es,es,aprobación inicial,conformidad inicial,dico_phrasis_0000883__es-es__original,EQUIVALENCE
dico_phrasis_0000883__es-es__original,dico_phrasis_0000883,es,es,conformidad inicial,aprobación inicial,dico_phrasis_0000883__es-es__flipped,EQUIVALENCE
dico_phrasis_0000884__es-es__flipped,dico_phrasis_0000884,es,es,tras enfrentamiento a tiros en un apartamento de Florida,Tras tiroteo en un apartamento de Florida,dico_phrasis_0000884__es-es__original,EQUIVALENCE
dico_phrasis_0000884__es-es__original,dico_phrasis_0000884,es,es,Tras tiroteo en un apartamento de Florida,tras enfrentamiento a tiros en un apartamento de Florida,dico_phrasis_0000884__es-es__flipped,EQUIVALENCE
dico_phrasis_0000885__es-es__flipped,dico_phrasis_0000885,es,es,por la policía,llevado a cabo por agentes del orden público,dico_phrasis_0000885__es-es__original,EQUIVALENCE
dico_phrasis_0000885__es-es__original,dico_phrasis_0000885,es,es,llevado a cabo por agentes del orden público,por la policía,dico_phrasis_0000885__es-es__flipped,EQUIVALENCE
dico_phrasis_0000886__es-es__flipped,dico_phrasis_0000886,es,es,"relativo a Diana, princesa de Gales, y Dodi Al-Fayed",de la princesa Diana y Dodi Fayed,dico_phrasis_0000886__es-es__original,EQUIVALENCE
dico_phrasis_0000886__es-es__original,dico_phrasis_0000886,es,es,de la princesa Diana y Dodi Fayed,"relativo a Diana, princesa de Gales, y Dodi Al-Fayed",dico_phrasis_0000886__es-es__flipped,EQUIVALENCE
dico_phrasis_0000888__es-es__flipped,dico_phrasis_0000888,es,es,Modi de la India,Narendra Modi,dico_phrasis_0000888__es-es__original,EQUIVALENCE
dico_phrasis_0000888__es-es__original,dico_phrasis_0000888,es,es,Narendra Modi,Modi de la India,dico_phrasis_0000888__es-es__flipped,EQUIVALENCE
dico_phrasis_0000889__es-es__flipped,dico_phrasis_0000889,es,es,sobre el levantamiento de la prohibición,sobre la admisión,dico_phrasis_0000889__es-es__original,EQUIVALENCE
dico_phrasis_0000889__es-es__original,dico_phrasis_0000889,es,es,sobre la admisión,sobre el levantamiento de la prohibición,dico_phrasis_0000889__es-es__flipped,EQUIVALENCE
dico_phrasis_0000891__es-es__flipped,dico_phrasis_0000891,es,es,vota,votar,dico_phrasis_0000891__es-es__original,EQUIVALENCE
dico_phrasis_0000891__es-es__original,dico_phrasis_0000891,es,es,votar,vota,dico_phrasis_0000891__es-es__flipped,EQUIVALENCE
dico_phrasis_0000892__es-es__flipped,dico_phrasis_0000892,es,es,en una explosión en una mina de carbón en Rusia,en una explosión en una mina de carbón rusa,dico_phrasis_0000892__es-es__original,EQUIVALENCE
dico_phrasis_0000892__es-es__original,dico_phrasis_0000892,es,es,en una explosión en una mina de carbón rusa,en una explosión en una mina de carbón en Rusia,dico_phrasis_0000892__es-es__flipped,EQUIVALENCE
dico_phrasis_0000894__es-es__flipped,dico_phrasis_0000894,es,es,La ventisca azota,La ventisca golpea,dico_phrasis_0000894__es-es__original,EQUIVALENCE
dico_phrasis_0000894__es-es__original,dico_phrasis_0000894,es,es,La ventisca golpea,La ventisca azota,dico_phrasis_0000894__es-es__flipped,EQUIVALENCE
dico_phrasis_0000898__es-es__flipped,dico_phrasis_0000898,es,es,durante el caso de tráfico de órganos de Kosovo,en el caso de tráfico de órganos en Kosovo,dico_phrasis_0000898__es-es__original,EQUIVALENCE
dico_phrasis_0000898__es-es__original,dico_phrasis_0000898,es,es,en el caso de tráfico de órganos en Kosovo,durante el caso de tráfico de órganos de Kosovo,dico_phrasis_0000898__es-es__flipped,EQUIVALENCE
dico_phrasis_0000899__es-es__flipped,dico_phrasis_0000899,es,es,sobre la muerte de JFK,de la muerte de JFK,dico_phrasis_0000899__es-es__original,EQUIVALENCE
dico_phrasis_0000899__es-es__original,dico_phrasis_0000899,es,es,de la muerte de JFK,sobre la muerte de JFK,dico_phrasis_0000899__es-es__flipped,EQUIVALENCE
dico_phrasis_0000900__es-es__flipped,dico_phrasis_0000900,es,es,aprueba la liberación,libera,dico_phrasis_0000900__es-es__original,EQUIVALENCE
dico_phrasis_0000900__es-es__original,dico_phrasis_0000900,es,es,libera,aprueba la liberación,dico_phrasis_0000900__es-es__flipped,EQUIVALENCE
dico_phrasis_0000901__es-es__flipped,dico_phrasis_0000901,es,es,en tres ciudades,en 3 ciudades,dico_phrasis_0000901__es-es__original,EQUIVALENCE
dico_phrasis_0000901__es-es__original,dico_phrasis_0000901,es,es,en 3 ciudades,en tres ciudades,dico_phrasis_0000901__es-es__flipped,EQUIVALENCE
dico_phrasis_0000902__es-es__flipped,dico_phrasis_0000902,es,es,presidente de Egipto,líder de Egipto,dico_phrasis_0000902__es-es__original,EQUIVALENCE
dico_phrasis_0000902__es-es__original,dico_phrasis_0000902,es,es,líder de Egipto,presidente de Egipto,dico_phrasis_0000902__es-es__flipped,EQUIVALENCE
dico_phrasis_0000903__es-es__flipped,dico_phrasis_0000903,es,es,récord de 38 mil millones de dólares estadounidenses,Récord de 38 mil millones de dólares,dico_phrasis_0000903__es-es__original,EQUIVALENCE
dico_phrasis_0000903__es-es__original,dico_phrasis_0000903,es,es,Récord de 38 mil millones de dólares,récord de 38 mil millones de dólares estadounidenses,dico_phrasis_0000903__es-es__flipped,EQUIVALENCE
dico_phrasis_0000909__es-es__flipped,dico_phrasis_0000909,es,es,en el accidente ferroviario canadiense,en el desastre ferroviario de Canadá,dico_phrasis_0000909__es-es__original,EQUIVALENCE
dico_phrasis_0000909__es-es__original,dico_phrasis_0000909,es,es,en el desastre ferroviario de Canadá,en el accidente ferroviario canadiense,dico_phrasis_0000909__es-es__flipped,EQUIVALENCE
dico_phrasis_0000910__es-es__flipped,dico_phrasis_0000910,es,es,retrasar,puede retrasar,dico_phrasis_0000910__es-es__original,EQUIVALENCE
dico_phrasis_0000910__es-es__original,dico_phrasis_0000910,es,es,puede retrasar,retrasar,dico_phrasis_0000910__es-es__flipped,EQUIVALENCE
dico_phrasis_0000912__es-es__flipped,dico_phrasis_0000912,es,es,trabaja,está trabajando,dico_phrasis_0000912__es-es__original,EQUIVALENCE
dico_phrasis_0000912__es-es__original,dico_phrasis_0000912,es,es,está trabajando,trabaja,dico_phrasis_0000912__es-es__flipped,EQUIVALENCE
dico_phrasis_0000913__es-es__flipped,dico_phrasis_0000913,es,es,1-La alianza pro-Mursi de Egipto da muestras de flexibilidad,La alianza egipcia pro-Mursi indica disposición a ceder,dico_phrasis_0000913__es-es__original,EQUIVALENCE
dico_phrasis_0000913__es-es__original,dico_phrasis_0000913,es,es,La alianza egipcia pro-Mursi indica disposición a ceder,1-La alianza pro-Mursi de Egipto da muestras de flexibilidad,dico_phrasis_0000913__es-es__flipped,EQUIVALENCE
dico_phrasis_0000914__es-es__flipped,dico_phrasis_0000914,es,es,el ministro del Interior de Egipto,el ministro de Egipto responsable de asuntos internos,dico_phrasis_0000914__es-es__original,EQUIVALENCE
dico_phrasis_0000914__es-es__original,dico_phrasis_0000914,es,es,el ministro de Egipto responsable de asuntos internos,el ministro del Interior de Egipto,dico_phrasis_0000914__es-es__flipped,EQUIVALENCE
dico_phrasis_0000916__es-es__flipped,dico_phrasis_0000916,es,es,entre Raffles Place y Marina Bay,conectando el distrito de Raffles Place con la zona de Marina Bay,dico_phrasis_0000916__es-es__original,EQUIVALENCE
dico_phrasis_0000916__es-es__original,dico_phrasis_0000916,es,es,conectando el distrito de Raffles Place con la zona de Marina Bay,entre Raffles Place y Marina Bay,dico_phrasis_0000916__es-es__flipped,EQUIVALENCE
dico_phrasis_0000919__es-es__flipped,dico_phrasis_0000919,es,es,acciones asiáticas,mercados asiáticos,dico_phrasis_0000919__es-es__original,EQUIVALENCE
dico_phrasis_0000919__es-es__original,dico_phrasis_0000919,es,es,mercados asiáticos,acciones asiáticas,dico_phrasis_0000919__es-es__flipped,EQUIVALENCE
dico_phrasis_0000920__es-es__flipped,dico_phrasis_0000920,es,es,máximos de tres semanas,máximo de 3 semanas,dico_phrasis_0000920__es-es__original,EQUIVALENCE
dico_phrasis_0000920__es-es__original,dico_phrasis_0000920,es,es,máximo de 3 semanas,máximos de tres semanas,dico_phrasis_0000920__es-es__flipped,EQUIVALENCE
dico_phrasis_0000922__es-es__flipped,dico_phrasis_0000922,es,es,Filipinas,la nación filipina,dico_phrasis_0000922__es-es__original,EQUIVALENCE
dico_phrasis_0000922__es-es__original,dico_phrasis_0000922,es,es,la nación filipina,Filipinas,dico_phrasis_0000922__es-es__flipped,EQUIVALENCE
dico_phrasis_0000924__es-es__flipped,dico_phrasis_0000924,es,es,el yuan chino,el renminbi chino,dico_phrasis_0000924__es-es__original,EQUIVALENCE
dico_phrasis_0000924__es-es__original,dico_phrasis_0000924,es,es,el renminbi chino,el yuan chino,dico_phrasis_0000924__es-es__flipped,EQUIVALENCE
dico_phrasis_0000925__es-es__flipped,dico_phrasis_0000925,es,es,estar previsto que reciba una condena,ser condenado,dico_phrasis_0000925__es-es__original,EQUIVALENCE
dico_phrasis_0000925__es-es__original,dico_phrasis_0000925,es,es,ser condenado,estar previsto que reciba una condena,dico_phrasis_0000925__es-es__flipped,EQUIVALENCE
dico_phrasis_0000926__es-es__flipped,dico_phrasis_0000926,es,es,inscribirse,se inscribe,dico_phrasis_0000926__es-es__original,EQUIVALENCE
dico_phrasis_0000926__es-es__original,dico_phrasis_0000926,es,es,se inscribe,inscribirse,dico_phrasis_0000926__es-es__flipped,EQUIVALENCE
dico_phrasis_0000927__es-es__flipped,dico_phrasis_0000927,es,es,está matando,mató,dico_phrasis_0000927__es-es__original,EQUIVALENCE
dico_phrasis_0000927__es-es__original,dico_phrasis_0000927,es,es,mató,está matando,dico_phrasis_0000927__es-es__flipped,EQUIVALENCE
dico_phrasis_0000930__es-es__flipped,dico_phrasis_0000930,es,es,votar,emitir un voto,dico_phrasis_0000930__es-es__original,EQUIVALENCE
dico_phrasis_0000930__es-es__original,dico_phrasis_0000930,es,es,emitir un voto,votar,dico_phrasis_0000930__es-es__flipped,EQUIVALENCE
dico_phrasis_0000934__es-es__flipped,dico_phrasis_0000934,es,es,ha capturado,captura,dico_phrasis_0000934__es-es__original,EQUIVALENCE
dico_phrasis_0000934__es-es__original,dico_phrasis_0000934,es,es,captura,ha capturado,dico_phrasis_0000934__es-es__flipped,EQUIVALENCE
dico_phrasis_0000935__es-es__flipped,dico_phrasis_0000935,es,es,"presidente de Irán, Hassan Rouhani","líder de Irán, Rouhani",dico_phrasis_0000935__es-es__original,EQUIVALENCE
dico_phrasis_0000935__es-es__original,dico_phrasis_0000935,es,es,"líder de Irán, Rouhani","presidente de Irán, Hassan Rouhani",dico_phrasis_0000935__es-es__flipped,EQUIVALENCE
dico_phrasis_0000937__es-es__flipped,dico_phrasis_0000937,es,es,los cinco acusados,cinco acusados,dico_phrasis_0000937__es-es__original,EQUIVALENCE
dico_phrasis_0000937__es-es__original,dico_phrasis_0000937,es,es,cinco acusados,los cinco acusados,dico_phrasis_0000937__es-es__flipped,EQUIVALENCE
dico_phrasis_0000938__es-es__flipped,dico_phrasis_0000938,es,es,cuestionado,es cuestionado,dico_phrasis_0000938__es-es__original,EQUIVALENCE
dico_phrasis_0000938__es-es__original,dico_phrasis_0000938,es,es,es cuestionado,cuestionado,dico_phrasis_0000938__es-es__flipped,EQUIVALENCE
dico_phrasis_0000940__es-es__flipped,dico_phrasis_0000940,es,es,para casarse,para el matrimonio,dico_phrasis_0000940__es-es__original,EQUIVALENCE
dico_phrasis_0000940__es-es__original,dico_phrasis_0000940,es,es,para el matrimonio,para casarse,dico_phrasis_0000940__es-es__flipped,EQUIVALENCE
dico_phrasis_0000941__es-es__flipped,dico_phrasis_0000941,es,es,tras el choque de un helicóptero contra un pub,tras estrellarse un helicóptero contra un pub,dico_phrasis_0000941__es-es__original,EQUIVALENCE
dico_phrasis_0000941__es-es__original,dico_phrasis_0000941,es,es,tras estrellarse un helicóptero contra un pub,tras el choque de un helicóptero contra un pub,dico_phrasis_0000941__es-es__flipped,EQUIVALENCE
dico_phrasis_0000945__es-es__flipped,dico_phrasis_0000945,es,es,Cinco palestinos,5 palestinos,dico_phrasis_0000945__es-es__original,EQUIVALENCE
dico_phrasis_0000945__es-es__original,dico_phrasis_0000945,es,es,5 palestinos,Cinco palestinos,dico_phrasis_0000945__es-es__flipped,EQUIVALENCE
dico_phrasis_0000949__es-es__flipped,dico_phrasis_0000949,es,es,Nelson Mandela de Sudáfrica,el ícono sudafricano Nelson Mandela,dico_phrasis_0000949__es-es__original,EQUIVALENCE
dico_phrasis_0000949__es-es__original,dico_phrasis_0000949,es,es,el ícono sudafricano Nelson Mandela,Nelson Mandela de Sudáfrica,dico_phrasis_0000949__es-es__flipped,EQUIVALENCE
dico_phrasis_0000951__es-es__flipped,dico_phrasis_0000951,es,es,ladrón en Cannes,ladrón de Cannes,dico_phrasis_0000951__es-es__original,EQUIVALENCE
dico_phrasis_0000951__es-es__original,dico_phrasis_0000951,es,es,ladrón de Cannes,ladrón en Cannes,dico_phrasis_0000951__es-es__flipped,EQUIVALENCE
dico_phrasis_0000955__es-es__flipped,dico_phrasis_0000955,es,es,en el evento del Maratón de Boston,en el Maratón de Boston,dico_phrasis_0000955__es-es__original,EQUIVALENCE
dico_phrasis_0000955__es-es__original,dico_phrasis_0000955,es,es,en el Maratón de Boston,en el evento del Maratón de Boston,dico_phrasis_0000955__es-es__flipped,EQUIVALENCE
dico_phrasis_0000956__es-es__flipped,dico_phrasis_0000956,es,es,TS de Kenia,Tribunal Supremo de Kenia,dico_phrasis_0000956__es-es__original,EQUIVALENCE
dico_phrasis_0000956__es-es__original,dico_phrasis_0000956,es,es,Tribunal Supremo de Kenia,TS de Kenia,dico_phrasis_0000956__es-es__flipped,EQUIVALENCE
dico_phrasis_0000957__es-es__flipped,dico_phrasis_0000957,es,es,el presidente venezolano Hugo Chávez,Hugo Chávez de Venezuela,dico_phrasis_0000957__es-es__original,EQUIVALENCE
dico_phrasis_0000957__es-es__original,dico_phrasis_0000957,es,es,Hugo Chávez de Venezuela,el presidente venezolano Hugo Chávez,dico_phrasis_0000957__es-es__flipped,EQUIVALENCE
dico_phrasis_0000959__es-es__flipped,dico_phrasis_0000959,es,es,dentro de las fronteras de Siria,en Siria,dico_phrasis_0000959__es-es__original,EQUIVALENCE
dico_phrasis_0000959__es-es__original,dico_phrasis_0000959,es,es,en Siria,dentro de las fronteras de Siria,dico_phrasis_0000959__es-es__flipped,EQUIVALENCE
dico_phrasis_0000960__es-es__flipped,dico_phrasis_0000960,es,es,No ve pruebas concluyentes,No se puede determinar de manera concluyente,dico_phrasis_0000960__es-es__original,EQUIVALENCE
dico_phrasis_0000960__es-es__original,dico_phrasis_0000960,es,es,No se puede determinar de manera concluyente,No ve pruebas concluyentes,dico_phrasis_0000960__es-es__flipped,EQUIVALENCE
dico_phrasis_0000961__es-es__flipped,dico_phrasis_0000961,es,es,la laureada con el Nobel Doris Lessing,"la escritora Doris Lessing, ganadora del Premio Nobel",dico_phrasis_0000961__es-es__original,EQUIVALENCE
dico_phrasis_0000961__es-es__original,dico_phrasis_0000961,es,es,"la escritora Doris Lessing, ganadora del Premio Nobel",la laureada con el Nobel Doris Lessing,dico_phrasis_0000961__es-es__flipped,EQUIVALENCE
dico_phrasis_0000962__es-es__flipped,dico_phrasis_0000962,es,es,sospechoso del atentado con bomba de Boston,sospechoso del atentado de Boston,dico_phrasis_0000962__es-es__original,EQUIVALENCE
dico_phrasis_0000962__es-es__original,dico_phrasis_0000962,es,es,sospechoso del atentado de Boston,sospechoso del atentado con bomba de Boston,dico_phrasis_0000962__es-es__flipped,EQUIVALENCE
dico_phrasis_0000964__es-es__flipped,dico_phrasis_0000964,es,es,es coronado,recibe la corona,dico_phrasis_0000964__es-es__original,EQUIVALENCE
dico_phrasis_0000964__es-es__original,dico_phrasis_0000964,es,es,recibe la corona,es coronado,dico_phrasis_0000964__es-es__flipped,EQUIVALENCE
dico_phrasis_0000967__es-es__flipped,dico_phrasis_0000967,es,es,ejército sirio,tropas sirias,dico_phrasis_0000967__es-es__original,EQUIVALENCE
dico_phrasis_0000967__es-es__original,dico_phrasis_0000967,es,es,tropas sirias,ejército sirio,dico_phrasis_0000967__es-es__flipped,EQUIVALENCE
dico_phrasis_0000969__es-es__flipped,dico_phrasis_0000969,es,es,rendir homenaje,rinde homenaje,dico_phrasis_0000969__es-es__original,EQUIVALENCE
dico_phrasis_0000969__es-es__original,dico_phrasis_0000969,es,es,rinde homenaje,rendir homenaje,dico_phrasis_0000969__es-es__flipped,EQUIVALENCE
dico_phrasis_0000970__es-es__flipped,dico_phrasis_0000970,es,es,a Mandela,a Nelson Mandela,dico_phrasis_0000970__es-es__original,EQUIVALENCE
dico_phrasis_0000970__es-es__original,dico_phrasis_0000970,es,es,a Nelson Mandela,a Mandela,dico_phrasis_0000970__es-es__flipped,EQUIVALENCE
dico_phrasis_0000971__es-es__flipped,dico_phrasis_0000971,es,es,durante la cena de prensa,en la cena de los periodistas,dico_phrasis_0000971__es-es__original,EQUIVALENCE
dico_phrasis_0000971__es-es__original,dico_phrasis_0000971,es,es,en la cena de los periodistas,durante la cena de prensa,dico_phrasis_0000971__es-es__flipped,EQUIVALENCE
dico_phrasis_0000973__es-es__flipped,dico_phrasis_0000973,es,es,en una erupción volcánica en Indonesia,por la erupción de un volcán en Indonesia,dico_phrasis_0000973__es-es__original,EQUIVALENCE
dico_phrasis_0000973__es-es__original,dico_phrasis_0000973,es,es,por la erupción de un volcán en Indonesia,en una erupción volcánica en Indonesia,dico_phrasis_0000973__es-es__flipped,EQUIVALENCE
dico_phrasis_0000974__es-es__flipped,dico_phrasis_0000974,es,es,cerrar,terminar,dico_phrasis_0000974__es-es__original,EQUIVALENCE
dico_phrasis_0000974__es-es__original,dico_phrasis_0000974,es,es,terminar,cerrar,dico_phrasis_0000974__es-es__flipped,EQUIVALENCE
dico_phrasis_0000976__es-es__flipped,dico_phrasis_0000976,es,es,líder de Brasil,líder brasileño,dico_phrasis_0000976__es-es__original,EQUIVALENCE
dico_phrasis_0000976__es-es__original,dico_phrasis_0000976,es,es,líder brasileño,líder de Brasil,dico_phrasis_0000976__es-es__flipped,EQUIVALENCE
dico_phrasis_0000978__es-es__flipped,dico_phrasis_0000978,es,es,Ataque con dron estadounidense,Presunto ataque con dron estadounidense,dico_phrasis_0000978__es-es__original,EQUIVALENCE
dico_phrasis_0000978__es-es__original,dico_phrasis_0000978,es,es,Presunto ataque con dron estadounidense,Ataque con dron estadounidense,dico_phrasis_0000978__es-es__flipped,EQUIVALENCE
dico_phrasis_0000981__es-es__flipped,dico_phrasis_0000981,es,es,Mandela,el propio Nelson Mandela,dico_phrasis_0000981__es-es__original,EQUIVALENCE
dico_phrasis_0000981__es-es__original,dico_phrasis_0000981,es,es,el propio Nelson Mandela,Mandela,dico_phrasis_0000981__es-es__flipped,EQUIVALENCE
dico_phrasis_0000984__es-es__flipped,dico_phrasis_0000984,es,es,dentro de Siria,en el interior de Siria,dico_phrasis_0000984__es-es__original,EQUIVALENCE
dico_phrasis_0000984__es-es__original,dico_phrasis_0000984,es,es,en el interior de Siria,dentro de Siria,dico_phrasis_0000984__es-es__flipped,EQUIVALENCE
dico_phrasis_0000987__es-es__flipped,dico_phrasis_0000987,es,es,la serie de televisión Doctor Who,Doctor Who,dico_phrasis_0000987__es-es__original,EQUIVALENCE
dico_phrasis_0000987__es-es__original,dico_phrasis_0000987,es,es,Doctor Who,la serie de televisión Doctor Who,dico_phrasis_0000987__es-es__flipped,EQUIVALENCE
dico_phrasis_0000989__es-es__flipped,dico_phrasis_0000989,es,es,La antigua primera dama Barbara Bush,La exprimera dama Barbara Bush,dico_phrasis_0000989__es-es__original,EQUIVALENCE
dico_phrasis_0000989__es-es__original,dico_phrasis_0000989,es,es,La exprimera dama Barbara Bush,La antigua primera dama Barbara Bush,dico_phrasis_0000989__es-es__flipped,EQUIVALENCE
dico_phrasis_0000990__es-es__flipped,dico_phrasis_0000990,es,es,en el ataque a una comisaría en China,en el ataque a una comisaría china,dico_phrasis_0000990__es-es__original,EQUIVALENCE
dico_phrasis_0000990__es-es__original,dico_phrasis_0000990,es,es,en el ataque a una comisaría china,en el ataque a una comisaría en China,dico_phrasis_0000990__es-es__flipped,EQUIVALENCE
dico_phrasis_0000993__es-es__flipped,dico_phrasis_0000993,es,es,la participante de Pussy Riot Maria Alyokhina,la integrante de Pussy Riot Alyokhina,dico_phrasis_0000993__es-es__original,EQUIVALENCE
dico_phrasis_0000993__es-es__original,dico_phrasis_0000993,es,es,la integrante de Pussy Riot Alyokhina,la participante de Pussy Riot Maria Alyokhina,dico_phrasis_0000993__es-es__flipped,EQUIVALENCE
dico_phrasis_0000995__es-es__flipped,dico_phrasis_0000995,es,es,asumir,asume,dico_phrasis_0000995__es-es__original,EQUIVALENCE
dico_phrasis_0000995__es-es__original,dico_phrasis_0000995,es,es,asume,asumir,dico_phrasis_0000995__es-es__flipped,EQUIVALENCE
dico_phrasis_0000997__es-es__flipped,dico_phrasis_0000997,es,es,habiendo recibido una advertencia,con advertencia,dico_phrasis_0000997__es-es__original,EQUIVALENCE
dico_phrasis_0000997__es-es__original,dico_phrasis_0000997,es,es,con advertencia,habiendo recibido una advertencia,dico_phrasis_0000997__es-es__flipped,EQUIVALENCE
dico_phrasis_0000998__es-es__flipped,dico_phrasis_0000998,es,es,sobre los partidarios de Mohamed Morsi,sobre los partidarios de Morsi,dico_phrasis_0000998__es-es__original,EQUIVALENCE
dico_phrasis_0000998__es-es__original,dico_phrasis_0000998,es,es,sobre los partidarios de Morsi,sobre los partidarios de Mohamed Morsi,dico_phrasis_0000998__es-es__flipped,EQUIVALENCE
dico_phrasis_0000999__es-es__flipped,dico_phrasis_0000999,es,es,el matrimonio formado por Hrithik Roshan y Sussanne,Hrithik Roshan y su esposa Sussanne,dico_phrasis_0000999__es-es__original,EQUIVALENCE
dico_phrasis_0000999__es-es__original,dico_phrasis_0000999,es,es,Hrithik Roshan y su esposa Sussanne,el matrimonio formado por Hrithik Roshan y Sussanne,dico_phrasis_0000999__es-es__flipped,EQUIVALENCE
dico_phrasis_0001001__es-es__flipped,dico_phrasis_0001001,es,es,"Disparos de arma de fuego, explosiones","Disparos, explosiones",dico_phrasis_0001001__es-es__original,EQUIVALENCE
dico_phrasis_0001001__es-es__original,dico_phrasis_0001001,es,es,"Disparos, explosiones","Disparos de arma de fuego, explosiones",dico_phrasis_0001001__es-es__flipped,EQUIVALENCE
dico_phrasis_0001002__es-es__flipped,dico_phrasis_0001002,es,es,luchar,entrar en combate,dico_phrasis_0001002__es-es__original,EQUIVALENCE
dico_phrasis_0001002__es-es__original,dico_phrasis_0001002,es,es,entrar en combate,luchar,dico_phrasis_0001002__es-es__flipped,EQUIVALENCE
dico_phrasis_0001003__es-es__flipped,dico_phrasis_0001003,es,es,por violaciones de las leyes de la guerra,por crímenes de guerra,dico_phrasis_0001003__es-es__original,EQUIVALENCE
dico_phrasis_0001003__es-es__original,dico_phrasis_0001003,es,es,por crímenes de guerra,por violaciones de las leyes de la guerra,dico_phrasis_0001003__es-es__flipped,EQUIVALENCE
dico_phrasis_0001004__es-es__flipped,dico_phrasis_0001004,es,es,sobre los manifestantes,en medio de las protestas,dico_phrasis_0001004__es-es__original,EQUIVALENCE
dico_phrasis_0001004__es-es__original,dico_phrasis_0001004,es,es,en medio de las protestas,sobre los manifestantes,dico_phrasis_0001004__es-es__flipped,EQUIVALENCE
dico_phrasis_0001006__es-es__flipped,dico_phrasis_0001006,es,es,dentro de la Franja de Gaza,en Gaza,dico_phrasis_0001006__es-es__original,EQUIVALENCE
dico_phrasis_0001006__es-es__original,dico_phrasis_0001006,es,es,en Gaza,dentro de la Franja de Gaza,dico_phrasis_0001006__es-es__flipped,EQUIVALENCE
dico_phrasis_0001008__es-es__flipped,dico_phrasis_0001008,es,es,entre los muertos,muerto,dico_phrasis_0001008__es-es__original,EQUIVALENCE
dico_phrasis_0001008__es-es__original,dico_phrasis_0001008,es,es,muerto,entre los muertos,dico_phrasis_0001008__es-es__flipped,EQUIVALENCE
dico_phrasis_0001010__es-es__flipped,dico_phrasis_0001010,es,es,captura,ha sido capturado,dico_phrasis_0001010__es-es__original,EQUIVALENCE
dico_phrasis_0001010__es-es__original,dico_phrasis_0001010,es,es,ha sido capturado,captura,dico_phrasis_0001010__es-es__flipped,EQUIVALENCE
dico_phrasis_0001011__es-es__flipped,dico_phrasis_0001011,es,es,absuelto,declarado no culpable,dico_phrasis_0001011__es-es__original,EQUIVALENCE
dico_phrasis_0001011__es-es__original,dico_phrasis_0001011,es,es,declarado no culpable,absuelto,dico_phrasis_0001011__es-es__flipped,EQUIVALENCE
dico_phrasis_0001012__es-es__flipped,dico_phrasis_0001012,es,es,Acuerdo estadounidense-ruso,Acuerdo entre Estados Unidos y Rusia,dico_phrasis_0001012__es-es__original,EQUIVALENCE
dico_phrasis_0001012__es-es__original,dico_phrasis_0001012,es,es,Acuerdo entre Estados Unidos y Rusia,Acuerdo estadounidense-ruso,dico_phrasis_0001012__es-es__flipped,EQUIVALENCE
dico_phrasis_0001014__es-es__flipped,dico_phrasis_0001014,es,es,liberación,el acto de liberar,dico_phrasis_0001014__es-es__original,EQUIVALENCE
dico_phrasis_0001014__es-es__original,dico_phrasis_0001014,es,es,el acto de liberar,liberación,dico_phrasis_0001014__es-es__flipped,EQUIVALENCE
dico_phrasis_0001015__es-es__flipped,dico_phrasis_0001015,es,es,planes para casarse,casarse,dico_phrasis_0001015__es-es__original,EQUIVALENCE
dico_phrasis_0001015__es-es__original,dico_phrasis_0001015,es,es,casarse,planes para casarse,dico_phrasis_0001015__es-es__flipped,EQUIVALENCE
dico_phrasis_0001017__es-es__flipped,dico_phrasis_0001017,es,es,Jesse Jackson Jr. junto con su cónyuge,Jesse Jackson Jr. y su esposa,dico_phrasis_0001017__es-es__original,EQUIVALENCE
dico_phrasis_0001017__es-es__original,dico_phrasis_0001017,es,es,Jesse Jackson Jr. y su esposa,Jesse Jackson Jr. junto con su cónyuge,dico_phrasis_0001017__es-es__flipped,EQUIVALENCE
dico_phrasis_0001018__es-es__flipped,dico_phrasis_0001018,es,es,agresiones sexuales contra menores,abuso sexual infantil,dico_phrasis_0001018__es-es__original,EQUIVALENCE
dico_phrasis_0001018__es-es__original,dico_phrasis_0001018,es,es,abuso sexual infantil,agresiones sexuales contra menores,dico_phrasis_0001018__es-es__flipped,EQUIVALENCE
dico_phrasis_0001019__es-es__flipped,dico_phrasis_0001019,es,es,abdica,abdicar,dico_phrasis_0001019__es-es__original,EQUIVALENCE
dico_phrasis_0001019__es-es__original,dico_phrasis_0001019,es,es,abdicar,abdica,dico_phrasis_0001019__es-es__flipped,EQUIVALENCE
dico_phrasis_0001020__es-es__flipped,dico_phrasis_0001020,es,es,activar,activa,dico_phrasis_0001020__es-es__original,EQUIVALENCE
dico_phrasis_0001020__es-es__original,dico_phrasis_0001020,es,es,activa,activar,dico_phrasis_0001020__es-es__flipped,EQUIVALENCE
dico_phrasis_0001021__es-es__flipped,dico_phrasis_0001021,es,es,"uvas rojas, arándanos",una combinación de arándanos y uvas rojas,dico_phrasis_0001021__es-es__original,EQUIVALENCE
dico_phrasis_0001021__es-es__original,dico_phrasis_0001021,es,es,una combinación de arándanos y uvas rojas,"uvas rojas, arándanos",dico_phrasis_0001021__es-es__flipped,EQUIVALENCE
dico_phrasis_0001022__es-es__flipped,dico_phrasis_0001022,es,es,adquirir,Compra,dico_phrasis_0001022__es-es__original,EQUIVALENCE
dico_phrasis_0001022__es-es__original,dico_phrasis_0001022,es,es,Compra,adquirir,dico_phrasis_0001022__es-es__flipped,EQUIVALENCE
dico_phrasis_0001024__es-es__flipped,dico_phrasis_0001024,es,es,por disparo de arma de fuego,por disparo,dico_phrasis_0001024__es-es__original,EQUIVALENCE
dico_phrasis_0001024__es-es__original,dico_phrasis_0001024,es,es,por disparo,por disparo de arma de fuego,dico_phrasis_0001024__es-es__flipped,EQUIVALENCE
dico_phrasis_0001027__es-es__flipped,dico_phrasis_0001027,es,es,comenzar,comienza,dico_phrasis_0001027__es-es__original,EQUIVALENCE
dico_phrasis_0001027__es-es__original,dico_phrasis_0001027,es,es,comienza,comenzar,dico_phrasis_0001027__es-es__flipped,EQUIVALENCE
dico_phrasis_0001034__es-es__flipped,dico_phrasis_0001034,es,es,se jubila,jubilarse,dico_phrasis_0001034__es-es__original,EQUIVALENCE
dico_phrasis_0001034__es-es__original,dico_phrasis_0001034,es,es,jubilarse,se jubila,dico_phrasis_0001034__es-es__flipped,EQUIVALENCE
dico_phrasis_0001035__es-es__flipped,dico_phrasis_0001035,es,es,simpatizantes de Morsi,partidarios de Morsi,dico_phrasis_0001035__es-es__original,EQUIVALENCE
dico_phrasis_0001035__es-es__original,dico_phrasis_0001035,es,es,partidarios de Morsi,simpatizantes de Morsi,dico_phrasis_0001035__es-es__flipped,EQUIVALENCE
dico_phrasis_0001039__es-es__flipped,dico_phrasis_0001039,es,es,dentro de un centro médico de Singapur,en un hospital de Singapur,dico_phrasis_0001039__es-es__original,EQUIVALENCE
dico_phrasis_0001039__es-es__original,dico_phrasis_0001039,es,es,en un hospital de Singapur,dentro de un centro médico de Singapur,dico_phrasis_0001039__es-es__flipped,EQUIVALENCE
dico_phrasis_0001041__es-es__flipped,dico_phrasis_0001041,es,es,a conversaciones,a negociaciones,dico_phrasis_0001041__es-es__original,EQUIVALENCE
dico_phrasis_0001041__es-es__original,dico_phrasis_0001041,es,es,a negociaciones,a conversaciones,dico_phrasis_0001041__es-es__flipped,EQUIVALENCE
dico_phrasis_0001042__es-es__flipped,dico_phrasis_0001042,es,es,cifra de fallecidos por el derrumbe de un edificio en Bangladés,número de muertos por el derrumbe de un edificio en Bangladés,dico_phrasis_0001042__es-es__original,EQUIVALENCE
dico_phrasis_0001042__es-es__original,dico_phrasis_0001042,es,es,número de muertos por el derrumbe de un edificio en Bangladés,cifra de fallecidos por el derrumbe de un edificio en Bangladés,dico_phrasis_0001042__es-es__flipped,EQUIVALENCE
dico_phrasis_0001044__es-es__flipped,dico_phrasis_0001044,es,es,para oraciones,con oración,dico_phrasis_0001044__es-es__original,EQUIVALENCE
dico_phrasis_0001044__es-es__original,dico_phrasis_0001044,es,es,con oración,para oraciones,dico_phrasis_0001044__es-es__flipped,EQUIVALENCE
dico_phrasis_0001045__es-es__flipped,dico_phrasis_0001045,es,es,papa Francisco,Francisco,dico_phrasis_0001045__es-es__original,EQUIVALENCE
dico_phrasis_0001045__es-es__original,dico_phrasis_0001045,es,es,Francisco,papa Francisco,dico_phrasis_0001045__es-es__flipped,EQUIVALENCE
dico_phrasis_0001049__es-es__flipped,dico_phrasis_0001049,es,es,Filipinas y rebeldes,Filipinas junto con grupos rebeldes,dico_phrasis_0001049__es-es__original,EQUIVALENCE
dico_phrasis_0001049__es-es__original,dico_phrasis_0001049,es,es,Filipinas junto con grupos rebeldes,Filipinas y rebeldes,dico_phrasis_0001049__es-es__flipped,EQUIVALENCE
dico_phrasis_0001052__es-es__flipped,dico_phrasis_0001052,es,es,Potente nuevo terremoto,Fuerte nuevo sismo,dico_phrasis_0001052__es-es__original,EQUIVALENCE
dico_phrasis_0001052__es-es__original,dico_phrasis_0001052,es,es,Fuerte nuevo sismo,Potente nuevo terremoto,dico_phrasis_0001052__es-es__flipped,EQUIVALENCE
dico_phrasis_0001053__es-es__flipped,dico_phrasis_0001053,es,es,región devastada de Pakistán,región devastada de Pak,dico_phrasis_0001053__es-es__original,EQUIVALENCE
dico_phrasis_0001053__es-es__original,dico_phrasis_0001053,es,es,región devastada de Pak,región devastada de Pakistán,dico_phrasis_0001053__es-es__flipped,EQUIVALENCE
dico_phrasis_0001054__es-es__flipped,dico_phrasis_0001054,es,es,Diseñadora y socialité Lilly Pulitzer,Diseñadora de moda Lilly Pulitzer,dico_phrasis_0001054__es-es__original,EQUIVALENCE
dico_phrasis_0001054__es-es__original,dico_phrasis_0001054,es,es,Diseñadora de moda Lilly Pulitzer,Diseñadora y socialité Lilly Pulitzer,dico_phrasis_0001054__es-es__flipped,EQUIVALENCE
dico_phrasis_0001056__es-es__flipped,dico_phrasis_0001056,es,es,"John McAfee, experto en software",el gurú del software John McAfee,dico_phrasis_0001056__es-es__original,EQUIVALENCE
dico_phrasis_0001056__es-es__original,dico_phrasis_0001056,es,es,el gurú del software John McAfee,"John McAfee, experto en software",dico_phrasis_0001056__es-es__flipped,EQUIVALENCE
dico_phrasis_0001057__es-es__flipped,dico_phrasis_0001057,es,es,"Oklahoma, azotada por un tornado","a Oklahoma, devastada por un tornado",dico_phrasis_0001057__es-es__original,EQUIVALENCE
dico_phrasis_0001057__es-es__original,dico_phrasis_0001057,es,es,"a Oklahoma, devastada por un tornado","Oklahoma, azotada por un tornado",dico_phrasis_0001057__es-es__flipped,EQUIVALENCE
dico_phrasis_0001059__es-es__flipped,dico_phrasis_0001059,es,es,El magistrado Adly Mansour,El máximo magistrado Mansour,dico_phrasis_0001059__es-es__original,EQUIVALENCE
dico_phrasis_0001059__es-es__original,dico_phrasis_0001059,es,es,El máximo magistrado Mansour,El magistrado Adly Mansour,dico_phrasis_0001059__es-es__flipped,EQUIVALENCE
dico_phrasis_0001060__es-es__flipped,dico_phrasis_0001060,es,es,3 muertos,Tres muertos,dico_phrasis_0001060__es-es__original,EQUIVALENCE
dico_phrasis_0001060__es-es__original,dico_phrasis_0001060,es,es,Tres muertos,3 muertos,dico_phrasis_0001060__es-es__flipped,EQUIVALENCE
dico_phrasis_0001061__es-es__flipped,dico_phrasis_0001061,es,es,"OIEA, Irán","Irán, agencia atómica",dico_phrasis_0001061__es-es__original,EQUIVALENCE
dico_phrasis_0001061__es-es__original,dico_phrasis_0001061,es,es,"Irán, agencia atómica","OIEA, Irán",dico_phrasis_0001061__es-es__flipped,EQUIVALENCE
dico_phrasis_0001064__es-es__flipped,dico_phrasis_0001064,es,es,una década de prisión,10 años de cárcel,dico_phrasis_0001064__es-es__original,EQUIVALENCE
dico_phrasis_0001064__es-es__original,dico_phrasis_0001064,es,es,10 años de cárcel,una década de prisión,dico_phrasis_0001064__es-es__flipped,EQUIVALENCE
dico_phrasis_0001065__es-es__flipped,dico_phrasis_0001065,es,es,Hijo,el hijo de esa persona,dico_phrasis_0001065__es-es__original,EQUIVALENCE
dico_phrasis_0001065__es-es__original,dico_phrasis_0001065,es,es,el hijo de esa persona,Hijo,dico_phrasis_0001065__es-es__flipped,EQUIVALENCE
dico_phrasis_0001066__es-es__flipped,dico_phrasis_0001066,es,es,el otro Talebán,el otro Talibán,dico_phrasis_0001066__es-es__original,EQUIVALENCE
dico_phrasis_0001066__es-es__original,dico_phrasis_0001066,es,es,el otro Talibán,el otro Talebán,dico_phrasis_0001066__es-es__flipped,EQUIVALENCE
dico_phrasis_0001072__es-es__flipped,dico_phrasis_0001072,es,es,advirtió,pone sobre aviso,dico_phrasis_0001072__es-es__original,EQUIVALENCE
dico_phrasis_0001072__es-es__original,dico_phrasis_0001072,es,es,pone sobre aviso,advirtió,dico_phrasis_0001072__es-es__flipped,EQUIVALENCE
dico_phrasis_0001073__es-es__flipped,dico_phrasis_0001073,es,es,Yakarta,capital de Indonesia,dico_phrasis_0001073__es-es__original,EQUIVALENCE
dico_phrasis_0001073__es-es__original,dico_phrasis_0001073,es,es,capital de Indonesia,Yakarta,dico_phrasis_0001073__es-es__flipped,EQUIVALENCE
dico_phrasis_0001074__es-es__flipped,dico_phrasis_0001074,es,es,dentro de la ciudad de Belén,en Belén,dico_phrasis_0001074__es-es__original,EQUIVALENCE
dico_phrasis_0001074__es-es__original,dico_phrasis_0001074,es,es,en Belén,dentro de la ciudad de Belén,dico_phrasis_0001074__es-es__flipped,EQUIVALENCE
dico_phrasis_0001075__es-es__flipped,dico_phrasis_0001075,es,es,Colapso de un edificio en India,Colapsos de edificios en India,dico_phrasis_0001075__es-es__original,EQUIVALENCE
dico_phrasis_0001075__es-es__original,dico_phrasis_0001075,es,es,Colapsos de edificios en India,Colapso de un edificio en India,dico_phrasis_0001075__es-es__flipped,EQUIVALENCE
dico_phrasis_0001076__es-es__flipped,dico_phrasis_0001076,es,es,visitar,ir a ver,dico_phrasis_0001076__es-es__original,EQUIVALENCE
dico_phrasis_0001076__es-es__original,dico_phrasis_0001076,es,es,ir a ver,visitar,dico_phrasis_0001076__es-es__flipped,EQUIVALENCE
dico_phrasis_0001078__es-es__flipped,dico_phrasis_0001078,es,es,"al 1,1 % anual","al 1,1 por ciento anual",dico_phrasis_0001078__es-es__original,EQUIVALENCE
dico_phrasis_0001078__es-es__original,dico_phrasis_0001078,es,es,"al 1,1 por ciento anual","al 1,1 % anual",dico_phrasis_0001078__es-es__flipped,EQUIVALENCE
dico_phrasis_0001081__es-es__flipped,dico_phrasis_0001081,es,es,después del colapso,después de colapsar,dico_phrasis_0001081__es-es__original,EQUIVALENCE
dico_phrasis_0001081__es-es__original,dico_phrasis_0001081,es,es,después de colapsar,después del colapso,dico_phrasis_0001081__es-es__flipped,EQUIVALENCE
dico_phrasis_0001082__es-es__flipped,dico_phrasis_0001082,es,es,entrando en territorio libanés,entrando en el Líbano,dico_phrasis_0001082__es-es__original,EQUIVALENCE
dico_phrasis_0001082__es-es__original,dico_phrasis_0001082,es,es,entrando en el Líbano,entrando en territorio libanés,dico_phrasis_0001082__es-es__flipped,EQUIVALENCE
dico_phrasis_0001088__es-es__flipped,dico_phrasis_0001088,es,es,Un ordenador Macintosh,Un ordenador Apple,dico_phrasis_0001088__es-es__original,EQUIVALENCE
dico_phrasis_0001088__es-es__original,dico_phrasis_0001088,es,es,Un ordenador Apple,Un ordenador Macintosh,dico_phrasis_0001088__es-es__flipped,EQUIVALENCE
dico_phrasis_0001089__es-es__flipped,dico_phrasis_0001089,es,es,en un campo,en un campo abierto,dico_phrasis_0001089__es-es__original,EQUIVALENCE
dico_phrasis_0001089__es-es__original,dico_phrasis_0001089,es,es,en un campo abierto,en un campo,dico_phrasis_0001089__es-es__flipped,EQUIVALENCE
dico_phrasis_0001090__es-es__flipped,dico_phrasis_0001090,es,es,una oveja,un animal ovino,dico_phrasis_0001090__es-es__original,EQUIVALENCE
dico_phrasis_0001090__es-es__original,dico_phrasis_0001090,es,es,un animal ovino,una oveja,dico_phrasis_0001090__es-es__flipped,EQUIVALENCE
dico_phrasis_0001091__es-es__flipped,dico_phrasis_0001091,es,es,dentro de una cocina,en una cocina,dico_phrasis_0001091__es-es__original,EQUIVALENCE
dico_phrasis_0001091__es-es__original,dico_phrasis_0001091,es,es,en una cocina,dentro de una cocina,dico_phrasis_0001091__es-es__flipped,EQUIVALENCE
dico_phrasis_0001092__es-es__flipped,dico_phrasis_0001092,es,es,La señora mayor,Una mujer anciana,dico_phrasis_0001092__es-es__original,EQUIVALENCE
dico_phrasis_0001092__es-es__original,dico_phrasis_0001092,es,es,Una mujer anciana,La señora mayor,dico_phrasis_0001092__es-es__flipped,EQUIVALENCE
dico_phrasis_0001093__es-es__flipped,dico_phrasis_0001093,es,es,en un pastizal,en tierras de pastoreo,dico_phrasis_0001093__es-es__original,EQUIVALENCE
dico_phrasis_0001093__es-es__original,dico_phrasis_0001093,es,es,en tierras de pastoreo,en un pastizal,dico_phrasis_0001093__es-es__flipped,EQUIVALENCE
dico_phrasis_0001094__es-es__flipped,dico_phrasis_0001094,es,es,en una zona con hierba,en la hierba,dico_phrasis_0001094__es-es__original,EQUIVALENCE
dico_phrasis_0001094__es-es__original,dico_phrasis_0001094,es,es,en la hierba,en una zona con hierba,dico_phrasis_0001094__es-es__flipped,EQUIVALENCE
dico_phrasis_0001096__es-es__flipped,dico_phrasis_0001096,es,es,un grupo,una colección,dico_phrasis_0001096__es-es__original,EQUIVALENCE
dico_phrasis_0001096__es-es__original,dico_phrasis_0001096,es,es,una colección,un grupo,dico_phrasis_0001096__es-es__flipped,EQUIVALENCE
dico_phrasis_0001098__es-es__flipped,dico_phrasis_0001098,es,es,encima de la superficie nevada,sobre la nieve,dico_phrasis_0001098__es-es__original,EQUIVALENCE
dico_phrasis_0001098__es-es__original,dico_phrasis_0001098,es,es,sobre la nieve,encima de la superficie nevada,dico_phrasis_0001098__es-es__flipped,EQUIVALENCE
dico_phrasis_0001099__es-es__flipped,dico_phrasis_0001099,es,es,donde está escrito «U2»,con un letrero de U2,dico_phrasis_0001099__es-es__original,EQUIVALENCE
dico_phrasis_0001099__es-es__original,dico_phrasis_0001099,es,es,con un letrero de U2,donde está escrito «U2»,dico_phrasis_0001099__es-es__flipped,EQUIVALENCE
dico_phrasis_0001101__es-es__flipped,dico_phrasis_0001101,es,es,Dos perros y un gato,dos perros acompañados por un solo gato,dico_phrasis_0001101__es-es__original,EQUIVALENCE
dico_phrasis_0001101__es-es__original,dico_phrasis_0001101,es,es,dos perros acompañados por un solo gato,Dos perros y un gato,dico_phrasis_0001101__es-es__flipped,EQUIVALENCE
dico_phrasis_0001106__es-es__flipped,dico_phrasis_0001106,es,es,viaja a vela,está navegando a vela,dico_phrasis_0001106__es-es__original,EQUIVALENCE
dico_phrasis_0001106__es-es__original,dico_phrasis_0001106,es,es,está navegando a vela,viaja a vela,dico_phrasis_0001106__es-es__flipped,EQUIVALENCE
dico_phrasis_0001107__es-es__flipped,dico_phrasis_0001107,es,es,con un lactante,con un bebé,dico_phrasis_0001107__es-es__original,EQUIVALENCE
dico_phrasis_0001107__es-es__original,dico_phrasis_0001107,es,es,con un bebé,con un lactante,dico_phrasis_0001107__es-es__flipped,EQUIVALENCE
dico_phrasis_0001108__es-es__flipped,dico_phrasis_0001108,es,es,en una silla,sentado en una silla,dico_phrasis_0001108__es-es__original,EQUIVALENCE
dico_phrasis_0001108__es-es__original,dico_phrasis_0001108,es,es,sentado en una silla,en una silla,dico_phrasis_0001108__es-es__flipped,EQUIVALENCE
dico_phrasis_0001110__es-es__flipped,dico_phrasis_0001110,es,es,avión rojo y blanco,un avión pintado de rojo y blanco,dico_phrasis_0001110__es-es__original,EQUIVALENCE
dico_phrasis_0001110__es-es__original,dico_phrasis_0001110,es,es,un avión pintado de rojo y blanco,avión rojo y blanco,dico_phrasis_0001110__es-es__flipped,EQUIVALENCE
dico_phrasis_0001111__es-es__flipped,dico_phrasis_0001111,es,es,está manejando el vehículo,está conduciendo,dico_phrasis_0001111__es-es__original,EQUIVALENCE
dico_phrasis_0001111__es-es__original,dico_phrasis_0001111,es,es,está conduciendo,está manejando el vehículo,dico_phrasis_0001111__es-es__flipped,EQUIVALENCE
dico_phrasis_0001113__es-es__flipped,dico_phrasis_0001113,es,es,están posando,adoptando una pose,dico_phrasis_0001113__es-es__original,EQUIVALENCE
dico_phrasis_0001113__es-es__original,dico_phrasis_0001113,es,es,adoptando una pose,están posando,dico_phrasis_0001113__es-es__flipped,EQUIVALENCE
dico_phrasis_0001114__es-es__flipped,dico_phrasis_0001114,es,es,dirige la mirada,está mirando,dico_phrasis_0001114__es-es__original,EQUIVALENCE
dico_phrasis_0001114__es-es__original,dico_phrasis_0001114,es,es,está mirando,dirige la mirada,dico_phrasis_0001114__es-es__flipped,EQUIVALENCE
dico_phrasis_0001119__es-es__flipped,dico_phrasis_0001119,es,es,del recinto del animal,de su jaula,dico_phrasis_0001119__es-es__original,EQUIVALENCE
dico_phrasis_0001119__es-es__original,dico_phrasis_0001119,es,es,de su jaula,del recinto del animal,dico_phrasis_0001119__es-es__flipped,EQUIVALENCE
dico_phrasis_0001120__es-es__flipped,dico_phrasis_0001120,es,es,un autobús rojo de dos pisos,un autobús de dos pisos pintado de rojo,dico_phrasis_0001120__es-es__original,EQUIVALENCE
dico_phrasis_0001120__es-es__original,dico_phrasis_0001120,es,es,un autobús de dos pisos pintado de rojo,un autobús rojo de dos pisos,dico_phrasis_0001120__es-es__flipped,EQUIVALENCE
dico_phrasis_0001124__es-es__flipped,dico_phrasis_0001124,es,es,un televisor de pantalla plana,un televisor con pantalla plana,dico_phrasis_0001124__es-es__original,EQUIVALENCE
dico_phrasis_0001124__es-es__original,dico_phrasis_0001124,es,es,un televisor con pantalla plana,un televisor de pantalla plana,dico_phrasis_0001124__es-es__flipped,EQUIVALENCE
dico_phrasis_0001125__es-es__flipped,dico_phrasis_0001125,es,es,una habitación,un espacio interior,dico_phrasis_0001125__es-es__original,EQUIVALENCE
dico_phrasis_0001125__es-es__original,dico_phrasis_0001125,es,es,un espacio interior,una habitación,dico_phrasis_0001125__es-es__flipped,EQUIVALENCE
dico_phrasis_0001127__es-es__flipped,dico_phrasis_0001127,es,es,para el dispositivo fotográfico,para la cámara,dico_phrasis_0001127__es-es__original,EQUIVALENCE
dico_phrasis_0001127__es-es__original,dico_phrasis_0001127,es,es,para la cámara,para el dispositivo fotográfico,dico_phrasis_0001127__es-es__flipped,EQUIVALENCE
dico_phrasis_0001130__es-es__flipped,dico_phrasis_0001130,es,es,camión rojo,un camión pintado de rojo,dico_phrasis_0001130__es-es__original,EQUIVALENCE
dico_phrasis_0001130__es-es__original,dico_phrasis_0001130,es,es,un camión pintado de rojo,camión rojo,dico_phrasis_0001130__es-es__flipped,EQUIVALENCE
dico_phrasis_0001132__es-es__flipped,dico_phrasis_0001132,es,es,en vuelo,volando,dico_phrasis_0001132__es-es__original,EQUIVALENCE
dico_phrasis_0001132__es-es__original,dico_phrasis_0001132,es,es,volando,en vuelo,dico_phrasis_0001132__es-es__flipped,EQUIVALENCE
dico_phrasis_0001134__es-es__flipped,dico_phrasis_0001134,es,es,están bebiendo,bebiendo,dico_phrasis_0001134__es-es__original,EQUIVALENCE
dico_phrasis_0001134__es-es__original,dico_phrasis_0001134,es,es,bebiendo,están bebiendo,dico_phrasis_0001134__es-es__flipped,EQUIVALENCE
dico_phrasis_0001135__es-es__flipped,dico_phrasis_0001135,es,es,está consumiendo alimentos,está comiendo,dico_phrasis_0001135__es-es__original,EQUIVALENCE
dico_phrasis_0001135__es-es__original,dico_phrasis_0001135,es,es,está comiendo,está consumiendo alimentos,dico_phrasis_0001135__es-es__flipped,EQUIVALENCE
dico_phrasis_0001138__es-es__flipped,dico_phrasis_0001138,es,es,Las aves,los animales aviares,dico_phrasis_0001138__es-es__original,EQUIVALENCE
dico_phrasis_0001138__es-es__original,dico_phrasis_0001138,es,es,los animales aviares,Las aves,dico_phrasis_0001138__es-es__flipped,EQUIVALENCE
dico_phrasis_0001140__es-es__flipped,dico_phrasis_0001140,es,es,dentro de una zona para cocinar,en la cocina,dico_phrasis_0001140__es-es__original,EQUIVALENCE
dico_phrasis_0001140__es-es__original,dico_phrasis_0001140,es,es,en la cocina,dentro de una zona para cocinar,dico_phrasis_0001140__es-es__flipped,EQUIVALENCE
dico_phrasis_0001145__es-es__flipped,dico_phrasis_0001145,es,es,sobre el agua,sobre la superficie del agua,dico_phrasis_0001145__es-es__original,EQUIVALENCE
dico_phrasis_0001145__es-es__original,dico_phrasis_0001145,es,es,sobre la superficie del agua,sobre el agua,dico_phrasis_0001145__es-es__flipped,EQUIVALENCE
dico_phrasis_0001146__es-es__flipped,dico_phrasis_0001146,es,es,está posado,se posa,dico_phrasis_0001146__es-es__original,EQUIVALENCE
dico_phrasis_0001146__es-es__original,dico_phrasis_0001146,es,es,se posa,está posado,dico_phrasis_0001146__es-es__flipped,EQUIVALENCE
dico_phrasis_0001148__es-es__flipped,dico_phrasis_0001148,es,es,está posado,está sentado,dico_phrasis_0001148__es-es__original,EQUIVALENCE
dico_phrasis_0001148__es-es__original,dico_phrasis_0001148,es,es,está sentado,está posado,dico_phrasis_0001148__es-es__flipped,EQUIVALENCE
dico_phrasis_0001151__es-es__flipped,dico_phrasis_0001151,es,es,llevando un cabestro azul,con un cabestro azul,dico_phrasis_0001151__es-es__original,EQUIVALENCE
dico_phrasis_0001151__es-es__original,dico_phrasis_0001151,es,es,con un cabestro azul,llevando un cabestro azul,dico_phrasis_0001151__es-es__flipped,EQUIVALENCE
dico_phrasis_0001152__es-es__flipped,dico_phrasis_0001152,es,es,un primer plano,una imagen con un encuadre muy cerrado,dico_phrasis_0001152__es-es__original,EQUIVALENCE
dico_phrasis_0001152__es-es__original,dico_phrasis_0001152,es,es,una imagen con un encuadre muy cerrado,un primer plano,dico_phrasis_0001152__es-es__flipped,EQUIVALENCE
dico_phrasis_0001154__es-es__flipped,dico_phrasis_0001154,es,es,un cachorro color canela,un perro joven de color marrón claro,dico_phrasis_0001154__es-es__original,EQUIVALENCE
dico_phrasis_0001154__es-es__original,dico_phrasis_0001154,es,es,un perro joven de color marrón claro,un cachorro color canela,dico_phrasis_0001154__es-es__flipped,EQUIVALENCE
dico_phrasis_0001157__es-es__flipped,dico_phrasis_0001157,es,es,pájaro azul,un pájaro de plumaje azul,dico_phrasis_0001157__es-es__original,EQUIVALENCE
dico_phrasis_0001157__es-es__original,dico_phrasis_0001157,es,es,un pájaro de plumaje azul,pájaro azul,dico_phrasis_0001157__es-es__flipped,EQUIVALENCE
dico_phrasis_0001158__es-es__flipped,dico_phrasis_0001158,es,es,en un campo,en una llanura,dico_phrasis_0001158__es-es__original,EQUIVALENCE
dico_phrasis_0001158__es-es__original,dico_phrasis_0001158,es,es,en una llanura,en un campo,dico_phrasis_0001158__es-es__flipped,EQUIVALENCE
dico_phrasis_0001161__es-es__flipped,dico_phrasis_0001161,es,es,en el alféizar de la ventana,en la repisa de la ventana,dico_phrasis_0001161__es-es__original,EQUIVALENCE
dico_phrasis_0001161__es-es__original,dico_phrasis_0001161,es,es,en la repisa de la ventana,en el alféizar de la ventana,dico_phrasis_0001161__es-es__flipped,EQUIVALENCE
dico_phrasis_0001162__es-es__flipped,dico_phrasis_0001162,es,es,levantando el vuelo,despegando,dico_phrasis_0001162__es-es__original,EQUIVALENCE
dico_phrasis_0001162__es-es__original,dico_phrasis_0001162,es,es,despegando,levantando el vuelo,dico_phrasis_0001162__es-es__flipped,EQUIVALENCE
dico_phrasis_0001165__es-es__flipped,dico_phrasis_0001165,es,es,en una pista de aterrizaje,sobre una pista de aterrizaje,dico_phrasis_0001165__es-es__original,EQUIVALENCE
dico_phrasis_0001165__es-es__original,dico_phrasis_0001165,es,es,sobre una pista de aterrizaje,en una pista de aterrizaje,dico_phrasis_0001165__es-es__flipped,EQUIVALENCE
dico_phrasis_0001170__es-es__flipped,dico_phrasis_0001170,es,es,de una vieja valla de madera,de una valla de madera deteriorada,dico_phrasis_0001170__es-es__original,EQUIVALENCE
dico_phrasis_0001170__es-es__original,dico_phrasis_0001170,es,es,de una valla de madera deteriorada,de una vieja valla de madera,dico_phrasis_0001170__es-es__flipped,EQUIVALENCE
dico_phrasis_0001172__es-es__flipped,dico_phrasis_0001172,es,es,viaja,va,dico_phrasis_0001172__es-es__original,EQUIVALENCE
dico_phrasis_0001172__es-es__original,dico_phrasis_0001172,es,es,va,viaja,dico_phrasis_0001172__es-es__flipped,EQUIVALENCE
dico_phrasis_0001173__es-es__flipped,dico_phrasis_0001173,es,es,Imagen en blanco y negro,Una imagen en blanco y negro,dico_phrasis_0001173__es-es__original,EQUIVALENCE
dico_phrasis_0001173__es-es__original,dico_phrasis_0001173,es,es,Una imagen en blanco y negro,Imagen en blanco y negro,dico_phrasis_0001173__es-es__flipped,EQUIVALENCE
dico_phrasis_0001177__es-es__flipped,dico_phrasis_0001177,es,es,Ave,un animal aviar,dico_phrasis_0001177__es-es__original,EQUIVALENCE
dico_phrasis_0001177__es-es__original,dico_phrasis_0001177,es,es,un animal aviar,Ave,dico_phrasis_0001177__es-es__flipped,EQUIVALENCE
dico_phrasis_0001178__es-es__flipped,dico_phrasis_0001178,es,es,montado en el caballo de color marrón,sobre el caballo marrón,dico_phrasis_0001178__es-es__original,EQUIVALENCE
dico_phrasis_0001178__es-es__original,dico_phrasis_0001178,es,es,sobre el caballo marrón,montado en el caballo de color marrón,dico_phrasis_0001178__es-es__flipped,EQUIVALENCE
dico_phrasis_0001180__es-es__flipped,dico_phrasis_0001180,es,es,va montado,viajando montado,dico_phrasis_0001180__es-es__original,EQUIVALENCE
dico_phrasis_0001180__es-es__original,dico_phrasis_0001180,es,es,viajando montado,va montado,dico_phrasis_0001180__es-es__flipped,EQUIVALENCE
dico_phrasis_0001181__es-es__flipped,dico_phrasis_0001181,es,es,está moviendo las alas hacia arriba y hacia abajo,está aleteando,dico_phrasis_0001181__es-es__original,EQUIVALENCE
dico_phrasis_0001181__es-es__original,dico_phrasis_0001181,es,es,está aleteando,está moviendo las alas hacia arriba y hacia abajo,dico_phrasis_0001181__es-es__flipped,EQUIVALENCE
dico_phrasis_0001182__es-es__flipped,dico_phrasis_0001182,es,es,cocina,una zona para cocinar,dico_phrasis_0001182__es-es__original,EQUIVALENCE
dico_phrasis_0001182__es-es__original,dico_phrasis_0001182,es,es,una zona para cocinar,cocina,dico_phrasis_0001182__es-es__flipped,EQUIVALENCE
dico_phrasis_0001183__es-es__flipped,dico_phrasis_0001183,es,es,el vehículo ferroviario de pasajeros,El tren,dico_phrasis_0001183__es-es__original,EQUIVALENCE
dico_phrasis_0001183__es-es__original,dico_phrasis_0001183,es,es,El tren,el vehículo ferroviario de pasajeros,dico_phrasis_0001183__es-es__flipped,EQUIVALENCE
dico_phrasis_0001184__es-es__flipped,dico_phrasis_0001184,es,es,en la terminal ferroviaria,en la estación de tren,dico_phrasis_0001184__es-es__original,EQUIVALENCE
dico_phrasis_0001184__es-es__original,dico_phrasis_0001184,es,es,en la estación de tren,en la terminal ferroviaria,dico_phrasis_0001184__es-es__flipped,EQUIVALENCE
dico_phrasis_0001185__es-es__flipped,dico_phrasis_0001185,es,es,en un sofá,en el sofá,dico_phrasis_0001185__es-es__original,EQUIVALENCE
dico_phrasis_0001185__es-es__original,dico_phrasis_0001185,es,es,en el sofá,en un sofá,dico_phrasis_0001185__es-es__flipped,EQUIVALENCE
dico_phrasis_0001186__es-es__flipped,dico_phrasis_0001186,es,es,el varón adulto,El hombre,dico_phrasis_0001186__es-es__original,EQUIVALENCE
dico_phrasis_0001186__es-es__original,dico_phrasis_0001186,es,es,El hombre,el varón adulto,dico_phrasis_0001186__es-es__flipped,EQUIVALENCE
dico_phrasis_0001187__es-es__flipped,dico_phrasis_0001187,es,es,Unas mujeres,Una mujer,dico_phrasis_0001187__es-es__original,EQUIVALENCE
dico_phrasis_0001187__es-es__original,dico_phrasis_0001187,es,es,Una mujer,Unas mujeres,dico_phrasis_0001187__es-es__flipped,EQUIVALENCE
dico_phrasis_0001189__es-es__flipped,dico_phrasis_0001189,es,es,a flote sobre el agua,sobre el agua,dico_phrasis_0001189__es-es__original,EQUIVALENCE
dico_phrasis_0001189__es-es__original,dico_phrasis_0001189,es,es,sobre el agua,a flote sobre el agua,dico_phrasis_0001189__es-es__flipped,EQUIVALENCE
dico_phrasis_0001190__es-es__flipped,dico_phrasis_0001190,es,es,vacas marrones y blancas,los bovinos de color marrón y blanco,dico_phrasis_0001190__es-es__original,EQUIVALENCE
dico_phrasis_0001190__es-es__original,dico_phrasis_0001190,es,es,los bovinos de color marrón y blanco,vacas marrones y blancas,dico_phrasis_0001190__es-es__flipped,EQUIVALENCE
dico_phrasis_0001192__es-es__flipped,dico_phrasis_0001192,es,es,sobre la acera peatonal,en una acera,dico_phrasis_0001192__es-es__original,EQUIVALENCE
dico_phrasis_0001192__es-es__original,dico_phrasis_0001192,es,es,en una acera,sobre la acera peatonal,dico_phrasis_0001192__es-es__flipped,EQUIVALENCE
dico_phrasis_0001195__es-es__flipped,dico_phrasis_0001195,es,es,sobre un campo cubierto de hierba,en un campo de hierba,dico_phrasis_0001195__es-es__original,EQUIVALENCE
dico_phrasis_0001195__es-es__original,dico_phrasis_0001195,es,es,en un campo de hierba,sobre un campo cubierto de hierba,dico_phrasis_0001195__es-es__flipped,EQUIVALENCE
dico_phrasis_0001196__es-es__flipped,dico_phrasis_0001196,es,es,caminando,desplazándose a pie,dico_phrasis_0001196__es-es__original,EQUIVALENCE
dico_phrasis_0001196__es-es__original,dico_phrasis_0001196,es,es,desplazándose a pie,caminando,dico_phrasis_0001196__es-es__flipped,EQUIVALENCE
dico_phrasis_0001197__es-es__flipped,dico_phrasis_0001197,es,es,encima de la mesa,sobre la mesa,dico_phrasis_0001197__es-es__original,EQUIVALENCE
dico_phrasis_0001197__es-es__original,dico_phrasis_0001197,es,es,sobre la mesa,encima de la mesa,dico_phrasis_0001197__es-es__flipped,EQUIVALENCE
dico_phrasis_0001198__es-es__flipped,dico_phrasis_0001198,es,es,a la cámara,hacia la cámara,dico_phrasis_0001198__es-es__original,EQUIVALENCE
dico_phrasis_0001198__es-es__original,dico_phrasis_0001198,es,es,hacia la cámara,a la cámara,dico_phrasis_0001198__es-es__flipped,EQUIVALENCE
dico_phrasis_0001199__es-es__flipped,dico_phrasis_0001199,es,es,dentro de la nieve,en la nieve,dico_phrasis_0001199__es-es__original,EQUIVALENCE
dico_phrasis_0001199__es-es__original,dico_phrasis_0001199,es,es,en la nieve,dentro de la nieve,dico_phrasis_0001199__es-es__flipped,EQUIVALENCE
dico_phrasis_0001200__es-es__flipped,dico_phrasis_0001200,es,es,El gato,un felino,dico_phrasis_0001200__es-es__original,EQUIVALENCE
dico_phrasis_0001200__es-es__original,dico_phrasis_0001200,es,es,un felino,El gato,dico_phrasis_0001200__es-es__flipped,EQUIVALENCE
dico_phrasis_0001201__es-es__flipped,dico_phrasis_0001201,es,es,caballo marrón,un equino de color marrón,dico_phrasis_0001201__es-es__original,EQUIVALENCE
dico_phrasis_0001201__es-es__original,dico_phrasis_0001201,es,es,un equino de color marrón,caballo marrón,dico_phrasis_0001201__es-es__flipped,EQUIVALENCE
dico_phrasis_0001202__es-es__flipped,dico_phrasis_0001202,es,es,reclinado,está recostado,dico_phrasis_0001202__es-es__original,EQUIVALENCE
dico_phrasis_0001202__es-es__original,dico_phrasis_0001202,es,es,está recostado,reclinado,dico_phrasis_0001202__es-es__flipped,EQUIVALENCE
dico_phrasis_0001205__es-es__flipped,dico_phrasis_0001205,es,es,Mujer,una mujer adulta,dico_phrasis_0001205__es-es__original,EQUIVALENCE
dico_phrasis_0001205__es-es__original,dico_phrasis_0001205,es,es,una mujer adulta,Mujer,dico_phrasis_0001205__es-es__flipped,EQUIVALENCE
dico_phrasis_0001206__es-es__flipped,dico_phrasis_0001206,es,es,el varón adulto,El hombre,dico_phrasis_0001206__es-es__original,EQUIVALENCE
dico_phrasis_0001206__es-es__original,dico_phrasis_0001206,es,es,El hombre,el varón adulto,dico_phrasis_0001206__es-es__flipped,EQUIVALENCE
dico_phrasis_0001207__es-es__flipped,dico_phrasis_0001207,es,es,Cuatro personas,Un grupo de cuatro personas,dico_phrasis_0001207__es-es__original,EQUIVALENCE
dico_phrasis_0001207__es-es__original,dico_phrasis_0001207,es,es,Un grupo de cuatro personas,Cuatro personas,dico_phrasis_0001207__es-es__flipped,EQUIVALENCE
dico_phrasis_0001209__es-es__flipped,dico_phrasis_0001209,es,es,están comiendo,se alimentan,dico_phrasis_0001209__es-es__original,EQUIVALENCE
dico_phrasis_0001209__es-es__original,dico_phrasis_0001209,es,es,se alimentan,están comiendo,dico_phrasis_0001209__es-es__flipped,EQUIVALENCE
dico_phrasis_0001211__es-es__flipped,dico_phrasis_0001211,es,es,sobre la hierba verde,en un campo de hierba,dico_phrasis_0001211__es-es__original,EQUIVALENCE
dico_phrasis_0001211__es-es__original,dico_phrasis_0001211,es,es,en un campo de hierba,sobre la hierba verde,dico_phrasis_0001211__es-es__flipped,EQUIVALENCE
dico_phrasis_0001212__es-es__flipped,dico_phrasis_0001212,es,es,Escritorio para computadora desordenado,Escritorio de oficina muy abarrotado,dico_phrasis_0001212__es-es__original,EQUIVALENCE
dico_phrasis_0001212__es-es__original,dico_phrasis_0001212,es,es,Escritorio de oficina muy abarrotado,Escritorio para computadora desordenado,dico_phrasis_0001212__es-es__flipped,EQUIVALENCE
dico_phrasis_0001213__es-es__flipped,dico_phrasis_0001213,es,es,Un autobús rojo de dos plantas,Autobús rojo de dos pisos,dico_phrasis_0001213__es-es__original,EQUIVALENCE
dico_phrasis_0001213__es-es__original,dico_phrasis_0001213,es,es,Autobús rojo de dos pisos,Un autobús rojo de dos plantas,dico_phrasis_0001213__es-es__flipped,EQUIVALENCE
dico_phrasis_0001219__es-es__flipped,dico_phrasis_0001219,es,es,dentro de un cobertizo de almacenamiento,en el cobertizo,dico_phrasis_0001219__es-es__original,EQUIVALENCE
dico_phrasis_0001219__es-es__original,dico_phrasis_0001219,es,es,en el cobertizo,dentro de un cobertizo de almacenamiento,dico_phrasis_0001219__es-es__flipped,EQUIVALENCE
dico_phrasis_0001220__es-es__flipped,dico_phrasis_0001220,es,es,en el fondo,en el fondo de la escena,dico_phrasis_0001220__es-es__original,EQUIVALENCE
dico_phrasis_0001220__es-es__original,dico_phrasis_0001220,es,es,en el fondo de la escena,en el fondo,dico_phrasis_0001220__es-es__flipped,EQUIVALENCE
dico_phrasis_0001222__es-es__flipped,dico_phrasis_0001222,es,es,durmiendo,descansando dormido,dico_phrasis_0001222__es-es__original,EQUIVALENCE
dico_phrasis_0001222__es-es__original,dico_phrasis_0001222,es,es,descansando dormido,durmiendo,dico_phrasis_0001222__es-es__flipped,EQUIVALENCE
dico_phrasis_0001223__es-es__flipped,dico_phrasis_0001223,es,es,encaramado,descansando en un lugar elevado,dico_phrasis_0001223__es-es__original,EQUIVALENCE
dico_phrasis_0001223__es-es__original,dico_phrasis_0001223,es,es,descansando en un lugar elevado,encaramado,dico_phrasis_0001223__es-es__flipped,EQUIVALENCE
dico_phrasis_0001225__es-es__flipped,dico_phrasis_0001225,es,es,flotando,manteniéndose a flote,dico_phrasis_0001225__es-es__original,EQUIVALENCE
dico_phrasis_0001225__es-es__original,dico_phrasis_0001225,es,es,manteniéndose a flote,flotando,dico_phrasis_0001225__es-es__flipped,EQUIVALENCE
dico_phrasis_0001226__es-es__flipped,dico_phrasis_0001226,es,es,en el centro,en medio,dico_phrasis_0001226__es-es__original,EQUIVALENCE
dico_phrasis_0001226__es-es__original,dico_phrasis_0001226,es,es,en medio,en el centro,dico_phrasis_0001226__es-es__flipped,EQUIVALENCE
dico_phrasis_0001227__es-es__flipped,dico_phrasis_0001227,es,es,tren negro,un tren pintado de negro,dico_phrasis_0001227__es-es__original,EQUIVALENCE
dico_phrasis_0001227__es-es__original,dico_phrasis_0001227,es,es,un tren pintado de negro,tren negro,dico_phrasis_0001227__es-es__flipped,EQUIVALENCE
dico_phrasis_0001228__es-es__flipped,dico_phrasis_0001228,es,es,a lo largo de las vías del tren,por las vías,dico_phrasis_0001228__es-es__original,EQUIVALENCE
dico_phrasis_0001228__es-es__original,dico_phrasis_0001228,es,es,por las vías,a lo largo de las vías del tren,dico_phrasis_0001228__es-es__flipped,EQUIVALENCE
dico_phrasis_0001230__es-es__flipped,dico_phrasis_0001230,es,es,Un perro color canela,El perro marrón,dico_phrasis_0001230__es-es__original,EQUIVALENCE
dico_phrasis_0001230__es-es__original,dico_phrasis_0001230,es,es,El perro marrón,Un perro color canela,dico_phrasis_0001230__es-es__flipped,EQUIVALENCE
dico_phrasis_0001232__es-es__flipped,dico_phrasis_0001232,es,es,sobre las vías del tren,sobre las vías ferroviarias,dico_phrasis_0001232__es-es__original,EQUIVALENCE
dico_phrasis_0001232__es-es__original,dico_phrasis_0001232,es,es,sobre las vías ferroviarias,sobre las vías del tren,dico_phrasis_0001232__es-es__flipped,EQUIVALENCE
dico_phrasis_0001233__es-es__flipped,dico_phrasis_0001233,es,es,baja en coche,bajando en coche,dico_phrasis_0001233__es-es__original,EQUIVALENCE
dico_phrasis_0001233__es-es__original,dico_phrasis_0001233,es,es,bajando en coche,baja en coche,dico_phrasis_0001233__es-es__flipped,EQUIVALENCE
dico_phrasis_0001234__es-es__flipped,dico_phrasis_0001234,es,es,conduciendo rápidamente,conduciendo a toda velocidad,dico_phrasis_0001234__es-es__original,EQUIVALENCE
dico_phrasis_0001234__es-es__original,dico_phrasis_0001234,es,es,conduciendo a toda velocidad,conduciendo rápidamente,dico_phrasis_0001234__es-es__flipped,EQUIVALENCE
dico_phrasis_0001235__es-es__flipped,dico_phrasis_0001235,es,es,Cada coche deportivo rojo,Todo automóvil deportivo pintado de rojo,dico_phrasis_0001235__es-es__original,EQUIVALENCE
dico_phrasis_0001235__es-es__original,dico_phrasis_0001235,es,es,Todo automóvil deportivo pintado de rojo,Cada coche deportivo rojo,dico_phrasis_0001235__es-es__flipped,EQUIVALENCE
dico_phrasis_0001238__es-es__flipped,dico_phrasis_0001238,es,es,sobre una barra metálica,sobre una banda metálica,dico_phrasis_0001238__es-es__original,EQUIVALENCE
dico_phrasis_0001238__es-es__original,dico_phrasis_0001238,es,es,sobre una banda metálica,sobre una barra metálica,dico_phrasis_0001238__es-es__flipped,EQUIVALENCE
dico_phrasis_0001240__es-es__flipped,dico_phrasis_0001240,es,es,a la mesa del comedor,junto a la mesa del comedor,dico_phrasis_0001240__es-es__original,EQUIVALENCE
dico_phrasis_0001240__es-es__original,dico_phrasis_0001240,es,es,junto a la mesa del comedor,a la mesa del comedor,dico_phrasis_0001240__es-es__flipped,EQUIVALENCE
dico_phrasis_0001241__es-es__flipped,dico_phrasis_0001241,es,es,Una pareja asiática mayor,Una pareja asiática de edad avanzada,dico_phrasis_0001241__es-es__original,EQUIVALENCE
dico_phrasis_0001241__es-es__original,dico_phrasis_0001241,es,es,Una pareja asiática de edad avanzada,Una pareja asiática mayor,dico_phrasis_0001241__es-es__flipped,EQUIVALENCE
dico_phrasis_0001242__es-es__flipped,dico_phrasis_0001242,es,es,caballo marrón,un caballo de pelaje marrón,dico_phrasis_0001242__es-es__original,EQUIVALENCE
dico_phrasis_0001242__es-es__original,dico_phrasis_0001242,es,es,un caballo de pelaje marrón,caballo marrón,dico_phrasis_0001242__es-es__flipped,EQUIVALENCE
dico_phrasis_0001244__es-es__flipped,dico_phrasis_0001244,es,es,junto a una mesa,al lado de una mesa,dico_phrasis_0001244__es-es__original,EQUIVALENCE
dico_phrasis_0001244__es-es__original,dico_phrasis_0001244,es,es,al lado de una mesa,junto a una mesa,dico_phrasis_0001244__es-es__flipped,EQUIVALENCE
dico_phrasis_0001245__es-es__flipped,dico_phrasis_0001245,es,es,están estacionados,estacionados,dico_phrasis_0001245__es-es__original,EQUIVALENCE
dico_phrasis_0001245__es-es__original,dico_phrasis_0001245,es,es,estacionados,están estacionados,dico_phrasis_0001245__es-es__flipped,EQUIVALENCE
dico_phrasis_0001246__es-es__flipped,dico_phrasis_0001246,es,es,procedente de un árbol,de un árbol,dico_phrasis_0001246__es-es__original,EQUIVALENCE
dico_phrasis_0001246__es-es__original,dico_phrasis_0001246,es,es,de un árbol,procedente de un árbol,dico_phrasis_0001246__es-es__flipped,EQUIVALENCE
dico_phrasis_0001247__es-es__flipped,dico_phrasis_0001247,es,es,Una foto en blanco y negro,una fotografía en blanco y negro,dico_phrasis_0001247__es-es__original,EQUIVALENCE
dico_phrasis_0001247__es-es__original,dico_phrasis_0001247,es,es,una fotografía en blanco y negro,Una foto en blanco y negro,dico_phrasis_0001247__es-es__flipped,EQUIVALENCE
dico_phrasis_0001249__es-es__flipped,dico_phrasis_0001249,es,es,entrando en una terminal de transporte,entrando en una estación,dico_phrasis_0001249__es-es__original,EQUIVALENCE
dico_phrasis_0001249__es-es__original,dico_phrasis_0001249,es,es,entrando en una estación,entrando en una terminal de transporte,dico_phrasis_0001249__es-es__flipped,EQUIVALENCE
dico_phrasis_0001250__es-es__flipped,dico_phrasis_0001250,es,es,está mirando,dirigiendo la mirada,dico_phrasis_0001250__es-es__original,EQUIVALENCE
dico_phrasis_0001250__es-es__original,dico_phrasis_0001250,es,es,dirigiendo la mirada,está mirando,dico_phrasis_0001250__es-es__flipped,EQUIVALENCE
dico_phrasis_0001251__es-es__flipped,dico_phrasis_0001251,es,es,se desplaza por el aire,está volando,dico_phrasis_0001251__es-es__original,EQUIVALENCE
dico_phrasis_0001251__es-es__original,dico_phrasis_0001251,es,es,está volando,se desplaza por el aire,dico_phrasis_0001251__es-es__flipped,EQUIVALENCE
dico_phrasis_0001253__es-es__flipped,dico_phrasis_0001253,es,es,en un recinto,en un cercado,dico_phrasis_0001253__es-es__original,EQUIVALENCE
dico_phrasis_0001253__es-es__original,dico_phrasis_0001253,es,es,en un cercado,en un recinto,dico_phrasis_0001253__es-es__flipped,EQUIVALENCE
dico_phrasis_0001254__es-es__flipped,dico_phrasis_0001254,es,es,en el campo,dentro del campo abierto,dico_phrasis_0001254__es-es__original,EQUIVALENCE
dico_phrasis_0001254__es-es__original,dico_phrasis_0001254,es,es,dentro del campo abierto,en el campo,dico_phrasis_0001254__es-es__flipped,EQUIVALENCE
dico_phrasis_0001257__es-es__flipped,dico_phrasis_0001257,es,es,están sentados,sentados,dico_phrasis_0001257__es-es__original,EQUIVALENCE
dico_phrasis_0001257__es-es__original,dico_phrasis_0001257,es,es,sentados,están sentados,dico_phrasis_0001257__es-es__flipped,EQUIVALENCE
dico_phrasis_0001259__es-es__flipped,dico_phrasis_0001259,es,es,estar de pie,mantenerse de pie,dico_phrasis_0001259__es-es__original,EQUIVALENCE
dico_phrasis_0001259__es-es__original,dico_phrasis_0001259,es,es,mantenerse de pie,estar de pie,dico_phrasis_0001259__es-es__flipped,EQUIVALENCE
dico_phrasis_0001260__es-es__flipped,dico_phrasis_0001260,es,es,Un hombre adulto,un varón adulto,dico_phrasis_0001260__es-es__original,EQUIVALENCE
dico_phrasis_0001260__es-es__original,dico_phrasis_0001260,es,es,un varón adulto,Un hombre adulto,dico_phrasis_0001260__es-es__flipped,EQUIVALENCE
dico_phrasis_0001261__es-es__flipped,dico_phrasis_0001261,es,es,en la estación de tren,en la terminal ferroviaria,dico_phrasis_0001261__es-es__original,EQUIVALENCE
dico_phrasis_0001261__es-es__original,dico_phrasis_0001261,es,es,en la terminal ferroviaria,en la estación de tren,dico_phrasis_0001261__es-es__flipped,EQUIVALENCE
dico_phrasis_0001262__es-es__flipped,dico_phrasis_0001262,es,es,El tren,el transporte ferroviario,dico_phrasis_0001262__es-es__original,EQUIVALENCE
dico_phrasis_0001262__es-es__original,dico_phrasis_0001262,es,es,el transporte ferroviario,El tren,dico_phrasis_0001262__es-es__flipped,EQUIVALENCE
dico_phrasis_0001266__es-es__flipped,dico_phrasis_0001266,es,es,dos perros,el par de perros,dico_phrasis_0001266__es-es__original,EQUIVALENCE
dico_phrasis_0001266__es-es__original,dico_phrasis_0001266,es,es,el par de perros,dos perros,dico_phrasis_0001266__es-es__flipped,EQUIVALENCE
dico_phrasis_0001268__es-es__flipped,dico_phrasis_0001268,es,es,Esta es una imagen en blanco y negro,Una foto en blanco y negro,dico_phrasis_0001268__es-es__original,EQUIVALENCE
dico_phrasis_0001268__es-es__original,dico_phrasis_0001268,es,es,Una foto en blanco y negro,Esta es una imagen en blanco y negro,dico_phrasis_0001268__es-es__flipped,EQUIVALENCE
dico_phrasis_0001269__es-es__flipped,dico_phrasis_0001269,es,es,en motos,en motocicletas,dico_phrasis_0001269__es-es__original,EQUIVALENCE
dico_phrasis_0001269__es-es__original,dico_phrasis_0001269,es,es,en motocicletas,en motos,dico_phrasis_0001269__es-es__flipped,EQUIVALENCE
dico_phrasis_0001272__es-es__flipped,dico_phrasis_0001272,es,es,Un hombre,Un tipo,dico_phrasis_0001272__es-es__original,EQUIVALENCE
dico_phrasis_0001272__es-es__original,dico_phrasis_0001272,es,es,Un tipo,Un hombre,dico_phrasis_0001272__es-es__flipped,EQUIVALENCE
dico_phrasis_0001273__es-es__flipped,dico_phrasis_0001273,es,es,una vaca blanca y negra,un bovino de pelaje blanco y negro,dico_phrasis_0001273__es-es__original,EQUIVALENCE
dico_phrasis_0001273__es-es__original,dico_phrasis_0001273,es,es,un bovino de pelaje blanco y negro,una vaca blanca y negra,dico_phrasis_0001273__es-es__flipped,EQUIVALENCE
dico_phrasis_0001274__es-es__flipped,dico_phrasis_0001274,es,es,se sientan,están sentados,dico_phrasis_0001274__es-es__original,EQUIVALENCE
dico_phrasis_0001274__es-es__original,dico_phrasis_0001274,es,es,están sentados,se sientan,dico_phrasis_0001274__es-es__flipped,EQUIVALENCE
dico_phrasis_0001276__es-es__flipped,dico_phrasis_0001276,es,es,están posados,descansando en lugares elevados,dico_phrasis_0001276__es-es__original,EQUIVALENCE
dico_phrasis_0001276__es-es__original,dico_phrasis_0001276,es,es,descansando en lugares elevados,están posados,dico_phrasis_0001276__es-es__flipped,EQUIVALENCE
dico_phrasis_0001278__es-es__flipped,dico_phrasis_0001278,es,es,Un avión plateado de Aeroméxico,Un avión de pasajeros plateado de Aeroméxico,dico_phrasis_0001278__es-es__original,EQUIVALENCE
dico_phrasis_0001278__es-es__original,dico_phrasis_0001278,es,es,Un avión de pasajeros plateado de Aeroméxico,Un avión plateado de Aeroméxico,dico_phrasis_0001278__es-es__flipped,EQUIVALENCE
dico_phrasis_0001280__es-es__flipped,dico_phrasis_0001280,es,es,Hombre,el hombre adulto,dico_phrasis_0001280__es-es__original,EQUIVALENCE
dico_phrasis_0001280__es-es__original,dico_phrasis_0001280,es,es,el hombre adulto,Hombre,dico_phrasis_0001280__es-es__flipped,EQUIVALENCE
dico_phrasis_0001283__es-es__flipped,dico_phrasis_0001283,es,es,sujetar,seguir sujetando,dico_phrasis_0001283__es-es__original,EQUIVALENCE
dico_phrasis_0001283__es-es__original,dico_phrasis_0001283,es,es,seguir sujetando,sujetar,dico_phrasis_0001283__es-es__flipped,EQUIVALENCE
dico_phrasis_0001284__es-es__flipped,dico_phrasis_0001284,es,es,en una tienda de ropa,dentro de una tienda de ropa,dico_phrasis_0001284__es-es__original,EQUIVALENCE
dico_phrasis_0001284__es-es__original,dico_phrasis_0001284,es,es,dentro de una tienda de ropa,en una tienda de ropa,dico_phrasis_0001284__es-es__flipped,EQUIVALENCE
dico_phrasis_0001285__es-es__flipped,dico_phrasis_0001285,es,es,está asomándose,asoma,dico_phrasis_0001285__es-es__original,EQUIVALENCE
dico_phrasis_0001285__es-es__original,dico_phrasis_0001285,es,es,asoma,está asomándose,dico_phrasis_0001285__es-es__flipped,EQUIVALENCE
dico_phrasis_0001287__es-es__flipped,dico_phrasis_0001287,es,es,Un caballero mayor,Un hombre de edad avanzada,dico_phrasis_0001287__es-es__original,EQUIVALENCE
dico_phrasis_0001287__es-es__original,dico_phrasis_0001287,es,es,Un hombre de edad avanzada,Un caballero mayor,dico_phrasis_0001287__es-es__flipped,EQUIVALENCE
dico_phrasis_0001288__es-es__flipped,dico_phrasis_0001288,es,es,en el agua,ubicado en el agua,dico_phrasis_0001288__es-es__original,EQUIVALENCE
dico_phrasis_0001288__es-es__original,dico_phrasis_0001288,es,es,ubicado en el agua,en el agua,dico_phrasis_0001288__es-es__flipped,EQUIVALENCE
dico_phrasis_0001289__es-es__flipped,dico_phrasis_0001289,es,es,en una obra,en una obra de construcción,dico_phrasis_0001289__es-es__original,EQUIVALENCE
dico_phrasis_0001289__es-es__original,dico_phrasis_0001289,es,es,en una obra de construcción,en una obra,dico_phrasis_0001289__es-es__flipped,EQUIVALENCE
dico_phrasis_0001292__es-es__flipped,dico_phrasis_0001292,es,es,delante de una noria,con una noria detrás,dico_phrasis_0001292__es-es__original,EQUIVALENCE
dico_phrasis_0001292__es-es__original,dico_phrasis_0001292,es,es,con una noria detrás,delante de una noria,dico_phrasis_0001292__es-es__flipped,EQUIVALENCE
dico_phrasis_0001293__es-es__flipped,dico_phrasis_0001293,es,es,en una pista de tierra,en un circuito de tierra,dico_phrasis_0001293__es-es__original,EQUIVALENCE
dico_phrasis_0001293__es-es__original,dico_phrasis_0001293,es,es,en un circuito de tierra,en una pista de tierra,dico_phrasis_0001293__es-es__flipped,EQUIVALENCE
dico_phrasis_0001294__es-es__flipped,dico_phrasis_0001294,es,es,con su capucha,usando su capucha,dico_phrasis_0001294__es-es__original,EQUIVALENCE
dico_phrasis_0001294__es-es__original,dico_phrasis_0001294,es,es,usando su capucha,con su capucha,dico_phrasis_0001294__es-es__flipped,EQUIVALENCE
dico_phrasis_0001295__es-es__flipped,dico_phrasis_0001295,es,es,esquilando,están esquilando,dico_phrasis_0001295__es-es__original,EQUIVALENCE
dico_phrasis_0001295__es-es__original,dico_phrasis_0001295,es,es,están esquilando,esquilando,dico_phrasis_0001295__es-es__flipped,EQUIVALENCE
dico_phrasis_0001296__es-es__flipped,dico_phrasis_0001296,es,es,dentro de una estación,entrando en una terminal de transporte,dico_phrasis_0001296__es-es__original,EQUIVALENCE
dico_phrasis_0001296__es-es__original,dico_phrasis_0001296,es,es,entrando en una terminal de transporte,dentro de una estación,dico_phrasis_0001296__es-es__flipped,EQUIVALENCE
dico_phrasis_0001297__es-es__flipped,dico_phrasis_0001297,es,es,en el agua,en una masa de agua,dico_phrasis_0001297__es-es__original,EQUIVALENCE
dico_phrasis_0001297__es-es__original,dico_phrasis_0001297,es,es,en una masa de agua,en el agua,dico_phrasis_0001297__es-es__flipped,EQUIVALENCE
dico_phrasis_0001298__es-es__flipped,dico_phrasis_0001298,es,es,Una motocicleta,una moto,dico_phrasis_0001298__es-es__original,EQUIVALENCE
dico_phrasis_0001298__es-es__original,dico_phrasis_0001298,es,es,una moto,Una motocicleta,dico_phrasis_0001298__es-es__flipped,EQUIVALENCE
dico_phrasis_0001299__es-es__flipped,dico_phrasis_0001299,es,es,El niño,el niño pequeño,dico_phrasis_0001299__es-es__original,EQUIVALENCE
dico_phrasis_0001299__es-es__original,dico_phrasis_0001299,es,es,el niño pequeño,El niño,dico_phrasis_0001299__es-es__flipped,EQUIVALENCE
dico_phrasis_0001301__es-es__flipped,dico_phrasis_0001301,es,es,Un avión grande,Un avión a reacción grande,dico_phrasis_0001301__es-es__original,EQUIVALENCE
dico_phrasis_0001301__es-es__original,dico_phrasis_0001301,es,es,Un avión a reacción grande,Un avión grande,dico_phrasis_0001301__es-es__flipped,EQUIVALENCE
dico_phrasis_0001303__es-es__flipped,dico_phrasis_0001303,es,es,está mostrando,mostrando,dico_phrasis_0001303__es-es__original,EQUIVALENCE
dico_phrasis_0001303__es-es__original,dico_phrasis_0001303,es,es,mostrando,está mostrando,dico_phrasis_0001303__es-es__flipped,EQUIVALENCE
dico_phrasis_0001304__es-es__flipped,dico_phrasis_0001304,es,es,están sentados,sentarse,dico_phrasis_0001304__es-es__original,EQUIVALENCE
dico_phrasis_0001304__es-es__original,dico_phrasis_0001304,es,es,sentarse,están sentados,dico_phrasis_0001304__es-es__flipped,EQUIVALENCE
dico_phrasis_0001305__es-es__flipped,dico_phrasis_0001305,es,es,sentados,están sentados,dico_phrasis_0001305__es-es__original,EQUIVALENCE
dico_phrasis_0001305__es-es__original,dico_phrasis_0001305,es,es,están sentados,sentados,dico_phrasis_0001305__es-es__flipped,EQUIVALENCE
dico_phrasis_0001307__es-es__flipped,dico_phrasis_0001307,es,es,Un televisor de pantalla plana Phillips,Un televisor de pantalla plana Philips,dico_phrasis_0001307__es-es__original,EQUIVALENCE
dico_phrasis_0001307__es-es__original,dico_phrasis_0001307,es,es,Un televisor de pantalla plana Philips,Un televisor de pantalla plana Phillips,dico_phrasis_0001307__es-es__flipped,EQUIVALENCE
dico_phrasis_0001308__es-es__flipped,dico_phrasis_0001308,es,es,en el suelo,sobre un suelo,dico_phrasis_0001308__es-es__original,EQUIVALENCE
dico_phrasis_0001308__es-es__original,dico_phrasis_0001308,es,es,sobre un suelo,en el suelo,dico_phrasis_0001308__es-es__flipped,EQUIVALENCE
dico_phrasis_0001310__es-es__flipped,dico_phrasis_0001310,es,es,un primer plano,una vista de detalle ampliada,dico_phrasis_0001310__es-es__original,EQUIVALENCE
dico_phrasis_0001310__es-es__original,dico_phrasis_0001310,es,es,una vista de detalle ampliada,un primer plano,dico_phrasis_0001310__es-es__flipped,EQUIVALENCE
dico_phrasis_0001311__es-es__flipped,dico_phrasis_0001311,es,es,en las vías del tren,en las vías del ferrocarril,dico_phrasis_0001311__es-es__original,EQUIVALENCE
dico_phrasis_0001311__es-es__original,dico_phrasis_0001311,es,es,en las vías del ferrocarril,en las vías del tren,dico_phrasis_0001311__es-es__flipped,EQUIVALENCE
dico_phrasis_0001313__es-es__flipped,dico_phrasis_0001313,es,es,detrás,al fondo,dico_phrasis_0001313__es-es__original,EQUIVALENCE
dico_phrasis_0001313__es-es__original,dico_phrasis_0001313,es,es,al fondo,detrás,dico_phrasis_0001313__es-es__flipped,EQUIVALENCE
dico_phrasis_0001314__es-es__flipped,dico_phrasis_0001314,es,es,en un día nublado,bajo un cielo nublado,dico_phrasis_0001314__es-es__original,EQUIVALENCE
dico_phrasis_0001314__es-es__original,dico_phrasis_0001314,es,es,bajo un cielo nublado,en un día nublado,dico_phrasis_0001314__es-es__flipped,EQUIVALENCE
dico_phrasis_0001316__es-es__flipped,dico_phrasis_0001316,es,es,Un grupo,Multitud,dico_phrasis_0001316__es-es__original,EQUIVALENCE
dico_phrasis_0001316__es-es__original,dico_phrasis_0001316,es,es,Multitud,Un grupo,dico_phrasis_0001316__es-es__flipped,EQUIVALENCE
dico_phrasis_0001317__es-es__flipped,dico_phrasis_0001317,es,es,Un primer plano,Una vista de cerca,dico_phrasis_0001317__es-es__original,EQUIVALENCE
dico_phrasis_0001317__es-es__original,dico_phrasis_0001317,es,es,Una vista de cerca,Un primer plano,dico_phrasis_0001317__es-es__flipped,EQUIVALENCE
dico_phrasis_0001318__es-es__flipped,dico_phrasis_0001318,es,es,en una estación ferroviaria,en una estación de tren,dico_phrasis_0001318__es-es__original,EQUIVALENCE
dico_phrasis_0001318__es-es__original,dico_phrasis_0001318,es,es,en una estación de tren,en una estación ferroviaria,dico_phrasis_0001318__es-es__flipped,EQUIVALENCE
dico_phrasis_0001319__es-es__flipped,dico_phrasis_0001319,es,es,en un campo de hierba,dentro de un campo cubierto de hierba,dico_phrasis_0001319__es-es__original,EQUIVALENCE
dico_phrasis_0001319__es-es__original,dico_phrasis_0001319,es,es,dentro de un campo cubierto de hierba,en un campo de hierba,dico_phrasis_0001319__es-es__flipped,EQUIVALENCE
dico_phrasis_0001322__es-es__flipped,dico_phrasis_0001322,es,es,sobre la hierba,sobre suelo cubierto de hierba,dico_phrasis_0001322__es-es__original,EQUIVALENCE
dico_phrasis_0001322__es-es__original,dico_phrasis_0001322,es,es,sobre suelo cubierto de hierba,sobre la hierba,dico_phrasis_0001322__es-es__flipped,EQUIVALENCE
dico_phrasis_0001326__es-es__flipped,dico_phrasis_0001326,es,es,en Ucrania,en el este de Ucrania,dico_phrasis_0001326__es-es__original,BACKWARD_ENTAILMENT
dico_phrasis_0001326__es-es__original,dico_phrasis_0001326,es,es,en el este de Ucrania,en Ucrania,dico_phrasis_0001326__es-es__flipped,FORWARD_ENTAILMENT
dico_phrasis_0001327__es-es__flipped,dico_phrasis_0001327,es,es,Corea del Sur,con Corea del Sur,dico_phrasis_0001327__es-es__original,BACKWARD_ENTAILMENT
dico_phrasis_0001327__es-es__original,dico_phrasis_0001327,es,es,con Corea del Sur,Corea del Sur,dico_phrasis_0001327__es-es__flipped,FORWARD_ENTAILMENT
dico_phrasis_0001328__es-es__flipped,dico_phrasis_0001328,es,es,el hombre más anciano,la persona más anciana y el hombre más anciano,dico_phrasis_0001328__es-es__original,BACKWARD_ENTAILMENT
dico_phrasis_0001328__es-es__original,dico_phrasis_0001328,es,es,la persona más anciana y el hombre más anciano,el hombre más anciano,dico_phrasis_0001328__es-es__flipped,FORWARD_ENTAILMENT
dico_phrasis_0001329__es-es__flipped,dico_phrasis_0001329,es,es,conversaciones,conversaciones nucleares entre expertos,dico_phrasis_0001329__es-es__original,BACKWARD_ENTAILMENT
dico_phrasis_0001329__es-es__original,dico_phrasis_0001329,es,es,conversaciones nucleares entre expertos,conversaciones,dico_phrasis_0001329__es-es__flipped,FORWARD_ENTAILMENT
dico_phrasis_0001330__es-es__flipped,dico_phrasis_0001330,es,es,situación de la explosión de un tren,balance de muertos por la explosión de un tren de carga canadiense,dico_phrasis_0001330__es-es__original,BACKWARD_ENTAILMENT
dico_phrasis_0001330__es-es__original,dico_phrasis_0001330,es,es,balance de muertos por la explosión de un tren de carga canadiense,situación de la explosión de un tren,dico_phrasis_0001330__es-es__flipped,FORWARD_ENTAILMENT
dico_phrasis_0001331__es-es__flipped,dico_phrasis_0001331,es,es,lluvia,lluvia intensa,dico_phrasis_0001331__es-es__original,BACKWARD_ENTAILMENT
dico_phrasis_0001331__es-es__original,dico_phrasis_0001331,es,es,lluvia intensa,lluvia,dico_phrasis_0001331__es-es__flipped,FORWARD_ENTAILMENT
dico_phrasis_0001332__es-es__flipped,dico_phrasis_0001332,es,es,Visita sorpresa,En una visita sorpresa,dico_phrasis_0001332__es-es__original,BACKWARD_ENTAILMENT
dico_phrasis_0001332__es-es__original,dico_phrasis_0001332,es,es,En una visita sorpresa,Visita sorpresa,dico_phrasis_0001332__es-es__flipped,FORWARD_ENTAILMENT
dico_phrasis_0001333__es-es__flipped,dico_phrasis_0001333,es,es,matrimonio gay,sobre el matrimonio gay,dico_phrasis_0001333__es-es__original,BACKWARD_ENTAILMENT
dico_phrasis_0001333__es-es__original,dico_phrasis_0001333,es,es,sobre el matrimonio gay,matrimonio gay,dico_phrasis_0001333__es-es__flipped,FORWARD_ENTAILMENT
dico_phrasis_0001334__es-es__flipped,dico_phrasis_0001334,es,es,Egipto,como Egipto,dico_phrasis_0001334__es-es__original,BACKWARD_ENTAILMENT
dico_phrasis_0001334__es-es__original,dico_phrasis_0001334,es,es,como Egipto,Egipto,dico_phrasis_0001334__es-es__flipped,FORWARD_ENTAILMENT
dico_phrasis_0001335__es-es__flipped,dico_phrasis_0001335,es,es,récord,un nuevo máximo histórico,dico_phrasis_0001335__es-es__original,BACKWARD_ENTAILMENT
dico_phrasis_0001335__es-es__original,dico_phrasis_0001335,es,es,un nuevo máximo histórico,récord,dico_phrasis_0001335__es-es__flipped,FORWARD_ENTAILMENT
dico_phrasis_0001336__es-es__flipped,dico_phrasis_0001336,es,es,avión,avión ucraniano,dico_phrasis_0001336__es-es__original,BACKWARD_ENTAILMENT
dico_phrasis_0001336__es-es__original,dico_phrasis_0001336,es,es,avión ucraniano,avión,dico_phrasis_0001336__es-es__flipped,FORWARD_ENTAILMENT
dico_phrasis_0001337__es-es__flipped,dico_phrasis_0001337,es,es,en desastre ferroviario español,en mortal accidente de tren en España,dico_phrasis_0001337__es-es__original,BACKWARD_ENTAILMENT
dico_phrasis_0001337__es-es__original,dico_phrasis_0001337,es,es,en mortal accidente de tren en España,en desastre ferroviario español,dico_phrasis_0001337__es-es__flipped,FORWARD_ENTAILMENT
dico_phrasis_0001338__es-es__flipped,dico_phrasis_0001338,es,es,17 heridos,19 heridos,dico_phrasis_0001338__es-es__original,BACKWARD_ENTAILMENT
dico_phrasis_0001338__es-es__original,dico_phrasis_0001338,es,es,19 heridos,17 heridos,dico_phrasis_0001338__es-es__flipped,FORWARD_ENTAILMENT
dico_phrasis_0001339__es-es__flipped,dico_phrasis_0001339,es,es,mediante mortero,mediante fuego intenso de mortero,dico_phrasis_0001339__es-es__original,BACKWARD_ENTAILMENT
dico_phrasis_0001339__es-es__original,dico_phrasis_0001339,es,es,mediante fuego intenso de mortero,mediante mortero,dico_phrasis_0001339__es-es__flipped,FORWARD_ENTAILMENT
dico_phrasis_0001340__es-es__flipped,dico_phrasis_0001340,es,es,centro comercial,en un centro comercial,dico_phrasis_0001340__es-es__original,BACKWARD_ENTAILMENT
dico_phrasis_0001340__es-es__original,dico_phrasis_0001340,es,es,en un centro comercial,centro comercial,dico_phrasis_0001340__es-es__flipped,FORWARD_ENTAILMENT
dico_phrasis_0001341__es-es__flipped,dico_phrasis_0001341,es,es,armas químicas de Siria,sobre las armas químicas de Siria,dico_phrasis_0001341__es-es__original,BACKWARD_ENTAILMENT
dico_phrasis_0001341__es-es__original,dico_phrasis_0001341,es,es,sobre las armas químicas de Siria,armas químicas de Siria,dico_phrasis_0001341__es-es__flipped,FORWARD_ENTAILMENT
dico_phrasis_0001343__es-es__flipped,dico_phrasis_0001343,es,es,Cinco muertos,Muchas más muertes,dico_phrasis_0001343__es-es__original,BACKWARD_ENTAILMENT
dico_phrasis_0001343__es-es__original,dico_phrasis_0001343,es,es,Muchas más muertes,Cinco muertos,dico_phrasis_0001343__es-es__flipped,FORWARD_ENTAILMENT
dico_phrasis_0001344__es-es__flipped,dico_phrasis_0001344,es,es,el alcalde de San Diego,"el alcalde de San Diego, Bob Filner",dico_phrasis_0001344__es-es__original,BACKWARD_ENTAILMENT
dico_phrasis_0001344__es-es__original,dico_phrasis_0001344,es,es,"el alcalde de San Diego, Bob Filner",el alcalde de San Diego,dico_phrasis_0001344__es-es__flipped,FORWARD_ENTAILMENT
dico_phrasis_0001345__es-es__flipped,dico_phrasis_0001345,es,es,Japón,el noreste de Japón,dico_phrasis_0001345__es-es__original,BACKWARD_ENTAILMENT
dico_phrasis_0001345__es-es__original,dico_phrasis_0001345,es,es,el noreste de Japón,Japón,dico_phrasis_0001345__es-es__flipped,FORWARD_ENTAILMENT
dico_phrasis_0001347__es-es__flipped,dico_phrasis_0001347,es,es,hombres armados,hombres armados nigerianos,dico_phrasis_0001347__es-es__original,BACKWARD_ENTAILMENT
dico_phrasis_0001347__es-es__original,dico_phrasis_0001347,es,es,hombres armados nigerianos,hombres armados,dico_phrasis_0001347__es-es__flipped,FORWARD_ENTAILMENT
dico_phrasis_0001348__es-es__flipped,dico_phrasis_0001348,es,es,30,"novio, al menos otros 30",dico_phrasis_0001348__es-es__original,BACKWARD_ENTAILMENT
dico_phrasis_0001348__es-es__original,dico_phrasis_0001348,es,es,"novio, al menos otros 30",30,dico_phrasis_0001348__es-es__flipped,FORWARD_ENTAILMENT
dico_phrasis_0001349__es-es__flipped,dico_phrasis_0001349,es,es,en ataques aéreos,en ataques aéreos israelíes,dico_phrasis_0001349__es-es__original,BACKWARD_ENTAILMENT
dico_phrasis_0001349__es-es__original,dico_phrasis_0001349,es,es,en ataques aéreos israelíes,en ataques aéreos,dico_phrasis_0001349__es-es__flipped,FORWARD_ENTAILMENT
dico_phrasis_0001353__es-es__flipped,dico_phrasis_0001353,es,es,ayuda,ayuda de emergencia,dico_phrasis_0001353__es-es__original,BACKWARD_ENTAILMENT
dico_phrasis_0001353__es-es__original,dico_phrasis_0001353,es,es,ayuda de emergencia,ayuda,dico_phrasis_0001353__es-es__flipped,FORWARD_ENTAILMENT
dico_phrasis_0001354__es-es__flipped,dico_phrasis_0001354,es,es,a Juncker,sobre el nombramiento de Juncker,dico_phrasis_0001354__es-es__original,BACKWARD_ENTAILMENT
dico_phrasis_0001354__es-es__original,dico_phrasis_0001354,es,es,sobre el nombramiento de Juncker,a Juncker,dico_phrasis_0001354__es-es__flipped,FORWARD_ENTAILMENT
dico_phrasis_0001355__es-es__flipped,dico_phrasis_0001355,es,es,gasolinera,surtidores de gasolina,dico_phrasis_0001355__es-es__original,BACKWARD_ENTAILMENT
dico_phrasis_0001355__es-es__original,dico_phrasis_0001355,es,es,surtidores de gasolina,gasolinera,dico_phrasis_0001355__es-es__flipped,FORWARD_ENTAILMENT
dico_phrasis_0001356__es-es__flipped,dico_phrasis_0001356,es,es,ataque aéreo israelí,ataques de aviones de combate israelíes,dico_phrasis_0001356__es-es__original,BACKWARD_ENTAILMENT
dico_phrasis_0001356__es-es__original,dico_phrasis_0001356,es,es,ataques de aviones de combate israelíes,ataque aéreo israelí,dico_phrasis_0001356__es-es__flipped,FORWARD_ENTAILMENT
dico_phrasis_0001357__es-es__flipped,dico_phrasis_0001357,es,es,sobre el airbag,tras un fallo del airbag,dico_phrasis_0001357__es-es__original,BACKWARD_ENTAILMENT
dico_phrasis_0001357__es-es__original,dico_phrasis_0001357,es,es,tras un fallo del airbag,sobre el airbag,dico_phrasis_0001357__es-es__flipped,FORWARD_ENTAILMENT
dico_phrasis_0001358__es-es__flipped,dico_phrasis_0001358,es,es,Toyota y otros 3 fabricantes de automóviles japoneses,"Toyota, Honda, Nissan y Mazda",dico_phrasis_0001358__es-es__original,BACKWARD_ENTAILMENT
dico_phrasis_0001358__es-es__original,dico_phrasis_0001358,es,es,"Toyota, Honda, Nissan y Mazda",Toyota y otros 3 fabricantes de automóviles japoneses,dico_phrasis_0001358__es-es__flipped,FORWARD_ENTAILMENT
dico_phrasis_0001359__es-es__flipped,dico_phrasis_0001359,es,es,barco de China,la mayor flota de China,dico_phrasis_0001359__es-es__original,BACKWARD_ENTAILMENT
dico_phrasis_0001359__es-es__original,dico_phrasis_0001359,es,es,la mayor flota de China,barco de China,dico_phrasis_0001359__es-es__flipped,FORWARD_ENTAILMENT
dico_phrasis_0001360__es-es__flipped,dico_phrasis_0001360,es,es,extremistas,de extremistas,dico_phrasis_0001360__es-es__original,BACKWARD_ENTAILMENT
dico_phrasis_0001360__es-es__original,dico_phrasis_0001360,es,es,de extremistas,extremistas,dico_phrasis_0001360__es-es__flipped,FORWARD_ENTAILMENT
dico_phrasis_0001363__es-es__flipped,dico_phrasis_0001363,es,es,"actores Mohan Babu, Brahmanandam","actores telugus Mohan Babu, Brahmanandam",dico_phrasis_0001363__es-es__original,BACKWARD_ENTAILMENT
dico_phrasis_0001363__es-es__original,dico_phrasis_0001363,es,es,"actores telugus Mohan Babu, Brahmanandam","actores Mohan Babu, Brahmanandam",dico_phrasis_0001363__es-es__flipped,FORWARD_ENTAILMENT
dico_phrasis_0001364__es-es__flipped,dico_phrasis_0001364,es,es,Tribunal Superior,Tribunal Superior de Andhra Pradesh,dico_phrasis_0001364__es-es__original,BACKWARD_ENTAILMENT
dico_phrasis_0001364__es-es__original,dico_phrasis_0001364,es,es,Tribunal Superior de Andhra Pradesh,Tribunal Superior,dico_phrasis_0001364__es-es__flipped,FORWARD_ENTAILMENT
dico_phrasis_0001365__es-es__flipped,dico_phrasis_0001365,es,es,26 prisioneros palestinos,prisioneros palestinos,dico_phrasis_0001365__es-es__original,BACKWARD_ENTAILMENT
dico_phrasis_0001365__es-es__original,dico_phrasis_0001365,es,es,prisioneros palestinos,26 prisioneros palestinos,dico_phrasis_0001365__es-es__flipped,FORWARD_ENTAILMENT
dico_phrasis_0001366__es-es__flipped,dico_phrasis_0001366,es,es,La autora ganadora del Premio Nobel Doris Lessing,La autora británica ganadora del Premio Nobel Doris Lessing,dico_phrasis_0001366__es-es__original,BACKWARD_ENTAILMENT
dico_phrasis_0001366__es-es__original,dico_phrasis_0001366,es,es,La autora británica ganadora del Premio Nobel Doris Lessing,La autora ganadora del Premio Nobel Doris Lessing,dico_phrasis_0001366__es-es__flipped,FORWARD_ENTAILMENT
dico_phrasis_0001367__es-es__flipped,dico_phrasis_0001367,es,es,"Paul Walker, estrella de Hollywood","Paul Walker, estrella de «Fast & Furious»",dico_phrasis_0001367__es-es__original,BACKWARD_ENTAILMENT
dico_phrasis_0001367__es-es__original,dico_phrasis_0001367,es,es,"Paul Walker, estrella de «Fast & Furious»","Paul Walker, estrella de Hollywood",dico_phrasis_0001367__es-es__flipped,FORWARD_ENTAILMENT
dico_phrasis_0001368__es-es__flipped,dico_phrasis_0001368,es,es,contra manifestantes,contra manifestantes pro-Morsi,dico_phrasis_0001368__es-es__original,BACKWARD_ENTAILMENT
dico_phrasis_0001368__es-es__original,dico_phrasis_0001368,es,es,contra manifestantes pro-Morsi,contra manifestantes,dico_phrasis_0001368__es-es__flipped,FORWARD_ENTAILMENT
dico_phrasis_0001369__es-es__flipped,dico_phrasis_0001369,es,es,nueve turistas,"nueve turistas extranjeros, guía",dico_phrasis_0001369__es-es__original,BACKWARD_ENTAILMENT
dico_phrasis_0001369__es-es__original,dico_phrasis_0001369,es,es,"nueve turistas extranjeros, guía",nueve turistas,dico_phrasis_0001369__es-es__flipped,FORWARD_ENTAILMENT
dico_phrasis_0001370__es-es__flipped,dico_phrasis_0001370,es,es,Consumidor,Consumidores estadounidenses,dico_phrasis_0001370__es-es__original,BACKWARD_ENTAILMENT
dico_phrasis_0001370__es-es__original,dico_phrasis_0001370,es,es,Consumidores estadounidenses,Consumidor,dico_phrasis_0001370__es-es__flipped,FORWARD_ENTAILMENT
dico_phrasis_0001371__es-es__flipped,dico_phrasis_0001371,es,es,como tren de carga,después de trenes petroleros,dico_phrasis_0001371__es-es__original,BACKWARD_ENTAILMENT
dico_phrasis_0001371__es-es__original,dico_phrasis_0001371,es,es,después de trenes petroleros,como tren de carga,dico_phrasis_0001371__es-es__flipped,FORWARD_ENTAILMENT
dico_phrasis_0001372__es-es__flipped,dico_phrasis_0001372,es,es,violencia sectaria,por la violencia sectaria,dico_phrasis_0001372__es-es__original,BACKWARD_ENTAILMENT
dico_phrasis_0001372__es-es__original,dico_phrasis_0001372,es,es,por la violencia sectaria,violencia sectaria,dico_phrasis_0001372__es-es__flipped,FORWARD_ENTAILMENT
dico_phrasis_0001373__es-es__flipped,dico_phrasis_0001373,es,es,104 prisioneros palestinos,prisioneros palestinos,dico_phrasis_0001373__es-es__original,BACKWARD_ENTAILMENT
dico_phrasis_0001373__es-es__original,dico_phrasis_0001373,es,es,prisioneros palestinos,104 prisioneros palestinos,dico_phrasis_0001373__es-es__flipped,FORWARD_ENTAILMENT
dico_phrasis_0001375__es-es__flipped,dico_phrasis_0001375,es,es,director de Vodafone UK,"Guy Laurence, director de Vodafone UK",dico_phrasis_0001375__es-es__original,BACKWARD_ENTAILMENT
dico_phrasis_0001375__es-es__original,dico_phrasis_0001375,es,es,"Guy Laurence, director de Vodafone UK",director de Vodafone UK,dico_phrasis_0001375__es-es__flipped,FORWARD_ENTAILMENT
dico_phrasis_0001376__es-es__flipped,dico_phrasis_0001376,es,es,en crisis,hacia una crisis política,dico_phrasis_0001376__es-es__original,BACKWARD_ENTAILMENT
dico_phrasis_0001376__es-es__original,dico_phrasis_0001376,es,es,hacia una crisis política,en crisis,dico_phrasis_0001376__es-es__flipped,FORWARD_ENTAILMENT
dico_phrasis_0001377__es-es__flipped,dico_phrasis_0001377,es,es,renunciar,de renuncia,dico_phrasis_0001377__es-es__original,BACKWARD_ENTAILMENT
dico_phrasis_0001377__es-es__original,dico_phrasis_0001377,es,es,de renuncia,renunciar,dico_phrasis_0001377__es-es__flipped,FORWARD_ENTAILMENT
dico_phrasis_0001380__es-es__flipped,dico_phrasis_0001380,es,es,militar israelí,coronel israelí,dico_phrasis_0001380__es-es__original,BACKWARD_ENTAILMENT
dico_phrasis_0001380__es-es__original,dico_phrasis_0001380,es,es,coronel israelí,militar israelí,dico_phrasis_0001380__es-es__flipped,FORWARD_ENTAILMENT
dico_phrasis_0001381__es-es__flipped,dico_phrasis_0001381,es,es,joyas por valor de 40 millones de euros,gemas valoradas en 40 millones de euros,dico_phrasis_0001381__es-es__original,BACKWARD_ENTAILMENT
dico_phrasis_0001381__es-es__original,dico_phrasis_0001381,es,es,gemas valoradas en 40 millones de euros,joyas por valor de 40 millones de euros,dico_phrasis_0001381__es-es__flipped,FORWARD_ENTAILMENT
dico_phrasis_0001382__es-es__flipped,dico_phrasis_0001382,es,es,Siria,enviado de Siria,dico_phrasis_0001382__es-es__original,BACKWARD_ENTAILMENT
dico_phrasis_0001382__es-es__original,dico_phrasis_0001382,es,es,enviado de Siria,Siria,dico_phrasis_0001382__es-es__flipped,FORWARD_ENTAILMENT
dico_phrasis_0001383__es-es__flipped,dico_phrasis_0001383,es,es,Conductor de un tren español,Conductor del tren español accidentado,dico_phrasis_0001383__es-es__original,BACKWARD_ENTAILMENT
dico_phrasis_0001383__es-es__original,dico_phrasis_0001383,es,es,Conductor del tren español accidentado,Conductor de un tren español,dico_phrasis_0001383__es-es__flipped,FORWARD_ENTAILMENT
dico_phrasis_0001384__es-es__flipped,dico_phrasis_0001384,es,es,en el juicio por el ferry,en el juicio por el ferry en Corea del Sur,dico_phrasis_0001384__es-es__original,BACKWARD_ENTAILMENT
dico_phrasis_0001384__es-es__original,dico_phrasis_0001384,es,es,en el juicio por el ferry en Corea del Sur,en el juicio por el ferry,dico_phrasis_0001384__es-es__flipped,FORWARD_ENTAILMENT
dico_phrasis_0001385__es-es__flipped,dico_phrasis_0001385,es,es,Comunicador David Frost,Respetado entrevistador británico David Frost,dico_phrasis_0001385__es-es__original,BACKWARD_ENTAILMENT
dico_phrasis_0001385__es-es__original,dico_phrasis_0001385,es,es,Respetado entrevistador británico David Frost,Comunicador David Frost,dico_phrasis_0001385__es-es__flipped,FORWARD_ENTAILMENT
dico_phrasis_0001387__es-es__flipped,dico_phrasis_0001387,es,es,dron estadounidense,ataques con drones de EE. UU.,dico_phrasis_0001387__es-es__original,BACKWARD_ENTAILMENT
dico_phrasis_0001387__es-es__original,dico_phrasis_0001387,es,es,ataques con drones de EE. UU.,dron estadounidense,dico_phrasis_0001387__es-es__flipped,FORWARD_ENTAILMENT
dico_phrasis_0001388__es-es__flipped,dico_phrasis_0001388,es,es,Rusia,hacia Rusia,dico_phrasis_0001388__es-es__original,BACKWARD_ENTAILMENT
dico_phrasis_0001388__es-es__original,dico_phrasis_0001388,es,es,hacia Rusia,Rusia,dico_phrasis_0001388__es-es__flipped,FORWARD_ENTAILMENT
dico_phrasis_0001389__es-es__flipped,dico_phrasis_0001389,es,es,Los islamistas de Egipto,Los islamistas golpeados de Egipto,dico_phrasis_0001389__es-es__original,BACKWARD_ENTAILMENT
dico_phrasis_0001389__es-es__original,dico_phrasis_0001389,es,es,Los islamistas golpeados de Egipto,Los islamistas de Egipto,dico_phrasis_0001389__es-es__flipped,FORWARD_ENTAILMENT
dico_phrasis_0001390__es-es__flipped,dico_phrasis_0001390,es,es,en Egipto,en enfrentamientos en Egipto,dico_phrasis_0001390__es-es__original,BACKWARD_ENTAILMENT
dico_phrasis_0001390__es-es__original,dico_phrasis_0001390,es,es,en enfrentamientos en Egipto,en Egipto,dico_phrasis_0001390__es-es__flipped,FORWARD_ENTAILMENT
dico_phrasis_0001393__es-es__flipped,dico_phrasis_0001393,es,es,El exjefe del ejército de Pakistán,El exjefe del ejército pakistaní Musharraf,dico_phrasis_0001393__es-es__original,BACKWARD_ENTAILMENT
dico_phrasis_0001393__es-es__original,dico_phrasis_0001393,es,es,El exjefe del ejército pakistaní Musharraf,El exjefe del ejército de Pakistán,dico_phrasis_0001393__es-es__flipped,FORWARD_ENTAILMENT
dico_phrasis_0001394__es-es__flipped,dico_phrasis_0001394,es,es,20 de enero,desde el 20 de enero,dico_phrasis_0001394__es-es__original,BACKWARD_ENTAILMENT
dico_phrasis_0001394__es-es__original,dico_phrasis_0001394,es,es,desde el 20 de enero,20 de enero,dico_phrasis_0001394__es-es__flipped,FORWARD_ENTAILMENT
dico_phrasis_0001396__es-es__flipped,dico_phrasis_0001396,es,es,después de un tiroteo,después de que dispararan a un adolescente,dico_phrasis_0001396__es-es__original,BACKWARD_ENTAILMENT
dico_phrasis_0001396__es-es__original,dico_phrasis_0001396,es,es,después de que dispararan a un adolescente,después de un tiroteo,dico_phrasis_0001396__es-es__flipped,FORWARD_ENTAILMENT
dico_phrasis_0001397__es-es__flipped,dico_phrasis_0001397,es,es,perro,perro pitbull,dico_phrasis_0001397__es-es__original,BACKWARD_ENTAILMENT
dico_phrasis_0001397__es-es__original,dico_phrasis_0001397,es,es,perro pitbull,perro,dico_phrasis_0001397__es-es__flipped,FORWARD_ENTAILMENT
dico_phrasis_0001399__es-es__flipped,dico_phrasis_0001399,es,es,Ucrania,conversaciones sobre Ucrania,dico_phrasis_0001399__es-es__original,BACKWARD_ENTAILMENT
dico_phrasis_0001399__es-es__original,dico_phrasis_0001399,es,es,conversaciones sobre Ucrania,Ucrania,dico_phrasis_0001399__es-es__flipped,FORWARD_ENTAILMENT
dico_phrasis_0001401__es-es__flipped,dico_phrasis_0001401,es,es,4.000 médicos cubanos,6.000 médicos cubanos,dico_phrasis_0001401__es-es__original,BACKWARD_ENTAILMENT
dico_phrasis_0001401__es-es__original,dico_phrasis_0001401,es,es,6.000 médicos cubanos,4.000 médicos cubanos,dico_phrasis_0001401__es-es__flipped,FORWARD_ENTAILMENT
dico_phrasis_0001402__es-es__flipped,dico_phrasis_0001402,es,es,en un accidente de autobús en Alemania,en un accidente de varios autobuses en Alemania,dico_phrasis_0001402__es-es__original,BACKWARD_ENTAILMENT
dico_phrasis_0001402__es-es__original,dico_phrasis_0001402,es,es,en un accidente de varios autobuses en Alemania,en un accidente de autobús en Alemania,dico_phrasis_0001402__es-es__flipped,FORWARD_ENTAILMENT
dico_phrasis_0001403__es-es__flipped,dico_phrasis_0001403,es,es,Egipto,en El Cairo,dico_phrasis_0001403__es-es__original,BACKWARD_ENTAILMENT
dico_phrasis_0001403__es-es__original,dico_phrasis_0001403,es,es,en El Cairo,Egipto,dico_phrasis_0001403__es-es__flipped,FORWARD_ENTAILMENT
dico_phrasis_0001405__es-es__flipped,dico_phrasis_0001405,es,es,después del accidente,en un accidente en la feria de Carolina del Norte,dico_phrasis_0001405__es-es__original,BACKWARD_ENTAILMENT
dico_phrasis_0001405__es-es__original,dico_phrasis_0001405,es,es,en un accidente en la feria de Carolina del Norte,después del accidente,dico_phrasis_0001405__es-es__flipped,FORWARD_ENTAILMENT
dico_phrasis_0001406__es-es__flipped,dico_phrasis_0001406,es,es,Recuento de votos en Irán,Recuento anticipado de votos en Irán,dico_phrasis_0001406__es-es__original,BACKWARD_ENTAILMENT
dico_phrasis_0001406__es-es__original,dico_phrasis_0001406,es,es,Recuento anticipado de votos en Irán,Recuento de votos en Irán,dico_phrasis_0001406__es-es__flipped,FORWARD_ENTAILMENT
dico_phrasis_0001407__es-es__flipped,dico_phrasis_0001407,es,es,Cinco muertos,6 muertos,dico_phrasis_0001407__es-es__original,BACKWARD_ENTAILMENT
dico_phrasis_0001407__es-es__original,dico_phrasis_0001407,es,es,6 muertos,Cinco muertos,dico_phrasis_0001407__es-es__flipped,FORWARD_ENTAILMENT
dico_phrasis_0001409__es-es__flipped,dico_phrasis_0001409,es,es,para ayudar,llamamiento por 300 millones de dólares estadounidenses,dico_phrasis_0001409__es-es__original,BACKWARD_ENTAILMENT
dico_phrasis_0001409__es-es__original,dico_phrasis_0001409,es,es,llamamiento por 300 millones de dólares estadounidenses,para ayudar,dico_phrasis_0001409__es-es__flipped,FORWARD_ENTAILMENT
dico_phrasis_0001411__es-es__flipped,dico_phrasis_0001411,es,es,avión,avión Boeing 777,dico_phrasis_0001411__es-es__original,BACKWARD_ENTAILMENT
dico_phrasis_0001411__es-es__original,dico_phrasis_0001411,es,es,avión Boeing 777,avión,dico_phrasis_0001411__es-es__flipped,FORWARD_ENTAILMENT
dico_phrasis_0001412__es-es__flipped,dico_phrasis_0001412,es,es,niñas secuestradas,niñas de una escuela secuestradas,dico_phrasis_0001412__es-es__original,BACKWARD_ENTAILMENT
dico_phrasis_0001412__es-es__original,dico_phrasis_0001412,es,es,niñas de una escuela secuestradas,niñas secuestradas,dico_phrasis_0001412__es-es__flipped,FORWARD_ENTAILMENT
dico_phrasis_0001415__es-es__flipped,dico_phrasis_0001415,es,es,avión a reacción,avión a reacción malasio,dico_phrasis_0001415__es-es__original,BACKWARD_ENTAILMENT
dico_phrasis_0001415__es-es__original,dico_phrasis_0001415,es,es,avión a reacción malasio,avión a reacción,dico_phrasis_0001415__es-es__flipped,FORWARD_ENTAILMENT
dico_phrasis_0001416__es-es__flipped,dico_phrasis_0001416,es,es,los talibanes paquistaníes «eligen a un nuevo jefe»,"jefe de los talibanes paquistaníes, Hakimullah Mehsud",dico_phrasis_0001416__es-es__original,BACKWARD_ENTAILMENT
dico_phrasis_0001416__es-es__original,dico_phrasis_0001416,es,es,"jefe de los talibanes paquistaníes, Hakimullah Mehsud",los talibanes paquistaníes «eligen a un nuevo jefe»,dico_phrasis_0001416__es-es__flipped,FORWARD_ENTAILMENT
dico_phrasis_0001417__es-es__flipped,dico_phrasis_0001417,es,es,al Pacífico,a la costa del Pacífico,dico_phrasis_0001417__es-es__original,BACKWARD_ENTAILMENT
dico_phrasis_0001417__es-es__original,dico_phrasis_0001417,es,es,a la costa del Pacífico,al Pacífico,dico_phrasis_0001417__es-es__flipped,FORWARD_ENTAILMENT
dico_phrasis_0001418__es-es__flipped,dico_phrasis_0001418,es,es,Margaret Thatcher,"Margaret Thatcher, ex primera ministra del Reino Unido",dico_phrasis_0001418__es-es__original,BACKWARD_ENTAILMENT
dico_phrasis_0001418__es-es__original,dico_phrasis_0001418,es,es,"Margaret Thatcher, ex primera ministra del Reino Unido",Margaret Thatcher,dico_phrasis_0001418__es-es__flipped,FORWARD_ENTAILMENT
dico_phrasis_0001419__es-es__flipped,dico_phrasis_0001419,es,es,mastectomía doble,después de una mastectomía doble,dico_phrasis_0001419__es-es__original,BACKWARD_ENTAILMENT
dico_phrasis_0001419__es-es__original,dico_phrasis_0001419,es,es,después de una mastectomía doble,mastectomía doble,dico_phrasis_0001419__es-es__flipped,FORWARD_ENTAILMENT
dico_phrasis_0001421__es-es__flipped,dico_phrasis_0001421,es,es,en Irak,en el norte de Irak,dico_phrasis_0001421__es-es__original,BACKWARD_ENTAILMENT
dico_phrasis_0001421__es-es__original,dico_phrasis_0001421,es,es,en el norte de Irak,en Irak,dico_phrasis_0001421__es-es__flipped,FORWARD_ENTAILMENT
dico_phrasis_0001422__es-es__flipped,dico_phrasis_0001422,es,es,contra Greenpeace,contra los activistas de Greenpeace,dico_phrasis_0001422__es-es__original,BACKWARD_ENTAILMENT
dico_phrasis_0001422__es-es__original,dico_phrasis_0001422,es,es,contra los activistas de Greenpeace,contra Greenpeace,dico_phrasis_0001422__es-es__flipped,FORWARD_ENTAILMENT
dico_phrasis_0001424__es-es__flipped,dico_phrasis_0001424,es,es,Corea del Norte,sobre Corea del Norte,dico_phrasis_0001424__es-es__original,BACKWARD_ENTAILMENT
dico_phrasis_0001424__es-es__original,dico_phrasis_0001424,es,es,sobre Corea del Norte,Corea del Norte,dico_phrasis_0001424__es-es__flipped,FORWARD_ENTAILMENT
dico_phrasis_0001425__es-es__flipped,dico_phrasis_0001425,es,es,Bomberos tomados como rehenes en Georgia,Bomberos tomados como rehenes en las afueras de Atlanta,dico_phrasis_0001425__es-es__original,BACKWARD_ENTAILMENT
dico_phrasis_0001425__es-es__original,dico_phrasis_0001425,es,es,Bomberos tomados como rehenes en las afueras de Atlanta,Bomberos tomados como rehenes en Georgia,dico_phrasis_0001425__es-es__flipped,FORWARD_ENTAILMENT
dico_phrasis_0001426__es-es__flipped,dico_phrasis_0001426,es,es,2 explosiones,Explosiones,dico_phrasis_0001426__es-es__original,BACKWARD_ENTAILMENT
dico_phrasis_0001426__es-es__original,dico_phrasis_0001426,es,es,Explosiones,2 explosiones,dico_phrasis_0001426__es-es__flipped,FORWARD_ENTAILMENT
dico_phrasis_0001427__es-es__flipped,dico_phrasis_0001427,es,es,un balón,un balón de fútbol,dico_phrasis_0001427__es-es__original,BACKWARD_ENTAILMENT
dico_phrasis_0001427__es-es__original,dico_phrasis_0001427,es,es,un balón de fútbol,un balón,dico_phrasis_0001427__es-es__flipped,FORWARD_ENTAILMENT
dico_phrasis_0001428__es-es__flipped,dico_phrasis_0001428,es,es,con un uniforme de fútbol azul,con un uniforme de equipo azul y blanco,dico_phrasis_0001428__es-es__original,BACKWARD_ENTAILMENT
dico_phrasis_0001428__es-es__original,dico_phrasis_0001428,es,es,con un uniforme de equipo azul y blanco,con un uniforme de fútbol azul,dico_phrasis_0001428__es-es__flipped,FORWARD_ENTAILMENT
dico_phrasis_0001429__es-es__flipped,dico_phrasis_0001429,es,es,mira,mira hacia arriba detenidamente,dico_phrasis_0001429__es-es__original,BACKWARD_ENTAILMENT
dico_phrasis_0001429__es-es__original,dico_phrasis_0001429,es,es,mira hacia arriba detenidamente,mira,dico_phrasis_0001429__es-es__flipped,FORWARD_ENTAILMENT
dico_phrasis_0001430__es-es__flipped,dico_phrasis_0001430,es,es,correr,corriendo rápidamente,dico_phrasis_0001430__es-es__original,BACKWARD_ENTAILMENT
dico_phrasis_0001430__es-es__original,dico_phrasis_0001430,es,es,corriendo rápidamente,correr,dico_phrasis_0001430__es-es__flipped,FORWARD_ENTAILMENT
dico_phrasis_0001431__es-es__flipped,dico_phrasis_0001431,es,es,están,están corriendo,dico_phrasis_0001431__es-es__original,BACKWARD_ENTAILMENT
dico_phrasis_0001431__es-es__original,dico_phrasis_0001431,es,es,están corriendo,están,dico_phrasis_0001431__es-es__flipped,FORWARD_ENTAILMENT
dico_phrasis_0001432__es-es__flipped,dico_phrasis_0001432,es,es,en una estructura de vidrio,en una estructura de vidrio al aire libre,dico_phrasis_0001432__es-es__original,BACKWARD_ENTAILMENT
dico_phrasis_0001432__es-es__original,dico_phrasis_0001432,es,es,en una estructura de vidrio al aire libre,en una estructura de vidrio,dico_phrasis_0001432__es-es__flipped,FORWARD_ENTAILMENT
dico_phrasis_0001434__es-es__flipped,dico_phrasis_0001434,es,es,a lo largo de un elemento de pista,sobre una rampa para camiones,dico_phrasis_0001434__es-es__original,BACKWARD_ENTAILMENT
dico_phrasis_0001434__es-es__original,dico_phrasis_0001434,es,es,sobre una rampa para camiones,a lo largo de un elemento de pista,dico_phrasis_0001434__es-es__flipped,FORWARD_ENTAILMENT
dico_phrasis_0001435__es-es__flipped,dico_phrasis_0001435,es,es,con un juguete,con una pelota,dico_phrasis_0001435__es-es__original,BACKWARD_ENTAILMENT
dico_phrasis_0001435__es-es__original,dico_phrasis_0001435,es,es,con una pelota,con un juguete,dico_phrasis_0001435__es-es__flipped,FORWARD_ENTAILMENT
dico_phrasis_0001436__es-es__flipped,dico_phrasis_0001436,es,es,dos niños,en dos niños,dico_phrasis_0001436__es-es__original,BACKWARD_ENTAILMENT
dico_phrasis_0001436__es-es__original,dico_phrasis_0001436,es,es,en dos niños,dos niños,dico_phrasis_0001436__es-es__flipped,FORWARD_ENTAILMENT
dico_phrasis_0001438__es-es__flipped,dico_phrasis_0001438,es,es,Un perro marrón,Perro marrón claro,dico_phrasis_0001438__es-es__original,BACKWARD_ENTAILMENT
dico_phrasis_0001438__es-es__original,dico_phrasis_0001438,es,es,Perro marrón claro,Un perro marrón,dico_phrasis_0001438__es-es__flipped,FORWARD_ENTAILMENT
dico_phrasis_0001439__es-es__flipped,dico_phrasis_0001439,es,es,jugando,jugando a la pelota,dico_phrasis_0001439__es-es__original,BACKWARD_ENTAILMENT
dico_phrasis_0001439__es-es__original,dico_phrasis_0001439,es,es,jugando a la pelota,jugando,dico_phrasis_0001439__es-es__flipped,FORWARD_ENTAILMENT
dico_phrasis_0001440__es-es__flipped,dico_phrasis_0001440,es,es,trepa,sube trepando,dico_phrasis_0001440__es-es__original,BACKWARD_ENTAILMENT
dico_phrasis_0001440__es-es__original,dico_phrasis_0001440,es,es,sube trepando,trepa,dico_phrasis_0001440__es-es__flipped,FORWARD_ENTAILMENT
dico_phrasis_0001442__es-es__flipped,dico_phrasis_0001442,es,es,El niño,Un niño pequeño,dico_phrasis_0001442__es-es__original,BACKWARD_ENTAILMENT
dico_phrasis_0001442__es-es__original,dico_phrasis_0001442,es,es,Un niño pequeño,El niño,dico_phrasis_0001442__es-es__flipped,FORWARD_ENTAILMENT
dico_phrasis_0001443__es-es__flipped,dico_phrasis_0001443,es,es,en un campo,a través de un campo abierto,dico_phrasis_0001443__es-es__original,BACKWARD_ENTAILMENT
dico_phrasis_0001443__es-es__original,dico_phrasis_0001443,es,es,a través de un campo abierto,en un campo,dico_phrasis_0001443__es-es__flipped,FORWARD_ENTAILMENT
dico_phrasis_0001445__es-es__flipped,dico_phrasis_0001445,es,es,El hombre,Dos obreros de la construcción,dico_phrasis_0001445__es-es__original,BACKWARD_ENTAILMENT
dico_phrasis_0001445__es-es__original,dico_phrasis_0001445,es,es,Dos obreros de la construcción,El hombre,dico_phrasis_0001445__es-es__flipped,FORWARD_ENTAILMENT
dico_phrasis_0001448__es-es__flipped,dico_phrasis_0001448,es,es,lengua,con su lengua,dico_phrasis_0001448__es-es__original,BACKWARD_ENTAILMENT
dico_phrasis_0001448__es-es__original,dico_phrasis_0001448,es,es,con su lengua,lengua,dico_phrasis_0001448__es-es__flipped,FORWARD_ENTAILMENT
dico_phrasis_0001449__es-es__flipped,dico_phrasis_0001449,es,es,un bloque de hielo,una escultura de hielo,dico_phrasis_0001449__es-es__original,BACKWARD_ENTAILMENT
dico_phrasis_0001449__es-es__original,dico_phrasis_0001449,es,es,una escultura de hielo,un bloque de hielo,dico_phrasis_0001449__es-es__flipped,FORWARD_ENTAILMENT
dico_phrasis_0001450__es-es__flipped,dico_phrasis_0001450,es,es,al perro,a un perro marrón,dico_phrasis_0001450__es-es__original,BACKWARD_ENTAILMENT
dico_phrasis_0001450__es-es__original,dico_phrasis_0001450,es,es,a un perro marrón,al perro,dico_phrasis_0001450__es-es__flipped,FORWARD_ENTAILMENT
dico_phrasis_0001452__es-es__flipped,dico_phrasis_0001452,es,es,una ola,sobre una ola que rompe,dico_phrasis_0001452__es-es__original,BACKWARD_ENTAILMENT
dico_phrasis_0001452__es-es__original,dico_phrasis_0001452,es,es,sobre una ola que rompe,una ola,dico_phrasis_0001452__es-es__flipped,FORWARD_ENTAILMENT
dico_phrasis_0001453__es-es__flipped,dico_phrasis_0001453,es,es,por la hierba,a través de un campo verde cubierto de hierba,dico_phrasis_0001453__es-es__original,BACKWARD_ENTAILMENT
dico_phrasis_0001453__es-es__original,dico_phrasis_0001453,es,es,a través de un campo verde cubierto de hierba,por la hierba,dico_phrasis_0001453__es-es__flipped,FORWARD_ENTAILMENT
dico_phrasis_0001454__es-es__flipped,dico_phrasis_0001454,es,es,en un banco,en un banco de un parque,dico_phrasis_0001454__es-es__original,BACKWARD_ENTAILMENT
dico_phrasis_0001454__es-es__original,dico_phrasis_0001454,es,es,en un banco de un parque,en un banco,dico_phrasis_0001454__es-es__flipped,FORWARD_ENTAILMENT
dico_phrasis_0001455__es-es__flipped,dico_phrasis_0001455,es,es,Dos hombres,Dos hombres jóvenes,dico_phrasis_0001455__es-es__original,BACKWARD_ENTAILMENT
dico_phrasis_0001455__es-es__original,dico_phrasis_0001455,es,es,Dos hombres jóvenes,Dos hombres,dico_phrasis_0001455__es-es__flipped,FORWARD_ENTAILMENT
dico_phrasis_0001459__es-es__flipped,dico_phrasis_0001459,es,es,una herramienta,con un hacha,dico_phrasis_0001459__es-es__original,BACKWARD_ENTAILMENT
dico_phrasis_0001459__es-es__original,dico_phrasis_0001459,es,es,con un hacha,una herramienta,dico_phrasis_0001459__es-es__flipped,FORWARD_ENTAILMENT
dico_phrasis_0001460__es-es__flipped,dico_phrasis_0001460,es,es,Un hombre sonriente y una niña pequeña,Un hombre sonriente y una bebé,dico_phrasis_0001460__es-es__original,BACKWARD_ENTAILMENT
dico_phrasis_0001460__es-es__original,dico_phrasis_0001460,es,es,Un hombre sonriente y una bebé,Un hombre sonriente y una niña pequeña,dico_phrasis_0001460__es-es__flipped,FORWARD_ENTAILMENT
dico_phrasis_0001462__es-es__flipped,dico_phrasis_0001462,es,es,Un hombre,Un hombre sin camisa,dico_phrasis_0001462__es-es__original,BACKWARD_ENTAILMENT
dico_phrasis_0001462__es-es__original,dico_phrasis_0001462,es,es,Un hombre sin camisa,Un hombre,dico_phrasis_0001462__es-es__flipped,FORWARD_ENTAILMENT
dico_phrasis_0001463__es-es__flipped,dico_phrasis_0001463,es,es,Un hombre,Un varón adulto,dico_phrasis_0001463__es-es__original,BACKWARD_ENTAILMENT
dico_phrasis_0001463__es-es__original,dico_phrasis_0001463,es,es,Un varón adulto,Un hombre,dico_phrasis_0001463__es-es__flipped,FORWARD_ENTAILMENT
dico_phrasis_0001464__es-es__flipped,dico_phrasis_0001464,es,es,a un lado,a la izquierda,dico_phrasis_0001464__es-es__original,BACKWARD_ENTAILMENT
dico_phrasis_0001464__es-es__original,dico_phrasis_0001464,es,es,a la izquierda,a un lado,dico_phrasis_0001464__es-es__flipped,FORWARD_ENTAILMENT
dico_phrasis_0001466__es-es__flipped,dico_phrasis_0001466,es,es,en una toalla,debajo de una toalla mojada,dico_phrasis_0001466__es-es__original,BACKWARD_ENTAILMENT
dico_phrasis_0001466__es-es__original,dico_phrasis_0001466,es,es,debajo de una toalla mojada,en una toalla,dico_phrasis_0001466__es-es__flipped,FORWARD_ENTAILMENT
dico_phrasis_0001467__es-es__flipped,dico_phrasis_0001467,es,es,Un perro,Un perro blanco y marrón,dico_phrasis_0001467__es-es__original,BACKWARD_ENTAILMENT
dico_phrasis_0001467__es-es__original,dico_phrasis_0001467,es,es,Un perro blanco y marrón,Un perro,dico_phrasis_0001467__es-es__flipped,FORWARD_ENTAILMENT
dico_phrasis_0001469__es-es__flipped,dico_phrasis_0001469,es,es,cerca de un río,a lo largo de un río,dico_phrasis_0001469__es-es__original,BACKWARD_ENTAILMENT
dico_phrasis_0001469__es-es__original,dico_phrasis_0001469,es,es,a lo largo de un río,cerca de un río,dico_phrasis_0001469__es-es__flipped,FORWARD_ENTAILMENT
dico_phrasis_0001470__es-es__flipped,dico_phrasis_0001470,es,es,un juguete amarillo,para un juguete amarillo,dico_phrasis_0001470__es-es__original,BACKWARD_ENTAILMENT
dico_phrasis_0001470__es-es__original,dico_phrasis_0001470,es,es,para un juguete amarillo,un juguete amarillo,dico_phrasis_0001470__es-es__flipped,FORWARD_ENTAILMENT
dico_phrasis_0001471__es-es__flipped,dico_phrasis_0001471,es,es,Tres niños,tres niños pequeños,dico_phrasis_0001471__es-es__original,BACKWARD_ENTAILMENT
dico_phrasis_0001471__es-es__original,dico_phrasis_0001471,es,es,tres niños pequeños,Tres niños,dico_phrasis_0001471__es-es__flipped,FORWARD_ENTAILMENT
dico_phrasis_0001473__es-es__flipped,dico_phrasis_0001473,es,es,a través de un charco,a través de un charco grande,dico_phrasis_0001473__es-es__original,BACKWARD_ENTAILMENT
dico_phrasis_0001473__es-es__original,dico_phrasis_0001473,es,es,a través de un charco grande,a través de un charco,dico_phrasis_0001473__es-es__flipped,FORWARD_ENTAILMENT
dico_phrasis_0001474__es-es__flipped,dico_phrasis_0001474,es,es,alrededor de un camión de bomberos rojo,delante de un camión de bomberos rojo,dico_phrasis_0001474__es-es__original,BACKWARD_ENTAILMENT
dico_phrasis_0001474__es-es__original,dico_phrasis_0001474,es,es,delante de un camión de bomberos rojo,alrededor de un camión de bomberos rojo,dico_phrasis_0001474__es-es__flipped,FORWARD_ENTAILMENT
dico_phrasis_0001476__es-es__flipped,dico_phrasis_0001476,es,es,Un perro,Dos perros,dico_phrasis_0001476__es-es__original,BACKWARD_ENTAILMENT
dico_phrasis_0001476__es-es__original,dico_phrasis_0001476,es,es,Dos perros,Un perro,dico_phrasis_0001476__es-es__flipped,FORWARD_ENTAILMENT
dico_phrasis_0001477__es-es__flipped,dico_phrasis_0001477,es,es,estar jugando a la pelota,jugar al rugby,dico_phrasis_0001477__es-es__original,BACKWARD_ENTAILMENT
dico_phrasis_0001477__es-es__original,dico_phrasis_0001477,es,es,jugar al rugby,estar jugando a la pelota,dico_phrasis_0001477__es-es__flipped,FORWARD_ENTAILMENT
dico_phrasis_0001478__es-es__flipped,dico_phrasis_0001478,es,es,salta,está saltando hacia arriba,dico_phrasis_0001478__es-es__original,BACKWARD_ENTAILMENT
dico_phrasis_0001478__es-es__original,dico_phrasis_0001478,es,es,está saltando hacia arriba,salta,dico_phrasis_0001478__es-es__flipped,FORWARD_ENTAILMENT
dico_phrasis_0001480__es-es__flipped,dico_phrasis_0001480,es,es,Un perro negro,Un perro negro y gris,dico_phrasis_0001480__es-es__original,BACKWARD_ENTAILMENT
dico_phrasis_0001480__es-es__original,dico_phrasis_0001480,es,es,Un perro negro y gris,Un perro negro,dico_phrasis_0001480__es-es__flipped,FORWARD_ENTAILMENT
dico_phrasis_0001481__es-es__flipped,dico_phrasis_0001481,es,es,un balón,un balón de rugby de color claro,dico_phrasis_0001481__es-es__original,BACKWARD_ENTAILMENT
dico_phrasis_0001481__es-es__original,dico_phrasis_0001481,es,es,un balón de rugby de color claro,un balón,dico_phrasis_0001481__es-es__flipped,FORWARD_ENTAILMENT
dico_phrasis_0001482__es-es__flipped,dico_phrasis_0001482,es,es,en un columpio,en un columpio para bebés,dico_phrasis_0001482__es-es__original,BACKWARD_ENTAILMENT
dico_phrasis_0001482__es-es__original,dico_phrasis_0001482,es,es,en un columpio para bebés,en un columpio,dico_phrasis_0001482__es-es__flipped,FORWARD_ENTAILMENT
dico_phrasis_0001483__es-es__flipped,dico_phrasis_0001483,es,es,una niña pequeña,una bebé pequeña,dico_phrasis_0001483__es-es__original,BACKWARD_ENTAILMENT
dico_phrasis_0001483__es-es__original,dico_phrasis_0001483,es,es,una bebé pequeña,una niña pequeña,dico_phrasis_0001483__es-es__flipped,FORWARD_ENTAILMENT
dico_phrasis_0001485__es-es__flipped,dico_phrasis_0001485,es,es,Dos personas,Dos personas y un perro,dico_phrasis_0001485__es-es__original,BACKWARD_ENTAILMENT
dico_phrasis_0001485__es-es__original,dico_phrasis_0001485,es,es,Dos personas y un perro,Dos personas,dico_phrasis_0001485__es-es__flipped,FORWARD_ENTAILMENT
dico_phrasis_0001489__es-es__flipped,dico_phrasis_0001489,es,es,juegan,están jugando a traer la pelota,dico_phrasis_0001489__es-es__original,BACKWARD_ENTAILMENT
dico_phrasis_0001489__es-es__original,dico_phrasis_0001489,es,es,están jugando a traer la pelota,juegan,dico_phrasis_0001489__es-es__flipped,FORWARD_ENTAILMENT
dico_phrasis_0001490__es-es__flipped,dico_phrasis_0001490,es,es,El perro marrón,Un perrito marrón,dico_phrasis_0001490__es-es__original,BACKWARD_ENTAILMENT
dico_phrasis_0001490__es-es__original,dico_phrasis_0001490,es,es,Un perrito marrón,El perro marrón,dico_phrasis_0001490__es-es__flipped,FORWARD_ENTAILMENT
dico_phrasis_0001492__es-es__flipped,dico_phrasis_0001492,es,es,junto a la playa,en la playa de arena,dico_phrasis_0001492__es-es__original,BACKWARD_ENTAILMENT
dico_phrasis_0001492__es-es__original,dico_phrasis_0001492,es,es,en la playa de arena,junto a la playa,dico_phrasis_0001492__es-es__flipped,FORWARD_ENTAILMENT
dico_phrasis_0001494__es-es__flipped,dico_phrasis_0001494,es,es,sosteniendo,sostiene en alto,dico_phrasis_0001494__es-es__original,BACKWARD_ENTAILMENT
dico_phrasis_0001494__es-es__original,dico_phrasis_0001494,es,es,sostiene en alto,sosteniendo,dico_phrasis_0001494__es-es__flipped,FORWARD_ENTAILMENT
dico_phrasis_0001495__es-es__flipped,dico_phrasis_0001495,es,es,una chica,Una chica DJ,dico_phrasis_0001495__es-es__original,BACKWARD_ENTAILMENT
dico_phrasis_0001495__es-es__original,dico_phrasis_0001495,es,es,Una chica DJ,una chica,dico_phrasis_0001495__es-es__flipped,FORWARD_ENTAILMENT
dico_phrasis_0001496__es-es__flipped,dico_phrasis_0001496,es,es,Dos personas,Dos adolescentes,dico_phrasis_0001496__es-es__original,BACKWARD_ENTAILMENT
dico_phrasis_0001496__es-es__original,dico_phrasis_0001496,es,es,Dos adolescentes,Dos personas,dico_phrasis_0001496__es-es__flipped,FORWARD_ENTAILMENT
dico_phrasis_0001497__es-es__flipped,dico_phrasis_0001497,es,es,Dos hombres,Dos hombres mayores,dico_phrasis_0001497__es-es__original,BACKWARD_ENTAILMENT
dico_phrasis_0001497__es-es__original,dico_phrasis_0001497,es,es,Dos hombres mayores,Dos hombres,dico_phrasis_0001497__es-es__flipped,FORWARD_ENTAILMENT
dico_phrasis_0001498__es-es__flipped,dico_phrasis_0001498,es,es,el autobús,delante de un autobús,dico_phrasis_0001498__es-es__original,BACKWARD_ENTAILMENT
dico_phrasis_0001498__es-es__original,dico_phrasis_0001498,es,es,delante de un autobús,el autobús,dico_phrasis_0001498__es-es__flipped,FORWARD_ENTAILMENT
dico_phrasis_0001499__es-es__flipped,dico_phrasis_0001499,es,es,Un perro blanco,Un dálmata,dico_phrasis_0001499__es-es__original,BACKWARD_ENTAILMENT
dico_phrasis_0001499__es-es__original,dico_phrasis_0001499,es,es,Un dálmata,Un perro blanco,dico_phrasis_0001499__es-es__flipped,FORWARD_ENTAILMENT
dico_phrasis_0001500__es-es__flipped,dico_phrasis_0001500,es,es,el agua,en el agua,dico_phrasis_0001500__es-es__original,BACKWARD_ENTAILMENT
dico_phrasis_0001500__es-es__original,dico_phrasis_0001500,es,es,en el agua,el agua,dico_phrasis_0001500__es-es__flipped,FORWARD_ENTAILMENT
dico_phrasis_0001502__es-es__flipped,dico_phrasis_0001502,es,es,jugar,jugando,dico_phrasis_0001502__es-es__original,BACKWARD_ENTAILMENT
dico_phrasis_0001502__es-es__original,dico_phrasis_0001502,es,es,jugando,jugar,dico_phrasis_0001502__es-es__flipped,FORWARD_ENTAILMENT
dico_phrasis_0001504__es-es__flipped,dico_phrasis_0001504,es,es,en sillones de masaje,en sillones de masaje negros,dico_phrasis_0001504__es-es__original,BACKWARD_ENTAILMENT
dico_phrasis_0001504__es-es__original,dico_phrasis_0001504,es,es,en sillones de masaje negros,en sillones de masaje,dico_phrasis_0001504__es-es__flipped,FORWARD_ENTAILMENT
dico_phrasis_0001507__es-es__flipped,dico_phrasis_0001507,es,es,Un perro negro,Un perro blanco y negro,dico_phrasis_0001507__es-es__original,BACKWARD_ENTAILMENT
dico_phrasis_0001507__es-es__original,dico_phrasis_0001507,es,es,Un perro blanco y negro,Un perro negro,dico_phrasis_0001507__es-es__flipped,FORWARD_ENTAILMENT
dico_phrasis_0001508__es-es__flipped,dico_phrasis_0001508,es,es,Un perro,Un perro marrón,dico_phrasis_0001508__es-es__original,BACKWARD_ENTAILMENT
dico_phrasis_0001508__es-es__original,dico_phrasis_0001508,es,es,Un perro marrón,Un perro,dico_phrasis_0001508__es-es__flipped,FORWARD_ENTAILMENT
dico_phrasis_0001509__es-es__flipped,dico_phrasis_0001509,es,es,una pelota naranja,sobre una pelota naranja,dico_phrasis_0001509__es-es__original,BACKWARD_ENTAILMENT
dico_phrasis_0001509__es-es__original,dico_phrasis_0001509,es,es,sobre una pelota naranja,una pelota naranja,dico_phrasis_0001509__es-es__flipped,FORWARD_ENTAILMENT
dico_phrasis_0001510__es-es__flipped,dico_phrasis_0001510,es,es,cuatro niños,Todos estos niños,dico_phrasis_0001510__es-es__original,BACKWARD_ENTAILMENT
dico_phrasis_0001510__es-es__original,dico_phrasis_0001510,es,es,Todos estos niños,cuatro niños,dico_phrasis_0001510__es-es__flipped,FORWARD_ENTAILMENT
dico_phrasis_0001512__es-es__flipped,dico_phrasis_0001512,es,es,Una niña,Una niña joven,dico_phrasis_0001512__es-es__original,BACKWARD_ENTAILMENT
dico_phrasis_0001512__es-es__original,dico_phrasis_0001512,es,es,Una niña joven,Una niña,dico_phrasis_0001512__es-es__flipped,FORWARD_ENTAILMENT
dico_phrasis_0001513__es-es__flipped,dico_phrasis_0001513,es,es,Cuatro niños,Cuatro niños encapuchados,dico_phrasis_0001513__es-es__original,BACKWARD_ENTAILMENT
dico_phrasis_0001513__es-es__original,dico_phrasis_0001513,es,es,Cuatro niños encapuchados,Cuatro niños,dico_phrasis_0001513__es-es__flipped,FORWARD_ENTAILMENT
dico_phrasis_0001514__es-es__flipped,dico_phrasis_0001514,es,es,Cuatro personas felices,Todas las personas se ríen,dico_phrasis_0001514__es-es__original,BACKWARD_ENTAILMENT
dico_phrasis_0001514__es-es__original,dico_phrasis_0001514,es,es,Todas las personas se ríen,Cuatro personas felices,dico_phrasis_0001514__es-es__flipped,FORWARD_ENTAILMENT
dico_phrasis_0001515__es-es__flipped,dico_phrasis_0001515,es,es,Un niño,Un niño pequeño,dico_phrasis_0001515__es-es__original,BACKWARD_ENTAILMENT
dico_phrasis_0001515__es-es__original,dico_phrasis_0001515,es,es,Un niño pequeño,Un niño,dico_phrasis_0001515__es-es__flipped,FORWARD_ENTAILMENT
dico_phrasis_0001516__es-es__flipped,dico_phrasis_0001516,es,es,un abrigo rojo,un abrigo de invierno rojo,dico_phrasis_0001516__es-es__original,BACKWARD_ENTAILMENT
dico_phrasis_0001516__es-es__original,dico_phrasis_0001516,es,es,un abrigo de invierno rojo,un abrigo rojo,dico_phrasis_0001516__es-es__flipped,FORWARD_ENTAILMENT
dico_phrasis_0001517__es-es__flipped,dico_phrasis_0001517,es,es,fútbol bandera,de fútbol bandera,dico_phrasis_0001517__es-es__original,BACKWARD_ENTAILMENT
dico_phrasis_0001517__es-es__original,dico_phrasis_0001517,es,es,de fútbol bandera,fútbol bandera,dico_phrasis_0001517__es-es__flipped,FORWARD_ENTAILMENT
dico_phrasis_0001518__es-es__flipped,dico_phrasis_0001518,es,es,en una silla,de una silla de mimbre,dico_phrasis_0001518__es-es__original,BACKWARD_ENTAILMENT
dico_phrasis_0001518__es-es__original,dico_phrasis_0001518,es,es,de una silla de mimbre,en una silla,dico_phrasis_0001518__es-es__flipped,FORWARD_ENTAILMENT
dico_phrasis_0001519__es-es__flipped,dico_phrasis_0001519,es,es,Dos perros,Dos perros negros,dico_phrasis_0001519__es-es__original,BACKWARD_ENTAILMENT
dico_phrasis_0001519__es-es__original,dico_phrasis_0001519,es,es,Dos perros negros,Dos perros,dico_phrasis_0001519__es-es__flipped,FORWARD_ENTAILMENT
dico_phrasis_0001520__es-es__flipped,dico_phrasis_0001520,es,es,con un casco,con un casco morado y blanco,dico_phrasis_0001520__es-es__original,BACKWARD_ENTAILMENT
dico_phrasis_0001520__es-es__original,dico_phrasis_0001520,es,es,con un casco morado y blanco,con un casco,dico_phrasis_0001520__es-es__flipped,FORWARD_ENTAILMENT
dico_phrasis_0001522__es-es__flipped,dico_phrasis_0001522,es,es,en la hierba,en el campo cubierto de hierba,dico_phrasis_0001522__es-es__original,BACKWARD_ENTAILMENT
dico_phrasis_0001522__es-es__original,dico_phrasis_0001522,es,es,en el campo cubierto de hierba,en la hierba,dico_phrasis_0001522__es-es__flipped,FORWARD_ENTAILMENT
dico_phrasis_0001524__es-es__flipped,dico_phrasis_0001524,es,es,un perro negro y blanco,"un perro negro, marrón y blanco",dico_phrasis_0001524__es-es__original,BACKWARD_ENTAILMENT
dico_phrasis_0001524__es-es__original,dico_phrasis_0001524,es,es,"un perro negro, marrón y blanco",un perro negro y blanco,dico_phrasis_0001524__es-es__flipped,FORWARD_ENTAILMENT
dico_phrasis_0001526__es-es__flipped,dico_phrasis_0001526,es,es,Un perro,Un bulldog,dico_phrasis_0001526__es-es__original,BACKWARD_ENTAILMENT
dico_phrasis_0001526__es-es__original,dico_phrasis_0001526,es,es,Un bulldog,Un perro,dico_phrasis_0001526__es-es__flipped,FORWARD_ENTAILMENT
dico_phrasis_0001528__es-es__flipped,dico_phrasis_0001528,es,es,con coletas,con coletas rubias,dico_phrasis_0001528__es-es__original,BACKWARD_ENTAILMENT
dico_phrasis_0001528__es-es__original,dico_phrasis_0001528,es,es,con coletas rubias,con coletas,dico_phrasis_0001528__es-es__flipped,FORWARD_ENTAILMENT
dico_phrasis_0001529__es-es__flipped,dico_phrasis_0001529,es,es,están jugando,están jugando a buscar la pelota,dico_phrasis_0001529__es-es__original,BACKWARD_ENTAILMENT
dico_phrasis_0001529__es-es__original,dico_phrasis_0001529,es,es,están jugando a buscar la pelota,están jugando,dico_phrasis_0001529__es-es__flipped,FORWARD_ENTAILMENT
dico_phrasis_0001531__es-es__flipped,dico_phrasis_0001531,es,es,en una ciudad,en una calle de la ciudad,dico_phrasis_0001531__es-es__original,BACKWARD_ENTAILMENT
dico_phrasis_0001531__es-es__original,dico_phrasis_0001531,es,es,en una calle de la ciudad,en una ciudad,dico_phrasis_0001531__es-es__flipped,FORWARD_ENTAILMENT
dico_phrasis_0001532__es-es__flipped,dico_phrasis_0001532,es,es,Un policía,hacia un policía,dico_phrasis_0001532__es-es__original,BACKWARD_ENTAILMENT
dico_phrasis_0001532__es-es__original,dico_phrasis_0001532,es,es,hacia un policía,Un policía,dico_phrasis_0001532__es-es__flipped,FORWARD_ENTAILMENT
dico_phrasis_0001533__es-es__flipped,dico_phrasis_0001533,es,es,está,está corriendo,dico_phrasis_0001533__es-es__original,BACKWARD_ENTAILMENT
dico_phrasis_0001533__es-es__original,dico_phrasis_0001533,es,es,está corriendo,está,dico_phrasis_0001533__es-es__flipped,FORWARD_ENTAILMENT
dico_phrasis_0001534__es-es__flipped,dico_phrasis_0001534,es,es,Un niño,Un niño pequeño,dico_phrasis_0001534__es-es__original,BACKWARD_ENTAILMENT
dico_phrasis_0001534__es-es__original,dico_phrasis_0001534,es,es,Un niño pequeño,Un niño,dico_phrasis_0001534__es-es__flipped,FORWARD_ENTAILMENT
dico_phrasis_0001535__es-es__flipped,dico_phrasis_0001535,es,es,junto a una pared azul,delante de una larga pared azul,dico_phrasis_0001535__es-es__original,BACKWARD_ENTAILMENT
dico_phrasis_0001535__es-es__original,dico_phrasis_0001535,es,es,delante de una larga pared azul,junto a una pared azul,dico_phrasis_0001535__es-es__flipped,FORWARD_ENTAILMENT
dico_phrasis_0001536__es-es__flipped,dico_phrasis_0001536,es,es,junto a un muro de hormigón,junto a un muro alto de hormigón,dico_phrasis_0001536__es-es__original,BACKWARD_ENTAILMENT
dico_phrasis_0001536__es-es__original,dico_phrasis_0001536,es,es,junto a un muro alto de hormigón,junto a un muro de hormigón,dico_phrasis_0001536__es-es__flipped,FORWARD_ENTAILMENT
dico_phrasis_0001537__es-es__flipped,dico_phrasis_0001537,es,es,con un abrigo rojo,con un abrigo y sombrero rojos,dico_phrasis_0001537__es-es__original,BACKWARD_ENTAILMENT
dico_phrasis_0001537__es-es__original,dico_phrasis_0001537,es,es,con un abrigo y sombrero rojos,con un abrigo rojo,dico_phrasis_0001537__es-es__flipped,FORWARD_ENTAILMENT
dico_phrasis_0001539__es-es__flipped,dico_phrasis_0001539,es,es,saltar,hacer snowboard y saltar,dico_phrasis_0001539__es-es__original,BACKWARD_ENTAILMENT
dico_phrasis_0001539__es-es__original,dico_phrasis_0001539,es,es,hacer snowboard y saltar,saltar,dico_phrasis_0001539__es-es__flipped,FORWARD_ENTAILMENT
dico_phrasis_0001541__es-es__flipped,dico_phrasis_0001541,es,es,Dos perros,Tres perros,dico_phrasis_0001541__es-es__original,BACKWARD_ENTAILMENT
dico_phrasis_0001541__es-es__original,dico_phrasis_0001541,es,es,Tres perros,Dos perros,dico_phrasis_0001541__es-es__flipped,FORWARD_ENTAILMENT
dico_phrasis_0001542__es-es__flipped,dico_phrasis_0001542,es,es,cerca de un árbol,junto a un árbol cubierto de musgo,dico_phrasis_0001542__es-es__original,BACKWARD_ENTAILMENT
dico_phrasis_0001542__es-es__original,dico_phrasis_0001542,es,es,junto a un árbol cubierto de musgo,cerca de un árbol,dico_phrasis_0001542__es-es__flipped,FORWARD_ENTAILMENT
dico_phrasis_0001543__es-es__flipped,dico_phrasis_0001543,es,es,bloques de madera,con algunos bloques de madera,dico_phrasis_0001543__es-es__original,BACKWARD_ENTAILMENT
dico_phrasis_0001543__es-es__original,dico_phrasis_0001543,es,es,con algunos bloques de madera,bloques de madera,dico_phrasis_0001543__es-es__flipped,FORWARD_ENTAILMENT
dico_phrasis_0001544__es-es__flipped,dico_phrasis_0001544,es,es,en un campo,de un campo enorme,dico_phrasis_0001544__es-es__original,BACKWARD_ENTAILMENT
dico_phrasis_0001544__es-es__original,dico_phrasis_0001544,es,es,de un campo enorme,en un campo,dico_phrasis_0001544__es-es__flipped,FORWARD_ENTAILMENT
dico_phrasis_0001545__es-es__flipped,dico_phrasis_0001545,es,es,el frisbi,un frisbi verde,dico_phrasis_0001545__es-es__original,BACKWARD_ENTAILMENT
dico_phrasis_0001545__es-es__original,dico_phrasis_0001545,es,es,un frisbi verde,el frisbi,dico_phrasis_0001545__es-es__flipped,FORWARD_ENTAILMENT
dico_phrasis_0001546__es-es__flipped,dico_phrasis_0001546,es,es,Una niña pequeña,Una niña pequeña y un niño pequeño,dico_phrasis_0001546__es-es__original,BACKWARD_ENTAILMENT
dico_phrasis_0001546__es-es__original,dico_phrasis_0001546,es,es,Una niña pequeña y un niño pequeño,Una niña pequeña,dico_phrasis_0001546__es-es__flipped,FORWARD_ENTAILMENT
dico_phrasis_0001548__es-es__flipped,dico_phrasis_0001548,es,es,Un perro,Un perro negro,dico_phrasis_0001548__es-es__original,BACKWARD_ENTAILMENT
dico_phrasis_0001548__es-es__original,dico_phrasis_0001548,es,es,Un perro negro,Un perro,dico_phrasis_0001548__es-es__flipped,FORWARD_ENTAILMENT
dico_phrasis_0001549__es-es__flipped,dico_phrasis_0001549,es,es,El hombre,Un hombre y una mujer,dico_phrasis_0001549__es-es__original,BACKWARD_ENTAILMENT
dico_phrasis_0001549__es-es__original,dico_phrasis_0001549,es,es,Un hombre y una mujer,El hombre,dico_phrasis_0001549__es-es__flipped,FORWARD_ENTAILMENT
dico_phrasis_0001552__es-es__flipped,dico_phrasis_0001552,es,es,Ataque con dron,Ataque con dron estadounidense,dico_phrasis_0001552__es-es__original,BACKWARD_ENTAILMENT
dico_phrasis_0001552__es-es__original,dico_phrasis_0001552,es,es,Ataque con dron estadounidense,Ataque con dron,dico_phrasis_0001552__es-es__flipped,FORWARD_ENTAILMENT
dico_phrasis_0001553__es-es__flipped,dico_phrasis_0001553,es,es,cuatro presuntos militantes,5 militantes,dico_phrasis_0001553__es-es__original,BACKWARD_ENTAILMENT
dico_phrasis_0001553__es-es__original,dico_phrasis_0001553,es,es,5 militantes,cuatro presuntos militantes,dico_phrasis_0001553__es-es__flipped,FORWARD_ENTAILMENT
dico_phrasis_0001554__es-es__flipped,dico_phrasis_0001554,es,es,atacantes,atacantes del centro comercial,dico_phrasis_0001554__es-es__original,BACKWARD_ENTAILMENT
dico_phrasis_0001554__es-es__original,dico_phrasis_0001554,es,es,atacantes del centro comercial,atacantes,dico_phrasis_0001554__es-es__flipped,FORWARD_ENTAILMENT
dico_phrasis_0001556__es-es__flipped,dico_phrasis_0001556,es,es,en un accidente de tráfico,en un accidente de autobús,dico_phrasis_0001556__es-es__original,BACKWARD_ENTAILMENT
dico_phrasis_0001556__es-es__original,dico_phrasis_0001556,es,es,en un accidente de autobús,en un accidente de tráfico,dico_phrasis_0001556__es-es__flipped,FORWARD_ENTAILMENT
dico_phrasis_0001557__es-es__flipped,dico_phrasis_0001557,es,es,Japón,como Japón,dico_phrasis_0001557__es-es__original,BACKWARD_ENTAILMENT
dico_phrasis_0001557__es-es__original,dico_phrasis_0001557,es,es,como Japón,Japón,dico_phrasis_0001557__es-es__flipped,FORWARD_ENTAILMENT
dico_phrasis_0001558__es-es__flipped,dico_phrasis_0001558,es,es,Bradley Cooper,Bradley Cooper y JJ Abrams,dico_phrasis_0001558__es-es__original,BACKWARD_ENTAILMENT
dico_phrasis_0001558__es-es__original,dico_phrasis_0001558,es,es,Bradley Cooper y JJ Abrams,Bradley Cooper,dico_phrasis_0001558__es-es__flipped,FORWARD_ENTAILMENT
dico_phrasis_0001559__es-es__flipped,dico_phrasis_0001559,es,es,oposición tailandesa,partido de la oposición tailandesa,dico_phrasis_0001559__es-es__original,BACKWARD_ENTAILMENT
dico_phrasis_0001559__es-es__original,dico_phrasis_0001559,es,es,partido de la oposición tailandesa,oposición tailandesa,dico_phrasis_0001559__es-es__flipped,FORWARD_ENTAILMENT
dico_phrasis_0001560__es-es__flipped,dico_phrasis_0001560,es,es,boicot electoral,boicotear las elecciones generales,dico_phrasis_0001560__es-es__original,BACKWARD_ENTAILMENT
dico_phrasis_0001560__es-es__original,dico_phrasis_0001560,es,es,boicotear las elecciones generales,boicot electoral,dico_phrasis_0001560__es-es__flipped,FORWARD_ENTAILMENT
dico_phrasis_0001561__es-es__flipped,dico_phrasis_0001561,es,es,debate sobre la inmigración,amargo debate sobre la inmigración,dico_phrasis_0001561__es-es__original,BACKWARD_ENTAILMENT
dico_phrasis_0001561__es-es__original,dico_phrasis_0001561,es,es,amargo debate sobre la inmigración,debate sobre la inmigración,dico_phrasis_0001561__es-es__flipped,FORWARD_ENTAILMENT
dico_phrasis_0001563__es-es__flipped,dico_phrasis_0001563,es,es,a la prohibición de adopción,a la prohibición estadounidense de adopción,dico_phrasis_0001563__es-es__original,BACKWARD_ENTAILMENT
dico_phrasis_0001563__es-es__original,dico_phrasis_0001563,es,es,a la prohibición estadounidense de adopción,a la prohibición de adopción,dico_phrasis_0001563__es-es__flipped,FORWARD_ENTAILMENT
dico_phrasis_0001565__es-es__flipped,dico_phrasis_0001565,es,es,9 muertos,100 personas muertas,dico_phrasis_0001565__es-es__original,BACKWARD_ENTAILMENT
dico_phrasis_0001565__es-es__original,dico_phrasis_0001565,es,es,100 personas muertas,9 muertos,dico_phrasis_0001565__es-es__flipped,FORWARD_ENTAILMENT
dico_phrasis_0001566__es-es__flipped,dico_phrasis_0001566,es,es,en un nuevo enfrentamiento tribal en Darfur,en nuevos enfrentamientos tribales en Darfur,dico_phrasis_0001566__es-es__original,BACKWARD_ENTAILMENT
dico_phrasis_0001566__es-es__original,dico_phrasis_0001566,es,es,en nuevos enfrentamientos tribales en Darfur,en un nuevo enfrentamiento tribal en Darfur,dico_phrasis_0001566__es-es__flipped,FORWARD_ENTAILMENT
dico_phrasis_0001568__es-es__flipped,dico_phrasis_0001568,es,es,residentes,residentes de Texas,dico_phrasis_0001568__es-es__original,BACKWARD_ENTAILMENT
dico_phrasis_0001568__es-es__original,dico_phrasis_0001568,es,es,residentes de Texas,residentes,dico_phrasis_0001568__es-es__flipped,FORWARD_ENTAILMENT
dico_phrasis_0001569__es-es__flipped,dico_phrasis_0001569,es,es,víctima india de violación,víctima india de una violación en grupo,dico_phrasis_0001569__es-es__original,BACKWARD_ENTAILMENT
dico_phrasis_0001569__es-es__original,dico_phrasis_0001569,es,es,víctima india de una violación en grupo,víctima india de violación,dico_phrasis_0001569__es-es__flipped,FORWARD_ENTAILMENT
dico_phrasis_0001570__es-es__flipped,dico_phrasis_0001570,es,es,104 prisioneros palestinos,prisioneros palestinos,dico_phrasis_0001570__es-es__original,BACKWARD_ENTAILMENT
dico_phrasis_0001570__es-es__original,dico_phrasis_0001570,es,es,prisioneros palestinos,104 prisioneros palestinos,dico_phrasis_0001570__es-es__flipped,FORWARD_ENTAILMENT
dico_phrasis_0001572__es-es__flipped,dico_phrasis_0001572,es,es,sobre asentamientos,sobre planes de asentamiento,dico_phrasis_0001572__es-es__original,BACKWARD_ENTAILMENT
dico_phrasis_0001572__es-es__original,dico_phrasis_0001572,es,es,sobre planes de asentamiento,sobre asentamientos,dico_phrasis_0001572__es-es__flipped,FORWARD_ENTAILMENT
dico_phrasis_0001574__es-es__flipped,dico_phrasis_0001574,es,es,atentado con coche bomba,2 coches bomba,dico_phrasis_0001574__es-es__original,BACKWARD_ENTAILMENT
dico_phrasis_0001574__es-es__original,dico_phrasis_0001574,es,es,2 coches bomba,atentado con coche bomba,dico_phrasis_0001574__es-es__flipped,FORWARD_ENTAILMENT
dico_phrasis_0001575__es-es__flipped,dico_phrasis_0001575,es,es,con sólidos beneficios,Google e IBM registran sólidos beneficios,dico_phrasis_0001575__es-es__original,BACKWARD_ENTAILMENT
dico_phrasis_0001575__es-es__original,dico_phrasis_0001575,es,es,Google e IBM registran sólidos beneficios,con sólidos beneficios,dico_phrasis_0001575__es-es__flipped,FORWARD_ENTAILMENT
dico_phrasis_0001578__es-es__flipped,dico_phrasis_0001578,es,es,en Bengasi,"en Bengasi, Libia",dico_phrasis_0001578__es-es__original,BACKWARD_ENTAILMENT
dico_phrasis_0001578__es-es__original,dico_phrasis_0001578,es,es,"en Bengasi, Libia",en Bengasi,dico_phrasis_0001578__es-es__flipped,FORWARD_ENTAILMENT
dico_phrasis_0001579__es-es__flipped,dico_phrasis_0001579,es,es,consulado sueco,en el consulado sueco,dico_phrasis_0001579__es-es__original,BACKWARD_ENTAILMENT
dico_phrasis_0001579__es-es__original,dico_phrasis_0001579,es,es,en el consulado sueco,consulado sueco,dico_phrasis_0001579__es-es__flipped,FORWARD_ENTAILMENT
dico_phrasis_0001581__es-es__flipped,dico_phrasis_0001581,es,es,el quinto sospechoso,los cinco sospechosos,dico_phrasis_0001581__es-es__original,BACKWARD_ENTAILMENT
dico_phrasis_0001581__es-es__original,dico_phrasis_0001581,es,es,los cinco sospechosos,el quinto sospechoso,dico_phrasis_0001581__es-es__flipped,FORWARD_ENTAILMENT
dico_phrasis_0001582__es-es__flipped,dico_phrasis_0001582,es,es,en el caso de violación en grupo,en el caso de violación en grupo de Mumbai,dico_phrasis_0001582__es-es__original,BACKWARD_ENTAILMENT
dico_phrasis_0001582__es-es__original,dico_phrasis_0001582,es,es,en el caso de violación en grupo de Mumbai,en el caso de violación en grupo,dico_phrasis_0001582__es-es__flipped,FORWARD_ENTAILMENT
dico_phrasis_0001585__es-es__flipped,dico_phrasis_0001585,es,es,manifestantes tailandeses,protestas políticas tailandesas,dico_phrasis_0001585__es-es__original,BACKWARD_ENTAILMENT
dico_phrasis_0001585__es-es__original,dico_phrasis_0001585,es,es,protestas políticas tailandesas,manifestantes tailandeses,dico_phrasis_0001585__es-es__flipped,FORWARD_ENTAILMENT
dico_phrasis_0001587__es-es__flipped,dico_phrasis_0001587,es,es,dentro de un pub,dentro de un pub escocés,dico_phrasis_0001587__es-es__original,BACKWARD_ENTAILMENT
dico_phrasis_0001587__es-es__original,dico_phrasis_0001587,es,es,dentro de un pub escocés,dentro de un pub,dico_phrasis_0001587__es-es__flipped,FORWARD_ENTAILMENT
dico_phrasis_0001588__es-es__flipped,dico_phrasis_0001588,es,es,250 militantes,Militantes,dico_phrasis_0001588__es-es__original,BACKWARD_ENTAILMENT
dico_phrasis_0001588__es-es__original,dico_phrasis_0001588,es,es,Militantes,250 militantes,dico_phrasis_0001588__es-es__flipped,FORWARD_ENTAILMENT
dico_phrasis_0001589__es-es__flipped,dico_phrasis_0001589,es,es,Mugabe,Mugabe desafiante,dico_phrasis_0001589__es-es__original,BACKWARD_ENTAILMENT
dico_phrasis_0001589__es-es__original,dico_phrasis_0001589,es,es,Mugabe desafiante,Mugabe,dico_phrasis_0001589__es-es__flipped,FORWARD_ENTAILMENT
dico_phrasis_0001596__es-es__flipped,dico_phrasis_0001596,es,es,en enfrentamientos,en atentados con bomba,dico_phrasis_0001596__es-es__original,BACKWARD_ENTAILMENT
dico_phrasis_0001596__es-es__original,dico_phrasis_0001596,es,es,en atentados con bomba,en enfrentamientos,dico_phrasis_0001596__es-es__flipped,FORWARD_ENTAILMENT
dico_phrasis_0001597__es-es__flipped,dico_phrasis_0001597,es,es,sobre el accidente,al accidente de helicóptero,dico_phrasis_0001597__es-es__original,BACKWARD_ENTAILMENT
dico_phrasis_0001597__es-es__original,dico_phrasis_0001597,es,es,al accidente de helicóptero,sobre el accidente,dico_phrasis_0001597__es-es__flipped,FORWARD_ENTAILMENT
dico_phrasis_0001598__es-es__flipped,dico_phrasis_0001598,es,es,enfrentamiento,enfrentamientos en Egipto,dico_phrasis_0001598__es-es__original,BACKWARD_ENTAILMENT
dico_phrasis_0001598__es-es__original,dico_phrasis_0001598,es,es,enfrentamientos en Egipto,enfrentamiento,dico_phrasis_0001598__es-es__flipped,FORWARD_ENTAILMENT
dico_phrasis_0001601__es-es__flipped,dico_phrasis_0001601,es,es,Miembro de las fuerzas de paz,Siete miembros de las fuerzas de paz,dico_phrasis_0001601__es-es__original,BACKWARD_ENTAILMENT
dico_phrasis_0001601__es-es__original,dico_phrasis_0001601,es,es,Siete miembros de las fuerzas de paz,Miembro de las fuerzas de paz,dico_phrasis_0001601__es-es__flipped,FORWARD_ENTAILMENT
dico_phrasis_0001602__es-es__flipped,dico_phrasis_0001602,es,es,Casa Blanca,senadores estadounidenses,dico_phrasis_0001602__es-es__original,BACKWARD_ENTAILMENT
dico_phrasis_0001602__es-es__original,dico_phrasis_0001602,es,es,senadores estadounidenses,Casa Blanca,dico_phrasis_0001602__es-es__flipped,FORWARD_ENTAILMENT
dico_phrasis_0001603__es-es__flipped,dico_phrasis_0001603,es,es,riesgo de glaucoma,Con mayor riesgo de glaucoma,dico_phrasis_0001603__es-es__original,BACKWARD_ENTAILMENT
dico_phrasis_0001603__es-es__original,dico_phrasis_0001603,es,es,Con mayor riesgo de glaucoma,riesgo de glaucoma,dico_phrasis_0001603__es-es__flipped,FORWARD_ENTAILMENT
dico_phrasis_0001604__es-es__flipped,dico_phrasis_0001604,es,es,Dos explosiones,Explosiones,dico_phrasis_0001604__es-es__original,BACKWARD_ENTAILMENT
dico_phrasis_0001604__es-es__original,dico_phrasis_0001604,es,es,Explosiones,Dos explosiones,dico_phrasis_0001604__es-es__flipped,FORWARD_ENTAILMENT
dico_phrasis_0001607__es-es__flipped,dico_phrasis_0001607,es,es,de una cárcel libia,de la prisión libia de al-Kweifiya,dico_phrasis_0001607__es-es__original,BACKWARD_ENTAILMENT
dico_phrasis_0001607__es-es__original,dico_phrasis_0001607,es,es,de la prisión libia de al-Kweifiya,de una cárcel libia,dico_phrasis_0001607__es-es__flipped,FORWARD_ENTAILMENT
dico_phrasis_0001608__es-es__flipped,dico_phrasis_0001608,es,es,1.000 presos,Más de 1.000 reclusos,dico_phrasis_0001608__es-es__original,BACKWARD_ENTAILMENT
dico_phrasis_0001608__es-es__original,dico_phrasis_0001608,es,es,Más de 1.000 reclusos,1.000 presos,dico_phrasis_0001608__es-es__flipped,FORWARD_ENTAILMENT
dico_phrasis_0001609__es-es__flipped,dico_phrasis_0001609,es,es,Treinta muertos,Treinta y siete muertos,dico_phrasis_0001609__es-es__original,BACKWARD_ENTAILMENT
dico_phrasis_0001609__es-es__original,dico_phrasis_0001609,es,es,Treinta y siete muertos,Treinta muertos,dico_phrasis_0001609__es-es__flipped,FORWARD_ENTAILMENT
dico_phrasis_0001610__es-es__flipped,dico_phrasis_0001610,es,es,En la caída de un autobús en Italia,En la caída de un autobús turístico en Italia,dico_phrasis_0001610__es-es__original,BACKWARD_ENTAILMENT
dico_phrasis_0001610__es-es__original,dico_phrasis_0001610,es,es,En la caída de un autobús turístico en Italia,En la caída de un autobús en Italia,dico_phrasis_0001610__es-es__flipped,FORWARD_ENTAILMENT
dico_phrasis_0001611__es-es__flipped,dico_phrasis_0001611,es,es,en meses,en un plazo de tres meses,dico_phrasis_0001611__es-es__original,BACKWARD_ENTAILMENT
dico_phrasis_0001611__es-es__original,dico_phrasis_0001611,es,es,en un plazo de tres meses,en meses,dico_phrasis_0001611__es-es__flipped,FORWARD_ENTAILMENT
dico_phrasis_0001613__es-es__flipped,dico_phrasis_0001613,es,es,en un accidente en España,en un accidente de tren en España,dico_phrasis_0001613__es-es__original,BACKWARD_ENTAILMENT
dico_phrasis_0001613__es-es__original,dico_phrasis_0001613,es,es,en un accidente de tren en España,en un accidente en España,dico_phrasis_0001613__es-es__flipped,FORWARD_ENTAILMENT
dico_phrasis_0001614__es-es__flipped,dico_phrasis_0001614,es,es,libertad bajo fianza,libertad bajo fianza condicional,dico_phrasis_0001614__es-es__original,BACKWARD_ENTAILMENT
dico_phrasis_0001614__es-es__original,dico_phrasis_0001614,es,es,libertad bajo fianza condicional,libertad bajo fianza,dico_phrasis_0001614__es-es__flipped,FORWARD_ENTAILMENT
dico_phrasis_0001615__es-es__flipped,dico_phrasis_0001615,es,es,acciones,acciones estadounidenses,dico_phrasis_0001615__es-es__original,BACKWARD_ENTAILMENT
dico_phrasis_0001615__es-es__original,dico_phrasis_0001615,es,es,acciones estadounidenses,acciones,dico_phrasis_0001615__es-es__flipped,FORWARD_ENTAILMENT
dico_phrasis_0001617__es-es__flipped,dico_phrasis_0001617,es,es,Capitolio de EE. UU.,colina del Capitolio de EE. UU.,dico_phrasis_0001617__es-es__original,BACKWARD_ENTAILMENT
dico_phrasis_0001617__es-es__original,dico_phrasis_0001617,es,es,colina del Capitolio de EE. UU.,Capitolio de EE. UU.,dico_phrasis_0001617__es-es__flipped,FORWARD_ENTAILMENT
dico_phrasis_0001619__es-es__flipped,dico_phrasis_0001619,es,es,atacante suicida,en atentados suicidas,dico_phrasis_0001619__es-es__original,BACKWARD_ENTAILMENT
dico_phrasis_0001619__es-es__original,dico_phrasis_0001619,es,es,en atentados suicidas,atacante suicida,dico_phrasis_0001619__es-es__flipped,FORWARD_ENTAILMENT
dico_phrasis_0001620__es-es__flipped,dico_phrasis_0001620,es,es,jefe de la oposición de Camboya,líder de la oposición camboyana Sam Rainsy,dico_phrasis_0001620__es-es__original,BACKWARD_ENTAILMENT
dico_phrasis_0001620__es-es__original,dico_phrasis_0001620,es,es,líder de la oposición camboyana Sam Rainsy,jefe de la oposición de Camboya,dico_phrasis_0001620__es-es__flipped,FORWARD_ENTAILMENT
dico_phrasis_0001621__es-es__flipped,dico_phrasis_0001621,es,es,en una protesta contra una violación en grupo,en protestas contra las violaciones en la India,dico_phrasis_0001621__es-es__original,BACKWARD_ENTAILMENT
dico_phrasis_0001621__es-es__original,dico_phrasis_0001621,es,es,en protestas contra las violaciones en la India,en una protesta contra una violación en grupo,dico_phrasis_0001621__es-es__flipped,FORWARD_ENTAILMENT
dico_phrasis_0001622__es-es__flipped,dico_phrasis_0001622,es,es,Servicio de Internet,"Internet, servicio telefónico",dico_phrasis_0001622__es-es__original,BACKWARD_ENTAILMENT
dico_phrasis_0001622__es-es__original,dico_phrasis_0001622,es,es,"Internet, servicio telefónico",Servicio de Internet,dico_phrasis_0001622__es-es__flipped,FORWARD_ENTAILMENT
dico_phrasis_0001624__es-es__flipped,dico_phrasis_0001624,es,es,atraer a inversores,atraer a inversores del Golfo,dico_phrasis_0001624__es-es__original,BACKWARD_ENTAILMENT
dico_phrasis_0001624__es-es__original,dico_phrasis_0001624,es,es,atraer a inversores del Golfo,atraer a inversores,dico_phrasis_0001624__es-es__flipped,FORWARD_ENTAILMENT
dico_phrasis_0001625__es-es__flipped,dico_phrasis_0001625,es,es,Miss América,Miss América 2013,dico_phrasis_0001625__es-es__original,BACKWARD_ENTAILMENT
dico_phrasis_0001625__es-es__original,dico_phrasis_0001625,es,es,Miss América 2013,Miss América,dico_phrasis_0001625__es-es__flipped,FORWARD_ENTAILMENT
dico_phrasis_0001627__es-es__flipped,dico_phrasis_0001627,es,es,Senado,Senado de los Estados Unidos,dico_phrasis_0001627__es-es__original,BACKWARD_ENTAILMENT
dico_phrasis_0001627__es-es__original,dico_phrasis_0001627,es,es,Senado de los Estados Unidos,Senado,dico_phrasis_0001627__es-es__flipped,FORWARD_ENTAILMENT
dico_phrasis_0001631__es-es__flipped,dico_phrasis_0001631,es,es,acuerdo entre EE. UU. y Rusia,después del acuerdo entre EE. UU. y Rusia,dico_phrasis_0001631__es-es__original,BACKWARD_ENTAILMENT
dico_phrasis_0001631__es-es__original,dico_phrasis_0001631,es,es,después del acuerdo entre EE. UU. y Rusia,acuerdo entre EE. UU. y Rusia,dico_phrasis_0001631__es-es__flipped,FORWARD_ENTAILMENT
dico_phrasis_0001632__es-es__flipped,dico_phrasis_0001632,es,es,sobre Siria,sobre las armas sirias,dico_phrasis_0001632__es-es__original,BACKWARD_ENTAILMENT
dico_phrasis_0001632__es-es__original,dico_phrasis_0001632,es,es,sobre las armas sirias,sobre Siria,dico_phrasis_0001632__es-es__flipped,FORWARD_ENTAILMENT
dico_phrasis_0001633__es-es__flipped,dico_phrasis_0001633,es,es,muerto,Muerto por aplastamiento,dico_phrasis_0001633__es-es__original,BACKWARD_ENTAILMENT
dico_phrasis_0001633__es-es__original,dico_phrasis_0001633,es,es,Muerto por aplastamiento,muerto,dico_phrasis_0001633__es-es__flipped,FORWARD_ENTAILMENT
dico_phrasis_0001634__es-es__flipped,dico_phrasis_0001634,es,es,contra el estudiante,contra el estudiante armado,dico_phrasis_0001634__es-es__original,BACKWARD_ENTAILMENT
dico_phrasis_0001634__es-es__original,dico_phrasis_0001634,es,es,contra el estudiante armado,contra el estudiante,dico_phrasis_0001634__es-es__flipped,FORWARD_ENTAILMENT
dico_phrasis_0001635__es-es__flipped,dico_phrasis_0001635,es,es,su silla de ruedas,su silla de ruedas hecha a medida,dico_phrasis_0001635__es-es__original,BACKWARD_ENTAILMENT
dico_phrasis_0001635__es-es__original,dico_phrasis_0001635,es,es,su silla de ruedas hecha a medida,su silla de ruedas,dico_phrasis_0001635__es-es__flipped,FORWARD_ENTAILMENT
dico_phrasis_0001636__es-es__flipped,dico_phrasis_0001636,es,es,nadador del canal,nadador del canal de la Mancha,dico_phrasis_0001636__es-es__original,BACKWARD_ENTAILMENT
dico_phrasis_0001636__es-es__original,dico_phrasis_0001636,es,es,nadador del canal de la Mancha,nadador del canal,dico_phrasis_0001636__es-es__flipped,FORWARD_ENTAILMENT
dico_phrasis_0001637__es-es__flipped,dico_phrasis_0001637,es,es,EE. UU.,Afirmaciones de EE. UU. y el Reino Unido sobre armas químicas,dico_phrasis_0001637__es-es__original,BACKWARD_ENTAILMENT
dico_phrasis_0001637__es-es__original,dico_phrasis_0001637,es,es,Afirmaciones de EE. UU. y el Reino Unido sobre armas químicas,EE. UU.,dico_phrasis_0001637__es-es__flipped,FORWARD_ENTAILMENT
dico_phrasis_0001639__es-es__flipped,dico_phrasis_0001639,es,es,Seis muertos,entre 14 muertos,dico_phrasis_0001639__es-es__original,BACKWARD_ENTAILMENT
dico_phrasis_0001639__es-es__original,dico_phrasis_0001639,es,es,entre 14 muertos,Seis muertos,dico_phrasis_0001639__es-es__flipped,FORWARD_ENTAILMENT
dico_phrasis_0001640__es-es__flipped,dico_phrasis_0001640,es,es,más alto,"un 0,4 % más alto",dico_phrasis_0001640__es-es__original,BACKWARD_ENTAILMENT
dico_phrasis_0001640__es-es__original,dico_phrasis_0001640,es,es,"un 0,4 % más alto",más alto,dico_phrasis_0001640__es-es__flipped,FORWARD_ENTAILMENT
dico_phrasis_0001641__es-es__flipped,dico_phrasis_0001641,es,es,chica pakistaní,chicas pakistaníes,dico_phrasis_0001641__es-es__original,BACKWARD_ENTAILMENT
dico_phrasis_0001641__es-es__original,dico_phrasis_0001641,es,es,chicas pakistaníes,chica pakistaní,dico_phrasis_0001641__es-es__flipped,FORWARD_ENTAILMENT
dico_phrasis_0001643__es-es__flipped,dico_phrasis_0001643,es,es,Oscar Pistorius,de Oscar Pistorius,dico_phrasis_0001643__es-es__original,BACKWARD_ENTAILMENT
dico_phrasis_0001643__es-es__original,dico_phrasis_0001643,es,es,de Oscar Pistorius,Oscar Pistorius,dico_phrasis_0001643__es-es__flipped,FORWARD_ENTAILMENT
dico_phrasis_0001646__es-es__flipped,dico_phrasis_0001646,es,es,en la explosión,en la explosión de una bomba,dico_phrasis_0001646__es-es__original,BACKWARD_ENTAILMENT
dico_phrasis_0001646__es-es__original,dico_phrasis_0001646,es,es,en la explosión de una bomba,en la explosión,dico_phrasis_0001646__es-es__flipped,FORWARD_ENTAILMENT
dico_phrasis_0001647__es-es__flipped,dico_phrasis_0001647,es,es,oposición siria,votos de la oposición siria,dico_phrasis_0001647__es-es__original,BACKWARD_ENTAILMENT
dico_phrasis_0001647__es-es__original,dico_phrasis_0001647,es,es,votos de la oposición siria,oposición siria,dico_phrasis_0001647__es-es__flipped,FORWARD_ENTAILMENT
dico_phrasis_0001648__es-es__flipped,dico_phrasis_0001648,es,es,Algunos policías,Todos los policías de P.G.,dico_phrasis_0001648__es-es__original,BACKWARD_ENTAILMENT
dico_phrasis_0001648__es-es__original,dico_phrasis_0001648,es,es,Todos los policías de P.G.,Algunos policías,dico_phrasis_0001648__es-es__flipped,FORWARD_ENTAILMENT
dico_phrasis_0001649__es-es__flipped,dico_phrasis_0001649,es,es,prisionero palestino,26 prisioneros palestinos,dico_phrasis_0001649__es-es__original,BACKWARD_ENTAILMENT
dico_phrasis_0001649__es-es__original,dico_phrasis_0001649,es,es,26 prisioneros palestinos,prisionero palestino,dico_phrasis_0001649__es-es__flipped,FORWARD_ENTAILMENT
dico_phrasis_0001650__es-es__flipped,dico_phrasis_0001650,es,es,Pistorius,"Pistorius, «Blade Runner»",dico_phrasis_0001650__es-es__original,BACKWARD_ENTAILMENT
dico_phrasis_0001650__es-es__original,dico_phrasis_0001650,es,es,"Pistorius, «Blade Runner»",Pistorius,dico_phrasis_0001650__es-es__flipped,FORWARD_ENTAILMENT
dico_phrasis_0001651__es-es__flipped,dico_phrasis_0001651,es,es,5 talibanes y 5 policías afganos,"policías afganos, 5 combatientes talibanes",dico_phrasis_0001651__es-es__original,BACKWARD_ENTAILMENT
dico_phrasis_0001651__es-es__original,dico_phrasis_0001651,es,es,"policías afganos, 5 combatientes talibanes",5 talibanes y 5 policías afganos,dico_phrasis_0001651__es-es__flipped,FORWARD_ENTAILMENT
dico_phrasis_0001652__es-es__flipped,dico_phrasis_0001652,es,es,armas químicas,de su arsenal de armas químicas,dico_phrasis_0001652__es-es__original,BACKWARD_ENTAILMENT
dico_phrasis_0001652__es-es__original,dico_phrasis_0001652,es,es,de su arsenal de armas químicas,armas químicas,dico_phrasis_0001652__es-es__flipped,FORWARD_ENTAILMENT
dico_phrasis_0001653__es-es__flipped,dico_phrasis_0001653,es,es,matrimonio entre personas del mismo sexo en Nueva Zelanda,al matrimonio entre personas del mismo sexo en Nueva Zelanda,dico_phrasis_0001653__es-es__original,BACKWARD_ENTAILMENT
dico_phrasis_0001653__es-es__original,dico_phrasis_0001653,es,es,al matrimonio entre personas del mismo sexo en Nueva Zelanda,matrimonio entre personas del mismo sexo en Nueva Zelanda,dico_phrasis_0001653__es-es__flipped,FORWARD_ENTAILMENT
dico_phrasis_0001655__es-es__flipped,dico_phrasis_0001655,es,es,en Pakistán,en el norte de Pakistán,dico_phrasis_0001655__es-es__original,BACKWARD_ENTAILMENT
dico_phrasis_0001655__es-es__original,dico_phrasis_0001655,es,es,en el norte de Pakistán,en Pakistán,dico_phrasis_0001655__es-es__flipped,FORWARD_ENTAILMENT
dico_phrasis_0001657__es-es__flipped,dico_phrasis_0001657,es,es,avión,avión de Asiana,dico_phrasis_0001657__es-es__original,BACKWARD_ENTAILMENT
dico_phrasis_0001657__es-es__original,dico_phrasis_0001657,es,es,avión de Asiana,avión,dico_phrasis_0001657__es-es__flipped,FORWARD_ENTAILMENT
dico_phrasis_0001660__es-es__flipped,dico_phrasis_0001660,es,es,base estadounidense,en una base estadounidense,dico_phrasis_0001660__es-es__original,BACKWARD_ENTAILMENT
dico_phrasis_0001660__es-es__original,dico_phrasis_0001660,es,es,en una base estadounidense,base estadounidense,dico_phrasis_0001660__es-es__flipped,FORWARD_ENTAILMENT
dico_phrasis_0001661__es-es__flipped,dico_phrasis_0001661,es,es,"en Irak, atentado con bomba","en Irak, atentados con coches bomba",dico_phrasis_0001661__es-es__original,BACKWARD_ENTAILMENT
dico_phrasis_0001661__es-es__original,dico_phrasis_0001661,es,es,"en Irak, atentados con coches bomba","en Irak, atentado con bomba",dico_phrasis_0001661__es-es__flipped,FORWARD_ENTAILMENT
dico_phrasis_0001664__es-es__flipped,dico_phrasis_0001664,es,es,matrimonio homosexual,sobre los derechos de los homosexuales,dico_phrasis_0001664__es-es__original,BACKWARD_ENTAILMENT
dico_phrasis_0001664__es-es__original,dico_phrasis_0001664,es,es,sobre los derechos de los homosexuales,matrimonio homosexual,dico_phrasis_0001664__es-es__flipped,FORWARD_ENTAILMENT
dico_phrasis_0001668__es-es__flipped,dico_phrasis_0001668,es,es,con terrorismo,con delitos de terrorismo,dico_phrasis_0001668__es-es__original,BACKWARD_ENTAILMENT
dico_phrasis_0001668__es-es__original,dico_phrasis_0001668,es,es,con delitos de terrorismo,con terrorismo,dico_phrasis_0001668__es-es__flipped,FORWARD_ENTAILMENT
dico_phrasis_0001670__es-es__flipped,dico_phrasis_0001670,es,es,crisis política,en un punto muerto político,dico_phrasis_0001670__es-es__original,BACKWARD_ENTAILMENT
dico_phrasis_0001670__es-es__original,dico_phrasis_0001670,es,es,en un punto muerto político,crisis política,dico_phrasis_0001670__es-es__flipped,FORWARD_ENTAILMENT
dico_phrasis_0001671__es-es__flipped,dico_phrasis_0001671,es,es,talibanes,38 militantes talibanes,dico_phrasis_0001671__es-es__original,BACKWARD_ENTAILMENT
dico_phrasis_0001671__es-es__original,dico_phrasis_0001671,es,es,38 militantes talibanes,talibanes,dico_phrasis_0001671__es-es__flipped,FORWARD_ENTAILMENT
dico_phrasis_0001672__es-es__flipped,dico_phrasis_0001672,es,es,Funcionarios ucranianos,El primer ministro ucraniano Azárov y todo el Gobierno,dico_phrasis_0001672__es-es__original,BACKWARD_ENTAILMENT
dico_phrasis_0001672__es-es__original,dico_phrasis_0001672,es,es,El primer ministro ucraniano Azárov y todo el Gobierno,Funcionarios ucranianos,dico_phrasis_0001672__es-es__flipped,FORWARD_ENTAILMENT
dico_phrasis_0001673__es-es__flipped,dico_phrasis_0001673,es,es,cierre,del cierre,dico_phrasis_0001673__es-es__original,BACKWARD_ENTAILMENT
dico_phrasis_0001673__es-es__original,dico_phrasis_0001673,es,es,del cierre,cierre,dico_phrasis_0001673__es-es__flipped,FORWARD_ENTAILMENT
dico_phrasis_0001674__es-es__flipped,dico_phrasis_0001674,es,es,Obama,gira económica de Obama,dico_phrasis_0001674__es-es__original,BACKWARD_ENTAILMENT
dico_phrasis_0001674__es-es__original,dico_phrasis_0001674,es,es,gira económica de Obama,Obama,dico_phrasis_0001674__es-es__flipped,FORWARD_ENTAILMENT
dico_phrasis_0001677__es-es__flipped,dico_phrasis_0001677,es,es,firewall Stonesoft,Especialista en firewalls Stonesoft basados en la nube y conectados en red,dico_phrasis_0001677__es-es__original,BACKWARD_ENTAILMENT
dico_phrasis_0001677__es-es__original,dico_phrasis_0001677,es,es,Especialista en firewalls Stonesoft basados en la nube y conectados en red,firewall Stonesoft,dico_phrasis_0001677__es-es__flipped,FORWARD_ENTAILMENT
dico_phrasis_0001678__es-es__flipped,dico_phrasis_0001678,es,es,McAfee,McAfee de Intel,dico_phrasis_0001678__es-es__original,BACKWARD_ENTAILMENT
dico_phrasis_0001678__es-es__original,dico_phrasis_0001678,es,es,McAfee de Intel,McAfee,dico_phrasis_0001678__es-es__flipped,FORWARD_ENTAILMENT
dico_phrasis_0001679__es-es__flipped,dico_phrasis_0001679,es,es,escándalo de la carne de caballo,como escándalo de la carne de caballo,dico_phrasis_0001679__es-es__original,BACKWARD_ENTAILMENT
dico_phrasis_0001679__es-es__original,dico_phrasis_0001679,es,es,como escándalo de la carne de caballo,escándalo de la carne de caballo,dico_phrasis_0001679__es-es__flipped,FORWARD_ENTAILMENT
dico_phrasis_0001680__es-es__flipped,dico_phrasis_0001680,es,es,cerca de la Gran Barrera de Coral de Australia,en la Gran Barrera de Coral,dico_phrasis_0001680__es-es__original,BACKWARD_ENTAILMENT
dico_phrasis_0001680__es-es__original,dico_phrasis_0001680,es,es,en la Gran Barrera de Coral,cerca de la Gran Barrera de Coral de Australia,dico_phrasis_0001680__es-es__flipped,FORWARD_ENTAILMENT
dico_phrasis_0001681__es-es__flipped,dico_phrasis_0001681,es,es,"Tom Finney, antigua gloria de Inglaterra","Tom Finney, leyenda del Preston y de Inglaterra",dico_phrasis_0001681__es-es__original,BACKWARD_ENTAILMENT
dico_phrasis_0001681__es-es__original,dico_phrasis_0001681,es,es,"Tom Finney, leyenda del Preston y de Inglaterra","Tom Finney, antigua gloria de Inglaterra",dico_phrasis_0001681__es-es__flipped,FORWARD_ENTAILMENT
dico_phrasis_0001683__es-es__flipped,dico_phrasis_0001683,es,es,en un estadio,en el estadio Don Valley,dico_phrasis_0001683__es-es__original,BACKWARD_ENTAILMENT
dico_phrasis_0001683__es-es__original,dico_phrasis_0001683,es,es,en el estadio Don Valley,en un estadio,dico_phrasis_0001683__es-es__flipped,FORWARD_ENTAILMENT
dico_phrasis_0001684__es-es__flipped,dico_phrasis_0001684,es,es,Soldado de la OTAN,Dos soldados de la OTAN,dico_phrasis_0001684__es-es__original,BACKWARD_ENTAILMENT
dico_phrasis_0001684__es-es__original,dico_phrasis_0001684,es,es,Dos soldados de la OTAN,Soldado de la OTAN,dico_phrasis_0001684__es-es__flipped,FORWARD_ENTAILMENT
dico_phrasis_0001686__es-es__flipped,dico_phrasis_0001686,es,es,fronteras,sus fronteras,dico_phrasis_0001686__es-es__original,BACKWARD_ENTAILMENT
dico_phrasis_0001686__es-es__original,dico_phrasis_0001686,es,es,sus fronteras,fronteras,dico_phrasis_0001686__es-es__flipped,FORWARD_ENTAILMENT
dico_phrasis_0001687__es-es__flipped,dico_phrasis_0001687,es,es,como primer ministro de Australia,como nuevo primer ministro australiano,dico_phrasis_0001687__es-es__original,BACKWARD_ENTAILMENT
dico_phrasis_0001687__es-es__original,dico_phrasis_0001687,es,es,como nuevo primer ministro australiano,como primer ministro de Australia,dico_phrasis_0001687__es-es__flipped,FORWARD_ENTAILMENT
dico_phrasis_0001688__es-es__flipped,dico_phrasis_0001688,es,es,Asamblea,Asamblea de Venezuela,dico_phrasis_0001688__es-es__original,BACKWARD_ENTAILMENT
dico_phrasis_0001688__es-es__original,dico_phrasis_0001688,es,es,Asamblea de Venezuela,Asamblea,dico_phrasis_0001688__es-es__flipped,FORWARD_ENTAILMENT
dico_phrasis_0001689__es-es__flipped,dico_phrasis_0001689,es,es,en medio de la crisis de Chávez,en medio de la crisis de salud de Chávez,dico_phrasis_0001689__es-es__original,BACKWARD_ENTAILMENT
dico_phrasis_0001689__es-es__original,dico_phrasis_0001689,es,es,en medio de la crisis de salud de Chávez,en medio de la crisis de Chávez,dico_phrasis_0001689__es-es__flipped,FORWARD_ENTAILMENT
dico_phrasis_0001692__es-es__flipped,dico_phrasis_0001692,es,es,Pakistán,en Pakistán,dico_phrasis_0001692__es-es__original,BACKWARD_ENTAILMENT
dico_phrasis_0001692__es-es__original,dico_phrasis_0001692,es,es,en Pakistán,Pakistán,dico_phrasis_0001692__es-es__flipped,FORWARD_ENTAILMENT
dico_phrasis_0001694__es-es__flipped,dico_phrasis_0001694,es,es,fecha,5 de mayo como fecha,dico_phrasis_0001694__es-es__original,BACKWARD_ENTAILMENT
dico_phrasis_0001694__es-es__original,dico_phrasis_0001694,es,es,5 de mayo como fecha,fecha,dico_phrasis_0001694__es-es__flipped,FORWARD_ENTAILMENT
dico_phrasis_0001695__es-es__flipped,dico_phrasis_0001695,es,es,de viviendas de Canadá,de viviendas de Calgary,dico_phrasis_0001695__es-es__original,BACKWARD_ENTAILMENT
dico_phrasis_0001695__es-es__original,dico_phrasis_0001695,es,es,de viviendas de Calgary,de viviendas de Canadá,dico_phrasis_0001695__es-es__flipped,FORWARD_ENTAILMENT
dico_phrasis_0001697__es-es__flipped,dico_phrasis_0001697,es,es,dos británicos,británicos,dico_phrasis_0001697__es-es__original,BACKWARD_ENTAILMENT
dico_phrasis_0001697__es-es__original,dico_phrasis_0001697,es,es,británicos,dos británicos,dico_phrasis_0001697__es-es__flipped,FORWARD_ENTAILMENT
dico_phrasis_0001699__es-es__flipped,dico_phrasis_0001699,es,es,comandante talibán,señor de la guerra talibán propakistaní,dico_phrasis_0001699__es-es__original,BACKWARD_ENTAILMENT
dico_phrasis_0001699__es-es__original,dico_phrasis_0001699,es,es,señor de la guerra talibán propakistaní,comandante talibán,dico_phrasis_0001699__es-es__flipped,FORWARD_ENTAILMENT
dico_phrasis_0001700__es-es__flipped,dico_phrasis_0001700,es,es,Egipto,en Egipto,dico_phrasis_0001700__es-es__original,BACKWARD_ENTAILMENT
dico_phrasis_0001700__es-es__original,dico_phrasis_0001700,es,es,en Egipto,Egipto,dico_phrasis_0001700__es-es__flipped,FORWARD_ENTAILMENT
dico_phrasis_0001701__es-es__flipped,dico_phrasis_0001701,es,es,autobús escolar de Pakistán,en un autobús escolar de Pakistán,dico_phrasis_0001701__es-es__original,BACKWARD_ENTAILMENT
dico_phrasis_0001701__es-es__original,dico_phrasis_0001701,es,es,en un autobús escolar de Pakistán,autobús escolar de Pakistán,dico_phrasis_0001701__es-es__flipped,FORWARD_ENTAILMENT
dico_phrasis_0001704__es-es__flipped,dico_phrasis_0001704,es,es,Mubarak,de Mubarak,dico_phrasis_0001704__es-es__original,BACKWARD_ENTAILMENT
dico_phrasis_0001704__es-es__original,dico_phrasis_0001704,es,es,de Mubarak,Mubarak,dico_phrasis_0001704__es-es__flipped,FORWARD_ENTAILMENT
dico_phrasis_0001705__es-es__flipped,dico_phrasis_0001705,es,es,aumento de las primas de seguro,primas de seguro de automóvil más altas,dico_phrasis_0001705__es-es__original,BACKWARD_ENTAILMENT
dico_phrasis_0001705__es-es__original,dico_phrasis_0001705,es,es,primas de seguro de automóvil más altas,aumento de las primas de seguro,dico_phrasis_0001705__es-es__flipped,FORWARD_ENTAILMENT
dico_phrasis_0001707__es-es__flipped,dico_phrasis_0001707,es,es,Suu Kyi,Suu Kyi de Myanmar,dico_phrasis_0001707__es-es__original,BACKWARD_ENTAILMENT
dico_phrasis_0001707__es-es__original,dico_phrasis_0001707,es,es,Suu Kyi de Myanmar,Suu Kyi,dico_phrasis_0001707__es-es__flipped,FORWARD_ENTAILMENT
dico_phrasis_0001708__es-es__flipped,dico_phrasis_0001708,es,es,recortes automáticos del gasto,perjuicio de los recortes automáticos del gasto,dico_phrasis_0001708__es-es__original,BACKWARD_ENTAILMENT
dico_phrasis_0001708__es-es__original,dico_phrasis_0001708,es,es,perjuicio de los recortes automáticos del gasto,recortes automáticos del gasto,dico_phrasis_0001708__es-es__flipped,FORWARD_ENTAILMENT
dico_phrasis_0001709__es-es__flipped,dico_phrasis_0001709,es,es,ciudad clave,ciudad clave de Malí,dico_phrasis_0001709__es-es__original,BACKWARD_ENTAILMENT
dico_phrasis_0001709__es-es__original,dico_phrasis_0001709,es,es,ciudad clave de Malí,ciudad clave,dico_phrasis_0001709__es-es__flipped,FORWARD_ENTAILMENT
dico_phrasis_0001711__es-es__flipped,dico_phrasis_0001711,es,es,en Miranshah,en la zona de Shawal,dico_phrasis_0001711__es-es__original,BACKWARD_ENTAILMENT
dico_phrasis_0001711__es-es__original,dico_phrasis_0001711,es,es,en la zona de Shawal,en Miranshah,dico_phrasis_0001711__es-es__flipped,FORWARD_ENTAILMENT
dico_phrasis_0001712__es-es__flipped,dico_phrasis_0001712,es,es,Ahmadineyad,Ahmadineyad de Irán,dico_phrasis_0001712__es-es__original,BACKWARD_ENTAILMENT
dico_phrasis_0001712__es-es__original,dico_phrasis_0001712,es,es,Ahmadineyad de Irán,Ahmadineyad,dico_phrasis_0001712__es-es__flipped,FORWARD_ENTAILMENT
dico_phrasis_0001713__es-es__flipped,dico_phrasis_0001713,es,es,Futuros sobre acciones,Futuros sobre acciones estadounidenses,dico_phrasis_0001713__es-es__original,BACKWARD_ENTAILMENT
dico_phrasis_0001713__es-es__original,dico_phrasis_0001713,es,es,Futuros sobre acciones estadounidenses,Futuros sobre acciones,dico_phrasis_0001713__es-es__flipped,FORWARD_ENTAILMENT
dico_phrasis_0001715__es-es__flipped,dico_phrasis_0001715,es,es,bastión de Hezbolá,en un bastión de Hezbolá,dico_phrasis_0001715__es-es__original,BACKWARD_ENTAILMENT
dico_phrasis_0001715__es-es__original,dico_phrasis_0001715,es,es,en un bastión de Hezbolá,bastión de Hezbolá,dico_phrasis_0001715__es-es__flipped,FORWARD_ENTAILMENT
dico_phrasis_0001716__es-es__flipped,dico_phrasis_0001716,es,es,cientos de soldados franceses,fuerzas francesas,dico_phrasis_0001716__es-es__original,BACKWARD_ENTAILMENT
dico_phrasis_0001716__es-es__original,dico_phrasis_0001716,es,es,fuerzas francesas,cientos de soldados franceses,dico_phrasis_0001716__es-es__flipped,FORWARD_ENTAILMENT
dico_phrasis_0001717__es-es__flipped,dico_phrasis_0001717,es,es,Al menos 13,Al menos 45,dico_phrasis_0001717__es-es__original,BACKWARD_ENTAILMENT
dico_phrasis_0001717__es-es__original,dico_phrasis_0001717,es,es,Al menos 45,Al menos 13,dico_phrasis_0001717__es-es__flipped,FORWARD_ENTAILMENT
dico_phrasis_0001718__es-es__flipped,dico_phrasis_0001718,es,es,El meteorólogo Fred Talbot,El meteorólogo de televisión Fred Talbot,dico_phrasis_0001718__es-es__original,BACKWARD_ENTAILMENT
dico_phrasis_0001718__es-es__original,dico_phrasis_0001718,es,es,El meteorólogo de televisión Fred Talbot,El meteorólogo Fred Talbot,dico_phrasis_0001718__es-es__flipped,FORWARD_ENTAILMENT
dico_phrasis_0001719__es-es__flipped,dico_phrasis_0001719,es,es,atrapado,temido y atrapado,dico_phrasis_0001719__es-es__original,BACKWARD_ENTAILMENT
dico_phrasis_0001719__es-es__original,dico_phrasis_0001719,es,es,temido y atrapado,atrapado,dico_phrasis_0001719__es-es__flipped,FORWARD_ENTAILMENT
dico_phrasis_0001720__es-es__flipped,dico_phrasis_0001720,es,es,en Egipto,en El Cairo,dico_phrasis_0001720__es-es__original,BACKWARD_ENTAILMENT
dico_phrasis_0001720__es-es__original,dico_phrasis_0001720,es,es,en El Cairo,en Egipto,dico_phrasis_0001720__es-es__flipped,FORWARD_ENTAILMENT
dico_phrasis_0001721__es-es__flipped,dico_phrasis_0001721,es,es,en Afganistán,en un «ataque interno» en Afganistán,dico_phrasis_0001721__es-es__original,BACKWARD_ENTAILMENT
dico_phrasis_0001721__es-es__original,dico_phrasis_0001721,es,es,en un «ataque interno» en Afganistán,en Afganistán,dico_phrasis_0001721__es-es__flipped,FORWARD_ENTAILMENT
dico_phrasis_0001722__es-es__flipped,dico_phrasis_0001722,es,es,presidente afgano,Karzai,dico_phrasis_0001722__es-es__original,BACKWARD_ENTAILMENT
dico_phrasis_0001722__es-es__original,dico_phrasis_0001722,es,es,Karzai,presidente afgano,dico_phrasis_0001722__es-es__flipped,FORWARD_ENTAILMENT
dico_phrasis_0001723__es-es__flipped,dico_phrasis_0001723,es,es,para las conversaciones con los talibanes,para las conversaciones de paz con los talibanes,dico_phrasis_0001723__es-es__original,BACKWARD_ENTAILMENT
dico_phrasis_0001723__es-es__original,dico_phrasis_0001723,es,es,para las conversaciones de paz con los talibanes,para las conversaciones con los talibanes,dico_phrasis_0001723__es-es__flipped,FORWARD_ENTAILMENT
dico_phrasis_0001724__es-es__flipped,dico_phrasis_0001724,es,es,en un accidente,después de un accidente de coche,dico_phrasis_0001724__es-es__original,BACKWARD_ENTAILMENT
dico_phrasis_0001724__es-es__original,dico_phrasis_0001724,es,es,después de un accidente de coche,en un accidente,dico_phrasis_0001724__es-es__flipped,FORWARD_ENTAILMENT
dico_phrasis_0001725__es-es__flipped,dico_phrasis_0001725,es,es,Mandela,del ícono Nelson Mandela,dico_phrasis_0001725__es-es__original,BACKWARD_ENTAILMENT
dico_phrasis_0001725__es-es__original,dico_phrasis_0001725,es,es,del ícono Nelson Mandela,Mandela,dico_phrasis_0001725__es-es__flipped,FORWARD_ENTAILMENT
dico_phrasis_0001728__es-es__flipped,dico_phrasis_0001728,es,es,barco norcoreano,carguero norcoreano,dico_phrasis_0001728__es-es__original,BACKWARD_ENTAILMENT
dico_phrasis_0001728__es-es__original,dico_phrasis_0001728,es,es,carguero norcoreano,barco norcoreano,dico_phrasis_0001728__es-es__flipped,FORWARD_ENTAILMENT
dico_phrasis_0001729__es-es__flipped,dico_phrasis_0001729,es,es,abismo fiscal,sobre el abismo fiscal,dico_phrasis_0001729__es-es__original,BACKWARD_ENTAILMENT
dico_phrasis_0001729__es-es__original,dico_phrasis_0001729,es,es,sobre el abismo fiscal,abismo fiscal,dico_phrasis_0001729__es-es__flipped,FORWARD_ENTAILMENT
dico_phrasis_0001730__es-es__flipped,dico_phrasis_0001730,es,es,Solo dos bombas,Bombas,dico_phrasis_0001730__es-es__original,BACKWARD_ENTAILMENT
dico_phrasis_0001730__es-es__original,dico_phrasis_0001730,es,es,Bombas,Solo dos bombas,dico_phrasis_0001730__es-es__flipped,FORWARD_ENTAILMENT
dico_phrasis_0001732__es-es__flipped,dico_phrasis_0001732,es,es,en Irak,en el norte de Irak,dico_phrasis_0001732__es-es__original,BACKWARD_ENTAILMENT
dico_phrasis_0001732__es-es__original,dico_phrasis_0001732,es,es,en el norte de Irak,en Irak,dico_phrasis_0001732__es-es__flipped,FORWARD_ENTAILMENT
dico_phrasis_0001733__es-es__flipped,dico_phrasis_0001733,es,es,zona de Oklahoma City,hacia Oklahoma City,dico_phrasis_0001733__es-es__original,BACKWARD_ENTAILMENT
dico_phrasis_0001733__es-es__original,dico_phrasis_0001733,es,es,hacia Oklahoma City,zona de Oklahoma City,dico_phrasis_0001733__es-es__flipped,FORWARD_ENTAILMENT
dico_phrasis_0001734__es-es__flipped,dico_phrasis_0001734,es,es,en una fábrica de Bangladés,en un incendio en una fábrica de Bangladés,dico_phrasis_0001734__es-es__original,BACKWARD_ENTAILMENT
dico_phrasis_0001734__es-es__original,dico_phrasis_0001734,es,es,en un incendio en una fábrica de Bangladés,en una fábrica de Bangladés,dico_phrasis_0001734__es-es__flipped,FORWARD_ENTAILMENT
dico_phrasis_0001735__es-es__flipped,dico_phrasis_0001735,es,es,en Pakistán,en el suroeste de Pakistán,dico_phrasis_0001735__es-es__original,BACKWARD_ENTAILMENT
dico_phrasis_0001735__es-es__original,dico_phrasis_0001735,es,es,en el suroeste de Pakistán,en Pakistán,dico_phrasis_0001735__es-es__flipped,FORWARD_ENTAILMENT
dico_phrasis_0001736__es-es__flipped,dico_phrasis_0001736,es,es,11 desaparecidos,40 desaparecidos,dico_phrasis_0001736__es-es__original,BACKWARD_ENTAILMENT
dico_phrasis_0001736__es-es__original,dico_phrasis_0001736,es,es,40 desaparecidos,11 desaparecidos,dico_phrasis_0001736__es-es__flipped,FORWARD_ENTAILMENT
dico_phrasis_0001737__es-es__flipped,dico_phrasis_0001737,es,es,Al menos 47,Al menos 66,dico_phrasis_0001737__es-es__original,BACKWARD_ENTAILMENT
dico_phrasis_0001737__es-es__original,dico_phrasis_0001737,es,es,Al menos 66,Al menos 47,dico_phrasis_0001737__es-es__flipped,FORWARD_ENTAILMENT
dico_phrasis_0001738__es-es__flipped,dico_phrasis_0001738,es,es,otros 26 prisioneros palestinos,prisioneros palestinos,dico_phrasis_0001738__es-es__original,BACKWARD_ENTAILMENT
dico_phrasis_0001738__es-es__original,dico_phrasis_0001738,es,es,prisioneros palestinos,otros 26 prisioneros palestinos,dico_phrasis_0001738__es-es__flipped,FORWARD_ENTAILMENT
dico_phrasis_0001740__es-es__flipped,dico_phrasis_0001740,es,es,en un campo verde,en un campo verde y exuberante,dico_phrasis_0001740__es-es__original,BACKWARD_ENTAILMENT
dico_phrasis_0001740__es-es__original,dico_phrasis_0001740,es,es,en un campo verde y exuberante,en un campo verde,dico_phrasis_0001740__es-es__flipped,FORWARD_ENTAILMENT
dico_phrasis_0001741__es-es__flipped,dico_phrasis_0001741,es,es,Vaca,Vaca negra,dico_phrasis_0001741__es-es__original,BACKWARD_ENTAILMENT
dico_phrasis_0001741__es-es__original,dico_phrasis_0001741,es,es,Vaca negra,Vaca,dico_phrasis_0001741__es-es__flipped,FORWARD_ENTAILMENT
dico_phrasis_0001745__es-es__flipped,dico_phrasis_0001745,es,es,Una niña,Una niña rubia,dico_phrasis_0001745__es-es__original,BACKWARD_ENTAILMENT
dico_phrasis_0001745__es-es__original,dico_phrasis_0001745,es,es,Una niña rubia,Una niña,dico_phrasis_0001745__es-es__flipped,FORWARD_ENTAILMENT
dico_phrasis_0001746__es-es__flipped,dico_phrasis_0001746,es,es,en la calle,en una acera peatonal,dico_phrasis_0001746__es-es__original,BACKWARD_ENTAILMENT
dico_phrasis_0001746__es-es__original,dico_phrasis_0001746,es,es,en una acera peatonal,en la calle,dico_phrasis_0001746__es-es__flipped,FORWARD_ENTAILMENT
dico_phrasis_0001747__es-es__flipped,dico_phrasis_0001747,es,es,Dos mujeres,Una mujer asiática y una mujer ocasional,dico_phrasis_0001747__es-es__original,BACKWARD_ENTAILMENT
dico_phrasis_0001747__es-es__original,dico_phrasis_0001747,es,es,Una mujer asiática y una mujer ocasional,Dos mujeres,dico_phrasis_0001747__es-es__flipped,FORWARD_ENTAILMENT
dico_phrasis_0001753__es-es__flipped,dico_phrasis_0001753,es,es,debajo de una mesa,debajo de una mesa pequeña,dico_phrasis_0001753__es-es__original,BACKWARD_ENTAILMENT
dico_phrasis_0001753__es-es__original,dico_phrasis_0001753,es,es,debajo de una mesa pequeña,debajo de una mesa,dico_phrasis_0001753__es-es__flipped,FORWARD_ENTAILMENT
dico_phrasis_0001754__es-es__flipped,dico_phrasis_0001754,es,es,Velero,Un barco con cuatro velas,dico_phrasis_0001754__es-es__original,BACKWARD_ENTAILMENT
dico_phrasis_0001754__es-es__original,dico_phrasis_0001754,es,es,Un barco con cuatro velas,Velero,dico_phrasis_0001754__es-es__flipped,FORWARD_ENTAILMENT
dico_phrasis_0001758__es-es__flipped,dico_phrasis_0001758,es,es,Hombre,Un padre,dico_phrasis_0001758__es-es__original,BACKWARD_ENTAILMENT
dico_phrasis_0001758__es-es__original,dico_phrasis_0001758,es,es,Un padre,Hombre,dico_phrasis_0001758__es-es__flipped,FORWARD_ENTAILMENT
dico_phrasis_0001759__es-es__flipped,dico_phrasis_0001759,es,es,un casco vikingo,con un casco vikingo,dico_phrasis_0001759__es-es__original,BACKWARD_ENTAILMENT
dico_phrasis_0001759__es-es__original,dico_phrasis_0001759,es,es,con un casco vikingo,un casco vikingo,dico_phrasis_0001759__es-es__flipped,FORWARD_ENTAILMENT
dico_phrasis_0001760__es-es__flipped,dico_phrasis_0001760,es,es,en el suelo,debajo de una silla,dico_phrasis_0001760__es-es__original,BACKWARD_ENTAILMENT
dico_phrasis_0001760__es-es__original,dico_phrasis_0001760,es,es,debajo de una silla,en el suelo,dico_phrasis_0001760__es-es__flipped,FORWARD_ENTAILMENT
dico_phrasis_0001761__es-es__flipped,dico_phrasis_0001761,es,es,Un gato blanco,Un gato blanco pequeño,dico_phrasis_0001761__es-es__original,BACKWARD_ENTAILMENT
dico_phrasis_0001761__es-es__original,dico_phrasis_0001761,es,es,Un gato blanco pequeño,Un gato blanco,dico_phrasis_0001761__es-es__flipped,FORWARD_ENTAILMENT
dico_phrasis_0001762__es-es__flipped,dico_phrasis_0001762,es,es,sobre unas ramas,entre las ramas desnudas de un árbol,dico_phrasis_0001762__es-es__original,BACKWARD_ENTAILMENT
dico_phrasis_0001762__es-es__original,dico_phrasis_0001762,es,es,entre las ramas desnudas de un árbol,sobre unas ramas,dico_phrasis_0001762__es-es__flipped,FORWARD_ENTAILMENT
dico_phrasis_0001763__es-es__flipped,dico_phrasis_0001763,es,es,en el pastizal,en un pastizal verde,dico_phrasis_0001763__es-es__original,BACKWARD_ENTAILMENT
dico_phrasis_0001763__es-es__original,dico_phrasis_0001763,es,es,en un pastizal verde,en el pastizal,dico_phrasis_0001763__es-es__flipped,FORWARD_ENTAILMENT
dico_phrasis_0001765__es-es__flipped,dico_phrasis_0001765,es,es,están,están remando,dico_phrasis_0001765__es-es__original,BACKWARD_ENTAILMENT
dico_phrasis_0001765__es-es__original,dico_phrasis_0001765,es,es,están remando,están,dico_phrasis_0001765__es-es__flipped,FORWARD_ENTAILMENT
dico_phrasis_0001766__es-es__flipped,dico_phrasis_0001766,es,es,Un avión,Dos aviones,dico_phrasis_0001766__es-es__original,BACKWARD_ENTAILMENT
dico_phrasis_0001766__es-es__original,dico_phrasis_0001766,es,es,Dos aviones,Un avión,dico_phrasis_0001766__es-es__flipped,FORWARD_ENTAILMENT
dico_phrasis_0001767__es-es__flipped,dico_phrasis_0001767,es,es,una oveja de cara negra,de ovejas de cara negra,dico_phrasis_0001767__es-es__original,BACKWARD_ENTAILMENT
dico_phrasis_0001767__es-es__original,dico_phrasis_0001767,es,es,de ovejas de cara negra,una oveja de cara negra,dico_phrasis_0001767__es-es__flipped,FORWARD_ENTAILMENT
dico_phrasis_0001770__es-es__flipped,dico_phrasis_0001770,es,es,volando,en pleno vuelo,dico_phrasis_0001770__es-es__original,BACKWARD_ENTAILMENT
dico_phrasis_0001770__es-es__original,dico_phrasis_0001770,es,es,en pleno vuelo,volando,dico_phrasis_0001770__es-es__flipped,FORWARD_ENTAILMENT
dico_phrasis_0001771__es-es__flipped,dico_phrasis_0001771,es,es,Cinco vacas,Vacas,dico_phrasis_0001771__es-es__original,BACKWARD_ENTAILMENT
dico_phrasis_0001771__es-es__original,dico_phrasis_0001771,es,es,Vacas,Cinco vacas,dico_phrasis_0001771__es-es__flipped,FORWARD_ENTAILMENT
dico_phrasis_0001774__es-es__flipped,dico_phrasis_0001774,es,es,con cuatro monitores de computadora,con varios monitores de computadora,dico_phrasis_0001774__es-es__original,BACKWARD_ENTAILMENT
dico_phrasis_0001774__es-es__original,dico_phrasis_0001774,es,es,con varios monitores de computadora,con cuatro monitores de computadora,dico_phrasis_0001774__es-es__flipped,FORWARD_ENTAILMENT
dico_phrasis_0001775__es-es__flipped,dico_phrasis_0001775,es,es,con pegatinas,con muchas pegatinas,dico_phrasis_0001775__es-es__original,BACKWARD_ENTAILMENT
dico_phrasis_0001775__es-es__original,dico_phrasis_0001775,es,es,con muchas pegatinas,con pegatinas,dico_phrasis_0001775__es-es__flipped,FORWARD_ENTAILMENT
dico_phrasis_0001776__es-es__flipped,dico_phrasis_0001776,es,es,de una señal,de una señal de stop,dico_phrasis_0001776__es-es__original,BACKWARD_ENTAILMENT
dico_phrasis_0001776__es-es__original,dico_phrasis_0001776,es,es,de una señal de stop,de una señal,dico_phrasis_0001776__es-es__flipped,FORWARD_ENTAILMENT
dico_phrasis_0001777__es-es__flipped,dico_phrasis_0001777,es,es,Sala de estar,Sala de estar o estudio,dico_phrasis_0001777__es-es__original,BACKWARD_ENTAILMENT
dico_phrasis_0001777__es-es__original,dico_phrasis_0001777,es,es,Sala de estar o estudio,Sala de estar,dico_phrasis_0001777__es-es__flipped,FORWARD_ENTAILMENT
dico_phrasis_0001779__es-es__flipped,dico_phrasis_0001779,es,es,la calle,una calle de Inglaterra,dico_phrasis_0001779__es-es__original,BACKWARD_ENTAILMENT
dico_phrasis_0001779__es-es__original,dico_phrasis_0001779,es,es,una calle de Inglaterra,la calle,dico_phrasis_0001779__es-es__flipped,FORWARD_ENTAILMENT
dico_phrasis_0001780__es-es__flipped,dico_phrasis_0001780,es,es,con armarios de madera y muebles,con armarios de madera y mesa de comedor,dico_phrasis_0001780__es-es__original,BACKWARD_ENTAILMENT
dico_phrasis_0001780__es-es__original,dico_phrasis_0001780,es,es,con armarios de madera y mesa de comedor,con armarios de madera y muebles,dico_phrasis_0001780__es-es__flipped,FORWARD_ENTAILMENT
dico_phrasis_0001782__es-es__flipped,dico_phrasis_0001782,es,es,en una rama,en una rama helada,dico_phrasis_0001782__es-es__original,BACKWARD_ENTAILMENT
dico_phrasis_0001782__es-es__original,dico_phrasis_0001782,es,es,en una rama helada,en una rama,dico_phrasis_0001782__es-es__flipped,FORWARD_ENTAILMENT
dico_phrasis_0001783__es-es__flipped,dico_phrasis_0001783,es,es,una canoa amarilla,en una canoa amarilla,dico_phrasis_0001783__es-es__original,BACKWARD_ENTAILMENT
dico_phrasis_0001783__es-es__original,dico_phrasis_0001783,es,es,en una canoa amarilla,una canoa amarilla,dico_phrasis_0001783__es-es__flipped,FORWARD_ENTAILMENT
dico_phrasis_0001784__es-es__flipped,dico_phrasis_0001784,es,es,Un autobús rojo de dos pisos,Un autobús rojo de dos pisos de United,dico_phrasis_0001784__es-es__original,BACKWARD_ENTAILMENT
dico_phrasis_0001784__es-es__original,dico_phrasis_0001784,es,es,Un autobús rojo de dos pisos de United,Un autobús rojo de dos pisos,dico_phrasis_0001784__es-es__flipped,FORWARD_ENTAILMENT
dico_phrasis_0001785__es-es__flipped,dico_phrasis_0001785,es,es,Dos personas,Grupo de personas,dico_phrasis_0001785__es-es__original,BACKWARD_ENTAILMENT
dico_phrasis_0001785__es-es__original,dico_phrasis_0001785,es,es,Grupo de personas,Dos personas,dico_phrasis_0001785__es-es__flipped,FORWARD_ENTAILMENT
dico_phrasis_0001786__es-es__flipped,dico_phrasis_0001786,es,es,Dos vacas,Dos vacas lecheras,dico_phrasis_0001786__es-es__original,BACKWARD_ENTAILMENT
dico_phrasis_0001786__es-es__original,dico_phrasis_0001786,es,es,Dos vacas lecheras,Dos vacas,dico_phrasis_0001786__es-es__flipped,FORWARD_ENTAILMENT
dico_phrasis_0001787__es-es__flipped,dico_phrasis_0001787,es,es,El tren plateado,Gran locomotora plateada,dico_phrasis_0001787__es-es__original,BACKWARD_ENTAILMENT
dico_phrasis_0001787__es-es__original,dico_phrasis_0001787,es,es,Gran locomotora plateada,El tren plateado,dico_phrasis_0001787__es-es__flipped,FORWARD_ENTAILMENT
dico_phrasis_0001788__es-es__flipped,dico_phrasis_0001788,es,es,delante de un edificio,delante de un edificio de apartamentos,dico_phrasis_0001788__es-es__original,BACKWARD_ENTAILMENT
dico_phrasis_0001788__es-es__original,dico_phrasis_0001788,es,es,delante de un edificio de apartamentos,delante de un edificio,dico_phrasis_0001788__es-es__flipped,FORWARD_ENTAILMENT
dico_phrasis_0001789__es-es__flipped,dico_phrasis_0001789,es,es,Gran crucero,Gran crucero blanco,dico_phrasis_0001789__es-es__original,BACKWARD_ENTAILMENT
dico_phrasis_0001789__es-es__original,dico_phrasis_0001789,es,es,Gran crucero blanco,Gran crucero,dico_phrasis_0001789__es-es__flipped,FORWARD_ENTAILMENT
dico_phrasis_0001790__es-es__flipped,dico_phrasis_0001790,es,es,Un pájaro,Un pájaro azul,dico_phrasis_0001790__es-es__original,BACKWARD_ENTAILMENT
dico_phrasis_0001790__es-es__original,dico_phrasis_0001790,es,es,Un pájaro azul,Un pájaro,dico_phrasis_0001790__es-es__flipped,FORWARD_ENTAILMENT
dico_phrasis_0001791__es-es__flipped,dico_phrasis_0001791,es,es,la mano enguantada de,sobre la mano enguantada,dico_phrasis_0001791__es-es__original,BACKWARD_ENTAILMENT
dico_phrasis_0001791__es-es__original,dico_phrasis_0001791,es,es,sobre la mano enguantada,la mano enguantada de,dico_phrasis_0001791__es-es__flipped,FORWARD_ENTAILMENT
dico_phrasis_0001792__es-es__flipped,dico_phrasis_0001792,es,es,un caballo marrón,un caballo marrón y blanco,dico_phrasis_0001792__es-es__original,BACKWARD_ENTAILMENT
dico_phrasis_0001792__es-es__original,dico_phrasis_0001792,es,es,un caballo marrón y blanco,un caballo marrón,dico_phrasis_0001792__es-es__flipped,FORWARD_ENTAILMENT
dico_phrasis_0001793__es-es__flipped,dico_phrasis_0001793,es,es,Un perro negro,Un perro negro y canela,dico_phrasis_0001793__es-es__original,BACKWARD_ENTAILMENT
dico_phrasis_0001793__es-es__original,dico_phrasis_0001793,es,es,Un perro negro y canela,Un perro negro,dico_phrasis_0001793__es-es__flipped,FORWARD_ENTAILMENT
dico_phrasis_0001795__es-es__flipped,dico_phrasis_0001795,es,es,en una mesa,en una mesa larga,dico_phrasis_0001795__es-es__original,BACKWARD_ENTAILMENT
dico_phrasis_0001795__es-es__original,dico_phrasis_0001795,es,es,en una mesa larga,en una mesa,dico_phrasis_0001795__es-es__flipped,FORWARD_ENTAILMENT
dico_phrasis_0001796__es-es__flipped,dico_phrasis_0001796,es,es,de un caballo,de un caballo marrón,dico_phrasis_0001796__es-es__original,BACKWARD_ENTAILMENT
dico_phrasis_0001796__es-es__original,dico_phrasis_0001796,es,es,de un caballo marrón,de un caballo,dico_phrasis_0001796__es-es__flipped,FORWARD_ENTAILMENT
dico_phrasis_0001797__es-es__flipped,dico_phrasis_0001797,es,es,la pista,en sus pistas,dico_phrasis_0001797__es-es__original,BACKWARD_ENTAILMENT
dico_phrasis_0001797__es-es__original,dico_phrasis_0001797,es,es,en sus pistas,la pista,dico_phrasis_0001797__es-es__flipped,FORWARD_ENTAILMENT
dico_phrasis_0001798__es-es__flipped,dico_phrasis_0001798,es,es,Un autobús de dos pisos,Un autobús rojo de dos pisos de United,dico_phrasis_0001798__es-es__original,BACKWARD_ENTAILMENT
dico_phrasis_0001798__es-es__original,dico_phrasis_0001798,es,es,Un autobús rojo de dos pisos de United,Un autobús de dos pisos,dico_phrasis_0001798__es-es__flipped,FORWARD_ENTAILMENT
dico_phrasis_0001799__es-es__flipped,dico_phrasis_0001799,es,es,Una mujer,Una joven,dico_phrasis_0001799__es-es__original,BACKWARD_ENTAILMENT
dico_phrasis_0001799__es-es__original,dico_phrasis_0001799,es,es,Una joven,Una mujer,dico_phrasis_0001799__es-es__flipped,FORWARD_ENTAILMENT
dico_phrasis_0001803__es-es__flipped,dico_phrasis_0001803,es,es,con un vestido azul,con un vestido recto azul,dico_phrasis_0001803__es-es__original,BACKWARD_ENTAILMENT
dico_phrasis_0001803__es-es__original,dico_phrasis_0001803,es,es,con un vestido recto azul,con un vestido azul,dico_phrasis_0001803__es-es__flipped,FORWARD_ENTAILMENT
dico_phrasis_0001804__es-es__flipped,dico_phrasis_0001804,es,es,Una pareja,Dos chicas morenas,dico_phrasis_0001804__es-es__original,BACKWARD_ENTAILMENT
dico_phrasis_0001804__es-es__original,dico_phrasis_0001804,es,es,Dos chicas morenas,Una pareja,dico_phrasis_0001804__es-es__flipped,FORWARD_ENTAILMENT
dico_phrasis_0001805__es-es__flipped,dico_phrasis_0001805,es,es,de una bicicleta tándem,de una bicicleta tándem roja,dico_phrasis_0001805__es-es__original,BACKWARD_ENTAILMENT
dico_phrasis_0001805__es-es__original,dico_phrasis_0001805,es,es,de una bicicleta tándem roja,de una bicicleta tándem,dico_phrasis_0001805__es-es__flipped,FORWARD_ENTAILMENT
dico_phrasis_0001806__es-es__flipped,dico_phrasis_0001806,es,es,en la parte de atrás,en el asiento trasero,dico_phrasis_0001806__es-es__original,BACKWARD_ENTAILMENT
dico_phrasis_0001806__es-es__original,dico_phrasis_0001806,es,es,en el asiento trasero,en la parte de atrás,dico_phrasis_0001806__es-es__flipped,FORWARD_ENTAILMENT
dico_phrasis_0001807__es-es__flipped,dico_phrasis_0001807,es,es,con paredes de color verde brillante,con paredes de color verde brillante y obras de arte,dico_phrasis_0001807__es-es__original,BACKWARD_ENTAILMENT
dico_phrasis_0001807__es-es__original,dico_phrasis_0001807,es,es,con paredes de color verde brillante y obras de arte,con paredes de color verde brillante,dico_phrasis_0001807__es-es__flipped,FORWARD_ENTAILMENT
dico_phrasis_0001808__es-es__flipped,dico_phrasis_0001808,es,es,con un mantel azul,sobre la mesa de comedor con un mantel azul,dico_phrasis_0001808__es-es__original,BACKWARD_ENTAILMENT
dico_phrasis_0001808__es-es__original,dico_phrasis_0001808,es,es,sobre la mesa de comedor con un mantel azul,con un mantel azul,dico_phrasis_0001808__es-es__flipped,FORWARD_ENTAILMENT
dico_phrasis_0001809__es-es__flipped,dico_phrasis_0001809,es,es,El gato,Un gato gris,dico_phrasis_0001809__es-es__original,BACKWARD_ENTAILMENT
dico_phrasis_0001809__es-es__original,dico_phrasis_0001809,es,es,Un gato gris,El gato,dico_phrasis_0001809__es-es__flipped,FORWARD_ENTAILMENT
dico_phrasis_0001810__es-es__flipped,dico_phrasis_0001810,es,es,Una oveja,La oveja blanca,dico_phrasis_0001810__es-es__original,BACKWARD_ENTAILMENT
dico_phrasis_0001810__es-es__original,dico_phrasis_0001810,es,es,La oveja blanca,Una oveja,dico_phrasis_0001810__es-es__flipped,FORWARD_ENTAILMENT
dico_phrasis_0001811__es-es__flipped,dico_phrasis_0001811,es,es,Una sala de estar,de una sala de estar,dico_phrasis_0001811__es-es__original,BACKWARD_ENTAILMENT
dico_phrasis_0001811__es-es__original,dico_phrasis_0001811,es,es,de una sala de estar,Una sala de estar,dico_phrasis_0001811__es-es__flipped,FORWARD_ENTAILMENT
dico_phrasis_0001812__es-es__flipped,dico_phrasis_0001812,es,es,un casco,un casco de bicicleta,dico_phrasis_0001812__es-es__original,BACKWARD_ENTAILMENT
dico_phrasis_0001812__es-es__original,dico_phrasis_0001812,es,es,un casco de bicicleta,un casco,dico_phrasis_0001812__es-es__flipped,FORWARD_ENTAILMENT
dico_phrasis_0001813__es-es__flipped,dico_phrasis_0001813,es,es,sobre un caballo,encima de un caballo,dico_phrasis_0001813__es-es__original,BACKWARD_ENTAILMENT
dico_phrasis_0001813__es-es__original,dico_phrasis_0001813,es,es,encima de un caballo,sobre un caballo,dico_phrasis_0001813__es-es__flipped,FORWARD_ENTAILMENT
dico_phrasis_0001814__es-es__flipped,dico_phrasis_0001814,es,es,Motociclista,Un hombre en una motocicleta,dico_phrasis_0001814__es-es__original,BACKWARD_ENTAILMENT
dico_phrasis_0001814__es-es__original,dico_phrasis_0001814,es,es,Un hombre en una motocicleta,Motociclista,dico_phrasis_0001814__es-es__flipped,FORWARD_ENTAILMENT
dico_phrasis_0001815__es-es__flipped,dico_phrasis_0001815,es,es,Un cordero blanco,Corderito blanco,dico_phrasis_0001815__es-es__original,BACKWARD_ENTAILMENT
dico_phrasis_0001815__es-es__original,dico_phrasis_0001815,es,es,Corderito blanco,Un cordero blanco,dico_phrasis_0001815__es-es__flipped,FORWARD_ENTAILMENT
dico_phrasis_0001816__es-es__flipped,dico_phrasis_0001816,es,es,La mujer,Mujer joven,dico_phrasis_0001816__es-es__original,BACKWARD_ENTAILMENT
dico_phrasis_0001816__es-es__original,dico_phrasis_0001816,es,es,Mujer joven,La mujer,dico_phrasis_0001816__es-es__flipped,FORWARD_ENTAILMENT
dico_phrasis_0001819__es-es__flipped,dico_phrasis_0001819,es,es,Una niña joven,Una niña rubia joven,dico_phrasis_0001819__es-es__original,BACKWARD_ENTAILMENT
dico_phrasis_0001819__es-es__original,dico_phrasis_0001819,es,es,Una niña rubia joven,Una niña joven,dico_phrasis_0001819__es-es__flipped,FORWARD_ENTAILMENT
dico_phrasis_0001820__es-es__flipped,dico_phrasis_0001820,es,es,Pájaro,Un pájaro pequeño,dico_phrasis_0001820__es-es__original,BACKWARD_ENTAILMENT
dico_phrasis_0001820__es-es__original,dico_phrasis_0001820,es,es,Un pájaro pequeño,Pájaro,dico_phrasis_0001820__es-es__flipped,FORWARD_ENTAILMENT
dico_phrasis_0001821__es-es__flipped,dico_phrasis_0001821,es,es,Caballo marrón,Dos caballos marrones,dico_phrasis_0001821__es-es__original,BACKWARD_ENTAILMENT
dico_phrasis_0001821__es-es__original,dico_phrasis_0001821,es,es,Dos caballos marrones,Caballo marrón,dico_phrasis_0001821__es-es__flipped,FORWARD_ENTAILMENT
dico_phrasis_0001823__es-es__flipped,dico_phrasis_0001823,es,es,con objetos,con cuencos,dico_phrasis_0001823__es-es__original,BACKWARD_ENTAILMENT
dico_phrasis_0001823__es-es__original,dico_phrasis_0001823,es,es,con cuencos,con objetos,dico_phrasis_0001823__es-es__flipped,FORWARD_ENTAILMENT
dico_phrasis_0001824__es-es__flipped,dico_phrasis_0001824,es,es,un caballo blanco,con un caballo blanco,dico_phrasis_0001824__es-es__original,BACKWARD_ENTAILMENT
dico_phrasis_0001824__es-es__original,dico_phrasis_0001824,es,es,con un caballo blanco,un caballo blanco,dico_phrasis_0001824__es-es__flipped,FORWARD_ENTAILMENT
dico_phrasis_0001825__es-es__flipped,dico_phrasis_0001825,es,es,Un hombre,Caballero mayor,dico_phrasis_0001825__es-es__original,BACKWARD_ENTAILMENT
dico_phrasis_0001825__es-es__original,dico_phrasis_0001825,es,es,Caballero mayor,Un hombre,dico_phrasis_0001825__es-es__flipped,FORWARD_ENTAILMENT
dico_phrasis_0001826__es-es__flipped,dico_phrasis_0001826,es,es,un avión pequeño,cerca de un avión pequeño,dico_phrasis_0001826__es-es__original,BACKWARD_ENTAILMENT
dico_phrasis_0001826__es-es__original,dico_phrasis_0001826,es,es,cerca de un avión pequeño,un avión pequeño,dico_phrasis_0001826__es-es__flipped,FORWARD_ENTAILMENT
dico_phrasis_0001827__es-es__flipped,dico_phrasis_0001827,es,es,la mano enguantada de,sobre una mano enguantada,dico_phrasis_0001827__es-es__original,BACKWARD_ENTAILMENT
dico_phrasis_0001827__es-es__original,dico_phrasis_0001827,es,es,sobre una mano enguantada,la mano enguantada de,dico_phrasis_0001827__es-es__flipped,FORWARD_ENTAILMENT
dico_phrasis_0001829__es-es__flipped,dico_phrasis_0001829,es,es,Un ciclomotor azul,Un escúter azul,dico_phrasis_0001829__es-es__original,BACKWARD_ENTAILMENT
dico_phrasis_0001829__es-es__original,dico_phrasis_0001829,es,es,Un escúter azul,Un ciclomotor azul,dico_phrasis_0001829__es-es__flipped,FORWARD_ENTAILMENT
dico_phrasis_0001831__es-es__flipped,dico_phrasis_0001831,es,es,Una persona,Una mujer,dico_phrasis_0001831__es-es__original,BACKWARD_ENTAILMENT
dico_phrasis_0001831__es-es__original,dico_phrasis_0001831,es,es,Una mujer,Una persona,dico_phrasis_0001831__es-es__flipped,FORWARD_ENTAILMENT
dico_phrasis_0001832__es-es__flipped,dico_phrasis_0001832,es,es,Una mujer,Dos mujeres,dico_phrasis_0001832__es-es__original,BACKWARD_ENTAILMENT
dico_phrasis_0001832__es-es__original,dico_phrasis_0001832,es,es,Dos mujeres,Una mujer,dico_phrasis_0001832__es-es__flipped,FORWARD_ENTAILMENT
dico_phrasis_0001833__es-es__flipped,dico_phrasis_0001833,es,es,El tren,Dos trenes,dico_phrasis_0001833__es-es__original,BACKWARD_ENTAILMENT
dico_phrasis_0001833__es-es__original,dico_phrasis_0001833,es,es,Dos trenes,El tren,dico_phrasis_0001833__es-es__flipped,FORWARD_ENTAILMENT
dico_phrasis_0001835__es-es__flipped,dico_phrasis_0001835,es,es,alrededor de una mesa,en la mesa de un restaurante,dico_phrasis_0001835__es-es__original,BACKWARD_ENTAILMENT
dico_phrasis_0001835__es-es__original,dico_phrasis_0001835,es,es,en la mesa de un restaurante,alrededor de una mesa,dico_phrasis_0001835__es-es__flipped,FORWARD_ENTAILMENT
dico_phrasis_0001837__es-es__flipped,dico_phrasis_0001837,es,es,Un caballo marrón,Dos caballos marrones,dico_phrasis_0001837__es-es__original,BACKWARD_ENTAILMENT
dico_phrasis_0001837__es-es__original,dico_phrasis_0001837,es,es,Dos caballos marrones,Un caballo marrón,dico_phrasis_0001837__es-es__flipped,FORWARD_ENTAILMENT
dico_phrasis_0001838__es-es__flipped,dico_phrasis_0001838,es,es,Cinco pájaros,Un pájaro rojo y otros cuatro pájaros,dico_phrasis_0001838__es-es__original,BACKWARD_ENTAILMENT
dico_phrasis_0001838__es-es__original,dico_phrasis_0001838,es,es,Un pájaro rojo y otros cuatro pájaros,Cinco pájaros,dico_phrasis_0001838__es-es__flipped,FORWARD_ENTAILMENT
dico_phrasis_0001839__es-es__flipped,dico_phrasis_0001839,es,es,está acostado,durmiendo,dico_phrasis_0001839__es-es__original,BACKWARD_ENTAILMENT
dico_phrasis_0001839__es-es__original,dico_phrasis_0001839,es,es,durmiendo,está acostado,dico_phrasis_0001839__es-es__flipped,FORWARD_ENTAILMENT
dico_phrasis_0001840__es-es__flipped,dico_phrasis_0001840,es,es,Persona,Una mujer,dico_phrasis_0001840__es-es__original,BACKWARD_ENTAILMENT
dico_phrasis_0001840__es-es__original,dico_phrasis_0001840,es,es,Una mujer,Persona,dico_phrasis_0001840__es-es__flipped,FORWARD_ENTAILMENT
dico_phrasis_0001842__es-es__flipped,dico_phrasis_0001842,es,es,ciclomotores,en motocicletas,dico_phrasis_0001842__es-es__original,BACKWARD_ENTAILMENT
dico_phrasis_0001842__es-es__original,dico_phrasis_0001842,es,es,en motocicletas,ciclomotores,dico_phrasis_0001842__es-es__flipped,FORWARD_ENTAILMENT
dico_phrasis_0001843__es-es__flipped,dico_phrasis_0001843,es,es,calle,en una calle,dico_phrasis_0001843__es-es__original,BACKWARD_ENTAILMENT
dico_phrasis_0001843__es-es__original,dico_phrasis_0001843,es,es,en una calle,calle,dico_phrasis_0001843__es-es__flipped,FORWARD_ENTAILMENT
dico_phrasis_0001844__es-es__flipped,dico_phrasis_0001844,es,es,a la mesa,a una mesa de comedor,dico_phrasis_0001844__es-es__original,BACKWARD_ENTAILMENT
dico_phrasis_0001844__es-es__original,dico_phrasis_0001844,es,es,a una mesa de comedor,a la mesa,dico_phrasis_0001844__es-es__flipped,FORWARD_ENTAILMENT
dico_phrasis_0001845__es-es__flipped,dico_phrasis_0001845,es,es,con algo,en su cuaderno,dico_phrasis_0001845__es-es__original,BACKWARD_ENTAILMENT
dico_phrasis_0001845__es-es__original,dico_phrasis_0001845,es,es,en su cuaderno,con algo,dico_phrasis_0001845__es-es__flipped,FORWARD_ENTAILMENT
dico_phrasis_0001849__es-es__flipped,dico_phrasis_0001849,es,es,Un autobús de dos pisos,Un autobús rojo de dos pisos,dico_phrasis_0001849__es-es__original,BACKWARD_ENTAILMENT
dico_phrasis_0001849__es-es__original,dico_phrasis_0001849,es,es,Un autobús rojo de dos pisos,Un autobús de dos pisos,dico_phrasis_0001849__es-es__flipped,FORWARD_ENTAILMENT
dico_phrasis_0001850__es-es__flipped,dico_phrasis_0001850,es,es,sentados,están sentándose,dico_phrasis_0001850__es-es__original,BACKWARD_ENTAILMENT
dico_phrasis_0001850__es-es__original,dico_phrasis_0001850,es,es,están sentándose,sentados,dico_phrasis_0001850__es-es__flipped,FORWARD_ENTAILMENT
dico_phrasis_0001851__es-es__flipped,dico_phrasis_0001851,es,es,Habitación,Una oficina en casa,dico_phrasis_0001851__es-es__original,BACKWARD_ENTAILMENT
dico_phrasis_0001851__es-es__original,dico_phrasis_0001851,es,es,Una oficina en casa,Habitación,dico_phrasis_0001851__es-es__flipped,FORWARD_ENTAILMENT
dico_phrasis_0001852__es-es__flipped,dico_phrasis_0001852,es,es,Un pájaro pequeño,La gaviota,dico_phrasis_0001852__es-es__original,BACKWARD_ENTAILMENT
dico_phrasis_0001852__es-es__original,dico_phrasis_0001852,es,es,La gaviota,Un pájaro pequeño,dico_phrasis_0001852__es-es__flipped,FORWARD_ENTAILMENT
dico_phrasis_0001853__es-es__flipped,dico_phrasis_0001853,es,es,delante de un edificio,delante de un edificio de apartamentos,dico_phrasis_0001853__es-es__original,BACKWARD_ENTAILMENT
dico_phrasis_0001853__es-es__original,dico_phrasis_0001853,es,es,delante de un edificio de apartamentos,delante de un edificio,dico_phrasis_0001853__es-es__flipped,FORWARD_ENTAILMENT
dico_phrasis_0001854__es-es__flipped,dico_phrasis_0001854,es,es,Una vaca negra y una vaca marrón,Las vacas negras y blancas,dico_phrasis_0001854__es-es__original,BACKWARD_ENTAILMENT
dico_phrasis_0001854__es-es__original,dico_phrasis_0001854,es,es,Las vacas negras y blancas,Una vaca negra y una vaca marrón,dico_phrasis_0001854__es-es__flipped,FORWARD_ENTAILMENT
dico_phrasis_0001855__es-es__flipped,dico_phrasis_0001855,es,es,Una imagen en primer plano,Una foto distorsionada en primer plano,dico_phrasis_0001855__es-es__original,BACKWARD_ENTAILMENT
dico_phrasis_0001855__es-es__original,dico_phrasis_0001855,es,es,Una foto distorsionada en primer plano,Una imagen en primer plano,dico_phrasis_0001855__es-es__flipped,FORWARD_ENTAILMENT
dico_phrasis_0001859__es-es__flipped,dico_phrasis_0001859,es,es,en una sala,en una sala de estar,dico_phrasis_0001859__es-es__original,BACKWARD_ENTAILMENT
dico_phrasis_0001859__es-es__original,dico_phrasis_0001859,es,es,en una sala de estar,en una sala,dico_phrasis_0001859__es-es__flipped,FORWARD_ENTAILMENT
dico_phrasis_0001860__es-es__flipped,dico_phrasis_0001860,es,es,de personas,de personas negras,dico_phrasis_0001860__es-es__original,BACKWARD_ENTAILMENT
dico_phrasis_0001860__es-es__original,dico_phrasis_0001860,es,es,de personas negras,de personas,dico_phrasis_0001860__es-es__flipped,FORWARD_ENTAILMENT
dico_phrasis_0001861__es-es__flipped,dico_phrasis_0001861,es,es,El perro blanco,Un perro blanco pequeño,dico_phrasis_0001861__es-es__original,BACKWARD_ENTAILMENT
dico_phrasis_0001861__es-es__original,dico_phrasis_0001861,es,es,Un perro blanco pequeño,El perro blanco,dico_phrasis_0001861__es-es__flipped,FORWARD_ENTAILMENT
dico_phrasis_0001863__es-es__flipped,dico_phrasis_0001863,es,es,delante de una fuente,delante de una fuente grande,dico_phrasis_0001863__es-es__original,BACKWARD_ENTAILMENT
dico_phrasis_0001863__es-es__original,dico_phrasis_0001863,es,es,delante de una fuente grande,delante de una fuente,dico_phrasis_0001863__es-es__flipped,FORWARD_ENTAILMENT
dico_phrasis_0001864__es-es__flipped,dico_phrasis_0001864,es,es,de un gato,de un gato gris,dico_phrasis_0001864__es-es__original,BACKWARD_ENTAILMENT
dico_phrasis_0001864__es-es__original,dico_phrasis_0001864,es,es,de un gato gris,de un gato,dico_phrasis_0001864__es-es__flipped,FORWARD_ENTAILMENT
dico_phrasis_0001865__es-es__flipped,dico_phrasis_0001865,es,es,Dos vacas blancas y negras,Vacas blancas y negras,dico_phrasis_0001865__es-es__original,BACKWARD_ENTAILMENT
dico_phrasis_0001865__es-es__original,dico_phrasis_0001865,es,es,Vacas blancas y negras,Dos vacas blancas y negras,dico_phrasis_0001865__es-es__flipped,FORWARD_ENTAILMENT
dico_phrasis_0001866__es-es__flipped,dico_phrasis_0001866,es,es,a través de un bosque cubierto de nieve,a través de bosques cubiertos de nieve,dico_phrasis_0001866__es-es__original,BACKWARD_ENTAILMENT
dico_phrasis_0001866__es-es__original,dico_phrasis_0001866,es,es,a través de bosques cubiertos de nieve,a través de un bosque cubierto de nieve,dico_phrasis_0001866__es-es__flipped,FORWARD_ENTAILMENT
dico_phrasis_0001867__es-es__flipped,dico_phrasis_0001867,es,es,Un televisor de pantalla plana,Un televisor negro de pantalla plana,dico_phrasis_0001867__es-es__original,BACKWARD_ENTAILMENT
dico_phrasis_0001867__es-es__original,dico_phrasis_0001867,es,es,Un televisor negro de pantalla plana,Un televisor de pantalla plana,dico_phrasis_0001867__es-es__flipped,FORWARD_ENTAILMENT
dico_phrasis_0001869__es-es__flipped,dico_phrasis_0001869,es,es,Dos mujeres,Mujer mayor junto a una mujer más joven,dico_phrasis_0001869__es-es__original,BACKWARD_ENTAILMENT
dico_phrasis_0001869__es-es__original,dico_phrasis_0001869,es,es,Mujer mayor junto a una mujer más joven,Dos mujeres,dico_phrasis_0001869__es-es__flipped,FORWARD_ENTAILMENT
dico_phrasis_0001873__es-es__flipped,dico_phrasis_0001873,es,es,Un autobús,Autobús rojo y blanco,dico_phrasis_0001873__es-es__original,BACKWARD_ENTAILMENT
dico_phrasis_0001873__es-es__original,dico_phrasis_0001873,es,es,Autobús rojo y blanco,Un autobús,dico_phrasis_0001873__es-es__flipped,FORWARD_ENTAILMENT
dico_phrasis_0001874__es-es__flipped,dico_phrasis_0001874,es,es,Un tren de pasajeros,Un tren de pasajeros de Amtrak,dico_phrasis_0001874__es-es__original,BACKWARD_ENTAILMENT
dico_phrasis_0001874__es-es__original,dico_phrasis_0001874,es,es,Un tren de pasajeros de Amtrak,Un tren de pasajeros,dico_phrasis_0001874__es-es__flipped,FORWARD_ENTAILMENT
dico_phrasis_0001876__es-es__flipped,dico_phrasis_0001876,es,es,Dos trenes,El tren rojo y el tren amarillo,dico_phrasis_0001876__es-es__original,BACKWARD_ENTAILMENT
dico_phrasis_0001876__es-es__original,dico_phrasis_0001876,es,es,El tren rojo y el tren amarillo,Dos trenes,dico_phrasis_0001876__es-es__flipped,FORWARD_ENTAILMENT
dico_phrasis_0001877__es-es__flipped,dico_phrasis_0001877,es,es,cuatro personas,Grupo de personas,dico_phrasis_0001877__es-es__original,BACKWARD_ENTAILMENT
dico_phrasis_0001877__es-es__original,dico_phrasis_0001877,es,es,Grupo de personas,cuatro personas,dico_phrasis_0001877__es-es__flipped,FORWARD_ENTAILMENT
dico_phrasis_0001878__es-es__flipped,dico_phrasis_0001878,es,es,en el sofá,en un sofá azul,dico_phrasis_0001878__es-es__original,BACKWARD_ENTAILMENT
dico_phrasis_0001878__es-es__original,dico_phrasis_0001878,es,es,en un sofá azul,en el sofá,dico_phrasis_0001878__es-es__flipped,FORWARD_ENTAILMENT
dico_phrasis_0001879__es-es__flipped,dico_phrasis_0001879,es,es,Una motocicleta,Una motocicleta plateada y azul,dico_phrasis_0001879__es-es__original,BACKWARD_ENTAILMENT
dico_phrasis_0001879__es-es__original,dico_phrasis_0001879,es,es,Una motocicleta plateada y azul,Una motocicleta,dico_phrasis_0001879__es-es__flipped,FORWARD_ENTAILMENT
dico_phrasis_0001881__es-es__flipped,dico_phrasis_0001881,es,es,un caballo blanco,un caballo blanco de exhibición,dico_phrasis_0001881__es-es__original,BACKWARD_ENTAILMENT
dico_phrasis_0001881__es-es__original,dico_phrasis_0001881,es,es,un caballo blanco de exhibición,un caballo blanco,dico_phrasis_0001881__es-es__flipped,FORWARD_ENTAILMENT
dico_phrasis_0001885__es-es__flipped,dico_phrasis_0001885,es,es,en el campo,en un campo cubierto de hierba,dico_phrasis_0001885__es-es__original,BACKWARD_ENTAILMENT
dico_phrasis_0001885__es-es__original,dico_phrasis_0001885,es,es,en un campo cubierto de hierba,en el campo,dico_phrasis_0001885__es-es__flipped,FORWARD_ENTAILMENT
dico_phrasis_0001888__es-es__flipped,dico_phrasis_0001888,es,es,Un gato,Dos gatos,dico_phrasis_0001888__es-es__original,BACKWARD_ENTAILMENT
dico_phrasis_0001888__es-es__original,dico_phrasis_0001888,es,es,Dos gatos,Un gato,dico_phrasis_0001888__es-es__flipped,FORWARD_ENTAILMENT
dico_phrasis_0001890__es-es__flipped,dico_phrasis_0001890,es,es,al lado de un coche deportivo amarillo,delante de un Corvette amarillo,dico_phrasis_0001890__es-es__original,BACKWARD_ENTAILMENT
dico_phrasis_0001890__es-es__original,dico_phrasis_0001890,es,es,delante de un Corvette amarillo,al lado de un coche deportivo amarillo,dico_phrasis_0001890__es-es__flipped,FORWARD_ENTAILMENT
dico_phrasis_0001893__es-es__flipped,dico_phrasis_0001893,es,es,una imagen en blanco y negro,una foto en blanco y negro,dico_phrasis_0001893__es-es__original,BACKWARD_ENTAILMENT
dico_phrasis_0001893__es-es__original,dico_phrasis_0001893,es,es,una foto en blanco y negro,una imagen en blanco y negro,dico_phrasis_0001893__es-es__flipped,FORWARD_ENTAILMENT
dico_phrasis_0001894__es-es__flipped,dico_phrasis_0001894,es,es,Una mujer,Una mujer joven,dico_phrasis_0001894__es-es__original,BACKWARD_ENTAILMENT
dico_phrasis_0001894__es-es__original,dico_phrasis_0001894,es,es,Una mujer joven,Una mujer,dico_phrasis_0001894__es-es__flipped,FORWARD_ENTAILMENT
dico_phrasis_0001895__es-es__flipped,dico_phrasis_0001895,es,es,en una montaña,en una montaña nevada,dico_phrasis_0001895__es-es__original,BACKWARD_ENTAILMENT
dico_phrasis_0001895__es-es__original,dico_phrasis_0001895,es,es,en una montaña nevada,en una montaña,dico_phrasis_0001895__es-es__flipped,FORWARD_ENTAILMENT
dico_phrasis_0001896__es-es__flipped,dico_phrasis_0001896,es,es,en una costa,en un puerto,dico_phrasis_0001896__es-es__original,BACKWARD_ENTAILMENT
dico_phrasis_0001896__es-es__original,dico_phrasis_0001896,es,es,en un puerto,en una costa,dico_phrasis_0001896__es-es__flipped,FORWARD_ENTAILMENT
dico_phrasis_0001897__es-es__flipped,dico_phrasis_0001897,es,es,una bicicleta de montaña,en una bicicleta de montaña,dico_phrasis_0001897__es-es__original,BACKWARD_ENTAILMENT
dico_phrasis_0001897__es-es__original,dico_phrasis_0001897,es,es,en una bicicleta de montaña,una bicicleta de montaña,dico_phrasis_0001897__es-es__flipped,FORWARD_ENTAILMENT
dico_phrasis_0001898__es-es__flipped,dico_phrasis_0001898,es,es,una mujer,Una mujer sonriente,dico_phrasis_0001898__es-es__original,BACKWARD_ENTAILMENT
dico_phrasis_0001898__es-es__original,dico_phrasis_0001898,es,es,Una mujer sonriente,una mujer,dico_phrasis_0001898__es-es__flipped,FORWARD_ENTAILMENT
dico_phrasis_0001899__es-es__flipped,dico_phrasis_0001899,es,es,Dos personas,Dos niños,dico_phrasis_0001899__es-es__original,BACKWARD_ENTAILMENT
dico_phrasis_0001899__es-es__original,dico_phrasis_0001899,es,es,Dos niños,Dos personas,dico_phrasis_0001899__es-es__flipped,FORWARD_ENTAILMENT
dico_phrasis_0001901__es-es__flipped,dico_phrasis_0001901,es,es,sentado,mientras está sentado,dico_phrasis_0001901__es-es__original,BACKWARD_ENTAILMENT
dico_phrasis_0001901__es-es__original,dico_phrasis_0001901,es,es,mientras está sentado,sentado,dico_phrasis_0001901__es-es__flipped,FORWARD_ENTAILMENT
dico_phrasis_0001902__es-es__flipped,dico_phrasis_0001902,es,es,un caballo blanco,sobre un caballo blanco,dico_phrasis_0001902__es-es__original,BACKWARD_ENTAILMENT
dico_phrasis_0001902__es-es__original,dico_phrasis_0001902,es,es,sobre un caballo blanco,un caballo blanco,dico_phrasis_0001902__es-es__flipped,FORWARD_ENTAILMENT
dico_phrasis_0001903__es-es__flipped,dico_phrasis_0001903,es,es,Una oficina,Espacio de oficina en casa,dico_phrasis_0001903__es-es__original,BACKWARD_ENTAILMENT
dico_phrasis_0001903__es-es__original,dico_phrasis_0001903,es,es,Espacio de oficina en casa,Una oficina,dico_phrasis_0001903__es-es__flipped,FORWARD_ENTAILMENT
dico_phrasis_0001907__es-es__flipped,dico_phrasis_0001907,es,es,moviéndose,bajando,dico_phrasis_0001907__es-es__original,BACKWARD_ENTAILMENT
dico_phrasis_0001907__es-es__original,dico_phrasis_0001907,es,es,bajando,moviéndose,dico_phrasis_0001907__es-es__flipped,FORWARD_ENTAILMENT
dico_phrasis_0001909__es-es__flipped,dico_phrasis_0001909,es,es,en un campo,en un campo cubierto de hierba,dico_phrasis_0001909__es-es__original,BACKWARD_ENTAILMENT
dico_phrasis_0001909__es-es__original,dico_phrasis_0001909,es,es,en un campo cubierto de hierba,en un campo,dico_phrasis_0001909__es-es__flipped,FORWARD_ENTAILMENT
dico_phrasis_0001910__es-es__flipped,dico_phrasis_0001910,es,es,Un tren,Un tren negro,dico_phrasis_0001910__es-es__original,BACKWARD_ENTAILMENT
dico_phrasis_0001910__es-es__original,dico_phrasis_0001910,es,es,Un tren negro,Un tren,dico_phrasis_0001910__es-es__flipped,FORWARD_ENTAILMENT
dico_phrasis_0001911__es-es__flipped,dico_phrasis_0001911,es,es,Un ciclomotor azul,Una motocicleta azul,dico_phrasis_0001911__es-es__original,BACKWARD_ENTAILMENT
dico_phrasis_0001911__es-es__original,dico_phrasis_0001911,es,es,Una motocicleta azul,Un ciclomotor azul,dico_phrasis_0001911__es-es__flipped,FORWARD_ENTAILMENT
dico_phrasis_0001912__es-es__flipped,dico_phrasis_0001912,es,es,una calle,en una calle de la ciudad,dico_phrasis_0001912__es-es__original,BACKWARD_ENTAILMENT
dico_phrasis_0001912__es-es__original,dico_phrasis_0001912,es,es,en una calle de la ciudad,una calle,dico_phrasis_0001912__es-es__flipped,FORWARD_ENTAILMENT
dico_phrasis_0001913__es-es__flipped,dico_phrasis_0001913,es,es,la pista,en la pista,dico_phrasis_0001913__es-es__original,BACKWARD_ENTAILMENT
dico_phrasis_0001913__es-es__original,dico_phrasis_0001913,es,es,en la pista,la pista,dico_phrasis_0001913__es-es__flipped,FORWARD_ENTAILMENT
dico_phrasis_0001914__es-es__flipped,dico_phrasis_0001914,es,es,Cinco vacas,Varias vacas,dico_phrasis_0001914__es-es__original,BACKWARD_ENTAILMENT
dico_phrasis_0001914__es-es__original,dico_phrasis_0001914,es,es,Varias vacas,Cinco vacas,dico_phrasis_0001914__es-es__flipped,FORWARD_ENTAILMENT
dico_phrasis_0001915__es-es__flipped,dico_phrasis_0001915,es,es,junto a una vaca,junto a una vaca marrón,dico_phrasis_0001915__es-es__original,BACKWARD_ENTAILMENT
dico_phrasis_0001915__es-es__original,dico_phrasis_0001915,es,es,junto a una vaca marrón,junto a una vaca,dico_phrasis_0001915__es-es__flipped,FORWARD_ENTAILMENT
dico_phrasis_0001916__es-es__flipped,dico_phrasis_0001916,es,es,en una mesa de un restaurante,alrededor de una mesa de comedor de un restaurante,dico_phrasis_0001916__es-es__original,BACKWARD_ENTAILMENT
dico_phrasis_0001916__es-es__original,dico_phrasis_0001916,es,es,alrededor de una mesa de comedor de un restaurante,en una mesa de un restaurante,dico_phrasis_0001916__es-es__flipped,FORWARD_ENTAILMENT
dico_phrasis_0001917__es-es__flipped,dico_phrasis_0001917,es,es,Un autobús de dos pisos,Autobús rojo de dos pisos,dico_phrasis_0001917__es-es__original,BACKWARD_ENTAILMENT
dico_phrasis_0001917__es-es__original,dico_phrasis_0001917,es,es,Autobús rojo de dos pisos,Un autobús de dos pisos,dico_phrasis_0001917__es-es__flipped,FORWARD_ENTAILMENT
dico_phrasis_0001918__es-es__flipped,dico_phrasis_0001918,es,es,con una computadora portátil,en su computadora portátil,dico_phrasis_0001918__es-es__original,BACKWARD_ENTAILMENT
dico_phrasis_0001918__es-es__original,dico_phrasis_0001918,es,es,en su computadora portátil,con una computadora portátil,dico_phrasis_0001918__es-es__flipped,FORWARD_ENTAILMENT
dico_phrasis_0001919__es-es__flipped,dico_phrasis_0001919,es,es,Un tren azul,Tren viejo azul y blanco,dico_phrasis_0001919__es-es__original,BACKWARD_ENTAILMENT
dico_phrasis_0001919__es-es__original,dico_phrasis_0001919,es,es,Tren viejo azul y blanco,Un tren azul,dico_phrasis_0001919__es-es__flipped,FORWARD_ENTAILMENT
dico_phrasis_0001920__es-es__flipped,dico_phrasis_0001920,es,es,en las vías,en las vías del ferrocarril,dico_phrasis_0001920__es-es__original,BACKWARD_ENTAILMENT
dico_phrasis_0001920__es-es__original,dico_phrasis_0001920,es,es,en las vías del ferrocarril,en las vías,dico_phrasis_0001920__es-es__flipped,FORWARD_ENTAILMENT
dico_phrasis_0001921__es-es__flipped,dico_phrasis_0001921,es,es,dos hombres,a través de dos hombres,dico_phrasis_0001921__es-es__original,BACKWARD_ENTAILMENT
dico_phrasis_0001921__es-es__original,dico_phrasis_0001921,es,es,a través de dos hombres,dos hombres,dico_phrasis_0001921__es-es__flipped,FORWARD_ENTAILMENT
dico_phrasis_0001922__es-es__flipped,dico_phrasis_0001922,es,es,Una mujer,Una niña,dico_phrasis_0001922__es-es__original,BACKWARD_ENTAILMENT
dico_phrasis_0001922__es-es__original,dico_phrasis_0001922,es,es,Una niña,Una mujer,dico_phrasis_0001922__es-es__flipped,FORWARD_ENTAILMENT
dico_phrasis_0001923__es-es__flipped,dico_phrasis_0001923,es,es,una calle,en una calle de la ciudad,dico_phrasis_0001923__es-es__original,BACKWARD_ENTAILMENT
dico_phrasis_0001923__es-es__original,dico_phrasis_0001923,es,es,en una calle de la ciudad,una calle,dico_phrasis_0001923__es-es__flipped,FORWARD_ENTAILMENT
dico_phrasis_0001924__es-es__flipped,dico_phrasis_0001924,es,es,Un hombre,Un hombre de pelo largo,dico_phrasis_0001924__es-es__original,BACKWARD_ENTAILMENT
dico_phrasis_0001924__es-es__original,dico_phrasis_0001924,es,es,Un hombre de pelo largo,Un hombre,dico_phrasis_0001924__es-es__flipped,FORWARD_ENTAILMENT
dico_phrasis_0001925__es-es__flipped,dico_phrasis_0001925,es,es,entre dos botellas grandes,entre dos botellas grandes de Coca-Cola medio vacías,dico_phrasis_0001925__es-es__original,BACKWARD_ENTAILMENT
dico_phrasis_0001925__es-es__original,dico_phrasis_0001925,es,es,entre dos botellas grandes de Coca-Cola medio vacías,entre dos botellas grandes,dico_phrasis_0001925__es-es__flipped,FORWARD_ENTAILMENT
dico_phrasis_0001927__es-es__flipped,dico_phrasis_0001927,es,es,un autobús de dos pisos,un autobús turístico marrón de dos pisos,dico_phrasis_0001927__es-es__original,BACKWARD_ENTAILMENT
dico_phrasis_0001927__es-es__original,dico_phrasis_0001927,es,es,un autobús turístico marrón de dos pisos,un autobús de dos pisos,dico_phrasis_0001927__es-es__flipped,FORWARD_ENTAILMENT
dico_phrasis_0001928__es-es__flipped,dico_phrasis_0001928,es,es,sobre un coche azul,de un coche azul de estilo antiguo,dico_phrasis_0001928__es-es__original,BACKWARD_ENTAILMENT
dico_phrasis_0001928__es-es__original,dico_phrasis_0001928,es,es,de un coche azul de estilo antiguo,sobre un coche azul,dico_phrasis_0001928__es-es__flipped,FORWARD_ENTAILMENT
dico_phrasis_0001929__es-es__flipped,dico_phrasis_0001929,es,es,una mujer,Un hombre y unas mujeres,dico_phrasis_0001929__es-es__original,BACKWARD_ENTAILMENT
dico_phrasis_0001929__es-es__original,dico_phrasis_0001929,es,es,Un hombre y unas mujeres,una mujer,dico_phrasis_0001929__es-es__flipped,FORWARD_ENTAILMENT
dico_phrasis_0001931__es-es__flipped,dico_phrasis_0001931,es,es,Dos mujeres,Dos mujeres jóvenes,dico_phrasis_0001931__es-es__original,BACKWARD_ENTAILMENT
dico_phrasis_0001931__es-es__original,dico_phrasis_0001931,es,es,Dos mujeres jóvenes,Dos mujeres,dico_phrasis_0001931__es-es__flipped,FORWARD_ENTAILMENT
dico_phrasis_0001932__es-es__flipped,dico_phrasis_0001932,es,es,Un caballo marrón,Un caballo marrón oscuro,dico_phrasis_0001932__es-es__original,BACKWARD_ENTAILMENT
dico_phrasis_0001932__es-es__original,dico_phrasis_0001932,es,es,Un caballo marrón oscuro,Un caballo marrón,dico_phrasis_0001932__es-es__flipped,FORWARD_ENTAILMENT
dico_phrasis_0001933__es-es__flipped,dico_phrasis_0001933,es,es,sobre hormigón,sobre una losa de hormigón,dico_phrasis_0001933__es-es__original,BACKWARD_ENTAILMENT
dico_phrasis_0001933__es-es__original,dico_phrasis_0001933,es,es,sobre una losa de hormigón,sobre hormigón,dico_phrasis_0001933__es-es__flipped,FORWARD_ENTAILMENT
dico_phrasis_0001934__es-es__flipped,dico_phrasis_0001934,es,es,de una oveja,de una oveja blanca,dico_phrasis_0001934__es-es__original,BACKWARD_ENTAILMENT
dico_phrasis_0001934__es-es__original,dico_phrasis_0001934,es,es,de una oveja blanca,de una oveja,dico_phrasis_0001934__es-es__flipped,FORWARD_ENTAILMENT
dico_phrasis_0001935__es-es__flipped,dico_phrasis_0001935,es,es,Una habitación,en una habitación desordenada,dico_phrasis_0001935__es-es__original,BACKWARD_ENTAILMENT
dico_phrasis_0001935__es-es__original,dico_phrasis_0001935,es,es,en una habitación desordenada,Una habitación,dico_phrasis_0001935__es-es__flipped,FORWARD_ENTAILMENT
dico_phrasis_0001936__es-es__flipped,dico_phrasis_0001936,es,es,Casa,Una casa gris,dico_phrasis_0001936__es-es__original,BACKWARD_ENTAILMENT
dico_phrasis_0001936__es-es__original,dico_phrasis_0001936,es,es,Una casa gris,Casa,dico_phrasis_0001936__es-es__flipped,FORWARD_ENTAILMENT
dico_phrasis_0001939__es-es__flipped,dico_phrasis_0001939,es,es,de cuatro personas,de personas,dico_phrasis_0001939__es-es__original,BACKWARD_ENTAILMENT
dico_phrasis_0001939__es-es__original,dico_phrasis_0001939,es,es,de personas,de cuatro personas,dico_phrasis_0001939__es-es__flipped,FORWARD_ENTAILMENT
dico_phrasis_0001941__es-es__flipped,dico_phrasis_0001941,es,es,de seis personas,de personas,dico_phrasis_0001941__es-es__original,BACKWARD_ENTAILMENT
dico_phrasis_0001941__es-es__original,dico_phrasis_0001941,es,es,de personas,de seis personas,dico_phrasis_0001941__es-es__flipped,FORWARD_ENTAILMENT
dico_phrasis_0001942__es-es__flipped,dico_phrasis_0001942,es,es,una mujer,Mujer mayor,dico_phrasis_0001942__es-es__original,BACKWARD_ENTAILMENT
dico_phrasis_0001942__es-es__original,dico_phrasis_0001942,es,es,Mujer mayor,una mujer,dico_phrasis_0001942__es-es__flipped,FORWARD_ENTAILMENT
dico_phrasis_0001943__es-es__flipped,dico_phrasis_0001943,es,es,un bebé,bebé recién nacido,dico_phrasis_0001943__es-es__original,BACKWARD_ENTAILMENT
dico_phrasis_0001943__es-es__original,dico_phrasis_0001943,es,es,bebé recién nacido,un bebé,dico_phrasis_0001943__es-es__flipped,FORWARD_ENTAILMENT
dico_phrasis_0001946__es-es__flipped,dico_phrasis_0001946,es,es,El pájaro,El pájaro negro,dico_phrasis_0001946__es-es__original,BACKWARD_ENTAILMENT
dico_phrasis_0001946__es-es__original,dico_phrasis_0001946,es,es,El pájaro negro,El pájaro,dico_phrasis_0001946__es-es__flipped,FORWARD_ENTAILMENT
dico_phrasis_0001947__es-es__original,dico_phrasis_0001947,es,es,frente a las costas de México,sobre México,,NEGATIVE_OTHER
dico_phrasis_0001950__es-es__original,dico_phrasis_0001950,es,es,proyecto de ley sobre el aborto,proyecto de ley contra el aborto,,NEGATIVE_OTHER
dico_phrasis_0001951__es-es__original,dico_phrasis_0001951,es,es,anexión de Crimea,independencia de Crimea,,NEGATIVE_OTHER
dico_phrasis_0001956__es-es__original,dico_phrasis_0001956,es,es,en el sur de Irak,en el norte de Irak,,NEGATIVE_OTHER
dico_phrasis_0001958__es-es__original,dico_phrasis_0001958,es,es,contra los ataques estadounidenses con drones,en un ataque estadounidense con drones,,NEGATIVE_OTHER
dico_phrasis_0001959__es-es__original,dico_phrasis_0001959,es,es,al hospital,del hospital,,NEGATIVE_OTHER
dico_phrasis_0001964__es-es__original,dico_phrasis_0001964,es,es,de la parte delantera,de la parte trasera,,NEGATIVE_OTHER
dico_phrasis_0001965__es-es__original,dico_phrasis_0001965,es,es,en un salón,fuera del salón,,NEGATIVE_OTHER
dico_phrasis_0001966__es-es__original,dico_phrasis_0001966,es,es,en la India,aldeanos indios,,NEGATIVE_OTHER
dico_phrasis_0001967__es-es__original,dico_phrasis_0001967,es,es,Ciclón,Evacuación por el ciclón Phailin,,NEGATIVE_OTHER
dico_phrasis_0001969__es-es__original,dico_phrasis_0001969,es,es,cautivos palestinos,liberación de prisioneros palestinos,,NEGATIVE_OTHER
dico_phrasis_0001970__es-es__original,dico_phrasis_0001970,es,es,llamadas israelíes,Israel,,NEGATIVE_OTHER
dico_phrasis_0001972__es-es__original,dico_phrasis_0001972,es,es,líder de la RPDC,Corea del Norte,,NEGATIVE_OTHER
dico_phrasis_0001983__es-es__original,dico_phrasis_0001983,es,es,en la búsqueda del avión malasio desaparecido,del avión desaparecido de Malasia,,NEGATIVE_OTHER
dico_phrasis_0001992__es-es__original,dico_phrasis_0001992,es,es,máximo líder de los Hermanos Musulmanes,simpatizantes de los Hermanos Musulmanes,,NEGATIVE_OTHER
dico_phrasis_0001995__es-es__original,dico_phrasis_0001995,es,es,primer ministro ruso,Rusia,,NEGATIVE_OTHER
dico_phrasis_0001997__es-es__original,dico_phrasis_0001997,es,es,fallo judicial,tribunal supremo,,NEGATIVE_OTHER
dico_phrasis_0002000__es-es__original,dico_phrasis_0002000,es,es,su equipo de negociación nuclear,su búsqueda nuclear,,NEGATIVE_OTHER
dico_phrasis_0002001__es-es__original,dico_phrasis_0002001,es,es,iniciar conversaciones,visitar,,NEGATIVE_OTHER
dico_phrasis_0002002__es-es__original,dico_phrasis_0002002,es,es,discurso del presidente,elecciones presidenciales,,NEGATIVE_OTHER
dico_phrasis_0002006__es-es__original,dico_phrasis_0002006,es,es,en el Valle del Jordán,en un ataque en Cisjordania,,NEGATIVE_OTHER
dico_phrasis_0002011__es-es__original,dico_phrasis_0002011,es,es,en Siria,en una incursión israelí,,NEGATIVE_OTHER
dico_phrasis_0002012__es-es__original,dico_phrasis_0002012,es,es,seis,4 militantes,,NEGATIVE_OTHER
dico_phrasis_0002013__es-es__original,dico_phrasis_0002013,es,es,derecho constitucional federal,un tratado,,NEGATIVE_OTHER
dico_phrasis_0002019__es-es__original,dico_phrasis_0002019,es,es,un hombre,once,,NEGATIVE_OTHER
dico_phrasis_0002023__es-es__original,dico_phrasis_0002023,es,es,de las armas químicas de Siria,del acuerdo sobre armas químicas,,NEGATIVE_OTHER
dico_phrasis_0002032__es-es__original,dico_phrasis_0002032,es,es,mortal,"1 muerto, 40 hospitalizados",,NEGATIVE_OTHER
dico_phrasis_0002033__es-es__original,dico_phrasis_0002033,es,es,militantes,como ataque en el Sinaí,,NEGATIVE_OTHER
dico_phrasis_0002037__es-es__original,dico_phrasis_0002037,es,es,2 de abril,jueves,,NEGATIVE_OTHER
dico_phrasis_0002049__es-es__original,dico_phrasis_0002049,es,es,en el parque,junto a la orilla,,NEGATIVE_OTHER
dico_phrasis_0002053__es-es__original,dico_phrasis_0002053,es,es,Un niño,Un perro,,NEGATIVE_OTHER
dico_phrasis_0002055__es-es__original,dico_phrasis_0002055,es,es,se columpia,juega a la pelota,,NEGATIVE_OTHER
dico_phrasis_0002060__es-es__original,dico_phrasis_0002060,es,es,un mosquetón,una polea,,NEGATIVE_OTHER
dico_phrasis_0002061__es-es__original,dico_phrasis_0002061,es,es,tres perros,un niño,,NEGATIVE_OTHER
dico_phrasis_0002062__es-es__original,dico_phrasis_0002062,es,es,un perro,el skater,,NEGATIVE_OTHER
dico_phrasis_0002068__es-es__original,dico_phrasis_0002068,es,es,está jugando,está siendo lanzado,,NEGATIVE_OTHER
dico_phrasis_0002070__es-es__original,dico_phrasis_0002070,es,es,Un hombre,Un perro,,NEGATIVE_OTHER
dico_phrasis_0002074__es-es__original,dico_phrasis_0002074,es,es,en aguas de color azul oscuro,en la playa,,NEGATIVE_OTHER
dico_phrasis_0002075__es-es__original,dico_phrasis_0002075,es,es,a través de la arena,por el agua,,NEGATIVE_OTHER
dico_phrasis_0002082__es-es__original,dico_phrasis_0002082,es,es,Un niño,Un perro,,NEGATIVE_OTHER
dico_phrasis_0002083__es-es__original,dico_phrasis_0002083,es,es,dentro de un arenero,en un estanque,,NEGATIVE_OTHER
dico_phrasis_0002085__es-es__original,dico_phrasis_0002085,es,es,en el agua azul,en la arena,,NEGATIVE_OTHER
dico_phrasis_0002086__es-es__original,dico_phrasis_0002086,es,es,para Navidad,delante de un árbol de Navidad,,NEGATIVE_OTHER
dico_phrasis_0002093__es-es__original,dico_phrasis_0002093,es,es,a través del agua que salpica,salpica,,NEGATIVE_OTHER
dico_phrasis_0002094__es-es__original,dico_phrasis_0002094,es,es,a través de una zona muy boscosa,a través de un arroyo,,NEGATIVE_OTHER
dico_phrasis_0002097__es-es__original,dico_phrasis_0002097,es,es,remando,en un bote de remos,,NEGATIVE_OTHER
dico_phrasis_0002107__es-es__original,dico_phrasis_0002107,es,es,calle abajo,en la ciudad,,NEGATIVE_OTHER
dico_phrasis_0002109__es-es__original,dico_phrasis_0002109,es,es,sobre un monopatín,por una rampa,,NEGATIVE_OTHER
dico_phrasis_0002114__es-es__original,dico_phrasis_0002114,es,es,un monopatín,un skater,,NEGATIVE_OTHER
dico_phrasis_0002120__es-es__original,dico_phrasis_0002120,es,es,está corriendo,está tirando,,NEGATIVE_OTHER
dico_phrasis_0002126__es-es__original,dico_phrasis_0002126,es,es,en una pista,junto a un árbol,,NEGATIVE_OTHER
dico_phrasis_0002129__es-es__original,dico_phrasis_0002129,es,es,hasta la cima,la pared de la tubería,,NEGATIVE_OTHER
dico_phrasis_0002130__es-es__original,dico_phrasis_0002130,es,es,de la rampa,en un parque de patinaje,,NEGATIVE_OTHER
dico_phrasis_0002134__es-es__original,dico_phrasis_0002134,es,es,va en bicicleta,camina,,NEGATIVE_OTHER
dico_phrasis_0002137__es-es__original,dico_phrasis_0002137,es,es,en un tobogán reluciente,a través de un parque infantil arenoso,,NEGATIVE_OTHER
dico_phrasis_0002153__es-es__original,dico_phrasis_0002153,es,es,17 civiles,10 policías,,NEGATIVE_OTHER
dico_phrasis_0002156__es-es__original,dico_phrasis_0002156,es,es,contra los manifestantes,sobre las protestas,,NEGATIVE_OTHER
dico_phrasis_0002161__es-es__original,dico_phrasis_0002161,es,es,con la familia Mandela,a Mandela,,NEGATIVE_OTHER
dico_phrasis_0002164__es-es__original,dico_phrasis_0002164,es,es,"mata, hiere",golpea,,NEGATIVE_OTHER
dico_phrasis_0002168__es-es__original,dico_phrasis_0002168,es,es,servicio conmemorativo de Nelson Mandela,muere Nelson Mandela,,NEGATIVE_OTHER
dico_phrasis_0002170__es-es__original,dico_phrasis_0002170,es,es,a la República Centroafricana,en la capital centroafricana,,NEGATIVE_OTHER
dico_phrasis_0002173__es-es__original,dico_phrasis_0002173,es,es,Departamento de Estado de EE. UU.,jefe de seguridad del Departamento de Estado,,NEGATIVE_OTHER
dico_phrasis_0002190__es-es__original,dico_phrasis_0002190,es,es,en señal de protesta,disturbios en Turquía,,NEGATIVE_OTHER
dico_phrasis_0002194__es-es__original,dico_phrasis_0002194,es,es,en ataques suicidas,Coches bomba,,NEGATIVE_OTHER
dico_phrasis_0002195__es-es__original,dico_phrasis_0002195,es,es,en la planta nuclear de Irán,en el acuerdo nuclear con Irán,,NEGATIVE_OTHER
dico_phrasis_0002200__es-es__original,dico_phrasis_0002200,es,es,hacia el norte,Corea del Norte,,NEGATIVE_OTHER
dico_phrasis_0002203__es-es__original,dico_phrasis_0002203,es,es,10 niñas,nueve,,NEGATIVE_OTHER
dico_phrasis_0002210__es-es__original,dico_phrasis_0002210,es,es,México,El exgobernador de Nuevo México Richardson,,NEGATIVE_OTHER
dico_phrasis_0002213__es-es__original,dico_phrasis_0002213,es,es,Aparatos dentales,emite una alerta roja,,NEGATIVE_OTHER
dico_phrasis_0002219__es-es__original,dico_phrasis_0002219,es,es,Tácticas islamistas,militantes islamistas del norte,,NEGATIVE_OTHER
dico_phrasis_0002225__es-es__original,dico_phrasis_0002225,es,es,ataque aéreo de la OTAN,soldado de la OTAN,,NEGATIVE_OTHER
dico_phrasis_0002226__es-es__original,dico_phrasis_0002226,es,es,debate sobre el control de armas,sobre el proyecto de ley de control de armas,,NEGATIVE_OTHER
dico_phrasis_0002227__es-es__original,dico_phrasis_0002227,es,es,en el caso de Lal Masjid,en Pakistán,,NEGATIVE_OTHER
dico_phrasis_0002228__es-es__original,dico_phrasis_0002228,es,es,5,3 policías,,NEGATIVE_OTHER
dico_phrasis_0002230__es-es__original,dico_phrasis_0002230,es,es,más de 500 personas,400,,NEGATIVE_OTHER
dico_phrasis_0002235__es-es__original,dico_phrasis_0002235,es,es,resolución de la ONU,Alemania,,NEGATIVE_OTHER
dico_phrasis_0002238__es-es__original,dico_phrasis_0002238,es,es,al poder,mayoría,,NEGATIVE_OTHER
dico_phrasis_0002252__es-es__original,dico_phrasis_0002252,es,es,nueve personas,3 policías,,NEGATIVE_OTHER
dico_phrasis_0002261__es-es__original,dico_phrasis_0002261,es,es,descarrila,del calvario del accidente,,NEGATIVE_OTHER
dico_phrasis_0002262__es-es__original,dico_phrasis_0002262,es,es,uso de armas químicas,por las acusaciones sobre armas químicas,,NEGATIVE_OTHER
dico_phrasis_0002274__es-es__original,dico_phrasis_0002274,es,es,partidarios de Morsi,manifestantes,,NEGATIVE_OTHER
dico_phrasis_0002275__es-es__original,dico_phrasis_0002275,es,es,Supervivientes del tifón,Tifón Bopha,,NEGATIVE_OTHER
dico_phrasis_0002284__es-es__original,dico_phrasis_0002284,es,es,en el porche,en un sofá,,NEGATIVE_OTHER
dico_phrasis_0002285__es-es__original,dico_phrasis_0002285,es,es,cerca de dos animales diminutos,cerca de sus hijos,,NEGATIVE_OTHER
dico_phrasis_0002286__es-es__original,dico_phrasis_0002286,es,es,delante de unas ruinas,delante de un edificio,,NEGATIVE_OTHER
dico_phrasis_0002293__es-es__original,dico_phrasis_0002293,es,es,alineados,una fila,,NEGATIVE_OTHER
dico_phrasis_0002296__es-es__original,dico_phrasis_0002296,es,es,en un cobertizo,en una estación,,NEGATIVE_OTHER
dico_phrasis_0002297__es-es__original,dico_phrasis_0002297,es,es,está estacionado,estar de pie,,NEGATIVE_OTHER
dico_phrasis_0002305__es-es__original,dico_phrasis_0002305,es,es,en la rama,debajo de los árboles,,NEGATIVE_OTHER
dico_phrasis_0002316__es-es__original,dico_phrasis_0002316,es,es,hacia un poste telefónico de madera,por encima de los cables telefónicos,,NEGATIVE_OTHER
dico_phrasis_0002320__es-es__original,dico_phrasis_0002320,es,es,delante de un edificio,delante de un comedor,,NEGATIVE_OTHER
dico_phrasis_0002322__es-es__original,dico_phrasis_0002322,es,es,encima de una talla de roca,sobre una piedra,,NEGATIVE_OTHER
dico_phrasis_0002323__es-es__original,dico_phrasis_0002323,es,es,con una almohada,sobre una manta con estampado animal,,NEGATIVE_OTHER
dico_phrasis_0002325__es-es__original,dico_phrasis_0002325,es,es,en una calle,en un callejón,,NEGATIVE_OTHER
dico_phrasis_0002327__es-es__original,dico_phrasis_0002327,es,es,en una cena,alrededor de una mesa,,NEGATIVE_OTHER
dico_phrasis_0002329__es-es__original,dico_phrasis_0002329,es,es,hacia una puerta metálica,hacia una cerca de alambre,,NEGATIVE_OTHER
dico_phrasis_0002335__es-es__original,dico_phrasis_0002335,es,es,sobre tela morada,sobre una lona marrón,,NEGATIVE_OTHER
dico_phrasis_0002340__es-es__original,dico_phrasis_0002340,es,es,en un estudio o una sala de estar,en una silla de estar,,NEGATIVE_OTHER
dico_phrasis_0002345__es-es__original,dico_phrasis_0002345,es,es,con un top de bikini negro y vaqueros,con un sombrero negro,,NEGATIVE_OTHER
dico_phrasis_0002347__es-es__original,dico_phrasis_0002347,es,es,la parte inferior de una puerta,ante una puerta cerrada,,NEGATIVE_OTHER
dico_phrasis_0002352__es-es__original,dico_phrasis_0002352,es,es,en el océano,en el muelle,,NEGATIVE_OTHER
dico_phrasis_0002353__es-es__original,dico_phrasis_0002353,es,es,está saltando,está montando,,NEGATIVE_OTHER
dico_phrasis_0002359__es-es__original,dico_phrasis_0002359,es,es,de nieve,en el campo,,NEGATIVE_OTHER
dico_phrasis_0002360__es-es__original,dico_phrasis_0002360,es,es,con canoas amarillas,para navegar en canoa,,NEGATIVE_OTHER
dico_phrasis_0002370__es-es__original,dico_phrasis_0002370,es,es,en el suelo,estacionado,,NEGATIVE_OTHER
dico_phrasis_0002378__es-es__original,dico_phrasis_0002378,es,es,el 30 de diciembre,la semana que viene,,NEGATIVE_OTHER
dico_phrasis_0002384__es-es__original,dico_phrasis_0002384,es,es,Terrorista suicida en un camión,Coche bomba suicida,,NEGATIVE_OTHER
dico_phrasis_0002385__es-es__original,dico_phrasis_0002385,es,es,aeropuertos militares,en un aeropuerto militar,,NEGATIVE_OTHER
dico_phrasis_0002388__es-es__original,dico_phrasis_0002388,es,es,a la zona industrial conjunta,a la Zona Industrial Clave,,NEGATIVE_OTHER
dico_phrasis_0002389__es-es__original,dico_phrasis_0002389,es,es,después del derrumbe de edificios en India,por el derrumbe de un edificio en Bangladés,,NEGATIVE_OTHER
dico_phrasis_0002393__es-es__original,dico_phrasis_0002393,es,es,"al 12,1 %","12,2 %",,NEGATIVE_OTHER
dico_phrasis_0002402__es-es__original,dico_phrasis_0002402,es,es,en Singapur,en la India,,NEGATIVE_OTHER
dico_phrasis_0002404__es-es__original,dico_phrasis_0002404,es,es,a la caza de,rastreando en busca de,,NEGATIVE_OTHER
dico_phrasis_0002407__es-es__original,dico_phrasis_0002407,es,es,10 simpatizantes de la Hermandad,simpatizantes,,NEGATIVE_OTHER
dico_phrasis_0002410__es-es__original,dico_phrasis_0002410,es,es,En Oklahoma City,Aeropuerto de Oklahoma City,,NEGATIVE_OTHER
dico_phrasis_0002412__es-es__original,dico_phrasis_0002412,es,es,implementar,ofrece,,NEGATIVE_OTHER
dico_phrasis_0002414__es-es__original,dico_phrasis_0002414,es,es,Brasileños,"En Brasil, miles",,NEGATIVE_OTHER
dico_phrasis_0002415__es-es__original,dico_phrasis_0002415,es,es,sin riesgo de tsunami,sin alerta de tsunami,,NEGATIVE_OTHER
dico_phrasis_0002416__es-es__original,dico_phrasis_0002416,es,es,en un accidente de aeronave,en un accidente de helicóptero,,NEGATIVE_OTHER
dico_phrasis_0002419__es-es__original,dico_phrasis_0002419,es,es,"9 turistas extranjeros, 1 pakistaní",11 turistas extranjeros,,NEGATIVE_OTHER
dico_phrasis_0002420__es-es__original,dico_phrasis_0002420,es,es,el fuego cierra,se incendia,,NEGATIVE_OTHER
dico_phrasis_0002422__es-es__original,dico_phrasis_0002422,es,es,"Potente terremoto de magnitud 7,6","Potente terremoto de magnitud 6,9",,NEGATIVE_OTHER
dico_phrasis_0002425__es-es__original,dico_phrasis_0002425,es,es,Gobierno de la India,Ministro de Petróleo de la India,,NEGATIVE_OTHER
dico_phrasis_0002427__es-es__original,dico_phrasis_0002427,es,es,3 millones de coches japoneses,"3,4 millones de vehículos",,NEGATIVE_OTHER
dico_phrasis_0002431__es-es__original,dico_phrasis_0002431,es,es,por la disputa entre Gibraltar y España,por los acontecimientos en Gibraltar,,NEGATIVE_OTHER
dico_phrasis_0002432__es-es__original,dico_phrasis_0002432,es,es,19 de nov. de 2013,26 de sept. de 2013,,NEGATIVE_OTHER
dico_phrasis_0002433__es-es__original,dico_phrasis_0002433,es,es,liberar,Libera,,NEGATIVE_OTHER
dico_phrasis_0002439__es-es__original,dico_phrasis_0002439,es,es,rebeldes prorrusos,rebeldes sirios,,NEGATIVE_OTHER
dico_phrasis_0002440__es-es__original,dico_phrasis_0002440,es,es,24 de enero,4 de abril,,NEGATIVE_OTHER
dico_phrasis_0002441__es-es__original,dico_phrasis_0002441,es,es,para dirigir la Reserva Federal,como presidente de la Reserva Federal de EE. UU.,,NEGATIVE_OTHER
dico_phrasis_0002445__es-es__original,dico_phrasis_0002445,es,es,soldado de la OTAN,cuatro soldados,,NEGATIVE_OTHER
dico_phrasis_0002447__es-es__original,dico_phrasis_0002447,es,es,Prototipo de coche autónomo,Coche autónomo conceptual,,NEGATIVE_OTHER
dico_phrasis_0002450__es-es__original,dico_phrasis_0002450,es,es,en la contienda electoral de Afganistán,en las elecciones presidenciales afganas,,NEGATIVE_OTHER
dico_phrasis_0002451__es-es__original,dico_phrasis_0002451,es,es,suroeste de Pakistán,sur de Pakistán,,NEGATIVE_OTHER
dico_phrasis_0002453__es-es__original,dico_phrasis_0002453,es,es,en un atentado con bomba contra un autobús en Pakistán,en un atentado con bomba contra una iglesia en Pakistán,,NEGATIVE_OTHER
dico_phrasis_0002454__es-es__original,dico_phrasis_0002454,es,es,en el tiroteo de Bangkok,en el tiroteo en una escuela de EE. UU.,,NEGATIVE_OTHER
dico_phrasis_0002456__es-es__original,dico_phrasis_0002456,es,es,en busca de Jet,para la búsqueda de jets,,NEGATIVE_OTHER
dico_phrasis_0002459__es-es__original,dico_phrasis_0002459,es,es,durante marzo,de camino,,NEGATIVE_OTHER
dico_phrasis_0002460__es-es__original,dico_phrasis_0002460,es,es,"nueve turistas extranjeros, guía","9 turistas extranjeros, 1 pakistaní",,NEGATIVE_OTHER
dico_phrasis_0002461__es-es__original,dico_phrasis_0002461,es,es,"de magnitud 6,3",de magnitud 6,,NEGATIVE_OTHER
dico_phrasis_0002468__es-es__original,dico_phrasis_0002468,es,es,por las conversaciones de paz,antes de las conversaciones de paz,,NEGATIVE_OTHER
dico_phrasis_0002469__es-es__original,dico_phrasis_0002469,es,es,Atacante suicida,Bomba suicida,,NEGATIVE_OTHER
dico_phrasis_0002472__es-es__original,dico_phrasis_0002472,es,es,"a 6,2035","a 6,1408",,NEGATIVE_OTHER
dico_phrasis_0002473__es-es__original,dico_phrasis_0002473,es,es,nuevo dispositivo para transmitir vídeo en streaming,nuevo decodificador Fire TV para transmitir vídeo en streaming,,NEGATIVE_OTHER
dico_phrasis_0002474__es-es__original,dico_phrasis_0002474,es,es,Pat Rice,"Rice, leyenda del Arsenal",,NEGATIVE_OTHER
dico_phrasis_0002475__es-es__original,dico_phrasis_0002475,es,es,contra el cáncer,con cáncer,,NEGATIVE_OTHER
dico_phrasis_0002476__es-es__original,dico_phrasis_0002476,es,es,ADN de oso polar,estudio sobre el oso polar,,NEGATIVE_OTHER
dico_phrasis_0002480__es-es__original,dico_phrasis_0002480,es,es,en oración y canto,de «Oración y reflexión»,,NEGATIVE_OTHER
dico_phrasis_0002484__es-es__original,dico_phrasis_0002484,es,es,en Siria,en Pakistán,,NEGATIVE_OTHER
dico_phrasis_0002485__es-es__original,dico_phrasis_0002485,es,es,preocupaciones de seguridad regional,paz regional,,NEGATIVE_OTHER
dico_phrasis_0002489__es-es__original,dico_phrasis_0002489,es,es,Alerta de viaje,alerta mundial,,NEGATIVE_OTHER
dico_phrasis_0002494__es-es__original,dico_phrasis_0002494,es,es,por hacer amenazas sobre el 11-S,por amenazas sobre el 11-S,,NEGATIVE_OTHER
dico_phrasis_0002496__es-es__original,dico_phrasis_0002496,es,es,Ucrania,en Siria,,NEGATIVE_OTHER
dico_phrasis_0002501__es-es__original,dico_phrasis_0002501,es,es,Ola de calor récord en el suroeste,en la ola de calor del suroeste,,NEGATIVE_OTHER
dico_phrasis_0002502__es-es__original,dico_phrasis_0002502,es,es,"0,56 %","0,5 %",,NEGATIVE_OTHER
dico_phrasis_0002504__es-es__original,dico_phrasis_0002504,es,es,testigos del «bunga bunga»,testigos en un juicio por prostitución,,NEGATIVE_OTHER
dico_phrasis_0002507__es-es__original,dico_phrasis_0002507,es,es,martes,el viernes,,NEGATIVE_OTHER
dico_phrasis_0002508__es-es__original,dico_phrasis_0002508,es,es,por un alto el fuego humanitario,por un alto el fuego incondicional,,NEGATIVE_OTHER
dico_phrasis_0002509__es-es__original,dico_phrasis_0002509,es,es,19 bomberos,19 brigadistas de élite,,NEGATIVE_OTHER
dico_phrasis_0002511__es-es__original,dico_phrasis_0002511,es,es,"Rice, muy franca",Susan Rice,,NEGATIVE_OTHER
dico_phrasis_0002517__es-es__original,dico_phrasis_0002517,es,es,a 6.1184,a 6.1510,,NEGATIVE_OTHER
dico_phrasis_0002518__es-es__original,dico_phrasis_0002518,es,es,pierde el contacto,desaparece,,NEGATIVE_OTHER
dico_phrasis_0002522__es-es__original,dico_phrasis_0002522,es,es,subir,subir ligeramente,,NEGATIVE_OTHER
dico_phrasis_0002524__es-es__original,dico_phrasis_0002524,es,es,"en Trípoli, Líbano",en el norte del Líbano,,NEGATIVE_OTHER
dico_phrasis_0002525__es-es__original,dico_phrasis_0002525,es,es,Próximas conversaciones nucleares con Irán,Acuerdo nuclear con Irán,,NEGATIVE_OTHER
dico_phrasis_0002529__es-es__original,dico_phrasis_0002529,es,es,La mayoría de las víctimas,38 cuerpos de víctimas,,NEGATIVE_OTHER
dico_phrasis_0002530__es-es__original,dico_phrasis_0002530,es,es,junto a una piscina,a lo largo del borde de una piscina,,NEGATIVE_OTHER
dico_phrasis_0002535__es-es__original,dico_phrasis_0002535,es,es,cruzando un sendero cubierto de hierba,en una zona cubierta de hierba,,NEGATIVE_OTHER
dico_phrasis_0002537__es-es__original,dico_phrasis_0002537,es,es,un frisbi naranja,un frisbi rojo,,NEGATIVE_OTHER
dico_phrasis_0002538__es-es__original,dico_phrasis_0002538,es,es,una camisa vaquera,una chaqueta vaquera,,NEGATIVE_OTHER
dico_phrasis_0002539__es-es__original,dico_phrasis_0002539,es,es,Perro marrón y blanco,Perro negro y blanco,,NEGATIVE_OTHER
dico_phrasis_0002540__es-es__original,dico_phrasis_0002540,es,es,al agua,bajo el agua,,NEGATIVE_OTHER
dico_phrasis_0002541__es-es__original,dico_phrasis_0002541,es,es,un abrigo rosa,con una chaqueta rosa,,NEGATIVE_OTHER
dico_phrasis_0002543__es-es__original,dico_phrasis_0002543,es,es,sobre una barra de metal,sobre una barandilla,,NEGATIVE_OTHER
dico_phrasis_0002545__es-es__original,dico_phrasis_0002545,es,es,un tramo de escaleras,escalones,,NEGATIVE_OTHER
dico_phrasis_0002546__es-es__original,dico_phrasis_0002546,es,es,Dos perros grandes,Dos perros atigrados,,NEGATIVE_OTHER
dico_phrasis_0002547__es-es__original,dico_phrasis_0002547,es,es,de un tobogán acuático azul,desde un tobogán acuático,,NEGATIVE_OTHER
dico_phrasis_0002552__es-es__original,dico_phrasis_0002552,es,es,en un sendero de grava,a lo largo de un sendero de grava,,NEGATIVE_OTHER
dico_phrasis_0002553__es-es__original,dico_phrasis_0002553,es,es,agua submarina,en agua azul muy clara,,NEGATIVE_OTHER
dico_phrasis_0002555__es-es__original,dico_phrasis_0002555,es,es,esquí acuático,kitesurf,,NEGATIVE_OTHER
dico_phrasis_0002556__es-es__original,dico_phrasis_0002556,es,es,un perro blanco,Los perros,,NEGATIVE_OTHER
dico_phrasis_0002557__es-es__original,dico_phrasis_0002557,es,es,una visera azul,con una visera,,NEGATIVE_OTHER
dico_phrasis_0002558__es-es__original,dico_phrasis_0002558,es,es,en una balsa azul,su balsa inflable azul,,NEGATIVE_OTHER
dico_phrasis_0002561__es-es__original,dico_phrasis_0002561,es,es,sobre o cerca de una valla,sobre y junto a una valla,,NEGATIVE_OTHER
dico_phrasis_0002565__es-es__original,dico_phrasis_0002565,es,es,Un perro marrón claro,Un perro marrón y blanco,,NEGATIVE_OTHER
dico_phrasis_0002568__es-es__original,dico_phrasis_0002568,es,es,con un collar rosa,con el collar rojo,,NEGATIVE_OTHER
dico_phrasis_0002571__es-es__original,dico_phrasis_0002571,es,es,un perro blanco,perro marrón,,NEGATIVE_OTHER
dico_phrasis_0002572__es-es__original,dico_phrasis_0002572,es,es,Un hombre a otro,Un hombre y una mujer,,NEGATIVE_OTHER
dico_phrasis_0002575__es-es__original,dico_phrasis_0002575,es,es,Un niño pequeño,Un niño asiático,,NEGATIVE_OTHER
dico_phrasis_0002577__es-es__original,dico_phrasis_0002577,es,es,con gente,mientras otros hombres,,NEGATIVE_OTHER
dico_phrasis_0002578__es-es__original,dico_phrasis_0002578,es,es,con un perro,Un perro marrón,,NEGATIVE_OTHER
dico_phrasis_0002579__es-es__original,dico_phrasis_0002579,es,es,Un perro negro,Un perro delgado,,NEGATIVE_OTHER
dico_phrasis_0002585__es-es__original,dico_phrasis_0002585,es,es,baja,pasando por encima,,NEGATIVE_OTHER
dico_phrasis_0002592__es-es__original,dico_phrasis_0002592,es,es,sobre una alfombra blanca,sobre una alfombra beige,,NEGATIVE_OTHER
dico_phrasis_0002593__es-es__original,dico_phrasis_0002593,es,es,con un collar adornado con gemas,con un collar azul,,NEGATIVE_OTHER
dico_phrasis_0002594__es-es__original,dico_phrasis_0002594,es,es,en una calle,a lo largo de una calle,,NEGATIVE_OTHER
dico_phrasis_0002598__es-es__original,dico_phrasis_0002598,es,es,Un hombre,Un surfista,,NEGATIVE_OTHER
dico_phrasis_0002603__es-es__original,dico_phrasis_0002603,es,es,a través del agua,en aguas turbulentas,,NEGATIVE_OTHER
dico_phrasis_0002604__es-es__original,dico_phrasis_0002604,es,es,atrapar con la boca,morder,,NEGATIVE_OTHER
dico_phrasis_0002605__es-es__original,dico_phrasis_0002605,es,es,Un perro marrón,Un perro gris,,NEGATIVE_OTHER
dico_phrasis_0002606__es-es__original,dico_phrasis_0002606,es,es,un perro blanco,otro perro,,NEGATIVE_OTHER
dico_phrasis_0002609__es-es__original,dico_phrasis_0002609,es,es,en la playa,de una playa,,NEGATIVE_OTHER
dico_phrasis_0002621__es-es__original,dico_phrasis_0002621,es,es,desde un columpio de árbol,"junto a un árbol, desde un columpio",,NEGATIVE_OTHER
dico_phrasis_0002626__es-es__original,dico_phrasis_0002626,es,es,atrapar,persiguiendo,,NEGATIVE_OTHER
dico_phrasis_0002628__es-es__original,dico_phrasis_0002628,es,es,en un arroyo rocoso,a través de agua verdosa,,NEGATIVE_OTHER
dico_phrasis_0002631__es-es__original,dico_phrasis_0002631,es,es,están posando,están de pie,,NEGATIVE_OTHER
dico_phrasis_0002633__es-es__original,dico_phrasis_0002633,es,es,en el vano de una puerta,en el umbral de una puerta,,NEGATIVE_OTHER
dico_phrasis_0002637__es-es__original,dico_phrasis_0002637,es,es,en un sendero de tierra,a lo largo de un sendero de tierra,,NEGATIVE_OTHER
dico_phrasis_0002638__es-es__original,dico_phrasis_0002638,es,es,Un perro marrón claro,Un perro pálido,,NEGATIVE_OTHER
dico_phrasis_0002642__es-es__original,dico_phrasis_0002642,es,es,cerca de un bosque,en el bosque,,NEGATIVE_OTHER
dico_phrasis_0002643__es-es__original,dico_phrasis_0002643,es,es,a través de la arena,a lo largo de una playa,,NEGATIVE_OTHER
dico_phrasis_0002646__es-es__original,dico_phrasis_0002646,es,es,Un hombre,Un senderista,,NEGATIVE_OTHER
dico_phrasis_0002647__es-es__original,dico_phrasis_0002647,es,es,en la línea de flotación,a lo largo de la tranquila orilla,,NEGATIVE_OTHER
dico_phrasis_0002649__es-es__original,dico_phrasis_0002649,es,es,una camisa roja,un suéter rojo,,NEGATIVE_OTHER
dico_phrasis_0002650__es-es__original,dico_phrasis_0002650,es,es,Dos perros negros grandes,Dos perros blancos,,NEGATIVE_OTHER
dico_phrasis_0002652__es-es__original,dico_phrasis_0002652,es,es,jugando,están luchando,,NEGATIVE_OTHER
dico_phrasis_0002655__es-es__original,dico_phrasis_0002655,es,es,en una rampa,hacia una pendiente,,NEGATIVE_OTHER
dico_phrasis_0002656__es-es__original,dico_phrasis_0002656,es,es,haciendo un truco,subiendo,,NEGATIVE_OTHER
dico_phrasis_0002657__es-es__original,dico_phrasis_0002657,es,es,mastica,tiene en la boca,,NEGATIVE_OTHER
dico_phrasis_0002658__es-es__original,dico_phrasis_0002658,es,es,a través de la nieve,en el campo nevado,,NEGATIVE_OTHER
dico_phrasis_0002659__es-es__original,dico_phrasis_0002659,es,es,en una playa,a lo largo de la playa,,NEGATIVE_OTHER
dico_phrasis_0002660__es-es__original,dico_phrasis_0002660,es,es,están jugando sobre,están de pie,,NEGATIVE_OTHER
dico_phrasis_0002661__es-es__original,dico_phrasis_0002661,es,es,Una niña joven que ríe y un niño,Una bebé y un niño pequeño,,NEGATIVE_OTHER
dico_phrasis_0002662__es-es__original,dico_phrasis_0002662,es,es,un tambor grande,junto a una guitarra y un tambor,,NEGATIVE_OTHER
dico_phrasis_0002663__es-es__original,dico_phrasis_0002663,es,es,sobre una barrera,sobre una valla,,NEGATIVE_OTHER
dico_phrasis_0002664__es-es__original,dico_phrasis_0002664,es,es,desde un sofá,desde una silla,,NEGATIVE_OTHER
dico_phrasis_0002667__es-es__original,dico_phrasis_0002667,es,es,una ola pequeña,entre las olas,,NEGATIVE_OTHER
dico_phrasis_0002673__es-es__original,dico_phrasis_0002673,es,es,Un jugador de sóftbol,Un jugador de béisbol,,NEGATIVE_OTHER
dico_phrasis_0002674__es-es__original,dico_phrasis_0002674,es,es,Tres ovejas,un pequeño grupo de cabras,,NEGATIVE_OTHER
dico_phrasis_0002677__es-es__original,dico_phrasis_0002677,es,es,El perro blanco y marrón,El perro blanco grande,,NEGATIVE_OTHER
dico_phrasis_0002678__es-es__original,dico_phrasis_0002678,es,es,a través de una pista de obstáculos,a través de obstáculos con postes,,NEGATIVE_OTHER
dico_phrasis_0002680__es-es__original,dico_phrasis_0002680,es,es,perro marrón y blanco,perro blanco y negro,,NEGATIVE_OTHER
dico_phrasis_0002681__es-es__original,dico_phrasis_0002681,es,es,Un perro dorado,Un perro negro,,NEGATIVE_OTHER
dico_phrasis_0002684__es-es__original,dico_phrasis_0002684,es,es,en una piscina de bolas rojas,sobre una piscina de bolas azules,,NEGATIVE_OTHER
dico_phrasis_0002685__es-es__original,dico_phrasis_0002685,es,es,Un perro blanco,un perro negro mojado,,NEGATIVE_OTHER
dico_phrasis_0002689__es-es__original,dico_phrasis_0002689,es,es,Dos niños,Dos jugadores de fútbol,,NEGATIVE_OTHER
dico_phrasis_0002691__es-es__original,dico_phrasis_0002691,es,es,está construyendo,apila,,NEGATIVE_OTHER
dico_phrasis_0002697__es-es__original,dico_phrasis_0002697,es,es,Un perro marrón rojizo,El hermoso perro rojizo,,NEGATIVE_OTHER
dico_phrasis_0002701__es-es__original,dico_phrasis_0002701,es,es,Un perro negro y canela,Un perro blanco,,NEGATIVE_OTHER
dico_phrasis_0002702__es-es__original,dico_phrasis_0002702,es,es,en una mesa de pícnic,en una mesa al aire libre,,NEGATIVE_OTHER
dico_phrasis_0002705__es-es__original,dico_phrasis_0002705,es,es,en la orilla,a lo largo de la playa,,NEGATIVE_OTHER
dico_phrasis_0002707__es-es__original,dico_phrasis_0002707,es,es,en la masacre de Houla,por la masacre de Houla,,NEGATIVE_OTHER
dico_phrasis_0002709__es-es__original,dico_phrasis_0002709,es,es,como representante legítimo,como único representante,,NEGATIVE_OTHER
dico_phrasis_0002710__es-es__original,dico_phrasis_0002710,es,es,coalición opositora,oposición,,NEGATIVE_OTHER
dico_phrasis_0002713__es-es__original,dico_phrasis_0002713,es,es,después de un accidente de esquí,tras un accidente mientras esquiaba,,NEGATIVE_OTHER
dico_phrasis_0002714__es-es__original,dico_phrasis_0002714,es,es,de los trabajadores de fábricas de ropa de Bangladés,en una fábrica de Bangladés,,NEGATIVE_OTHER
dico_phrasis_0002717__es-es__original,dico_phrasis_0002717,es,es,se cree que murió,muere,,NEGATIVE_OTHER
dico_phrasis_0002718__es-es__original,dico_phrasis_0002718,es,es,hasta 15,hasta 11,,NEGATIVE_OTHER
dico_phrasis_0002720__es-es__original,dico_phrasis_0002720,es,es,antes de las protestas pro-Morsi,para protestas masivas,,NEGATIVE_OTHER
dico_phrasis_0002723__es-es__original,dico_phrasis_0002723,es,es,Alegación de asesinato por la muerte de Diana,Información sobre la muerte de Diana y Fayed,,NEGATIVE_OTHER
dico_phrasis_0002727__es-es__original,dico_phrasis_0002727,es,es,tras una explosión mortal,al lugar de la explosión en Texas,,NEGATIVE_OTHER
dico_phrasis_0002728__es-es__original,dico_phrasis_0002728,es,es,derrocado,dimitiendo,,NEGATIVE_OTHER
dico_phrasis_0002730__es-es__original,dico_phrasis_0002730,es,es,"terremoto de magnitud 6,9","terremoto de magnitud 5,6",,NEGATIVE_OTHER
dico_phrasis_0002735__es-es__original,dico_phrasis_0002735,es,es,el viernes,el miércoles,,NEGATIVE_OTHER
dico_phrasis_0002742__es-es__original,dico_phrasis_0002742,es,es,del Zoológico Nacional,al Zoológico Nacional,,NEGATIVE_OTHER
dico_phrasis_0002743__es-es__original,dico_phrasis_0002743,es,es,"terremoto de magnitud 6,3","terremoto de magnitud 7,7",,NEGATIVE_OTHER
dico_phrasis_0002745__es-es__original,dico_phrasis_0002745,es,es,Se calienta,elevarse,,NEGATIVE_OTHER
dico_phrasis_0002746__es-es__original,dico_phrasis_0002746,es,es,los candidatos presidenciales de,como candidato presidencial,,NEGATIVE_OTHER
dico_phrasis_0002748__es-es__original,dico_phrasis_0002748,es,es,Exagente del LAPD,Exagente de la CIA,,NEGATIVE_OTHER
dico_phrasis_0002749__es-es__original,dico_phrasis_0002749,es,es,Prepara,allana el camino,,NEGATIVE_OTHER
dico_phrasis_0002752__es-es__original,dico_phrasis_0002752,es,es,sobre Tombuctú,a Tombuctú,,NEGATIVE_OTHER
dico_phrasis_0002758__es-es__original,dico_phrasis_0002758,es,es,ante datos económicos alentadores de EE. UU.,por datos positivos de EE. UU. y China,,NEGATIVE_OTHER
dico_phrasis_0002759__es-es__original,dico_phrasis_0002759,es,es,Mandela «Inspiración»,el efecto inspirador de Mandela,,NEGATIVE_OTHER
dico_phrasis_0002760__es-es__original,dico_phrasis_0002760,es,es,en la frontera siria,cerca de la frontera siria,,NEGATIVE_OTHER
dico_phrasis_0002761__es-es__original,dico_phrasis_0002761,es,es,en una votación legislativa aplazada durante mucho tiempo,en votaciones legislativas,,NEGATIVE_OTHER
dico_phrasis_0002763__es-es__original,dico_phrasis_0002763,es,es,tercera prueba de Corea del Norte,prueba nuclear de Corea del Norte,,NEGATIVE_OTHER
dico_phrasis_0002769__es-es__original,dico_phrasis_0002769,es,es,"Mandela, enfermo",su ex primer ministro Nelson Mandela,,NEGATIVE_OTHER
dico_phrasis_0002771__es-es__original,dico_phrasis_0002771,es,es,"terremoto de magnitud 6,0","terremoto de magnitud 5,0",,NEGATIVE_OTHER
dico_phrasis_0002773__es-es__original,dico_phrasis_0002773,es,es,a 6.2767,a 6.1818,,NEGATIVE_OTHER
dico_phrasis_0002777__es-es__original,dico_phrasis_0002777,es,es,en ataques violentos,en nuevos ataques,,NEGATIVE_OTHER
dico_phrasis_0002780__es-es__original,dico_phrasis_0002780,es,es,sobre los ataques israelíes,segundo ataque aéreo,,NEGATIVE_OTHER
dico_phrasis_0002783__es-es__original,dico_phrasis_0002783,es,es,tropas de la OTAN,ataque de la OTAN,,NEGATIVE_OTHER
dico_phrasis_0002785__es-es__original,dico_phrasis_0002785,es,es,del impasse fiscal,en medio del impasse fiscal,,NEGATIVE_OTHER
dico_phrasis_0002786__es-es__original,dico_phrasis_0002786,es,es,en un enfrentamiento en El Cairo,en enfrentamientos en Egipto,,NEGATIVE_OTHER
dico_phrasis_0002788__es-es__original,dico_phrasis_0002788,es,es,Ex portavoz del presidente estadounidense Ronald Reagan,"Larry Speakes, ex portavoz de Reagan",,NEGATIVE_OTHER
dico_phrasis_0002791__es-es__original,dico_phrasis_0002791,es,es,elección,en su intento electoral,,NEGATIVE_OTHER
dico_phrasis_0002795__es-es__original,dico_phrasis_0002795,es,es,a través del Medio Oeste,Medio Oeste de EE. UU.,,NEGATIVE_OTHER
dico_phrasis_0002797__es-es__original,dico_phrasis_0002797,es,es,fuertes estruendos,dos explosiones,,NEGATIVE_OTHER
dico_phrasis_0002799__es-es__original,dico_phrasis_0002799,es,es,como próximo presidente de la Fed,como nuevo jefe del Banco Central,,NEGATIVE_OTHER
dico_phrasis_0002800__es-es__original,dico_phrasis_0002800,es,es,Agente,policía indio,,NEGATIVE_OTHER
dico_phrasis_0002802__es-es__original,dico_phrasis_0002802,es,es,por la decepción con el iPhone,tras la decepción por los resultados,,NEGATIVE_OTHER
dico_phrasis_0002803__es-es__original,dico_phrasis_0002803,es,es,como jefe de la Reserva Federal de EE. UU.,como próximo presidente de la Reserva Federal,,NEGATIVE_OTHER
dico_phrasis_0002805__es-es__original,dico_phrasis_0002805,es,es,5,hasta seis,,NEGATIVE_OTHER
dico_phrasis_0002807__es-es__original,dico_phrasis_0002807,es,es,Unos 60,61,,NEGATIVE_OTHER
dico_phrasis_0002808__es-es__original,dico_phrasis_0002808,es,es,presidente iraní,ministro iraní,,NEGATIVE_OTHER
dico_phrasis_0002815__es-es__original,dico_phrasis_0002815,es,es,12 de marzo de 2013,25 de junio de 2013,,NEGATIVE_OTHER
dico_phrasis_0002817__es-es__original,dico_phrasis_0002817,es,es,sobre Siria,para Siria,,NEGATIVE_OTHER
dico_phrasis_0002820__es-es__original,dico_phrasis_0002820,es,es,en Irak,por todo Irak,,NEGATIVE_OTHER
dico_phrasis_0002831__es-es__original,dico_phrasis_0002831,es,es,política,5 profesoras,,NEGATIVE_OTHER
dico_phrasis_0002832__es-es__original,dico_phrasis_0002832,es,es,a cargos por el atentado de Boston,en el atentado del maratón de Boston,,NEGATIVE_OTHER
dico_phrasis_0002833__es-es__original,dico_phrasis_0002833,es,es,Crucigrama críptico,Crucigrama de preguntas,,NEGATIVE_OTHER
dico_phrasis_0002834__es-es__original,dico_phrasis_0002834,es,es,de cáncer de mama,sobre el cáncer de mama,,NEGATIVE_OTHER
dico_phrasis_0002836__es-es__original,dico_phrasis_0002836,es,es,redada,en explosiones,,NEGATIVE_OTHER
dico_phrasis_0002837__es-es__original,dico_phrasis_0002837,es,es,ofrecer,concedería,,NEGATIVE_OTHER
dico_phrasis_0002849__es-es__original,dico_phrasis_0002849,es,es,como bomberos,dotaciones de bomberos,,NEGATIVE_OTHER
dico_phrasis_0002850__es-es__original,dico_phrasis_0002850,es,es,trabajo,avanzando,,NEGATIVE_OTHER
dico_phrasis_0002852__es-es__original,dico_phrasis_0002852,es,es,"sismo de magnitud 7,2","terremoto de magnitud 7,7",,NEGATIVE_OTHER
dico_phrasis_0002853__es-es__original,dico_phrasis_0002853,es,es,de elecciones impugnadas,en una votación impugnada,,NEGATIVE_OTHER
dico_phrasis_0002854__es-es__original,dico_phrasis_0002854,es,es,sobre la última oleada,sobre la reanudación,,NEGATIVE_OTHER
dico_phrasis_0002856__es-es__original,dico_phrasis_0002856,es,es,contra el filtrador de la NSA,contra Snowden por las filtraciones,,NEGATIVE_OTHER
dico_phrasis_0002861__es-es__original,dico_phrasis_0002861,es,es,en las elecciones presidenciales,elecciones presidenciales de Malí,,NEGATIVE_OTHER
dico_phrasis_0002865__es-es__original,dico_phrasis_0002865,es,es,reanudar,poner en pausa,,NEGATIVE_OTHER
dico_phrasis_0002869__es-es__original,dico_phrasis_0002869,es,es,de Abu Qatada,el clérigo radical Abu Qatada,,NEGATIVE_OTHER
dico_phrasis_0002870__es-es__original,dico_phrasis_0002870,es,es,mientras los tailandeses protestan,día de protesta tailandesa,,NEGATIVE_OTHER
dico_phrasis_0002871__es-es__original,dico_phrasis_0002871,es,es,23 de abril,21 de ene.,,NEGATIVE_OTHER
dico_phrasis_0002873__es-es__original,dico_phrasis_0002873,es,es,3 muertos más,4 muertos,,NEGATIVE_OTHER
dico_phrasis_0002877__es-es__original,dico_phrasis_0002877,es,es,El accidente aéreo de San Francisco,en el accidente aéreo de San Francisco,,NEGATIVE_OTHER
dico_phrasis_0002881__es-es__original,dico_phrasis_0002881,es,es,por disparos israelíes,en un ataque aéreo israelí,,NEGATIVE_OTHER
dico_phrasis_0002883__es-es__original,dico_phrasis_0002883,es,es,después del derrumbe de un túnel japonés,en el derrumbe de un túnel a las afueras de Tokio,,NEGATIVE_OTHER
dico_phrasis_0002892__es-es__original,dico_phrasis_0002892,es,es,Francia,La mayoría de los franceses,,NEGATIVE_OTHER
dico_phrasis_0002894__es-es__original,dico_phrasis_0002894,es,es,"sismo de magnitud 6,2","terremoto de magnitud 4,3",,NEGATIVE_OTHER
dico_phrasis_0002897__es-es__original,dico_phrasis_0002897,es,es,el lunes,el jueves,,NEGATIVE_OTHER
dico_phrasis_0002899__es-es__original,dico_phrasis_0002899,es,es,sistema inmunitario,inmunidad humana,,NEGATIVE_OTHER
dico_phrasis_0002902__es-es__original,dico_phrasis_0002902,es,es,goles 300 y 301,300.º gol con el Barcelona,,NEGATIVE_OTHER
dico_phrasis_0002904__es-es__original,dico_phrasis_0002904,es,es,de las inundaciones del día de Navidad,más inundaciones,,NEGATIVE_OTHER
dico_phrasis_0002905__es-es__original,dico_phrasis_0002905,es,es,Lluvia intensa,Lluvia reciente,,NEGATIVE_OTHER
dico_phrasis_0002907__es-es__original,dico_phrasis_0002907,es,es,activos de los Hermanos Musulmanes,fondos de los Hermanos Musulmanes,,NEGATIVE_OTHER
dico_phrasis_0002910__es-es__original,dico_phrasis_0002910,es,es,nueva batalla contra el cáncer,él tiene cáncer de piel,,NEGATIVE_OTHER
dico_phrasis_0002911__es-es__original,dico_phrasis_0002911,es,es,Error,posible «error»,,NEGATIVE_OTHER
dico_phrasis_0002917__es-es__original,dico_phrasis_0002917,es,es,aguanta,gana,,NEGATIVE_OTHER
dico_phrasis_0002918__es-es__original,dico_phrasis_0002918,es,es,en el tiroteo de Nueva Orleans,en el tiroteo del Día de la Madre en NOLA,,NEGATIVE_OTHER
dico_phrasis_0002919__es-es__original,dico_phrasis_0002919,es,es,para una elección muy reñida,para elecciones históricas,,NEGATIVE_OTHER
dico_phrasis_0002921__es-es__original,dico_phrasis_0002921,es,es,India logra una gran victoria,India gana el trofeo,,NEGATIVE_OTHER
dico_phrasis_0002922__es-es__original,dico_phrasis_0002922,es,es,después del secuestro,capturado,,NEGATIVE_OTHER
dico_phrasis_0002924__es-es__original,dico_phrasis_0002924,es,es,se enfrenta a,llamado a rendir cuentas,,NEGATIVE_OTHER
dico_phrasis_0002926__es-es__original,dico_phrasis_0002926,es,es,sobre el nuevo gobierno italiano,nuevo gobierno de coalición de Italia,,NEGATIVE_OTHER
dico_phrasis_0002929__es-es__original,dico_phrasis_0002929,es,es,en el noroeste de Siria,en el norte de Siria,,NEGATIVE_OTHER
dico_phrasis_0002931__es-es__original,dico_phrasis_0002931,es,es,sobre una nueva constitución,sobre una constitución divisiva,,NEGATIVE_OTHER
dico_phrasis_0002932__es-es__original,dico_phrasis_0002932,es,es,por presunto soborno,por aceptar un soborno de 3 millones de dólares,,NEGATIVE_OTHER
dico_phrasis_0002935__es-es__original,dico_phrasis_0002935,es,es,a la 1:15 p. m. EDT,a la 1:15 p. m.,,NEGATIVE_OTHER
dico_phrasis_0002936__es-es__original,dico_phrasis_0002936,es,es,gana,es coronado,,NEGATIVE_OTHER
dico_phrasis_0002939__es-es__original,dico_phrasis_0002939,es,es,Primera Zona Piloto de Libre Comercio de China,Zona de Libre Comercio de Shanghái,,NEGATIVE_OTHER
dico_phrasis_0002940__es-es__original,dico_phrasis_0002940,es,es,en la República Centroafricana durante los combates,en la República Centroafricana después de los enfrentamientos,,NEGATIVE_OTHER
dico_phrasis_0002941__es-es__original,dico_phrasis_0002941,es,es,Decenas de muertos,98 muertos,,NEGATIVE_OTHER
dico_phrasis_0002944__es-es__original,dico_phrasis_0002944,es,es,golpeó,disparó contra,,NEGATIVE_OTHER
dico_phrasis_0002945__es-es__original,dico_phrasis_0002945,es,es,tras acusaciones sobre una aventura amorosa,por afirmaciones sobre una aventura amorosa,,NEGATIVE_OTHER
dico_phrasis_0002953__es-es__original,dico_phrasis_0002953,es,es,por la liberación de prisioneros,liberación de prisioneros palestinos,,NEGATIVE_OTHER
dico_phrasis_0002954__es-es__original,dico_phrasis_0002954,es,es,por acusaciones sexuales,por «abuso sexual»,,NEGATIVE_OTHER
dico_phrasis_0002955__es-es__original,dico_phrasis_0002955,es,es,como enfrentamientos,en enfrentamientos,,NEGATIVE_OTHER
dico_phrasis_0002956__es-es__original,dico_phrasis_0002956,es,es,Mueren decenas,Más de 70 muertos,,NEGATIVE_OTHER
dico_phrasis_0002957__es-es__original,dico_phrasis_0002957,es,es,soldado de la ISAF,soldado británico,,NEGATIVE_OTHER
dico_phrasis_0002963__es-es__original,dico_phrasis_0002963,es,es,6 de marzo de 2013,12 de marzo de 2013,,NEGATIVE_OTHER
dico_phrasis_0002965__es-es__original,dico_phrasis_0002965,es,es,En elecciones,Elecciones anticipadas,,NEGATIVE_OTHER
dico_phrasis_0002968__es-es__original,dico_phrasis_0002968,es,es,en una emboscada en Nueva York,tras una emboscada mortal,,NEGATIVE_OTHER
dico_phrasis_0002970__es-es__original,dico_phrasis_0002970,es,es,"0,39 %","0,31 por ciento",,NEGATIVE_OTHER
dico_phrasis_0002977__es-es__original,dico_phrasis_0002977,es,es,del derrumbe de un edificio en Bangladesh,en el derrumbe de un edificio en Bangladesh,,NEGATIVE_OTHER
dico_phrasis_0002982__es-es__original,dico_phrasis_0002982,es,es,terrorista de Boston arrestado,para el sospechoso del atentado de Boston,,NEGATIVE_OTHER
dico_phrasis_0002985__es-es__original,dico_phrasis_0002985,es,es,sudafricanos,Sudáfrica,,NEGATIVE_OTHER
dico_phrasis_0002987__es-es__original,dico_phrasis_0002987,es,es,en atentados con bomba,en nuevos ataques,,NEGATIVE_OTHER
dico_phrasis_0002988__es-es__original,dico_phrasis_0002988,es,es,tornado grande y extremadamente peligroso,como tornados,,NEGATIVE_OTHER
dico_phrasis_0002990__es-es__original,dico_phrasis_0002990,es,es,el miércoles,el viernes,,NEGATIVE_OTHER
dico_phrasis_0002998__es-es__original,dico_phrasis_0002998,es,es,Autobús rojo de dos pisos,Autobús de pasajeros de dos pisos,,NEGATIVE_OTHER
dico_phrasis_0003001__es-es__original,dico_phrasis_0003001,es,es,posando,está de pie,,NEGATIVE_OTHER
dico_phrasis_0003004__es-es__original,dico_phrasis_0003004,es,es,en las vías,en la vía del tren,,NEGATIVE_OTHER
dico_phrasis_0003005__es-es__original,dico_phrasis_0003005,es,es,sobre una mesa de madera,sobre una mesa de comedor,,NEGATIVE_OTHER
dico_phrasis_0003008__es-es__original,dico_phrasis_0003008,es,es,están mirando a,mirando hacia afuera,,NEGATIVE_OTHER
dico_phrasis_0003011__es-es__original,dico_phrasis_0003011,es,es,en una carretera rural,por un camino de tierra,,NEGATIVE_OTHER
dico_phrasis_0003012__es-es__original,dico_phrasis_0003012,es,es,Tres mujeres jóvenes,Dos mujeres indias con dos niñas indias,,NEGATIVE_OTHER
dico_phrasis_0003023__es-es__original,dico_phrasis_0003023,es,es,en una sala de estar,en un comedor,,NEGATIVE_OTHER
dico_phrasis_0003029__es-es__original,dico_phrasis_0003029,es,es,Un cordero,Una oveja,,NEGATIVE_OTHER
dico_phrasis_0003034__es-es__original,dico_phrasis_0003034,es,es,vestido,bien vestido,,NEGATIVE_OTHER
dico_phrasis_0003035__es-es__original,dico_phrasis_0003035,es,es,a un lado de la calle,en una calle concurrida,,NEGATIVE_OTHER
dico_phrasis_0003036__es-es__original,dico_phrasis_0003036,es,es,Un avión amarillo y azul,El avión blanco,,NEGATIVE_OTHER
dico_phrasis_0003038__es-es__original,dico_phrasis_0003038,es,es,en una canoa roja,en una canoa amarilla,,NEGATIVE_OTHER
dico_phrasis_0003039__es-es__original,dico_phrasis_0003039,es,es,al atardecer,cerca del atardecer,,NEGATIVE_OTHER
dico_phrasis_0003040__es-es__original,dico_phrasis_0003040,es,es,Un loro amarillo,Un pájaro amarillo y naranja,,NEGATIVE_OTHER
dico_phrasis_0003041__es-es__original,dico_phrasis_0003041,es,es,delante de una fuente,delante de una estatua,,NEGATIVE_OTHER
dico_phrasis_0003042__es-es__original,dico_phrasis_0003042,es,es,en una ladera,en una colina,,NEGATIVE_OTHER
dico_phrasis_0003043__es-es__original,dico_phrasis_0003043,es,es,sobre eso,encima,,NEGATIVE_OTHER
dico_phrasis_0003045__es-es__original,dico_phrasis_0003045,es,es,junto a un lago,en la orilla,,NEGATIVE_OTHER
dico_phrasis_0003046__es-es__original,dico_phrasis_0003046,es,es,conduciendo,va montado,,NEGATIVE_OTHER
dico_phrasis_0003058__es-es__original,dico_phrasis_0003058,es,es,un caballo blanco,un caballo marrón,,NEGATIVE_OTHER
dico_phrasis_0003068__es-es__original,dico_phrasis_0003068,es,es,Una máquina de vapor,Un tren,,NEGATIVE_OTHER
dico_phrasis_0003069__es-es__original,dico_phrasis_0003069,es,es,hacia la cámara,a la cámara,,NEGATIVE_OTHER
dico_phrasis_0003071__es-es__original,dico_phrasis_0003071,es,es,hacia dentro de la cámara,junto a la cámara,,NEGATIVE_OTHER
dico_phrasis_0003073__es-es__original,dico_phrasis_0003073,es,es,a lo largo de la playa,a lo largo de la costa del océano,,NEGATIVE_OTHER
dico_phrasis_0003078__es-es__original,dico_phrasis_0003078,es,es,Un hombre,Un corredor,,NEGATIVE_OTHER
dico_phrasis_0003079__es-es__original,dico_phrasis_0003079,es,es,sobre un caballo,un caballo marrón,,NEGATIVE_OTHER
dico_phrasis_0003080__es-es__original,dico_phrasis_0003080,es,es,de una persona,sobre una persona,,NEGATIVE_OTHER
dico_phrasis_0003082__es-es__original,dico_phrasis_0003082,es,es,junto a una oveja negra,junto a una oveja marrón,,NEGATIVE_OTHER
dico_phrasis_0003083__es-es__original,dico_phrasis_0003083,es,es,en una moto de motocross,en una motocicleta,,NEGATIVE_OTHER
dico_phrasis_0003085__es-es__original,dico_phrasis_0003085,es,es,Un avión rojo y azul,Un avión de combate de la Segunda Guerra Mundial,,NEGATIVE_OTHER
dico_phrasis_0003086__es-es__original,dico_phrasis_0003086,es,es,Cuatro mujeres y dos hombres,Un grupo de personas,,NEGATIVE_OTHER
dico_phrasis_0003087__es-es__original,dico_phrasis_0003087,es,es,en una zona rural,en un campo,,NEGATIVE_OTHER
dico_phrasis_0003088__es-es__original,dico_phrasis_0003088,es,es,sobre un suelo enmoquetado,sobre una moqueta blanca,,NEGATIVE_OTHER
dico_phrasis_0003090__es-es__original,dico_phrasis_0003090,es,es,en comida,un pastel,,NEGATIVE_OTHER
dico_phrasis_0003091__es-es__original,dico_phrasis_0003091,es,es,encima de una motocicleta roja y amarilla,en una motocicleta roja y amarilla,,NEGATIVE_OTHER
dico_phrasis_0003092__es-es__original,dico_phrasis_0003092,es,es,Espacio para oficina en casa,Espacio para oficina pequeña,,NEGATIVE_OTHER
dico_phrasis_0003095__es-es__original,dico_phrasis_0003095,es,es,Un avión de carga verde y blanco,Avión comercial de pasajeros blanco y verde,,NEGATIVE_OTHER
dico_phrasis_0003098__es-es__original,dico_phrasis_0003098,es,es,su moto de motocross,en una bicicleta,,NEGATIVE_OTHER
dico_phrasis_0003100__es-es__original,dico_phrasis_0003100,es,es,en la colina verde,en una ladera,,NEGATIVE_OTHER
dico_phrasis_0003101__es-es__original,dico_phrasis_0003101,es,es,a lo largo de una pista,en la plataforma,,NEGATIVE_OTHER
dico_phrasis_0003102__es-es__original,dico_phrasis_0003102,es,es,Gato doméstico,Un gato blanco,,NEGATIVE_OTHER
dico_phrasis_0003103__es-es__original,dico_phrasis_0003103,es,es,acera abajo,a lo largo de la acera,,NEGATIVE_OTHER
dico_phrasis_0003104__es-es__original,dico_phrasis_0003104,es,es,junto a una tienda,fuera de una librería,,NEGATIVE_OTHER
dico_phrasis_0003105__es-es__original,dico_phrasis_0003105,es,es,por las calles,bajando por una calle,,NEGATIVE_OTHER
dico_phrasis_0003106__es-es__original,dico_phrasis_0003106,es,es,sobre una mesa marrón,sobre una mesa de madera,,NEGATIVE_OTHER
dico_phrasis_0003109__es-es__original,dico_phrasis_0003109,es,es,Una niña joven,una niña pequeña,,NEGATIVE_OTHER
dico_phrasis_0003111__es-es__original,dico_phrasis_0003111,es,es,con armarios y muebles de madera,con una mesa y armarios de madera,,NEGATIVE_OTHER
dico_phrasis_0003113__es-es__original,dico_phrasis_0003113,es,es,Una locomotora de vapor verde,Un tren de vapor negro,,NEGATIVE_OTHER
dico_phrasis_0003116__es-es__original,dico_phrasis_0003116,es,es,Una mujer joven,La chica,,NEGATIVE_OTHER
dico_phrasis_0003117__es-es__original,dico_phrasis_0003117,es,es,Tres personas,Dos mujeres mayores,,NEGATIVE_OTHER
dico_phrasis_0003121__es-es__original,dico_phrasis_0003121,es,es,dentro de una estación de tren,en la estación de tren,,NEGATIVE_OTHER
dico_phrasis_0003130__es-es__original,dico_phrasis_0003130,es,es,de una botella,Una botella de agua,,NEGATIVE_OTHER
dico_phrasis_0003131__es-es__original,dico_phrasis_0003131,es,es,del patio,en el campo,,NEGATIVE_OTHER
dico_phrasis_0003132__es-es__original,dico_phrasis_0003132,es,es,Una vaca solitaria,una vaca blanca y negra,,NEGATIVE_OTHER
dico_phrasis_0003134__es-es__original,dico_phrasis_0003134,es,es,a la mesa durante la cena,alrededor de una mesa de comedor,,NEGATIVE_OTHER
dico_phrasis_0003135__es-es__original,dico_phrasis_0003135,es,es,Una pareja asiática mayor,Un grupo de personas de edad avanzada,,NEGATIVE_OTHER
dico_phrasis_0003137__es-es__original,dico_phrasis_0003137,es,es,Una mujer joven,Un hombre,,NEGATIVE_OTHER
dico_phrasis_0003140__es-es__original,dico_phrasis_0003140,es,es,Un tren negro,Un tren largo,,NEGATIVE_OTHER
dico_phrasis_0003146__es-es__original,dico_phrasis_0003146,es,es,Pájaro negro,Pájaro azul,,NEGATIVE_OTHER
dico_phrasis_0003150__es-es__original,dico_phrasis_0003150,es,es,más adelante por la carretera,en la carretera,,NEGATIVE_OTHER
dico_phrasis_0003151__es-es__original,dico_phrasis_0003151,es,es,Un gato de pelo largo,de un gato,,NEGATIVE_OTHER
dico_phrasis_0003153__es-es__original,dico_phrasis_0003153,es,es,con un monitor de computadora,con dos monitores,,NEGATIVE_OTHER
dico_phrasis_0003154__es-es__original,dico_phrasis_0003154,es,es,en una cafetería,de una cafetería,,NEGATIVE_OTHER
dico_phrasis_0003155__es-es__original,dico_phrasis_0003155,es,es,en una calle abarrotada,en una calle de la ciudad,,NEGATIVE_OTHER
dico_phrasis_0003156__es-es__original,dico_phrasis_0003156,es,es,de un coche deportivo Chevrolet,de un prototipo rojo de Chevrolet,,NEGATIVE_OTHER
dico_phrasis_0003169__es-es__original,dico_phrasis_0003169,es,es,de una vaca lechera,La vaca negra y marrón,,NEGATIVE_OTHER
dico_phrasis_0003172__es-es__original,dico_phrasis_0003172,es,es,delante de un edificio,fuera de un edificio decrépito,,NEGATIVE_OTHER
dico_phrasis_0003173__es-es__original,dico_phrasis_0003173,es,es,de un todoterreno naranja,de una furgoneta amarilla muy llena,,NEGATIVE_OTHER
dico_phrasis_0003177__es-es__original,dico_phrasis_0003177,es,es,Un avión a reacción grande,Un avión de pasajeros,,NEGATIVE_OTHER
dico_phrasis_0003180__es-es__original,dico_phrasis_0003180,es,es,en una mesa,alrededor de una mesa,,NEGATIVE_OTHER
dico_phrasis_0003181__es-es__original,dico_phrasis_0003181,es,es,una moto de motocross,una motocicleta,,NEGATIVE_OTHER
dico_phrasis_0003194__es-es__original,dico_phrasis_0003194,es,es,detrás de una valla,detrás de una puerta metálica,,NEGATIVE_OTHER
dico_phrasis_0003198__es-es__original,dico_phrasis_0003198,es,es,Un autobús de Victory Liner,Un autobús turístico blanco,,NEGATIVE_OTHER
dico_phrasis_0003201__es-es__original,dico_phrasis_0003201,es,es,con un bebé que bosteza,con un bebé recién nacido,,NEGATIVE_OTHER
dico_phrasis_0003202__es-es__original,dico_phrasis_0003202,es,es,bajando,planeando,,NEGATIVE_OTHER
dico_phrasis_0003206__es-es__original,dico_phrasis_0003206,es,es,de un comedero para pájaros,sobre el comedero para pájaros,,NEGATIVE_OTHER
dico_phrasis_0003207__es-es__original,dico_phrasis_0003207,es,es,cerca de un puesto,delante de una fila,,NEGATIVE_OTHER
dico_phrasis_0003208__es-es__original,dico_phrasis_0003208,es,es,una chaqueta gris,con una chaqueta para mascotas,,NEGATIVE_OTHER
dico_phrasis_0003225__es-es__original,dico_phrasis_0003225,es,es,sobre una mesa marrón,sobre una mesa de comedor,,NEGATIVE_OTHER
dico_phrasis_0003228__es-es__original,dico_phrasis_0003228,es,es,una bicicleta pequeña,en bicicleta,,NEGATIVE_OTHER
dico_phrasis_0003230__es-es__original,dico_phrasis_0003230,es,es,Dos mujeres,Tres hombres,,NEGATIVE_OTHER
dico_phrasis_0003231__es-es__original,dico_phrasis_0003231,es,es,están de pie,está de pie,,NEGATIVE_OTHER
dico_phrasis_0003233__es-es__original,dico_phrasis_0003233,es,es,en una silla de cuero,en una silla de oficina,,NEGATIVE_OTHER
dico_phrasis_0003234__es-es__original,dico_phrasis_0003234,es,es,Un gato naranja y blanco,Un gato pelirrojo,,NEGATIVE_OTHER
dico_phrasis_0003235__es-es__original,dico_phrasis_0003235,es,es,sobre las vías,por la vía,,NEGATIVE_OTHER
dico_phrasis_0003238__es-es__original,dico_phrasis_0003238,es,es,asumiendo,está recogiendo,,NEGATIVE_OTHER
dico_phrasis_0003239__es-es__original,dico_phrasis_0003239,es,es,de una botella de vidrio de Coca-Cola,de una botella de Coca-Cola baja y rechoncha,,NEGATIVE_OTHER
dico_phrasis_0003240__es-es__original,dico_phrasis_0003240,es,es,con dos hombres,con otras dos personas,,NEGATIVE_OTHER
dico_phrasis_0003242__es-es__original,dico_phrasis_0003242,es,es,empujando,está dirigiendo,,NEGATIVE_OTHER
dico_phrasis_0003244__es-es__original,dico_phrasis_0003244,es,es,hacia el bebedero,cerca de los comederos para pájaros,,NEGATIVE_OTHER
dico_phrasis_0003247__es-es__original,dico_phrasis_0003247,es,es,con una persona,como uno solo,,NEGATIVE_OTHER
dico_phrasis_0003248__es-es__original,dico_phrasis_0003248,es,es,Un jinete a caballo,Una mujer,,NEGATIVE_OTHER
dico_phrasis_0003255__es-es__original,dico_phrasis_0003255,es,es,Una foto en blanco y negro,Una escena en blanco y negro,,NEGATIVE_OTHER
dico_phrasis_0003257__es-es__original,dico_phrasis_0003257,es,es,en un sofá de color crema,en un sofá blanco,,NEGATIVE_OTHER
dico_phrasis_0003258__es-es__original,dico_phrasis_0003258,es,es,de un gato,Un gato siamés,,NEGATIVE_OTHER
dico_phrasis_0003260__es-es__original,dico_phrasis_0003260,es,es,están siendo acorralados,son perseguidos,,NEGATIVE_OTHER
dico_phrasis_0003261__es-es__original,dico_phrasis_0003261,es,es,Un perro negro,Un perro de pelo largo,,NEGATIVE_OTHER
dico_phrasis_0003262__es-es__original,dico_phrasis_0003262,es,es,en la mediana,sobre un parche,,NEGATIVE_OTHER
dico_phrasis_0003265__es-es__original,dico_phrasis_0003265,es,es,Un gato blanco pequeño,Un gato gris y blanco,,NEGATIVE_OTHER
dico_phrasis_0003266__es-es__original,dico_phrasis_0003266,es,es,un suéter,una chaqueta,,NEGATIVE_OTHER
dico_phrasis_0003269__es-es__original,dico_phrasis_0003269,es,es,en una pista de tierra,sobre una colina de tierra,,NEGATIVE_OTHER
dico_phrasis_0003270__es-es__original,dico_phrasis_0003270,es,es,Una mujer,Una niña,,NEGATIVE_OTHER
dico_phrasis_0003271__es-es__original,dico_phrasis_0003271,es,es,"Una vaca con cuernos, blanca y negra","Una vaca grande, blanca y negra",,NEGATIVE_OTHER
dico_phrasis_0003273__es-es__original,dico_phrasis_0003273,es,es,Dos patos,Las aves,,NEGATIVE_OTHER
dico_phrasis_0003274__es-es__original,dico_phrasis_0003274,es,es,El tren marrón,El tren blanco,,NEGATIVE_OTHER
dico_phrasis_0003277__es-es__original,dico_phrasis_0003277,es,es,en una colina cubierta de hierba,sobre una colina de tierra,,NEGATIVE_OTHER
dico_phrasis_0003279__es-es__original,dico_phrasis_0003279,es,es,Una mujer,Un hombre y un niño,,NEGATIVE_OTHER
dico_phrasis_0003282__es-es__original,dico_phrasis_0003282,es,es,con un uniforme negro,con un esmoquin,,NEGATIVE_OTHER
dico_phrasis_0003284__es-es__original,dico_phrasis_0003284,es,es,dentro de un edificio de madera,en un puesto de madera,,NEGATIVE_OTHER
dico_phrasis_0003287__es-es__original,dico_phrasis_0003287,es,es,dentro de un fregadero,en el lavabo del baño,,NEGATIVE_OTHER
dico_phrasis_0003288__es-es__original,dico_phrasis_0003288,es,es,un bote pequeño,en un velero,,NEGATIVE_OTHER
dico_phrasis_0003291__es-es__original,dico_phrasis_0003291,es,es,Perro de color oscuro,Un perro gris,,NEGATIVE_OTHER
dico_phrasis_0003292__es-es__original,dico_phrasis_0003292,es,es,uno blanco,el otro blanco,,NEGATIVE_OTHER
dico_phrasis_0003293__es-es__original,dico_phrasis_0003293,es,es,uno marrón,uno rojizo,,NEGATIVE_OTHER
dico_phrasis_0003295__es-es__original,dico_phrasis_0003295,es,es,Gran motor plateado de locomotora,de un motor plateado de tren,,NEGATIVE_OTHER
dico_phrasis_0003296__es-es__original,dico_phrasis_0003296,es,es,Un coche rojo pequeño,Un coche deportivo rojo,,NEGATIVE_OTHER
dico_phrasis_0003297__es-es__original,dico_phrasis_0003297,es,es,Un televisor con varias estanterías,"con un televisor, un equipo de música y una estantería",,NEGATIVE_OTHER
dico_phrasis_0003298__es-es__original,dico_phrasis_0003298,es,es,de vacas,de ganado,,NEGATIVE_OTHER
dico_phrasis_0003299__es-es__original,dico_phrasis_0003299,es,es,en un aeródromo,en un aeropuerto,,NEGATIVE_OTHER
dico_phrasis_0003300__es-es__original,dico_phrasis_0003300,es,es,de un sofá de dos plazas,de sofá,,NEGATIVE_OTHER
dico_phrasis_0003301__es-es__original,dico_phrasis_0003301,es,es,Un avión azul y naranja,Un aeroplano rojo y azul,,NEGATIVE_OTHER
dico_phrasis_0003303__es-es__original,dico_phrasis_0003303,es,es,Una computadora portátil y un monitor de computadora,Una computadora portátil y una PC,,NEGATIVE_OTHER
dico_phrasis_0003308__es-es__original,dico_phrasis_0003308,es,es,entre el heno,sobre la hierba,,NEGATIVE_OTHER
dico_phrasis_0003315__es-es__original,dico_phrasis_0003315,es,es,en una silla marrón,en una silla amarilla,,NEGATIVE_OTHER
dico_phrasis_0003316__es-es__original,dico_phrasis_0003316,es,es,de una oveja,de un cordero,,NEGATIVE_OTHER
dico_phrasis_0003318__es-es__original,dico_phrasis_0003318,es,es,Un hombre,Una mujer,,NEGATIVE_OTHER
