instance_id,label
dico_phrasis_0000001__en-es__flipped,
dico_phrasis_0000001__en-es__original,
dico_phrasis_0000001__en-eu__flipped,
dico_phrasis_0000001__en-eu__original,
dico_phrasis_0000001__es-en__flipped,
dico_phrasis_0000001__es-en__original,
dico_phrasis_0000001__es-eu__flipped,
dico_phrasis_0000001__es-eu__original,
dico_phrasis_0000001__eu-en__flipped,
dico_phrasis_0000001__eu-en__original,
dico_phrasis_0000001__eu-es__flipped,
dico_phrasis_0000001__eu-es__original,
dico_phrasis_0000003__en-es__flipped,
dico_phrasis_0000003__en-es__original,
dico_phrasis_0000003__en-eu__flipped,
dico_phrasis_0000003__en-eu__original,
dico_phrasis_0000003__es-en__flipped,
dico_phrasis_0000003__es-en__original,
dico_phrasis_0000003__es-eu__flipped,
dico_phrasis_0000003__es-eu__original,
dico_phrasis_0000003__eu-en__flipped,
dico_phrasis_0000003__eu-en__original,
dico_phrasis_0000003__eu-es__flipped,
dico_phrasis_0000003__eu-es__original,
dico_phrasis_0000005__en-es__flipped,
dico_phrasis_0000005__en-es__original,
dico_phrasis_0000005__en-eu__flipped,
dico_phrasis_0000005__en-eu__original,
dico_phrasis_0000005__es-en__flipped,
dico_phrasis_0000005__es-en__original,
dico_phrasis_0000005__es-eu__flipped,
dico_phrasis_0000005__es-eu__original,
dico_phrasis_0000005__eu-en__flipped,
dico_phrasis_0000005__eu-en__original,
dico_phrasis_0000005__eu-es__flipped,
dico_phrasis_0000005__eu-es__original,
dico_phrasis_0000006__en-es__flipped,
dico_phrasis_0000006__en-es__original,
dico_phrasis_0000006__en-eu__flipped,
dico_phrasis_0000006__en-eu__original,
dico_phrasis_0000006__es-en__flipped,
dico_phrasis_0000006__es-en__original,
dico_phrasis_0000006__es-eu__flipped,
dico_phrasis_0000006__es-eu__original,
dico_phrasis_0000006__eu-en__flipped,
dico_phrasis_0000006__eu-en__original,
dico_phrasis_0000006__eu-es__flipped,
dico_phrasis_0000006__eu-es__original,
dico_phrasis_0000009__en-es__flipped,
dico_phrasis_0000009__en-es__original,
dico_phrasis_0000009__en-eu__flipped,
dico_phrasis_0000009__en-eu__original,
dico_phrasis_0000009__es-en__flipped,
dico_phrasis_0000009__es-en__original,
dico_phrasis_0000009__es-eu__flipped,
dico_phrasis_0000009__es-eu__original,
dico_phrasis_0000009__eu-en__flipped,
dico_phrasis_0000009__eu-en__original,
dico_phrasis_0000009__eu-es__flipped,
dico_phrasis_0000009__eu-es__original,
dico_phrasis_0000011__en-es__flipped,
dico_phrasis_0000011__en-es__original,
dico_phrasis_0000011__en-eu__flipped,
dico_phrasis_0000011__en-eu__original,
dico_phrasis_0000011__es-en__flipped,
dico_phrasis_0000011__es-en__original,
dico_phrasis_0000011__es-eu__flipped,
dico_phrasis_0000011__es-eu__original,
dico_phrasis_0000011__eu-en__flipped,
dico_phrasis_0000011__eu-en__original,
dico_phrasis_0000011__eu-es__flipped,
dico_phrasis_0000011__eu-es__original,
dico_phrasis_0000012__en-es__flipped,
dico_phrasis_0000012__en-es__original,
dico_phrasis_0000012__en-eu__flipped,
dico_phrasis_0000012__en-eu__original,
dico_phrasis_0000012__es-en__flipped,
dico_phrasis_0000012__es-en__original,
dico_phrasis_0000012__es-eu__flipped,
dico_phrasis_0000012__es-eu__original,
dico_phrasis_0000012__eu-en__flipped,
dico_phrasis_0000012__eu-en__original,
dico_phrasis_0000012__eu-es__flipped,
dico_phrasis_0000012__eu-es__original,
dico_phrasis_0000013__en-es__flipped,
dico_phrasis_0000013__en-es__original,
dico_phrasis_0000013__en-eu__flipped,
dico_phrasis_0000013__en-eu__original,
dico_phrasis_0000013__es-en__flipped,
dico_phrasis_0000013__es-en__original,
dico_phrasis_0000013__es-eu__flipped,
dico_phrasis_0000013__es-eu__original,
dico_phrasis_0000013__eu-en__flipped,
dico_phrasis_0000013__eu-en__original,
dico_phrasis_0000013__eu-es__flipped,
dico_phrasis_0000013__eu-es__original,
dico_phrasis_0000014__en-es__flipped,
dico_phrasis_0000014__en-es__original,
dico_phrasis_0000014__en-eu__flipped,
dico_phrasis_0000014__en-eu__original,
dico_phrasis_0000014__es-en__flipped,
dico_phrasis_0000014__es-en__original,
dico_phrasis_0000014__es-eu__flipped,
dico_phrasis_0000014__es-eu__original,
dico_phrasis_0000014__eu-en__flipped,
dico_phrasis_0000014__eu-en__original,
dico_phrasis_0000014__eu-es__flipped,
dico_phrasis_0000014__eu-es__original,
dico_phrasis_0000015__en-es__flipped,
dico_phrasis_0000015__en-es__original,
dico_phrasis_0000015__en-eu__flipped,
dico_phrasis_0000015__en-eu__original,
dico_phrasis_0000015__es-en__flipped,
dico_phrasis_0000015__es-en__original,
dico_phrasis_0000015__es-eu__flipped,
dico_phrasis_0000015__es-eu__original,
dico_phrasis_0000015__eu-en__flipped,
dico_phrasis_0000015__eu-en__original,
dico_phrasis_0000015__eu-es__flipped,
dico_phrasis_0000015__eu-es__original,
dico_phrasis_0000016__en-es__flipped,
dico_phrasis_0000016__en-es__original,
dico_phrasis_0000016__en-eu__flipped,
dico_phrasis_0000016__en-eu__original,
dico_phrasis_0000016__es-en__flipped,
dico_phrasis_0000016__es-en__original,
dico_phrasis_0000016__es-eu__flipped,
dico_phrasis_0000016__es-eu__original,
dico_phrasis_0000016__eu-en__flipped,
dico_phrasis_0000016__eu-en__original,
dico_phrasis_0000016__eu-es__flipped,
dico_phrasis_0000016__eu-es__original,
dico_phrasis_0000017__en-es__flipped,
dico_phrasis_0000017__en-es__original,
dico_phrasis_0000017__en-eu__flipped,
dico_phrasis_0000017__en-eu__original,
dico_phrasis_0000017__es-en__flipped,
dico_phrasis_0000017__es-en__original,
dico_phrasis_0000017__es-eu__flipped,
dico_phrasis_0000017__es-eu__original,
dico_phrasis_0000017__eu-en__flipped,
dico_phrasis_0000017__eu-en__original,
dico_phrasis_0000017__eu-es__flipped,
dico_phrasis_0000017__eu-es__original,
dico_phrasis_0000020__en-es__flipped,
dico_phrasis_0000020__en-es__original,
dico_phrasis_0000020__en-eu__flipped,
dico_phrasis_0000020__en-eu__original,
dico_phrasis_0000020__es-en__flipped,
dico_phrasis_0000020__es-en__original,
dico_phrasis_0000020__es-eu__flipped,
dico_phrasis_0000020__es-eu__original,
dico_phrasis_0000020__eu-en__flipped,
dico_phrasis_0000020__eu-en__original,
dico_phrasis_0000020__eu-es__flipped,
dico_phrasis_0000020__eu-es__original,
dico_phrasis_0000022__en-es__flipped,
dico_phrasis_0000022__en-es__original,
dico_phrasis_0000022__en-eu__flipped,
dico_phrasis_0000022__en-eu__original,
dico_phrasis_0000022__es-en__flipped,
dico_phrasis_0000022__es-en__original,
dico_phrasis_0000022__es-eu__flipped,
dico_phrasis_0000022__es-eu__original,
dico_phrasis_0000022__eu-en__flipped,
dico_phrasis_0000022__eu-en__original,
dico_phrasis_0000022__eu-es__flipped,
dico_phrasis_0000022__eu-es__original,
dico_phrasis_0000025__en-es__flipped,
dico_phrasis_0000025__en-es__original,
dico_phrasis_0000025__en-eu__flipped,
dico_phrasis_0000025__en-eu__original,
dico_phrasis_0000025__es-en__flipped,
dico_phrasis_0000025__es-en__original,
dico_phrasis_0000025__es-eu__flipped,
dico_phrasis_0000025__es-eu__original,
dico_phrasis_0000025__eu-en__flipped,
dico_phrasis_0000025__eu-en__original,
dico_phrasis_0000025__eu-es__flipped,
dico_phrasis_0000025__eu-es__original,
dico_phrasis_0000027__en-es__flipped,
dico_phrasis_0000027__en-es__original,
dico_phrasis_0000027__en-eu__flipped,
dico_phrasis_0000027__en-eu__original,
dico_phrasis_0000027__es-en__flipped,
dico_phrasis_0000027__es-en__original,
dico_phrasis_0000027__es-eu__flipped,
dico_phrasis_0000027__es-eu__original,
dico_phrasis_0000027__eu-en__flipped,
dico_phrasis_0000027__eu-en__original,
dico_phrasis_0000027__eu-es__flipped,
dico_phrasis_0000027__eu-es__original,
dico_phrasis_0000028__en-es__flipped,
dico_phrasis_0000028__en-es__original,
dico_phrasis_0000028__en-eu__flipped,
dico_phrasis_0000028__en-eu__original,
dico_phrasis_0000028__es-en__flipped,
dico_phrasis_0000028__es-en__original,
dico_phrasis_0000028__es-eu__flipped,
dico_phrasis_0000028__es-eu__original,
dico_phrasis_0000028__eu-en__flipped,
dico_phrasis_0000028__eu-en__original,
dico_phrasis_0000028__eu-es__flipped,
dico_phrasis_0000028__eu-es__original,
dico_phrasis_0000029__en-es__flipped,
dico_phrasis_0000029__en-es__original,
dico_phrasis_0000029__en-eu__flipped,
dico_phrasis_0000029__en-eu__original,
dico_phrasis_0000029__es-en__flipped,
dico_phrasis_0000029__es-en__original,
dico_phrasis_0000029__es-eu__flipped,
dico_phrasis_0000029__es-eu__original,
dico_phrasis_0000029__eu-en__flipped,
dico_phrasis_0000029__eu-en__original,
dico_phrasis_0000029__eu-es__flipped,
dico_phrasis_0000029__eu-es__original,
dico_phrasis_0000033__en-es__flipped,
dico_phrasis_0000033__en-es__original,
dico_phrasis_0000033__en-eu__flipped,
dico_phrasis_0000033__en-eu__original,
dico_phrasis_0000033__es-en__flipped,
dico_phrasis_0000033__es-en__original,
dico_phrasis_0000033__es-eu__flipped,
dico_phrasis_0000033__es-eu__original,
dico_phrasis_0000033__eu-en__flipped,
dico_phrasis_0000033__eu-en__original,
dico_phrasis_0000033__eu-es__flipped,
dico_phrasis_0000033__eu-es__original,
dico_phrasis_0000036__en-es__flipped,
dico_phrasis_0000036__en-es__original,
dico_phrasis_0000036__en-eu__flipped,
dico_phrasis_0000036__en-eu__original,
dico_phrasis_0000036__es-en__flipped,
dico_phrasis_0000036__es-en__original,
dico_phrasis_0000036__es-eu__flipped,
dico_phrasis_0000036__es-eu__original,
dico_phrasis_0000036__eu-en__flipped,
dico_phrasis_0000036__eu-en__original,
dico_phrasis_0000036__eu-es__flipped,
dico_phrasis_0000036__eu-es__original,
dico_phrasis_0000037__en-es__flipped,
dico_phrasis_0000037__en-es__original,
dico_phrasis_0000037__en-eu__flipped,
dico_phrasis_0000037__en-eu__original,
dico_phrasis_0000037__es-en__flipped,
dico_phrasis_0000037__es-en__original,
dico_phrasis_0000037__es-eu__flipped,
dico_phrasis_0000037__es-eu__original,
dico_phrasis_0000037__eu-en__flipped,
dico_phrasis_0000037__eu-en__original,
dico_phrasis_0000037__eu-es__flipped,
dico_phrasis_0000037__eu-es__original,
dico_phrasis_0000038__en-es__flipped,
dico_phrasis_0000038__en-es__original,
dico_phrasis_0000038__en-eu__flipped,
dico_phrasis_0000038__en-eu__original,
dico_phrasis_0000038__es-en__flipped,
dico_phrasis_0000038__es-en__original,
dico_phrasis_0000038__es-eu__flipped,
dico_phrasis_0000038__es-eu__original,
dico_phrasis_0000038__eu-en__flipped,
dico_phrasis_0000038__eu-en__original,
dico_phrasis_0000038__eu-es__flipped,
dico_phrasis_0000038__eu-es__original,
dico_phrasis_0000039__en-es__flipped,
dico_phrasis_0000039__en-es__original,
dico_phrasis_0000039__en-eu__flipped,
dico_phrasis_0000039__en-eu__original,
dico_phrasis_0000039__es-en__flipped,
dico_phrasis_0000039__es-en__original,
dico_phrasis_0000039__es-eu__flipped,
dico_phrasis_0000039__es-eu__original,
dico_phrasis_0000039__eu-en__flipped,
dico_phrasis_0000039__eu-en__original,
dico_phrasis_0000039__eu-es__flipped,
dico_phrasis_0000039__eu-es__original,
dico_phrasis_0000042__en-es__flipped,
dico_phrasis_0000042__en-es__original,
dico_phrasis_0000042__en-eu__flipped,
dico_phrasis_0000042__en-eu__original,
dico_phrasis_0000042__es-en__flipped,
dico_phrasis_0000042__es-en__original,
dico_phrasis_0000042__es-eu__flipped,
dico_phrasis_0000042__es-eu__original,
dico_phrasis_0000042__eu-en__flipped,
dico_phrasis_0000042__eu-en__original,
dico_phrasis_0000042__eu-es__flipped,
dico_phrasis_0000042__eu-es__original,
dico_phrasis_0000043__en-es__flipped,
dico_phrasis_0000043__en-es__original,
dico_phrasis_0000043__en-eu__flipped,
dico_phrasis_0000043__en-eu__original,
dico_phrasis_0000043__es-en__flipped,
dico_phrasis_0000043__es-en__original,
dico_phrasis_0000043__es-eu__flipped,
dico_phrasis_0000043__es-eu__original,
dico_phrasis_0000043__eu-en__flipped,
dico_phrasis_0000043__eu-en__original,
dico_phrasis_0000043__eu-es__flipped,
dico_phrasis_0000043__eu-es__original,
dico_phrasis_0000044__en-es__flipped,
dico_phrasis_0000044__en-es__original,
dico_phrasis_0000044__en-eu__flipped,
dico_phrasis_0000044__en-eu__original,
dico_phrasis_0000044__es-en__flipped,
dico_phrasis_0000044__es-en__original,
dico_phrasis_0000044__es-eu__flipped,
dico_phrasis_0000044__es-eu__original,
dico_phrasis_0000044__eu-en__flipped,
dico_phrasis_0000044__eu-en__original,
dico_phrasis_0000044__eu-es__flipped,
dico_phrasis_0000044__eu-es__original,
dico_phrasis_0000045__en-es__flipped,
dico_phrasis_0000045__en-es__original,
dico_phrasis_0000045__en-eu__flipped,
dico_phrasis_0000045__en-eu__original,
dico_phrasis_0000045__es-en__flipped,
dico_phrasis_0000045__es-en__original,
dico_phrasis_0000045__es-eu__flipped,
dico_phrasis_0000045__es-eu__original,
dico_phrasis_0000045__eu-en__flipped,
dico_phrasis_0000045__eu-en__original,
dico_phrasis_0000045__eu-es__flipped,
dico_phrasis_0000045__eu-es__original,
dico_phrasis_0000047__en-es__flipped,
dico_phrasis_0000047__en-es__original,
dico_phrasis_0000047__en-eu__flipped,
dico_phrasis_0000047__en-eu__original,
dico_phrasis_0000047__es-en__flipped,
dico_phrasis_0000047__es-en__original,
dico_phrasis_0000047__es-eu__flipped,
dico_phrasis_0000047__es-eu__original,
dico_phrasis_0000047__eu-en__flipped,
dico_phrasis_0000047__eu-en__original,
dico_phrasis_0000047__eu-es__flipped,
dico_phrasis_0000047__eu-es__original,
dico_phrasis_0000048__en-es__flipped,
dico_phrasis_0000048__en-es__original,
dico_phrasis_0000048__en-eu__flipped,
dico_phrasis_0000048__en-eu__original,
dico_phrasis_0000048__es-en__flipped,
dico_phrasis_0000048__es-en__original,
dico_phrasis_0000048__es-eu__flipped,
dico_phrasis_0000048__es-eu__original,
dico_phrasis_0000048__eu-en__flipped,
dico_phrasis_0000048__eu-en__original,
dico_phrasis_0000048__eu-es__flipped,
dico_phrasis_0000048__eu-es__original,
dico_phrasis_0000049__en-es__flipped,
dico_phrasis_0000049__en-es__original,
dico_phrasis_0000049__en-eu__flipped,
dico_phrasis_0000049__en-eu__original,
dico_phrasis_0000049__es-en__flipped,
dico_phrasis_0000049__es-en__original,
dico_phrasis_0000049__es-eu__flipped,
dico_phrasis_0000049__es-eu__original,
dico_phrasis_0000049__eu-en__flipped,
dico_phrasis_0000049__eu-en__original,
dico_phrasis_0000049__eu-es__flipped,
dico_phrasis_0000049__eu-es__original,
dico_phrasis_0000050__en-es__flipped,
dico_phrasis_0000050__en-es__original,
dico_phrasis_0000050__en-eu__flipped,
dico_phrasis_0000050__en-eu__original,
dico_phrasis_0000050__es-en__flipped,
dico_phrasis_0000050__es-en__original,
dico_phrasis_0000050__es-eu__flipped,
dico_phrasis_0000050__es-eu__original,
dico_phrasis_0000050__eu-en__flipped,
dico_phrasis_0000050__eu-en__original,
dico_phrasis_0000050__eu-es__flipped,
dico_phrasis_0000050__eu-es__original,
dico_phrasis_0000051__en-es__flipped,
dico_phrasis_0000051__en-es__original,
dico_phrasis_0000051__en-eu__flipped,
dico_phrasis_0000051__en-eu__original,
dico_phrasis_0000051__es-en__flipped,
dico_phrasis_0000051__es-en__original,
dico_phrasis_0000051__es-eu__flipped,
dico_phrasis_0000051__es-eu__original,
dico_phrasis_0000051__eu-en__flipped,
dico_phrasis_0000051__eu-en__original,
dico_phrasis_0000051__eu-es__flipped,
dico_phrasis_0000051__eu-es__original,
dico_phrasis_0000052__en-es__flipped,
dico_phrasis_0000052__en-es__original,
dico_phrasis_0000052__en-eu__flipped,
dico_phrasis_0000052__en-eu__original,
dico_phrasis_0000052__es-en__flipped,
dico_phrasis_0000052__es-en__original,
dico_phrasis_0000052__es-eu__flipped,
dico_phrasis_0000052__es-eu__original,
dico_phrasis_0000052__eu-en__flipped,
dico_phrasis_0000052__eu-en__original,
dico_phrasis_0000052__eu-es__flipped,
dico_phrasis_0000052__eu-es__original,
dico_phrasis_0000053__en-es__flipped,
dico_phrasis_0000053__en-es__original,
dico_phrasis_0000053__en-eu__flipped,
dico_phrasis_0000053__en-eu__original,
dico_phrasis_0000053__es-en__flipped,
dico_phrasis_0000053__es-en__original,
dico_phrasis_0000053__es-eu__flipped,
dico_phrasis_0000053__es-eu__original,
dico_phrasis_0000053__eu-en__flipped,
dico_phrasis_0000053__eu-en__original,
dico_phrasis_0000053__eu-es__flipped,
dico_phrasis_0000053__eu-es__original,
dico_phrasis_0000054__en-es__flipped,
dico_phrasis_0000054__en-es__original,
dico_phrasis_0000054__en-eu__flipped,
dico_phrasis_0000054__en-eu__original,
dico_phrasis_0000054__es-en__flipped,
dico_phrasis_0000054__es-en__original,
dico_phrasis_0000054__es-eu__flipped,
dico_phrasis_0000054__es-eu__original,
dico_phrasis_0000054__eu-en__flipped,
dico_phrasis_0000054__eu-en__original,
dico_phrasis_0000054__eu-es__flipped,
dico_phrasis_0000054__eu-es__original,
dico_phrasis_0000055__en-es__flipped,
dico_phrasis_0000055__en-es__original,
dico_phrasis_0000055__en-eu__flipped,
dico_phrasis_0000055__en-eu__original,
dico_phrasis_0000055__es-en__flipped,
dico_phrasis_0000055__es-en__original,
dico_phrasis_0000055__es-eu__flipped,
dico_phrasis_0000055__es-eu__original,
dico_phrasis_0000055__eu-en__flipped,
dico_phrasis_0000055__eu-en__original,
dico_phrasis_0000055__eu-es__flipped,
dico_phrasis_0000055__eu-es__original,
dico_phrasis_0000057__en-es__flipped,
dico_phrasis_0000057__en-es__original,
dico_phrasis_0000057__en-eu__flipped,
dico_phrasis_0000057__en-eu__original,
dico_phrasis_0000057__es-en__flipped,
dico_phrasis_0000057__es-en__original,
dico_phrasis_0000057__es-eu__flipped,
dico_phrasis_0000057__es-eu__original,
dico_phrasis_0000057__eu-en__flipped,
dico_phrasis_0000057__eu-en__original,
dico_phrasis_0000057__eu-es__flipped,
dico_phrasis_0000057__eu-es__original,
dico_phrasis_0000058__en-es__flipped,
dico_phrasis_0000058__en-es__original,
dico_phrasis_0000058__en-eu__flipped,
dico_phrasis_0000058__en-eu__original,
dico_phrasis_0000058__es-en__flipped,
dico_phrasis_0000058__es-en__original,
dico_phrasis_0000058__es-eu__flipped,
dico_phrasis_0000058__es-eu__original,
dico_phrasis_0000058__eu-en__flipped,
dico_phrasis_0000058__eu-en__original,
dico_phrasis_0000058__eu-es__flipped,
dico_phrasis_0000058__eu-es__original,
dico_phrasis_0000060__en-es__flipped,
dico_phrasis_0000060__en-es__original,
dico_phrasis_0000060__en-eu__flipped,
dico_phrasis_0000060__en-eu__original,
dico_phrasis_0000060__es-en__flipped,
dico_phrasis_0000060__es-en__original,
dico_phrasis_0000060__es-eu__flipped,
dico_phrasis_0000060__es-eu__original,
dico_phrasis_0000060__eu-en__flipped,
dico_phrasis_0000060__eu-en__original,
dico_phrasis_0000060__eu-es__flipped,
dico_phrasis_0000060__eu-es__original,
dico_phrasis_0000061__en-es__flipped,
dico_phrasis_0000061__en-es__original,
dico_phrasis_0000061__en-eu__flipped,
dico_phrasis_0000061__en-eu__original,
dico_phrasis_0000061__es-en__flipped,
dico_phrasis_0000061__es-en__original,
dico_phrasis_0000061__es-eu__flipped,
dico_phrasis_0000061__es-eu__original,
dico_phrasis_0000061__eu-en__flipped,
dico_phrasis_0000061__eu-en__original,
dico_phrasis_0000061__eu-es__flipped,
dico_phrasis_0000061__eu-es__original,
dico_phrasis_0000062__en-es__flipped,
dico_phrasis_0000062__en-es__original,
dico_phrasis_0000062__en-eu__flipped,
dico_phrasis_0000062__en-eu__original,
dico_phrasis_0000062__es-en__flipped,
dico_phrasis_0000062__es-en__original,
dico_phrasis_0000062__es-eu__flipped,
dico_phrasis_0000062__es-eu__original,
dico_phrasis_0000062__eu-en__flipped,
dico_phrasis_0000062__eu-en__original,
dico_phrasis_0000062__eu-es__flipped,
dico_phrasis_0000062__eu-es__original,
dico_phrasis_0000063__en-es__flipped,
dico_phrasis_0000063__en-es__original,
dico_phrasis_0000063__en-eu__flipped,
dico_phrasis_0000063__en-eu__original,
dico_phrasis_0000063__es-en__flipped,
dico_phrasis_0000063__es-en__original,
dico_phrasis_0000063__es-eu__flipped,
dico_phrasis_0000063__es-eu__original,
dico_phrasis_0000063__eu-en__flipped,
dico_phrasis_0000063__eu-en__original,
dico_phrasis_0000063__eu-es__flipped,
dico_phrasis_0000063__eu-es__original,
dico_phrasis_0000065__en-es__flipped,
dico_phrasis_0000065__en-es__original,
dico_phrasis_0000065__en-eu__flipped,
dico_phrasis_0000065__en-eu__original,
dico_phrasis_0000065__es-en__flipped,
dico_phrasis_0000065__es-en__original,
dico_phrasis_0000065__es-eu__flipped,
dico_phrasis_0000065__es-eu__original,
dico_phrasis_0000065__eu-en__flipped,
dico_phrasis_0000065__eu-en__original,
dico_phrasis_0000065__eu-es__flipped,
dico_phrasis_0000065__eu-es__original,
dico_phrasis_0000066__en-es__flipped,
dico_phrasis_0000066__en-es__original,
dico_phrasis_0000066__en-eu__flipped,
dico_phrasis_0000066__en-eu__original,
dico_phrasis_0000066__es-en__flipped,
dico_phrasis_0000066__es-en__original,
dico_phrasis_0000066__es-eu__flipped,
dico_phrasis_0000066__es-eu__original,
dico_phrasis_0000066__eu-en__flipped,
dico_phrasis_0000066__eu-en__original,
dico_phrasis_0000066__eu-es__flipped,
dico_phrasis_0000066__eu-es__original,
dico_phrasis_0000068__en-es__flipped,
dico_phrasis_0000068__en-es__original,
dico_phrasis_0000068__en-eu__flipped,
dico_phrasis_0000068__en-eu__original,
dico_phrasis_0000068__es-en__flipped,
dico_phrasis_0000068__es-en__original,
dico_phrasis_0000068__es-eu__flipped,
dico_phrasis_0000068__es-eu__original,
dico_phrasis_0000068__eu-en__flipped,
dico_phrasis_0000068__eu-en__original,
dico_phrasis_0000068__eu-es__flipped,
dico_phrasis_0000068__eu-es__original,
dico_phrasis_0000069__en-es__flipped,
dico_phrasis_0000069__en-es__original,
dico_phrasis_0000069__en-eu__flipped,
dico_phrasis_0000069__en-eu__original,
dico_phrasis_0000069__es-en__flipped,
dico_phrasis_0000069__es-en__original,
dico_phrasis_0000069__es-eu__flipped,
dico_phrasis_0000069__es-eu__original,
dico_phrasis_0000069__eu-en__flipped,
dico_phrasis_0000069__eu-en__original,
dico_phrasis_0000069__eu-es__flipped,
dico_phrasis_0000069__eu-es__original,
dico_phrasis_0000072__en-es__flipped,
dico_phrasis_0000072__en-es__original,
dico_phrasis_0000072__en-eu__flipped,
dico_phrasis_0000072__en-eu__original,
dico_phrasis_0000072__es-en__flipped,
dico_phrasis_0000072__es-en__original,
dico_phrasis_0000072__es-eu__flipped,
dico_phrasis_0000072__es-eu__original,
dico_phrasis_0000072__eu-en__flipped,
dico_phrasis_0000072__eu-en__original,
dico_phrasis_0000072__eu-es__flipped,
dico_phrasis_0000072__eu-es__original,
dico_phrasis_0000073__en-es__flipped,
dico_phrasis_0000073__en-es__original,
dico_phrasis_0000073__en-eu__flipped,
dico_phrasis_0000073__en-eu__original,
dico_phrasis_0000073__es-en__flipped,
dico_phrasis_0000073__es-en__original,
dico_phrasis_0000073__es-eu__flipped,
dico_phrasis_0000073__es-eu__original,
dico_phrasis_0000073__eu-en__flipped,
dico_phrasis_0000073__eu-en__original,
dico_phrasis_0000073__eu-es__flipped,
dico_phrasis_0000073__eu-es__original,
dico_phrasis_0000074__en-es__flipped,
dico_phrasis_0000074__en-es__original,
dico_phrasis_0000074__en-eu__flipped,
dico_phrasis_0000074__en-eu__original,
dico_phrasis_0000074__es-en__flipped,
dico_phrasis_0000074__es-en__original,
dico_phrasis_0000074__es-eu__flipped,
dico_phrasis_0000074__es-eu__original,
dico_phrasis_0000074__eu-en__flipped,
dico_phrasis_0000074__eu-en__original,
dico_phrasis_0000074__eu-es__flipped,
dico_phrasis_0000074__eu-es__original,
dico_phrasis_0000075__en-es__flipped,
dico_phrasis_0000075__en-es__original,
dico_phrasis_0000075__en-eu__flipped,
dico_phrasis_0000075__en-eu__original,
dico_phrasis_0000075__es-en__flipped,
dico_phrasis_0000075__es-en__original,
dico_phrasis_0000075__es-eu__flipped,
dico_phrasis_0000075__es-eu__original,
dico_phrasis_0000075__eu-en__flipped,
dico_phrasis_0000075__eu-en__original,
dico_phrasis_0000075__eu-es__flipped,
dico_phrasis_0000075__eu-es__original,
dico_phrasis_0000076__en-es__flipped,
dico_phrasis_0000076__en-es__original,
dico_phrasis_0000076__en-eu__flipped,
dico_phrasis_0000076__en-eu__original,
dico_phrasis_0000076__es-en__flipped,
dico_phrasis_0000076__es-en__original,
dico_phrasis_0000076__es-eu__flipped,
dico_phrasis_0000076__es-eu__original,
dico_phrasis_0000076__eu-en__flipped,
dico_phrasis_0000076__eu-en__original,
dico_phrasis_0000076__eu-es__flipped,
dico_phrasis_0000076__eu-es__original,
dico_phrasis_0000077__en-es__flipped,
dico_phrasis_0000077__en-es__original,
dico_phrasis_0000077__en-eu__flipped,
dico_phrasis_0000077__en-eu__original,
dico_phrasis_0000077__es-en__flipped,
dico_phrasis_0000077__es-en__original,
dico_phrasis_0000077__es-eu__flipped,
dico_phrasis_0000077__es-eu__original,
dico_phrasis_0000077__eu-en__flipped,
dico_phrasis_0000077__eu-en__original,
dico_phrasis_0000077__eu-es__flipped,
dico_phrasis_0000077__eu-es__original,
dico_phrasis_0000079__en-es__flipped,
dico_phrasis_0000079__en-es__original,
dico_phrasis_0000079__en-eu__flipped,
dico_phrasis_0000079__en-eu__original,
dico_phrasis_0000079__es-en__flipped,
dico_phrasis_0000079__es-en__original,
dico_phrasis_0000079__es-eu__flipped,
dico_phrasis_0000079__es-eu__original,
dico_phrasis_0000079__eu-en__flipped,
dico_phrasis_0000079__eu-en__original,
dico_phrasis_0000079__eu-es__flipped,
dico_phrasis_0000079__eu-es__original,
dico_phrasis_0000080__en-es__flipped,
dico_phrasis_0000080__en-es__original,
dico_phrasis_0000080__en-eu__flipped,
dico_phrasis_0000080__en-eu__original,
dico_phrasis_0000080__es-en__flipped,
dico_phrasis_0000080__es-en__original,
dico_phrasis_0000080__es-eu__flipped,
dico_phrasis_0000080__es-eu__original,
dico_phrasis_0000080__eu-en__flipped,
dico_phrasis_0000080__eu-en__original,
dico_phrasis_0000080__eu-es__flipped,
dico_phrasis_0000080__eu-es__original,
dico_phrasis_0000082__en-es__flipped,
dico_phrasis_0000082__en-es__original,
dico_phrasis_0000082__en-eu__flipped,
dico_phrasis_0000082__en-eu__original,
dico_phrasis_0000082__es-en__flipped,
dico_phrasis_0000082__es-en__original,
dico_phrasis_0000082__es-eu__flipped,
dico_phrasis_0000082__es-eu__original,
dico_phrasis_0000082__eu-en__flipped,
dico_phrasis_0000082__eu-en__original,
dico_phrasis_0000082__eu-es__flipped,
dico_phrasis_0000082__eu-es__original,
dico_phrasis_0000083__en-es__flipped,
dico_phrasis_0000083__en-es__original,
dico_phrasis_0000083__en-eu__flipped,
dico_phrasis_0000083__en-eu__original,
dico_phrasis_0000083__es-en__flipped,
dico_phrasis_0000083__es-en__original,
dico_phrasis_0000083__es-eu__flipped,
dico_phrasis_0000083__es-eu__original,
dico_phrasis_0000083__eu-en__flipped,
dico_phrasis_0000083__eu-en__original,
dico_phrasis_0000083__eu-es__flipped,
dico_phrasis_0000083__eu-es__original,
dico_phrasis_0000085__en-es__flipped,
dico_phrasis_0000085__en-es__original,
dico_phrasis_0000085__en-eu__flipped,
dico_phrasis_0000085__en-eu__original,
dico_phrasis_0000085__es-en__flipped,
dico_phrasis_0000085__es-en__original,
dico_phrasis_0000085__es-eu__flipped,
dico_phrasis_0000085__es-eu__original,
dico_phrasis_0000085__eu-en__flipped,
dico_phrasis_0000085__eu-en__original,
dico_phrasis_0000085__eu-es__flipped,
dico_phrasis_0000085__eu-es__original,
dico_phrasis_0000086__en-es__flipped,
dico_phrasis_0000086__en-es__original,
dico_phrasis_0000086__en-eu__flipped,
dico_phrasis_0000086__en-eu__original,
dico_phrasis_0000086__es-en__flipped,
dico_phrasis_0000086__es-en__original,
dico_phrasis_0000086__es-eu__flipped,
dico_phrasis_0000086__es-eu__original,
dico_phrasis_0000086__eu-en__flipped,
dico_phrasis_0000086__eu-en__original,
dico_phrasis_0000086__eu-es__flipped,
dico_phrasis_0000086__eu-es__original,
dico_phrasis_0000088__en-es__flipped,
dico_phrasis_0000088__en-es__original,
dico_phrasis_0000088__en-eu__flipped,
dico_phrasis_0000088__en-eu__original,
dico_phrasis_0000088__es-en__flipped,
dico_phrasis_0000088__es-en__original,
dico_phrasis_0000088__es-eu__flipped,
dico_phrasis_0000088__es-eu__original,
dico_phrasis_0000088__eu-en__flipped,
dico_phrasis_0000088__eu-en__original,
dico_phrasis_0000088__eu-es__flipped,
dico_phrasis_0000088__eu-es__original,
dico_phrasis_0000089__en-es__flipped,
dico_phrasis_0000089__en-es__original,
dico_phrasis_0000089__en-eu__flipped,
dico_phrasis_0000089__en-eu__original,
dico_phrasis_0000089__es-en__flipped,
dico_phrasis_0000089__es-en__original,
dico_phrasis_0000089__es-eu__flipped,
dico_phrasis_0000089__es-eu__original,
dico_phrasis_0000089__eu-en__flipped,
dico_phrasis_0000089__eu-en__original,
dico_phrasis_0000089__eu-es__flipped,
dico_phrasis_0000089__eu-es__original,
dico_phrasis_0000090__en-es__flipped,
dico_phrasis_0000090__en-es__original,
dico_phrasis_0000090__en-eu__flipped,
dico_phrasis_0000090__en-eu__original,
dico_phrasis_0000090__es-en__flipped,
dico_phrasis_0000090__es-en__original,
dico_phrasis_0000090__es-eu__flipped,
dico_phrasis_0000090__es-eu__original,
dico_phrasis_0000090__eu-en__flipped,
dico_phrasis_0000090__eu-en__original,
dico_phrasis_0000090__eu-es__flipped,
dico_phrasis_0000090__eu-es__original,
dico_phrasis_0000091__en-es__flipped,
dico_phrasis_0000091__en-es__original,
dico_phrasis_0000091__en-eu__flipped,
dico_phrasis_0000091__en-eu__original,
dico_phrasis_0000091__es-en__flipped,
dico_phrasis_0000091__es-en__original,
dico_phrasis_0000091__es-eu__flipped,
dico_phrasis_0000091__es-eu__original,
dico_phrasis_0000091__eu-en__flipped,
dico_phrasis_0000091__eu-en__original,
dico_phrasis_0000091__eu-es__flipped,
dico_phrasis_0000091__eu-es__original,
dico_phrasis_0000095__en-es__flipped,
dico_phrasis_0000095__en-es__original,
dico_phrasis_0000095__en-eu__flipped,
dico_phrasis_0000095__en-eu__original,
dico_phrasis_0000095__es-en__flipped,
dico_phrasis_0000095__es-en__original,
dico_phrasis_0000095__es-eu__flipped,
dico_phrasis_0000095__es-eu__original,
dico_phrasis_0000095__eu-en__flipped,
dico_phrasis_0000095__eu-en__original,
dico_phrasis_0000095__eu-es__flipped,
dico_phrasis_0000095__eu-es__original,
dico_phrasis_0000097__en-es__flipped,
dico_phrasis_0000097__en-es__original,
dico_phrasis_0000097__en-eu__flipped,
dico_phrasis_0000097__en-eu__original,
dico_phrasis_0000097__es-en__flipped,
dico_phrasis_0000097__es-en__original,
dico_phrasis_0000097__es-eu__flipped,
dico_phrasis_0000097__es-eu__original,
dico_phrasis_0000097__eu-en__flipped,
dico_phrasis_0000097__eu-en__original,
dico_phrasis_0000097__eu-es__flipped,
dico_phrasis_0000097__eu-es__original,
dico_phrasis_0000098__en-es__flipped,
dico_phrasis_0000098__en-es__original,
dico_phrasis_0000098__en-eu__flipped,
dico_phrasis_0000098__en-eu__original,
dico_phrasis_0000098__es-en__flipped,
dico_phrasis_0000098__es-en__original,
dico_phrasis_0000098__es-eu__flipped,
dico_phrasis_0000098__es-eu__original,
dico_phrasis_0000098__eu-en__flipped,
dico_phrasis_0000098__eu-en__original,
dico_phrasis_0000098__eu-es__flipped,
dico_phrasis_0000098__eu-es__original,
dico_phrasis_0000100__en-es__flipped,
dico_phrasis_0000100__en-es__original,
dico_phrasis_0000100__en-eu__flipped,
dico_phrasis_0000100__en-eu__original,
dico_phrasis_0000100__es-en__flipped,
dico_phrasis_0000100__es-en__original,
dico_phrasis_0000100__es-eu__flipped,
dico_phrasis_0000100__es-eu__original,
dico_phrasis_0000100__eu-en__flipped,
dico_phrasis_0000100__eu-en__original,
dico_phrasis_0000100__eu-es__flipped,
dico_phrasis_0000100__eu-es__original,
dico_phrasis_0000102__en-es__flipped,
dico_phrasis_0000102__en-es__original,
dico_phrasis_0000102__en-eu__flipped,
dico_phrasis_0000102__en-eu__original,
dico_phrasis_0000102__es-en__flipped,
dico_phrasis_0000102__es-en__original,
dico_phrasis_0000102__es-eu__flipped,
dico_phrasis_0000102__es-eu__original,
dico_phrasis_0000102__eu-en__flipped,
dico_phrasis_0000102__eu-en__original,
dico_phrasis_0000102__eu-es__flipped,
dico_phrasis_0000102__eu-es__original,
dico_phrasis_0000103__en-es__flipped,
dico_phrasis_0000103__en-es__original,
dico_phrasis_0000103__en-eu__flipped,
dico_phrasis_0000103__en-eu__original,
dico_phrasis_0000103__es-en__flipped,
dico_phrasis_0000103__es-en__original,
dico_phrasis_0000103__es-eu__flipped,
dico_phrasis_0000103__es-eu__original,
dico_phrasis_0000103__eu-en__flipped,
dico_phrasis_0000103__eu-en__original,
dico_phrasis_0000103__eu-es__flipped,
dico_phrasis_0000103__eu-es__original,
dico_phrasis_0000104__en-es__flipped,
dico_phrasis_0000104__en-es__original,
dico_phrasis_0000104__en-eu__flipped,
dico_phrasis_0000104__en-eu__original,
dico_phrasis_0000104__es-en__flipped,
dico_phrasis_0000104__es-en__original,
dico_phrasis_0000104__es-eu__flipped,
dico_phrasis_0000104__es-eu__original,
dico_phrasis_0000104__eu-en__flipped,
dico_phrasis_0000104__eu-en__original,
dico_phrasis_0000104__eu-es__flipped,
dico_phrasis_0000104__eu-es__original,
dico_phrasis_0000105__en-es__flipped,
dico_phrasis_0000105__en-es__original,
dico_phrasis_0000105__en-eu__flipped,
dico_phrasis_0000105__en-eu__original,
dico_phrasis_0000105__es-en__flipped,
dico_phrasis_0000105__es-en__original,
dico_phrasis_0000105__es-eu__flipped,
dico_phrasis_0000105__es-eu__original,
dico_phrasis_0000105__eu-en__flipped,
dico_phrasis_0000105__eu-en__original,
dico_phrasis_0000105__eu-es__flipped,
dico_phrasis_0000105__eu-es__original,
dico_phrasis_0000107__en-es__flipped,
dico_phrasis_0000107__en-es__original,
dico_phrasis_0000107__en-eu__flipped,
dico_phrasis_0000107__en-eu__original,
dico_phrasis_0000107__es-en__flipped,
dico_phrasis_0000107__es-en__original,
dico_phrasis_0000107__es-eu__flipped,
dico_phrasis_0000107__es-eu__original,
dico_phrasis_0000107__eu-en__flipped,
dico_phrasis_0000107__eu-en__original,
dico_phrasis_0000107__eu-es__flipped,
dico_phrasis_0000107__eu-es__original,
dico_phrasis_0000108__en-es__flipped,
dico_phrasis_0000108__en-es__original,
dico_phrasis_0000108__en-eu__flipped,
dico_phrasis_0000108__en-eu__original,
dico_phrasis_0000108__es-en__flipped,
dico_phrasis_0000108__es-en__original,
dico_phrasis_0000108__es-eu__flipped,
dico_phrasis_0000108__es-eu__original,
dico_phrasis_0000108__eu-en__flipped,
dico_phrasis_0000108__eu-en__original,
dico_phrasis_0000108__eu-es__flipped,
dico_phrasis_0000108__eu-es__original,
dico_phrasis_0000109__en-es__flipped,
dico_phrasis_0000109__en-es__original,
dico_phrasis_0000109__en-eu__flipped,
dico_phrasis_0000109__en-eu__original,
dico_phrasis_0000109__es-en__flipped,
dico_phrasis_0000109__es-en__original,
dico_phrasis_0000109__es-eu__flipped,
dico_phrasis_0000109__es-eu__original,
dico_phrasis_0000109__eu-en__flipped,
dico_phrasis_0000109__eu-en__original,
dico_phrasis_0000109__eu-es__flipped,
dico_phrasis_0000109__eu-es__original,
dico_phrasis_0000110__en-es__flipped,
dico_phrasis_0000110__en-es__original,
dico_phrasis_0000110__en-eu__flipped,
dico_phrasis_0000110__en-eu__original,
dico_phrasis_0000110__es-en__flipped,
dico_phrasis_0000110__es-en__original,
dico_phrasis_0000110__es-eu__flipped,
dico_phrasis_0000110__es-eu__original,
dico_phrasis_0000110__eu-en__flipped,
dico_phrasis_0000110__eu-en__original,
dico_phrasis_0000110__eu-es__flipped,
dico_phrasis_0000110__eu-es__original,
dico_phrasis_0000112__en-es__flipped,
dico_phrasis_0000112__en-es__original,
dico_phrasis_0000112__en-eu__flipped,
dico_phrasis_0000112__en-eu__original,
dico_phrasis_0000112__es-en__flipped,
dico_phrasis_0000112__es-en__original,
dico_phrasis_0000112__es-eu__flipped,
dico_phrasis_0000112__es-eu__original,
dico_phrasis_0000112__eu-en__flipped,
dico_phrasis_0000112__eu-en__original,
dico_phrasis_0000112__eu-es__flipped,
dico_phrasis_0000112__eu-es__original,
dico_phrasis_0000113__en-es__flipped,
dico_phrasis_0000113__en-es__original,
dico_phrasis_0000113__en-eu__flipped,
dico_phrasis_0000113__en-eu__original,
dico_phrasis_0000113__es-en__flipped,
dico_phrasis_0000113__es-en__original,
dico_phrasis_0000113__es-eu__flipped,
dico_phrasis_0000113__es-eu__original,
dico_phrasis_0000113__eu-en__flipped,
dico_phrasis_0000113__eu-en__original,
dico_phrasis_0000113__eu-es__flipped,
dico_phrasis_0000113__eu-es__original,
dico_phrasis_0000115__en-es__flipped,
dico_phrasis_0000115__en-es__original,
dico_phrasis_0000115__en-eu__flipped,
dico_phrasis_0000115__en-eu__original,
dico_phrasis_0000115__es-en__flipped,
dico_phrasis_0000115__es-en__original,
dico_phrasis_0000115__es-eu__flipped,
dico_phrasis_0000115__es-eu__original,
dico_phrasis_0000115__eu-en__flipped,
dico_phrasis_0000115__eu-en__original,
dico_phrasis_0000115__eu-es__flipped,
dico_phrasis_0000115__eu-es__original,
dico_phrasis_0000116__en-es__flipped,
dico_phrasis_0000116__en-es__original,
dico_phrasis_0000116__en-eu__flipped,
dico_phrasis_0000116__en-eu__original,
dico_phrasis_0000116__es-en__flipped,
dico_phrasis_0000116__es-en__original,
dico_phrasis_0000116__es-eu__flipped,
dico_phrasis_0000116__es-eu__original,
dico_phrasis_0000116__eu-en__flipped,
dico_phrasis_0000116__eu-en__original,
dico_phrasis_0000116__eu-es__flipped,
dico_phrasis_0000116__eu-es__original,
dico_phrasis_0000117__en-es__flipped,
dico_phrasis_0000117__en-es__original,
dico_phrasis_0000117__en-eu__flipped,
dico_phrasis_0000117__en-eu__original,
dico_phrasis_0000117__es-en__flipped,
dico_phrasis_0000117__es-en__original,
dico_phrasis_0000117__es-eu__flipped,
dico_phrasis_0000117__es-eu__original,
dico_phrasis_0000117__eu-en__flipped,
dico_phrasis_0000117__eu-en__original,
dico_phrasis_0000117__eu-es__flipped,
dico_phrasis_0000117__eu-es__original,
dico_phrasis_0000119__en-es__flipped,
dico_phrasis_0000119__en-es__original,
dico_phrasis_0000119__en-eu__flipped,
dico_phrasis_0000119__en-eu__original,
dico_phrasis_0000119__es-en__flipped,
dico_phrasis_0000119__es-en__original,
dico_phrasis_0000119__es-eu__flipped,
dico_phrasis_0000119__es-eu__original,
dico_phrasis_0000119__eu-en__flipped,
dico_phrasis_0000119__eu-en__original,
dico_phrasis_0000119__eu-es__flipped,
dico_phrasis_0000119__eu-es__original,
dico_phrasis_0000121__en-es__flipped,
dico_phrasis_0000121__en-es__original,
dico_phrasis_0000121__en-eu__flipped,
dico_phrasis_0000121__en-eu__original,
dico_phrasis_0000121__es-en__flipped,
dico_phrasis_0000121__es-en__original,
dico_phrasis_0000121__es-eu__flipped,
dico_phrasis_0000121__es-eu__original,
dico_phrasis_0000121__eu-en__flipped,
dico_phrasis_0000121__eu-en__original,
dico_phrasis_0000121__eu-es__flipped,
dico_phrasis_0000121__eu-es__original,
dico_phrasis_0000122__en-es__flipped,
dico_phrasis_0000122__en-es__original,
dico_phrasis_0000122__en-eu__flipped,
dico_phrasis_0000122__en-eu__original,
dico_phrasis_0000122__es-en__flipped,
dico_phrasis_0000122__es-en__original,
dico_phrasis_0000122__es-eu__flipped,
dico_phrasis_0000122__es-eu__original,
dico_phrasis_0000122__eu-en__flipped,
dico_phrasis_0000122__eu-en__original,
dico_phrasis_0000122__eu-es__flipped,
dico_phrasis_0000122__eu-es__original,
dico_phrasis_0000124__en-es__flipped,
dico_phrasis_0000124__en-es__original,
dico_phrasis_0000124__en-eu__flipped,
dico_phrasis_0000124__en-eu__original,
dico_phrasis_0000124__es-en__flipped,
dico_phrasis_0000124__es-en__original,
dico_phrasis_0000124__es-eu__flipped,
dico_phrasis_0000124__es-eu__original,
dico_phrasis_0000124__eu-en__flipped,
dico_phrasis_0000124__eu-en__original,
dico_phrasis_0000124__eu-es__flipped,
dico_phrasis_0000124__eu-es__original,
dico_phrasis_0000126__en-es__flipped,
dico_phrasis_0000126__en-es__original,
dico_phrasis_0000126__en-eu__flipped,
dico_phrasis_0000126__en-eu__original,
dico_phrasis_0000126__es-en__flipped,
dico_phrasis_0000126__es-en__original,
dico_phrasis_0000126__es-eu__flipped,
dico_phrasis_0000126__es-eu__original,
dico_phrasis_0000126__eu-en__flipped,
dico_phrasis_0000126__eu-en__original,
dico_phrasis_0000126__eu-es__flipped,
dico_phrasis_0000126__eu-es__original,
dico_phrasis_0000127__en-es__flipped,
dico_phrasis_0000127__en-es__original,
dico_phrasis_0000127__en-eu__flipped,
dico_phrasis_0000127__en-eu__original,
dico_phrasis_0000127__es-en__flipped,
dico_phrasis_0000127__es-en__original,
dico_phrasis_0000127__es-eu__flipped,
dico_phrasis_0000127__es-eu__original,
dico_phrasis_0000127__eu-en__flipped,
dico_phrasis_0000127__eu-en__original,
dico_phrasis_0000127__eu-es__flipped,
dico_phrasis_0000127__eu-es__original,
dico_phrasis_0000128__en-es__flipped,
dico_phrasis_0000128__en-es__original,
dico_phrasis_0000128__en-eu__flipped,
dico_phrasis_0000128__en-eu__original,
dico_phrasis_0000128__es-en__flipped,
dico_phrasis_0000128__es-en__original,
dico_phrasis_0000128__es-eu__flipped,
dico_phrasis_0000128__es-eu__original,
dico_phrasis_0000128__eu-en__flipped,
dico_phrasis_0000128__eu-en__original,
dico_phrasis_0000128__eu-es__flipped,
dico_phrasis_0000128__eu-es__original,
dico_phrasis_0000129__en-es__flipped,
dico_phrasis_0000129__en-es__original,
dico_phrasis_0000129__en-eu__flipped,
dico_phrasis_0000129__en-eu__original,
dico_phrasis_0000129__es-en__flipped,
dico_phrasis_0000129__es-en__original,
dico_phrasis_0000129__es-eu__flipped,
dico_phrasis_0000129__es-eu__original,
dico_phrasis_0000129__eu-en__flipped,
dico_phrasis_0000129__eu-en__original,
dico_phrasis_0000129__eu-es__flipped,
dico_phrasis_0000129__eu-es__original,
dico_phrasis_0000131__en-es__flipped,
dico_phrasis_0000131__en-es__original,
dico_phrasis_0000131__en-eu__flipped,
dico_phrasis_0000131__en-eu__original,
dico_phrasis_0000131__es-en__flipped,
dico_phrasis_0000131__es-en__original,
dico_phrasis_0000131__es-eu__flipped,
dico_phrasis_0000131__es-eu__original,
dico_phrasis_0000131__eu-en__flipped,
dico_phrasis_0000131__eu-en__original,
dico_phrasis_0000131__eu-es__flipped,
dico_phrasis_0000131__eu-es__original,
dico_phrasis_0000132__en-es__flipped,
dico_phrasis_0000132__en-es__original,
dico_phrasis_0000132__en-eu__flipped,
dico_phrasis_0000132__en-eu__original,
dico_phrasis_0000132__es-en__flipped,
dico_phrasis_0000132__es-en__original,
dico_phrasis_0000132__es-eu__flipped,
dico_phrasis_0000132__es-eu__original,
dico_phrasis_0000132__eu-en__flipped,
dico_phrasis_0000132__eu-en__original,
dico_phrasis_0000132__eu-es__flipped,
dico_phrasis_0000132__eu-es__original,
dico_phrasis_0000134__en-es__flipped,
dico_phrasis_0000134__en-es__original,
dico_phrasis_0000134__en-eu__flipped,
dico_phrasis_0000134__en-eu__original,
dico_phrasis_0000134__es-en__flipped,
dico_phrasis_0000134__es-en__original,
dico_phrasis_0000134__es-eu__flipped,
dico_phrasis_0000134__es-eu__original,
dico_phrasis_0000134__eu-en__flipped,
dico_phrasis_0000134__eu-en__original,
dico_phrasis_0000134__eu-es__flipped,
dico_phrasis_0000134__eu-es__original,
dico_phrasis_0000135__en-es__flipped,
dico_phrasis_0000135__en-es__original,
dico_phrasis_0000135__en-eu__flipped,
dico_phrasis_0000135__en-eu__original,
dico_phrasis_0000135__es-en__flipped,
dico_phrasis_0000135__es-en__original,
dico_phrasis_0000135__es-eu__flipped,
dico_phrasis_0000135__es-eu__original,
dico_phrasis_0000135__eu-en__flipped,
dico_phrasis_0000135__eu-en__original,
dico_phrasis_0000135__eu-es__flipped,
dico_phrasis_0000135__eu-es__original,
dico_phrasis_0000136__en-es__flipped,
dico_phrasis_0000136__en-es__original,
dico_phrasis_0000136__en-eu__flipped,
dico_phrasis_0000136__en-eu__original,
dico_phrasis_0000136__es-en__flipped,
dico_phrasis_0000136__es-en__original,
dico_phrasis_0000136__es-eu__flipped,
dico_phrasis_0000136__es-eu__original,
dico_phrasis_0000136__eu-en__flipped,
dico_phrasis_0000136__eu-en__original,
dico_phrasis_0000136__eu-es__flipped,
dico_phrasis_0000136__eu-es__original,
dico_phrasis_0000137__en-es__flipped,
dico_phrasis_0000137__en-es__original,
dico_phrasis_0000137__en-eu__flipped,
dico_phrasis_0000137__en-eu__original,
dico_phrasis_0000137__es-en__flipped,
dico_phrasis_0000137__es-en__original,
dico_phrasis_0000137__es-eu__flipped,
dico_phrasis_0000137__es-eu__original,
dico_phrasis_0000137__eu-en__flipped,
dico_phrasis_0000137__eu-en__original,
dico_phrasis_0000137__eu-es__flipped,
dico_phrasis_0000137__eu-es__original,
dico_phrasis_0000140__en-es__flipped,
dico_phrasis_0000140__en-es__original,
dico_phrasis_0000140__en-eu__flipped,
dico_phrasis_0000140__en-eu__original,
dico_phrasis_0000140__es-en__flipped,
dico_phrasis_0000140__es-en__original,
dico_phrasis_0000140__es-eu__flipped,
dico_phrasis_0000140__es-eu__original,
dico_phrasis_0000140__eu-en__flipped,
dico_phrasis_0000140__eu-en__original,
dico_phrasis_0000140__eu-es__flipped,
dico_phrasis_0000140__eu-es__original,
dico_phrasis_0000142__en-es__flipped,
dico_phrasis_0000142__en-es__original,
dico_phrasis_0000142__en-eu__flipped,
dico_phrasis_0000142__en-eu__original,
dico_phrasis_0000142__es-en__flipped,
dico_phrasis_0000142__es-en__original,
dico_phrasis_0000142__es-eu__flipped,
dico_phrasis_0000142__es-eu__original,
dico_phrasis_0000142__eu-en__flipped,
dico_phrasis_0000142__eu-en__original,
dico_phrasis_0000142__eu-es__flipped,
dico_phrasis_0000142__eu-es__original,
dico_phrasis_0000144__en-es__flipped,
dico_phrasis_0000144__en-es__original,
dico_phrasis_0000144__en-eu__flipped,
dico_phrasis_0000144__en-eu__original,
dico_phrasis_0000144__es-en__flipped,
dico_phrasis_0000144__es-en__original,
dico_phrasis_0000144__es-eu__flipped,
dico_phrasis_0000144__es-eu__original,
dico_phrasis_0000144__eu-en__flipped,
dico_phrasis_0000144__eu-en__original,
dico_phrasis_0000144__eu-es__flipped,
dico_phrasis_0000144__eu-es__original,
dico_phrasis_0000146__en-es__flipped,
dico_phrasis_0000146__en-es__original,
dico_phrasis_0000146__en-eu__flipped,
dico_phrasis_0000146__en-eu__original,
dico_phrasis_0000146__es-en__flipped,
dico_phrasis_0000146__es-en__original,
dico_phrasis_0000146__es-eu__flipped,
dico_phrasis_0000146__es-eu__original,
dico_phrasis_0000146__eu-en__flipped,
dico_phrasis_0000146__eu-en__original,
dico_phrasis_0000146__eu-es__flipped,
dico_phrasis_0000146__eu-es__original,
dico_phrasis_0000147__en-es__flipped,
dico_phrasis_0000147__en-es__original,
dico_phrasis_0000147__en-eu__flipped,
dico_phrasis_0000147__en-eu__original,
dico_phrasis_0000147__es-en__flipped,
dico_phrasis_0000147__es-en__original,
dico_phrasis_0000147__es-eu__flipped,
dico_phrasis_0000147__es-eu__original,
dico_phrasis_0000147__eu-en__flipped,
dico_phrasis_0000147__eu-en__original,
dico_phrasis_0000147__eu-es__flipped,
dico_phrasis_0000147__eu-es__original,
dico_phrasis_0000148__en-es__flipped,
dico_phrasis_0000148__en-es__original,
dico_phrasis_0000148__en-eu__flipped,
dico_phrasis_0000148__en-eu__original,
dico_phrasis_0000148__es-en__flipped,
dico_phrasis_0000148__es-en__original,
dico_phrasis_0000148__es-eu__flipped,
dico_phrasis_0000148__es-eu__original,
dico_phrasis_0000148__eu-en__flipped,
dico_phrasis_0000148__eu-en__original,
dico_phrasis_0000148__eu-es__flipped,
dico_phrasis_0000148__eu-es__original,
dico_phrasis_0000149__en-es__flipped,
dico_phrasis_0000149__en-es__original,
dico_phrasis_0000149__en-eu__flipped,
dico_phrasis_0000149__en-eu__original,
dico_phrasis_0000149__es-en__flipped,
dico_phrasis_0000149__es-en__original,
dico_phrasis_0000149__es-eu__flipped,
dico_phrasis_0000149__es-eu__original,
dico_phrasis_0000149__eu-en__flipped,
dico_phrasis_0000149__eu-en__original,
dico_phrasis_0000149__eu-es__flipped,
dico_phrasis_0000149__eu-es__original,
dico_phrasis_0000150__en-es__flipped,
dico_phrasis_0000150__en-es__original,
dico_phrasis_0000150__en-eu__flipped,
dico_phrasis_0000150__en-eu__original,
dico_phrasis_0000150__es-en__flipped,
dico_phrasis_0000150__es-en__original,
dico_phrasis_0000150__es-eu__flipped,
dico_phrasis_0000150__es-eu__original,
dico_phrasis_0000150__eu-en__flipped,
dico_phrasis_0000150__eu-en__original,
dico_phrasis_0000150__eu-es__flipped,
dico_phrasis_0000150__eu-es__original,
dico_phrasis_0000151__en-es__flipped,
dico_phrasis_0000151__en-es__original,
dico_phrasis_0000151__en-eu__flipped,
dico_phrasis_0000151__en-eu__original,
dico_phrasis_0000151__es-en__flipped,
dico_phrasis_0000151__es-en__original,
dico_phrasis_0000151__es-eu__flipped,
dico_phrasis_0000151__es-eu__original,
dico_phrasis_0000151__eu-en__flipped,
dico_phrasis_0000151__eu-en__original,
dico_phrasis_0000151__eu-es__flipped,
dico_phrasis_0000151__eu-es__original,
dico_phrasis_0000152__en-es__flipped,
dico_phrasis_0000152__en-es__original,
dico_phrasis_0000152__en-eu__flipped,
dico_phrasis_0000152__en-eu__original,
dico_phrasis_0000152__es-en__flipped,
dico_phrasis_0000152__es-en__original,
dico_phrasis_0000152__es-eu__flipped,
dico_phrasis_0000152__es-eu__original,
dico_phrasis_0000152__eu-en__flipped,
dico_phrasis_0000152__eu-en__original,
dico_phrasis_0000152__eu-es__flipped,
dico_phrasis_0000152__eu-es__original,
dico_phrasis_0000153__en-es__flipped,
dico_phrasis_0000153__en-es__original,
dico_phrasis_0000153__en-eu__flipped,
dico_phrasis_0000153__en-eu__original,
dico_phrasis_0000153__es-en__flipped,
dico_phrasis_0000153__es-en__original,
dico_phrasis_0000153__es-eu__flipped,
dico_phrasis_0000153__es-eu__original,
dico_phrasis_0000153__eu-en__flipped,
dico_phrasis_0000153__eu-en__original,
dico_phrasis_0000153__eu-es__flipped,
dico_phrasis_0000153__eu-es__original,
dico_phrasis_0000154__en-es__flipped,
dico_phrasis_0000154__en-es__original,
dico_phrasis_0000154__en-eu__flipped,
dico_phrasis_0000154__en-eu__original,
dico_phrasis_0000154__es-en__flipped,
dico_phrasis_0000154__es-en__original,
dico_phrasis_0000154__es-eu__flipped,
dico_phrasis_0000154__es-eu__original,
dico_phrasis_0000154__eu-en__flipped,
dico_phrasis_0000154__eu-en__original,
dico_phrasis_0000154__eu-es__flipped,
dico_phrasis_0000154__eu-es__original,
dico_phrasis_0000156__en-es__flipped,
dico_phrasis_0000156__en-es__original,
dico_phrasis_0000156__en-eu__flipped,
dico_phrasis_0000156__en-eu__original,
dico_phrasis_0000156__es-en__flipped,
dico_phrasis_0000156__es-en__original,
dico_phrasis_0000156__es-eu__flipped,
dico_phrasis_0000156__es-eu__original,
dico_phrasis_0000156__eu-en__flipped,
dico_phrasis_0000156__eu-en__original,
dico_phrasis_0000156__eu-es__flipped,
dico_phrasis_0000156__eu-es__original,
dico_phrasis_0000157__en-es__flipped,
dico_phrasis_0000157__en-es__original,
dico_phrasis_0000157__en-eu__flipped,
dico_phrasis_0000157__en-eu__original,
dico_phrasis_0000157__es-en__flipped,
dico_phrasis_0000157__es-en__original,
dico_phrasis_0000157__es-eu__flipped,
dico_phrasis_0000157__es-eu__original,
dico_phrasis_0000157__eu-en__flipped,
dico_phrasis_0000157__eu-en__original,
dico_phrasis_0000157__eu-es__flipped,
dico_phrasis_0000157__eu-es__original,
dico_phrasis_0000159__en-es__flipped,
dico_phrasis_0000159__en-es__original,
dico_phrasis_0000159__en-eu__flipped,
dico_phrasis_0000159__en-eu__original,
dico_phrasis_0000159__es-en__flipped,
dico_phrasis_0000159__es-en__original,
dico_phrasis_0000159__es-eu__flipped,
dico_phrasis_0000159__es-eu__original,
dico_phrasis_0000159__eu-en__flipped,
dico_phrasis_0000159__eu-en__original,
dico_phrasis_0000159__eu-es__flipped,
dico_phrasis_0000159__eu-es__original,
dico_phrasis_0000160__en-es__flipped,
dico_phrasis_0000160__en-es__original,
dico_phrasis_0000160__en-eu__flipped,
dico_phrasis_0000160__en-eu__original,
dico_phrasis_0000160__es-en__flipped,
dico_phrasis_0000160__es-en__original,
dico_phrasis_0000160__es-eu__flipped,
dico_phrasis_0000160__es-eu__original,
dico_phrasis_0000160__eu-en__flipped,
dico_phrasis_0000160__eu-en__original,
dico_phrasis_0000160__eu-es__flipped,
dico_phrasis_0000160__eu-es__original,
dico_phrasis_0000161__en-es__flipped,
dico_phrasis_0000161__en-es__original,
dico_phrasis_0000161__en-eu__flipped,
dico_phrasis_0000161__en-eu__original,
dico_phrasis_0000161__es-en__flipped,
dico_phrasis_0000161__es-en__original,
dico_phrasis_0000161__es-eu__flipped,
dico_phrasis_0000161__es-eu__original,
dico_phrasis_0000161__eu-en__flipped,
dico_phrasis_0000161__eu-en__original,
dico_phrasis_0000161__eu-es__flipped,
dico_phrasis_0000161__eu-es__original,
dico_phrasis_0000163__en-es__flipped,
dico_phrasis_0000163__en-es__original,
dico_phrasis_0000163__en-eu__flipped,
dico_phrasis_0000163__en-eu__original,
dico_phrasis_0000163__es-en__flipped,
dico_phrasis_0000163__es-en__original,
dico_phrasis_0000163__es-eu__flipped,
dico_phrasis_0000163__es-eu__original,
dico_phrasis_0000163__eu-en__flipped,
dico_phrasis_0000163__eu-en__original,
dico_phrasis_0000163__eu-es__flipped,
dico_phrasis_0000163__eu-es__original,
dico_phrasis_0000166__en-es__flipped,
dico_phrasis_0000166__en-es__original,
dico_phrasis_0000166__en-eu__flipped,
dico_phrasis_0000166__en-eu__original,
dico_phrasis_0000166__es-en__flipped,
dico_phrasis_0000166__es-en__original,
dico_phrasis_0000166__es-eu__flipped,
dico_phrasis_0000166__es-eu__original,
dico_phrasis_0000166__eu-en__flipped,
dico_phrasis_0000166__eu-en__original,
dico_phrasis_0000166__eu-es__flipped,
dico_phrasis_0000166__eu-es__original,
dico_phrasis_0000167__en-es__flipped,
dico_phrasis_0000167__en-es__original,
dico_phrasis_0000167__en-eu__flipped,
dico_phrasis_0000167__en-eu__original,
dico_phrasis_0000167__es-en__flipped,
dico_phrasis_0000167__es-en__original,
dico_phrasis_0000167__es-eu__flipped,
dico_phrasis_0000167__es-eu__original,
dico_phrasis_0000167__eu-en__flipped,
dico_phrasis_0000167__eu-en__original,
dico_phrasis_0000167__eu-es__flipped,
dico_phrasis_0000167__eu-es__original,
dico_phrasis_0000168__en-es__flipped,
dico_phrasis_0000168__en-es__original,
dico_phrasis_0000168__en-eu__flipped,
dico_phrasis_0000168__en-eu__original,
dico_phrasis_0000168__es-en__flipped,
dico_phrasis_0000168__es-en__original,
dico_phrasis_0000168__es-eu__flipped,
dico_phrasis_0000168__es-eu__original,
dico_phrasis_0000168__eu-en__flipped,
dico_phrasis_0000168__eu-en__original,
dico_phrasis_0000168__eu-es__flipped,
dico_phrasis_0000168__eu-es__original,
dico_phrasis_0000169__en-es__flipped,
dico_phrasis_0000169__en-es__original,
dico_phrasis_0000169__en-eu__flipped,
dico_phrasis_0000169__en-eu__original,
dico_phrasis_0000169__es-en__flipped,
dico_phrasis_0000169__es-en__original,
dico_phrasis_0000169__es-eu__flipped,
dico_phrasis_0000169__es-eu__original,
dico_phrasis_0000169__eu-en__flipped,
dico_phrasis_0000169__eu-en__original,
dico_phrasis_0000169__eu-es__flipped,
dico_phrasis_0000169__eu-es__original,
dico_phrasis_0000170__en-es__flipped,
dico_phrasis_0000170__en-es__original,
dico_phrasis_0000170__en-eu__flipped,
dico_phrasis_0000170__en-eu__original,
dico_phrasis_0000170__es-en__flipped,
dico_phrasis_0000170__es-en__original,
dico_phrasis_0000170__es-eu__flipped,
dico_phrasis_0000170__es-eu__original,
dico_phrasis_0000170__eu-en__flipped,
dico_phrasis_0000170__eu-en__original,
dico_phrasis_0000170__eu-es__flipped,
dico_phrasis_0000170__eu-es__original,
dico_phrasis_0000171__en-es__flipped,
dico_phrasis_0000171__en-es__original,
dico_phrasis_0000171__en-eu__flipped,
dico_phrasis_0000171__en-eu__original,
dico_phrasis_0000171__es-en__flipped,
dico_phrasis_0000171__es-en__original,
dico_phrasis_0000171__es-eu__flipped,
dico_phrasis_0000171__es-eu__original,
dico_phrasis_0000171__eu-en__flipped,
dico_phrasis_0000171__eu-en__original,
dico_phrasis_0000171__eu-es__flipped,
dico_phrasis_0000171__eu-es__original,
dico_phrasis_0000172__en-es__flipped,
dico_phrasis_0000172__en-es__original,
dico_phrasis_0000172__en-eu__flipped,
dico_phrasis_0000172__en-eu__original,
dico_phrasis_0000172__es-en__flipped,
dico_phrasis_0000172__es-en__original,
dico_phrasis_0000172__es-eu__flipped,
dico_phrasis_0000172__es-eu__original,
dico_phrasis_0000172__eu-en__flipped,
dico_phrasis_0000172__eu-en__original,
dico_phrasis_0000172__eu-es__flipped,
dico_phrasis_0000172__eu-es__original,
dico_phrasis_0000173__en-es__flipped,
dico_phrasis_0000173__en-es__original,
dico_phrasis_0000173__en-eu__flipped,
dico_phrasis_0000173__en-eu__original,
dico_phrasis_0000173__es-en__flipped,
dico_phrasis_0000173__es-en__original,
dico_phrasis_0000173__es-eu__flipped,
dico_phrasis_0000173__es-eu__original,
dico_phrasis_0000173__eu-en__flipped,
dico_phrasis_0000173__eu-en__original,
dico_phrasis_0000173__eu-es__flipped,
dico_phrasis_0000173__eu-es__original,
dico_phrasis_0000175__en-es__flipped,
dico_phrasis_0000175__en-es__original,
dico_phrasis_0000175__en-eu__flipped,
dico_phrasis_0000175__en-eu__original,
dico_phrasis_0000175__es-en__flipped,
dico_phrasis_0000175__es-en__original,
dico_phrasis_0000175__es-eu__flipped,
dico_phrasis_0000175__es-eu__original,
dico_phrasis_0000175__eu-en__flipped,
dico_phrasis_0000175__eu-en__original,
dico_phrasis_0000175__eu-es__flipped,
dico_phrasis_0000175__eu-es__original,
dico_phrasis_0000176__en-es__flipped,
dico_phrasis_0000176__en-es__original,
dico_phrasis_0000176__en-eu__flipped,
dico_phrasis_0000176__en-eu__original,
dico_phrasis_0000176__es-en__flipped,
dico_phrasis_0000176__es-en__original,
dico_phrasis_0000176__es-eu__flipped,
dico_phrasis_0000176__es-eu__original,
dico_phrasis_0000176__eu-en__flipped,
dico_phrasis_0000176__eu-en__original,
dico_phrasis_0000176__eu-es__flipped,
dico_phrasis_0000176__eu-es__original,
dico_phrasis_0000177__en-es__flipped,
dico_phrasis_0000177__en-es__original,
dico_phrasis_0000177__en-eu__flipped,
dico_phrasis_0000177__en-eu__original,
dico_phrasis_0000177__es-en__flipped,
dico_phrasis_0000177__es-en__original,
dico_phrasis_0000177__es-eu__flipped,
dico_phrasis_0000177__es-eu__original,
dico_phrasis_0000177__eu-en__flipped,
dico_phrasis_0000177__eu-en__original,
dico_phrasis_0000177__eu-es__flipped,
dico_phrasis_0000177__eu-es__original,
dico_phrasis_0000178__en-es__flipped,
dico_phrasis_0000178__en-es__original,
dico_phrasis_0000178__en-eu__flipped,
dico_phrasis_0000178__en-eu__original,
dico_phrasis_0000178__es-en__flipped,
dico_phrasis_0000178__es-en__original,
dico_phrasis_0000178__es-eu__flipped,
dico_phrasis_0000178__es-eu__original,
dico_phrasis_0000178__eu-en__flipped,
dico_phrasis_0000178__eu-en__original,
dico_phrasis_0000178__eu-es__flipped,
dico_phrasis_0000178__eu-es__original,
dico_phrasis_0000180__en-es__flipped,
dico_phrasis_0000180__en-es__original,
dico_phrasis_0000180__en-eu__flipped,
dico_phrasis_0000180__en-eu__original,
dico_phrasis_0000180__es-en__flipped,
dico_phrasis_0000180__es-en__original,
dico_phrasis_0000180__es-eu__flipped,
dico_phrasis_0000180__es-eu__original,
dico_phrasis_0000180__eu-en__flipped,
dico_phrasis_0000180__eu-en__original,
dico_phrasis_0000180__eu-es__flipped,
dico_phrasis_0000180__eu-es__original,
dico_phrasis_0000181__en-es__flipped,
dico_phrasis_0000181__en-es__original,
dico_phrasis_0000181__en-eu__flipped,
dico_phrasis_0000181__en-eu__original,
dico_phrasis_0000181__es-en__flipped,
dico_phrasis_0000181__es-en__original,
dico_phrasis_0000181__es-eu__flipped,
dico_phrasis_0000181__es-eu__original,
dico_phrasis_0000181__eu-en__flipped,
dico_phrasis_0000181__eu-en__original,
dico_phrasis_0000181__eu-es__flipped,
dico_phrasis_0000181__eu-es__original,
dico_phrasis_0000183__en-es__flipped,
dico_phrasis_0000183__en-es__original,
dico_phrasis_0000183__en-eu__flipped,
dico_phrasis_0000183__en-eu__original,
dico_phrasis_0000183__es-en__flipped,
dico_phrasis_0000183__es-en__original,
dico_phrasis_0000183__es-eu__flipped,
dico_phrasis_0000183__es-eu__original,
dico_phrasis_0000183__eu-en__flipped,
dico_phrasis_0000183__eu-en__original,
dico_phrasis_0000183__eu-es__flipped,
dico_phrasis_0000183__eu-es__original,
dico_phrasis_0000184__en-es__flipped,
dico_phrasis_0000184__en-es__original,
dico_phrasis_0000184__en-eu__flipped,
dico_phrasis_0000184__en-eu__original,
dico_phrasis_0000184__es-en__flipped,
dico_phrasis_0000184__es-en__original,
dico_phrasis_0000184__es-eu__flipped,
dico_phrasis_0000184__es-eu__original,
dico_phrasis_0000184__eu-en__flipped,
dico_phrasis_0000184__eu-en__original,
dico_phrasis_0000184__eu-es__flipped,
dico_phrasis_0000184__eu-es__original,
dico_phrasis_0000186__en-es__flipped,
dico_phrasis_0000186__en-es__original,
dico_phrasis_0000186__en-eu__flipped,
dico_phrasis_0000186__en-eu__original,
dico_phrasis_0000186__es-en__flipped,
dico_phrasis_0000186__es-en__original,
dico_phrasis_0000186__es-eu__flipped,
dico_phrasis_0000186__es-eu__original,
dico_phrasis_0000186__eu-en__flipped,
dico_phrasis_0000186__eu-en__original,
dico_phrasis_0000186__eu-es__flipped,
dico_phrasis_0000186__eu-es__original,
dico_phrasis_0000189__en-es__flipped,
dico_phrasis_0000189__en-es__original,
dico_phrasis_0000189__en-eu__flipped,
dico_phrasis_0000189__en-eu__original,
dico_phrasis_0000189__es-en__flipped,
dico_phrasis_0000189__es-en__original,
dico_phrasis_0000189__es-eu__flipped,
dico_phrasis_0000189__es-eu__original,
dico_phrasis_0000189__eu-en__flipped,
dico_phrasis_0000189__eu-en__original,
dico_phrasis_0000189__eu-es__flipped,
dico_phrasis_0000189__eu-es__original,
dico_phrasis_0000191__en-es__flipped,
dico_phrasis_0000191__en-es__original,
dico_phrasis_0000191__en-eu__flipped,
dico_phrasis_0000191__en-eu__original,
dico_phrasis_0000191__es-en__flipped,
dico_phrasis_0000191__es-en__original,
dico_phrasis_0000191__es-eu__flipped,
dico_phrasis_0000191__es-eu__original,
dico_phrasis_0000191__eu-en__flipped,
dico_phrasis_0000191__eu-en__original,
dico_phrasis_0000191__eu-es__flipped,
dico_phrasis_0000191__eu-es__original,
dico_phrasis_0000193__en-es__flipped,
dico_phrasis_0000193__en-es__original,
dico_phrasis_0000193__en-eu__flipped,
dico_phrasis_0000193__en-eu__original,
dico_phrasis_0000193__es-en__flipped,
dico_phrasis_0000193__es-en__original,
dico_phrasis_0000193__es-eu__flipped,
dico_phrasis_0000193__es-eu__original,
dico_phrasis_0000193__eu-en__flipped,
dico_phrasis_0000193__eu-en__original,
dico_phrasis_0000193__eu-es__flipped,
dico_phrasis_0000193__eu-es__original,
dico_phrasis_0000194__en-es__flipped,
dico_phrasis_0000194__en-es__original,
dico_phrasis_0000194__en-eu__flipped,
dico_phrasis_0000194__en-eu__original,
dico_phrasis_0000194__es-en__flipped,
dico_phrasis_0000194__es-en__original,
dico_phrasis_0000194__es-eu__flipped,
dico_phrasis_0000194__es-eu__original,
dico_phrasis_0000194__eu-en__flipped,
dico_phrasis_0000194__eu-en__original,
dico_phrasis_0000194__eu-es__flipped,
dico_phrasis_0000194__eu-es__original,
dico_phrasis_0000195__en-es__flipped,
dico_phrasis_0000195__en-es__original,
dico_phrasis_0000195__en-eu__flipped,
dico_phrasis_0000195__en-eu__original,
dico_phrasis_0000195__es-en__flipped,
dico_phrasis_0000195__es-en__original,
dico_phrasis_0000195__es-eu__flipped,
dico_phrasis_0000195__es-eu__original,
dico_phrasis_0000195__eu-en__flipped,
dico_phrasis_0000195__eu-en__original,
dico_phrasis_0000195__eu-es__flipped,
dico_phrasis_0000195__eu-es__original,
dico_phrasis_0000196__en-es__flipped,
dico_phrasis_0000196__en-es__original,
dico_phrasis_0000196__en-eu__flipped,
dico_phrasis_0000196__en-eu__original,
dico_phrasis_0000196__es-en__flipped,
dico_phrasis_0000196__es-en__original,
dico_phrasis_0000196__es-eu__flipped,
dico_phrasis_0000196__es-eu__original,
dico_phrasis_0000196__eu-en__flipped,
dico_phrasis_0000196__eu-en__original,
dico_phrasis_0000196__eu-es__flipped,
dico_phrasis_0000196__eu-es__original,
dico_phrasis_0000200__en-es__flipped,
dico_phrasis_0000200__en-es__original,
dico_phrasis_0000200__en-eu__flipped,
dico_phrasis_0000200__en-eu__original,
dico_phrasis_0000200__es-en__flipped,
dico_phrasis_0000200__es-en__original,
dico_phrasis_0000200__es-eu__flipped,
dico_phrasis_0000200__es-eu__original,
dico_phrasis_0000200__eu-en__flipped,
dico_phrasis_0000200__eu-en__original,
dico_phrasis_0000200__eu-es__flipped,
dico_phrasis_0000200__eu-es__original,
dico_phrasis_0000201__en-es__flipped,
dico_phrasis_0000201__en-es__original,
dico_phrasis_0000201__en-eu__flipped,
dico_phrasis_0000201__en-eu__original,
dico_phrasis_0000201__es-en__flipped,
dico_phrasis_0000201__es-en__original,
dico_phrasis_0000201__es-eu__flipped,
dico_phrasis_0000201__es-eu__original,
dico_phrasis_0000201__eu-en__flipped,
dico_phrasis_0000201__eu-en__original,
dico_phrasis_0000201__eu-es__flipped,
dico_phrasis_0000201__eu-es__original,
dico_phrasis_0000202__en-es__flipped,
dico_phrasis_0000202__en-es__original,
dico_phrasis_0000202__en-eu__flipped,
dico_phrasis_0000202__en-eu__original,
dico_phrasis_0000202__es-en__flipped,
dico_phrasis_0000202__es-en__original,
dico_phrasis_0000202__es-eu__flipped,
dico_phrasis_0000202__es-eu__original,
dico_phrasis_0000202__eu-en__flipped,
dico_phrasis_0000202__eu-en__original,
dico_phrasis_0000202__eu-es__flipped,
dico_phrasis_0000202__eu-es__original,
dico_phrasis_0000203__en-es__flipped,
dico_phrasis_0000203__en-es__original,
dico_phrasis_0000203__en-eu__flipped,
dico_phrasis_0000203__en-eu__original,
dico_phrasis_0000203__es-en__flipped,
dico_phrasis_0000203__es-en__original,
dico_phrasis_0000203__es-eu__flipped,
dico_phrasis_0000203__es-eu__original,
dico_phrasis_0000203__eu-en__flipped,
dico_phrasis_0000203__eu-en__original,
dico_phrasis_0000203__eu-es__flipped,
dico_phrasis_0000203__eu-es__original,
dico_phrasis_0000204__en-es__flipped,
dico_phrasis_0000204__en-es__original,
dico_phrasis_0000204__en-eu__flipped,
dico_phrasis_0000204__en-eu__original,
dico_phrasis_0000204__es-en__flipped,
dico_phrasis_0000204__es-en__original,
dico_phrasis_0000204__es-eu__flipped,
dico_phrasis_0000204__es-eu__original,
dico_phrasis_0000204__eu-en__flipped,
dico_phrasis_0000204__eu-en__original,
dico_phrasis_0000204__eu-es__flipped,
dico_phrasis_0000204__eu-es__original,
dico_phrasis_0000205__en-es__flipped,
dico_phrasis_0000205__en-es__original,
dico_phrasis_0000205__en-eu__flipped,
dico_phrasis_0000205__en-eu__original,
dico_phrasis_0000205__es-en__flipped,
dico_phrasis_0000205__es-en__original,
dico_phrasis_0000205__es-eu__flipped,
dico_phrasis_0000205__es-eu__original,
dico_phrasis_0000205__eu-en__flipped,
dico_phrasis_0000205__eu-en__original,
dico_phrasis_0000205__eu-es__flipped,
dico_phrasis_0000205__eu-es__original,
dico_phrasis_0000206__en-es__flipped,
dico_phrasis_0000206__en-es__original,
dico_phrasis_0000206__en-eu__flipped,
dico_phrasis_0000206__en-eu__original,
dico_phrasis_0000206__es-en__flipped,
dico_phrasis_0000206__es-en__original,
dico_phrasis_0000206__es-eu__flipped,
dico_phrasis_0000206__es-eu__original,
dico_phrasis_0000206__eu-en__flipped,
dico_phrasis_0000206__eu-en__original,
dico_phrasis_0000206__eu-es__flipped,
dico_phrasis_0000206__eu-es__original,
dico_phrasis_0000207__en-es__flipped,
dico_phrasis_0000207__en-es__original,
dico_phrasis_0000207__en-eu__flipped,
dico_phrasis_0000207__en-eu__original,
dico_phrasis_0000207__es-en__flipped,
dico_phrasis_0000207__es-en__original,
dico_phrasis_0000207__es-eu__flipped,
dico_phrasis_0000207__es-eu__original,
dico_phrasis_0000207__eu-en__flipped,
dico_phrasis_0000207__eu-en__original,
dico_phrasis_0000207__eu-es__flipped,
dico_phrasis_0000207__eu-es__original,
dico_phrasis_0000208__en-es__flipped,
dico_phrasis_0000208__en-es__original,
dico_phrasis_0000208__en-eu__flipped,
dico_phrasis_0000208__en-eu__original,
dico_phrasis_0000208__es-en__flipped,
dico_phrasis_0000208__es-en__original,
dico_phrasis_0000208__es-eu__flipped,
dico_phrasis_0000208__es-eu__original,
dico_phrasis_0000208__eu-en__flipped,
dico_phrasis_0000208__eu-en__original,
dico_phrasis_0000208__eu-es__flipped,
dico_phrasis_0000208__eu-es__original,
dico_phrasis_0000209__en-es__flipped,
dico_phrasis_0000209__en-es__original,
dico_phrasis_0000209__en-eu__flipped,
dico_phrasis_0000209__en-eu__original,
dico_phrasis_0000209__es-en__flipped,
dico_phrasis_0000209__es-en__original,
dico_phrasis_0000209__es-eu__flipped,
dico_phrasis_0000209__es-eu__original,
dico_phrasis_0000209__eu-en__flipped,
dico_phrasis_0000209__eu-en__original,
dico_phrasis_0000209__eu-es__flipped,
dico_phrasis_0000209__eu-es__original,
dico_phrasis_0000210__en-es__flipped,
dico_phrasis_0000210__en-es__original,
dico_phrasis_0000210__en-eu__flipped,
dico_phrasis_0000210__en-eu__original,
dico_phrasis_0000210__es-en__flipped,
dico_phrasis_0000210__es-en__original,
dico_phrasis_0000210__es-eu__flipped,
dico_phrasis_0000210__es-eu__original,
dico_phrasis_0000210__eu-en__flipped,
dico_phrasis_0000210__eu-en__original,
dico_phrasis_0000210__eu-es__flipped,
dico_phrasis_0000210__eu-es__original,
dico_phrasis_0000211__en-es__flipped,
dico_phrasis_0000211__en-es__original,
dico_phrasis_0000211__en-eu__flipped,
dico_phrasis_0000211__en-eu__original,
dico_phrasis_0000211__es-en__flipped,
dico_phrasis_0000211__es-en__original,
dico_phrasis_0000211__es-eu__flipped,
dico_phrasis_0000211__es-eu__original,
dico_phrasis_0000211__eu-en__flipped,
dico_phrasis_0000211__eu-en__original,
dico_phrasis_0000211__eu-es__flipped,
dico_phrasis_0000211__eu-es__original,
dico_phrasis_0000212__en-es__flipped,
dico_phrasis_0000212__en-es__original,
dico_phrasis_0000212__en-eu__flipped,
dico_phrasis_0000212__en-eu__original,
dico_phrasis_0000212__es-en__flipped,
dico_phrasis_0000212__es-en__original,
dico_phrasis_0000212__es-eu__flipped,
dico_phrasis_0000212__es-eu__original,
dico_phrasis_0000212__eu-en__flipped,
dico_phrasis_0000212__eu-en__original,
dico_phrasis_0000212__eu-es__flipped,
dico_phrasis_0000212__eu-es__original,
dico_phrasis_0000213__en-es__flipped,
dico_phrasis_0000213__en-es__original,
dico_phrasis_0000213__en-eu__flipped,
dico_phrasis_0000213__en-eu__original,
dico_phrasis_0000213__es-en__flipped,
dico_phrasis_0000213__es-en__original,
dico_phrasis_0000213__es-eu__flipped,
dico_phrasis_0000213__es-eu__original,
dico_phrasis_0000213__eu-en__flipped,
dico_phrasis_0000213__eu-en__original,
dico_phrasis_0000213__eu-es__flipped,
dico_phrasis_0000213__eu-es__original,
dico_phrasis_0000214__en-es__flipped,
dico_phrasis_0000214__en-es__original,
dico_phrasis_0000214__en-eu__flipped,
dico_phrasis_0000214__en-eu__original,
dico_phrasis_0000214__es-en__flipped,
dico_phrasis_0000214__es-en__original,
dico_phrasis_0000214__es-eu__flipped,
dico_phrasis_0000214__es-eu__original,
dico_phrasis_0000214__eu-en__flipped,
dico_phrasis_0000214__eu-en__original,
dico_phrasis_0000214__eu-es__flipped,
dico_phrasis_0000214__eu-es__original,
dico_phrasis_0000215__en-es__flipped,
dico_phrasis_0000215__en-es__original,
dico_phrasis_0000215__en-eu__flipped,
dico_phrasis_0000215__en-eu__original,
dico_phrasis_0000215__es-en__flipped,
dico_phrasis_0000215__es-en__original,
dico_phrasis_0000215__es-eu__flipped,
dico_phrasis_0000215__es-eu__original,
dico_phrasis_0000215__eu-en__flipped,
dico_phrasis_0000215__eu-en__original,
dico_phrasis_0000215__eu-es__flipped,
dico_phrasis_0000215__eu-es__original,
dico_phrasis_0000216__en-es__flipped,
dico_phrasis_0000216__en-es__original,
dico_phrasis_0000216__en-eu__flipped,
dico_phrasis_0000216__en-eu__original,
dico_phrasis_0000216__es-en__flipped,
dico_phrasis_0000216__es-en__original,
dico_phrasis_0000216__es-eu__flipped,
dico_phrasis_0000216__es-eu__original,
dico_phrasis_0000216__eu-en__flipped,
dico_phrasis_0000216__eu-en__original,
dico_phrasis_0000216__eu-es__flipped,
dico_phrasis_0000216__eu-es__original,
dico_phrasis_0000217__en-es__flipped,
dico_phrasis_0000217__en-es__original,
dico_phrasis_0000217__en-eu__flipped,
dico_phrasis_0000217__en-eu__original,
dico_phrasis_0000217__es-en__flipped,
dico_phrasis_0000217__es-en__original,
dico_phrasis_0000217__es-eu__flipped,
dico_phrasis_0000217__es-eu__original,
dico_phrasis_0000217__eu-en__flipped,
dico_phrasis_0000217__eu-en__original,
dico_phrasis_0000217__eu-es__flipped,
dico_phrasis_0000217__eu-es__original,
dico_phrasis_0000218__en-es__flipped,
dico_phrasis_0000218__en-es__original,
dico_phrasis_0000218__en-eu__flipped,
dico_phrasis_0000218__en-eu__original,
dico_phrasis_0000218__es-en__flipped,
dico_phrasis_0000218__es-en__original,
dico_phrasis_0000218__es-eu__flipped,
dico_phrasis_0000218__es-eu__original,
dico_phrasis_0000218__eu-en__flipped,
dico_phrasis_0000218__eu-en__original,
dico_phrasis_0000218__eu-es__flipped,
dico_phrasis_0000218__eu-es__original,
dico_phrasis_0000220__en-es__flipped,
dico_phrasis_0000220__en-es__original,
dico_phrasis_0000220__en-eu__flipped,
dico_phrasis_0000220__en-eu__original,
dico_phrasis_0000220__es-en__flipped,
dico_phrasis_0000220__es-en__original,
dico_phrasis_0000220__es-eu__flipped,
dico_phrasis_0000220__es-eu__original,
dico_phrasis_0000220__eu-en__flipped,
dico_phrasis_0000220__eu-en__original,
dico_phrasis_0000220__eu-es__flipped,
dico_phrasis_0000220__eu-es__original,
dico_phrasis_0000222__en-es__flipped,
dico_phrasis_0000222__en-es__original,
dico_phrasis_0000222__en-eu__flipped,
dico_phrasis_0000222__en-eu__original,
dico_phrasis_0000222__es-en__flipped,
dico_phrasis_0000222__es-en__original,
dico_phrasis_0000222__es-eu__flipped,
dico_phrasis_0000222__es-eu__original,
dico_phrasis_0000222__eu-en__flipped,
dico_phrasis_0000222__eu-en__original,
dico_phrasis_0000222__eu-es__flipped,
dico_phrasis_0000222__eu-es__original,
dico_phrasis_0000227__en-es__flipped,
dico_phrasis_0000227__en-es__original,
dico_phrasis_0000227__en-eu__flipped,
dico_phrasis_0000227__en-eu__original,
dico_phrasis_0000227__es-en__flipped,
dico_phrasis_0000227__es-en__original,
dico_phrasis_0000227__es-eu__flipped,
dico_phrasis_0000227__es-eu__original,
dico_phrasis_0000227__eu-en__flipped,
dico_phrasis_0000227__eu-en__original,
dico_phrasis_0000227__eu-es__flipped,
dico_phrasis_0000227__eu-es__original,
dico_phrasis_0000228__en-es__flipped,
dico_phrasis_0000228__en-es__original,
dico_phrasis_0000228__en-eu__flipped,
dico_phrasis_0000228__en-eu__original,
dico_phrasis_0000228__es-en__flipped,
dico_phrasis_0000228__es-en__original,
dico_phrasis_0000228__es-eu__flipped,
dico_phrasis_0000228__es-eu__original,
dico_phrasis_0000228__eu-en__flipped,
dico_phrasis_0000228__eu-en__original,
dico_phrasis_0000228__eu-es__flipped,
dico_phrasis_0000228__eu-es__original,
dico_phrasis_0000229__en-es__flipped,
dico_phrasis_0000229__en-es__original,
dico_phrasis_0000229__en-eu__flipped,
dico_phrasis_0000229__en-eu__original,
dico_phrasis_0000229__es-en__flipped,
dico_phrasis_0000229__es-en__original,
dico_phrasis_0000229__es-eu__flipped,
dico_phrasis_0000229__es-eu__original,
dico_phrasis_0000229__eu-en__flipped,
dico_phrasis_0000229__eu-en__original,
dico_phrasis_0000229__eu-es__flipped,
dico_phrasis_0000229__eu-es__original,
dico_phrasis_0000230__en-es__flipped,
dico_phrasis_0000230__en-es__original,
dico_phrasis_0000230__en-eu__flipped,
dico_phrasis_0000230__en-eu__original,
dico_phrasis_0000230__es-en__flipped,
dico_phrasis_0000230__es-en__original,
dico_phrasis_0000230__es-eu__flipped,
dico_phrasis_0000230__es-eu__original,
dico_phrasis_0000230__eu-en__flipped,
dico_phrasis_0000230__eu-en__original,
dico_phrasis_0000230__eu-es__flipped,
dico_phrasis_0000230__eu-es__original,
dico_phrasis_0000231__en-es__flipped,
dico_phrasis_0000231__en-es__original,
dico_phrasis_0000231__en-eu__flipped,
dico_phrasis_0000231__en-eu__original,
dico_phrasis_0000231__es-en__flipped,
dico_phrasis_0000231__es-en__original,
dico_phrasis_0000231__es-eu__flipped,
dico_phrasis_0000231__es-eu__original,
dico_phrasis_0000231__eu-en__flipped,
dico_phrasis_0000231__eu-en__original,
dico_phrasis_0000231__eu-es__flipped,
dico_phrasis_0000231__eu-es__original,
dico_phrasis_0000233__en-es__flipped,
dico_phrasis_0000233__en-es__original,
dico_phrasis_0000233__en-eu__flipped,
dico_phrasis_0000233__en-eu__original,
dico_phrasis_0000233__es-en__flipped,
dico_phrasis_0000233__es-en__original,
dico_phrasis_0000233__es-eu__flipped,
dico_phrasis_0000233__es-eu__original,
dico_phrasis_0000233__eu-en__flipped,
dico_phrasis_0000233__eu-en__original,
dico_phrasis_0000233__eu-es__flipped,
dico_phrasis_0000233__eu-es__original,
dico_phrasis_0000234__en-es__flipped,
dico_phrasis_0000234__en-es__original,
dico_phrasis_0000234__en-eu__flipped,
dico_phrasis_0000234__en-eu__original,
dico_phrasis_0000234__es-en__flipped,
dico_phrasis_0000234__es-en__original,
dico_phrasis_0000234__es-eu__flipped,
dico_phrasis_0000234__es-eu__original,
dico_phrasis_0000234__eu-en__flipped,
dico_phrasis_0000234__eu-en__original,
dico_phrasis_0000234__eu-es__flipped,
dico_phrasis_0000234__eu-es__original,
dico_phrasis_0000235__en-es__flipped,
dico_phrasis_0000235__en-es__original,
dico_phrasis_0000235__en-eu__flipped,
dico_phrasis_0000235__en-eu__original,
dico_phrasis_0000235__es-en__flipped,
dico_phrasis_0000235__es-en__original,
dico_phrasis_0000235__es-eu__flipped,
dico_phrasis_0000235__es-eu__original,
dico_phrasis_0000235__eu-en__flipped,
dico_phrasis_0000235__eu-en__original,
dico_phrasis_0000235__eu-es__flipped,
dico_phrasis_0000235__eu-es__original,
dico_phrasis_0000236__en-es__flipped,
dico_phrasis_0000236__en-es__original,
dico_phrasis_0000236__en-eu__flipped,
dico_phrasis_0000236__en-eu__original,
dico_phrasis_0000236__es-en__flipped,
dico_phrasis_0000236__es-en__original,
dico_phrasis_0000236__es-eu__flipped,
dico_phrasis_0000236__es-eu__original,
dico_phrasis_0000236__eu-en__flipped,
dico_phrasis_0000236__eu-en__original,
dico_phrasis_0000236__eu-es__flipped,
dico_phrasis_0000236__eu-es__original,
dico_phrasis_0000237__en-es__flipped,
dico_phrasis_0000237__en-es__original,
dico_phrasis_0000237__en-eu__flipped,
dico_phrasis_0000237__en-eu__original,
dico_phrasis_0000237__es-en__flipped,
dico_phrasis_0000237__es-en__original,
dico_phrasis_0000237__es-eu__flipped,
dico_phrasis_0000237__es-eu__original,
dico_phrasis_0000237__eu-en__flipped,
dico_phrasis_0000237__eu-en__original,
dico_phrasis_0000237__eu-es__flipped,
dico_phrasis_0000237__eu-es__original,
dico_phrasis_0000238__en-es__flipped,
dico_phrasis_0000238__en-es__original,
dico_phrasis_0000238__en-eu__flipped,
dico_phrasis_0000238__en-eu__original,
dico_phrasis_0000238__es-en__flipped,
dico_phrasis_0000238__es-en__original,
dico_phrasis_0000238__es-eu__flipped,
dico_phrasis_0000238__es-eu__original,
dico_phrasis_0000238__eu-en__flipped,
dico_phrasis_0000238__eu-en__original,
dico_phrasis_0000238__eu-es__flipped,
dico_phrasis_0000238__eu-es__original,
dico_phrasis_0000239__en-es__flipped,
dico_phrasis_0000239__en-es__original,
dico_phrasis_0000239__en-eu__flipped,
dico_phrasis_0000239__en-eu__original,
dico_phrasis_0000239__es-en__flipped,
dico_phrasis_0000239__es-en__original,
dico_phrasis_0000239__es-eu__flipped,
dico_phrasis_0000239__es-eu__original,
dico_phrasis_0000239__eu-en__flipped,
dico_phrasis_0000239__eu-en__original,
dico_phrasis_0000239__eu-es__flipped,
dico_phrasis_0000239__eu-es__original,
dico_phrasis_0000242__en-es__flipped,
dico_phrasis_0000242__en-es__original,
dico_phrasis_0000242__en-eu__flipped,
dico_phrasis_0000242__en-eu__original,
dico_phrasis_0000242__es-en__flipped,
dico_phrasis_0000242__es-en__original,
dico_phrasis_0000242__es-eu__flipped,
dico_phrasis_0000242__es-eu__original,
dico_phrasis_0000242__eu-en__flipped,
dico_phrasis_0000242__eu-en__original,
dico_phrasis_0000242__eu-es__flipped,
dico_phrasis_0000242__eu-es__original,
dico_phrasis_0000243__en-es__flipped,
dico_phrasis_0000243__en-es__original,
dico_phrasis_0000243__en-eu__flipped,
dico_phrasis_0000243__en-eu__original,
dico_phrasis_0000243__es-en__flipped,
dico_phrasis_0000243__es-en__original,
dico_phrasis_0000243__es-eu__flipped,
dico_phrasis_0000243__es-eu__original,
dico_phrasis_0000243__eu-en__flipped,
dico_phrasis_0000243__eu-en__original,
dico_phrasis_0000243__eu-es__flipped,
dico_phrasis_0000243__eu-es__original,
dico_phrasis_0000244__en-es__flipped,
dico_phrasis_0000244__en-es__original,
dico_phrasis_0000244__en-eu__flipped,
dico_phrasis_0000244__en-eu__original,
dico_phrasis_0000244__es-en__flipped,
dico_phrasis_0000244__es-en__original,
dico_phrasis_0000244__es-eu__flipped,
dico_phrasis_0000244__es-eu__original,
dico_phrasis_0000244__eu-en__flipped,
dico_phrasis_0000244__eu-en__original,
dico_phrasis_0000244__eu-es__flipped,
dico_phrasis_0000244__eu-es__original,
dico_phrasis_0000245__en-es__flipped,
dico_phrasis_0000245__en-es__original,
dico_phrasis_0000245__en-eu__flipped,
dico_phrasis_0000245__en-eu__original,
dico_phrasis_0000245__es-en__flipped,
dico_phrasis_0000245__es-en__original,
dico_phrasis_0000245__es-eu__flipped,
dico_phrasis_0000245__es-eu__original,
dico_phrasis_0000245__eu-en__flipped,
dico_phrasis_0000245__eu-en__original,
dico_phrasis_0000245__eu-es__flipped,
dico_phrasis_0000245__eu-es__original,
dico_phrasis_0000247__en-es__flipped,
dico_phrasis_0000247__en-es__original,
dico_phrasis_0000247__en-eu__flipped,
dico_phrasis_0000247__en-eu__original,
dico_phrasis_0000247__es-en__flipped,
dico_phrasis_0000247__es-en__original,
dico_phrasis_0000247__es-eu__flipped,
dico_phrasis_0000247__es-eu__original,
dico_phrasis_0000247__eu-en__flipped,
dico_phrasis_0000247__eu-en__original,
dico_phrasis_0000247__eu-es__flipped,
dico_phrasis_0000247__eu-es__original,
dico_phrasis_0000248__en-es__flipped,
dico_phrasis_0000248__en-es__original,
dico_phrasis_0000248__en-eu__flipped,
dico_phrasis_0000248__en-eu__original,
dico_phrasis_0000248__es-en__flipped,
dico_phrasis_0000248__es-en__original,
dico_phrasis_0000248__es-eu__flipped,
dico_phrasis_0000248__es-eu__original,
dico_phrasis_0000248__eu-en__flipped,
dico_phrasis_0000248__eu-en__original,
dico_phrasis_0000248__eu-es__flipped,
dico_phrasis_0000248__eu-es__original,
dico_phrasis_0000251__en-es__flipped,
dico_phrasis_0000251__en-es__original,
dico_phrasis_0000251__en-eu__flipped,
dico_phrasis_0000251__en-eu__original,
dico_phrasis_0000251__es-en__flipped,
dico_phrasis_0000251__es-en__original,
dico_phrasis_0000251__es-eu__flipped,
dico_phrasis_0000251__es-eu__original,
dico_phrasis_0000251__eu-en__flipped,
dico_phrasis_0000251__eu-en__original,
dico_phrasis_0000251__eu-es__flipped,
dico_phrasis_0000251__eu-es__original,
dico_phrasis_0000252__en-es__flipped,
dico_phrasis_0000252__en-es__original,
dico_phrasis_0000252__en-eu__flipped,
dico_phrasis_0000252__en-eu__original,
dico_phrasis_0000252__es-en__flipped,
dico_phrasis_0000252__es-en__original,
dico_phrasis_0000252__es-eu__flipped,
dico_phrasis_0000252__es-eu__original,
dico_phrasis_0000252__eu-en__flipped,
dico_phrasis_0000252__eu-en__original,
dico_phrasis_0000252__eu-es__flipped,
dico_phrasis_0000252__eu-es__original,
dico_phrasis_0000253__en-es__flipped,
dico_phrasis_0000253__en-es__original,
dico_phrasis_0000253__en-eu__flipped,
dico_phrasis_0000253__en-eu__original,
dico_phrasis_0000253__es-en__flipped,
dico_phrasis_0000253__es-en__original,
dico_phrasis_0000253__es-eu__flipped,
dico_phrasis_0000253__es-eu__original,
dico_phrasis_0000253__eu-en__flipped,
dico_phrasis_0000253__eu-en__original,
dico_phrasis_0000253__eu-es__flipped,
dico_phrasis_0000253__eu-es__original,
dico_phrasis_0000254__en-es__flipped,
dico_phrasis_0000254__en-es__original,
dico_phrasis_0000254__en-eu__flipped,
dico_phrasis_0000254__en-eu__original,
dico_phrasis_0000254__es-en__flipped,
dico_phrasis_0000254__es-en__original,
dico_phrasis_0000254__es-eu__flipped,
dico_phrasis_0000254__es-eu__original,
dico_phrasis_0000254__eu-en__flipped,
dico_phrasis_0000254__eu-en__original,
dico_phrasis_0000254__eu-es__flipped,
dico_phrasis_0000254__eu-es__original,
dico_phrasis_0000256__en-es__flipped,
dico_phrasis_0000256__en-es__original,
dico_phrasis_0000256__en-eu__flipped,
dico_phrasis_0000256__en-eu__original,
dico_phrasis_0000256__es-en__flipped,
dico_phrasis_0000256__es-en__original,
dico_phrasis_0000256__es-eu__flipped,
dico_phrasis_0000256__es-eu__original,
dico_phrasis_0000256__eu-en__flipped,
dico_phrasis_0000256__eu-en__original,
dico_phrasis_0000256__eu-es__flipped,
dico_phrasis_0000256__eu-es__original,
dico_phrasis_0000257__en-es__flipped,
dico_phrasis_0000257__en-es__original,
dico_phrasis_0000257__en-eu__flipped,
dico_phrasis_0000257__en-eu__original,
dico_phrasis_0000257__es-en__flipped,
dico_phrasis_0000257__es-en__original,
dico_phrasis_0000257__es-eu__flipped,
dico_phrasis_0000257__es-eu__original,
dico_phrasis_0000257__eu-en__flipped,
dico_phrasis_0000257__eu-en__original,
dico_phrasis_0000257__eu-es__flipped,
dico_phrasis_0000257__eu-es__original,
dico_phrasis_0000258__en-es__flipped,
dico_phrasis_0000258__en-es__original,
dico_phrasis_0000258__en-eu__flipped,
dico_phrasis_0000258__en-eu__original,
dico_phrasis_0000258__es-en__flipped,
dico_phrasis_0000258__es-en__original,
dico_phrasis_0000258__es-eu__flipped,
dico_phrasis_0000258__es-eu__original,
dico_phrasis_0000258__eu-en__flipped,
dico_phrasis_0000258__eu-en__original,
dico_phrasis_0000258__eu-es__flipped,
dico_phrasis_0000258__eu-es__original,
dico_phrasis_0000260__en-es__flipped,
dico_phrasis_0000260__en-es__original,
dico_phrasis_0000260__en-eu__flipped,
dico_phrasis_0000260__en-eu__original,
dico_phrasis_0000260__es-en__flipped,
dico_phrasis_0000260__es-en__original,
dico_phrasis_0000260__es-eu__flipped,
dico_phrasis_0000260__es-eu__original,
dico_phrasis_0000260__eu-en__flipped,
dico_phrasis_0000260__eu-en__original,
dico_phrasis_0000260__eu-es__flipped,
dico_phrasis_0000260__eu-es__original,
dico_phrasis_0000261__en-es__flipped,
dico_phrasis_0000261__en-es__original,
dico_phrasis_0000261__en-eu__flipped,
dico_phrasis_0000261__en-eu__original,
dico_phrasis_0000261__es-en__flipped,
dico_phrasis_0000261__es-en__original,
dico_phrasis_0000261__es-eu__flipped,
dico_phrasis_0000261__es-eu__original,
dico_phrasis_0000261__eu-en__flipped,
dico_phrasis_0000261__eu-en__original,
dico_phrasis_0000261__eu-es__flipped,
dico_phrasis_0000261__eu-es__original,
dico_phrasis_0000265__en-es__flipped,
dico_phrasis_0000265__en-es__original,
dico_phrasis_0000265__en-eu__flipped,
dico_phrasis_0000265__en-eu__original,
dico_phrasis_0000265__es-en__flipped,
dico_phrasis_0000265__es-en__original,
dico_phrasis_0000265__es-eu__flipped,
dico_phrasis_0000265__es-eu__original,
dico_phrasis_0000265__eu-en__flipped,
dico_phrasis_0000265__eu-en__original,
dico_phrasis_0000265__eu-es__flipped,
dico_phrasis_0000265__eu-es__original,
dico_phrasis_0000266__en-es__flipped,
dico_phrasis_0000266__en-es__original,
dico_phrasis_0000266__en-eu__flipped,
dico_phrasis_0000266__en-eu__original,
dico_phrasis_0000266__es-en__flipped,
dico_phrasis_0000266__es-en__original,
dico_phrasis_0000266__es-eu__flipped,
dico_phrasis_0000266__es-eu__original,
dico_phrasis_0000266__eu-en__flipped,
dico_phrasis_0000266__eu-en__original,
dico_phrasis_0000266__eu-es__flipped,
dico_phrasis_0000266__eu-es__original,
dico_phrasis_0000267__en-es__flipped,
dico_phrasis_0000267__en-es__original,
dico_phrasis_0000267__en-eu__flipped,
dico_phrasis_0000267__en-eu__original,
dico_phrasis_0000267__es-en__flipped,
dico_phrasis_0000267__es-en__original,
dico_phrasis_0000267__es-eu__flipped,
dico_phrasis_0000267__es-eu__original,
dico_phrasis_0000267__eu-en__flipped,
dico_phrasis_0000267__eu-en__original,
dico_phrasis_0000267__eu-es__flipped,
dico_phrasis_0000267__eu-es__original,
dico_phrasis_0000269__en-es__flipped,
dico_phrasis_0000269__en-es__original,
dico_phrasis_0000269__en-eu__flipped,
dico_phrasis_0000269__en-eu__original,
dico_phrasis_0000269__es-en__flipped,
dico_phrasis_0000269__es-en__original,
dico_phrasis_0000269__es-eu__flipped,
dico_phrasis_0000269__es-eu__original,
dico_phrasis_0000269__eu-en__flipped,
dico_phrasis_0000269__eu-en__original,
dico_phrasis_0000269__eu-es__flipped,
dico_phrasis_0000269__eu-es__original,
dico_phrasis_0000270__en-es__flipped,
dico_phrasis_0000270__en-es__original,
dico_phrasis_0000270__en-eu__flipped,
dico_phrasis_0000270__en-eu__original,
dico_phrasis_0000270__es-en__flipped,
dico_phrasis_0000270__es-en__original,
dico_phrasis_0000270__es-eu__flipped,
dico_phrasis_0000270__es-eu__original,
dico_phrasis_0000270__eu-en__flipped,
dico_phrasis_0000270__eu-en__original,
dico_phrasis_0000270__eu-es__flipped,
dico_phrasis_0000270__eu-es__original,
dico_phrasis_0000272__en-es__flipped,
dico_phrasis_0000272__en-es__original,
dico_phrasis_0000272__en-eu__flipped,
dico_phrasis_0000272__en-eu__original,
dico_phrasis_0000272__es-en__flipped,
dico_phrasis_0000272__es-en__original,
dico_phrasis_0000272__es-eu__flipped,
dico_phrasis_0000272__es-eu__original,
dico_phrasis_0000272__eu-en__flipped,
dico_phrasis_0000272__eu-en__original,
dico_phrasis_0000272__eu-es__flipped,
dico_phrasis_0000272__eu-es__original,
dico_phrasis_0000273__en-es__flipped,
dico_phrasis_0000273__en-es__original,
dico_phrasis_0000273__en-eu__flipped,
dico_phrasis_0000273__en-eu__original,
dico_phrasis_0000273__es-en__flipped,
dico_phrasis_0000273__es-en__original,
dico_phrasis_0000273__es-eu__flipped,
dico_phrasis_0000273__es-eu__original,
dico_phrasis_0000273__eu-en__flipped,
dico_phrasis_0000273__eu-en__original,
dico_phrasis_0000273__eu-es__flipped,
dico_phrasis_0000273__eu-es__original,
dico_phrasis_0000274__en-es__flipped,
dico_phrasis_0000274__en-es__original,
dico_phrasis_0000274__en-eu__flipped,
dico_phrasis_0000274__en-eu__original,
dico_phrasis_0000274__es-en__flipped,
dico_phrasis_0000274__es-en__original,
dico_phrasis_0000274__es-eu__flipped,
dico_phrasis_0000274__es-eu__original,
dico_phrasis_0000274__eu-en__flipped,
dico_phrasis_0000274__eu-en__original,
dico_phrasis_0000274__eu-es__flipped,
dico_phrasis_0000274__eu-es__original,
dico_phrasis_0000276__en-es__flipped,
dico_phrasis_0000276__en-es__original,
dico_phrasis_0000276__en-eu__flipped,
dico_phrasis_0000276__en-eu__original,
dico_phrasis_0000276__es-en__flipped,
dico_phrasis_0000276__es-en__original,
dico_phrasis_0000276__es-eu__flipped,
dico_phrasis_0000276__es-eu__original,
dico_phrasis_0000276__eu-en__flipped,
dico_phrasis_0000276__eu-en__original,
dico_phrasis_0000276__eu-es__flipped,
dico_phrasis_0000276__eu-es__original,
dico_phrasis_0000278__en-es__flipped,
dico_phrasis_0000278__en-es__original,
dico_phrasis_0000278__en-eu__flipped,
dico_phrasis_0000278__en-eu__original,
dico_phrasis_0000278__es-en__flipped,
dico_phrasis_0000278__es-en__original,
dico_phrasis_0000278__es-eu__flipped,
dico_phrasis_0000278__es-eu__original,
dico_phrasis_0000278__eu-en__flipped,
dico_phrasis_0000278__eu-en__original,
dico_phrasis_0000278__eu-es__flipped,
dico_phrasis_0000278__eu-es__original,
dico_phrasis_0000280__en-es__flipped,
dico_phrasis_0000280__en-es__original,
dico_phrasis_0000280__en-eu__flipped,
dico_phrasis_0000280__en-eu__original,
dico_phrasis_0000280__es-en__flipped,
dico_phrasis_0000280__es-en__original,
dico_phrasis_0000280__es-eu__flipped,
dico_phrasis_0000280__es-eu__original,
dico_phrasis_0000280__eu-en__flipped,
dico_phrasis_0000280__eu-en__original,
dico_phrasis_0000280__eu-es__flipped,
dico_phrasis_0000280__eu-es__original,
dico_phrasis_0000282__en-es__flipped,
dico_phrasis_0000282__en-es__original,
dico_phrasis_0000282__en-eu__flipped,
dico_phrasis_0000282__en-eu__original,
dico_phrasis_0000282__es-en__flipped,
dico_phrasis_0000282__es-en__original,
dico_phrasis_0000282__es-eu__flipped,
dico_phrasis_0000282__es-eu__original,
dico_phrasis_0000282__eu-en__flipped,
dico_phrasis_0000282__eu-en__original,
dico_phrasis_0000282__eu-es__flipped,
dico_phrasis_0000282__eu-es__original,
dico_phrasis_0000285__en-es__flipped,
dico_phrasis_0000285__en-es__original,
dico_phrasis_0000285__en-eu__flipped,
dico_phrasis_0000285__en-eu__original,
dico_phrasis_0000285__es-en__flipped,
dico_phrasis_0000285__es-en__original,
dico_phrasis_0000285__es-eu__flipped,
dico_phrasis_0000285__es-eu__original,
dico_phrasis_0000285__eu-en__flipped,
dico_phrasis_0000285__eu-en__original,
dico_phrasis_0000285__eu-es__flipped,
dico_phrasis_0000285__eu-es__original,
dico_phrasis_0000286__en-es__flipped,
dico_phrasis_0000286__en-es__original,
dico_phrasis_0000286__en-eu__flipped,
dico_phrasis_0000286__en-eu__original,
dico_phrasis_0000286__es-en__flipped,
dico_phrasis_0000286__es-en__original,
dico_phrasis_0000286__es-eu__flipped,
dico_phrasis_0000286__es-eu__original,
dico_phrasis_0000286__eu-en__flipped,
dico_phrasis_0000286__eu-en__original,
dico_phrasis_0000286__eu-es__flipped,
dico_phrasis_0000286__eu-es__original,
dico_phrasis_0000287__en-es__flipped,
dico_phrasis_0000287__en-es__original,
dico_phrasis_0000287__en-eu__flipped,
dico_phrasis_0000287__en-eu__original,
dico_phrasis_0000287__es-en__flipped,
dico_phrasis_0000287__es-en__original,
dico_phrasis_0000287__es-eu__flipped,
dico_phrasis_0000287__es-eu__original,
dico_phrasis_0000287__eu-en__flipped,
dico_phrasis_0000287__eu-en__original,
dico_phrasis_0000287__eu-es__flipped,
dico_phrasis_0000287__eu-es__original,
dico_phrasis_0000289__en-es__flipped,
dico_phrasis_0000289__en-es__original,
dico_phrasis_0000289__en-eu__flipped,
dico_phrasis_0000289__en-eu__original,
dico_phrasis_0000289__es-en__flipped,
dico_phrasis_0000289__es-en__original,
dico_phrasis_0000289__es-eu__flipped,
dico_phrasis_0000289__es-eu__original,
dico_phrasis_0000289__eu-en__flipped,
dico_phrasis_0000289__eu-en__original,
dico_phrasis_0000289__eu-es__flipped,
dico_phrasis_0000289__eu-es__original,
dico_phrasis_0000291__en-es__flipped,
dico_phrasis_0000291__en-es__original,
dico_phrasis_0000291__en-eu__flipped,
dico_phrasis_0000291__en-eu__original,
dico_phrasis_0000291__es-en__flipped,
dico_phrasis_0000291__es-en__original,
dico_phrasis_0000291__es-eu__flipped,
dico_phrasis_0000291__es-eu__original,
dico_phrasis_0000291__eu-en__flipped,
dico_phrasis_0000291__eu-en__original,
dico_phrasis_0000291__eu-es__flipped,
dico_phrasis_0000291__eu-es__original,
dico_phrasis_0000292__en-es__flipped,
dico_phrasis_0000292__en-es__original,
dico_phrasis_0000292__en-eu__flipped,
dico_phrasis_0000292__en-eu__original,
dico_phrasis_0000292__es-en__flipped,
dico_phrasis_0000292__es-en__original,
dico_phrasis_0000292__es-eu__flipped,
dico_phrasis_0000292__es-eu__original,
dico_phrasis_0000292__eu-en__flipped,
dico_phrasis_0000292__eu-en__original,
dico_phrasis_0000292__eu-es__flipped,
dico_phrasis_0000292__eu-es__original,
dico_phrasis_0000293__en-es__flipped,
dico_phrasis_0000293__en-es__original,
dico_phrasis_0000293__en-eu__flipped,
dico_phrasis_0000293__en-eu__original,
dico_phrasis_0000293__es-en__flipped,
dico_phrasis_0000293__es-en__original,
dico_phrasis_0000293__es-eu__flipped,
dico_phrasis_0000293__es-eu__original,
dico_phrasis_0000293__eu-en__flipped,
dico_phrasis_0000293__eu-en__original,
dico_phrasis_0000293__eu-es__flipped,
dico_phrasis_0000293__eu-es__original,
dico_phrasis_0000296__en-es__flipped,
dico_phrasis_0000296__en-es__original,
dico_phrasis_0000296__en-eu__flipped,
dico_phrasis_0000296__en-eu__original,
dico_phrasis_0000296__es-en__flipped,
dico_phrasis_0000296__es-en__original,
dico_phrasis_0000296__es-eu__flipped,
dico_phrasis_0000296__es-eu__original,
dico_phrasis_0000296__eu-en__flipped,
dico_phrasis_0000296__eu-en__original,
dico_phrasis_0000296__eu-es__flipped,
dico_phrasis_0000296__eu-es__original,
dico_phrasis_0000297__en-es__flipped,
dico_phrasis_0000297__en-es__original,
dico_phrasis_0000297__en-eu__flipped,
dico_phrasis_0000297__en-eu__original,
dico_phrasis_0000297__es-en__flipped,
dico_phrasis_0000297__es-en__original,
dico_phrasis_0000297__es-eu__flipped,
dico_phrasis_0000297__es-eu__original,
dico_phrasis_0000297__eu-en__flipped,
dico_phrasis_0000297__eu-en__original,
dico_phrasis_0000297__eu-es__flipped,
dico_phrasis_0000297__eu-es__original,
dico_phrasis_0000298__en-es__flipped,
dico_phrasis_0000298__en-es__original,
dico_phrasis_0000298__en-eu__flipped,
dico_phrasis_0000298__en-eu__original,
dico_phrasis_0000298__es-en__flipped,
dico_phrasis_0000298__es-en__original,
dico_phrasis_0000298__es-eu__flipped,
dico_phrasis_0000298__es-eu__original,
dico_phrasis_0000298__eu-en__flipped,
dico_phrasis_0000298__eu-en__original,
dico_phrasis_0000298__eu-es__flipped,
dico_phrasis_0000298__eu-es__original,
dico_phrasis_0000300__en-es__flipped,
dico_phrasis_0000300__en-es__original,
dico_phrasis_0000300__en-eu__flipped,
dico_phrasis_0000300__en-eu__original,
dico_phrasis_0000300__es-en__flipped,
dico_phrasis_0000300__es-en__original,
dico_phrasis_0000300__es-eu__flipped,
dico_phrasis_0000300__es-eu__original,
dico_phrasis_0000300__eu-en__flipped,
dico_phrasis_0000300__eu-en__original,
dico_phrasis_0000300__eu-es__flipped,
dico_phrasis_0000300__eu-es__original,
dico_phrasis_0000301__en-es__flipped,
dico_phrasis_0000301__en-es__original,
dico_phrasis_0000301__en-eu__flipped,
dico_phrasis_0000301__en-eu__original,
dico_phrasis_0000301__es-en__flipped,
dico_phrasis_0000301__es-en__original,
dico_phrasis_0000301__es-eu__flipped,
dico_phrasis_0000301__es-eu__original,
dico_phrasis_0000301__eu-en__flipped,
dico_phrasis_0000301__eu-en__original,
dico_phrasis_0000301__eu-es__flipped,
dico_phrasis_0000301__eu-es__original,
dico_phrasis_0000302__en-es__flipped,
dico_phrasis_0000302__en-es__original,
dico_phrasis_0000302__en-eu__flipped,
dico_phrasis_0000302__en-eu__original,
dico_phrasis_0000302__es-en__flipped,
dico_phrasis_0000302__es-en__original,
dico_phrasis_0000302__es-eu__flipped,
dico_phrasis_0000302__es-eu__original,
dico_phrasis_0000302__eu-en__flipped,
dico_phrasis_0000302__eu-en__original,
dico_phrasis_0000302__eu-es__flipped,
dico_phrasis_0000302__eu-es__original,
dico_phrasis_0000304__en-es__flipped,
dico_phrasis_0000304__en-es__original,
dico_phrasis_0000304__en-eu__flipped,
dico_phrasis_0000304__en-eu__original,
dico_phrasis_0000304__es-en__flipped,
dico_phrasis_0000304__es-en__original,
dico_phrasis_0000304__es-eu__flipped,
dico_phrasis_0000304__es-eu__original,
dico_phrasis_0000304__eu-en__flipped,
dico_phrasis_0000304__eu-en__original,
dico_phrasis_0000304__eu-es__flipped,
dico_phrasis_0000304__eu-es__original,
dico_phrasis_0000305__en-es__flipped,
dico_phrasis_0000305__en-es__original,
dico_phrasis_0000305__en-eu__flipped,
dico_phrasis_0000305__en-eu__original,
dico_phrasis_0000305__es-en__flipped,
dico_phrasis_0000305__es-en__original,
dico_phrasis_0000305__es-eu__flipped,
dico_phrasis_0000305__es-eu__original,
dico_phrasis_0000305__eu-en__flipped,
dico_phrasis_0000305__eu-en__original,
dico_phrasis_0000305__eu-es__flipped,
dico_phrasis_0000305__eu-es__original,
dico_phrasis_0000307__en-es__flipped,
dico_phrasis_0000307__en-es__original,
dico_phrasis_0000307__en-eu__flipped,
dico_phrasis_0000307__en-eu__original,
dico_phrasis_0000307__es-en__flipped,
dico_phrasis_0000307__es-en__original,
dico_phrasis_0000307__es-eu__flipped,
dico_phrasis_0000307__es-eu__original,
dico_phrasis_0000307__eu-en__flipped,
dico_phrasis_0000307__eu-en__original,
dico_phrasis_0000307__eu-es__flipped,
dico_phrasis_0000307__eu-es__original,
dico_phrasis_0000310__en-es__flipped,
dico_phrasis_0000310__en-es__original,
dico_phrasis_0000310__en-eu__flipped,
dico_phrasis_0000310__en-eu__original,
dico_phrasis_0000310__es-en__flipped,
dico_phrasis_0000310__es-en__original,
dico_phrasis_0000310__es-eu__flipped,
dico_phrasis_0000310__es-eu__original,
dico_phrasis_0000310__eu-en__flipped,
dico_phrasis_0000310__eu-en__original,
dico_phrasis_0000310__eu-es__flipped,
dico_phrasis_0000310__eu-es__original,
dico_phrasis_0000311__en-es__flipped,
dico_phrasis_0000311__en-es__original,
dico_phrasis_0000311__en-eu__flipped,
dico_phrasis_0000311__en-eu__original,
dico_phrasis_0000311__es-en__flipped,
dico_phrasis_0000311__es-en__original,
dico_phrasis_0000311__es-eu__flipped,
dico_phrasis_0000311__es-eu__original,
dico_phrasis_0000311__eu-en__flipped,
dico_phrasis_0000311__eu-en__original,
dico_phrasis_0000311__eu-es__flipped,
dico_phrasis_0000311__eu-es__original,
dico_phrasis_0000314__en-es__flipped,
dico_phrasis_0000314__en-es__original,
dico_phrasis_0000314__en-eu__flipped,
dico_phrasis_0000314__en-eu__original,
dico_phrasis_0000314__es-en__flipped,
dico_phrasis_0000314__es-en__original,
dico_phrasis_0000314__es-eu__flipped,
dico_phrasis_0000314__es-eu__original,
dico_phrasis_0000314__eu-en__flipped,
dico_phrasis_0000314__eu-en__original,
dico_phrasis_0000314__eu-es__flipped,
dico_phrasis_0000314__eu-es__original,
dico_phrasis_0000315__en-es__flipped,
dico_phrasis_0000315__en-es__original,
dico_phrasis_0000315__en-eu__flipped,
dico_phrasis_0000315__en-eu__original,
dico_phrasis_0000315__es-en__flipped,
dico_phrasis_0000315__es-en__original,
dico_phrasis_0000315__es-eu__flipped,
dico_phrasis_0000315__es-eu__original,
dico_phrasis_0000315__eu-en__flipped,
dico_phrasis_0000315__eu-en__original,
dico_phrasis_0000315__eu-es__flipped,
dico_phrasis_0000315__eu-es__original,
dico_phrasis_0000316__en-es__flipped,
dico_phrasis_0000316__en-es__original,
dico_phrasis_0000316__en-eu__flipped,
dico_phrasis_0000316__en-eu__original,
dico_phrasis_0000316__es-en__flipped,
dico_phrasis_0000316__es-en__original,
dico_phrasis_0000316__es-eu__flipped,
dico_phrasis_0000316__es-eu__original,
dico_phrasis_0000316__eu-en__flipped,
dico_phrasis_0000316__eu-en__original,
dico_phrasis_0000316__eu-es__flipped,
dico_phrasis_0000316__eu-es__original,
dico_phrasis_0000317__en-es__flipped,
dico_phrasis_0000317__en-es__original,
dico_phrasis_0000317__en-eu__flipped,
dico_phrasis_0000317__en-eu__original,
dico_phrasis_0000317__es-en__flipped,
dico_phrasis_0000317__es-en__original,
dico_phrasis_0000317__es-eu__flipped,
dico_phrasis_0000317__es-eu__original,
dico_phrasis_0000317__eu-en__flipped,
dico_phrasis_0000317__eu-en__original,
dico_phrasis_0000317__eu-es__flipped,
dico_phrasis_0000317__eu-es__original,
dico_phrasis_0000318__en-es__flipped,
dico_phrasis_0000318__en-es__original,
dico_phrasis_0000318__en-eu__flipped,
dico_phrasis_0000318__en-eu__original,
dico_phrasis_0000318__es-en__flipped,
dico_phrasis_0000318__es-en__original,
dico_phrasis_0000318__es-eu__flipped,
dico_phrasis_0000318__es-eu__original,
dico_phrasis_0000318__eu-en__flipped,
dico_phrasis_0000318__eu-en__original,
dico_phrasis_0000318__eu-es__flipped,
dico_phrasis_0000318__eu-es__original,
dico_phrasis_0000319__en-es__flipped,
dico_phrasis_0000319__en-es__original,
dico_phrasis_0000319__en-eu__flipped,
dico_phrasis_0000319__en-eu__original,
dico_phrasis_0000319__es-en__flipped,
dico_phrasis_0000319__es-en__original,
dico_phrasis_0000319__es-eu__flipped,
dico_phrasis_0000319__es-eu__original,
dico_phrasis_0000319__eu-en__flipped,
dico_phrasis_0000319__eu-en__original,
dico_phrasis_0000319__eu-es__flipped,
dico_phrasis_0000319__eu-es__original,
dico_phrasis_0000320__en-es__flipped,
dico_phrasis_0000320__en-es__original,
dico_phrasis_0000320__en-eu__flipped,
dico_phrasis_0000320__en-eu__original,
dico_phrasis_0000320__es-en__flipped,
dico_phrasis_0000320__es-en__original,
dico_phrasis_0000320__es-eu__flipped,
dico_phrasis_0000320__es-eu__original,
dico_phrasis_0000320__eu-en__flipped,
dico_phrasis_0000320__eu-en__original,
dico_phrasis_0000320__eu-es__flipped,
dico_phrasis_0000320__eu-es__original,
dico_phrasis_0000321__en-es__flipped,
dico_phrasis_0000321__en-es__original,
dico_phrasis_0000321__en-eu__flipped,
dico_phrasis_0000321__en-eu__original,
dico_phrasis_0000321__es-en__flipped,
dico_phrasis_0000321__es-en__original,
dico_phrasis_0000321__es-eu__flipped,
dico_phrasis_0000321__es-eu__original,
dico_phrasis_0000321__eu-en__flipped,
dico_phrasis_0000321__eu-en__original,
dico_phrasis_0000321__eu-es__flipped,
dico_phrasis_0000321__eu-es__original,
dico_phrasis_0000322__en-es__flipped,
dico_phrasis_0000322__en-es__original,
dico_phrasis_0000322__en-eu__flipped,
dico_phrasis_0000322__en-eu__original,
dico_phrasis_0000322__es-en__flipped,
dico_phrasis_0000322__es-en__original,
dico_phrasis_0000322__es-eu__flipped,
dico_phrasis_0000322__es-eu__original,
dico_phrasis_0000322__eu-en__flipped,
dico_phrasis_0000322__eu-en__original,
dico_phrasis_0000322__eu-es__flipped,
dico_phrasis_0000322__eu-es__original,
dico_phrasis_0000323__en-es__flipped,
dico_phrasis_0000323__en-es__original,
dico_phrasis_0000323__en-eu__flipped,
dico_phrasis_0000323__en-eu__original,
dico_phrasis_0000323__es-en__flipped,
dico_phrasis_0000323__es-en__original,
dico_phrasis_0000323__es-eu__flipped,
dico_phrasis_0000323__es-eu__original,
dico_phrasis_0000323__eu-en__flipped,
dico_phrasis_0000323__eu-en__original,
dico_phrasis_0000323__eu-es__flipped,
dico_phrasis_0000323__eu-es__original,
dico_phrasis_0000324__en-es__flipped,
dico_phrasis_0000324__en-es__original,
dico_phrasis_0000324__en-eu__flipped,
dico_phrasis_0000324__en-eu__original,
dico_phrasis_0000324__es-en__flipped,
dico_phrasis_0000324__es-en__original,
dico_phrasis_0000324__es-eu__flipped,
dico_phrasis_0000324__es-eu__original,
dico_phrasis_0000324__eu-en__flipped,
dico_phrasis_0000324__eu-en__original,
dico_phrasis_0000324__eu-es__flipped,
dico_phrasis_0000324__eu-es__original,
dico_phrasis_0000325__en-es__flipped,
dico_phrasis_0000325__en-es__original,
dico_phrasis_0000325__en-eu__flipped,
dico_phrasis_0000325__en-eu__original,
dico_phrasis_0000325__es-en__flipped,
dico_phrasis_0000325__es-en__original,
dico_phrasis_0000325__es-eu__flipped,
dico_phrasis_0000325__es-eu__original,
dico_phrasis_0000325__eu-en__flipped,
dico_phrasis_0000325__eu-en__original,
dico_phrasis_0000325__eu-es__flipped,
dico_phrasis_0000325__eu-es__original,
dico_phrasis_0000327__en-es__flipped,
dico_phrasis_0000327__en-es__original,
dico_phrasis_0000327__en-eu__flipped,
dico_phrasis_0000327__en-eu__original,
dico_phrasis_0000327__es-en__flipped,
dico_phrasis_0000327__es-en__original,
dico_phrasis_0000327__es-eu__flipped,
dico_phrasis_0000327__es-eu__original,
dico_phrasis_0000327__eu-en__flipped,
dico_phrasis_0000327__eu-en__original,
dico_phrasis_0000327__eu-es__flipped,
dico_phrasis_0000327__eu-es__original,
dico_phrasis_0000332__en-es__flipped,
dico_phrasis_0000332__en-es__original,
dico_phrasis_0000332__en-eu__flipped,
dico_phrasis_0000332__en-eu__original,
dico_phrasis_0000332__es-en__flipped,
dico_phrasis_0000332__es-en__original,
dico_phrasis_0000332__es-eu__flipped,
dico_phrasis_0000332__es-eu__original,
dico_phrasis_0000332__eu-en__flipped,
dico_phrasis_0000332__eu-en__original,
dico_phrasis_0000332__eu-es__flipped,
dico_phrasis_0000332__eu-es__original,
dico_phrasis_0000333__en-es__flipped,
dico_phrasis_0000333__en-es__original,
dico_phrasis_0000333__en-eu__flipped,
dico_phrasis_0000333__en-eu__original,
dico_phrasis_0000333__es-en__flipped,
dico_phrasis_0000333__es-en__original,
dico_phrasis_0000333__es-eu__flipped,
dico_phrasis_0000333__es-eu__original,
dico_phrasis_0000333__eu-en__flipped,
dico_phrasis_0000333__eu-en__original,
dico_phrasis_0000333__eu-es__flipped,
dico_phrasis_0000333__eu-es__original,
dico_phrasis_0000334__en-es__flipped,
dico_phrasis_0000334__en-es__original,
dico_phrasis_0000334__en-eu__flipped,
dico_phrasis_0000334__en-eu__original,
dico_phrasis_0000334__es-en__flipped,
dico_phrasis_0000334__es-en__original,
dico_phrasis_0000334__es-eu__flipped,
dico_phrasis_0000334__es-eu__original,
dico_phrasis_0000334__eu-en__flipped,
dico_phrasis_0000334__eu-en__original,
dico_phrasis_0000334__eu-es__flipped,
dico_phrasis_0000334__eu-es__original,
dico_phrasis_0000335__en-es__flipped,
dico_phrasis_0000335__en-es__original,
dico_phrasis_0000335__en-eu__flipped,
dico_phrasis_0000335__en-eu__original,
dico_phrasis_0000335__es-en__flipped,
dico_phrasis_0000335__es-en__original,
dico_phrasis_0000335__es-eu__flipped,
dico_phrasis_0000335__es-eu__original,
dico_phrasis_0000335__eu-en__flipped,
dico_phrasis_0000335__eu-en__original,
dico_phrasis_0000335__eu-es__flipped,
dico_phrasis_0000335__eu-es__original,
dico_phrasis_0000336__en-es__flipped,
dico_phrasis_0000336__en-es__original,
dico_phrasis_0000336__en-eu__flipped,
dico_phrasis_0000336__en-eu__original,
dico_phrasis_0000336__es-en__flipped,
dico_phrasis_0000336__es-en__original,
dico_phrasis_0000336__es-eu__flipped,
dico_phrasis_0000336__es-eu__original,
dico_phrasis_0000336__eu-en__flipped,
dico_phrasis_0000336__eu-en__original,
dico_phrasis_0000336__eu-es__flipped,
dico_phrasis_0000336__eu-es__original,
dico_phrasis_0000337__en-es__flipped,
dico_phrasis_0000337__en-es__original,
dico_phrasis_0000337__en-eu__flipped,
dico_phrasis_0000337__en-eu__original,
dico_phrasis_0000337__es-en__flipped,
dico_phrasis_0000337__es-en__original,
dico_phrasis_0000337__es-eu__flipped,
dico_phrasis_0000337__es-eu__original,
dico_phrasis_0000337__eu-en__flipped,
dico_phrasis_0000337__eu-en__original,
dico_phrasis_0000337__eu-es__flipped,
dico_phrasis_0000337__eu-es__original,
dico_phrasis_0000341__en-es__flipped,
dico_phrasis_0000341__en-es__original,
dico_phrasis_0000341__en-eu__flipped,
dico_phrasis_0000341__en-eu__original,
dico_phrasis_0000341__es-en__flipped,
dico_phrasis_0000341__es-en__original,
dico_phrasis_0000341__es-eu__flipped,
dico_phrasis_0000341__es-eu__original,
dico_phrasis_0000341__eu-en__flipped,
dico_phrasis_0000341__eu-en__original,
dico_phrasis_0000341__eu-es__flipped,
dico_phrasis_0000341__eu-es__original,
dico_phrasis_0000343__en-es__flipped,
dico_phrasis_0000343__en-es__original,
dico_phrasis_0000343__en-eu__flipped,
dico_phrasis_0000343__en-eu__original,
dico_phrasis_0000343__es-en__flipped,
dico_phrasis_0000343__es-en__original,
dico_phrasis_0000343__es-eu__flipped,
dico_phrasis_0000343__es-eu__original,
dico_phrasis_0000343__eu-en__flipped,
dico_phrasis_0000343__eu-en__original,
dico_phrasis_0000343__eu-es__flipped,
dico_phrasis_0000343__eu-es__original,
dico_phrasis_0000344__en-es__flipped,
dico_phrasis_0000344__en-es__original,
dico_phrasis_0000344__en-eu__flipped,
dico_phrasis_0000344__en-eu__original,
dico_phrasis_0000344__es-en__flipped,
dico_phrasis_0000344__es-en__original,
dico_phrasis_0000344__es-eu__flipped,
dico_phrasis_0000344__es-eu__original,
dico_phrasis_0000344__eu-en__flipped,
dico_phrasis_0000344__eu-en__original,
dico_phrasis_0000344__eu-es__flipped,
dico_phrasis_0000344__eu-es__original,
dico_phrasis_0000346__en-es__flipped,
dico_phrasis_0000346__en-es__original,
dico_phrasis_0000346__en-eu__flipped,
dico_phrasis_0000346__en-eu__original,
dico_phrasis_0000346__es-en__flipped,
dico_phrasis_0000346__es-en__original,
dico_phrasis_0000346__es-eu__flipped,
dico_phrasis_0000346__es-eu__original,
dico_phrasis_0000346__eu-en__flipped,
dico_phrasis_0000346__eu-en__original,
dico_phrasis_0000346__eu-es__flipped,
dico_phrasis_0000346__eu-es__original,
dico_phrasis_0000347__en-es__flipped,
dico_phrasis_0000347__en-es__original,
dico_phrasis_0000347__en-eu__flipped,
dico_phrasis_0000347__en-eu__original,
dico_phrasis_0000347__es-en__flipped,
dico_phrasis_0000347__es-en__original,
dico_phrasis_0000347__es-eu__flipped,
dico_phrasis_0000347__es-eu__original,
dico_phrasis_0000347__eu-en__flipped,
dico_phrasis_0000347__eu-en__original,
dico_phrasis_0000347__eu-es__flipped,
dico_phrasis_0000347__eu-es__original,
dico_phrasis_0000348__en-es__flipped,
dico_phrasis_0000348__en-es__original,
dico_phrasis_0000348__en-eu__flipped,
dico_phrasis_0000348__en-eu__original,
dico_phrasis_0000348__es-en__flipped,
dico_phrasis_0000348__es-en__original,
dico_phrasis_0000348__es-eu__flipped,
dico_phrasis_0000348__es-eu__original,
dico_phrasis_0000348__eu-en__flipped,
dico_phrasis_0000348__eu-en__original,
dico_phrasis_0000348__eu-es__flipped,
dico_phrasis_0000348__eu-es__original,
dico_phrasis_0000349__en-es__flipped,
dico_phrasis_0000349__en-es__original,
dico_phrasis_0000349__en-eu__flipped,
dico_phrasis_0000349__en-eu__original,
dico_phrasis_0000349__es-en__flipped,
dico_phrasis_0000349__es-en__original,
dico_phrasis_0000349__es-eu__flipped,
dico_phrasis_0000349__es-eu__original,
dico_phrasis_0000349__eu-en__flipped,
dico_phrasis_0000349__eu-en__original,
dico_phrasis_0000349__eu-es__flipped,
dico_phrasis_0000349__eu-es__original,
dico_phrasis_0000351__en-es__flipped,
dico_phrasis_0000351__en-es__original,
dico_phrasis_0000351__en-eu__flipped,
dico_phrasis_0000351__en-eu__original,
dico_phrasis_0000351__es-en__flipped,
dico_phrasis_0000351__es-en__original,
dico_phrasis_0000351__es-eu__flipped,
dico_phrasis_0000351__es-eu__original,
dico_phrasis_0000351__eu-en__flipped,
dico_phrasis_0000351__eu-en__original,
dico_phrasis_0000351__eu-es__flipped,
dico_phrasis_0000351__eu-es__original,
dico_phrasis_0000353__en-es__flipped,
dico_phrasis_0000353__en-es__original,
dico_phrasis_0000353__en-eu__flipped,
dico_phrasis_0000353__en-eu__original,
dico_phrasis_0000353__es-en__flipped,
dico_phrasis_0000353__es-en__original,
dico_phrasis_0000353__es-eu__flipped,
dico_phrasis_0000353__es-eu__original,
dico_phrasis_0000353__eu-en__flipped,
dico_phrasis_0000353__eu-en__original,
dico_phrasis_0000353__eu-es__flipped,
dico_phrasis_0000353__eu-es__original,
dico_phrasis_0000354__en-es__flipped,
dico_phrasis_0000354__en-es__original,
dico_phrasis_0000354__en-eu__flipped,
dico_phrasis_0000354__en-eu__original,
dico_phrasis_0000354__es-en__flipped,
dico_phrasis_0000354__es-en__original,
dico_phrasis_0000354__es-eu__flipped,
dico_phrasis_0000354__es-eu__original,
dico_phrasis_0000354__eu-en__flipped,
dico_phrasis_0000354__eu-en__original,
dico_phrasis_0000354__eu-es__flipped,
dico_phrasis_0000354__eu-es__original,
dico_phrasis_0000355__en-es__flipped,
dico_phrasis_0000355__en-es__original,
dico_phrasis_0000355__en-eu__flipped,
dico_phrasis_0000355__en-eu__original,
dico_phrasis_0000355__es-en__flipped,
dico_phrasis_0000355__es-en__original,
dico_phrasis_0000355__es-eu__flipped,
dico_phrasis_0000355__es-eu__original,
dico_phrasis_0000355__eu-en__flipped,
dico_phrasis_0000355__eu-en__original,
dico_phrasis_0000355__eu-es__flipped,
dico_phrasis_0000355__eu-es__original,
dico_phrasis_0000356__en-es__flipped,
dico_phrasis_0000356__en-es__original,
dico_phrasis_0000356__en-eu__flipped,
dico_phrasis_0000356__en-eu__original,
dico_phrasis_0000356__es-en__flipped,
dico_phrasis_0000356__es-en__original,
dico_phrasis_0000356__es-eu__flipped,
dico_phrasis_0000356__es-eu__original,
dico_phrasis_0000356__eu-en__flipped,
dico_phrasis_0000356__eu-en__original,
dico_phrasis_0000356__eu-es__flipped,
dico_phrasis_0000356__eu-es__original,
dico_phrasis_0000357__en-es__flipped,
dico_phrasis_0000357__en-es__original,
dico_phrasis_0000357__en-eu__flipped,
dico_phrasis_0000357__en-eu__original,
dico_phrasis_0000357__es-en__flipped,
dico_phrasis_0000357__es-en__original,
dico_phrasis_0000357__es-eu__flipped,
dico_phrasis_0000357__es-eu__original,
dico_phrasis_0000357__eu-en__flipped,
dico_phrasis_0000357__eu-en__original,
dico_phrasis_0000357__eu-es__flipped,
dico_phrasis_0000357__eu-es__original,
dico_phrasis_0000358__en-es__flipped,
dico_phrasis_0000358__en-es__original,
dico_phrasis_0000358__en-eu__flipped,
dico_phrasis_0000358__en-eu__original,
dico_phrasis_0000358__es-en__flipped,
dico_phrasis_0000358__es-en__original,
dico_phrasis_0000358__es-eu__flipped,
dico_phrasis_0000358__es-eu__original,
dico_phrasis_0000358__eu-en__flipped,
dico_phrasis_0000358__eu-en__original,
dico_phrasis_0000358__eu-es__flipped,
dico_phrasis_0000358__eu-es__original,
dico_phrasis_0000359__en-es__flipped,
dico_phrasis_0000359__en-es__original,
dico_phrasis_0000359__en-eu__flipped,
dico_phrasis_0000359__en-eu__original,
dico_phrasis_0000359__es-en__flipped,
dico_phrasis_0000359__es-en__original,
dico_phrasis_0000359__es-eu__flipped,
dico_phrasis_0000359__es-eu__original,
dico_phrasis_0000359__eu-en__flipped,
dico_phrasis_0000359__eu-en__original,
dico_phrasis_0000359__eu-es__flipped,
dico_phrasis_0000359__eu-es__original,
dico_phrasis_0000360__en-es__flipped,
dico_phrasis_0000360__en-es__original,
dico_phrasis_0000360__en-eu__flipped,
dico_phrasis_0000360__en-eu__original,
dico_phrasis_0000360__es-en__flipped,
dico_phrasis_0000360__es-en__original,
dico_phrasis_0000360__es-eu__flipped,
dico_phrasis_0000360__es-eu__original,
dico_phrasis_0000360__eu-en__flipped,
dico_phrasis_0000360__eu-en__original,
dico_phrasis_0000360__eu-es__flipped,
dico_phrasis_0000360__eu-es__original,
dico_phrasis_0000361__en-es__flipped,
dico_phrasis_0000361__en-es__original,
dico_phrasis_0000361__en-eu__flipped,
dico_phrasis_0000361__en-eu__original,
dico_phrasis_0000361__es-en__flipped,
dico_phrasis_0000361__es-en__original,
dico_phrasis_0000361__es-eu__flipped,
dico_phrasis_0000361__es-eu__original,
dico_phrasis_0000361__eu-en__flipped,
dico_phrasis_0000361__eu-en__original,
dico_phrasis_0000361__eu-es__flipped,
dico_phrasis_0000361__eu-es__original,
dico_phrasis_0000362__en-es__flipped,
dico_phrasis_0000362__en-es__original,
dico_phrasis_0000362__en-eu__flipped,
dico_phrasis_0000362__en-eu__original,
dico_phrasis_0000362__es-en__flipped,
dico_phrasis_0000362__es-en__original,
dico_phrasis_0000362__es-eu__flipped,
dico_phrasis_0000362__es-eu__original,
dico_phrasis_0000362__eu-en__flipped,
dico_phrasis_0000362__eu-en__original,
dico_phrasis_0000362__eu-es__flipped,
dico_phrasis_0000362__eu-es__original,
dico_phrasis_0000363__en-es__flipped,
dico_phrasis_0000363__en-es__original,
dico_phrasis_0000363__en-eu__flipped,
dico_phrasis_0000363__en-eu__original,
dico_phrasis_0000363__es-en__flipped,
dico_phrasis_0000363__es-en__original,
dico_phrasis_0000363__es-eu__flipped,
dico_phrasis_0000363__es-eu__original,
dico_phrasis_0000363__eu-en__flipped,
dico_phrasis_0000363__eu-en__original,
dico_phrasis_0000363__eu-es__flipped,
dico_phrasis_0000363__eu-es__original,
dico_phrasis_0000364__en-es__flipped,
dico_phrasis_0000364__en-es__original,
dico_phrasis_0000364__en-eu__flipped,
dico_phrasis_0000364__en-eu__original,
dico_phrasis_0000364__es-en__flipped,
dico_phrasis_0000364__es-en__original,
dico_phrasis_0000364__es-eu__flipped,
dico_phrasis_0000364__es-eu__original,
dico_phrasis_0000364__eu-en__flipped,
dico_phrasis_0000364__eu-en__original,
dico_phrasis_0000364__eu-es__flipped,
dico_phrasis_0000364__eu-es__original,
dico_phrasis_0000365__en-es__flipped,
dico_phrasis_0000365__en-es__original,
dico_phrasis_0000365__en-eu__flipped,
dico_phrasis_0000365__en-eu__original,
dico_phrasis_0000365__es-en__flipped,
dico_phrasis_0000365__es-en__original,
dico_phrasis_0000365__es-eu__flipped,
dico_phrasis_0000365__es-eu__original,
dico_phrasis_0000365__eu-en__flipped,
dico_phrasis_0000365__eu-en__original,
dico_phrasis_0000365__eu-es__flipped,
dico_phrasis_0000365__eu-es__original,
dico_phrasis_0000366__en-es__flipped,
dico_phrasis_0000366__en-es__original,
dico_phrasis_0000366__en-eu__flipped,
dico_phrasis_0000366__en-eu__original,
dico_phrasis_0000366__es-en__flipped,
dico_phrasis_0000366__es-en__original,
dico_phrasis_0000366__es-eu__flipped,
dico_phrasis_0000366__es-eu__original,
dico_phrasis_0000366__eu-en__flipped,
dico_phrasis_0000366__eu-en__original,
dico_phrasis_0000366__eu-es__flipped,
dico_phrasis_0000366__eu-es__original,
dico_phrasis_0000368__en-es__flipped,
dico_phrasis_0000368__en-es__original,
dico_phrasis_0000368__en-eu__flipped,
dico_phrasis_0000368__en-eu__original,
dico_phrasis_0000368__es-en__flipped,
dico_phrasis_0000368__es-en__original,
dico_phrasis_0000368__es-eu__flipped,
dico_phrasis_0000368__es-eu__original,
dico_phrasis_0000368__eu-en__flipped,
dico_phrasis_0000368__eu-en__original,
dico_phrasis_0000368__eu-es__flipped,
dico_phrasis_0000368__eu-es__original,
dico_phrasis_0000369__en-es__flipped,
dico_phrasis_0000369__en-es__original,
dico_phrasis_0000369__en-eu__flipped,
dico_phrasis_0000369__en-eu__original,
dico_phrasis_0000369__es-en__flipped,
dico_phrasis_0000369__es-en__original,
dico_phrasis_0000369__es-eu__flipped,
dico_phrasis_0000369__es-eu__original,
dico_phrasis_0000369__eu-en__flipped,
dico_phrasis_0000369__eu-en__original,
dico_phrasis_0000369__eu-es__flipped,
dico_phrasis_0000369__eu-es__original,
dico_phrasis_0000371__en-es__flipped,
dico_phrasis_0000371__en-es__original,
dico_phrasis_0000371__en-eu__flipped,
dico_phrasis_0000371__en-eu__original,
dico_phrasis_0000371__es-en__flipped,
dico_phrasis_0000371__es-en__original,
dico_phrasis_0000371__es-eu__flipped,
dico_phrasis_0000371__es-eu__original,
dico_phrasis_0000371__eu-en__flipped,
dico_phrasis_0000371__eu-en__original,
dico_phrasis_0000371__eu-es__flipped,
dico_phrasis_0000371__eu-es__original,
dico_phrasis_0000373__en-es__flipped,
dico_phrasis_0000373__en-es__original,
dico_phrasis_0000373__en-eu__flipped,
dico_phrasis_0000373__en-eu__original,
dico_phrasis_0000373__es-en__flipped,
dico_phrasis_0000373__es-en__original,
dico_phrasis_0000373__es-eu__flipped,
dico_phrasis_0000373__es-eu__original,
dico_phrasis_0000373__eu-en__flipped,
dico_phrasis_0000373__eu-en__original,
dico_phrasis_0000373__eu-es__flipped,
dico_phrasis_0000373__eu-es__original,
dico_phrasis_0000376__en-es__flipped,
dico_phrasis_0000376__en-es__original,
dico_phrasis_0000376__en-eu__flipped,
dico_phrasis_0000376__en-eu__original,
dico_phrasis_0000376__es-en__flipped,
dico_phrasis_0000376__es-en__original,
dico_phrasis_0000376__es-eu__flipped,
dico_phrasis_0000376__es-eu__original,
dico_phrasis_0000376__eu-en__flipped,
dico_phrasis_0000376__eu-en__original,
dico_phrasis_0000376__eu-es__flipped,
dico_phrasis_0000376__eu-es__original,
dico_phrasis_0000377__en-es__flipped,
dico_phrasis_0000377__en-es__original,
dico_phrasis_0000377__en-eu__flipped,
dico_phrasis_0000377__en-eu__original,
dico_phrasis_0000377__es-en__flipped,
dico_phrasis_0000377__es-en__original,
dico_phrasis_0000377__es-eu__flipped,
dico_phrasis_0000377__es-eu__original,
dico_phrasis_0000377__eu-en__flipped,
dico_phrasis_0000377__eu-en__original,
dico_phrasis_0000377__eu-es__flipped,
dico_phrasis_0000377__eu-es__original,
dico_phrasis_0000378__en-es__flipped,
dico_phrasis_0000378__en-es__original,
dico_phrasis_0000378__en-eu__flipped,
dico_phrasis_0000378__en-eu__original,
dico_phrasis_0000378__es-en__flipped,
dico_phrasis_0000378__es-en__original,
dico_phrasis_0000378__es-eu__flipped,
dico_phrasis_0000378__es-eu__original,
dico_phrasis_0000378__eu-en__flipped,
dico_phrasis_0000378__eu-en__original,
dico_phrasis_0000378__eu-es__flipped,
dico_phrasis_0000378__eu-es__original,
dico_phrasis_0000379__en-es__flipped,
dico_phrasis_0000379__en-es__original,
dico_phrasis_0000379__en-eu__flipped,
dico_phrasis_0000379__en-eu__original,
dico_phrasis_0000379__es-en__flipped,
dico_phrasis_0000379__es-en__original,
dico_phrasis_0000379__es-eu__flipped,
dico_phrasis_0000379__es-eu__original,
dico_phrasis_0000379__eu-en__flipped,
dico_phrasis_0000379__eu-en__original,
dico_phrasis_0000379__eu-es__flipped,
dico_phrasis_0000379__eu-es__original,
dico_phrasis_0000380__en-es__flipped,
dico_phrasis_0000380__en-es__original,
dico_phrasis_0000380__en-eu__flipped,
dico_phrasis_0000380__en-eu__original,
dico_phrasis_0000380__es-en__flipped,
dico_phrasis_0000380__es-en__original,
dico_phrasis_0000380__es-eu__flipped,
dico_phrasis_0000380__es-eu__original,
dico_phrasis_0000380__eu-en__flipped,
dico_phrasis_0000380__eu-en__original,
dico_phrasis_0000380__eu-es__flipped,
dico_phrasis_0000380__eu-es__original,
dico_phrasis_0000381__en-es__flipped,
dico_phrasis_0000381__en-es__original,
dico_phrasis_0000381__en-eu__flipped,
dico_phrasis_0000381__en-eu__original,
dico_phrasis_0000381__es-en__flipped,
dico_phrasis_0000381__es-en__original,
dico_phrasis_0000381__es-eu__flipped,
dico_phrasis_0000381__es-eu__original,
dico_phrasis_0000381__eu-en__flipped,
dico_phrasis_0000381__eu-en__original,
dico_phrasis_0000381__eu-es__flipped,
dico_phrasis_0000381__eu-es__original,
dico_phrasis_0000382__en-es__flipped,
dico_phrasis_0000382__en-es__original,
dico_phrasis_0000382__en-eu__flipped,
dico_phrasis_0000382__en-eu__original,
dico_phrasis_0000382__es-en__flipped,
dico_phrasis_0000382__es-en__original,
dico_phrasis_0000382__es-eu__flipped,
dico_phrasis_0000382__es-eu__original,
dico_phrasis_0000382__eu-en__flipped,
dico_phrasis_0000382__eu-en__original,
dico_phrasis_0000382__eu-es__flipped,
dico_phrasis_0000382__eu-es__original,
dico_phrasis_0000383__en-es__flipped,
dico_phrasis_0000383__en-es__original,
dico_phrasis_0000383__en-eu__flipped,
dico_phrasis_0000383__en-eu__original,
dico_phrasis_0000383__es-en__flipped,
dico_phrasis_0000383__es-en__original,
dico_phrasis_0000383__es-eu__flipped,
dico_phrasis_0000383__es-eu__original,
dico_phrasis_0000383__eu-en__flipped,
dico_phrasis_0000383__eu-en__original,
dico_phrasis_0000383__eu-es__flipped,
dico_phrasis_0000383__eu-es__original,
dico_phrasis_0000384__en-es__flipped,
dico_phrasis_0000384__en-es__original,
dico_phrasis_0000384__en-eu__flipped,
dico_phrasis_0000384__en-eu__original,
dico_phrasis_0000384__es-en__flipped,
dico_phrasis_0000384__es-en__original,
dico_phrasis_0000384__es-eu__flipped,
dico_phrasis_0000384__es-eu__original,
dico_phrasis_0000384__eu-en__flipped,
dico_phrasis_0000384__eu-en__original,
dico_phrasis_0000384__eu-es__flipped,
dico_phrasis_0000384__eu-es__original,
dico_phrasis_0000385__en-es__flipped,
dico_phrasis_0000385__en-es__original,
dico_phrasis_0000385__en-eu__flipped,
dico_phrasis_0000385__en-eu__original,
dico_phrasis_0000385__es-en__flipped,
dico_phrasis_0000385__es-en__original,
dico_phrasis_0000385__es-eu__flipped,
dico_phrasis_0000385__es-eu__original,
dico_phrasis_0000385__eu-en__flipped,
dico_phrasis_0000385__eu-en__original,
dico_phrasis_0000385__eu-es__flipped,
dico_phrasis_0000385__eu-es__original,
dico_phrasis_0000386__en-es__flipped,
dico_phrasis_0000386__en-es__original,
dico_phrasis_0000386__en-eu__flipped,
dico_phrasis_0000386__en-eu__original,
dico_phrasis_0000386__es-en__flipped,
dico_phrasis_0000386__es-en__original,
dico_phrasis_0000386__es-eu__flipped,
dico_phrasis_0000386__es-eu__original,
dico_phrasis_0000386__eu-en__flipped,
dico_phrasis_0000386__eu-en__original,
dico_phrasis_0000386__eu-es__flipped,
dico_phrasis_0000386__eu-es__original,
dico_phrasis_0000387__en-es__flipped,
dico_phrasis_0000387__en-es__original,
dico_phrasis_0000387__en-eu__flipped,
dico_phrasis_0000387__en-eu__original,
dico_phrasis_0000387__es-en__flipped,
dico_phrasis_0000387__es-en__original,
dico_phrasis_0000387__es-eu__flipped,
dico_phrasis_0000387__es-eu__original,
dico_phrasis_0000387__eu-en__flipped,
dico_phrasis_0000387__eu-en__original,
dico_phrasis_0000387__eu-es__flipped,
dico_phrasis_0000387__eu-es__original,
dico_phrasis_0000388__en-es__flipped,
dico_phrasis_0000388__en-es__original,
dico_phrasis_0000388__en-eu__flipped,
dico_phrasis_0000388__en-eu__original,
dico_phrasis_0000388__es-en__flipped,
dico_phrasis_0000388__es-en__original,
dico_phrasis_0000388__es-eu__flipped,
dico_phrasis_0000388__es-eu__original,
dico_phrasis_0000388__eu-en__flipped,
dico_phrasis_0000388__eu-en__original,
dico_phrasis_0000388__eu-es__flipped,
dico_phrasis_0000388__eu-es__original,
dico_phrasis_0000389__en-es__flipped,
dico_phrasis_0000389__en-es__original,
dico_phrasis_0000389__en-eu__flipped,
dico_phrasis_0000389__en-eu__original,
dico_phrasis_0000389__es-en__flipped,
dico_phrasis_0000389__es-en__original,
dico_phrasis_0000389__es-eu__flipped,
dico_phrasis_0000389__es-eu__original,
dico_phrasis_0000389__eu-en__flipped,
dico_phrasis_0000389__eu-en__original,
dico_phrasis_0000389__eu-es__flipped,
dico_phrasis_0000389__eu-es__original,
dico_phrasis_0000390__en-es__flipped,
dico_phrasis_0000390__en-es__original,
dico_phrasis_0000390__en-eu__flipped,
dico_phrasis_0000390__en-eu__original,
dico_phrasis_0000390__es-en__flipped,
dico_phrasis_0000390__es-en__original,
dico_phrasis_0000390__es-eu__flipped,
dico_phrasis_0000390__es-eu__original,
dico_phrasis_0000390__eu-en__flipped,
dico_phrasis_0000390__eu-en__original,
dico_phrasis_0000390__eu-es__flipped,
dico_phrasis_0000390__eu-es__original,
dico_phrasis_0000392__en-es__flipped,
dico_phrasis_0000392__en-es__original,
dico_phrasis_0000392__en-eu__flipped,
dico_phrasis_0000392__en-eu__original,
dico_phrasis_0000392__es-en__flipped,
dico_phrasis_0000392__es-en__original,
dico_phrasis_0000392__es-eu__flipped,
dico_phrasis_0000392__es-eu__original,
dico_phrasis_0000392__eu-en__flipped,
dico_phrasis_0000392__eu-en__original,
dico_phrasis_0000392__eu-es__flipped,
dico_phrasis_0000392__eu-es__original,
dico_phrasis_0000395__en-es__flipped,
dico_phrasis_0000395__en-es__original,
dico_phrasis_0000395__en-eu__flipped,
dico_phrasis_0000395__en-eu__original,
dico_phrasis_0000395__es-en__flipped,
dico_phrasis_0000395__es-en__original,
dico_phrasis_0000395__es-eu__flipped,
dico_phrasis_0000395__es-eu__original,
dico_phrasis_0000395__eu-en__flipped,
dico_phrasis_0000395__eu-en__original,
dico_phrasis_0000395__eu-es__flipped,
dico_phrasis_0000395__eu-es__original,
dico_phrasis_0000398__en-es__flipped,
dico_phrasis_0000398__en-es__original,
dico_phrasis_0000398__en-eu__flipped,
dico_phrasis_0000398__en-eu__original,
dico_phrasis_0000398__es-en__flipped,
dico_phrasis_0000398__es-en__original,
dico_phrasis_0000398__es-eu__flipped,
dico_phrasis_0000398__es-eu__original,
dico_phrasis_0000398__eu-en__flipped,
dico_phrasis_0000398__eu-en__original,
dico_phrasis_0000398__eu-es__flipped,
dico_phrasis_0000398__eu-es__original,
dico_phrasis_0000399__en-es__flipped,
dico_phrasis_0000399__en-es__original,
dico_phrasis_0000399__en-eu__flipped,
dico_phrasis_0000399__en-eu__original,
dico_phrasis_0000399__es-en__flipped,
dico_phrasis_0000399__es-en__original,
dico_phrasis_0000399__es-eu__flipped,
dico_phrasis_0000399__es-eu__original,
dico_phrasis_0000399__eu-en__flipped,
dico_phrasis_0000399__eu-en__original,
dico_phrasis_0000399__eu-es__flipped,
dico_phrasis_0000399__eu-es__original,
dico_phrasis_0000400__en-es__flipped,
dico_phrasis_0000400__en-es__original,
dico_phrasis_0000400__en-eu__flipped,
dico_phrasis_0000400__en-eu__original,
dico_phrasis_0000400__es-en__flipped,
dico_phrasis_0000400__es-en__original,
dico_phrasis_0000400__es-eu__flipped,
dico_phrasis_0000400__es-eu__original,
dico_phrasis_0000400__eu-en__flipped,
dico_phrasis_0000400__eu-en__original,
dico_phrasis_0000400__eu-es__flipped,
dico_phrasis_0000400__eu-es__original,
dico_phrasis_0000401__en-es__flipped,
dico_phrasis_0000401__en-es__original,
dico_phrasis_0000401__en-eu__flipped,
dico_phrasis_0000401__en-eu__original,
dico_phrasis_0000401__es-en__flipped,
dico_phrasis_0000401__es-en__original,
dico_phrasis_0000401__es-eu__flipped,
dico_phrasis_0000401__es-eu__original,
dico_phrasis_0000401__eu-en__flipped,
dico_phrasis_0000401__eu-en__original,
dico_phrasis_0000401__eu-es__flipped,
dico_phrasis_0000401__eu-es__original,
dico_phrasis_0000402__en-es__flipped,
dico_phrasis_0000402__en-es__original,
dico_phrasis_0000402__en-eu__flipped,
dico_phrasis_0000402__en-eu__original,
dico_phrasis_0000402__es-en__flipped,
dico_phrasis_0000402__es-en__original,
dico_phrasis_0000402__es-eu__flipped,
dico_phrasis_0000402__es-eu__original,
dico_phrasis_0000402__eu-en__flipped,
dico_phrasis_0000402__eu-en__original,
dico_phrasis_0000402__eu-es__flipped,
dico_phrasis_0000402__eu-es__original,
dico_phrasis_0000403__en-es__flipped,
dico_phrasis_0000403__en-es__original,
dico_phrasis_0000403__en-eu__flipped,
dico_phrasis_0000403__en-eu__original,
dico_phrasis_0000403__es-en__flipped,
dico_phrasis_0000403__es-en__original,
dico_phrasis_0000403__es-eu__flipped,
dico_phrasis_0000403__es-eu__original,
dico_phrasis_0000403__eu-en__flipped,
dico_phrasis_0000403__eu-en__original,
dico_phrasis_0000403__eu-es__flipped,
dico_phrasis_0000403__eu-es__original,
dico_phrasis_0000404__en-es__flipped,
dico_phrasis_0000404__en-es__original,
dico_phrasis_0000404__en-eu__flipped,
dico_phrasis_0000404__en-eu__original,
dico_phrasis_0000404__es-en__flipped,
dico_phrasis_0000404__es-en__original,
dico_phrasis_0000404__es-eu__flipped,
dico_phrasis_0000404__es-eu__original,
dico_phrasis_0000404__eu-en__flipped,
dico_phrasis_0000404__eu-en__original,
dico_phrasis_0000404__eu-es__flipped,
dico_phrasis_0000404__eu-es__original,
dico_phrasis_0000406__en-es__flipped,
dico_phrasis_0000406__en-es__original,
dico_phrasis_0000406__en-eu__flipped,
dico_phrasis_0000406__en-eu__original,
dico_phrasis_0000406__es-en__flipped,
dico_phrasis_0000406__es-en__original,
dico_phrasis_0000406__es-eu__flipped,
dico_phrasis_0000406__es-eu__original,
dico_phrasis_0000406__eu-en__flipped,
dico_phrasis_0000406__eu-en__original,
dico_phrasis_0000406__eu-es__flipped,
dico_phrasis_0000406__eu-es__original,
dico_phrasis_0000407__en-es__flipped,
dico_phrasis_0000407__en-es__original,
dico_phrasis_0000407__en-eu__flipped,
dico_phrasis_0000407__en-eu__original,
dico_phrasis_0000407__es-en__flipped,
dico_phrasis_0000407__es-en__original,
dico_phrasis_0000407__es-eu__flipped,
dico_phrasis_0000407__es-eu__original,
dico_phrasis_0000407__eu-en__flipped,
dico_phrasis_0000407__eu-en__original,
dico_phrasis_0000407__eu-es__flipped,
dico_phrasis_0000407__eu-es__original,
dico_phrasis_0000409__en-es__flipped,
dico_phrasis_0000409__en-es__original,
dico_phrasis_0000409__en-eu__flipped,
dico_phrasis_0000409__en-eu__original,
dico_phrasis_0000409__es-en__flipped,
dico_phrasis_0000409__es-en__original,
dico_phrasis_0000409__es-eu__flipped,
dico_phrasis_0000409__es-eu__original,
dico_phrasis_0000409__eu-en__flipped,
dico_phrasis_0000409__eu-en__original,
dico_phrasis_0000409__eu-es__flipped,
dico_phrasis_0000409__eu-es__original,
dico_phrasis_0000410__en-es__flipped,
dico_phrasis_0000410__en-es__original,
dico_phrasis_0000410__en-eu__flipped,
dico_phrasis_0000410__en-eu__original,
dico_phrasis_0000410__es-en__flipped,
dico_phrasis_0000410__es-en__original,
dico_phrasis_0000410__es-eu__flipped,
dico_phrasis_0000410__es-eu__original,
dico_phrasis_0000410__eu-en__flipped,
dico_phrasis_0000410__eu-en__original,
dico_phrasis_0000410__eu-es__flipped,
dico_phrasis_0000410__eu-es__original,
dico_phrasis_0000411__en-es__flipped,
dico_phrasis_0000411__en-es__original,
dico_phrasis_0000411__en-eu__flipped,
dico_phrasis_0000411__en-eu__original,
dico_phrasis_0000411__es-en__flipped,
dico_phrasis_0000411__es-en__original,
dico_phrasis_0000411__es-eu__flipped,
dico_phrasis_0000411__es-eu__original,
dico_phrasis_0000411__eu-en__flipped,
dico_phrasis_0000411__eu-en__original,
dico_phrasis_0000411__eu-es__flipped,
dico_phrasis_0000411__eu-es__original,
dico_phrasis_0000412__en-es__flipped,
dico_phrasis_0000412__en-es__original,
dico_phrasis_0000412__en-eu__flipped,
dico_phrasis_0000412__en-eu__original,
dico_phrasis_0000412__es-en__flipped,
dico_phrasis_0000412__es-en__original,
dico_phrasis_0000412__es-eu__flipped,
dico_phrasis_0000412__es-eu__original,
dico_phrasis_0000412__eu-en__flipped,
dico_phrasis_0000412__eu-en__original,
dico_phrasis_0000412__eu-es__flipped,
dico_phrasis_0000412__eu-es__original,
dico_phrasis_0000413__en-es__flipped,
dico_phrasis_0000413__en-es__original,
dico_phrasis_0000413__en-eu__flipped,
dico_phrasis_0000413__en-eu__original,
dico_phrasis_0000413__es-en__flipped,
dico_phrasis_0000413__es-en__original,
dico_phrasis_0000413__es-eu__flipped,
dico_phrasis_0000413__es-eu__original,
dico_phrasis_0000413__eu-en__flipped,
dico_phrasis_0000413__eu-en__original,
dico_phrasis_0000413__eu-es__flipped,
dico_phrasis_0000413__eu-es__original,
dico_phrasis_0000414__en-es__flipped,
dico_phrasis_0000414__en-es__original,
dico_phrasis_0000414__en-eu__flipped,
dico_phrasis_0000414__en-eu__original,
dico_phrasis_0000414__es-en__flipped,
dico_phrasis_0000414__es-en__original,
dico_phrasis_0000414__es-eu__flipped,
dico_phrasis_0000414__es-eu__original,
dico_phrasis_0000414__eu-en__flipped,
dico_phrasis_0000414__eu-en__original,
dico_phrasis_0000414__eu-es__flipped,
dico_phrasis_0000414__eu-es__original,
dico_phrasis_0000415__en-es__flipped,
dico_phrasis_0000415__en-es__original,
dico_phrasis_0000415__en-eu__flipped,
dico_phrasis_0000415__en-eu__original,
dico_phrasis_0000415__es-en__flipped,
dico_phrasis_0000415__es-en__original,
dico_phrasis_0000415__es-eu__flipped,
dico_phrasis_0000415__es-eu__original,
dico_phrasis_0000415__eu-en__flipped,
dico_phrasis_0000415__eu-en__original,
dico_phrasis_0000415__eu-es__flipped,
dico_phrasis_0000415__eu-es__original,
dico_phrasis_0000416__en-es__flipped,
dico_phrasis_0000416__en-es__original,
dico_phrasis_0000416__en-eu__flipped,
dico_phrasis_0000416__en-eu__original,
dico_phrasis_0000416__es-en__flipped,
dico_phrasis_0000416__es-en__original,
dico_phrasis_0000416__es-eu__flipped,
dico_phrasis_0000416__es-eu__original,
dico_phrasis_0000416__eu-en__flipped,
dico_phrasis_0000416__eu-en__original,
dico_phrasis_0000416__eu-es__flipped,
dico_phrasis_0000416__eu-es__original,
dico_phrasis_0000417__en-es__flipped,
dico_phrasis_0000417__en-es__original,
dico_phrasis_0000417__en-eu__flipped,
dico_phrasis_0000417__en-eu__original,
dico_phrasis_0000417__es-en__flipped,
dico_phrasis_0000417__es-en__original,
dico_phrasis_0000417__es-eu__flipped,
dico_phrasis_0000417__es-eu__original,
dico_phrasis_0000417__eu-en__flipped,
dico_phrasis_0000417__eu-en__original,
dico_phrasis_0000417__eu-es__flipped,
dico_phrasis_0000417__eu-es__original,
dico_phrasis_0000418__en-es__flipped,
dico_phrasis_0000418__en-es__original,
dico_phrasis_0000418__en-eu__flipped,
dico_phrasis_0000418__en-eu__original,
dico_phrasis_0000418__es-en__flipped,
dico_phrasis_0000418__es-en__original,
dico_phrasis_0000418__es-eu__flipped,
dico_phrasis_0000418__es-eu__original,
dico_phrasis_0000418__eu-en__flipped,
dico_phrasis_0000418__eu-en__original,
dico_phrasis_0000418__eu-es__flipped,
dico_phrasis_0000418__eu-es__original,
dico_phrasis_0000419__en-es__flipped,
dico_phrasis_0000419__en-es__original,
dico_phrasis_0000419__en-eu__flipped,
dico_phrasis_0000419__en-eu__original,
dico_phrasis_0000419__es-en__flipped,
dico_phrasis_0000419__es-en__original,
dico_phrasis_0000419__es-eu__flipped,
dico_phrasis_0000419__es-eu__original,
dico_phrasis_0000419__eu-en__flipped,
dico_phrasis_0000419__eu-en__original,
dico_phrasis_0000419__eu-es__flipped,
dico_phrasis_0000419__eu-es__original,
dico_phrasis_0000420__en-es__flipped,
dico_phrasis_0000420__en-es__original,
dico_phrasis_0000420__en-eu__flipped,
dico_phrasis_0000420__en-eu__original,
dico_phrasis_0000420__es-en__flipped,
dico_phrasis_0000420__es-en__original,
dico_phrasis_0000420__es-eu__flipped,
dico_phrasis_0000420__es-eu__original,
dico_phrasis_0000420__eu-en__flipped,
dico_phrasis_0000420__eu-en__original,
dico_phrasis_0000420__eu-es__flipped,
dico_phrasis_0000420__eu-es__original,
dico_phrasis_0000422__en-es__flipped,
dico_phrasis_0000422__en-es__original,
dico_phrasis_0000422__en-eu__flipped,
dico_phrasis_0000422__en-eu__original,
dico_phrasis_0000422__es-en__flipped,
dico_phrasis_0000422__es-en__original,
dico_phrasis_0000422__es-eu__flipped,
dico_phrasis_0000422__es-eu__original,
dico_phrasis_0000422__eu-en__flipped,
dico_phrasis_0000422__eu-en__original,
dico_phrasis_0000422__eu-es__flipped,
dico_phrasis_0000422__eu-es__original,
dico_phrasis_0000423__en-es__flipped,
dico_phrasis_0000423__en-es__original,
dico_phrasis_0000423__en-eu__flipped,
dico_phrasis_0000423__en-eu__original,
dico_phrasis_0000423__es-en__flipped,
dico_phrasis_0000423__es-en__original,
dico_phrasis_0000423__es-eu__flipped,
dico_phrasis_0000423__es-eu__original,
dico_phrasis_0000423__eu-en__flipped,
dico_phrasis_0000423__eu-en__original,
dico_phrasis_0000423__eu-es__flipped,
dico_phrasis_0000423__eu-es__original,
dico_phrasis_0000424__en-es__flipped,
dico_phrasis_0000424__en-es__original,
dico_phrasis_0000424__en-eu__flipped,
dico_phrasis_0000424__en-eu__original,
dico_phrasis_0000424__es-en__flipped,
dico_phrasis_0000424__es-en__original,
dico_phrasis_0000424__es-eu__flipped,
dico_phrasis_0000424__es-eu__original,
dico_phrasis_0000424__eu-en__flipped,
dico_phrasis_0000424__eu-en__original,
dico_phrasis_0000424__eu-es__flipped,
dico_phrasis_0000424__eu-es__original,
dico_phrasis_0000426__en-es__flipped,
dico_phrasis_0000426__en-es__original,
dico_phrasis_0000426__en-eu__flipped,
dico_phrasis_0000426__en-eu__original,
dico_phrasis_0000426__es-en__flipped,
dico_phrasis_0000426__es-en__original,
dico_phrasis_0000426__es-eu__flipped,
dico_phrasis_0000426__es-eu__original,
dico_phrasis_0000426__eu-en__flipped,
dico_phrasis_0000426__eu-en__original,
dico_phrasis_0000426__eu-es__flipped,
dico_phrasis_0000426__eu-es__original,
dico_phrasis_0000427__en-es__flipped,
dico_phrasis_0000427__en-es__original,
dico_phrasis_0000427__en-eu__flipped,
dico_phrasis_0000427__en-eu__original,
dico_phrasis_0000427__es-en__flipped,
dico_phrasis_0000427__es-en__original,
dico_phrasis_0000427__es-eu__flipped,
dico_phrasis_0000427__es-eu__original,
dico_phrasis_0000427__eu-en__flipped,
dico_phrasis_0000427__eu-en__original,
dico_phrasis_0000427__eu-es__flipped,
dico_phrasis_0000427__eu-es__original,
dico_phrasis_0000428__en-es__flipped,
dico_phrasis_0000428__en-es__original,
dico_phrasis_0000428__en-eu__flipped,
dico_phrasis_0000428__en-eu__original,
dico_phrasis_0000428__es-en__flipped,
dico_phrasis_0000428__es-en__original,
dico_phrasis_0000428__es-eu__flipped,
dico_phrasis_0000428__es-eu__original,
dico_phrasis_0000428__eu-en__flipped,
dico_phrasis_0000428__eu-en__original,
dico_phrasis_0000428__eu-es__flipped,
dico_phrasis_0000428__eu-es__original,
dico_phrasis_0000429__en-es__flipped,
dico_phrasis_0000429__en-es__original,
dico_phrasis_0000429__en-eu__flipped,
dico_phrasis_0000429__en-eu__original,
dico_phrasis_0000429__es-en__flipped,
dico_phrasis_0000429__es-en__original,
dico_phrasis_0000429__es-eu__flipped,
dico_phrasis_0000429__es-eu__original,
dico_phrasis_0000429__eu-en__flipped,
dico_phrasis_0000429__eu-en__original,
dico_phrasis_0000429__eu-es__flipped,
dico_phrasis_0000429__eu-es__original,
dico_phrasis_0000430__en-es__flipped,
dico_phrasis_0000430__en-es__original,
dico_phrasis_0000430__en-eu__flipped,
dico_phrasis_0000430__en-eu__original,
dico_phrasis_0000430__es-en__flipped,
dico_phrasis_0000430__es-en__original,
dico_phrasis_0000430__es-eu__flipped,
dico_phrasis_0000430__es-eu__original,
dico_phrasis_0000430__eu-en__flipped,
dico_phrasis_0000430__eu-en__original,
dico_phrasis_0000430__eu-es__flipped,
dico_phrasis_0000430__eu-es__original,
dico_phrasis_0000431__en-es__flipped,
dico_phrasis_0000431__en-es__original,
dico_phrasis_0000431__en-eu__flipped,
dico_phrasis_0000431__en-eu__original,
dico_phrasis_0000431__es-en__flipped,
dico_phrasis_0000431__es-en__original,
dico_phrasis_0000431__es-eu__flipped,
dico_phrasis_0000431__es-eu__original,
dico_phrasis_0000431__eu-en__flipped,
dico_phrasis_0000431__eu-en__original,
dico_phrasis_0000431__eu-es__flipped,
dico_phrasis_0000431__eu-es__original,
dico_phrasis_0000434__en-es__flipped,
dico_phrasis_0000434__en-es__original,
dico_phrasis_0000434__en-eu__flipped,
dico_phrasis_0000434__en-eu__original,
dico_phrasis_0000434__es-en__flipped,
dico_phrasis_0000434__es-en__original,
dico_phrasis_0000434__es-eu__flipped,
dico_phrasis_0000434__es-eu__original,
dico_phrasis_0000434__eu-en__flipped,
dico_phrasis_0000434__eu-en__original,
dico_phrasis_0000434__eu-es__flipped,
dico_phrasis_0000434__eu-es__original,
dico_phrasis_0000435__en-es__flipped,
dico_phrasis_0000435__en-es__original,
dico_phrasis_0000435__en-eu__flipped,
dico_phrasis_0000435__en-eu__original,
dico_phrasis_0000435__es-en__flipped,
dico_phrasis_0000435__es-en__original,
dico_phrasis_0000435__es-eu__flipped,
dico_phrasis_0000435__es-eu__original,
dico_phrasis_0000435__eu-en__flipped,
dico_phrasis_0000435__eu-en__original,
dico_phrasis_0000435__eu-es__flipped,
dico_phrasis_0000435__eu-es__original,
dico_phrasis_0000436__en-es__flipped,
dico_phrasis_0000436__en-es__original,
dico_phrasis_0000436__en-eu__flipped,
dico_phrasis_0000436__en-eu__original,
dico_phrasis_0000436__es-en__flipped,
dico_phrasis_0000436__es-en__original,
dico_phrasis_0000436__es-eu__flipped,
dico_phrasis_0000436__es-eu__original,
dico_phrasis_0000436__eu-en__flipped,
dico_phrasis_0000436__eu-en__original,
dico_phrasis_0000436__eu-es__flipped,
dico_phrasis_0000436__eu-es__original,
dico_phrasis_0000437__en-es__flipped,
dico_phrasis_0000437__en-es__original,
dico_phrasis_0000437__en-eu__flipped,
dico_phrasis_0000437__en-eu__original,
dico_phrasis_0000437__es-en__flipped,
dico_phrasis_0000437__es-en__original,
dico_phrasis_0000437__es-eu__flipped,
dico_phrasis_0000437__es-eu__original,
dico_phrasis_0000437__eu-en__flipped,
dico_phrasis_0000437__eu-en__original,
dico_phrasis_0000437__eu-es__flipped,
dico_phrasis_0000437__eu-es__original,
dico_phrasis_0000438__en-es__flipped,
dico_phrasis_0000438__en-es__original,
dico_phrasis_0000438__en-eu__flipped,
dico_phrasis_0000438__en-eu__original,
dico_phrasis_0000438__es-en__flipped,
dico_phrasis_0000438__es-en__original,
dico_phrasis_0000438__es-eu__flipped,
dico_phrasis_0000438__es-eu__original,
dico_phrasis_0000438__eu-en__flipped,
dico_phrasis_0000438__eu-en__original,
dico_phrasis_0000438__eu-es__flipped,
dico_phrasis_0000438__eu-es__original,
dico_phrasis_0000439__en-es__flipped,
dico_phrasis_0000439__en-es__original,
dico_phrasis_0000439__en-eu__flipped,
dico_phrasis_0000439__en-eu__original,
dico_phrasis_0000439__es-en__flipped,
dico_phrasis_0000439__es-en__original,
dico_phrasis_0000439__es-eu__flipped,
dico_phrasis_0000439__es-eu__original,
dico_phrasis_0000439__eu-en__flipped,
dico_phrasis_0000439__eu-en__original,
dico_phrasis_0000439__eu-es__flipped,
dico_phrasis_0000439__eu-es__original,
dico_phrasis_0000440__en-es__flipped,
dico_phrasis_0000440__en-es__original,
dico_phrasis_0000440__en-eu__flipped,
dico_phrasis_0000440__en-eu__original,
dico_phrasis_0000440__es-en__flipped,
dico_phrasis_0000440__es-en__original,
dico_phrasis_0000440__es-eu__flipped,
dico_phrasis_0000440__es-eu__original,
dico_phrasis_0000440__eu-en__flipped,
dico_phrasis_0000440__eu-en__original,
dico_phrasis_0000440__eu-es__flipped,
dico_phrasis_0000440__eu-es__original,
dico_phrasis_0000441__en-es__flipped,
dico_phrasis_0000441__en-es__original,
dico_phrasis_0000441__en-eu__flipped,
dico_phrasis_0000441__en-eu__original,
dico_phrasis_0000441__es-en__flipped,
dico_phrasis_0000441__es-en__original,
dico_phrasis_0000441__es-eu__flipped,
dico_phrasis_0000441__es-eu__original,
dico_phrasis_0000441__eu-en__flipped,
dico_phrasis_0000441__eu-en__original,
dico_phrasis_0000441__eu-es__flipped,
dico_phrasis_0000441__eu-es__original,
dico_phrasis_0000442__en-es__flipped,
dico_phrasis_0000442__en-es__original,
dico_phrasis_0000442__en-eu__flipped,
dico_phrasis_0000442__en-eu__original,
dico_phrasis_0000442__es-en__flipped,
dico_phrasis_0000442__es-en__original,
dico_phrasis_0000442__es-eu__flipped,
dico_phrasis_0000442__es-eu__original,
dico_phrasis_0000442__eu-en__flipped,
dico_phrasis_0000442__eu-en__original,
dico_phrasis_0000442__eu-es__flipped,
dico_phrasis_0000442__eu-es__original,
dico_phrasis_0000443__en-es__flipped,
dico_phrasis_0000443__en-es__original,
dico_phrasis_0000443__en-eu__flipped,
dico_phrasis_0000443__en-eu__original,
dico_phrasis_0000443__es-en__flipped,
dico_phrasis_0000443__es-en__original,
dico_phrasis_0000443__es-eu__flipped,
dico_phrasis_0000443__es-eu__original,
dico_phrasis_0000443__eu-en__flipped,
dico_phrasis_0000443__eu-en__original,
dico_phrasis_0000443__eu-es__flipped,
dico_phrasis_0000443__eu-es__original,
dico_phrasis_0000446__en-es__flipped,
dico_phrasis_0000446__en-es__original,
dico_phrasis_0000446__en-eu__flipped,
dico_phrasis_0000446__en-eu__original,
dico_phrasis_0000446__es-en__flipped,
dico_phrasis_0000446__es-en__original,
dico_phrasis_0000446__es-eu__flipped,
dico_phrasis_0000446__es-eu__original,
dico_phrasis_0000446__eu-en__flipped,
dico_phrasis_0000446__eu-en__original,
dico_phrasis_0000446__eu-es__flipped,
dico_phrasis_0000446__eu-es__original,
dico_phrasis_0000448__en-es__flipped,
dico_phrasis_0000448__en-es__original,
dico_phrasis_0000448__en-eu__flipped,
dico_phrasis_0000448__en-eu__original,
dico_phrasis_0000448__es-en__flipped,
dico_phrasis_0000448__es-en__original,
dico_phrasis_0000448__es-eu__flipped,
dico_phrasis_0000448__es-eu__original,
dico_phrasis_0000448__eu-en__flipped,
dico_phrasis_0000448__eu-en__original,
dico_phrasis_0000448__eu-es__flipped,
dico_phrasis_0000448__eu-es__original,
dico_phrasis_0000450__en-es__flipped,
dico_phrasis_0000450__en-es__original,
dico_phrasis_0000450__en-eu__flipped,
dico_phrasis_0000450__en-eu__original,
dico_phrasis_0000450__es-en__flipped,
dico_phrasis_0000450__es-en__original,
dico_phrasis_0000450__es-eu__flipped,
dico_phrasis_0000450__es-eu__original,
dico_phrasis_0000450__eu-en__flipped,
dico_phrasis_0000450__eu-en__original,
dico_phrasis_0000450__eu-es__flipped,
dico_phrasis_0000450__eu-es__original,
dico_phrasis_0000451__en-es__flipped,
dico_phrasis_0000451__en-es__original,
dico_phrasis_0000451__en-eu__flipped,
dico_phrasis_0000451__en-eu__original,
dico_phrasis_0000451__es-en__flipped,
dico_phrasis_0000451__es-en__original,
dico_phrasis_0000451__es-eu__flipped,
dico_phrasis_0000451__es-eu__original,
dico_phrasis_0000451__eu-en__flipped,
dico_phrasis_0000451__eu-en__original,
dico_phrasis_0000451__eu-es__flipped,
dico_phrasis_0000451__eu-es__original,
dico_phrasis_0000454__en-es__flipped,
dico_phrasis_0000454__en-es__original,
dico_phrasis_0000454__en-eu__flipped,
dico_phrasis_0000454__en-eu__original,
dico_phrasis_0000454__es-en__flipped,
dico_phrasis_0000454__es-en__original,
dico_phrasis_0000454__es-eu__flipped,
dico_phrasis_0000454__es-eu__original,
dico_phrasis_0000454__eu-en__flipped,
dico_phrasis_0000454__eu-en__original,
dico_phrasis_0000454__eu-es__flipped,
dico_phrasis_0000454__eu-es__original,
dico_phrasis_0000455__en-es__flipped,
dico_phrasis_0000455__en-es__original,
dico_phrasis_0000455__en-eu__flipped,
dico_phrasis_0000455__en-eu__original,
dico_phrasis_0000455__es-en__flipped,
dico_phrasis_0000455__es-en__original,
dico_phrasis_0000455__es-eu__flipped,
dico_phrasis_0000455__es-eu__original,
dico_phrasis_0000455__eu-en__flipped,
dico_phrasis_0000455__eu-en__original,
dico_phrasis_0000455__eu-es__flipped,
dico_phrasis_0000455__eu-es__original,
dico_phrasis_0000456__en-es__flipped,
dico_phrasis_0000456__en-es__original,
dico_phrasis_0000456__en-eu__flipped,
dico_phrasis_0000456__en-eu__original,
dico_phrasis_0000456__es-en__flipped,
dico_phrasis_0000456__es-en__original,
dico_phrasis_0000456__es-eu__flipped,
dico_phrasis_0000456__es-eu__original,
dico_phrasis_0000456__eu-en__flipped,
dico_phrasis_0000456__eu-en__original,
dico_phrasis_0000456__eu-es__flipped,
dico_phrasis_0000456__eu-es__original,
dico_phrasis_0000458__en-es__flipped,
dico_phrasis_0000458__en-es__original,
dico_phrasis_0000458__en-eu__flipped,
dico_phrasis_0000458__en-eu__original,
dico_phrasis_0000458__es-en__flipped,
dico_phrasis_0000458__es-en__original,
dico_phrasis_0000458__es-eu__flipped,
dico_phrasis_0000458__es-eu__original,
dico_phrasis_0000458__eu-en__flipped,
dico_phrasis_0000458__eu-en__original,
dico_phrasis_0000458__eu-es__flipped,
dico_phrasis_0000458__eu-es__original,
dico_phrasis_0000459__en-es__flipped,
dico_phrasis_0000459__en-es__original,
dico_phrasis_0000459__en-eu__flipped,
dico_phrasis_0000459__en-eu__original,
dico_phrasis_0000459__es-en__flipped,
dico_phrasis_0000459__es-en__original,
dico_phrasis_0000459__es-eu__flipped,
dico_phrasis_0000459__es-eu__original,
dico_phrasis_0000459__eu-en__flipped,
dico_phrasis_0000459__eu-en__original,
dico_phrasis_0000459__eu-es__flipped,
dico_phrasis_0000459__eu-es__original,
dico_phrasis_0000460__en-es__flipped,
dico_phrasis_0000460__en-es__original,
dico_phrasis_0000460__en-eu__flipped,
dico_phrasis_0000460__en-eu__original,
dico_phrasis_0000460__es-en__flipped,
dico_phrasis_0000460__es-en__original,
dico_phrasis_0000460__es-eu__flipped,
dico_phrasis_0000460__es-eu__original,
dico_phrasis_0000460__eu-en__flipped,
dico_phrasis_0000460__eu-en__original,
dico_phrasis_0000460__eu-es__flipped,
dico_phrasis_0000460__eu-es__original,
dico_phrasis_0000461__en-es__flipped,
dico_phrasis_0000461__en-es__original,
dico_phrasis_0000461__en-eu__flipped,
dico_phrasis_0000461__en-eu__original,
dico_phrasis_0000461__es-en__flipped,
dico_phrasis_0000461__es-en__original,
dico_phrasis_0000461__es-eu__flipped,
dico_phrasis_0000461__es-eu__original,
dico_phrasis_0000461__eu-en__flipped,
dico_phrasis_0000461__eu-en__original,
dico_phrasis_0000461__eu-es__flipped,
dico_phrasis_0000461__eu-es__original,
dico_phrasis_0000462__en-es__flipped,
dico_phrasis_0000462__en-es__original,
dico_phrasis_0000462__en-eu__flipped,
dico_phrasis_0000462__en-eu__original,
dico_phrasis_0000462__es-en__flipped,
dico_phrasis_0000462__es-en__original,
dico_phrasis_0000462__es-eu__flipped,
dico_phrasis_0000462__es-eu__original,
dico_phrasis_0000462__eu-en__flipped,
dico_phrasis_0000462__eu-en__original,
dico_phrasis_0000462__eu-es__flipped,
dico_phrasis_0000462__eu-es__original,
dico_phrasis_0000464__en-es__flipped,
dico_phrasis_0000464__en-es__original,
dico_phrasis_0000464__en-eu__flipped,
dico_phrasis_0000464__en-eu__original,
dico_phrasis_0000464__es-en__flipped,
dico_phrasis_0000464__es-en__original,
dico_phrasis_0000464__es-eu__flipped,
dico_phrasis_0000464__es-eu__original,
dico_phrasis_0000464__eu-en__flipped,
dico_phrasis_0000464__eu-en__original,
dico_phrasis_0000464__eu-es__flipped,
dico_phrasis_0000464__eu-es__original,
dico_phrasis_0000467__en-es__flipped,
dico_phrasis_0000467__en-es__original,
dico_phrasis_0000467__en-eu__flipped,
dico_phrasis_0000467__en-eu__original,
dico_phrasis_0000467__es-en__flipped,
dico_phrasis_0000467__es-en__original,
dico_phrasis_0000467__es-eu__flipped,
dico_phrasis_0000467__es-eu__original,
dico_phrasis_0000467__eu-en__flipped,
dico_phrasis_0000467__eu-en__original,
dico_phrasis_0000467__eu-es__flipped,
dico_phrasis_0000467__eu-es__original,
dico_phrasis_0000468__en-es__flipped,
dico_phrasis_0000468__en-es__original,
dico_phrasis_0000468__en-eu__flipped,
dico_phrasis_0000468__en-eu__original,
dico_phrasis_0000468__es-en__flipped,
dico_phrasis_0000468__es-en__original,
dico_phrasis_0000468__es-eu__flipped,
dico_phrasis_0000468__es-eu__original,
dico_phrasis_0000468__eu-en__flipped,
dico_phrasis_0000468__eu-en__original,
dico_phrasis_0000468__eu-es__flipped,
dico_phrasis_0000468__eu-es__original,
dico_phrasis_0000471__en-es__flipped,
dico_phrasis_0000471__en-es__original,
dico_phrasis_0000471__en-eu__flipped,
dico_phrasis_0000471__en-eu__original,
dico_phrasis_0000471__es-en__flipped,
dico_phrasis_0000471__es-en__original,
dico_phrasis_0000471__es-eu__flipped,
dico_phrasis_0000471__es-eu__original,
dico_phrasis_0000471__eu-en__flipped,
dico_phrasis_0000471__eu-en__original,
dico_phrasis_0000471__eu-es__flipped,
dico_phrasis_0000471__eu-es__original,
dico_phrasis_0000472__en-es__flipped,
dico_phrasis_0000472__en-es__original,
dico_phrasis_0000472__en-eu__flipped,
dico_phrasis_0000472__en-eu__original,
dico_phrasis_0000472__es-en__flipped,
dico_phrasis_0000472__es-en__original,
dico_phrasis_0000472__es-eu__flipped,
dico_phrasis_0000472__es-eu__original,
dico_phrasis_0000472__eu-en__flipped,
dico_phrasis_0000472__eu-en__original,
dico_phrasis_0000472__eu-es__flipped,
dico_phrasis_0000472__eu-es__original,
dico_phrasis_0000473__en-es__flipped,
dico_phrasis_0000473__en-es__original,
dico_phrasis_0000473__en-eu__flipped,
dico_phrasis_0000473__en-eu__original,
dico_phrasis_0000473__es-en__flipped,
dico_phrasis_0000473__es-en__original,
dico_phrasis_0000473__es-eu__flipped,
dico_phrasis_0000473__es-eu__original,
dico_phrasis_0000473__eu-en__flipped,
dico_phrasis_0000473__eu-en__original,
dico_phrasis_0000473__eu-es__flipped,
dico_phrasis_0000473__eu-es__original,
dico_phrasis_0000475__en-es__flipped,
dico_phrasis_0000475__en-es__original,
dico_phrasis_0000475__en-eu__flipped,
dico_phrasis_0000475__en-eu__original,
dico_phrasis_0000475__es-en__flipped,
dico_phrasis_0000475__es-en__original,
dico_phrasis_0000475__es-eu__flipped,
dico_phrasis_0000475__es-eu__original,
dico_phrasis_0000475__eu-en__flipped,
dico_phrasis_0000475__eu-en__original,
dico_phrasis_0000475__eu-es__flipped,
dico_phrasis_0000475__eu-es__original,
dico_phrasis_0000476__en-es__flipped,
dico_phrasis_0000476__en-es__original,
dico_phrasis_0000476__en-eu__flipped,
dico_phrasis_0000476__en-eu__original,
dico_phrasis_0000476__es-en__flipped,
dico_phrasis_0000476__es-en__original,
dico_phrasis_0000476__es-eu__flipped,
dico_phrasis_0000476__es-eu__original,
dico_phrasis_0000476__eu-en__flipped,
dico_phrasis_0000476__eu-en__original,
dico_phrasis_0000476__eu-es__flipped,
dico_phrasis_0000476__eu-es__original,
dico_phrasis_0000478__en-es__flipped,
dico_phrasis_0000478__en-es__original,
dico_phrasis_0000478__en-eu__flipped,
dico_phrasis_0000478__en-eu__original,
dico_phrasis_0000478__es-en__flipped,
dico_phrasis_0000478__es-en__original,
dico_phrasis_0000478__es-eu__flipped,
dico_phrasis_0000478__es-eu__original,
dico_phrasis_0000478__eu-en__flipped,
dico_phrasis_0000478__eu-en__original,
dico_phrasis_0000478__eu-es__flipped,
dico_phrasis_0000478__eu-es__original,
dico_phrasis_0000479__en-es__flipped,
dico_phrasis_0000479__en-es__original,
dico_phrasis_0000479__en-eu__flipped,
dico_phrasis_0000479__en-eu__original,
dico_phrasis_0000479__es-en__flipped,
dico_phrasis_0000479__es-en__original,
dico_phrasis_0000479__es-eu__flipped,
dico_phrasis_0000479__es-eu__original,
dico_phrasis_0000479__eu-en__flipped,
dico_phrasis_0000479__eu-en__original,
dico_phrasis_0000479__eu-es__flipped,
dico_phrasis_0000479__eu-es__original,
dico_phrasis_0000482__en-es__flipped,
dico_phrasis_0000482__en-es__original,
dico_phrasis_0000482__en-eu__flipped,
dico_phrasis_0000482__en-eu__original,
dico_phrasis_0000482__es-en__flipped,
dico_phrasis_0000482__es-en__original,
dico_phrasis_0000482__es-eu__flipped,
dico_phrasis_0000482__es-eu__original,
dico_phrasis_0000482__eu-en__flipped,
dico_phrasis_0000482__eu-en__original,
dico_phrasis_0000482__eu-es__flipped,
dico_phrasis_0000482__eu-es__original,
dico_phrasis_0000483__en-es__flipped,
dico_phrasis_0000483__en-es__original,
dico_phrasis_0000483__en-eu__flipped,
dico_phrasis_0000483__en-eu__original,
dico_phrasis_0000483__es-en__flipped,
dico_phrasis_0000483__es-en__original,
dico_phrasis_0000483__es-eu__flipped,
dico_phrasis_0000483__es-eu__original,
dico_phrasis_0000483__eu-en__flipped,
dico_phrasis_0000483__eu-en__original,
dico_phrasis_0000483__eu-es__flipped,
dico_phrasis_0000483__eu-es__original,
dico_phrasis_0000484__en-es__flipped,
dico_phrasis_0000484__en-es__original,
dico_phrasis_0000484__en-eu__flipped,
dico_phrasis_0000484__en-eu__original,
dico_phrasis_0000484__es-en__flipped,
dico_phrasis_0000484__es-en__original,
dico_phrasis_0000484__es-eu__flipped,
dico_phrasis_0000484__es-eu__original,
dico_phrasis_0000484__eu-en__flipped,
dico_phrasis_0000484__eu-en__original,
dico_phrasis_0000484__eu-es__flipped,
dico_phrasis_0000484__eu-es__original,
dico_phrasis_0000485__en-es__flipped,
dico_phrasis_0000485__en-es__original,
dico_phrasis_0000485__en-eu__flipped,
dico_phrasis_0000485__en-eu__original,
dico_phrasis_0000485__es-en__flipped,
dico_phrasis_0000485__es-en__original,
dico_phrasis_0000485__es-eu__flipped,
dico_phrasis_0000485__es-eu__original,
dico_phrasis_0000485__eu-en__flipped,
dico_phrasis_0000485__eu-en__original,
dico_phrasis_0000485__eu-es__flipped,
dico_phrasis_0000485__eu-es__original,
dico_phrasis_0000486__en-es__flipped,
dico_phrasis_0000486__en-es__original,
dico_phrasis_0000486__en-eu__flipped,
dico_phrasis_0000486__en-eu__original,
dico_phrasis_0000486__es-en__flipped,
dico_phrasis_0000486__es-en__original,
dico_phrasis_0000486__es-eu__flipped,
dico_phrasis_0000486__es-eu__original,
dico_phrasis_0000486__eu-en__flipped,
dico_phrasis_0000486__eu-en__original,
dico_phrasis_0000486__eu-es__flipped,
dico_phrasis_0000486__eu-es__original,
dico_phrasis_0000488__en-es__flipped,
dico_phrasis_0000488__en-es__original,
dico_phrasis_0000488__en-eu__flipped,
dico_phrasis_0000488__en-eu__original,
dico_phrasis_0000488__es-en__flipped,
dico_phrasis_0000488__es-en__original,
dico_phrasis_0000488__es-eu__flipped,
dico_phrasis_0000488__es-eu__original,
dico_phrasis_0000488__eu-en__flipped,
dico_phrasis_0000488__eu-en__original,
dico_phrasis_0000488__eu-es__flipped,
dico_phrasis_0000488__eu-es__original,
dico_phrasis_0000489__en-es__flipped,
dico_phrasis_0000489__en-es__original,
dico_phrasis_0000489__en-eu__flipped,
dico_phrasis_0000489__en-eu__original,
dico_phrasis_0000489__es-en__flipped,
dico_phrasis_0000489__es-en__original,
dico_phrasis_0000489__es-eu__flipped,
dico_phrasis_0000489__es-eu__original,
dico_phrasis_0000489__eu-en__flipped,
dico_phrasis_0000489__eu-en__original,
dico_phrasis_0000489__eu-es__flipped,
dico_phrasis_0000489__eu-es__original,
dico_phrasis_0000490__en-es__flipped,
dico_phrasis_0000490__en-es__original,
dico_phrasis_0000490__en-eu__flipped,
dico_phrasis_0000490__en-eu__original,
dico_phrasis_0000490__es-en__flipped,
dico_phrasis_0000490__es-en__original,
dico_phrasis_0000490__es-eu__flipped,
dico_phrasis_0000490__es-eu__original,
dico_phrasis_0000490__eu-en__flipped,
dico_phrasis_0000490__eu-en__original,
dico_phrasis_0000490__eu-es__flipped,
dico_phrasis_0000490__eu-es__original,
dico_phrasis_0000491__en-es__flipped,
dico_phrasis_0000491__en-es__original,
dico_phrasis_0000491__en-eu__flipped,
dico_phrasis_0000491__en-eu__original,
dico_phrasis_0000491__es-en__flipped,
dico_phrasis_0000491__es-en__original,
dico_phrasis_0000491__es-eu__flipped,
dico_phrasis_0000491__es-eu__original,
dico_phrasis_0000491__eu-en__flipped,
dico_phrasis_0000491__eu-en__original,
dico_phrasis_0000491__eu-es__flipped,
dico_phrasis_0000491__eu-es__original,
dico_phrasis_0000492__en-es__flipped,
dico_phrasis_0000492__en-es__original,
dico_phrasis_0000492__en-eu__flipped,
dico_phrasis_0000492__en-eu__original,
dico_phrasis_0000492__es-en__flipped,
dico_phrasis_0000492__es-en__original,
dico_phrasis_0000492__es-eu__flipped,
dico_phrasis_0000492__es-eu__original,
dico_phrasis_0000492__eu-en__flipped,
dico_phrasis_0000492__eu-en__original,
dico_phrasis_0000492__eu-es__flipped,
dico_phrasis_0000492__eu-es__original,
dico_phrasis_0000494__en-es__flipped,
dico_phrasis_0000494__en-es__original,
dico_phrasis_0000494__en-eu__flipped,
dico_phrasis_0000494__en-eu__original,
dico_phrasis_0000494__es-en__flipped,
dico_phrasis_0000494__es-en__original,
dico_phrasis_0000494__es-eu__flipped,
dico_phrasis_0000494__es-eu__original,
dico_phrasis_0000494__eu-en__flipped,
dico_phrasis_0000494__eu-en__original,
dico_phrasis_0000494__eu-es__flipped,
dico_phrasis_0000494__eu-es__original,
dico_phrasis_0000496__en-es__flipped,
dico_phrasis_0000496__en-es__original,
dico_phrasis_0000496__en-eu__flipped,
dico_phrasis_0000496__en-eu__original,
dico_phrasis_0000496__es-en__flipped,
dico_phrasis_0000496__es-en__original,
dico_phrasis_0000496__es-eu__flipped,
dico_phrasis_0000496__es-eu__original,
dico_phrasis_0000496__eu-en__flipped,
dico_phrasis_0000496__eu-en__original,
dico_phrasis_0000496__eu-es__flipped,
dico_phrasis_0000496__eu-es__original,
dico_phrasis_0000498__en-es__flipped,
dico_phrasis_0000498__en-es__original,
dico_phrasis_0000498__en-eu__flipped,
dico_phrasis_0000498__en-eu__original,
dico_phrasis_0000498__es-en__flipped,
dico_phrasis_0000498__es-en__original,
dico_phrasis_0000498__es-eu__flipped,
dico_phrasis_0000498__es-eu__original,
dico_phrasis_0000498__eu-en__flipped,
dico_phrasis_0000498__eu-en__original,
dico_phrasis_0000498__eu-es__flipped,
dico_phrasis_0000498__eu-es__original,
dico_phrasis_0000500__en-es__flipped,
dico_phrasis_0000500__en-es__original,
dico_phrasis_0000500__en-eu__flipped,
dico_phrasis_0000500__en-eu__original,
dico_phrasis_0000500__es-en__flipped,
dico_phrasis_0000500__es-en__original,
dico_phrasis_0000500__es-eu__flipped,
dico_phrasis_0000500__es-eu__original,
dico_phrasis_0000500__eu-en__flipped,
dico_phrasis_0000500__eu-en__original,
dico_phrasis_0000500__eu-es__flipped,
dico_phrasis_0000500__eu-es__original,
dico_phrasis_0000501__en-es__flipped,
dico_phrasis_0000501__en-es__original,
dico_phrasis_0000501__en-eu__flipped,
dico_phrasis_0000501__en-eu__original,
dico_phrasis_0000501__es-en__flipped,
dico_phrasis_0000501__es-en__original,
dico_phrasis_0000501__es-eu__flipped,
dico_phrasis_0000501__es-eu__original,
dico_phrasis_0000501__eu-en__flipped,
dico_phrasis_0000501__eu-en__original,
dico_phrasis_0000501__eu-es__flipped,
dico_phrasis_0000501__eu-es__original,
dico_phrasis_0000503__en-es__flipped,
dico_phrasis_0000503__en-es__original,
dico_phrasis_0000503__en-eu__flipped,
dico_phrasis_0000503__en-eu__original,
dico_phrasis_0000503__es-en__flipped,
dico_phrasis_0000503__es-en__original,
dico_phrasis_0000503__es-eu__flipped,
dico_phrasis_0000503__es-eu__original,
dico_phrasis_0000503__eu-en__flipped,
dico_phrasis_0000503__eu-en__original,
dico_phrasis_0000503__eu-es__flipped,
dico_phrasis_0000503__eu-es__original,
dico_phrasis_0000505__en-es__flipped,
dico_phrasis_0000505__en-es__original,
dico_phrasis_0000505__en-eu__flipped,
dico_phrasis_0000505__en-eu__original,
dico_phrasis_0000505__es-en__flipped,
dico_phrasis_0000505__es-en__original,
dico_phrasis_0000505__es-eu__flipped,
dico_phrasis_0000505__es-eu__original,
dico_phrasis_0000505__eu-en__flipped,
dico_phrasis_0000505__eu-en__original,
dico_phrasis_0000505__eu-es__flipped,
dico_phrasis_0000505__eu-es__original,
dico_phrasis_0000506__en-es__flipped,
dico_phrasis_0000506__en-es__original,
dico_phrasis_0000506__en-eu__flipped,
dico_phrasis_0000506__en-eu__original,
dico_phrasis_0000506__es-en__flipped,
dico_phrasis_0000506__es-en__original,
dico_phrasis_0000506__es-eu__flipped,
dico_phrasis_0000506__es-eu__original,
dico_phrasis_0000506__eu-en__flipped,
dico_phrasis_0000506__eu-en__original,
dico_phrasis_0000506__eu-es__flipped,
dico_phrasis_0000506__eu-es__original,
dico_phrasis_0000507__en-es__flipped,
dico_phrasis_0000507__en-es__original,
dico_phrasis_0000507__en-eu__flipped,
dico_phrasis_0000507__en-eu__original,
dico_phrasis_0000507__es-en__flipped,
dico_phrasis_0000507__es-en__original,
dico_phrasis_0000507__es-eu__flipped,
dico_phrasis_0000507__es-eu__original,
dico_phrasis_0000507__eu-en__flipped,
dico_phrasis_0000507__eu-en__original,
dico_phrasis_0000507__eu-es__flipped,
dico_phrasis_0000507__eu-es__original,
dico_phrasis_0000508__en-es__flipped,
dico_phrasis_0000508__en-es__original,
dico_phrasis_0000508__en-eu__flipped,
dico_phrasis_0000508__en-eu__original,
dico_phrasis_0000508__es-en__flipped,
dico_phrasis_0000508__es-en__original,
dico_phrasis_0000508__es-eu__flipped,
dico_phrasis_0000508__es-eu__original,
dico_phrasis_0000508__eu-en__flipped,
dico_phrasis_0000508__eu-en__original,
dico_phrasis_0000508__eu-es__flipped,
dico_phrasis_0000508__eu-es__original,
dico_phrasis_0000509__en-es__flipped,
dico_phrasis_0000509__en-es__original,
dico_phrasis_0000509__en-eu__flipped,
dico_phrasis_0000509__en-eu__original,
dico_phrasis_0000509__es-en__flipped,
dico_phrasis_0000509__es-en__original,
dico_phrasis_0000509__es-eu__flipped,
dico_phrasis_0000509__es-eu__original,
dico_phrasis_0000509__eu-en__flipped,
dico_phrasis_0000509__eu-en__original,
dico_phrasis_0000509__eu-es__flipped,
dico_phrasis_0000509__eu-es__original,
dico_phrasis_0000510__en-es__flipped,
dico_phrasis_0000510__en-es__original,
dico_phrasis_0000510__en-eu__flipped,
dico_phrasis_0000510__en-eu__original,
dico_phrasis_0000510__es-en__flipped,
dico_phrasis_0000510__es-en__original,
dico_phrasis_0000510__es-eu__flipped,
dico_phrasis_0000510__es-eu__original,
dico_phrasis_0000510__eu-en__flipped,
dico_phrasis_0000510__eu-en__original,
dico_phrasis_0000510__eu-es__flipped,
dico_phrasis_0000510__eu-es__original,
dico_phrasis_0000511__en-es__flipped,
dico_phrasis_0000511__en-es__original,
dico_phrasis_0000511__en-eu__flipped,
dico_phrasis_0000511__en-eu__original,
dico_phrasis_0000511__es-en__flipped,
dico_phrasis_0000511__es-en__original,
dico_phrasis_0000511__es-eu__flipped,
dico_phrasis_0000511__es-eu__original,
dico_phrasis_0000511__eu-en__flipped,
dico_phrasis_0000511__eu-en__original,
dico_phrasis_0000511__eu-es__flipped,
dico_phrasis_0000511__eu-es__original,
dico_phrasis_0000512__en-es__flipped,
dico_phrasis_0000512__en-es__original,
dico_phrasis_0000512__en-eu__flipped,
dico_phrasis_0000512__en-eu__original,
dico_phrasis_0000512__es-en__flipped,
dico_phrasis_0000512__es-en__original,
dico_phrasis_0000512__es-eu__flipped,
dico_phrasis_0000512__es-eu__original,
dico_phrasis_0000512__eu-en__flipped,
dico_phrasis_0000512__eu-en__original,
dico_phrasis_0000512__eu-es__flipped,
dico_phrasis_0000512__eu-es__original,
dico_phrasis_0000513__en-es__flipped,
dico_phrasis_0000513__en-es__original,
dico_phrasis_0000513__en-eu__flipped,
dico_phrasis_0000513__en-eu__original,
dico_phrasis_0000513__es-en__flipped,
dico_phrasis_0000513__es-en__original,
dico_phrasis_0000513__es-eu__flipped,
dico_phrasis_0000513__es-eu__original,
dico_phrasis_0000513__eu-en__flipped,
dico_phrasis_0000513__eu-en__original,
dico_phrasis_0000513__eu-es__flipped,
dico_phrasis_0000513__eu-es__original,
dico_phrasis_0000515__en-es__flipped,
dico_phrasis_0000515__en-es__original,
dico_phrasis_0000515__en-eu__flipped,
dico_phrasis_0000515__en-eu__original,
dico_phrasis_0000515__es-en__flipped,
dico_phrasis_0000515__es-en__original,
dico_phrasis_0000515__es-eu__flipped,
dico_phrasis_0000515__es-eu__original,
dico_phrasis_0000515__eu-en__flipped,
dico_phrasis_0000515__eu-en__original,
dico_phrasis_0000515__eu-es__flipped,
dico_phrasis_0000515__eu-es__original,
dico_phrasis_0000517__en-es__flipped,
dico_phrasis_0000517__en-es__original,
dico_phrasis_0000517__en-eu__flipped,
dico_phrasis_0000517__en-eu__original,
dico_phrasis_0000517__es-en__flipped,
dico_phrasis_0000517__es-en__original,
dico_phrasis_0000517__es-eu__flipped,
dico_phrasis_0000517__es-eu__original,
dico_phrasis_0000517__eu-en__flipped,
dico_phrasis_0000517__eu-en__original,
dico_phrasis_0000517__eu-es__flipped,
dico_phrasis_0000517__eu-es__original,
dico_phrasis_0000519__en-es__flipped,
dico_phrasis_0000519__en-es__original,
dico_phrasis_0000519__en-eu__flipped,
dico_phrasis_0000519__en-eu__original,
dico_phrasis_0000519__es-en__flipped,
dico_phrasis_0000519__es-en__original,
dico_phrasis_0000519__es-eu__flipped,
dico_phrasis_0000519__es-eu__original,
dico_phrasis_0000519__eu-en__flipped,
dico_phrasis_0000519__eu-en__original,
dico_phrasis_0000519__eu-es__flipped,
dico_phrasis_0000519__eu-es__original,
dico_phrasis_0000522__en-es__flipped,
dico_phrasis_0000522__en-es__original,
dico_phrasis_0000522__en-eu__flipped,
dico_phrasis_0000522__en-eu__original,
dico_phrasis_0000522__es-en__flipped,
dico_phrasis_0000522__es-en__original,
dico_phrasis_0000522__es-eu__flipped,
dico_phrasis_0000522__es-eu__original,
dico_phrasis_0000522__eu-en__flipped,
dico_phrasis_0000522__eu-en__original,
dico_phrasis_0000522__eu-es__flipped,
dico_phrasis_0000522__eu-es__original,
dico_phrasis_0000525__en-es__flipped,
dico_phrasis_0000525__en-es__original,
dico_phrasis_0000525__en-eu__flipped,
dico_phrasis_0000525__en-eu__original,
dico_phrasis_0000525__es-en__flipped,
dico_phrasis_0000525__es-en__original,
dico_phrasis_0000525__es-eu__flipped,
dico_phrasis_0000525__es-eu__original,
dico_phrasis_0000525__eu-en__flipped,
dico_phrasis_0000525__eu-en__original,
dico_phrasis_0000525__eu-es__flipped,
dico_phrasis_0000525__eu-es__original,
dico_phrasis_0000529__en-es__flipped,
dico_phrasis_0000529__en-es__original,
dico_phrasis_0000529__en-eu__flipped,
dico_phrasis_0000529__en-eu__original,
dico_phrasis_0000529__es-en__flipped,
dico_phrasis_0000529__es-en__original,
dico_phrasis_0000529__es-eu__flipped,
dico_phrasis_0000529__es-eu__original,
dico_phrasis_0000529__eu-en__flipped,
dico_phrasis_0000529__eu-en__original,
dico_phrasis_0000529__eu-es__flipped,
dico_phrasis_0000529__eu-es__original,
dico_phrasis_0000530__en-es__flipped,
dico_phrasis_0000530__en-es__original,
dico_phrasis_0000530__en-eu__flipped,
dico_phrasis_0000530__en-eu__original,
dico_phrasis_0000530__es-en__flipped,
dico_phrasis_0000530__es-en__original,
dico_phrasis_0000530__es-eu__flipped,
dico_phrasis_0000530__es-eu__original,
dico_phrasis_0000530__eu-en__flipped,
dico_phrasis_0000530__eu-en__original,
dico_phrasis_0000530__eu-es__flipped,
dico_phrasis_0000530__eu-es__original,
dico_phrasis_0000531__en-es__flipped,
dico_phrasis_0000531__en-es__original,
dico_phrasis_0000531__en-eu__flipped,
dico_phrasis_0000531__en-eu__original,
dico_phrasis_0000531__es-en__flipped,
dico_phrasis_0000531__es-en__original,
dico_phrasis_0000531__es-eu__flipped,
dico_phrasis_0000531__es-eu__original,
dico_phrasis_0000531__eu-en__flipped,
dico_phrasis_0000531__eu-en__original,
dico_phrasis_0000531__eu-es__flipped,
dico_phrasis_0000531__eu-es__original,
dico_phrasis_0000532__en-es__flipped,
dico_phrasis_0000532__en-es__original,
dico_phrasis_0000532__en-eu__flipped,
dico_phrasis_0000532__en-eu__original,
dico_phrasis_0000532__es-en__flipped,
dico_phrasis_0000532__es-en__original,
dico_phrasis_0000532__es-eu__flipped,
dico_phrasis_0000532__es-eu__original,
dico_phrasis_0000532__eu-en__flipped,
dico_phrasis_0000532__eu-en__original,
dico_phrasis_0000532__eu-es__flipped,
dico_phrasis_0000532__eu-es__original,
dico_phrasis_0000533__en-es__flipped,
dico_phrasis_0000533__en-es__original,
dico_phrasis_0000533__en-eu__flipped,
dico_phrasis_0000533__en-eu__original,
dico_phrasis_0000533__es-en__flipped,
dico_phrasis_0000533__es-en__original,
dico_phrasis_0000533__es-eu__flipped,
dico_phrasis_0000533__es-eu__original,
dico_phrasis_0000533__eu-en__flipped,
dico_phrasis_0000533__eu-en__original,
dico_phrasis_0000533__eu-es__flipped,
dico_phrasis_0000533__eu-es__original,
dico_phrasis_0000534__en-es__flipped,
dico_phrasis_0000534__en-es__original,
dico_phrasis_0000534__en-eu__flipped,
dico_phrasis_0000534__en-eu__original,
dico_phrasis_0000534__es-en__flipped,
dico_phrasis_0000534__es-en__original,
dico_phrasis_0000534__es-eu__flipped,
dico_phrasis_0000534__es-eu__original,
dico_phrasis_0000534__eu-en__flipped,
dico_phrasis_0000534__eu-en__original,
dico_phrasis_0000534__eu-es__flipped,
dico_phrasis_0000534__eu-es__original,
dico_phrasis_0000535__en-es__flipped,
dico_phrasis_0000535__en-es__original,
dico_phrasis_0000535__en-eu__flipped,
dico_phrasis_0000535__en-eu__original,
dico_phrasis_0000535__es-en__flipped,
dico_phrasis_0000535__es-en__original,
dico_phrasis_0000535__es-eu__flipped,
dico_phrasis_0000535__es-eu__original,
dico_phrasis_0000535__eu-en__flipped,
dico_phrasis_0000535__eu-en__original,
dico_phrasis_0000535__eu-es__flipped,
dico_phrasis_0000535__eu-es__original,
dico_phrasis_0000536__en-es__flipped,
dico_phrasis_0000536__en-es__original,
dico_phrasis_0000536__en-eu__flipped,
dico_phrasis_0000536__en-eu__original,
dico_phrasis_0000536__es-en__flipped,
dico_phrasis_0000536__es-en__original,
dico_phrasis_0000536__es-eu__flipped,
dico_phrasis_0000536__es-eu__original,
dico_phrasis_0000536__eu-en__flipped,
dico_phrasis_0000536__eu-en__original,
dico_phrasis_0000536__eu-es__flipped,
dico_phrasis_0000536__eu-es__original,
dico_phrasis_0000538__en-es__flipped,
dico_phrasis_0000538__en-es__original,
dico_phrasis_0000538__en-eu__flipped,
dico_phrasis_0000538__en-eu__original,
dico_phrasis_0000538__es-en__flipped,
dico_phrasis_0000538__es-en__original,
dico_phrasis_0000538__es-eu__flipped,
dico_phrasis_0000538__es-eu__original,
dico_phrasis_0000538__eu-en__flipped,
dico_phrasis_0000538__eu-en__original,
dico_phrasis_0000538__eu-es__flipped,
dico_phrasis_0000538__eu-es__original,
dico_phrasis_0000539__en-es__flipped,
dico_phrasis_0000539__en-es__original,
dico_phrasis_0000539__en-eu__flipped,
dico_phrasis_0000539__en-eu__original,
dico_phrasis_0000539__es-en__flipped,
dico_phrasis_0000539__es-en__original,
dico_phrasis_0000539__es-eu__flipped,
dico_phrasis_0000539__es-eu__original,
dico_phrasis_0000539__eu-en__flipped,
dico_phrasis_0000539__eu-en__original,
dico_phrasis_0000539__eu-es__flipped,
dico_phrasis_0000539__eu-es__original,
dico_phrasis_0000543__en-es__flipped,
dico_phrasis_0000543__en-es__original,
dico_phrasis_0000543__en-eu__flipped,
dico_phrasis_0000543__en-eu__original,
dico_phrasis_0000543__es-en__flipped,
dico_phrasis_0000543__es-en__original,
dico_phrasis_0000543__es-eu__flipped,
dico_phrasis_0000543__es-eu__original,
dico_phrasis_0000543__eu-en__flipped,
dico_phrasis_0000543__eu-en__original,
dico_phrasis_0000543__eu-es__flipped,
dico_phrasis_0000543__eu-es__original,
dico_phrasis_0000544__en-es__flipped,
dico_phrasis_0000544__en-es__original,
dico_phrasis_0000544__en-eu__flipped,
dico_phrasis_0000544__en-eu__original,
dico_phrasis_0000544__es-en__flipped,
dico_phrasis_0000544__es-en__original,
dico_phrasis_0000544__es-eu__flipped,
dico_phrasis_0000544__es-eu__original,
dico_phrasis_0000544__eu-en__flipped,
dico_phrasis_0000544__eu-en__original,
dico_phrasis_0000544__eu-es__flipped,
dico_phrasis_0000544__eu-es__original,
dico_phrasis_0000545__en-es__flipped,
dico_phrasis_0000545__en-es__original,
dico_phrasis_0000545__en-eu__flipped,
dico_phrasis_0000545__en-eu__original,
dico_phrasis_0000545__es-en__flipped,
dico_phrasis_0000545__es-en__original,
dico_phrasis_0000545__es-eu__flipped,
dico_phrasis_0000545__es-eu__original,
dico_phrasis_0000545__eu-en__flipped,
dico_phrasis_0000545__eu-en__original,
dico_phrasis_0000545__eu-es__flipped,
dico_phrasis_0000545__eu-es__original,
dico_phrasis_0000546__en-es__flipped,
dico_phrasis_0000546__en-es__original,
dico_phrasis_0000546__en-eu__flipped,
dico_phrasis_0000546__en-eu__original,
dico_phrasis_0000546__es-en__flipped,
dico_phrasis_0000546__es-en__original,
dico_phrasis_0000546__es-eu__flipped,
dico_phrasis_0000546__es-eu__original,
dico_phrasis_0000546__eu-en__flipped,
dico_phrasis_0000546__eu-en__original,
dico_phrasis_0000546__eu-es__flipped,
dico_phrasis_0000546__eu-es__original,
dico_phrasis_0000548__en-es__flipped,
dico_phrasis_0000548__en-es__original,
dico_phrasis_0000548__en-eu__flipped,
dico_phrasis_0000548__en-eu__original,
dico_phrasis_0000548__es-en__flipped,
dico_phrasis_0000548__es-en__original,
dico_phrasis_0000548__es-eu__flipped,
dico_phrasis_0000548__es-eu__original,
dico_phrasis_0000548__eu-en__flipped,
dico_phrasis_0000548__eu-en__original,
dico_phrasis_0000548__eu-es__flipped,
dico_phrasis_0000548__eu-es__original,
dico_phrasis_0000550__en-es__flipped,
dico_phrasis_0000550__en-es__original,
dico_phrasis_0000550__en-eu__flipped,
dico_phrasis_0000550__en-eu__original,
dico_phrasis_0000550__es-en__flipped,
dico_phrasis_0000550__es-en__original,
dico_phrasis_0000550__es-eu__flipped,
dico_phrasis_0000550__es-eu__original,
dico_phrasis_0000550__eu-en__flipped,
dico_phrasis_0000550__eu-en__original,
dico_phrasis_0000550__eu-es__flipped,
dico_phrasis_0000550__eu-es__original,
dico_phrasis_0000551__en-es__flipped,
dico_phrasis_0000551__en-es__original,
dico_phrasis_0000551__en-eu__flipped,
dico_phrasis_0000551__en-eu__original,
dico_phrasis_0000551__es-en__flipped,
dico_phrasis_0000551__es-en__original,
dico_phrasis_0000551__es-eu__flipped,
dico_phrasis_0000551__es-eu__original,
dico_phrasis_0000551__eu-en__flipped,
dico_phrasis_0000551__eu-en__original,
dico_phrasis_0000551__eu-es__flipped,
dico_phrasis_0000551__eu-es__original,
dico_phrasis_0000553__en-es__flipped,
dico_phrasis_0000553__en-es__original,
dico_phrasis_0000553__en-eu__flipped,
dico_phrasis_0000553__en-eu__original,
dico_phrasis_0000553__es-en__flipped,
dico_phrasis_0000553__es-en__original,
dico_phrasis_0000553__es-eu__flipped,
dico_phrasis_0000553__es-eu__original,
dico_phrasis_0000553__eu-en__flipped,
dico_phrasis_0000553__eu-en__original,
dico_phrasis_0000553__eu-es__flipped,
dico_phrasis_0000553__eu-es__original,
dico_phrasis_0000554__en-es__flipped,
dico_phrasis_0000554__en-es__original,
dico_phrasis_0000554__en-eu__flipped,
dico_phrasis_0000554__en-eu__original,
dico_phrasis_0000554__es-en__flipped,
dico_phrasis_0000554__es-en__original,
dico_phrasis_0000554__es-eu__flipped,
dico_phrasis_0000554__es-eu__original,
dico_phrasis_0000554__eu-en__flipped,
dico_phrasis_0000554__eu-en__original,
dico_phrasis_0000554__eu-es__flipped,
dico_phrasis_0000554__eu-es__original,
dico_phrasis_0000555__en-es__flipped,
dico_phrasis_0000555__en-es__original,
dico_phrasis_0000555__en-eu__flipped,
dico_phrasis_0000555__en-eu__original,
dico_phrasis_0000555__es-en__flipped,
dico_phrasis_0000555__es-en__original,
dico_phrasis_0000555__es-eu__flipped,
dico_phrasis_0000555__es-eu__original,
dico_phrasis_0000555__eu-en__flipped,
dico_phrasis_0000555__eu-en__original,
dico_phrasis_0000555__eu-es__flipped,
dico_phrasis_0000555__eu-es__original,
dico_phrasis_0000557__en-es__flipped,
dico_phrasis_0000557__en-es__original,
dico_phrasis_0000557__en-eu__flipped,
dico_phrasis_0000557__en-eu__original,
dico_phrasis_0000557__es-en__flipped,
dico_phrasis_0000557__es-en__original,
dico_phrasis_0000557__es-eu__flipped,
dico_phrasis_0000557__es-eu__original,
dico_phrasis_0000557__eu-en__flipped,
dico_phrasis_0000557__eu-en__original,
dico_phrasis_0000557__eu-es__flipped,
dico_phrasis_0000557__eu-es__original,
dico_phrasis_0000558__en-es__flipped,
dico_phrasis_0000558__en-es__original,
dico_phrasis_0000558__en-eu__flipped,
dico_phrasis_0000558__en-eu__original,
dico_phrasis_0000558__es-en__flipped,
dico_phrasis_0000558__es-en__original,
dico_phrasis_0000558__es-eu__flipped,
dico_phrasis_0000558__es-eu__original,
dico_phrasis_0000558__eu-en__flipped,
dico_phrasis_0000558__eu-en__original,
dico_phrasis_0000558__eu-es__flipped,
dico_phrasis_0000558__eu-es__original,
dico_phrasis_0000564__en-es__flipped,
dico_phrasis_0000564__en-es__original,
dico_phrasis_0000564__en-eu__flipped,
dico_phrasis_0000564__en-eu__original,
dico_phrasis_0000564__es-en__flipped,
dico_phrasis_0000564__es-en__original,
dico_phrasis_0000564__es-eu__flipped,
dico_phrasis_0000564__es-eu__original,
dico_phrasis_0000564__eu-en__flipped,
dico_phrasis_0000564__eu-en__original,
dico_phrasis_0000564__eu-es__flipped,
dico_phrasis_0000564__eu-es__original,
dico_phrasis_0000565__en-es__flipped,
dico_phrasis_0000565__en-es__original,
dico_phrasis_0000565__en-eu__flipped,
dico_phrasis_0000565__en-eu__original,
dico_phrasis_0000565__es-en__flipped,
dico_phrasis_0000565__es-en__original,
dico_phrasis_0000565__es-eu__flipped,
dico_phrasis_0000565__es-eu__original,
dico_phrasis_0000565__eu-en__flipped,
dico_phrasis_0000565__eu-en__original,
dico_phrasis_0000565__eu-es__flipped,
dico_phrasis_0000565__eu-es__original,
dico_phrasis_0000566__en-es__flipped,
dico_phrasis_0000566__en-es__original,
dico_phrasis_0000566__en-eu__flipped,
dico_phrasis_0000566__en-eu__original,
dico_phrasis_0000566__es-en__flipped,
dico_phrasis_0000566__es-en__original,
dico_phrasis_0000566__es-eu__flipped,
dico_phrasis_0000566__es-eu__original,
dico_phrasis_0000566__eu-en__flipped,
dico_phrasis_0000566__eu-en__original,
dico_phrasis_0000566__eu-es__flipped,
dico_phrasis_0000566__eu-es__original,
dico_phrasis_0000567__en-es__flipped,
dico_phrasis_0000567__en-es__original,
dico_phrasis_0000567__en-eu__flipped,
dico_phrasis_0000567__en-eu__original,
dico_phrasis_0000567__es-en__flipped,
dico_phrasis_0000567__es-en__original,
dico_phrasis_0000567__es-eu__flipped,
dico_phrasis_0000567__es-eu__original,
dico_phrasis_0000567__eu-en__flipped,
dico_phrasis_0000567__eu-en__original,
dico_phrasis_0000567__eu-es__flipped,
dico_phrasis_0000567__eu-es__original,
dico_phrasis_0000569__en-es__flipped,
dico_phrasis_0000569__en-es__original,
dico_phrasis_0000569__en-eu__flipped,
dico_phrasis_0000569__en-eu__original,
dico_phrasis_0000569__es-en__flipped,
dico_phrasis_0000569__es-en__original,
dico_phrasis_0000569__es-eu__flipped,
dico_phrasis_0000569__es-eu__original,
dico_phrasis_0000569__eu-en__flipped,
dico_phrasis_0000569__eu-en__original,
dico_phrasis_0000569__eu-es__flipped,
dico_phrasis_0000569__eu-es__original,
dico_phrasis_0000570__en-es__flipped,
dico_phrasis_0000570__en-es__original,
dico_phrasis_0000570__en-eu__flipped,
dico_phrasis_0000570__en-eu__original,
dico_phrasis_0000570__es-en__flipped,
dico_phrasis_0000570__es-en__original,
dico_phrasis_0000570__es-eu__flipped,
dico_phrasis_0000570__es-eu__original,
dico_phrasis_0000570__eu-en__flipped,
dico_phrasis_0000570__eu-en__original,
dico_phrasis_0000570__eu-es__flipped,
dico_phrasis_0000570__eu-es__original,
dico_phrasis_0000571__en-es__flipped,
dico_phrasis_0000571__en-es__original,
dico_phrasis_0000571__en-eu__flipped,
dico_phrasis_0000571__en-eu__original,
dico_phrasis_0000571__es-en__flipped,
dico_phrasis_0000571__es-en__original,
dico_phrasis_0000571__es-eu__flipped,
dico_phrasis_0000571__es-eu__original,
dico_phrasis_0000571__eu-en__flipped,
dico_phrasis_0000571__eu-en__original,
dico_phrasis_0000571__eu-es__flipped,
dico_phrasis_0000571__eu-es__original,
dico_phrasis_0000572__en-es__flipped,
dico_phrasis_0000572__en-es__original,
dico_phrasis_0000572__en-eu__flipped,
dico_phrasis_0000572__en-eu__original,
dico_phrasis_0000572__es-en__flipped,
dico_phrasis_0000572__es-en__original,
dico_phrasis_0000572__es-eu__flipped,
dico_phrasis_0000572__es-eu__original,
dico_phrasis_0000572__eu-en__flipped,
dico_phrasis_0000572__eu-en__original,
dico_phrasis_0000572__eu-es__flipped,
dico_phrasis_0000572__eu-es__original,
dico_phrasis_0000573__en-es__flipped,
dico_phrasis_0000573__en-es__original,
dico_phrasis_0000573__en-eu__flipped,
dico_phrasis_0000573__en-eu__original,
dico_phrasis_0000573__es-en__flipped,
dico_phrasis_0000573__es-en__original,
dico_phrasis_0000573__es-eu__flipped,
dico_phrasis_0000573__es-eu__original,
dico_phrasis_0000573__eu-en__flipped,
dico_phrasis_0000573__eu-en__original,
dico_phrasis_0000573__eu-es__flipped,
dico_phrasis_0000573__eu-es__original,
dico_phrasis_0000574__en-es__flipped,
dico_phrasis_0000574__en-es__original,
dico_phrasis_0000574__en-eu__flipped,
dico_phrasis_0000574__en-eu__original,
dico_phrasis_0000574__es-en__flipped,
dico_phrasis_0000574__es-en__original,
dico_phrasis_0000574__es-eu__flipped,
dico_phrasis_0000574__es-eu__original,
dico_phrasis_0000574__eu-en__flipped,
dico_phrasis_0000574__eu-en__original,
dico_phrasis_0000574__eu-es__flipped,
dico_phrasis_0000574__eu-es__original,
dico_phrasis_0000575__en-es__flipped,
dico_phrasis_0000575__en-es__original,
dico_phrasis_0000575__en-eu__flipped,
dico_phrasis_0000575__en-eu__original,
dico_phrasis_0000575__es-en__flipped,
dico_phrasis_0000575__es-en__original,
dico_phrasis_0000575__es-eu__flipped,
dico_phrasis_0000575__es-eu__original,
dico_phrasis_0000575__eu-en__flipped,
dico_phrasis_0000575__eu-en__original,
dico_phrasis_0000575__eu-es__flipped,
dico_phrasis_0000575__eu-es__original,
dico_phrasis_0000576__en-es__flipped,
dico_phrasis_0000576__en-es__original,
dico_phrasis_0000576__en-eu__flipped,
dico_phrasis_0000576__en-eu__original,
dico_phrasis_0000576__es-en__flipped,
dico_phrasis_0000576__es-en__original,
dico_phrasis_0000576__es-eu__flipped,
dico_phrasis_0000576__es-eu__original,
dico_phrasis_0000576__eu-en__flipped,
dico_phrasis_0000576__eu-en__original,
dico_phrasis_0000576__eu-es__flipped,
dico_phrasis_0000576__eu-es__original,
dico_phrasis_0000577__en-es__flipped,
dico_phrasis_0000577__en-es__original,
dico_phrasis_0000577__en-eu__flipped,
dico_phrasis_0000577__en-eu__original,
dico_phrasis_0000577__es-en__flipped,
dico_phrasis_0000577__es-en__original,
dico_phrasis_0000577__es-eu__flipped,
dico_phrasis_0000577__es-eu__original,
dico_phrasis_0000577__eu-en__flipped,
dico_phrasis_0000577__eu-en__original,
dico_phrasis_0000577__eu-es__flipped,
dico_phrasis_0000577__eu-es__original,
dico_phrasis_0000578__en-es__flipped,
dico_phrasis_0000578__en-es__original,
dico_phrasis_0000578__en-eu__flipped,
dico_phrasis_0000578__en-eu__original,
dico_phrasis_0000578__es-en__flipped,
dico_phrasis_0000578__es-en__original,
dico_phrasis_0000578__es-eu__flipped,
dico_phrasis_0000578__es-eu__original,
dico_phrasis_0000578__eu-en__flipped,
dico_phrasis_0000578__eu-en__original,
dico_phrasis_0000578__eu-es__flipped,
dico_phrasis_0000578__eu-es__original,
dico_phrasis_0000579__en-es__flipped,
dico_phrasis_0000579__en-es__original,
dico_phrasis_0000579__en-eu__flipped,
dico_phrasis_0000579__en-eu__original,
dico_phrasis_0000579__es-en__flipped,
dico_phrasis_0000579__es-en__original,
dico_phrasis_0000579__es-eu__flipped,
dico_phrasis_0000579__es-eu__original,
dico_phrasis_0000579__eu-en__flipped,
dico_phrasis_0000579__eu-en__original,
dico_phrasis_0000579__eu-es__flipped,
dico_phrasis_0000579__eu-es__original,
dico_phrasis_0000581__en-es__flipped,
dico_phrasis_0000581__en-es__original,
dico_phrasis_0000581__en-eu__flipped,
dico_phrasis_0000581__en-eu__original,
dico_phrasis_0000581__es-en__flipped,
dico_phrasis_0000581__es-en__original,
dico_phrasis_0000581__es-eu__flipped,
dico_phrasis_0000581__es-eu__original,
dico_phrasis_0000581__eu-en__flipped,
dico_phrasis_0000581__eu-en__original,
dico_phrasis_0000581__eu-es__flipped,
dico_phrasis_0000581__eu-es__original,
dico_phrasis_0000582__en-es__flipped,
dico_phrasis_0000582__en-es__original,
dico_phrasis_0000582__en-eu__flipped,
dico_phrasis_0000582__en-eu__original,
dico_phrasis_0000582__es-en__flipped,
dico_phrasis_0000582__es-en__original,
dico_phrasis_0000582__es-eu__flipped,
dico_phrasis_0000582__es-eu__original,
dico_phrasis_0000582__eu-en__flipped,
dico_phrasis_0000582__eu-en__original,
dico_phrasis_0000582__eu-es__flipped,
dico_phrasis_0000582__eu-es__original,
dico_phrasis_0000583__en-es__flipped,
dico_phrasis_0000583__en-es__original,
dico_phrasis_0000583__en-eu__flipped,
dico_phrasis_0000583__en-eu__original,
dico_phrasis_0000583__es-en__flipped,
dico_phrasis_0000583__es-en__original,
dico_phrasis_0000583__es-eu__flipped,
dico_phrasis_0000583__es-eu__original,
dico_phrasis_0000583__eu-en__flipped,
dico_phrasis_0000583__eu-en__original,
dico_phrasis_0000583__eu-es__flipped,
dico_phrasis_0000583__eu-es__original,
dico_phrasis_0000584__en-es__flipped,
dico_phrasis_0000584__en-es__original,
dico_phrasis_0000584__en-eu__flipped,
dico_phrasis_0000584__en-eu__original,
dico_phrasis_0000584__es-en__flipped,
dico_phrasis_0000584__es-en__original,
dico_phrasis_0000584__es-eu__flipped,
dico_phrasis_0000584__es-eu__original,
dico_phrasis_0000584__eu-en__flipped,
dico_phrasis_0000584__eu-en__original,
dico_phrasis_0000584__eu-es__flipped,
dico_phrasis_0000584__eu-es__original,
dico_phrasis_0000585__en-es__flipped,
dico_phrasis_0000585__en-es__original,
dico_phrasis_0000585__en-eu__flipped,
dico_phrasis_0000585__en-eu__original,
dico_phrasis_0000585__es-en__flipped,
dico_phrasis_0000585__es-en__original,
dico_phrasis_0000585__es-eu__flipped,
dico_phrasis_0000585__es-eu__original,
dico_phrasis_0000585__eu-en__flipped,
dico_phrasis_0000585__eu-en__original,
dico_phrasis_0000585__eu-es__flipped,
dico_phrasis_0000585__eu-es__original,
dico_phrasis_0000586__en-es__flipped,
dico_phrasis_0000586__en-es__original,
dico_phrasis_0000586__en-eu__flipped,
dico_phrasis_0000586__en-eu__original,
dico_phrasis_0000586__es-en__flipped,
dico_phrasis_0000586__es-en__original,
dico_phrasis_0000586__es-eu__flipped,
dico_phrasis_0000586__es-eu__original,
dico_phrasis_0000586__eu-en__flipped,
dico_phrasis_0000586__eu-en__original,
dico_phrasis_0000586__eu-es__flipped,
dico_phrasis_0000586__eu-es__original,
dico_phrasis_0000587__en-es__flipped,
dico_phrasis_0000587__en-es__original,
dico_phrasis_0000587__en-eu__flipped,
dico_phrasis_0000587__en-eu__original,
dico_phrasis_0000587__es-en__flipped,
dico_phrasis_0000587__es-en__original,
dico_phrasis_0000587__es-eu__flipped,
dico_phrasis_0000587__es-eu__original,
dico_phrasis_0000587__eu-en__flipped,
dico_phrasis_0000587__eu-en__original,
dico_phrasis_0000587__eu-es__flipped,
dico_phrasis_0000587__eu-es__original,
dico_phrasis_0000588__en-es__flipped,
dico_phrasis_0000588__en-es__original,
dico_phrasis_0000588__en-eu__flipped,
dico_phrasis_0000588__en-eu__original,
dico_phrasis_0000588__es-en__flipped,
dico_phrasis_0000588__es-en__original,
dico_phrasis_0000588__es-eu__flipped,
dico_phrasis_0000588__es-eu__original,
dico_phrasis_0000588__eu-en__flipped,
dico_phrasis_0000588__eu-en__original,
dico_phrasis_0000588__eu-es__flipped,
dico_phrasis_0000588__eu-es__original,
dico_phrasis_0000589__en-es__flipped,
dico_phrasis_0000589__en-es__original,
dico_phrasis_0000589__en-eu__flipped,
dico_phrasis_0000589__en-eu__original,
dico_phrasis_0000589__es-en__flipped,
dico_phrasis_0000589__es-en__original,
dico_phrasis_0000589__es-eu__flipped,
dico_phrasis_0000589__es-eu__original,
dico_phrasis_0000589__eu-en__flipped,
dico_phrasis_0000589__eu-en__original,
dico_phrasis_0000589__eu-es__flipped,
dico_phrasis_0000589__eu-es__original,
dico_phrasis_0000591__en-es__flipped,
dico_phrasis_0000591__en-es__original,
dico_phrasis_0000591__en-eu__flipped,
dico_phrasis_0000591__en-eu__original,
dico_phrasis_0000591__es-en__flipped,
dico_phrasis_0000591__es-en__original,
dico_phrasis_0000591__es-eu__flipped,
dico_phrasis_0000591__es-eu__original,
dico_phrasis_0000591__eu-en__flipped,
dico_phrasis_0000591__eu-en__original,
dico_phrasis_0000591__eu-es__flipped,
dico_phrasis_0000591__eu-es__original,
dico_phrasis_0000592__en-es__flipped,
dico_phrasis_0000592__en-es__original,
dico_phrasis_0000592__en-eu__flipped,
dico_phrasis_0000592__en-eu__original,
dico_phrasis_0000592__es-en__flipped,
dico_phrasis_0000592__es-en__original,
dico_phrasis_0000592__es-eu__flipped,
dico_phrasis_0000592__es-eu__original,
dico_phrasis_0000592__eu-en__flipped,
dico_phrasis_0000592__eu-en__original,
dico_phrasis_0000592__eu-es__flipped,
dico_phrasis_0000592__eu-es__original,
dico_phrasis_0000593__en-es__flipped,
dico_phrasis_0000593__en-es__original,
dico_phrasis_0000593__en-eu__flipped,
dico_phrasis_0000593__en-eu__original,
dico_phrasis_0000593__es-en__flipped,
dico_phrasis_0000593__es-en__original,
dico_phrasis_0000593__es-eu__flipped,
dico_phrasis_0000593__es-eu__original,
dico_phrasis_0000593__eu-en__flipped,
dico_phrasis_0000593__eu-en__original,
dico_phrasis_0000593__eu-es__flipped,
dico_phrasis_0000593__eu-es__original,
dico_phrasis_0000594__en-es__flipped,
dico_phrasis_0000594__en-es__original,
dico_phrasis_0000594__en-eu__flipped,
dico_phrasis_0000594__en-eu__original,
dico_phrasis_0000594__es-en__flipped,
dico_phrasis_0000594__es-en__original,
dico_phrasis_0000594__es-eu__flipped,
dico_phrasis_0000594__es-eu__original,
dico_phrasis_0000594__eu-en__flipped,
dico_phrasis_0000594__eu-en__original,
dico_phrasis_0000594__eu-es__flipped,
dico_phrasis_0000594__eu-es__original,
dico_phrasis_0000595__en-es__flipped,
dico_phrasis_0000595__en-es__original,
dico_phrasis_0000595__en-eu__flipped,
dico_phrasis_0000595__en-eu__original,
dico_phrasis_0000595__es-en__flipped,
dico_phrasis_0000595__es-en__original,
dico_phrasis_0000595__es-eu__flipped,
dico_phrasis_0000595__es-eu__original,
dico_phrasis_0000595__eu-en__flipped,
dico_phrasis_0000595__eu-en__original,
dico_phrasis_0000595__eu-es__flipped,
dico_phrasis_0000595__eu-es__original,
dico_phrasis_0000596__en-es__flipped,
dico_phrasis_0000596__en-es__original,
dico_phrasis_0000596__en-eu__flipped,
dico_phrasis_0000596__en-eu__original,
dico_phrasis_0000596__es-en__flipped,
dico_phrasis_0000596__es-en__original,
dico_phrasis_0000596__es-eu__flipped,
dico_phrasis_0000596__es-eu__original,
dico_phrasis_0000596__eu-en__flipped,
dico_phrasis_0000596__eu-en__original,
dico_phrasis_0000596__eu-es__flipped,
dico_phrasis_0000596__eu-es__original,
dico_phrasis_0000597__en-es__flipped,
dico_phrasis_0000597__en-es__original,
dico_phrasis_0000597__en-eu__flipped,
dico_phrasis_0000597__en-eu__original,
dico_phrasis_0000597__es-en__flipped,
dico_phrasis_0000597__es-en__original,
dico_phrasis_0000597__es-eu__flipped,
dico_phrasis_0000597__es-eu__original,
dico_phrasis_0000597__eu-en__flipped,
dico_phrasis_0000597__eu-en__original,
dico_phrasis_0000597__eu-es__flipped,
dico_phrasis_0000597__eu-es__original,
dico_phrasis_0000598__en-es__flipped,
dico_phrasis_0000598__en-es__original,
dico_phrasis_0000598__en-eu__flipped,
dico_phrasis_0000598__en-eu__original,
dico_phrasis_0000598__es-en__flipped,
dico_phrasis_0000598__es-en__original,
dico_phrasis_0000598__es-eu__flipped,
dico_phrasis_0000598__es-eu__original,
dico_phrasis_0000598__eu-en__flipped,
dico_phrasis_0000598__eu-en__original,
dico_phrasis_0000598__eu-es__flipped,
dico_phrasis_0000598__eu-es__original,
dico_phrasis_0000600__en-es__flipped,
dico_phrasis_0000600__en-es__original,
dico_phrasis_0000600__en-eu__flipped,
dico_phrasis_0000600__en-eu__original,
dico_phrasis_0000600__es-en__flipped,
dico_phrasis_0000600__es-en__original,
dico_phrasis_0000600__es-eu__flipped,
dico_phrasis_0000600__es-eu__original,
dico_phrasis_0000600__eu-en__flipped,
dico_phrasis_0000600__eu-en__original,
dico_phrasis_0000600__eu-es__flipped,
dico_phrasis_0000600__eu-es__original,
dico_phrasis_0000601__en-es__flipped,
dico_phrasis_0000601__en-es__original,
dico_phrasis_0000601__en-eu__flipped,
dico_phrasis_0000601__en-eu__original,
dico_phrasis_0000601__es-en__flipped,
dico_phrasis_0000601__es-en__original,
dico_phrasis_0000601__es-eu__flipped,
dico_phrasis_0000601__es-eu__original,
dico_phrasis_0000601__eu-en__flipped,
dico_phrasis_0000601__eu-en__original,
dico_phrasis_0000601__eu-es__flipped,
dico_phrasis_0000601__eu-es__original,
dico_phrasis_0000603__en-es__flipped,
dico_phrasis_0000603__en-es__original,
dico_phrasis_0000603__en-eu__flipped,
dico_phrasis_0000603__en-eu__original,
dico_phrasis_0000603__es-en__flipped,
dico_phrasis_0000603__es-en__original,
dico_phrasis_0000603__es-eu__flipped,
dico_phrasis_0000603__es-eu__original,
dico_phrasis_0000603__eu-en__flipped,
dico_phrasis_0000603__eu-en__original,
dico_phrasis_0000603__eu-es__flipped,
dico_phrasis_0000603__eu-es__original,
dico_phrasis_0000605__en-es__flipped,
dico_phrasis_0000605__en-es__original,
dico_phrasis_0000605__en-eu__flipped,
dico_phrasis_0000605__en-eu__original,
dico_phrasis_0000605__es-en__flipped,
dico_phrasis_0000605__es-en__original,
dico_phrasis_0000605__es-eu__flipped,
dico_phrasis_0000605__es-eu__original,
dico_phrasis_0000605__eu-en__flipped,
dico_phrasis_0000605__eu-en__original,
dico_phrasis_0000605__eu-es__flipped,
dico_phrasis_0000605__eu-es__original,
dico_phrasis_0000606__en-es__flipped,
dico_phrasis_0000606__en-es__original,
dico_phrasis_0000606__en-eu__flipped,
dico_phrasis_0000606__en-eu__original,
dico_phrasis_0000606__es-en__flipped,
dico_phrasis_0000606__es-en__original,
dico_phrasis_0000606__es-eu__flipped,
dico_phrasis_0000606__es-eu__original,
dico_phrasis_0000606__eu-en__flipped,
dico_phrasis_0000606__eu-en__original,
dico_phrasis_0000606__eu-es__flipped,
dico_phrasis_0000606__eu-es__original,
dico_phrasis_0000607__en-es__flipped,
dico_phrasis_0000607__en-es__original,
dico_phrasis_0000607__en-eu__flipped,
dico_phrasis_0000607__en-eu__original,
dico_phrasis_0000607__es-en__flipped,
dico_phrasis_0000607__es-en__original,
dico_phrasis_0000607__es-eu__flipped,
dico_phrasis_0000607__es-eu__original,
dico_phrasis_0000607__eu-en__flipped,
dico_phrasis_0000607__eu-en__original,
dico_phrasis_0000607__eu-es__flipped,
dico_phrasis_0000607__eu-es__original,
dico_phrasis_0000608__en-es__flipped,
dico_phrasis_0000608__en-es__original,
dico_phrasis_0000608__en-eu__flipped,
dico_phrasis_0000608__en-eu__original,
dico_phrasis_0000608__es-en__flipped,
dico_phrasis_0000608__es-en__original,
dico_phrasis_0000608__es-eu__flipped,
dico_phrasis_0000608__es-eu__original,
dico_phrasis_0000608__eu-en__flipped,
dico_phrasis_0000608__eu-en__original,
dico_phrasis_0000608__eu-es__flipped,
dico_phrasis_0000608__eu-es__original,
dico_phrasis_0000609__en-es__flipped,
dico_phrasis_0000609__en-es__original,
dico_phrasis_0000609__en-eu__flipped,
dico_phrasis_0000609__en-eu__original,
dico_phrasis_0000609__es-en__flipped,
dico_phrasis_0000609__es-en__original,
dico_phrasis_0000609__es-eu__flipped,
dico_phrasis_0000609__es-eu__original,
dico_phrasis_0000609__eu-en__flipped,
dico_phrasis_0000609__eu-en__original,
dico_phrasis_0000609__eu-es__flipped,
dico_phrasis_0000609__eu-es__original,
dico_phrasis_0000610__en-es__flipped,
dico_phrasis_0000610__en-es__original,
dico_phrasis_0000610__en-eu__flipped,
dico_phrasis_0000610__en-eu__original,
dico_phrasis_0000610__es-en__flipped,
dico_phrasis_0000610__es-en__original,
dico_phrasis_0000610__es-eu__flipped,
dico_phrasis_0000610__es-eu__original,
dico_phrasis_0000610__eu-en__flipped,
dico_phrasis_0000610__eu-en__original,
dico_phrasis_0000610__eu-es__flipped,
dico_phrasis_0000610__eu-es__original,
dico_phrasis_0000611__en-es__flipped,
dico_phrasis_0000611__en-es__original,
dico_phrasis_0000611__en-eu__flipped,
dico_phrasis_0000611__en-eu__original,
dico_phrasis_0000611__es-en__flipped,
dico_phrasis_0000611__es-en__original,
dico_phrasis_0000611__es-eu__flipped,
dico_phrasis_0000611__es-eu__original,
dico_phrasis_0000611__eu-en__flipped,
dico_phrasis_0000611__eu-en__original,
dico_phrasis_0000611__eu-es__flipped,
dico_phrasis_0000611__eu-es__original,
dico_phrasis_0000612__en-es__flipped,
dico_phrasis_0000612__en-es__original,
dico_phrasis_0000612__en-eu__flipped,
dico_phrasis_0000612__en-eu__original,
dico_phrasis_0000612__es-en__flipped,
dico_phrasis_0000612__es-en__original,
dico_phrasis_0000612__es-eu__flipped,
dico_phrasis_0000612__es-eu__original,
dico_phrasis_0000612__eu-en__flipped,
dico_phrasis_0000612__eu-en__original,
dico_phrasis_0000612__eu-es__flipped,
dico_phrasis_0000612__eu-es__original,
dico_phrasis_0000613__en-es__flipped,
dico_phrasis_0000613__en-es__original,
dico_phrasis_0000613__en-eu__flipped,
dico_phrasis_0000613__en-eu__original,
dico_phrasis_0000613__es-en__flipped,
dico_phrasis_0000613__es-en__original,
dico_phrasis_0000613__es-eu__flipped,
dico_phrasis_0000613__es-eu__original,
dico_phrasis_0000613__eu-en__flipped,
dico_phrasis_0000613__eu-en__original,
dico_phrasis_0000613__eu-es__flipped,
dico_phrasis_0000613__eu-es__original,
dico_phrasis_0000615__en-es__flipped,
dico_phrasis_0000615__en-es__original,
dico_phrasis_0000615__en-eu__flipped,
dico_phrasis_0000615__en-eu__original,
dico_phrasis_0000615__es-en__flipped,
dico_phrasis_0000615__es-en__original,
dico_phrasis_0000615__es-eu__flipped,
dico_phrasis_0000615__es-eu__original,
dico_phrasis_0000615__eu-en__flipped,
dico_phrasis_0000615__eu-en__original,
dico_phrasis_0000615__eu-es__flipped,
dico_phrasis_0000615__eu-es__original,
dico_phrasis_0000617__en-es__flipped,
dico_phrasis_0000617__en-es__original,
dico_phrasis_0000617__en-eu__flipped,
dico_phrasis_0000617__en-eu__original,
dico_phrasis_0000617__es-en__flipped,
dico_phrasis_0000617__es-en__original,
dico_phrasis_0000617__es-eu__flipped,
dico_phrasis_0000617__es-eu__original,
dico_phrasis_0000617__eu-en__flipped,
dico_phrasis_0000617__eu-en__original,
dico_phrasis_0000617__eu-es__flipped,
dico_phrasis_0000617__eu-es__original,
dico_phrasis_0000624__en-es__flipped,
dico_phrasis_0000624__en-es__original,
dico_phrasis_0000624__en-eu__flipped,
dico_phrasis_0000624__en-eu__original,
dico_phrasis_0000624__es-en__flipped,
dico_phrasis_0000624__es-en__original,
dico_phrasis_0000624__es-eu__flipped,
dico_phrasis_0000624__es-eu__original,
dico_phrasis_0000624__eu-en__flipped,
dico_phrasis_0000624__eu-en__original,
dico_phrasis_0000624__eu-es__flipped,
dico_phrasis_0000624__eu-es__original,
dico_phrasis_0000625__en-es__flipped,
dico_phrasis_0000625__en-es__original,
dico_phrasis_0000625__en-eu__flipped,
dico_phrasis_0000625__en-eu__original,
dico_phrasis_0000625__es-en__flipped,
dico_phrasis_0000625__es-en__original,
dico_phrasis_0000625__es-eu__flipped,
dico_phrasis_0000625__es-eu__original,
dico_phrasis_0000625__eu-en__flipped,
dico_phrasis_0000625__eu-en__original,
dico_phrasis_0000625__eu-es__flipped,
dico_phrasis_0000625__eu-es__original,
dico_phrasis_0000626__en-es__flipped,
dico_phrasis_0000626__en-es__original,
dico_phrasis_0000626__en-eu__flipped,
dico_phrasis_0000626__en-eu__original,
dico_phrasis_0000626__es-en__flipped,
dico_phrasis_0000626__es-en__original,
dico_phrasis_0000626__es-eu__flipped,
dico_phrasis_0000626__es-eu__original,
dico_phrasis_0000626__eu-en__flipped,
dico_phrasis_0000626__eu-en__original,
dico_phrasis_0000626__eu-es__flipped,
dico_phrasis_0000626__eu-es__original,
dico_phrasis_0000628__en-es__flipped,
dico_phrasis_0000628__en-es__original,
dico_phrasis_0000628__en-eu__flipped,
dico_phrasis_0000628__en-eu__original,
dico_phrasis_0000628__es-en__flipped,
dico_phrasis_0000628__es-en__original,
dico_phrasis_0000628__es-eu__flipped,
dico_phrasis_0000628__es-eu__original,
dico_phrasis_0000628__eu-en__flipped,
dico_phrasis_0000628__eu-en__original,
dico_phrasis_0000628__eu-es__flipped,
dico_phrasis_0000628__eu-es__original,
dico_phrasis_0000629__en-es__flipped,
dico_phrasis_0000629__en-es__original,
dico_phrasis_0000629__en-eu__flipped,
dico_phrasis_0000629__en-eu__original,
dico_phrasis_0000629__es-en__flipped,
dico_phrasis_0000629__es-en__original,
dico_phrasis_0000629__es-eu__flipped,
dico_phrasis_0000629__es-eu__original,
dico_phrasis_0000629__eu-en__flipped,
dico_phrasis_0000629__eu-en__original,
dico_phrasis_0000629__eu-es__flipped,
dico_phrasis_0000629__eu-es__original,
dico_phrasis_0000630__en-es__flipped,
dico_phrasis_0000630__en-es__original,
dico_phrasis_0000630__en-eu__flipped,
dico_phrasis_0000630__en-eu__original,
dico_phrasis_0000630__es-en__flipped,
dico_phrasis_0000630__es-en__original,
dico_phrasis_0000630__es-eu__flipped,
dico_phrasis_0000630__es-eu__original,
dico_phrasis_0000630__eu-en__flipped,
dico_phrasis_0000630__eu-en__original,
dico_phrasis_0000630__eu-es__flipped,
dico_phrasis_0000630__eu-es__original,
dico_phrasis_0000631__en-es__flipped,
dico_phrasis_0000631__en-es__original,
dico_phrasis_0000631__en-eu__flipped,
dico_phrasis_0000631__en-eu__original,
dico_phrasis_0000631__es-en__flipped,
dico_phrasis_0000631__es-en__original,
dico_phrasis_0000631__es-eu__flipped,
dico_phrasis_0000631__es-eu__original,
dico_phrasis_0000631__eu-en__flipped,
dico_phrasis_0000631__eu-en__original,
dico_phrasis_0000631__eu-es__flipped,
dico_phrasis_0000631__eu-es__original,
dico_phrasis_0000633__en-es__flipped,
dico_phrasis_0000633__en-es__original,
dico_phrasis_0000633__en-eu__flipped,
dico_phrasis_0000633__en-eu__original,
dico_phrasis_0000633__es-en__flipped,
dico_phrasis_0000633__es-en__original,
dico_phrasis_0000633__es-eu__flipped,
dico_phrasis_0000633__es-eu__original,
dico_phrasis_0000633__eu-en__flipped,
dico_phrasis_0000633__eu-en__original,
dico_phrasis_0000633__eu-es__flipped,
dico_phrasis_0000633__eu-es__original,
dico_phrasis_0000634__en-es__flipped,
dico_phrasis_0000634__en-es__original,
dico_phrasis_0000634__en-eu__flipped,
dico_phrasis_0000634__en-eu__original,
dico_phrasis_0000634__es-en__flipped,
dico_phrasis_0000634__es-en__original,
dico_phrasis_0000634__es-eu__flipped,
dico_phrasis_0000634__es-eu__original,
dico_phrasis_0000634__eu-en__flipped,
dico_phrasis_0000634__eu-en__original,
dico_phrasis_0000634__eu-es__flipped,
dico_phrasis_0000634__eu-es__original,
dico_phrasis_0000635__en-es__flipped,
dico_phrasis_0000635__en-es__original,
dico_phrasis_0000635__en-eu__flipped,
dico_phrasis_0000635__en-eu__original,
dico_phrasis_0000635__es-en__flipped,
dico_phrasis_0000635__es-en__original,
dico_phrasis_0000635__es-eu__flipped,
dico_phrasis_0000635__es-eu__original,
dico_phrasis_0000635__eu-en__flipped,
dico_phrasis_0000635__eu-en__original,
dico_phrasis_0000635__eu-es__flipped,
dico_phrasis_0000635__eu-es__original,
dico_phrasis_0000636__en-es__flipped,
dico_phrasis_0000636__en-es__original,
dico_phrasis_0000636__en-eu__flipped,
dico_phrasis_0000636__en-eu__original,
dico_phrasis_0000636__es-en__flipped,
dico_phrasis_0000636__es-en__original,
dico_phrasis_0000636__es-eu__flipped,
dico_phrasis_0000636__es-eu__original,
dico_phrasis_0000636__eu-en__flipped,
dico_phrasis_0000636__eu-en__original,
dico_phrasis_0000636__eu-es__flipped,
dico_phrasis_0000636__eu-es__original,
dico_phrasis_0000637__en-es__flipped,
dico_phrasis_0000637__en-es__original,
dico_phrasis_0000637__en-eu__flipped,
dico_phrasis_0000637__en-eu__original,
dico_phrasis_0000637__es-en__flipped,
dico_phrasis_0000637__es-en__original,
dico_phrasis_0000637__es-eu__flipped,
dico_phrasis_0000637__es-eu__original,
dico_phrasis_0000637__eu-en__flipped,
dico_phrasis_0000637__eu-en__original,
dico_phrasis_0000637__eu-es__flipped,
dico_phrasis_0000637__eu-es__original,
dico_phrasis_0000638__en-es__flipped,
dico_phrasis_0000638__en-es__original,
dico_phrasis_0000638__en-eu__flipped,
dico_phrasis_0000638__en-eu__original,
dico_phrasis_0000638__es-en__flipped,
dico_phrasis_0000638__es-en__original,
dico_phrasis_0000638__es-eu__flipped,
dico_phrasis_0000638__es-eu__original,
dico_phrasis_0000638__eu-en__flipped,
dico_phrasis_0000638__eu-en__original,
dico_phrasis_0000638__eu-es__flipped,
dico_phrasis_0000638__eu-es__original,
dico_phrasis_0000639__en-es__flipped,
dico_phrasis_0000639__en-es__original,
dico_phrasis_0000639__en-eu__flipped,
dico_phrasis_0000639__en-eu__original,
dico_phrasis_0000639__es-en__flipped,
dico_phrasis_0000639__es-en__original,
dico_phrasis_0000639__es-eu__flipped,
dico_phrasis_0000639__es-eu__original,
dico_phrasis_0000639__eu-en__flipped,
dico_phrasis_0000639__eu-en__original,
dico_phrasis_0000639__eu-es__flipped,
dico_phrasis_0000639__eu-es__original,
dico_phrasis_0000640__en-es__flipped,
dico_phrasis_0000640__en-es__original,
dico_phrasis_0000640__en-eu__flipped,
dico_phrasis_0000640__en-eu__original,
dico_phrasis_0000640__es-en__flipped,
dico_phrasis_0000640__es-en__original,
dico_phrasis_0000640__es-eu__flipped,
dico_phrasis_0000640__es-eu__original,
dico_phrasis_0000640__eu-en__flipped,
dico_phrasis_0000640__eu-en__original,
dico_phrasis_0000640__eu-es__flipped,
dico_phrasis_0000640__eu-es__original,
dico_phrasis_0000642__en-es__flipped,
dico_phrasis_0000642__en-es__original,
dico_phrasis_0000642__en-eu__flipped,
dico_phrasis_0000642__en-eu__original,
dico_phrasis_0000642__es-en__flipped,
dico_phrasis_0000642__es-en__original,
dico_phrasis_0000642__es-eu__flipped,
dico_phrasis_0000642__es-eu__original,
dico_phrasis_0000642__eu-en__flipped,
dico_phrasis_0000642__eu-en__original,
dico_phrasis_0000642__eu-es__flipped,
dico_phrasis_0000642__eu-es__original,
dico_phrasis_0000643__en-es__flipped,
dico_phrasis_0000643__en-es__original,
dico_phrasis_0000643__en-eu__flipped,
dico_phrasis_0000643__en-eu__original,
dico_phrasis_0000643__es-en__flipped,
dico_phrasis_0000643__es-en__original,
dico_phrasis_0000643__es-eu__flipped,
dico_phrasis_0000643__es-eu__original,
dico_phrasis_0000643__eu-en__flipped,
dico_phrasis_0000643__eu-en__original,
dico_phrasis_0000643__eu-es__flipped,
dico_phrasis_0000643__eu-es__original,
dico_phrasis_0000645__en-es__flipped,
dico_phrasis_0000645__en-es__original,
dico_phrasis_0000645__en-eu__flipped,
dico_phrasis_0000645__en-eu__original,
dico_phrasis_0000645__es-en__flipped,
dico_phrasis_0000645__es-en__original,
dico_phrasis_0000645__es-eu__flipped,
dico_phrasis_0000645__es-eu__original,
dico_phrasis_0000645__eu-en__flipped,
dico_phrasis_0000645__eu-en__original,
dico_phrasis_0000645__eu-es__flipped,
dico_phrasis_0000645__eu-es__original,
dico_phrasis_0000646__en-es__flipped,
dico_phrasis_0000646__en-es__original,
dico_phrasis_0000646__en-eu__flipped,
dico_phrasis_0000646__en-eu__original,
dico_phrasis_0000646__es-en__flipped,
dico_phrasis_0000646__es-en__original,
dico_phrasis_0000646__es-eu__flipped,
dico_phrasis_0000646__es-eu__original,
dico_phrasis_0000646__eu-en__flipped,
dico_phrasis_0000646__eu-en__original,
dico_phrasis_0000646__eu-es__flipped,
dico_phrasis_0000646__eu-es__original,
dico_phrasis_0000648__en-es__flipped,
dico_phrasis_0000648__en-es__original,
dico_phrasis_0000648__en-eu__flipped,
dico_phrasis_0000648__en-eu__original,
dico_phrasis_0000648__es-en__flipped,
dico_phrasis_0000648__es-en__original,
dico_phrasis_0000648__es-eu__flipped,
dico_phrasis_0000648__es-eu__original,
dico_phrasis_0000648__eu-en__flipped,
dico_phrasis_0000648__eu-en__original,
dico_phrasis_0000648__eu-es__flipped,
dico_phrasis_0000648__eu-es__original,
dico_phrasis_0000649__en-es__flipped,
dico_phrasis_0000649__en-es__original,
dico_phrasis_0000649__en-eu__flipped,
dico_phrasis_0000649__en-eu__original,
dico_phrasis_0000649__es-en__flipped,
dico_phrasis_0000649__es-en__original,
dico_phrasis_0000649__es-eu__flipped,
dico_phrasis_0000649__es-eu__original,
dico_phrasis_0000649__eu-en__flipped,
dico_phrasis_0000649__eu-en__original,
dico_phrasis_0000649__eu-es__flipped,
dico_phrasis_0000649__eu-es__original,
dico_phrasis_0000650__en-es__flipped,
dico_phrasis_0000650__en-es__original,
dico_phrasis_0000650__en-eu__flipped,
dico_phrasis_0000650__en-eu__original,
dico_phrasis_0000650__es-en__flipped,
dico_phrasis_0000650__es-en__original,
dico_phrasis_0000650__es-eu__flipped,
dico_phrasis_0000650__es-eu__original,
dico_phrasis_0000650__eu-en__flipped,
dico_phrasis_0000650__eu-en__original,
dico_phrasis_0000650__eu-es__flipped,
dico_phrasis_0000650__eu-es__original,
dico_phrasis_0000651__en-es__flipped,
dico_phrasis_0000651__en-es__original,
dico_phrasis_0000651__en-eu__flipped,
dico_phrasis_0000651__en-eu__original,
dico_phrasis_0000651__es-en__flipped,
dico_phrasis_0000651__es-en__original,
dico_phrasis_0000651__es-eu__flipped,
dico_phrasis_0000651__es-eu__original,
dico_phrasis_0000651__eu-en__flipped,
dico_phrasis_0000651__eu-en__original,
dico_phrasis_0000651__eu-es__flipped,
dico_phrasis_0000651__eu-es__original,
dico_phrasis_0000652__en-es__flipped,
dico_phrasis_0000652__en-es__original,
dico_phrasis_0000652__en-eu__flipped,
dico_phrasis_0000652__en-eu__original,
dico_phrasis_0000652__es-en__flipped,
dico_phrasis_0000652__es-en__original,
dico_phrasis_0000652__es-eu__flipped,
dico_phrasis_0000652__es-eu__original,
dico_phrasis_0000652__eu-en__flipped,
dico_phrasis_0000652__eu-en__original,
dico_phrasis_0000652__eu-es__flipped,
dico_phrasis_0000652__eu-es__original,
dico_phrasis_0000655__en-es__flipped,
dico_phrasis_0000655__en-es__original,
dico_phrasis_0000655__en-eu__flipped,
dico_phrasis_0000655__en-eu__original,
dico_phrasis_0000655__es-en__flipped,
dico_phrasis_0000655__es-en__original,
dico_phrasis_0000655__es-eu__flipped,
dico_phrasis_0000655__es-eu__original,
dico_phrasis_0000655__eu-en__flipped,
dico_phrasis_0000655__eu-en__original,
dico_phrasis_0000655__eu-es__flipped,
dico_phrasis_0000655__eu-es__original,
dico_phrasis_0000656__en-es__flipped,
dico_phrasis_0000656__en-es__original,
dico_phrasis_0000656__en-eu__flipped,
dico_phrasis_0000656__en-eu__original,
dico_phrasis_0000656__es-en__flipped,
dico_phrasis_0000656__es-en__original,
dico_phrasis_0000656__es-eu__flipped,
dico_phrasis_0000656__es-eu__original,
dico_phrasis_0000656__eu-en__flipped,
dico_phrasis_0000656__eu-en__original,
dico_phrasis_0000656__eu-es__flipped,
dico_phrasis_0000656__eu-es__original,
dico_phrasis_0000658__en-es__flipped,
dico_phrasis_0000658__en-es__original,
dico_phrasis_0000658__en-eu__flipped,
dico_phrasis_0000658__en-eu__original,
dico_phrasis_0000658__es-en__flipped,
dico_phrasis_0000658__es-en__original,
dico_phrasis_0000658__es-eu__flipped,
dico_phrasis_0000658__es-eu__original,
dico_phrasis_0000658__eu-en__flipped,
dico_phrasis_0000658__eu-en__original,
dico_phrasis_0000658__eu-es__flipped,
dico_phrasis_0000658__eu-es__original,
dico_phrasis_0000660__en-es__flipped,
dico_phrasis_0000660__en-es__original,
dico_phrasis_0000660__en-eu__flipped,
dico_phrasis_0000660__en-eu__original,
dico_phrasis_0000660__es-en__flipped,
dico_phrasis_0000660__es-en__original,
dico_phrasis_0000660__es-eu__flipped,
dico_phrasis_0000660__es-eu__original,
dico_phrasis_0000660__eu-en__flipped,
dico_phrasis_0000660__eu-en__original,
dico_phrasis_0000660__eu-es__flipped,
dico_phrasis_0000660__eu-es__original,
dico_phrasis_0000663__en-es__flipped,
dico_phrasis_0000663__en-es__original,
dico_phrasis_0000663__en-eu__flipped,
dico_phrasis_0000663__en-eu__original,
dico_phrasis_0000663__es-en__flipped,
dico_phrasis_0000663__es-en__original,
dico_phrasis_0000663__es-eu__flipped,
dico_phrasis_0000663__es-eu__original,
dico_phrasis_0000663__eu-en__flipped,
dico_phrasis_0000663__eu-en__original,
dico_phrasis_0000663__eu-es__flipped,
dico_phrasis_0000663__eu-es__original,
dico_phrasis_0000664__en-es__flipped,
dico_phrasis_0000664__en-es__original,
dico_phrasis_0000664__en-eu__flipped,
dico_phrasis_0000664__en-eu__original,
dico_phrasis_0000664__es-en__flipped,
dico_phrasis_0000664__es-en__original,
dico_phrasis_0000664__es-eu__flipped,
dico_phrasis_0000664__es-eu__original,
dico_phrasis_0000664__eu-en__flipped,
dico_phrasis_0000664__eu-en__original,
dico_phrasis_0000664__eu-es__flipped,
dico_phrasis_0000664__eu-es__original,
dico_phrasis_0000665__en-es__flipped,
dico_phrasis_0000665__en-es__original,
dico_phrasis_0000665__en-eu__flipped,
dico_phrasis_0000665__en-eu__original,
dico_phrasis_0000665__es-en__flipped,
dico_phrasis_0000665__es-en__original,
dico_phrasis_0000665__es-eu__flipped,
dico_phrasis_0000665__es-eu__original,
dico_phrasis_0000665__eu-en__flipped,
dico_phrasis_0000665__eu-en__original,
dico_phrasis_0000665__eu-es__flipped,
dico_phrasis_0000665__eu-es__original,
dico_phrasis_0000668__en-es__flipped,
dico_phrasis_0000668__en-es__original,
dico_phrasis_0000668__en-eu__flipped,
dico_phrasis_0000668__en-eu__original,
dico_phrasis_0000668__es-en__flipped,
dico_phrasis_0000668__es-en__original,
dico_phrasis_0000668__es-eu__flipped,
dico_phrasis_0000668__es-eu__original,
dico_phrasis_0000668__eu-en__flipped,
dico_phrasis_0000668__eu-en__original,
dico_phrasis_0000668__eu-es__flipped,
dico_phrasis_0000668__eu-es__original,
dico_phrasis_0000670__en-es__flipped,
dico_phrasis_0000670__en-es__original,
dico_phrasis_0000670__en-eu__flipped,
dico_phrasis_0000670__en-eu__original,
dico_phrasis_0000670__es-en__flipped,
dico_phrasis_0000670__es-en__original,
dico_phrasis_0000670__es-eu__flipped,
dico_phrasis_0000670__es-eu__original,
dico_phrasis_0000670__eu-en__flipped,
dico_phrasis_0000670__eu-en__original,
dico_phrasis_0000670__eu-es__flipped,
dico_phrasis_0000670__eu-es__original,
dico_phrasis_0000672__en-es__flipped,
dico_phrasis_0000672__en-es__original,
dico_phrasis_0000672__en-eu__flipped,
dico_phrasis_0000672__en-eu__original,
dico_phrasis_0000672__es-en__flipped,
dico_phrasis_0000672__es-en__original,
dico_phrasis_0000672__es-eu__flipped,
dico_phrasis_0000672__es-eu__original,
dico_phrasis_0000672__eu-en__flipped,
dico_phrasis_0000672__eu-en__original,
dico_phrasis_0000672__eu-es__flipped,
dico_phrasis_0000672__eu-es__original,
dico_phrasis_0000673__en-es__flipped,
dico_phrasis_0000673__en-es__original,
dico_phrasis_0000673__en-eu__flipped,
dico_phrasis_0000673__en-eu__original,
dico_phrasis_0000673__es-en__flipped,
dico_phrasis_0000673__es-en__original,
dico_phrasis_0000673__es-eu__flipped,
dico_phrasis_0000673__es-eu__original,
dico_phrasis_0000673__eu-en__flipped,
dico_phrasis_0000673__eu-en__original,
dico_phrasis_0000673__eu-es__flipped,
dico_phrasis_0000673__eu-es__original,
dico_phrasis_0000674__en-es__flipped,
dico_phrasis_0000674__en-es__original,
dico_phrasis_0000674__en-eu__flipped,
dico_phrasis_0000674__en-eu__original,
dico_phrasis_0000674__es-en__flipped,
dico_phrasis_0000674__es-en__original,
dico_phrasis_0000674__es-eu__flipped,
dico_phrasis_0000674__es-eu__original,
dico_phrasis_0000674__eu-en__flipped,
dico_phrasis_0000674__eu-en__original,
dico_phrasis_0000674__eu-es__flipped,
dico_phrasis_0000674__eu-es__original,
dico_phrasis_0000677__en-es__flipped,
dico_phrasis_0000677__en-es__original,
dico_phrasis_0000677__en-eu__flipped,
dico_phrasis_0000677__en-eu__original,
dico_phrasis_0000677__es-en__flipped,
dico_phrasis_0000677__es-en__original,
dico_phrasis_0000677__es-eu__flipped,
dico_phrasis_0000677__es-eu__original,
dico_phrasis_0000677__eu-en__flipped,
dico_phrasis_0000677__eu-en__original,
dico_phrasis_0000677__eu-es__flipped,
dico_phrasis_0000677__eu-es__original,
dico_phrasis_0000678__en-es__flipped,
dico_phrasis_0000678__en-es__original,
dico_phrasis_0000678__en-eu__flipped,
dico_phrasis_0000678__en-eu__original,
dico_phrasis_0000678__es-en__flipped,
dico_phrasis_0000678__es-en__original,
dico_phrasis_0000678__es-eu__flipped,
dico_phrasis_0000678__es-eu__original,
dico_phrasis_0000678__eu-en__flipped,
dico_phrasis_0000678__eu-en__original,
dico_phrasis_0000678__eu-es__flipped,
dico_phrasis_0000678__eu-es__original,
dico_phrasis_0000679__en-es__flipped,
dico_phrasis_0000679__en-es__original,
dico_phrasis_0000679__en-eu__flipped,
dico_phrasis_0000679__en-eu__original,
dico_phrasis_0000679__es-en__flipped,
dico_phrasis_0000679__es-en__original,
dico_phrasis_0000679__es-eu__flipped,
dico_phrasis_0000679__es-eu__original,
dico_phrasis_0000679__eu-en__flipped,
dico_phrasis_0000679__eu-en__original,
dico_phrasis_0000679__eu-es__flipped,
dico_phrasis_0000679__eu-es__original,
dico_phrasis_0000681__en-es__flipped,
dico_phrasis_0000681__en-es__original,
dico_phrasis_0000681__en-eu__flipped,
dico_phrasis_0000681__en-eu__original,
dico_phrasis_0000681__es-en__flipped,
dico_phrasis_0000681__es-en__original,
dico_phrasis_0000681__es-eu__flipped,
dico_phrasis_0000681__es-eu__original,
dico_phrasis_0000681__eu-en__flipped,
dico_phrasis_0000681__eu-en__original,
dico_phrasis_0000681__eu-es__flipped,
dico_phrasis_0000681__eu-es__original,
dico_phrasis_0000682__en-es__flipped,
dico_phrasis_0000682__en-es__original,
dico_phrasis_0000682__en-eu__flipped,
dico_phrasis_0000682__en-eu__original,
dico_phrasis_0000682__es-en__flipped,
dico_phrasis_0000682__es-en__original,
dico_phrasis_0000682__es-eu__flipped,
dico_phrasis_0000682__es-eu__original,
dico_phrasis_0000682__eu-en__flipped,
dico_phrasis_0000682__eu-en__original,
dico_phrasis_0000682__eu-es__flipped,
dico_phrasis_0000682__eu-es__original,
dico_phrasis_0000684__en-es__flipped,
dico_phrasis_0000684__en-es__original,
dico_phrasis_0000684__en-eu__flipped,
dico_phrasis_0000684__en-eu__original,
dico_phrasis_0000684__es-en__flipped,
dico_phrasis_0000684__es-en__original,
dico_phrasis_0000684__es-eu__flipped,
dico_phrasis_0000684__es-eu__original,
dico_phrasis_0000684__eu-en__flipped,
dico_phrasis_0000684__eu-en__original,
dico_phrasis_0000684__eu-es__flipped,
dico_phrasis_0000684__eu-es__original,
dico_phrasis_0000686__en-es__flipped,
dico_phrasis_0000686__en-es__original,
dico_phrasis_0000686__en-eu__flipped,
dico_phrasis_0000686__en-eu__original,
dico_phrasis_0000686__es-en__flipped,
dico_phrasis_0000686__es-en__original,
dico_phrasis_0000686__es-eu__flipped,
dico_phrasis_0000686__es-eu__original,
dico_phrasis_0000686__eu-en__flipped,
dico_phrasis_0000686__eu-en__original,
dico_phrasis_0000686__eu-es__flipped,
dico_phrasis_0000686__eu-es__original,
dico_phrasis_0000687__en-es__flipped,
dico_phrasis_0000687__en-es__original,
dico_phrasis_0000687__en-eu__flipped,
dico_phrasis_0000687__en-eu__original,
dico_phrasis_0000687__es-en__flipped,
dico_phrasis_0000687__es-en__original,
dico_phrasis_0000687__es-eu__flipped,
dico_phrasis_0000687__es-eu__original,
dico_phrasis_0000687__eu-en__flipped,
dico_phrasis_0000687__eu-en__original,
dico_phrasis_0000687__eu-es__flipped,
dico_phrasis_0000687__eu-es__original,
dico_phrasis_0000688__en-es__flipped,
dico_phrasis_0000688__en-es__original,
dico_phrasis_0000688__en-eu__flipped,
dico_phrasis_0000688__en-eu__original,
dico_phrasis_0000688__es-en__flipped,
dico_phrasis_0000688__es-en__original,
dico_phrasis_0000688__es-eu__flipped,
dico_phrasis_0000688__es-eu__original,
dico_phrasis_0000688__eu-en__flipped,
dico_phrasis_0000688__eu-en__original,
dico_phrasis_0000688__eu-es__flipped,
dico_phrasis_0000688__eu-es__original,
dico_phrasis_0000689__en-es__flipped,
dico_phrasis_0000689__en-es__original,
dico_phrasis_0000689__en-eu__flipped,
dico_phrasis_0000689__en-eu__original,
dico_phrasis_0000689__es-en__flipped,
dico_phrasis_0000689__es-en__original,
dico_phrasis_0000689__es-eu__flipped,
dico_phrasis_0000689__es-eu__original,
dico_phrasis_0000689__eu-en__flipped,
dico_phrasis_0000689__eu-en__original,
dico_phrasis_0000689__eu-es__flipped,
dico_phrasis_0000689__eu-es__original,
dico_phrasis_0000690__en-es__flipped,
dico_phrasis_0000690__en-es__original,
dico_phrasis_0000690__en-eu__flipped,
dico_phrasis_0000690__en-eu__original,
dico_phrasis_0000690__es-en__flipped,
dico_phrasis_0000690__es-en__original,
dico_phrasis_0000690__es-eu__flipped,
dico_phrasis_0000690__es-eu__original,
dico_phrasis_0000690__eu-en__flipped,
dico_phrasis_0000690__eu-en__original,
dico_phrasis_0000690__eu-es__flipped,
dico_phrasis_0000690__eu-es__original,
dico_phrasis_0000691__en-es__flipped,
dico_phrasis_0000691__en-es__original,
dico_phrasis_0000691__en-eu__flipped,
dico_phrasis_0000691__en-eu__original,
dico_phrasis_0000691__es-en__flipped,
dico_phrasis_0000691__es-en__original,
dico_phrasis_0000691__es-eu__flipped,
dico_phrasis_0000691__es-eu__original,
dico_phrasis_0000691__eu-en__flipped,
dico_phrasis_0000691__eu-en__original,
dico_phrasis_0000691__eu-es__flipped,
dico_phrasis_0000691__eu-es__original,
dico_phrasis_0000692__en-es__flipped,
dico_phrasis_0000692__en-es__original,
dico_phrasis_0000692__en-eu__flipped,
dico_phrasis_0000692__en-eu__original,
dico_phrasis_0000692__es-en__flipped,
dico_phrasis_0000692__es-en__original,
dico_phrasis_0000692__es-eu__flipped,
dico_phrasis_0000692__es-eu__original,
dico_phrasis_0000692__eu-en__flipped,
dico_phrasis_0000692__eu-en__original,
dico_phrasis_0000692__eu-es__flipped,
dico_phrasis_0000692__eu-es__original,
dico_phrasis_0000694__en-es__flipped,
dico_phrasis_0000694__en-es__original,
dico_phrasis_0000694__en-eu__flipped,
dico_phrasis_0000694__en-eu__original,
dico_phrasis_0000694__es-en__flipped,
dico_phrasis_0000694__es-en__original,
dico_phrasis_0000694__es-eu__flipped,
dico_phrasis_0000694__es-eu__original,
dico_phrasis_0000694__eu-en__flipped,
dico_phrasis_0000694__eu-en__original,
dico_phrasis_0000694__eu-es__flipped,
dico_phrasis_0000694__eu-es__original,
dico_phrasis_0000695__en-es__flipped,
dico_phrasis_0000695__en-es__original,
dico_phrasis_0000695__en-eu__flipped,
dico_phrasis_0000695__en-eu__original,
dico_phrasis_0000695__es-en__flipped,
dico_phrasis_0000695__es-en__original,
dico_phrasis_0000695__es-eu__flipped,
dico_phrasis_0000695__es-eu__original,
dico_phrasis_0000695__eu-en__flipped,
dico_phrasis_0000695__eu-en__original,
dico_phrasis_0000695__eu-es__flipped,
dico_phrasis_0000695__eu-es__original,
dico_phrasis_0000696__en-es__flipped,
dico_phrasis_0000696__en-es__original,
dico_phrasis_0000696__en-eu__flipped,
dico_phrasis_0000696__en-eu__original,
dico_phrasis_0000696__es-en__flipped,
dico_phrasis_0000696__es-en__original,
dico_phrasis_0000696__es-eu__flipped,
dico_phrasis_0000696__es-eu__original,
dico_phrasis_0000696__eu-en__flipped,
dico_phrasis_0000696__eu-en__original,
dico_phrasis_0000696__eu-es__flipped,
dico_phrasis_0000696__eu-es__original,
dico_phrasis_0000697__en-es__flipped,
dico_phrasis_0000697__en-es__original,
dico_phrasis_0000697__en-eu__flipped,
dico_phrasis_0000697__en-eu__original,
dico_phrasis_0000697__es-en__flipped,
dico_phrasis_0000697__es-en__original,
dico_phrasis_0000697__es-eu__flipped,
dico_phrasis_0000697__es-eu__original,
dico_phrasis_0000697__eu-en__flipped,
dico_phrasis_0000697__eu-en__original,
dico_phrasis_0000697__eu-es__flipped,
dico_phrasis_0000697__eu-es__original,
dico_phrasis_0000699__en-es__flipped,
dico_phrasis_0000699__en-es__original,
dico_phrasis_0000699__en-eu__flipped,
dico_phrasis_0000699__en-eu__original,
dico_phrasis_0000699__es-en__flipped,
dico_phrasis_0000699__es-en__original,
dico_phrasis_0000699__es-eu__flipped,
dico_phrasis_0000699__es-eu__original,
dico_phrasis_0000699__eu-en__flipped,
dico_phrasis_0000699__eu-en__original,
dico_phrasis_0000699__eu-es__flipped,
dico_phrasis_0000699__eu-es__original,
dico_phrasis_0000700__en-es__flipped,
dico_phrasis_0000700__en-es__original,
dico_phrasis_0000700__en-eu__flipped,
dico_phrasis_0000700__en-eu__original,
dico_phrasis_0000700__es-en__flipped,
dico_phrasis_0000700__es-en__original,
dico_phrasis_0000700__es-eu__flipped,
dico_phrasis_0000700__es-eu__original,
dico_phrasis_0000700__eu-en__flipped,
dico_phrasis_0000700__eu-en__original,
dico_phrasis_0000700__eu-es__flipped,
dico_phrasis_0000700__eu-es__original,
dico_phrasis_0000703__en-es__flipped,
dico_phrasis_0000703__en-es__original,
dico_phrasis_0000703__en-eu__flipped,
dico_phrasis_0000703__en-eu__original,
dico_phrasis_0000703__es-en__flipped,
dico_phrasis_0000703__es-en__original,
dico_phrasis_0000703__es-eu__flipped,
dico_phrasis_0000703__es-eu__original,
dico_phrasis_0000703__eu-en__flipped,
dico_phrasis_0000703__eu-en__original,
dico_phrasis_0000703__eu-es__flipped,
dico_phrasis_0000703__eu-es__original,
dico_phrasis_0000704__en-es__flipped,
dico_phrasis_0000704__en-es__original,
dico_phrasis_0000704__en-eu__flipped,
dico_phrasis_0000704__en-eu__original,
dico_phrasis_0000704__es-en__flipped,
dico_phrasis_0000704__es-en__original,
dico_phrasis_0000704__es-eu__flipped,
dico_phrasis_0000704__es-eu__original,
dico_phrasis_0000704__eu-en__flipped,
dico_phrasis_0000704__eu-en__original,
dico_phrasis_0000704__eu-es__flipped,
dico_phrasis_0000704__eu-es__original,
dico_phrasis_0000706__en-es__flipped,
dico_phrasis_0000706__en-es__original,
dico_phrasis_0000706__en-eu__flipped,
dico_phrasis_0000706__en-eu__original,
dico_phrasis_0000706__es-en__flipped,
dico_phrasis_0000706__es-en__original,
dico_phrasis_0000706__es-eu__flipped,
dico_phrasis_0000706__es-eu__original,
dico_phrasis_0000706__eu-en__flipped,
dico_phrasis_0000706__eu-en__original,
dico_phrasis_0000706__eu-es__flipped,
dico_phrasis_0000706__eu-es__original,
dico_phrasis_0000709__en-es__flipped,
dico_phrasis_0000709__en-es__original,
dico_phrasis_0000709__en-eu__flipped,
dico_phrasis_0000709__en-eu__original,
dico_phrasis_0000709__es-en__flipped,
dico_phrasis_0000709__es-en__original,
dico_phrasis_0000709__es-eu__flipped,
dico_phrasis_0000709__es-eu__original,
dico_phrasis_0000709__eu-en__flipped,
dico_phrasis_0000709__eu-en__original,
dico_phrasis_0000709__eu-es__flipped,
dico_phrasis_0000709__eu-es__original,
dico_phrasis_0000710__en-es__flipped,
dico_phrasis_0000710__en-es__original,
dico_phrasis_0000710__en-eu__flipped,
dico_phrasis_0000710__en-eu__original,
dico_phrasis_0000710__es-en__flipped,
dico_phrasis_0000710__es-en__original,
dico_phrasis_0000710__es-eu__flipped,
dico_phrasis_0000710__es-eu__original,
dico_phrasis_0000710__eu-en__flipped,
dico_phrasis_0000710__eu-en__original,
dico_phrasis_0000710__eu-es__flipped,
dico_phrasis_0000710__eu-es__original,
dico_phrasis_0000713__en-es__flipped,
dico_phrasis_0000713__en-es__original,
dico_phrasis_0000713__en-eu__flipped,
dico_phrasis_0000713__en-eu__original,
dico_phrasis_0000713__es-en__flipped,
dico_phrasis_0000713__es-en__original,
dico_phrasis_0000713__es-eu__flipped,
dico_phrasis_0000713__es-eu__original,
dico_phrasis_0000713__eu-en__flipped,
dico_phrasis_0000713__eu-en__original,
dico_phrasis_0000713__eu-es__flipped,
dico_phrasis_0000713__eu-es__original,
dico_phrasis_0000717__en-es__flipped,
dico_phrasis_0000717__en-es__original,
dico_phrasis_0000717__en-eu__flipped,
dico_phrasis_0000717__en-eu__original,
dico_phrasis_0000717__es-en__flipped,
dico_phrasis_0000717__es-en__original,
dico_phrasis_0000717__es-eu__flipped,
dico_phrasis_0000717__es-eu__original,
dico_phrasis_0000717__eu-en__flipped,
dico_phrasis_0000717__eu-en__original,
dico_phrasis_0000717__eu-es__flipped,
dico_phrasis_0000717__eu-es__original,
dico_phrasis_0000719__en-es__flipped,
dico_phrasis_0000719__en-es__original,
dico_phrasis_0000719__en-eu__flipped,
dico_phrasis_0000719__en-eu__original,
dico_phrasis_0000719__es-en__flipped,
dico_phrasis_0000719__es-en__original,
dico_phrasis_0000719__es-eu__flipped,
dico_phrasis_0000719__es-eu__original,
dico_phrasis_0000719__eu-en__flipped,
dico_phrasis_0000719__eu-en__original,
dico_phrasis_0000719__eu-es__flipped,
dico_phrasis_0000719__eu-es__original,
dico_phrasis_0000720__en-es__flipped,
dico_phrasis_0000720__en-es__original,
dico_phrasis_0000720__en-eu__flipped,
dico_phrasis_0000720__en-eu__original,
dico_phrasis_0000720__es-en__flipped,
dico_phrasis_0000720__es-en__original,
dico_phrasis_0000720__es-eu__flipped,
dico_phrasis_0000720__es-eu__original,
dico_phrasis_0000720__eu-en__flipped,
dico_phrasis_0000720__eu-en__original,
dico_phrasis_0000720__eu-es__flipped,
dico_phrasis_0000720__eu-es__original,
dico_phrasis_0000722__en-es__flipped,
dico_phrasis_0000722__en-es__original,
dico_phrasis_0000722__en-eu__flipped,
dico_phrasis_0000722__en-eu__original,
dico_phrasis_0000722__es-en__flipped,
dico_phrasis_0000722__es-en__original,
dico_phrasis_0000722__es-eu__flipped,
dico_phrasis_0000722__es-eu__original,
dico_phrasis_0000722__eu-en__flipped,
dico_phrasis_0000722__eu-en__original,
dico_phrasis_0000722__eu-es__flipped,
dico_phrasis_0000722__eu-es__original,
dico_phrasis_0000723__en-es__flipped,
dico_phrasis_0000723__en-es__original,
dico_phrasis_0000723__en-eu__flipped,
dico_phrasis_0000723__en-eu__original,
dico_phrasis_0000723__es-en__flipped,
dico_phrasis_0000723__es-en__original,
dico_phrasis_0000723__es-eu__flipped,
dico_phrasis_0000723__es-eu__original,
dico_phrasis_0000723__eu-en__flipped,
dico_phrasis_0000723__eu-en__original,
dico_phrasis_0000723__eu-es__flipped,
dico_phrasis_0000723__eu-es__original,
dico_phrasis_0000727__en-es__flipped,
dico_phrasis_0000727__en-es__original,
dico_phrasis_0000727__en-eu__flipped,
dico_phrasis_0000727__en-eu__original,
dico_phrasis_0000727__es-en__flipped,
dico_phrasis_0000727__es-en__original,
dico_phrasis_0000727__es-eu__flipped,
dico_phrasis_0000727__es-eu__original,
dico_phrasis_0000727__eu-en__flipped,
dico_phrasis_0000727__eu-en__original,
dico_phrasis_0000727__eu-es__flipped,
dico_phrasis_0000727__eu-es__original,
dico_phrasis_0000730__en-es__flipped,
dico_phrasis_0000730__en-es__original,
dico_phrasis_0000730__en-eu__flipped,
dico_phrasis_0000730__en-eu__original,
dico_phrasis_0000730__es-en__flipped,
dico_phrasis_0000730__es-en__original,
dico_phrasis_0000730__es-eu__flipped,
dico_phrasis_0000730__es-eu__original,
dico_phrasis_0000730__eu-en__flipped,
dico_phrasis_0000730__eu-en__original,
dico_phrasis_0000730__eu-es__flipped,
dico_phrasis_0000730__eu-es__original,
dico_phrasis_0000735__en-es__flipped,
dico_phrasis_0000735__en-es__original,
dico_phrasis_0000735__en-eu__flipped,
dico_phrasis_0000735__en-eu__original,
dico_phrasis_0000735__es-en__flipped,
dico_phrasis_0000735__es-en__original,
dico_phrasis_0000735__es-eu__flipped,
dico_phrasis_0000735__es-eu__original,
dico_phrasis_0000735__eu-en__flipped,
dico_phrasis_0000735__eu-en__original,
dico_phrasis_0000735__eu-es__flipped,
dico_phrasis_0000735__eu-es__original,
dico_phrasis_0000736__en-es__flipped,
dico_phrasis_0000736__en-es__original,
dico_phrasis_0000736__en-eu__flipped,
dico_phrasis_0000736__en-eu__original,
dico_phrasis_0000736__es-en__flipped,
dico_phrasis_0000736__es-en__original,
dico_phrasis_0000736__es-eu__flipped,
dico_phrasis_0000736__es-eu__original,
dico_phrasis_0000736__eu-en__flipped,
dico_phrasis_0000736__eu-en__original,
dico_phrasis_0000736__eu-es__flipped,
dico_phrasis_0000736__eu-es__original,
dico_phrasis_0000737__en-es__flipped,
dico_phrasis_0000737__en-es__original,
dico_phrasis_0000737__en-eu__flipped,
dico_phrasis_0000737__en-eu__original,
dico_phrasis_0000737__es-en__flipped,
dico_phrasis_0000737__es-en__original,
dico_phrasis_0000737__es-eu__flipped,
dico_phrasis_0000737__es-eu__original,
dico_phrasis_0000737__eu-en__flipped,
dico_phrasis_0000737__eu-en__original,
dico_phrasis_0000737__eu-es__flipped,
dico_phrasis_0000737__eu-es__original,
dico_phrasis_0000740__en-es__flipped,
dico_phrasis_0000740__en-es__original,
dico_phrasis_0000740__en-eu__flipped,
dico_phrasis_0000740__en-eu__original,
dico_phrasis_0000740__es-en__flipped,
dico_phrasis_0000740__es-en__original,
dico_phrasis_0000740__es-eu__flipped,
dico_phrasis_0000740__es-eu__original,
dico_phrasis_0000740__eu-en__flipped,
dico_phrasis_0000740__eu-en__original,
dico_phrasis_0000740__eu-es__flipped,
dico_phrasis_0000740__eu-es__original,
dico_phrasis_0000741__en-es__flipped,
dico_phrasis_0000741__en-es__original,
dico_phrasis_0000741__en-eu__flipped,
dico_phrasis_0000741__en-eu__original,
dico_phrasis_0000741__es-en__flipped,
dico_phrasis_0000741__es-en__original,
dico_phrasis_0000741__es-eu__flipped,
dico_phrasis_0000741__es-eu__original,
dico_phrasis_0000741__eu-en__flipped,
dico_phrasis_0000741__eu-en__original,
dico_phrasis_0000741__eu-es__flipped,
dico_phrasis_0000741__eu-es__original,
dico_phrasis_0000742__en-es__flipped,
dico_phrasis_0000742__en-es__original,
dico_phrasis_0000742__en-eu__flipped,
dico_phrasis_0000742__en-eu__original,
dico_phrasis_0000742__es-en__flipped,
dico_phrasis_0000742__es-en__original,
dico_phrasis_0000742__es-eu__flipped,
dico_phrasis_0000742__es-eu__original,
dico_phrasis_0000742__eu-en__flipped,
dico_phrasis_0000742__eu-en__original,
dico_phrasis_0000742__eu-es__flipped,
dico_phrasis_0000742__eu-es__original,
dico_phrasis_0000744__en-es__flipped,
dico_phrasis_0000744__en-es__original,
dico_phrasis_0000744__en-eu__flipped,
dico_phrasis_0000744__en-eu__original,
dico_phrasis_0000744__es-en__flipped,
dico_phrasis_0000744__es-en__original,
dico_phrasis_0000744__es-eu__flipped,
dico_phrasis_0000744__es-eu__original,
dico_phrasis_0000744__eu-en__flipped,
dico_phrasis_0000744__eu-en__original,
dico_phrasis_0000744__eu-es__flipped,
dico_phrasis_0000744__eu-es__original,
dico_phrasis_0000745__en-es__flipped,
dico_phrasis_0000745__en-es__original,
dico_phrasis_0000745__en-eu__flipped,
dico_phrasis_0000745__en-eu__original,
dico_phrasis_0000745__es-en__flipped,
dico_phrasis_0000745__es-en__original,
dico_phrasis_0000745__es-eu__flipped,
dico_phrasis_0000745__es-eu__original,
dico_phrasis_0000745__eu-en__flipped,
dico_phrasis_0000745__eu-en__original,
dico_phrasis_0000745__eu-es__flipped,
dico_phrasis_0000745__eu-es__original,
dico_phrasis_0000746__en-es__flipped,
dico_phrasis_0000746__en-es__original,
dico_phrasis_0000746__en-eu__flipped,
dico_phrasis_0000746__en-eu__original,
dico_phrasis_0000746__es-en__flipped,
dico_phrasis_0000746__es-en__original,
dico_phrasis_0000746__es-eu__flipped,
dico_phrasis_0000746__es-eu__original,
dico_phrasis_0000746__eu-en__flipped,
dico_phrasis_0000746__eu-en__original,
dico_phrasis_0000746__eu-es__flipped,
dico_phrasis_0000746__eu-es__original,
dico_phrasis_0000747__en-es__flipped,
dico_phrasis_0000747__en-es__original,
dico_phrasis_0000747__en-eu__flipped,
dico_phrasis_0000747__en-eu__original,
dico_phrasis_0000747__es-en__flipped,
dico_phrasis_0000747__es-en__original,
dico_phrasis_0000747__es-eu__flipped,
dico_phrasis_0000747__es-eu__original,
dico_phrasis_0000747__eu-en__flipped,
dico_phrasis_0000747__eu-en__original,
dico_phrasis_0000747__eu-es__flipped,
dico_phrasis_0000747__eu-es__original,
dico_phrasis_0000748__en-es__flipped,
dico_phrasis_0000748__en-es__original,
dico_phrasis_0000748__en-eu__flipped,
dico_phrasis_0000748__en-eu__original,
dico_phrasis_0000748__es-en__flipped,
dico_phrasis_0000748__es-en__original,
dico_phrasis_0000748__es-eu__flipped,
dico_phrasis_0000748__es-eu__original,
dico_phrasis_0000748__eu-en__flipped,
dico_phrasis_0000748__eu-en__original,
dico_phrasis_0000748__eu-es__flipped,
dico_phrasis_0000748__eu-es__original,
dico_phrasis_0000749__en-es__flipped,
dico_phrasis_0000749__en-es__original,
dico_phrasis_0000749__en-eu__flipped,
dico_phrasis_0000749__en-eu__original,
dico_phrasis_0000749__es-en__flipped,
dico_phrasis_0000749__es-en__original,
dico_phrasis_0000749__es-eu__flipped,
dico_phrasis_0000749__es-eu__original,
dico_phrasis_0000749__eu-en__flipped,
dico_phrasis_0000749__eu-en__original,
dico_phrasis_0000749__eu-es__flipped,
dico_phrasis_0000749__eu-es__original,
dico_phrasis_0000750__en-es__flipped,
dico_phrasis_0000750__en-es__original,
dico_phrasis_0000750__en-eu__flipped,
dico_phrasis_0000750__en-eu__original,
dico_phrasis_0000750__es-en__flipped,
dico_phrasis_0000750__es-en__original,
dico_phrasis_0000750__es-eu__flipped,
dico_phrasis_0000750__es-eu__original,
dico_phrasis_0000750__eu-en__flipped,
dico_phrasis_0000750__eu-en__original,
dico_phrasis_0000750__eu-es__flipped,
dico_phrasis_0000750__eu-es__original,
dico_phrasis_0000751__en-es__flipped,
dico_phrasis_0000751__en-es__original,
dico_phrasis_0000751__en-eu__flipped,
dico_phrasis_0000751__en-eu__original,
dico_phrasis_0000751__es-en__flipped,
dico_phrasis_0000751__es-en__original,
dico_phrasis_0000751__es-eu__flipped,
dico_phrasis_0000751__es-eu__original,
dico_phrasis_0000751__eu-en__flipped,
dico_phrasis_0000751__eu-en__original,
dico_phrasis_0000751__eu-es__flipped,
dico_phrasis_0000751__eu-es__original,
dico_phrasis_0000753__en-es__flipped,
dico_phrasis_0000753__en-es__original,
dico_phrasis_0000753__en-eu__flipped,
dico_phrasis_0000753__en-eu__original,
dico_phrasis_0000753__es-en__flipped,
dico_phrasis_0000753__es-en__original,
dico_phrasis_0000753__es-eu__flipped,
dico_phrasis_0000753__es-eu__original,
dico_phrasis_0000753__eu-en__flipped,
dico_phrasis_0000753__eu-en__original,
dico_phrasis_0000753__eu-es__flipped,
dico_phrasis_0000753__eu-es__original,
dico_phrasis_0000755__en-es__flipped,
dico_phrasis_0000755__en-es__original,
dico_phrasis_0000755__en-eu__flipped,
dico_phrasis_0000755__en-eu__original,
dico_phrasis_0000755__es-en__flipped,
dico_phrasis_0000755__es-en__original,
dico_phrasis_0000755__es-eu__flipped,
dico_phrasis_0000755__es-eu__original,
dico_phrasis_0000755__eu-en__flipped,
dico_phrasis_0000755__eu-en__original,
dico_phrasis_0000755__eu-es__flipped,
dico_phrasis_0000755__eu-es__original,
dico_phrasis_0000756__en-es__flipped,
dico_phrasis_0000756__en-es__original,
dico_phrasis_0000756__en-eu__flipped,
dico_phrasis_0000756__en-eu__original,
dico_phrasis_0000756__es-en__flipped,
dico_phrasis_0000756__es-en__original,
dico_phrasis_0000756__es-eu__flipped,
dico_phrasis_0000756__es-eu__original,
dico_phrasis_0000756__eu-en__flipped,
dico_phrasis_0000756__eu-en__original,
dico_phrasis_0000756__eu-es__flipped,
dico_phrasis_0000756__eu-es__original,
dico_phrasis_0000758__en-es__flipped,
dico_phrasis_0000758__en-es__original,
dico_phrasis_0000758__en-eu__flipped,
dico_phrasis_0000758__en-eu__original,
dico_phrasis_0000758__es-en__flipped,
dico_phrasis_0000758__es-en__original,
dico_phrasis_0000758__es-eu__flipped,
dico_phrasis_0000758__es-eu__original,
dico_phrasis_0000758__eu-en__flipped,
dico_phrasis_0000758__eu-en__original,
dico_phrasis_0000758__eu-es__flipped,
dico_phrasis_0000758__eu-es__original,
dico_phrasis_0000759__en-es__flipped,
dico_phrasis_0000759__en-es__original,
dico_phrasis_0000759__en-eu__flipped,
dico_phrasis_0000759__en-eu__original,
dico_phrasis_0000759__es-en__flipped,
dico_phrasis_0000759__es-en__original,
dico_phrasis_0000759__es-eu__flipped,
dico_phrasis_0000759__es-eu__original,
dico_phrasis_0000759__eu-en__flipped,
dico_phrasis_0000759__eu-en__original,
dico_phrasis_0000759__eu-es__flipped,
dico_phrasis_0000759__eu-es__original,
dico_phrasis_0000761__en-es__flipped,
dico_phrasis_0000761__en-es__original,
dico_phrasis_0000761__en-eu__flipped,
dico_phrasis_0000761__en-eu__original,
dico_phrasis_0000761__es-en__flipped,
dico_phrasis_0000761__es-en__original,
dico_phrasis_0000761__es-eu__flipped,
dico_phrasis_0000761__es-eu__original,
dico_phrasis_0000761__eu-en__flipped,
dico_phrasis_0000761__eu-en__original,
dico_phrasis_0000761__eu-es__flipped,
dico_phrasis_0000761__eu-es__original,
dico_phrasis_0000763__en-es__flipped,
dico_phrasis_0000763__en-es__original,
dico_phrasis_0000763__en-eu__flipped,
dico_phrasis_0000763__en-eu__original,
dico_phrasis_0000763__es-en__flipped,
dico_phrasis_0000763__es-en__original,
dico_phrasis_0000763__es-eu__flipped,
dico_phrasis_0000763__es-eu__original,
dico_phrasis_0000763__eu-en__flipped,
dico_phrasis_0000763__eu-en__original,
dico_phrasis_0000763__eu-es__flipped,
dico_phrasis_0000763__eu-es__original,
dico_phrasis_0000765__en-es__flipped,
dico_phrasis_0000765__en-es__original,
dico_phrasis_0000765__en-eu__flipped,
dico_phrasis_0000765__en-eu__original,
dico_phrasis_0000765__es-en__flipped,
dico_phrasis_0000765__es-en__original,
dico_phrasis_0000765__es-eu__flipped,
dico_phrasis_0000765__es-eu__original,
dico_phrasis_0000765__eu-en__flipped,
dico_phrasis_0000765__eu-en__original,
dico_phrasis_0000765__eu-es__flipped,
dico_phrasis_0000765__eu-es__original,
dico_phrasis_0000767__en-es__flipped,
dico_phrasis_0000767__en-es__original,
dico_phrasis_0000767__en-eu__flipped,
dico_phrasis_0000767__en-eu__original,
dico_phrasis_0000767__es-en__flipped,
dico_phrasis_0000767__es-en__original,
dico_phrasis_0000767__es-eu__flipped,
dico_phrasis_0000767__es-eu__original,
dico_phrasis_0000767__eu-en__flipped,
dico_phrasis_0000767__eu-en__original,
dico_phrasis_0000767__eu-es__flipped,
dico_phrasis_0000767__eu-es__original,
dico_phrasis_0000770__en-es__flipped,
dico_phrasis_0000770__en-es__original,
dico_phrasis_0000770__en-eu__flipped,
dico_phrasis_0000770__en-eu__original,
dico_phrasis_0000770__es-en__flipped,
dico_phrasis_0000770__es-en__original,
dico_phrasis_0000770__es-eu__flipped,
dico_phrasis_0000770__es-eu__original,
dico_phrasis_0000770__eu-en__flipped,
dico_phrasis_0000770__eu-en__original,
dico_phrasis_0000770__eu-es__flipped,
dico_phrasis_0000770__eu-es__original,
dico_phrasis_0000771__en-es__flipped,
dico_phrasis_0000771__en-es__original,
dico_phrasis_0000771__en-eu__flipped,
dico_phrasis_0000771__en-eu__original,
dico_phrasis_0000771__es-en__flipped,
dico_phrasis_0000771__es-en__original,
dico_phrasis_0000771__es-eu__flipped,
dico_phrasis_0000771__es-eu__original,
dico_phrasis_0000771__eu-en__flipped,
dico_phrasis_0000771__eu-en__original,
dico_phrasis_0000771__eu-es__flipped,
dico_phrasis_0000771__eu-es__original,
dico_phrasis_0000772__en-es__flipped,
dico_phrasis_0000772__en-es__original,
dico_phrasis_0000772__en-eu__flipped,
dico_phrasis_0000772__en-eu__original,
dico_phrasis_0000772__es-en__flipped,
dico_phrasis_0000772__es-en__original,
dico_phrasis_0000772__es-eu__flipped,
dico_phrasis_0000772__es-eu__original,
dico_phrasis_0000772__eu-en__flipped,
dico_phrasis_0000772__eu-en__original,
dico_phrasis_0000772__eu-es__flipped,
dico_phrasis_0000772__eu-es__original,
dico_phrasis_0000775__en-es__flipped,
dico_phrasis_0000775__en-es__original,
dico_phrasis_0000775__en-eu__flipped,
dico_phrasis_0000775__en-eu__original,
dico_phrasis_0000775__es-en__flipped,
dico_phrasis_0000775__es-en__original,
dico_phrasis_0000775__es-eu__flipped,
dico_phrasis_0000775__es-eu__original,
dico_phrasis_0000775__eu-en__flipped,
dico_phrasis_0000775__eu-en__original,
dico_phrasis_0000775__eu-es__flipped,
dico_phrasis_0000775__eu-es__original,
dico_phrasis_0000776__en-es__flipped,
dico_phrasis_0000776__en-es__original,
dico_phrasis_0000776__en-eu__flipped,
dico_phrasis_0000776__en-eu__original,
dico_phrasis_0000776__es-en__flipped,
dico_phrasis_0000776__es-en__original,
dico_phrasis_0000776__es-eu__flipped,
dico_phrasis_0000776__es-eu__original,
dico_phrasis_0000776__eu-en__flipped,
dico_phrasis_0000776__eu-en__original,
dico_phrasis_0000776__eu-es__flipped,
dico_phrasis_0000776__eu-es__original,
dico_phrasis_0000779__en-es__flipped,
dico_phrasis_0000779__en-es__original,
dico_phrasis_0000779__en-eu__flipped,
dico_phrasis_0000779__en-eu__original,
dico_phrasis_0000779__es-en__flipped,
dico_phrasis_0000779__es-en__original,
dico_phrasis_0000779__es-eu__flipped,
dico_phrasis_0000779__es-eu__original,
dico_phrasis_0000779__eu-en__flipped,
dico_phrasis_0000779__eu-en__original,
dico_phrasis_0000779__eu-es__flipped,
dico_phrasis_0000779__eu-es__original,
dico_phrasis_0000780__en-es__flipped,
dico_phrasis_0000780__en-es__original,
dico_phrasis_0000780__en-eu__flipped,
dico_phrasis_0000780__en-eu__original,
dico_phrasis_0000780__es-en__flipped,
dico_phrasis_0000780__es-en__original,
dico_phrasis_0000780__es-eu__flipped,
dico_phrasis_0000780__es-eu__original,
dico_phrasis_0000780__eu-en__flipped,
dico_phrasis_0000780__eu-en__original,
dico_phrasis_0000780__eu-es__flipped,
dico_phrasis_0000780__eu-es__original,
dico_phrasis_0000783__en-es__flipped,
dico_phrasis_0000783__en-es__original,
dico_phrasis_0000783__en-eu__flipped,
dico_phrasis_0000783__en-eu__original,
dico_phrasis_0000783__es-en__flipped,
dico_phrasis_0000783__es-en__original,
dico_phrasis_0000783__es-eu__flipped,
dico_phrasis_0000783__es-eu__original,
dico_phrasis_0000783__eu-en__flipped,
dico_phrasis_0000783__eu-en__original,
dico_phrasis_0000783__eu-es__flipped,
dico_phrasis_0000783__eu-es__original,
dico_phrasis_0000785__en-es__flipped,
dico_phrasis_0000785__en-es__original,
dico_phrasis_0000785__en-eu__flipped,
dico_phrasis_0000785__en-eu__original,
dico_phrasis_0000785__es-en__flipped,
dico_phrasis_0000785__es-en__original,
dico_phrasis_0000785__es-eu__flipped,
dico_phrasis_0000785__es-eu__original,
dico_phrasis_0000785__eu-en__flipped,
dico_phrasis_0000785__eu-en__original,
dico_phrasis_0000785__eu-es__flipped,
dico_phrasis_0000785__eu-es__original,
dico_phrasis_0000786__en-es__flipped,
dico_phrasis_0000786__en-es__original,
dico_phrasis_0000786__en-eu__flipped,
dico_phrasis_0000786__en-eu__original,
dico_phrasis_0000786__es-en__flipped,
dico_phrasis_0000786__es-en__original,
dico_phrasis_0000786__es-eu__flipped,
dico_phrasis_0000786__es-eu__original,
dico_phrasis_0000786__eu-en__flipped,
dico_phrasis_0000786__eu-en__original,
dico_phrasis_0000786__eu-es__flipped,
dico_phrasis_0000786__eu-es__original,
dico_phrasis_0000789__en-es__flipped,
dico_phrasis_0000789__en-es__original,
dico_phrasis_0000789__en-eu__flipped,
dico_phrasis_0000789__en-eu__original,
dico_phrasis_0000789__es-en__flipped,
dico_phrasis_0000789__es-en__original,
dico_phrasis_0000789__es-eu__flipped,
dico_phrasis_0000789__es-eu__original,
dico_phrasis_0000789__eu-en__flipped,
dico_phrasis_0000789__eu-en__original,
dico_phrasis_0000789__eu-es__flipped,
dico_phrasis_0000789__eu-es__original,
dico_phrasis_0000790__en-es__flipped,
dico_phrasis_0000790__en-es__original,
dico_phrasis_0000790__en-eu__flipped,
dico_phrasis_0000790__en-eu__original,
dico_phrasis_0000790__es-en__flipped,
dico_phrasis_0000790__es-en__original,
dico_phrasis_0000790__es-eu__flipped,
dico_phrasis_0000790__es-eu__original,
dico_phrasis_0000790__eu-en__flipped,
dico_phrasis_0000790__eu-en__original,
dico_phrasis_0000790__eu-es__flipped,
dico_phrasis_0000790__eu-es__original,
dico_phrasis_0000791__en-es__flipped,
dico_phrasis_0000791__en-es__original,
dico_phrasis_0000791__en-eu__flipped,
dico_phrasis_0000791__en-eu__original,
dico_phrasis_0000791__es-en__flipped,
dico_phrasis_0000791__es-en__original,
dico_phrasis_0000791__es-eu__flipped,
dico_phrasis_0000791__es-eu__original,
dico_phrasis_0000791__eu-en__flipped,
dico_phrasis_0000791__eu-en__original,
dico_phrasis_0000791__eu-es__flipped,
dico_phrasis_0000791__eu-es__original,
dico_phrasis_0000792__en-es__flipped,
dico_phrasis_0000792__en-es__original,
dico_phrasis_0000792__en-eu__flipped,
dico_phrasis_0000792__en-eu__original,
dico_phrasis_0000792__es-en__flipped,
dico_phrasis_0000792__es-en__original,
dico_phrasis_0000792__es-eu__flipped,
dico_phrasis_0000792__es-eu__original,
dico_phrasis_0000792__eu-en__flipped,
dico_phrasis_0000792__eu-en__original,
dico_phrasis_0000792__eu-es__flipped,
dico_phrasis_0000792__eu-es__original,
dico_phrasis_0000793__en-es__flipped,
dico_phrasis_0000793__en-es__original,
dico_phrasis_0000793__en-eu__flipped,
dico_phrasis_0000793__en-eu__original,
dico_phrasis_0000793__es-en__flipped,
dico_phrasis_0000793__es-en__original,
dico_phrasis_0000793__es-eu__flipped,
dico_phrasis_0000793__es-eu__original,
dico_phrasis_0000793__eu-en__flipped,
dico_phrasis_0000793__eu-en__original,
dico_phrasis_0000793__eu-es__flipped,
dico_phrasis_0000793__eu-es__original,
dico_phrasis_0000794__en-es__flipped,
dico_phrasis_0000794__en-es__original,
dico_phrasis_0000794__en-eu__flipped,
dico_phrasis_0000794__en-eu__original,
dico_phrasis_0000794__es-en__flipped,
dico_phrasis_0000794__es-en__original,
dico_phrasis_0000794__es-eu__flipped,
dico_phrasis_0000794__es-eu__original,
dico_phrasis_0000794__eu-en__flipped,
dico_phrasis_0000794__eu-en__original,
dico_phrasis_0000794__eu-es__flipped,
dico_phrasis_0000794__eu-es__original,
dico_phrasis_0000795__en-es__flipped,
dico_phrasis_0000795__en-es__original,
dico_phrasis_0000795__en-eu__flipped,
dico_phrasis_0000795__en-eu__original,
dico_phrasis_0000795__es-en__flipped,
dico_phrasis_0000795__es-en__original,
dico_phrasis_0000795__es-eu__flipped,
dico_phrasis_0000795__es-eu__original,
dico_phrasis_0000795__eu-en__flipped,
dico_phrasis_0000795__eu-en__original,
dico_phrasis_0000795__eu-es__flipped,
dico_phrasis_0000795__eu-es__original,
dico_phrasis_0000796__en-es__flipped,
dico_phrasis_0000796__en-es__original,
dico_phrasis_0000796__en-eu__flipped,
dico_phrasis_0000796__en-eu__original,
dico_phrasis_0000796__es-en__flipped,
dico_phrasis_0000796__es-en__original,
dico_phrasis_0000796__es-eu__flipped,
dico_phrasis_0000796__es-eu__original,
dico_phrasis_0000796__eu-en__flipped,
dico_phrasis_0000796__eu-en__original,
dico_phrasis_0000796__eu-es__flipped,
dico_phrasis_0000796__eu-es__original,
dico_phrasis_0000797__en-es__flipped,
dico_phrasis_0000797__en-es__original,
dico_phrasis_0000797__en-eu__flipped,
dico_phrasis_0000797__en-eu__original,
dico_phrasis_0000797__es-en__flipped,
dico_phrasis_0000797__es-en__original,
dico_phrasis_0000797__es-eu__flipped,
dico_phrasis_0000797__es-eu__original,
dico_phrasis_0000797__eu-en__flipped,
dico_phrasis_0000797__eu-en__original,
dico_phrasis_0000797__eu-es__flipped,
dico_phrasis_0000797__eu-es__original,
dico_phrasis_0000798__en-es__flipped,
dico_phrasis_0000798__en-es__original,
dico_phrasis_0000798__en-eu__flipped,
dico_phrasis_0000798__en-eu__original,
dico_phrasis_0000798__es-en__flipped,
dico_phrasis_0000798__es-en__original,
dico_phrasis_0000798__es-eu__flipped,
dico_phrasis_0000798__es-eu__original,
dico_phrasis_0000798__eu-en__flipped,
dico_phrasis_0000798__eu-en__original,
dico_phrasis_0000798__eu-es__flipped,
dico_phrasis_0000798__eu-es__original,
dico_phrasis_0000799__en-es__flipped,
dico_phrasis_0000799__en-es__original,
dico_phrasis_0000799__en-eu__flipped,
dico_phrasis_0000799__en-eu__original,
dico_phrasis_0000799__es-en__flipped,
dico_phrasis_0000799__es-en__original,
dico_phrasis_0000799__es-eu__flipped,
dico_phrasis_0000799__es-eu__original,
dico_phrasis_0000799__eu-en__flipped,
dico_phrasis_0000799__eu-en__original,
dico_phrasis_0000799__eu-es__flipped,
dico_phrasis_0000799__eu-es__original,
dico_phrasis_0000800__en-es__flipped,
dico_phrasis_0000800__en-es__original,
dico_phrasis_0000800__en-eu__flipped,
dico_phrasis_0000800__en-eu__original,
dico_phrasis_0000800__es-en__flipped,
dico_phrasis_0000800__es-en__original,
dico_phrasis_0000800__es-eu__flipped,
dico_phrasis_0000800__es-eu__original,
dico_phrasis_0000800__eu-en__flipped,
dico_phrasis_0000800__eu-en__original,
dico_phrasis_0000800__eu-es__flipped,
dico_phrasis_0000800__eu-es__original,
dico_phrasis_0000804__en-es__flipped,
dico_phrasis_0000804__en-es__original,
dico_phrasis_0000804__en-eu__flipped,
dico_phrasis_0000804__en-eu__original,
dico_phrasis_0000804__es-en__flipped,
dico_phrasis_0000804__es-en__original,
dico_phrasis_0000804__es-eu__flipped,
dico_phrasis_0000804__es-eu__original,
dico_phrasis_0000804__eu-en__flipped,
dico_phrasis_0000804__eu-en__original,
dico_phrasis_0000804__eu-es__flipped,
dico_phrasis_0000804__eu-es__original,
dico_phrasis_0000806__en-es__flipped,
dico_phrasis_0000806__en-es__original,
dico_phrasis_0000806__en-eu__flipped,
dico_phrasis_0000806__en-eu__original,
dico_phrasis_0000806__es-en__flipped,
dico_phrasis_0000806__es-en__original,
dico_phrasis_0000806__es-eu__flipped,
dico_phrasis_0000806__es-eu__original,
dico_phrasis_0000806__eu-en__flipped,
dico_phrasis_0000806__eu-en__original,
dico_phrasis_0000806__eu-es__flipped,
dico_phrasis_0000806__eu-es__original,
dico_phrasis_0000807__en-es__flipped,
dico_phrasis_0000807__en-es__original,
dico_phrasis_0000807__en-eu__flipped,
dico_phrasis_0000807__en-eu__original,
dico_phrasis_0000807__es-en__flipped,
dico_phrasis_0000807__es-en__original,
dico_phrasis_0000807__es-eu__flipped,
dico_phrasis_0000807__es-eu__original,
dico_phrasis_0000807__eu-en__flipped,
dico_phrasis_0000807__eu-en__original,
dico_phrasis_0000807__eu-es__flipped,
dico_phrasis_0000807__eu-es__original,
dico_phrasis_0000810__en-es__flipped,
dico_phrasis_0000810__en-es__original,
dico_phrasis_0000810__en-eu__flipped,
dico_phrasis_0000810__en-eu__original,
dico_phrasis_0000810__es-en__flipped,
dico_phrasis_0000810__es-en__original,
dico_phrasis_0000810__es-eu__flipped,
dico_phrasis_0000810__es-eu__original,
dico_phrasis_0000810__eu-en__flipped,
dico_phrasis_0000810__eu-en__original,
dico_phrasis_0000810__eu-es__flipped,
dico_phrasis_0000810__eu-es__original,
dico_phrasis_0000812__en-es__flipped,
dico_phrasis_0000812__en-es__original,
dico_phrasis_0000812__en-eu__flipped,
dico_phrasis_0000812__en-eu__original,
dico_phrasis_0000812__es-en__flipped,
dico_phrasis_0000812__es-en__original,
dico_phrasis_0000812__es-eu__flipped,
dico_phrasis_0000812__es-eu__original,
dico_phrasis_0000812__eu-en__flipped,
dico_phrasis_0000812__eu-en__original,
dico_phrasis_0000812__eu-es__flipped,
dico_phrasis_0000812__eu-es__original,
dico_phrasis_0000813__en-es__flipped,
dico_phrasis_0000813__en-es__original,
dico_phrasis_0000813__en-eu__flipped,
dico_phrasis_0000813__en-eu__original,
dico_phrasis_0000813__es-en__flipped,
dico_phrasis_0000813__es-en__original,
dico_phrasis_0000813__es-eu__flipped,
dico_phrasis_0000813__es-eu__original,
dico_phrasis_0000813__eu-en__flipped,
dico_phrasis_0000813__eu-en__original,
dico_phrasis_0000813__eu-es__flipped,
dico_phrasis_0000813__eu-es__original,
dico_phrasis_0000814__en-es__flipped,
dico_phrasis_0000814__en-es__original,
dico_phrasis_0000814__en-eu__flipped,
dico_phrasis_0000814__en-eu__original,
dico_phrasis_0000814__es-en__flipped,
dico_phrasis_0000814__es-en__original,
dico_phrasis_0000814__es-eu__flipped,
dico_phrasis_0000814__es-eu__original,
dico_phrasis_0000814__eu-en__flipped,
dico_phrasis_0000814__eu-en__original,
dico_phrasis_0000814__eu-es__flipped,
dico_phrasis_0000814__eu-es__original,
dico_phrasis_0000818__en-es__flipped,
dico_phrasis_0000818__en-es__original,
dico_phrasis_0000818__en-eu__flipped,
dico_phrasis_0000818__en-eu__original,
dico_phrasis_0000818__es-en__flipped,
dico_phrasis_0000818__es-en__original,
dico_phrasis_0000818__es-eu__flipped,
dico_phrasis_0000818__es-eu__original,
dico_phrasis_0000818__eu-en__flipped,
dico_phrasis_0000818__eu-en__original,
dico_phrasis_0000818__eu-es__flipped,
dico_phrasis_0000818__eu-es__original,
dico_phrasis_0000819__en-es__flipped,
dico_phrasis_0000819__en-es__original,
dico_phrasis_0000819__en-eu__flipped,
dico_phrasis_0000819__en-eu__original,
dico_phrasis_0000819__es-en__flipped,
dico_phrasis_0000819__es-en__original,
dico_phrasis_0000819__es-eu__flipped,
dico_phrasis_0000819__es-eu__original,
dico_phrasis_0000819__eu-en__flipped,
dico_phrasis_0000819__eu-en__original,
dico_phrasis_0000819__eu-es__flipped,
dico_phrasis_0000819__eu-es__original,
dico_phrasis_0000820__en-es__flipped,
dico_phrasis_0000820__en-es__original,
dico_phrasis_0000820__en-eu__flipped,
dico_phrasis_0000820__en-eu__original,
dico_phrasis_0000820__es-en__flipped,
dico_phrasis_0000820__es-en__original,
dico_phrasis_0000820__es-eu__flipped,
dico_phrasis_0000820__es-eu__original,
dico_phrasis_0000820__eu-en__flipped,
dico_phrasis_0000820__eu-en__original,
dico_phrasis_0000820__eu-es__flipped,
dico_phrasis_0000820__eu-es__original,
dico_phrasis_0000821__en-es__flipped,
dico_phrasis_0000821__en-es__original,
dico_phrasis_0000821__en-eu__flipped,
dico_phrasis_0000821__en-eu__original,
dico_phrasis_0000821__es-en__flipped,
dico_phrasis_0000821__es-en__original,
dico_phrasis_0000821__es-eu__flipped,
dico_phrasis_0000821__es-eu__original,
dico_phrasis_0000821__eu-en__flipped,
dico_phrasis_0000821__eu-en__original,
dico_phrasis_0000821__eu-es__flipped,
dico_phrasis_0000821__eu-es__original,
dico_phrasis_0000823__en-es__flipped,
dico_phrasis_0000823__en-es__original,
dico_phrasis_0000823__en-eu__flipped,
dico_phrasis_0000823__en-eu__original,
dico_phrasis_0000823__es-en__flipped,
dico_phrasis_0000823__es-en__original,
dico_phrasis_0000823__es-eu__flipped,
dico_phrasis_0000823__es-eu__original,
dico_phrasis_0000823__eu-en__flipped,
dico_phrasis_0000823__eu-en__original,
dico_phrasis_0000823__eu-es__flipped,
dico_phrasis_0000823__eu-es__original,
dico_phrasis_0000824__en-es__flipped,
dico_phrasis_0000824__en-es__original,
dico_phrasis_0000824__en-eu__flipped,
dico_phrasis_0000824__en-eu__original,
dico_phrasis_0000824__es-en__flipped,
dico_phrasis_0000824__es-en__original,
dico_phrasis_0000824__es-eu__flipped,
dico_phrasis_0000824__es-eu__original,
dico_phrasis_0000824__eu-en__flipped,
dico_phrasis_0000824__eu-en__original,
dico_phrasis_0000824__eu-es__flipped,
dico_phrasis_0000824__eu-es__original,
dico_phrasis_0000826__en-es__flipped,
dico_phrasis_0000826__en-es__original,
dico_phrasis_0000826__en-eu__flipped,
dico_phrasis_0000826__en-eu__original,
dico_phrasis_0000826__es-en__flipped,
dico_phrasis_0000826__es-en__original,
dico_phrasis_0000826__es-eu__flipped,
dico_phrasis_0000826__es-eu__original,
dico_phrasis_0000826__eu-en__flipped,
dico_phrasis_0000826__eu-en__original,
dico_phrasis_0000826__eu-es__flipped,
dico_phrasis_0000826__eu-es__original,
dico_phrasis_0000827__en-es__flipped,
dico_phrasis_0000827__en-es__original,
dico_phrasis_0000827__en-eu__flipped,
dico_phrasis_0000827__en-eu__original,
dico_phrasis_0000827__es-en__flipped,
dico_phrasis_0000827__es-en__original,
dico_phrasis_0000827__es-eu__flipped,
dico_phrasis_0000827__es-eu__original,
dico_phrasis_0000827__eu-en__flipped,
dico_phrasis_0000827__eu-en__original,
dico_phrasis_0000827__eu-es__flipped,
dico_phrasis_0000827__eu-es__original,
dico_phrasis_0000828__en-es__flipped,
dico_phrasis_0000828__en-es__original,
dico_phrasis_0000828__en-eu__flipped,
dico_phrasis_0000828__en-eu__original,
dico_phrasis_0000828__es-en__flipped,
dico_phrasis_0000828__es-en__original,
dico_phrasis_0000828__es-eu__flipped,
dico_phrasis_0000828__es-eu__original,
dico_phrasis_0000828__eu-en__flipped,
dico_phrasis_0000828__eu-en__original,
dico_phrasis_0000828__eu-es__flipped,
dico_phrasis_0000828__eu-es__original,
dico_phrasis_0000829__en-es__flipped,
dico_phrasis_0000829__en-es__original,
dico_phrasis_0000829__en-eu__flipped,
dico_phrasis_0000829__en-eu__original,
dico_phrasis_0000829__es-en__flipped,
dico_phrasis_0000829__es-en__original,
dico_phrasis_0000829__es-eu__flipped,
dico_phrasis_0000829__es-eu__original,
dico_phrasis_0000829__eu-en__flipped,
dico_phrasis_0000829__eu-en__original,
dico_phrasis_0000829__eu-es__flipped,
dico_phrasis_0000829__eu-es__original,
dico_phrasis_0000832__en-es__flipped,
dico_phrasis_0000832__en-es__original,
dico_phrasis_0000832__en-eu__flipped,
dico_phrasis_0000832__en-eu__original,
dico_phrasis_0000832__es-en__flipped,
dico_phrasis_0000832__es-en__original,
dico_phrasis_0000832__es-eu__flipped,
dico_phrasis_0000832__es-eu__original,
dico_phrasis_0000832__eu-en__flipped,
dico_phrasis_0000832__eu-en__original,
dico_phrasis_0000832__eu-es__flipped,
dico_phrasis_0000832__eu-es__original,
dico_phrasis_0000834__en-es__flipped,
dico_phrasis_0000834__en-es__original,
dico_phrasis_0000834__en-eu__flipped,
dico_phrasis_0000834__en-eu__original,
dico_phrasis_0000834__es-en__flipped,
dico_phrasis_0000834__es-en__original,
dico_phrasis_0000834__es-eu__flipped,
dico_phrasis_0000834__es-eu__original,
dico_phrasis_0000834__eu-en__flipped,
dico_phrasis_0000834__eu-en__original,
dico_phrasis_0000834__eu-es__flipped,
dico_phrasis_0000834__eu-es__original,
dico_phrasis_0000835__en-es__flipped,
dico_phrasis_0000835__en-es__original,
dico_phrasis_0000835__en-eu__flipped,
dico_phrasis_0000835__en-eu__original,
dico_phrasis_0000835__es-en__flipped,
dico_phrasis_0000835__es-en__original,
dico_phrasis_0000835__es-eu__flipped,
dico_phrasis_0000835__es-eu__original,
dico_phrasis_0000835__eu-en__flipped,
dico_phrasis_0000835__eu-en__original,
dico_phrasis_0000835__eu-es__flipped,
dico_phrasis_0000835__eu-es__original,
dico_phrasis_0000837__en-es__flipped,
dico_phrasis_0000837__en-es__original,
dico_phrasis_0000837__en-eu__flipped,
dico_phrasis_0000837__en-eu__original,
dico_phrasis_0000837__es-en__flipped,
dico_phrasis_0000837__es-en__original,
dico_phrasis_0000837__es-eu__flipped,
dico_phrasis_0000837__es-eu__original,
dico_phrasis_0000837__eu-en__flipped,
dico_phrasis_0000837__eu-en__original,
dico_phrasis_0000837__eu-es__flipped,
dico_phrasis_0000837__eu-es__original,
dico_phrasis_0000838__en-es__flipped,
dico_phrasis_0000838__en-es__original,
dico_phrasis_0000838__en-eu__flipped,
dico_phrasis_0000838__en-eu__original,
dico_phrasis_0000838__es-en__flipped,
dico_phrasis_0000838__es-en__original,
dico_phrasis_0000838__es-eu__flipped,
dico_phrasis_0000838__es-eu__original,
dico_phrasis_0000838__eu-en__flipped,
dico_phrasis_0000838__eu-en__original,
dico_phrasis_0000838__eu-es__flipped,
dico_phrasis_0000838__eu-es__original,
dico_phrasis_0000839__en-es__flipped,
dico_phrasis_0000839__en-es__original,
dico_phrasis_0000839__en-eu__flipped,
dico_phrasis_0000839__en-eu__original,
dico_phrasis_0000839__es-en__flipped,
dico_phrasis_0000839__es-en__original,
dico_phrasis_0000839__es-eu__flipped,
dico_phrasis_0000839__es-eu__original,
dico_phrasis_0000839__eu-en__flipped,
dico_phrasis_0000839__eu-en__original,
dico_phrasis_0000839__eu-es__flipped,
dico_phrasis_0000839__eu-es__original,
dico_phrasis_0000840__en-es__flipped,
dico_phrasis_0000840__en-es__original,
dico_phrasis_0000840__en-eu__flipped,
dico_phrasis_0000840__en-eu__original,
dico_phrasis_0000840__es-en__flipped,
dico_phrasis_0000840__es-en__original,
dico_phrasis_0000840__es-eu__flipped,
dico_phrasis_0000840__es-eu__original,
dico_phrasis_0000840__eu-en__flipped,
dico_phrasis_0000840__eu-en__original,
dico_phrasis_0000840__eu-es__flipped,
dico_phrasis_0000840__eu-es__original,
dico_phrasis_0000841__en-es__flipped,
dico_phrasis_0000841__en-es__original,
dico_phrasis_0000841__en-eu__flipped,
dico_phrasis_0000841__en-eu__original,
dico_phrasis_0000841__es-en__flipped,
dico_phrasis_0000841__es-en__original,
dico_phrasis_0000841__es-eu__flipped,
dico_phrasis_0000841__es-eu__original,
dico_phrasis_0000841__eu-en__flipped,
dico_phrasis_0000841__eu-en__original,
dico_phrasis_0000841__eu-es__flipped,
dico_phrasis_0000841__eu-es__original,
dico_phrasis_0000843__en-es__flipped,
dico_phrasis_0000843__en-es__original,
dico_phrasis_0000843__en-eu__flipped,
dico_phrasis_0000843__en-eu__original,
dico_phrasis_0000843__es-en__flipped,
dico_phrasis_0000843__es-en__original,
dico_phrasis_0000843__es-eu__flipped,
dico_phrasis_0000843__es-eu__original,
dico_phrasis_0000843__eu-en__flipped,
dico_phrasis_0000843__eu-en__original,
dico_phrasis_0000843__eu-es__flipped,
dico_phrasis_0000843__eu-es__original,
dico_phrasis_0000844__en-es__flipped,
dico_phrasis_0000844__en-es__original,
dico_phrasis_0000844__en-eu__flipped,
dico_phrasis_0000844__en-eu__original,
dico_phrasis_0000844__es-en__flipped,
dico_phrasis_0000844__es-en__original,
dico_phrasis_0000844__es-eu__flipped,
dico_phrasis_0000844__es-eu__original,
dico_phrasis_0000844__eu-en__flipped,
dico_phrasis_0000844__eu-en__original,
dico_phrasis_0000844__eu-es__flipped,
dico_phrasis_0000844__eu-es__original,
dico_phrasis_0000847__en-es__flipped,
dico_phrasis_0000847__en-es__original,
dico_phrasis_0000847__en-eu__flipped,
dico_phrasis_0000847__en-eu__original,
dico_phrasis_0000847__es-en__flipped,
dico_phrasis_0000847__es-en__original,
dico_phrasis_0000847__es-eu__flipped,
dico_phrasis_0000847__es-eu__original,
dico_phrasis_0000847__eu-en__flipped,
dico_phrasis_0000847__eu-en__original,
dico_phrasis_0000847__eu-es__flipped,
dico_phrasis_0000847__eu-es__original,
dico_phrasis_0000848__en-es__flipped,
dico_phrasis_0000848__en-es__original,
dico_phrasis_0000848__en-eu__flipped,
dico_phrasis_0000848__en-eu__original,
dico_phrasis_0000848__es-en__flipped,
dico_phrasis_0000848__es-en__original,
dico_phrasis_0000848__es-eu__flipped,
dico_phrasis_0000848__es-eu__original,
dico_phrasis_0000848__eu-en__flipped,
dico_phrasis_0000848__eu-en__original,
dico_phrasis_0000848__eu-es__flipped,
dico_phrasis_0000848__eu-es__original,
dico_phrasis_0000849__en-es__flipped,
dico_phrasis_0000849__en-es__original,
dico_phrasis_0000849__en-eu__flipped,
dico_phrasis_0000849__en-eu__original,
dico_phrasis_0000849__es-en__flipped,
dico_phrasis_0000849__es-en__original,
dico_phrasis_0000849__es-eu__flipped,
dico_phrasis_0000849__es-eu__original,
dico_phrasis_0000849__eu-en__flipped,
dico_phrasis_0000849__eu-en__original,
dico_phrasis_0000849__eu-es__flipped,
dico_phrasis_0000849__eu-es__original,
dico_phrasis_0000850__en-es__flipped,
dico_phrasis_0000850__en-es__original,
dico_phrasis_0000850__en-eu__flipped,
dico_phrasis_0000850__en-eu__original,
dico_phrasis_0000850__es-en__flipped,
dico_phrasis_0000850__es-en__original,
dico_phrasis_0000850__es-eu__flipped,
dico_phrasis_0000850__es-eu__original,
dico_phrasis_0000850__eu-en__flipped,
dico_phrasis_0000850__eu-en__original,
dico_phrasis_0000850__eu-es__flipped,
dico_phrasis_0000850__eu-es__original,
dico_phrasis_0000851__en-es__flipped,
dico_phrasis_0000851__en-es__original,
dico_phrasis_0000851__en-eu__flipped,
dico_phrasis_0000851__en-eu__original,
dico_phrasis_0000851__es-en__flipped,
dico_phrasis_0000851__es-en__original,
dico_phrasis_0000851__es-eu__flipped,
dico_phrasis_0000851__es-eu__original,
dico_phrasis_0000851__eu-en__flipped,
dico_phrasis_0000851__eu-en__original,
dico_phrasis_0000851__eu-es__flipped,
dico_phrasis_0000851__eu-es__original,
dico_phrasis_0000853__en-es__flipped,
dico_phrasis_0000853__en-es__original,
dico_phrasis_0000853__en-eu__flipped,
dico_phrasis_0000853__en-eu__original,
dico_phrasis_0000853__es-en__flipped,
dico_phrasis_0000853__es-en__original,
dico_phrasis_0000853__es-eu__flipped,
dico_phrasis_0000853__es-eu__original,
dico_phrasis_0000853__eu-en__flipped,
dico_phrasis_0000853__eu-en__original,
dico_phrasis_0000853__eu-es__flipped,
dico_phrasis_0000853__eu-es__original,
dico_phrasis_0000854__en-es__flipped,
dico_phrasis_0000854__en-es__original,
dico_phrasis_0000854__en-eu__flipped,
dico_phrasis_0000854__en-eu__original,
dico_phrasis_0000854__es-en__flipped,
dico_phrasis_0000854__es-en__original,
dico_phrasis_0000854__es-eu__flipped,
dico_phrasis_0000854__es-eu__original,
dico_phrasis_0000854__eu-en__flipped,
dico_phrasis_0000854__eu-en__original,
dico_phrasis_0000854__eu-es__flipped,
dico_phrasis_0000854__eu-es__original,
dico_phrasis_0000856__en-es__flipped,
dico_phrasis_0000856__en-es__original,
dico_phrasis_0000856__en-eu__flipped,
dico_phrasis_0000856__en-eu__original,
dico_phrasis_0000856__es-en__flipped,
dico_phrasis_0000856__es-en__original,
dico_phrasis_0000856__es-eu__flipped,
dico_phrasis_0000856__es-eu__original,
dico_phrasis_0000856__eu-en__flipped,
dico_phrasis_0000856__eu-en__original,
dico_phrasis_0000856__eu-es__flipped,
dico_phrasis_0000856__eu-es__original,
dico_phrasis_0000857__en-es__flipped,
dico_phrasis_0000857__en-es__original,
dico_phrasis_0000857__en-eu__flipped,
dico_phrasis_0000857__en-eu__original,
dico_phrasis_0000857__es-en__flipped,
dico_phrasis_0000857__es-en__original,
dico_phrasis_0000857__es-eu__flipped,
dico_phrasis_0000857__es-eu__original,
dico_phrasis_0000857__eu-en__flipped,
dico_phrasis_0000857__eu-en__original,
dico_phrasis_0000857__eu-es__flipped,
dico_phrasis_0000857__eu-es__original,
dico_phrasis_0000858__en-es__flipped,
dico_phrasis_0000858__en-es__original,
dico_phrasis_0000858__en-eu__flipped,
dico_phrasis_0000858__en-eu__original,
dico_phrasis_0000858__es-en__flipped,
dico_phrasis_0000858__es-en__original,
dico_phrasis_0000858__es-eu__flipped,
dico_phrasis_0000858__es-eu__original,
dico_phrasis_0000858__eu-en__flipped,
dico_phrasis_0000858__eu-en__original,
dico_phrasis_0000858__eu-es__flipped,
dico_phrasis_0000858__eu-es__original,
dico_phrasis_0000860__en-es__flipped,
dico_phrasis_0000860__en-es__original,
dico_phrasis_0000860__en-eu__flipped,
dico_phrasis_0000860__en-eu__original,
dico_phrasis_0000860__es-en__flipped,
dico_phrasis_0000860__es-en__original,
dico_phrasis_0000860__es-eu__flipped,
dico_phrasis_0000860__es-eu__original,
dico_phrasis_0000860__eu-en__flipped,
dico_phrasis_0000860__eu-en__original,
dico_phrasis_0000860__eu-es__flipped,
dico_phrasis_0000860__eu-es__original,
dico_phrasis_0000861__en-es__flipped,
dico_phrasis_0000861__en-es__original,
dico_phrasis_0000861__en-eu__flipped,
dico_phrasis_0000861__en-eu__original,
dico_phrasis_0000861__es-en__flipped,
dico_phrasis_0000861__es-en__original,
dico_phrasis_0000861__es-eu__flipped,
dico_phrasis_0000861__es-eu__original,
dico_phrasis_0000861__eu-en__flipped,
dico_phrasis_0000861__eu-en__original,
dico_phrasis_0000861__eu-es__flipped,
dico_phrasis_0000861__eu-es__original,
dico_phrasis_0000862__en-es__flipped,
dico_phrasis_0000862__en-es__original,
dico_phrasis_0000862__en-eu__flipped,
dico_phrasis_0000862__en-eu__original,
dico_phrasis_0000862__es-en__flipped,
dico_phrasis_0000862__es-en__original,
dico_phrasis_0000862__es-eu__flipped,
dico_phrasis_0000862__es-eu__original,
dico_phrasis_0000862__eu-en__flipped,
dico_phrasis_0000862__eu-en__original,
dico_phrasis_0000862__eu-es__flipped,
dico_phrasis_0000862__eu-es__original,
dico_phrasis_0000864__en-es__flipped,
dico_phrasis_0000864__en-es__original,
dico_phrasis_0000864__en-eu__flipped,
dico_phrasis_0000864__en-eu__original,
dico_phrasis_0000864__es-en__flipped,
dico_phrasis_0000864__es-en__original,
dico_phrasis_0000864__es-eu__flipped,
dico_phrasis_0000864__es-eu__original,
dico_phrasis_0000864__eu-en__flipped,
dico_phrasis_0000864__eu-en__original,
dico_phrasis_0000864__eu-es__flipped,
dico_phrasis_0000864__eu-es__original,
dico_phrasis_0000865__en-es__flipped,
dico_phrasis_0000865__en-es__original,
dico_phrasis_0000865__en-eu__flipped,
dico_phrasis_0000865__en-eu__original,
dico_phrasis_0000865__es-en__flipped,
dico_phrasis_0000865__es-en__original,
dico_phrasis_0000865__es-eu__flipped,
dico_phrasis_0000865__es-eu__original,
dico_phrasis_0000865__eu-en__flipped,
dico_phrasis_0000865__eu-en__original,
dico_phrasis_0000865__eu-es__flipped,
dico_phrasis_0000865__eu-es__original,
dico_phrasis_0000868__en-es__flipped,
dico_phrasis_0000868__en-es__original,
dico_phrasis_0000868__en-eu__flipped,
dico_phrasis_0000868__en-eu__original,
dico_phrasis_0000868__es-en__flipped,
dico_phrasis_0000868__es-en__original,
dico_phrasis_0000868__es-eu__flipped,
dico_phrasis_0000868__es-eu__original,
dico_phrasis_0000868__eu-en__flipped,
dico_phrasis_0000868__eu-en__original,
dico_phrasis_0000868__eu-es__flipped,
dico_phrasis_0000868__eu-es__original,
dico_phrasis_0000871__en-es__flipped,
dico_phrasis_0000871__en-es__original,
dico_phrasis_0000871__en-eu__flipped,
dico_phrasis_0000871__en-eu__original,
dico_phrasis_0000871__es-en__flipped,
dico_phrasis_0000871__es-en__original,
dico_phrasis_0000871__es-eu__flipped,
dico_phrasis_0000871__es-eu__original,
dico_phrasis_0000871__eu-en__flipped,
dico_phrasis_0000871__eu-en__original,
dico_phrasis_0000871__eu-es__flipped,
dico_phrasis_0000871__eu-es__original,
dico_phrasis_0000873__en-es__flipped,
dico_phrasis_0000873__en-es__original,
dico_phrasis_0000873__en-eu__flipped,
dico_phrasis_0000873__en-eu__original,
dico_phrasis_0000873__es-en__flipped,
dico_phrasis_0000873__es-en__original,
dico_phrasis_0000873__es-eu__flipped,
dico_phrasis_0000873__es-eu__original,
dico_phrasis_0000873__eu-en__flipped,
dico_phrasis_0000873__eu-en__original,
dico_phrasis_0000873__eu-es__flipped,
dico_phrasis_0000873__eu-es__original,
dico_phrasis_0000877__en-es__flipped,
dico_phrasis_0000877__en-es__original,
dico_phrasis_0000877__en-eu__flipped,
dico_phrasis_0000877__en-eu__original,
dico_phrasis_0000877__es-en__flipped,
dico_phrasis_0000877__es-en__original,
dico_phrasis_0000877__es-eu__flipped,
dico_phrasis_0000877__es-eu__original,
dico_phrasis_0000877__eu-en__flipped,
dico_phrasis_0000877__eu-en__original,
dico_phrasis_0000877__eu-es__flipped,
dico_phrasis_0000877__eu-es__original,
dico_phrasis_0000878__en-es__flipped,
dico_phrasis_0000878__en-es__original,
dico_phrasis_0000878__en-eu__flipped,
dico_phrasis_0000878__en-eu__original,
dico_phrasis_0000878__es-en__flipped,
dico_phrasis_0000878__es-en__original,
dico_phrasis_0000878__es-eu__flipped,
dico_phrasis_0000878__es-eu__original,
dico_phrasis_0000878__eu-en__flipped,
dico_phrasis_0000878__eu-en__original,
dico_phrasis_0000878__eu-es__flipped,
dico_phrasis_0000878__eu-es__original,
dico_phrasis_0000879__en-es__flipped,
dico_phrasis_0000879__en-es__original,
dico_phrasis_0000879__en-eu__flipped,
dico_phrasis_0000879__en-eu__original,
dico_phrasis_0000879__es-en__flipped,
dico_phrasis_0000879__es-en__original,
dico_phrasis_0000879__es-eu__flipped,
dico_phrasis_0000879__es-eu__original,
dico_phrasis_0000879__eu-en__flipped,
dico_phrasis_0000879__eu-en__original,
dico_phrasis_0000879__eu-es__flipped,
dico_phrasis_0000879__eu-es__original,
dico_phrasis_0000880__en-es__flipped,
dico_phrasis_0000880__en-es__original,
dico_phrasis_0000880__en-eu__flipped,
dico_phrasis_0000880__en-eu__original,
dico_phrasis_0000880__es-en__flipped,
dico_phrasis_0000880__es-en__original,
dico_phrasis_0000880__es-eu__flipped,
dico_phrasis_0000880__es-eu__original,
dico_phrasis_0000880__eu-en__flipped,
dico_phrasis_0000880__eu-en__original,
dico_phrasis_0000880__eu-es__flipped,
dico_phrasis_0000880__eu-es__original,
dico_phrasis_0000883__en-es__flipped,
dico_phrasis_0000883__en-es__original,
dico_phrasis_0000883__en-eu__flipped,
dico_phrasis_0000883__en-eu__original,
dico_phrasis_0000883__es-en__flipped,
dico_phrasis_0000883__es-en__original,
dico_phrasis_0000883__es-eu__flipped,
dico_phrasis_0000883__es-eu__original,
dico_phrasis_0000883__eu-en__flipped,
dico_phrasis_0000883__eu-en__original,
dico_phrasis_0000883__eu-es__flipped,
dico_phrasis_0000883__eu-es__original,
dico_phrasis_0000884__en-es__flipped,
dico_phrasis_0000884__en-es__original,
dico_phrasis_0000884__en-eu__flipped,
dico_phrasis_0000884__en-eu__original,
dico_phrasis_0000884__es-en__flipped,
dico_phrasis_0000884__es-en__original,
dico_phrasis_0000884__es-eu__flipped,
dico_phrasis_0000884__es-eu__original,
dico_phrasis_0000884__eu-en__flipped,
dico_phrasis_0000884__eu-en__original,
dico_phrasis_0000884__eu-es__flipped,
dico_phrasis_0000884__eu-es__original,
dico_phrasis_0000885__en-es__flipped,
dico_phrasis_0000885__en-es__original,
dico_phrasis_0000885__en-eu__flipped,
dico_phrasis_0000885__en-eu__original,
dico_phrasis_0000885__es-en__flipped,
dico_phrasis_0000885__es-en__original,
dico_phrasis_0000885__es-eu__flipped,
dico_phrasis_0000885__es-eu__original,
dico_phrasis_0000885__eu-en__flipped,
dico_phrasis_0000885__eu-en__original,
dico_phrasis_0000885__eu-es__flipped,
dico_phrasis_0000885__eu-es__original,
dico_phrasis_0000886__en-es__flipped,
dico_phrasis_0000886__en-es__original,
dico_phrasis_0000886__en-eu__flipped,
dico_phrasis_0000886__en-eu__original,
dico_phrasis_0000886__es-en__flipped,
dico_phrasis_0000886__es-en__original,
dico_phrasis_0000886__es-eu__flipped,
dico_phrasis_0000886__es-eu__original,
dico_phrasis_0000886__eu-en__flipped,
dico_phrasis_0000886__eu-en__original,
dico_phrasis_0000886__eu-es__flipped,
dico_phrasis_0000886__eu-es__original,
dico_phrasis_0000888__en-es__flipped,
dico_phrasis_0000888__en-es__original,
dico_phrasis_0000888__en-eu__flipped,
dico_phrasis_0000888__en-eu__original,
dico_phrasis_0000888__es-en__flipped,
dico_phrasis_0000888__es-en__original,
dico_phrasis_0000888__es-eu__flipped,
dico_phrasis_0000888__es-eu__original,
dico_phrasis_0000888__eu-en__flipped,
dico_phrasis_0000888__eu-en__original,
dico_phrasis_0000888__eu-es__flipped,
dico_phrasis_0000888__eu-es__original,
dico_phrasis_0000889__en-es__flipped,
dico_phrasis_0000889__en-es__original,
dico_phrasis_0000889__en-eu__flipped,
dico_phrasis_0000889__en-eu__original,
dico_phrasis_0000889__es-en__flipped,
dico_phrasis_0000889__es-en__original,
dico_phrasis_0000889__es-eu__flipped,
dico_phrasis_0000889__es-eu__original,
dico_phrasis_0000889__eu-en__flipped,
dico_phrasis_0000889__eu-en__original,
dico_phrasis_0000889__eu-es__flipped,
dico_phrasis_0000889__eu-es__original,
dico_phrasis_0000891__en-es__flipped,
dico_phrasis_0000891__en-es__original,
dico_phrasis_0000891__en-eu__flipped,
dico_phrasis_0000891__en-eu__original,
dico_phrasis_0000891__es-en__flipped,
dico_phrasis_0000891__es-en__original,
dico_phrasis_0000891__es-eu__flipped,
dico_phrasis_0000891__es-eu__original,
dico_phrasis_0000891__eu-en__flipped,
dico_phrasis_0000891__eu-en__original,
dico_phrasis_0000891__eu-es__flipped,
dico_phrasis_0000891__eu-es__original,
dico_phrasis_0000892__en-es__flipped,
dico_phrasis_0000892__en-es__original,
dico_phrasis_0000892__en-eu__flipped,
dico_phrasis_0000892__en-eu__original,
dico_phrasis_0000892__es-en__flipped,
dico_phrasis_0000892__es-en__original,
dico_phrasis_0000892__es-eu__flipped,
dico_phrasis_0000892__es-eu__original,
dico_phrasis_0000892__eu-en__flipped,
dico_phrasis_0000892__eu-en__original,
dico_phrasis_0000892__eu-es__flipped,
dico_phrasis_0000892__eu-es__original,
dico_phrasis_0000894__en-es__flipped,
dico_phrasis_0000894__en-es__original,
dico_phrasis_0000894__en-eu__flipped,
dico_phrasis_0000894__en-eu__original,
dico_phrasis_0000894__es-en__flipped,
dico_phrasis_0000894__es-en__original,
dico_phrasis_0000894__es-eu__flipped,
dico_phrasis_0000894__es-eu__original,
dico_phrasis_0000894__eu-en__flipped,
dico_phrasis_0000894__eu-en__original,
dico_phrasis_0000894__eu-es__flipped,
dico_phrasis_0000894__eu-es__original,
dico_phrasis_0000898__en-es__flipped,
dico_phrasis_0000898__en-es__original,
dico_phrasis_0000898__en-eu__flipped,
dico_phrasis_0000898__en-eu__original,
dico_phrasis_0000898__es-en__flipped,
dico_phrasis_0000898__es-en__original,
dico_phrasis_0000898__es-eu__flipped,
dico_phrasis_0000898__es-eu__original,
dico_phrasis_0000898__eu-en__flipped,
dico_phrasis_0000898__eu-en__original,
dico_phrasis_0000898__eu-es__flipped,
dico_phrasis_0000898__eu-es__original,
dico_phrasis_0000899__en-es__flipped,
dico_phrasis_0000899__en-es__original,
dico_phrasis_0000899__en-eu__flipped,
dico_phrasis_0000899__en-eu__original,
dico_phrasis_0000899__es-en__flipped,
dico_phrasis_0000899__es-en__original,
dico_phrasis_0000899__es-eu__flipped,
dico_phrasis_0000899__es-eu__original,
dico_phrasis_0000899__eu-en__flipped,
dico_phrasis_0000899__eu-en__original,
dico_phrasis_0000899__eu-es__flipped,
dico_phrasis_0000899__eu-es__original,
dico_phrasis_0000900__en-es__flipped,
dico_phrasis_0000900__en-es__original,
dico_phrasis_0000900__en-eu__flipped,
dico_phrasis_0000900__en-eu__original,
dico_phrasis_0000900__es-en__flipped,
dico_phrasis_0000900__es-en__original,
dico_phrasis_0000900__es-eu__flipped,
dico_phrasis_0000900__es-eu__original,
dico_phrasis_0000900__eu-en__flipped,
dico_phrasis_0000900__eu-en__original,
dico_phrasis_0000900__eu-es__flipped,
dico_phrasis_0000900__eu-es__original,
dico_phrasis_0000901__en-es__flipped,
dico_phrasis_0000901__en-es__original,
dico_phrasis_0000901__en-eu__flipped,
dico_phrasis_0000901__en-eu__original,
dico_phrasis_0000901__es-en__flipped,
dico_phrasis_0000901__es-en__original,
dico_phrasis_0000901__es-eu__flipped,
dico_phrasis_0000901__es-eu__original,
dico_phrasis_0000901__eu-en__flipped,
dico_phrasis_0000901__eu-en__original,
dico_phrasis_0000901__eu-es__flipped,
dico_phrasis_0000901__eu-es__original,
dico_phrasis_0000902__en-es__flipped,
dico_phrasis_0000902__en-es__original,
dico_phrasis_0000902__en-eu__flipped,
dico_phrasis_0000902__en-eu__original,
dico_phrasis_0000902__es-en__flipped,
dico_phrasis_0000902__es-en__original,
dico_phrasis_0000902__es-eu__flipped,
dico_phrasis_0000902__es-eu__original,
dico_phrasis_0000902__eu-en__flipped,
dico_phrasis_0000902__eu-en__original,
dico_phrasis_0000902__eu-es__flipped,
dico_phrasis_0000902__eu-es__original,
dico_phrasis_0000903__en-es__flipped,
dico_phrasis_0000903__en-es__original,
dico_phrasis_0000903__en-eu__flipped,
dico_phrasis_0000903__en-eu__original,
dico_phrasis_0000903__es-en__flipped,
dico_phrasis_0000903__es-en__original,
dico_phrasis_0000903__es-eu__flipped,
dico_phrasis_0000903__es-eu__original,
dico_phrasis_0000903__eu-en__flipped,
dico_phrasis_0000903__eu-en__original,
dico_phrasis_0000903__eu-es__flipped,
dico_phrasis_0000903__eu-es__original,
dico_phrasis_0000909__en-es__flipped,
dico_phrasis_0000909__en-es__original,
dico_phrasis_0000909__en-eu__flipped,
dico_phrasis_0000909__en-eu__original,
dico_phrasis_0000909__es-en__flipped,
dico_phrasis_0000909__es-en__original,
dico_phrasis_0000909__es-eu__flipped,
dico_phrasis_0000909__es-eu__original,
dico_phrasis_0000909__eu-en__flipped,
dico_phrasis_0000909__eu-en__original,
dico_phrasis_0000909__eu-es__flipped,
dico_phrasis_0000909__eu-es__original,
dico_phrasis_0000910__en-es__flipped,
dico_phrasis_0000910__en-es__original,
dico_phrasis_0000910__en-eu__flipped,
dico_phrasis_0000910__en-eu__original,
dico_phrasis_0000910__es-en__flipped,
dico_phrasis_0000910__es-en__original,
dico_phrasis_0000910__es-eu__flipped,
dico_phrasis_0000910__es-eu__original,
dico_phrasis_0000910__eu-en__flipped,
dico_phrasis_0000910__eu-en__original,
dico_phrasis_0000910__eu-es__flipped,
dico_phrasis_0000910__eu-es__original,
dico_phrasis_0000912__en-es__flipped,
dico_phrasis_0000912__en-es__original,
dico_phrasis_0000912__en-eu__flipped,
dico_phrasis_0000912__en-eu__original,
dico_phrasis_0000912__es-en__flipped,
dico_phrasis_0000912__es-en__original,
dico_phrasis_0000912__es-eu__flipped,
dico_phrasis_0000912__es-eu__original,
dico_phrasis_0000912__eu-en__flipped,
dico_phrasis_0000912__eu-en__original,
dico_phrasis_0000912__eu-es__flipped,
dico_phrasis_0000912__eu-es__original,
dico_phrasis_0000913__en-es__flipped,
dico_phrasis_0000913__en-es__original,
dico_phrasis_0000913__en-eu__flipped,
dico_phrasis_0000913__en-eu__original,
dico_phrasis_0000913__es-en__flipped,
dico_phrasis_0000913__es-en__original,
dico_phrasis_0000913__es-eu__flipped,
dico_phrasis_0000913__es-eu__original,
dico_phrasis_0000913__eu-en__flipped,
dico_phrasis_0000913__eu-en__original,
dico_phrasis_0000913__eu-es__flipped,
dico_phrasis_0000913__eu-es__original,
dico_phrasis_0000914__en-es__flipped,
dico_phrasis_0000914__en-es__original,
dico_phrasis_0000914__en-eu__flipped,
dico_phrasis_0000914__en-eu__original,
dico_phrasis_0000914__es-en__flipped,
dico_phrasis_0000914__es-en__original,
dico_phrasis_0000914__es-eu__flipped,
dico_phrasis_0000914__es-eu__original,
dico_phrasis_0000914__eu-en__flipped,
dico_phrasis_0000914__eu-en__original,
dico_phrasis_0000914__eu-es__flipped,
dico_phrasis_0000914__eu-es__original,
dico_phrasis_0000916__en-es__flipped,
dico_phrasis_0000916__en-es__original,
dico_phrasis_0000916__en-eu__flipped,
dico_phrasis_0000916__en-eu__original,
dico_phrasis_0000916__es-en__flipped,
dico_phrasis_0000916__es-en__original,
dico_phrasis_0000916__es-eu__flipped,
dico_phrasis_0000916__es-eu__original,
dico_phrasis_0000916__eu-en__flipped,
dico_phrasis_0000916__eu-en__original,
dico_phrasis_0000916__eu-es__flipped,
dico_phrasis_0000916__eu-es__original,
dico_phrasis_0000919__en-es__flipped,
dico_phrasis_0000919__en-es__original,
dico_phrasis_0000919__en-eu__flipped,
dico_phrasis_0000919__en-eu__original,
dico_phrasis_0000919__es-en__flipped,
dico_phrasis_0000919__es-en__original,
dico_phrasis_0000919__es-eu__flipped,
dico_phrasis_0000919__es-eu__original,
dico_phrasis_0000919__eu-en__flipped,
dico_phrasis_0000919__eu-en__original,
dico_phrasis_0000919__eu-es__flipped,
dico_phrasis_0000919__eu-es__original,
dico_phrasis_0000920__en-es__flipped,
dico_phrasis_0000920__en-es__original,
dico_phrasis_0000920__en-eu__flipped,
dico_phrasis_0000920__en-eu__original,
dico_phrasis_0000920__es-en__flipped,
dico_phrasis_0000920__es-en__original,
dico_phrasis_0000920__es-eu__flipped,
dico_phrasis_0000920__es-eu__original,
dico_phrasis_0000920__eu-en__flipped,
dico_phrasis_0000920__eu-en__original,
dico_phrasis_0000920__eu-es__flipped,
dico_phrasis_0000920__eu-es__original,
dico_phrasis_0000922__en-es__flipped,
dico_phrasis_0000922__en-es__original,
dico_phrasis_0000922__en-eu__flipped,
dico_phrasis_0000922__en-eu__original,
dico_phrasis_0000922__es-en__flipped,
dico_phrasis_0000922__es-en__original,
dico_phrasis_0000922__es-eu__flipped,
dico_phrasis_0000922__es-eu__original,
dico_phrasis_0000922__eu-en__flipped,
dico_phrasis_0000922__eu-en__original,
dico_phrasis_0000922__eu-es__flipped,
dico_phrasis_0000922__eu-es__original,
dico_phrasis_0000924__en-es__flipped,
dico_phrasis_0000924__en-es__original,
dico_phrasis_0000924__en-eu__flipped,
dico_phrasis_0000924__en-eu__original,
dico_phrasis_0000924__es-en__flipped,
dico_phrasis_0000924__es-en__original,
dico_phrasis_0000924__es-eu__flipped,
dico_phrasis_0000924__es-eu__original,
dico_phrasis_0000924__eu-en__flipped,
dico_phrasis_0000924__eu-en__original,
dico_phrasis_0000924__eu-es__flipped,
dico_phrasis_0000924__eu-es__original,
dico_phrasis_0000925__en-es__flipped,
dico_phrasis_0000925__en-es__original,
dico_phrasis_0000925__en-eu__flipped,
dico_phrasis_0000925__en-eu__original,
dico_phrasis_0000925__es-en__flipped,
dico_phrasis_0000925__es-en__original,
dico_phrasis_0000925__es-eu__flipped,
dico_phrasis_0000925__es-eu__original,
dico_phrasis_0000925__eu-en__flipped,
dico_phrasis_0000925__eu-en__original,
dico_phrasis_0000925__eu-es__flipped,
dico_phrasis_0000925__eu-es__original,
dico_phrasis_0000926__en-es__flipped,
dico_phrasis_0000926__en-es__original,
dico_phrasis_0000926__en-eu__flipped,
dico_phrasis_0000926__en-eu__original,
dico_phrasis_0000926__es-en__flipped,
dico_phrasis_0000926__es-en__original,
dico_phrasis_0000926__es-eu__flipped,
dico_phrasis_0000926__es-eu__original,
dico_phrasis_0000926__eu-en__flipped,
dico_phrasis_0000926__eu-en__original,
dico_phrasis_0000926__eu-es__flipped,
dico_phrasis_0000926__eu-es__original,
dico_phrasis_0000927__en-es__flipped,
dico_phrasis_0000927__en-es__original,
dico_phrasis_0000927__en-eu__flipped,
dico_phrasis_0000927__en-eu__original,
dico_phrasis_0000927__es-en__flipped,
dico_phrasis_0000927__es-en__original,
dico_phrasis_0000927__es-eu__flipped,
dico_phrasis_0000927__es-eu__original,
dico_phrasis_0000927__eu-en__flipped,
dico_phrasis_0000927__eu-en__original,
dico_phrasis_0000927__eu-es__flipped,
dico_phrasis_0000927__eu-es__original,
dico_phrasis_0000930__en-es__flipped,
dico_phrasis_0000930__en-es__original,
dico_phrasis_0000930__en-eu__flipped,
dico_phrasis_0000930__en-eu__original,
dico_phrasis_0000930__es-en__flipped,
dico_phrasis_0000930__es-en__original,
dico_phrasis_0000930__es-eu__flipped,
dico_phrasis_0000930__es-eu__original,
dico_phrasis_0000930__eu-en__flipped,
dico_phrasis_0000930__eu-en__original,
dico_phrasis_0000930__eu-es__flipped,
dico_phrasis_0000930__eu-es__original,
dico_phrasis_0000934__en-es__flipped,
dico_phrasis_0000934__en-es__original,
dico_phrasis_0000934__en-eu__flipped,
dico_phrasis_0000934__en-eu__original,
dico_phrasis_0000934__es-en__flipped,
dico_phrasis_0000934__es-en__original,
dico_phrasis_0000934__es-eu__flipped,
dico_phrasis_0000934__es-eu__original,
dico_phrasis_0000934__eu-en__flipped,
dico_phrasis_0000934__eu-en__original,
dico_phrasis_0000934__eu-es__flipped,
dico_phrasis_0000934__eu-es__original,
dico_phrasis_0000935__en-es__flipped,
dico_phrasis_0000935__en-es__original,
dico_phrasis_0000935__en-eu__flipped,
dico_phrasis_0000935__en-eu__original,
dico_phrasis_0000935__es-en__flipped,
dico_phrasis_0000935__es-en__original,
dico_phrasis_0000935__es-eu__flipped,
dico_phrasis_0000935__es-eu__original,
dico_phrasis_0000935__eu-en__flipped,
dico_phrasis_0000935__eu-en__original,
dico_phrasis_0000935__eu-es__flipped,
dico_phrasis_0000935__eu-es__original,
dico_phrasis_0000937__en-es__flipped,
dico_phrasis_0000937__en-es__original,
dico_phrasis_0000937__en-eu__flipped,
dico_phrasis_0000937__en-eu__original,
dico_phrasis_0000937__es-en__flipped,
dico_phrasis_0000937__es-en__original,
dico_phrasis_0000937__es-eu__flipped,
dico_phrasis_0000937__es-eu__original,
dico_phrasis_0000937__eu-en__flipped,
dico_phrasis_0000937__eu-en__original,
dico_phrasis_0000937__eu-es__flipped,
dico_phrasis_0000937__eu-es__original,
dico_phrasis_0000938__en-es__flipped,
dico_phrasis_0000938__en-es__original,
dico_phrasis_0000938__en-eu__flipped,
dico_phrasis_0000938__en-eu__original,
dico_phrasis_0000938__es-en__flipped,
dico_phrasis_0000938__es-en__original,
dico_phrasis_0000938__es-eu__flipped,
dico_phrasis_0000938__es-eu__original,
dico_phrasis_0000938__eu-en__flipped,
dico_phrasis_0000938__eu-en__original,
dico_phrasis_0000938__eu-es__flipped,
dico_phrasis_0000938__eu-es__original,
dico_phrasis_0000940__en-es__flipped,
dico_phrasis_0000940__en-es__original,
dico_phrasis_0000940__en-eu__flipped,
dico_phrasis_0000940__en-eu__original,
dico_phrasis_0000940__es-en__flipped,
dico_phrasis_0000940__es-en__original,
dico_phrasis_0000940__es-eu__flipped,
dico_phrasis_0000940__es-eu__original,
dico_phrasis_0000940__eu-en__flipped,
dico_phrasis_0000940__eu-en__original,
dico_phrasis_0000940__eu-es__flipped,
dico_phrasis_0000940__eu-es__original,
dico_phrasis_0000941__en-es__flipped,
dico_phrasis_0000941__en-es__original,
dico_phrasis_0000941__en-eu__flipped,
dico_phrasis_0000941__en-eu__original,
dico_phrasis_0000941__es-en__flipped,
dico_phrasis_0000941__es-en__original,
dico_phrasis_0000941__es-eu__flipped,
dico_phrasis_0000941__es-eu__original,
dico_phrasis_0000941__eu-en__flipped,
dico_phrasis_0000941__eu-en__original,
dico_phrasis_0000941__eu-es__flipped,
dico_phrasis_0000941__eu-es__original,
dico_phrasis_0000945__en-es__flipped,
dico_phrasis_0000945__en-es__original,
dico_phrasis_0000945__en-eu__flipped,
dico_phrasis_0000945__en-eu__original,
dico_phrasis_0000945__es-en__flipped,
dico_phrasis_0000945__es-en__original,
dico_phrasis_0000945__es-eu__flipped,
dico_phrasis_0000945__es-eu__original,
dico_phrasis_0000945__eu-en__flipped,
dico_phrasis_0000945__eu-en__original,
dico_phrasis_0000945__eu-es__flipped,
dico_phrasis_0000945__eu-es__original,
dico_phrasis_0000949__en-es__flipped,
dico_phrasis_0000949__en-es__original,
dico_phrasis_0000949__en-eu__flipped,
dico_phrasis_0000949__en-eu__original,
dico_phrasis_0000949__es-en__flipped,
dico_phrasis_0000949__es-en__original,
dico_phrasis_0000949__es-eu__flipped,
dico_phrasis_0000949__es-eu__original,
dico_phrasis_0000949__eu-en__flipped,
dico_phrasis_0000949__eu-en__original,
dico_phrasis_0000949__eu-es__flipped,
dico_phrasis_0000949__eu-es__original,
dico_phrasis_0000951__en-es__flipped,
dico_phrasis_0000951__en-es__original,
dico_phrasis_0000951__en-eu__flipped,
dico_phrasis_0000951__en-eu__original,
dico_phrasis_0000951__es-en__flipped,
dico_phrasis_0000951__es-en__original,
dico_phrasis_0000951__es-eu__flipped,
dico_phrasis_0000951__es-eu__original,
dico_phrasis_0000951__eu-en__flipped,
dico_phrasis_0000951__eu-en__original,
dico_phrasis_0000951__eu-es__flipped,
dico_phrasis_0000951__eu-es__original,
dico_phrasis_0000955__en-es__flipped,
dico_phrasis_0000955__en-es__original,
dico_phrasis_0000955__en-eu__flipped,
dico_phrasis_0000955__en-eu__original,
dico_phrasis_0000955__es-en__flipped,
dico_phrasis_0000955__es-en__original,
dico_phrasis_0000955__es-eu__flipped,
dico_phrasis_0000955__es-eu__original,
dico_phrasis_0000955__eu-en__flipped,
dico_phrasis_0000955__eu-en__original,
dico_phrasis_0000955__eu-es__flipped,
dico_phrasis_0000955__eu-es__original,
dico_phrasis_0000956__en-es__flipped,
dico_phrasis_0000956__en-es__original,
dico_phrasis_0000956__en-eu__flipped,
dico_phrasis_0000956__en-eu__original,
dico_phrasis_0000956__es-en__flipped,
dico_phrasis_0000956__es-en__original,
dico_phrasis_0000956__es-eu__flipped,
dico_phrasis_0000956__es-eu__original,
dico_phrasis_0000956__eu-en__flipped,
dico_phrasis_0000956__eu-en__original,
dico_phrasis_0000956__eu-es__flipped,
dico_phrasis_0000956__eu-es__original,
dico_phrasis_0000957__en-es__flipped,
dico_phrasis_0000957__en-es__original,
dico_phrasis_0000957__en-eu__flipped,
dico_phrasis_0000957__en-eu__original,
dico_phrasis_0000957__es-en__flipped,
dico_phrasis_0000957__es-en__original,
dico_phrasis_0000957__es-eu__flipped,
dico_phrasis_0000957__es-eu__original,
dico_phrasis_0000957__eu-en__flipped,
dico_phrasis_0000957__eu-en__original,
dico_phrasis_0000957__eu-es__flipped,
dico_phrasis_0000957__eu-es__original,
dico_phrasis_0000959__en-es__flipped,
dico_phrasis_0000959__en-es__original,
dico_phrasis_0000959__en-eu__flipped,
dico_phrasis_0000959__en-eu__original,
dico_phrasis_0000959__es-en__flipped,
dico_phrasis_0000959__es-en__original,
dico_phrasis_0000959__es-eu__flipped,
dico_phrasis_0000959__es-eu__original,
dico_phrasis_0000959__eu-en__flipped,
dico_phrasis_0000959__eu-en__original,
dico_phrasis_0000959__eu-es__flipped,
dico_phrasis_0000959__eu-es__original,
dico_phrasis_0000960__en-es__flipped,
dico_phrasis_0000960__en-es__original,
dico_phrasis_0000960__en-eu__flipped,
dico_phrasis_0000960__en-eu__original,
dico_phrasis_0000960__es-en__flipped,
dico_phrasis_0000960__es-en__original,
dico_phrasis_0000960__es-eu__flipped,
dico_phrasis_0000960__es-eu__original,
dico_phrasis_0000960__eu-en__flipped,
dico_phrasis_0000960__eu-en__original,
dico_phrasis_0000960__eu-es__flipped,
dico_phrasis_0000960__eu-es__original,
dico_phrasis_0000961__en-es__flipped,
dico_phrasis_0000961__en-es__original,
dico_phrasis_0000961__en-eu__flipped,
dico_phrasis_0000961__en-eu__original,
dico_phrasis_0000961__es-en__flipped,
dico_phrasis_0000961__es-en__original,
dico_phrasis_0000961__es-eu__flipped,
dico_phrasis_0000961__es-eu__original,
dico_phrasis_0000961__eu-en__flipped,
dico_phrasis_0000961__eu-en__original,
dico_phrasis_0000961__eu-es__flipped,
dico_phrasis_0000961__eu-es__original,
dico_phrasis_0000962__en-es__flipped,
dico_phrasis_0000962__en-es__original,
dico_phrasis_0000962__en-eu__flipped,
dico_phrasis_0000962__en-eu__original,
dico_phrasis_0000962__es-en__flipped,
dico_phrasis_0000962__es-en__original,
dico_phrasis_0000962__es-eu__flipped,
dico_phrasis_0000962__es-eu__original,
dico_phrasis_0000962__eu-en__flipped,
dico_phrasis_0000962__eu-en__original,
dico_phrasis_0000962__eu-es__flipped,
dico_phrasis_0000962__eu-es__original,
dico_phrasis_0000964__en-es__flipped,
dico_phrasis_0000964__en-es__original,
dico_phrasis_0000964__en-eu__flipped,
dico_phrasis_0000964__en-eu__original,
dico_phrasis_0000964__es-en__flipped,
dico_phrasis_0000964__es-en__original,
dico_phrasis_0000964__es-eu__flipped,
dico_phrasis_0000964__es-eu__original,
dico_phrasis_0000964__eu-en__flipped,
dico_phrasis_0000964__eu-en__original,
dico_phrasis_0000964__eu-es__flipped,
dico_phrasis_0000964__eu-es__original,
dico_phrasis_0000967__en-es__flipped,
dico_phrasis_0000967__en-es__original,
dico_phrasis_0000967__en-eu__flipped,
dico_phrasis_0000967__en-eu__original,
dico_phrasis_0000967__es-en__flipped,
dico_phrasis_0000967__es-en__original,
dico_phrasis_0000967__es-eu__flipped,
dico_phrasis_0000967__es-eu__original,
dico_phrasis_0000967__eu-en__flipped,
dico_phrasis_0000967__eu-en__original,
dico_phrasis_0000967__eu-es__flipped,
dico_phrasis_0000967__eu-es__original,
dico_phrasis_0000969__en-es__flipped,
dico_phrasis_0000969__en-es__original,
dico_phrasis_0000969__en-eu__flipped,
dico_phrasis_0000969__en-eu__original,
dico_phrasis_0000969__es-en__flipped,
dico_phrasis_0000969__es-en__original,
dico_phrasis_0000969__es-eu__flipped,
dico_phrasis_0000969__es-eu__original,
dico_phrasis_0000969__eu-en__flipped,
dico_phrasis_0000969__eu-en__original,
dico_phrasis_0000969__eu-es__flipped,
dico_phrasis_0000969__eu-es__original,
dico_phrasis_0000970__en-es__flipped,
dico_phrasis_0000970__en-es__original,
dico_phrasis_0000970__en-eu__flipped,
dico_phrasis_0000970__en-eu__original,
dico_phrasis_0000970__es-en__flipped,
dico_phrasis_0000970__es-en__original,
dico_phrasis_0000970__es-eu__flipped,
dico_phrasis_0000970__es-eu__original,
dico_phrasis_0000970__eu-en__flipped,
dico_phrasis_0000970__eu-en__original,
dico_phrasis_0000970__eu-es__flipped,
dico_phrasis_0000970__eu-es__original,
dico_phrasis_0000971__en-es__flipped,
dico_phrasis_0000971__en-es__original,
dico_phrasis_0000971__en-eu__flipped,
dico_phrasis_0000971__en-eu__original,
dico_phrasis_0000971__es-en__flipped,
dico_phrasis_0000971__es-en__original,
dico_phrasis_0000971__es-eu__flipped,
dico_phrasis_0000971__es-eu__original,
dico_phrasis_0000971__eu-en__flipped,
dico_phrasis_0000971__eu-en__original,
dico_phrasis_0000971__eu-es__flipped,
dico_phrasis_0000971__eu-es__original,
dico_phrasis_0000973__en-es__flipped,
dico_phrasis_0000973__en-es__original,
dico_phrasis_0000973__en-eu__flipped,
dico_phrasis_0000973__en-eu__original,
dico_phrasis_0000973__es-en__flipped,
dico_phrasis_0000973__es-en__original,
dico_phrasis_0000973__es-eu__flipped,
dico_phrasis_0000973__es-eu__original,
dico_phrasis_0000973__eu-en__flipped,
dico_phrasis_0000973__eu-en__original,
dico_phrasis_0000973__eu-es__flipped,
dico_phrasis_0000973__eu-es__original,
dico_phrasis_0000974__en-es__flipped,
dico_phrasis_0000974__en-es__original,
dico_phrasis_0000974__en-eu__flipped,
dico_phrasis_0000974__en-eu__original,
dico_phrasis_0000974__es-en__flipped,
dico_phrasis_0000974__es-en__original,
dico_phrasis_0000974__es-eu__flipped,
dico_phrasis_0000974__es-eu__original,
dico_phrasis_0000974__eu-en__flipped,
dico_phrasis_0000974__eu-en__original,
dico_phrasis_0000974__eu-es__flipped,
dico_phrasis_0000974__eu-es__original,
dico_phrasis_0000976__en-es__flipped,
dico_phrasis_0000976__en-es__original,
dico_phrasis_0000976__en-eu__flipped,
dico_phrasis_0000976__en-eu__original,
dico_phrasis_0000976__es-en__flipped,
dico_phrasis_0000976__es-en__original,
dico_phrasis_0000976__es-eu__flipped,
dico_phrasis_0000976__es-eu__original,
dico_phrasis_0000976__eu-en__flipped,
dico_phrasis_0000976__eu-en__original,
dico_phrasis_0000976__eu-es__flipped,
dico_phrasis_0000976__eu-es__original,
dico_phrasis_0000978__en-es__flipped,
dico_phrasis_0000978__en-es__original,
dico_phrasis_0000978__en-eu__flipped,
dico_phrasis_0000978__en-eu__original,
dico_phrasis_0000978__es-en__flipped,
dico_phrasis_0000978__es-en__original,
dico_phrasis_0000978__es-eu__flipped,
dico_phrasis_0000978__es-eu__original,
dico_phrasis_0000978__eu-en__flipped,
dico_phrasis_0000978__eu-en__original,
dico_phrasis_0000978__eu-es__flipped,
dico_phrasis_0000978__eu-es__original,
dico_phrasis_0000981__en-es__flipped,
dico_phrasis_0000981__en-es__original,
dico_phrasis_0000981__en-eu__flipped,
dico_phrasis_0000981__en-eu__original,
dico_phrasis_0000981__es-en__flipped,
dico_phrasis_0000981__es-en__original,
dico_phrasis_0000981__es-eu__flipped,
dico_phrasis_0000981__es-eu__original,
dico_phrasis_0000981__eu-en__flipped,
dico_phrasis_0000981__eu-en__original,
dico_phrasis_0000981__eu-es__flipped,
dico_phrasis_0000981__eu-es__original,
dico_phrasis_0000984__en-es__flipped,
dico_phrasis_0000984__en-es__original,
dico_phrasis_0000984__en-eu__flipped,
dico_phrasis_0000984__en-eu__original,
dico_phrasis_0000984__es-en__flipped,
dico_phrasis_0000984__es-en__original,
dico_phrasis_0000984__es-eu__flipped,
dico_phrasis_0000984__es-eu__original,
dico_phrasis_0000984__eu-en__flipped,
dico_phrasis_0000984__eu-en__original,
dico_phrasis_0000984__eu-es__flipped,
dico_phrasis_0000984__eu-es__original,
dico_phrasis_0000987__en-es__flipped,
dico_phrasis_0000987__en-es__original,
dico_phrasis_0000987__en-eu__flipped,
dico_phrasis_0000987__en-eu__original,
dico_phrasis_0000987__es-en__flipped,
dico_phrasis_0000987__es-en__original,
dico_phrasis_0000987__es-eu__flipped,
dico_phrasis_0000987__es-eu__original,
dico_phrasis_0000987__eu-en__flipped,
dico_phrasis_0000987__eu-en__original,
dico_phrasis_0000987__eu-es__flipped,
dico_phrasis_0000987__eu-es__original,
dico_phrasis_0000989__en-es__flipped,
dico_phrasis_0000989__en-es__original,
dico_phrasis_0000989__en-eu__flipped,
dico_phrasis_0000989__en-eu__original,
dico_phrasis_0000989__es-en__flipped,
dico_phrasis_0000989__es-en__original,
dico_phrasis_0000989__es-eu__flipped,
dico_phrasis_0000989__es-eu__original,
dico_phrasis_0000989__eu-en__flipped,
dico_phrasis_0000989__eu-en__original,
dico_phrasis_0000989__eu-es__flipped,
dico_phrasis_0000989__eu-es__original,
dico_phrasis_0000990__en-es__flipped,
dico_phrasis_0000990__en-es__original,
dico_phrasis_0000990__en-eu__flipped,
dico_phrasis_0000990__en-eu__original,
dico_phrasis_0000990__es-en__flipped,
dico_phrasis_0000990__es-en__original,
dico_phrasis_0000990__es-eu__flipped,
dico_phrasis_0000990__es-eu__original,
dico_phrasis_0000990__eu-en__flipped,
dico_phrasis_0000990__eu-en__original,
dico_phrasis_0000990__eu-es__flipped,
dico_phrasis_0000990__eu-es__original,
dico_phrasis_0000993__en-es__flipped,
dico_phrasis_0000993__en-es__original,
dico_phrasis_0000993__en-eu__flipped,
dico_phrasis_0000993__en-eu__original,
dico_phrasis_0000993__es-en__flipped,
dico_phrasis_0000993__es-en__original,
dico_phrasis_0000993__es-eu__flipped,
dico_phrasis_0000993__es-eu__original,
dico_phrasis_0000993__eu-en__flipped,
dico_phrasis_0000993__eu-en__original,
dico_phrasis_0000993__eu-es__flipped,
dico_phrasis_0000993__eu-es__original,
dico_phrasis_0000995__en-es__flipped,
dico_phrasis_0000995__en-es__original,
dico_phrasis_0000995__en-eu__flipped,
dico_phrasis_0000995__en-eu__original,
dico_phrasis_0000995__es-en__flipped,
dico_phrasis_0000995__es-en__original,
dico_phrasis_0000995__es-eu__flipped,
dico_phrasis_0000995__es-eu__original,
dico_phrasis_0000995__eu-en__flipped,
dico_phrasis_0000995__eu-en__original,
dico_phrasis_0000995__eu-es__flipped,
dico_phrasis_0000995__eu-es__original,
dico_phrasis_0000997__en-es__flipped,
dico_phrasis_0000997__en-es__original,
dico_phrasis_0000997__en-eu__flipped,
dico_phrasis_0000997__en-eu__original,
dico_phrasis_0000997__es-en__flipped,
dico_phrasis_0000997__es-en__original,
dico_phrasis_0000997__es-eu__flipped,
dico_phrasis_0000997__es-eu__original,
dico_phrasis_0000997__eu-en__flipped,
dico_phrasis_0000997__eu-en__original,
dico_phrasis_0000997__eu-es__flipped,
dico_phrasis_0000997__eu-es__original,
dico_phrasis_0000998__en-es__flipped,
dico_phrasis_0000998__en-es__original,
dico_phrasis_0000998__en-eu__flipped,
dico_phrasis_0000998__en-eu__original,
dico_phrasis_0000998__es-en__flipped,
dico_phrasis_0000998__es-en__original,
dico_phrasis_0000998__es-eu__flipped,
dico_phrasis_0000998__es-eu__original,
dico_phrasis_0000998__eu-en__flipped,
dico_phrasis_0000998__eu-en__original,
dico_phrasis_0000998__eu-es__flipped,
dico_phrasis_0000998__eu-es__original,
dico_phrasis_0000999__en-es__flipped,
dico_phrasis_0000999__en-es__original,
dico_phrasis_0000999__en-eu__flipped,
dico_phrasis_0000999__en-eu__original,
dico_phrasis_0000999__es-en__flipped,
dico_phrasis_0000999__es-en__original,
dico_phrasis_0000999__es-eu__flipped,
dico_phrasis_0000999__es-eu__original,
dico_phrasis_0000999__eu-en__flipped,
dico_phrasis_0000999__eu-en__original,
dico_phrasis_0000999__eu-es__flipped,
dico_phrasis_0000999__eu-es__original,
dico_phrasis_0001001__en-es__flipped,
dico_phrasis_0001001__en-es__original,
dico_phrasis_0001001__en-eu__flipped,
dico_phrasis_0001001__en-eu__original,
dico_phrasis_0001001__es-en__flipped,
dico_phrasis_0001001__es-en__original,
dico_phrasis_0001001__es-eu__flipped,
dico_phrasis_0001001__es-eu__original,
dico_phrasis_0001001__eu-en__flipped,
dico_phrasis_0001001__eu-en__original,
dico_phrasis_0001001__eu-es__flipped,
dico_phrasis_0001001__eu-es__original,
dico_phrasis_0001002__en-es__flipped,
dico_phrasis_0001002__en-es__original,
dico_phrasis_0001002__en-eu__flipped,
dico_phrasis_0001002__en-eu__original,
dico_phrasis_0001002__es-en__flipped,
dico_phrasis_0001002__es-en__original,
dico_phrasis_0001002__es-eu__flipped,
dico_phrasis_0001002__es-eu__original,
dico_phrasis_0001002__eu-en__flipped,
dico_phrasis_0001002__eu-en__original,
dico_phrasis_0001002__eu-es__flipped,
dico_phrasis_0001002__eu-es__original,
dico_phrasis_0001003__en-es__flipped,
dico_phrasis_0001003__en-es__original,
dico_phrasis_0001003__en-eu__flipped,
dico_phrasis_0001003__en-eu__original,
dico_phrasis_0001003__es-en__flipped,
dico_phrasis_0001003__es-en__original,
dico_phrasis_0001003__es-eu__flipped,
dico_phrasis_0001003__es-eu__original,
dico_phrasis_0001003__eu-en__flipped,
dico_phrasis_0001003__eu-en__original,
dico_phrasis_0001003__eu-es__flipped,
dico_phrasis_0001003__eu-es__original,
dico_phrasis_0001004__en-es__flipped,
dico_phrasis_0001004__en-es__original,
dico_phrasis_0001004__en-eu__flipped,
dico_phrasis_0001004__en-eu__original,
dico_phrasis_0001004__es-en__flipped,
dico_phrasis_0001004__es-en__original,
dico_phrasis_0001004__es-eu__flipped,
dico_phrasis_0001004__es-eu__original,
dico_phrasis_0001004__eu-en__flipped,
dico_phrasis_0001004__eu-en__original,
dico_phrasis_0001004__eu-es__flipped,
dico_phrasis_0001004__eu-es__original,
dico_phrasis_0001006__en-es__flipped,
dico_phrasis_0001006__en-es__original,
dico_phrasis_0001006__en-eu__flipped,
dico_phrasis_0001006__en-eu__original,
dico_phrasis_0001006__es-en__flipped,
dico_phrasis_0001006__es-en__original,
dico_phrasis_0001006__es-eu__flipped,
dico_phrasis_0001006__es-eu__original,
dico_phrasis_0001006__eu-en__flipped,
dico_phrasis_0001006__eu-en__original,
dico_phrasis_0001006__eu-es__flipped,
dico_phrasis_0001006__eu-es__original,
dico_phrasis_0001008__en-es__flipped,
dico_phrasis_0001008__en-es__original,
dico_phrasis_0001008__en-eu__flipped,
dico_phrasis_0001008__en-eu__original,
dico_phrasis_0001008__es-en__flipped,
dico_phrasis_0001008__es-en__original,
dico_phrasis_0001008__es-eu__flipped,
dico_phrasis_0001008__es-eu__original,
dico_phrasis_0001008__eu-en__flipped,
dico_phrasis_0001008__eu-en__original,
dico_phrasis_0001008__eu-es__flipped,
dico_phrasis_0001008__eu-es__original,
dico_phrasis_0001010__en-es__flipped,
dico_phrasis_0001010__en-es__original,
dico_phrasis_0001010__en-eu__flipped,
dico_phrasis_0001010__en-eu__original,
dico_phrasis_0001010__es-en__flipped,
dico_phrasis_0001010__es-en__original,
dico_phrasis_0001010__es-eu__flipped,
dico_phrasis_0001010__es-eu__original,
dico_phrasis_0001010__eu-en__flipped,
dico_phrasis_0001010__eu-en__original,
dico_phrasis_0001010__eu-es__flipped,
dico_phrasis_0001010__eu-es__original,
dico_phrasis_0001011__en-es__flipped,
dico_phrasis_0001011__en-es__original,
dico_phrasis_0001011__en-eu__flipped,
dico_phrasis_0001011__en-eu__original,
dico_phrasis_0001011__es-en__flipped,
dico_phrasis_0001011__es-en__original,
dico_phrasis_0001011__es-eu__flipped,
dico_phrasis_0001011__es-eu__original,
dico_phrasis_0001011__eu-en__flipped,
dico_phrasis_0001011__eu-en__original,
dico_phrasis_0001011__eu-es__flipped,
dico_phrasis_0001011__eu-es__original,
dico_phrasis_0001012__en-es__flipped,
dico_phrasis_0001012__en-es__original,
dico_phrasis_0001012__en-eu__flipped,
dico_phrasis_0001012__en-eu__original,
dico_phrasis_0001012__es-en__flipped,
dico_phrasis_0001012__es-en__original,
dico_phrasis_0001012__es-eu__flipped,
dico_phrasis_0001012__es-eu__original,
dico_phrasis_0001012__eu-en__flipped,
dico_phrasis_0001012__eu-en__original,
dico_phrasis_0001012__eu-es__flipped,
dico_phrasis_0001012__eu-es__original,
dico_phrasis_0001014__en-es__flipped,
dico_phrasis_0001014__en-es__original,
dico_phrasis_0001014__en-eu__flipped,
dico_phrasis_0001014__en-eu__original,
dico_phrasis_0001014__es-en__flipped,
dico_phrasis_0001014__es-en__original,
dico_phrasis_0001014__es-eu__flipped,
dico_phrasis_0001014__es-eu__original,
dico_phrasis_0001014__eu-en__flipped,
dico_phrasis_0001014__eu-en__original,
dico_phrasis_0001014__eu-es__flipped,
dico_phrasis_0001014__eu-es__original,
dico_phrasis_0001015__en-es__flipped,
dico_phrasis_0001015__en-es__original,
dico_phrasis_0001015__en-eu__flipped,
dico_phrasis_0001015__en-eu__original,
dico_phrasis_0001015__es-en__flipped,
dico_phrasis_0001015__es-en__original,
dico_phrasis_0001015__es-eu__flipped,
dico_phrasis_0001015__es-eu__original,
dico_phrasis_0001015__eu-en__flipped,
dico_phrasis_0001015__eu-en__original,
dico_phrasis_0001015__eu-es__flipped,
dico_phrasis_0001015__eu-es__original,
dico_phrasis_0001017__en-es__flipped,
dico_phrasis_0001017__en-es__original,
dico_phrasis_0001017__en-eu__flipped,
dico_phrasis_0001017__en-eu__original,
dico_phrasis_0001017__es-en__flipped,
dico_phrasis_0001017__es-en__original,
dico_phrasis_0001017__es-eu__flipped,
dico_phrasis_0001017__es-eu__original,
dico_phrasis_0001017__eu-en__flipped,
dico_phrasis_0001017__eu-en__original,
dico_phrasis_0001017__eu-es__flipped,
dico_phrasis_0001017__eu-es__original,
dico_phrasis_0001018__en-es__flipped,
dico_phrasis_0001018__en-es__original,
dico_phrasis_0001018__en-eu__flipped,
dico_phrasis_0001018__en-eu__original,
dico_phrasis_0001018__es-en__flipped,
dico_phrasis_0001018__es-en__original,
dico_phrasis_0001018__es-eu__flipped,
dico_phrasis_0001018__es-eu__original,
dico_phrasis_0001018__eu-en__flipped,
dico_phrasis_0001018__eu-en__original,
dico_phrasis_0001018__eu-es__flipped,
dico_phrasis_0001018__eu-es__original,
dico_phrasis_0001019__en-es__flipped,
dico_phrasis_0001019__en-es__original,
dico_phrasis_0001019__en-eu__flipped,
dico_phrasis_0001019__en-eu__original,
dico_phrasis_0001019__es-en__flipped,
dico_phrasis_0001019__es-en__original,
dico_phrasis_0001019__es-eu__flipped,
dico_phrasis_0001019__es-eu__original,
dico_phrasis_0001019__eu-en__flipped,
dico_phrasis_0001019__eu-en__original,
dico_phrasis_0001019__eu-es__flipped,
dico_phrasis_0001019__eu-es__original,
dico_phrasis_0001020__en-es__flipped,
dico_phrasis_0001020__en-es__original,
dico_phrasis_0001020__en-eu__flipped,
dico_phrasis_0001020__en-eu__original,
dico_phrasis_0001020__es-en__flipped,
dico_phrasis_0001020__es-en__original,
dico_phrasis_0001020__es-eu__flipped,
dico_phrasis_0001020__es-eu__original,
dico_phrasis_0001020__eu-en__flipped,
dico_phrasis_0001020__eu-en__original,
dico_phrasis_0001020__eu-es__flipped,
dico_phrasis_0001020__eu-es__original,
dico_phrasis_0001021__en-es__flipped,
dico_phrasis_0001021__en-es__original,
dico_phrasis_0001021__en-eu__flipped,
dico_phrasis_0001021__en-eu__original,
dico_phrasis_0001021__es-en__flipped,
dico_phrasis_0001021__es-en__original,
dico_phrasis_0001021__es-eu__flipped,
dico_phrasis_0001021__es-eu__original,
dico_phrasis_0001021__eu-en__flipped,
dico_phrasis_0001021__eu-en__original,
dico_phrasis_0001021__eu-es__flipped,
dico_phrasis_0001021__eu-es__original,
dico_phrasis_0001022__en-es__flipped,
dico_phrasis_0001022__en-es__original,
dico_phrasis_0001022__en-eu__flipped,
dico_phrasis_0001022__en-eu__original,
dico_phrasis_0001022__es-en__flipped,
dico_phrasis_0001022__es-en__original,
dico_phrasis_0001022__es-eu__flipped,
dico_phrasis_0001022__es-eu__original,
dico_phrasis_0001022__eu-en__flipped,
dico_phrasis_0001022__eu-en__original,
dico_phrasis_0001022__eu-es__flipped,
dico_phrasis_0001022__eu-es__original,
dico_phrasis_0001024__en-es__flipped,
dico_phrasis_0001024__en-es__original,
dico_phrasis_0001024__en-eu__flipped,
dico_phrasis_0001024__en-eu__original,
dico_phrasis_0001024__es-en__flipped,
dico_phrasis_0001024__es-en__original,
dico_phrasis_0001024__es-eu__flipped,
dico_phrasis_0001024__es-eu__original,
dico_phrasis_0001024__eu-en__flipped,
dico_phrasis_0001024__eu-en__original,
dico_phrasis_0001024__eu-es__flipped,
dico_phrasis_0001024__eu-es__original,
dico_phrasis_0001027__en-es__flipped,
dico_phrasis_0001027__en-es__original,
dico_phrasis_0001027__en-eu__flipped,
dico_phrasis_0001027__en-eu__original,
dico_phrasis_0001027__es-en__flipped,
dico_phrasis_0001027__es-en__original,
dico_phrasis_0001027__es-eu__flipped,
dico_phrasis_0001027__es-eu__original,
dico_phrasis_0001027__eu-en__flipped,
dico_phrasis_0001027__eu-en__original,
dico_phrasis_0001027__eu-es__flipped,
dico_phrasis_0001027__eu-es__original,
dico_phrasis_0001034__en-es__flipped,
dico_phrasis_0001034__en-es__original,
dico_phrasis_0001034__en-eu__flipped,
dico_phrasis_0001034__en-eu__original,
dico_phrasis_0001034__es-en__flipped,
dico_phrasis_0001034__es-en__original,
dico_phrasis_0001034__es-eu__flipped,
dico_phrasis_0001034__es-eu__original,
dico_phrasis_0001034__eu-en__flipped,
dico_phrasis_0001034__eu-en__original,
dico_phrasis_0001034__eu-es__flipped,
dico_phrasis_0001034__eu-es__original,
dico_phrasis_0001035__en-es__flipped,
dico_phrasis_0001035__en-es__original,
dico_phrasis_0001035__en-eu__flipped,
dico_phrasis_0001035__en-eu__original,
dico_phrasis_0001035__es-en__flipped,
dico_phrasis_0001035__es-en__original,
dico_phrasis_0001035__es-eu__flipped,
dico_phrasis_0001035__es-eu__original,
dico_phrasis_0001035__eu-en__flipped,
dico_phrasis_0001035__eu-en__original,
dico_phrasis_0001035__eu-es__flipped,
dico_phrasis_0001035__eu-es__original,
dico_phrasis_0001039__en-es__flipped,
dico_phrasis_0001039__en-es__original,
dico_phrasis_0001039__en-eu__flipped,
dico_phrasis_0001039__en-eu__original,
dico_phrasis_0001039__es-en__flipped,
dico_phrasis_0001039__es-en__original,
dico_phrasis_0001039__es-eu__flipped,
dico_phrasis_0001039__es-eu__original,
dico_phrasis_0001039__eu-en__flipped,
dico_phrasis_0001039__eu-en__original,
dico_phrasis_0001039__eu-es__flipped,
dico_phrasis_0001039__eu-es__original,
dico_phrasis_0001041__en-es__flipped,
dico_phrasis_0001041__en-es__original,
dico_phrasis_0001041__en-eu__flipped,
dico_phrasis_0001041__en-eu__original,
dico_phrasis_0001041__es-en__flipped,
dico_phrasis_0001041__es-en__original,
dico_phrasis_0001041__es-eu__flipped,
dico_phrasis_0001041__es-eu__original,
dico_phrasis_0001041__eu-en__flipped,
dico_phrasis_0001041__eu-en__original,
dico_phrasis_0001041__eu-es__flipped,
dico_phrasis_0001041__eu-es__original,
dico_phrasis_0001042__en-es__flipped,
dico_phrasis_0001042__en-es__original,
dico_phrasis_0001042__en-eu__flipped,
dico_phrasis_0001042__en-eu__original,
dico_phrasis_0001042__es-en__flipped,
dico_phrasis_0001042__es-en__original,
dico_phrasis_0001042__es-eu__flipped,
dico_phrasis_0001042__es-eu__original,
dico_phrasis_0001042__eu-en__flipped,
dico_phrasis_0001042__eu-en__original,
dico_phrasis_0001042__eu-es__flipped,
dico_phrasis_0001042__eu-es__original,
dico_phrasis_0001044__en-es__flipped,
dico_phrasis_0001044__en-es__original,
dico_phrasis_0001044__en-eu__flipped,
dico_phrasis_0001044__en-eu__original,
dico_phrasis_0001044__es-en__flipped,
dico_phrasis_0001044__es-en__original,
dico_phrasis_0001044__es-eu__flipped,
dico_phrasis_0001044__es-eu__original,
dico_phrasis_0001044__eu-en__flipped,
dico_phrasis_0001044__eu-en__original,
dico_phrasis_0001044__eu-es__flipped,
dico_phrasis_0001044__eu-es__original,
dico_phrasis_0001045__en-es__flipped,
dico_phrasis_0001045__en-es__original,
dico_phrasis_0001045__en-eu__flipped,
dico_phrasis_0001045__en-eu__original,
dico_phrasis_0001045__es-en__flipped,
dico_phrasis_0001045__es-en__original,
dico_phrasis_0001045__es-eu__flipped,
dico_phrasis_0001045__es-eu__original,
dico_phrasis_0001045__eu-en__flipped,
dico_phrasis_0001045__eu-en__original,
dico_phrasis_0001045__eu-es__flipped,
dico_phrasis_0001045__eu-es__original,
dico_phrasis_0001049__en-es__flipped,
dico_phrasis_0001049__en-es__original,
dico_phrasis_0001049__en-eu__flipped,
dico_phrasis_0001049__en-eu__original,
dico_phrasis_0001049__es-en__flipped,
dico_phrasis_0001049__es-en__original,
dico_phrasis_0001049__es-eu__flipped,
dico_phrasis_0001049__es-eu__original,
dico_phrasis_0001049__eu-en__flipped,
dico_phrasis_0001049__eu-en__original,
dico_phrasis_0001049__eu-es__flipped,
dico_phrasis_0001049__eu-es__original,
dico_phrasis_0001052__en-es__flipped,
dico_phrasis_0001052__en-es__original,
dico_phrasis_0001052__en-eu__flipped,
dico_phrasis_0001052__en-eu__original,
dico_phrasis_0001052__es-en__flipped,
dico_phrasis_0001052__es-en__original,
dico_phrasis_0001052__es-eu__flipped,
dico_phrasis_0001052__es-eu__original,
dico_phrasis_0001052__eu-en__flipped,
dico_phrasis_0001052__eu-en__original,
dico_phrasis_0001052__eu-es__flipped,
dico_phrasis_0001052__eu-es__original,
dico_phrasis_0001053__en-es__flipped,
dico_phrasis_0001053__en-es__original,
dico_phrasis_0001053__en-eu__flipped,
dico_phrasis_0001053__en-eu__original,
dico_phrasis_0001053__es-en__flipped,
dico_phrasis_0001053__es-en__original,
dico_phrasis_0001053__es-eu__flipped,
dico_phrasis_0001053__es-eu__original,
dico_phrasis_0001053__eu-en__flipped,
dico_phrasis_0001053__eu-en__original,
dico_phrasis_0001053__eu-es__flipped,
dico_phrasis_0001053__eu-es__original,
dico_phrasis_0001054__en-es__flipped,
dico_phrasis_0001054__en-es__original,
dico_phrasis_0001054__en-eu__flipped,
dico_phrasis_0001054__en-eu__original,
dico_phrasis_0001054__es-en__flipped,
dico_phrasis_0001054__es-en__original,
dico_phrasis_0001054__es-eu__flipped,
dico_phrasis_0001054__es-eu__original,
dico_phrasis_0001054__eu-en__flipped,
dico_phrasis_0001054__eu-en__original,
dico_phrasis_0001054__eu-es__flipped,
dico_phrasis_0001054__eu-es__original,
dico_phrasis_0001056__en-es__flipped,
dico_phrasis_0001056__en-es__original,
dico_phrasis_0001056__en-eu__flipped,
dico_phrasis_0001056__en-eu__original,
dico_phrasis_0001056__es-en__flipped,
dico_phrasis_0001056__es-en__original,
dico_phrasis_0001056__es-eu__flipped,
dico_phrasis_0001056__es-eu__original,
dico_phrasis_0001056__eu-en__flipped,
dico_phrasis_0001056__eu-en__original,
dico_phrasis_0001056__eu-es__flipped,
dico_phrasis_0001056__eu-es__original,
dico_phrasis_0001057__en-es__flipped,
dico_phrasis_0001057__en-es__original,
dico_phrasis_0001057__en-eu__flipped,
dico_phrasis_0001057__en-eu__original,
dico_phrasis_0001057__es-en__flipped,
dico_phrasis_0001057__es-en__original,
dico_phrasis_0001057__es-eu__flipped,
dico_phrasis_0001057__es-eu__original,
dico_phrasis_0001057__eu-en__flipped,
dico_phrasis_0001057__eu-en__original,
dico_phrasis_0001057__eu-es__flipped,
dico_phrasis_0001057__eu-es__original,
dico_phrasis_0001059__en-es__flipped,
dico_phrasis_0001059__en-es__original,
dico_phrasis_0001059__en-eu__flipped,
dico_phrasis_0001059__en-eu__original,
dico_phrasis_0001059__es-en__flipped,
dico_phrasis_0001059__es-en__original,
dico_phrasis_0001059__es-eu__flipped,
dico_phrasis_0001059__es-eu__original,
dico_phrasis_0001059__eu-en__flipped,
dico_phrasis_0001059__eu-en__original,
dico_phrasis_0001059__eu-es__flipped,
dico_phrasis_0001059__eu-es__original,
dico_phrasis_0001060__en-es__flipped,
dico_phrasis_0001060__en-es__original,
dico_phrasis_0001060__en-eu__flipped,
dico_phrasis_0001060__en-eu__original,
dico_phrasis_0001060__es-en__flipped,
dico_phrasis_0001060__es-en__original,
dico_phrasis_0001060__es-eu__flipped,
dico_phrasis_0001060__es-eu__original,
dico_phrasis_0001060__eu-en__flipped,
dico_phrasis_0001060__eu-en__original,
dico_phrasis_0001060__eu-es__flipped,
dico_phrasis_0001060__eu-es__original,
dico_phrasis_0001061__en-es__flipped,
dico_phrasis_0001061__en-es__original,
dico_phrasis_0001061__en-eu__flipped,
dico_phrasis_0001061__en-eu__original,
dico_phrasis_0001061__es-en__flipped,
dico_phrasis_0001061__es-en__original,
dico_phrasis_0001061__es-eu__flipped,
dico_phrasis_0001061__es-eu__original,
dico_phrasis_0001061__eu-en__flipped,
dico_phrasis_0001061__eu-en__original,
dico_phrasis_0001061__eu-es__flipped,
dico_phrasis_0001061__eu-es__original,
dico_phrasis_0001064__en-es__flipped,
dico_phrasis_0001064__en-es__original,
dico_phrasis_0001064__en-eu__flipped,
dico_phrasis_0001064__en-eu__original,
dico_phrasis_0001064__es-en__flipped,
dico_phrasis_0001064__es-en__original,
dico_phrasis_0001064__es-eu__flipped,
dico_phrasis_0001064__es-eu__original,
dico_phrasis_0001064__eu-en__flipped,
dico_phrasis_0001064__eu-en__original,
dico_phrasis_0001064__eu-es__flipped,
dico_phrasis_0001064__eu-es__original,
dico_phrasis_0001065__en-es__flipped,
dico_phrasis_0001065__en-es__original,
dico_phrasis_0001065__en-eu__flipped,
dico_phrasis_0001065__en-eu__original,
dico_phrasis_0001065__es-en__flipped,
dico_phrasis_0001065__es-en__original,
dico_phrasis_0001065__es-eu__flipped,
dico_phrasis_0001065__es-eu__original,
dico_phrasis_0001065__eu-en__flipped,
dico_phrasis_0001065__eu-en__original,
dico_phrasis_0001065__eu-es__flipped,
dico_phrasis_0001065__eu-es__original,
dico_phrasis_0001066__en-es__flipped,
dico_phrasis_0001066__en-es__original,
dico_phrasis_0001066__en-eu__flipped,
dico_phrasis_0001066__en-eu__original,
dico_phrasis_0001066__es-en__flipped,
dico_phrasis_0001066__es-en__original,
dico_phrasis_0001066__es-eu__flipped,
dico_phrasis_0001066__es-eu__original,
dico_phrasis_0001066__eu-en__flipped,
dico_phrasis_0001066__eu-en__original,
dico_phrasis_0001066__eu-es__flipped,
dico_phrasis_0001066__eu-es__original,
dico_phrasis_0001072__en-es__flipped,
dico_phrasis_0001072__en-es__original,
dico_phrasis_0001072__en-eu__flipped,
dico_phrasis_0001072__en-eu__original,
dico_phrasis_0001072__es-en__flipped,
dico_phrasis_0001072__es-en__original,
dico_phrasis_0001072__es-eu__flipped,
dico_phrasis_0001072__es-eu__original,
dico_phrasis_0001072__eu-en__flipped,
dico_phrasis_0001072__eu-en__original,
dico_phrasis_0001072__eu-es__flipped,
dico_phrasis_0001072__eu-es__original,
dico_phrasis_0001073__en-es__flipped,
dico_phrasis_0001073__en-es__original,
dico_phrasis_0001073__en-eu__flipped,
dico_phrasis_0001073__en-eu__original,
dico_phrasis_0001073__es-en__flipped,
dico_phrasis_0001073__es-en__original,
dico_phrasis_0001073__es-eu__flipped,
dico_phrasis_0001073__es-eu__original,
dico_phrasis_0001073__eu-en__flipped,
dico_phrasis_0001073__eu-en__original,
dico_phrasis_0001073__eu-es__flipped,
dico_phrasis_0001073__eu-es__original,
dico_phrasis_0001074__en-es__flipped,
dico_phrasis_0001074__en-es__original,
dico_phrasis_0001074__en-eu__flipped,
dico_phrasis_0001074__en-eu__original,
dico_phrasis_0001074__es-en__flipped,
dico_phrasis_0001074__es-en__original,
dico_phrasis_0001074__es-eu__flipped,
dico_phrasis_0001074__es-eu__original,
dico_phrasis_0001074__eu-en__flipped,
dico_phrasis_0001074__eu-en__original,
dico_phrasis_0001074__eu-es__flipped,
dico_phrasis_0001074__eu-es__original,
dico_phrasis_0001075__en-es__flipped,
dico_phrasis_0001075__en-es__original,
dico_phrasis_0001075__en-eu__flipped,
dico_phrasis_0001075__en-eu__original,
dico_phrasis_0001075__es-en__flipped,
dico_phrasis_0001075__es-en__original,
dico_phrasis_0001075__es-eu__flipped,
dico_phrasis_0001075__es-eu__original,
dico_phrasis_0001075__eu-en__flipped,
dico_phrasis_0001075__eu-en__original,
dico_phrasis_0001075__eu-es__flipped,
dico_phrasis_0001075__eu-es__original,
dico_phrasis_0001076__en-es__flipped,
dico_phrasis_0001076__en-es__original,
dico_phrasis_0001076__en-eu__flipped,
dico_phrasis_0001076__en-eu__original,
dico_phrasis_0001076__es-en__flipped,
dico_phrasis_0001076__es-en__original,
dico_phrasis_0001076__es-eu__flipped,
dico_phrasis_0001076__es-eu__original,
dico_phrasis_0001076__eu-en__flipped,
dico_phrasis_0001076__eu-en__original,
dico_phrasis_0001076__eu-es__flipped,
dico_phrasis_0001076__eu-es__original,
dico_phrasis_0001078__en-es__flipped,
dico_phrasis_0001078__en-es__original,
dico_phrasis_0001078__en-eu__flipped,
dico_phrasis_0001078__en-eu__original,
dico_phrasis_0001078__es-en__flipped,
dico_phrasis_0001078__es-en__original,
dico_phrasis_0001078__es-eu__flipped,
dico_phrasis_0001078__es-eu__original,
dico_phrasis_0001078__eu-en__flipped,
dico_phrasis_0001078__eu-en__original,
dico_phrasis_0001078__eu-es__flipped,
dico_phrasis_0001078__eu-es__original,
dico_phrasis_0001081__en-es__flipped,
dico_phrasis_0001081__en-es__original,
dico_phrasis_0001081__en-eu__flipped,
dico_phrasis_0001081__en-eu__original,
dico_phrasis_0001081__es-en__flipped,
dico_phrasis_0001081__es-en__original,
dico_phrasis_0001081__es-eu__flipped,
dico_phrasis_0001081__es-eu__original,
dico_phrasis_0001081__eu-en__flipped,
dico_phrasis_0001081__eu-en__original,
dico_phrasis_0001081__eu-es__flipped,
dico_phrasis_0001081__eu-es__original,
dico_phrasis_0001082__en-es__flipped,
dico_phrasis_0001082__en-es__original,
dico_phrasis_0001082__en-eu__flipped,
dico_phrasis_0001082__en-eu__original,
dico_phrasis_0001082__es-en__flipped,
dico_phrasis_0001082__es-en__original,
dico_phrasis_0001082__es-eu__flipped,
dico_phrasis_0001082__es-eu__original,
dico_phrasis_0001082__eu-en__flipped,
dico_phrasis_0001082__eu-en__original,
dico_phrasis_0001082__eu-es__flipped,
dico_phrasis_0001082__eu-es__original,
dico_phrasis_0001088__en-es__flipped,
dico_phrasis_0001088__en-es__original,
dico_phrasis_0001088__en-eu__flipped,
dico_phrasis_0001088__en-eu__original,
dico_phrasis_0001088__es-en__flipped,
dico_phrasis_0001088__es-en__original,
dico_phrasis_0001088__es-eu__flipped,
dico_phrasis_0001088__es-eu__original,
dico_phrasis_0001088__eu-en__flipped,
dico_phrasis_0001088__eu-en__original,
dico_phrasis_0001088__eu-es__flipped,
dico_phrasis_0001088__eu-es__original,
dico_phrasis_0001089__en-es__flipped,
dico_phrasis_0001089__en-es__original,
dico_phrasis_0001089__en-eu__flipped,
dico_phrasis_0001089__en-eu__original,
dico_phrasis_0001089__es-en__flipped,
dico_phrasis_0001089__es-en__original,
dico_phrasis_0001089__es-eu__flipped,
dico_phrasis_0001089__es-eu__original,
dico_phrasis_0001089__eu-en__flipped,
dico_phrasis_0001089__eu-en__original,
dico_phrasis_0001089__eu-es__flipped,
dico_phrasis_0001089__eu-es__original,
dico_phrasis_0001090__en-es__flipped,
dico_phrasis_0001090__en-es__original,
dico_phrasis_0001090__en-eu__flipped,
dico_phrasis_0001090__en-eu__original,
dico_phrasis_0001090__es-en__flipped,
dico_phrasis_0001090__es-en__original,
dico_phrasis_0001090__es-eu__flipped,
dico_phrasis_0001090__es-eu__original,
dico_phrasis_0001090__eu-en__flipped,
dico_phrasis_0001090__eu-en__original,
dico_phrasis_0001090__eu-es__flipped,
dico_phrasis_0001090__eu-es__original,
dico_phrasis_0001091__en-es__flipped,
dico_phrasis_0001091__en-es__original,
dico_phrasis_0001091__en-eu__flipped,
dico_phrasis_0001091__en-eu__original,
dico_phrasis_0001091__es-en__flipped,
dico_phrasis_0001091__es-en__original,
dico_phrasis_0001091__es-eu__flipped,
dico_phrasis_0001091__es-eu__original,
dico_phrasis_0001091__eu-en__flipped,
dico_phrasis_0001091__eu-en__original,
dico_phrasis_0001091__eu-es__flipped,
dico_phrasis_0001091__eu-es__original,
dico_phrasis_0001092__en-es__flipped,
dico_phrasis_0001092__en-es__original,
dico_phrasis_0001092__en-eu__flipped,
dico_phrasis_0001092__en-eu__original,
dico_phrasis_0001092__es-en__flipped,
dico_phrasis_0001092__es-en__original,
dico_phrasis_0001092__es-eu__flipped,
dico_phrasis_0001092__es-eu__original,
dico_phrasis_0001092__eu-en__flipped,
dico_phrasis_0001092__eu-en__original,
dico_phrasis_0001092__eu-es__flipped,
dico_phrasis_0001092__eu-es__original,
dico_phrasis_0001093__en-es__flipped,
dico_phrasis_0001093__en-es__original,
dico_phrasis_0001093__en-eu__flipped,
dico_phrasis_0001093__en-eu__original,
dico_phrasis_0001093__es-en__flipped,
dico_phrasis_0001093__es-en__original,
dico_phrasis_0001093__es-eu__flipped,
dico_phrasis_0001093__es-eu__original,
dico_phrasis_0001093__eu-en__flipped,
dico_phrasis_0001093__eu-en__original,
dico_phrasis_0001093__eu-es__flipped,
dico_phrasis_0001093__eu-es__original,
dico_phrasis_0001094__en-es__flipped,
dico_phrasis_0001094__en-es__original,
dico_phrasis_0001094__en-eu__flipped,
dico_phrasis_0001094__en-eu__original,
dico_phrasis_0001094__es-en__flipped,
dico_phrasis_0001094__es-en__original,
dico_phrasis_0001094__es-eu__flipped,
dico_phrasis_0001094__es-eu__original,
dico_phrasis_0001094__eu-en__flipped,
dico_phrasis_0001094__eu-en__original,
dico_phrasis_0001094__eu-es__flipped,
dico_phrasis_0001094__eu-es__original,
dico_phrasis_0001096__en-es__flipped,
dico_phrasis_0001096__en-es__original,
dico_phrasis_0001096__en-eu__flipped,
dico_phrasis_0001096__en-eu__original,
dico_phrasis_0001096__es-en__flipped,
dico_phrasis_0001096__es-en__original,
dico_phrasis_0001096__es-eu__flipped,
dico_phrasis_0001096__es-eu__original,
dico_phrasis_0001096__eu-en__flipped,
dico_phrasis_0001096__eu-en__original,
dico_phrasis_0001096__eu-es__flipped,
dico_phrasis_0001096__eu-es__original,
dico_phrasis_0001098__en-es__flipped,
dico_phrasis_0001098__en-es__original,
dico_phrasis_0001098__en-eu__flipped,
dico_phrasis_0001098__en-eu__original,
dico_phrasis_0001098__es-en__flipped,
dico_phrasis_0001098__es-en__original,
dico_phrasis_0001098__es-eu__flipped,
dico_phrasis_0001098__es-eu__original,
dico_phrasis_0001098__eu-en__flipped,
dico_phrasis_0001098__eu-en__original,
dico_phrasis_0001098__eu-es__flipped,
dico_phrasis_0001098__eu-es__original,
dico_phrasis_0001099__en-es__flipped,
dico_phrasis_0001099__en-es__original,
dico_phrasis_0001099__en-eu__flipped,
dico_phrasis_0001099__en-eu__original,
dico_phrasis_0001099__es-en__flipped,
dico_phrasis_0001099__es-en__original,
dico_phrasis_0001099__es-eu__flipped,
dico_phrasis_0001099__es-eu__original,
dico_phrasis_0001099__eu-en__flipped,
dico_phrasis_0001099__eu-en__original,
dico_phrasis_0001099__eu-es__flipped,
dico_phrasis_0001099__eu-es__original,
dico_phrasis_0001101__en-es__flipped,
dico_phrasis_0001101__en-es__original,
dico_phrasis_0001101__en-eu__flipped,
dico_phrasis_0001101__en-eu__original,
dico_phrasis_0001101__es-en__flipped,
dico_phrasis_0001101__es-en__original,
dico_phrasis_0001101__es-eu__flipped,
dico_phrasis_0001101__es-eu__original,
dico_phrasis_0001101__eu-en__flipped,
dico_phrasis_0001101__eu-en__original,
dico_phrasis_0001101__eu-es__flipped,
dico_phrasis_0001101__eu-es__original,
dico_phrasis_0001106__en-es__flipped,
dico_phrasis_0001106__en-es__original,
dico_phrasis_0001106__en-eu__flipped,
dico_phrasis_0001106__en-eu__original,
dico_phrasis_0001106__es-en__flipped,
dico_phrasis_0001106__es-en__original,
dico_phrasis_0001106__es-eu__flipped,
dico_phrasis_0001106__es-eu__original,
dico_phrasis_0001106__eu-en__flipped,
dico_phrasis_0001106__eu-en__original,
dico_phrasis_0001106__eu-es__flipped,
dico_phrasis_0001106__eu-es__original,
dico_phrasis_0001107__en-es__flipped,
dico_phrasis_0001107__en-es__original,
dico_phrasis_0001107__en-eu__flipped,
dico_phrasis_0001107__en-eu__original,
dico_phrasis_0001107__es-en__flipped,
dico_phrasis_0001107__es-en__original,
dico_phrasis_0001107__es-eu__flipped,
dico_phrasis_0001107__es-eu__original,
dico_phrasis_0001107__eu-en__flipped,
dico_phrasis_0001107__eu-en__original,
dico_phrasis_0001107__eu-es__flipped,
dico_phrasis_0001107__eu-es__original,
dico_phrasis_0001108__en-es__flipped,
dico_phrasis_0001108__en-es__original,
dico_phrasis_0001108__en-eu__flipped,
dico_phrasis_0001108__en-eu__original,
dico_phrasis_0001108__es-en__flipped,
dico_phrasis_0001108__es-en__original,
dico_phrasis_0001108__es-eu__flipped,
dico_phrasis_0001108__es-eu__original,
dico_phrasis_0001108__eu-en__flipped,
dico_phrasis_0001108__eu-en__original,
dico_phrasis_0001108__eu-es__flipped,
dico_phrasis_0001108__eu-es__original,
dico_phrasis_0001110__en-es__flipped,
dico_phrasis_0001110__en-es__original,
dico_phrasis_0001110__en-eu__flipped,
dico_phrasis_0001110__en-eu__original,
dico_phrasis_0001110__es-en__flipped,
dico_phrasis_0001110__es-en__original,
dico_phrasis_0001110__es-eu__flipped,
dico_phrasis_0001110__es-eu__original,
dico_phrasis_0001110__eu-en__flipped,
dico_phrasis_0001110__eu-en__original,
dico_phrasis_0001110__eu-es__flipped,
dico_phrasis_0001110__eu-es__original,
dico_phrasis_0001111__en-es__flipped,
dico_phrasis_0001111__en-es__original,
dico_phrasis_0001111__en-eu__flipped,
dico_phrasis_0001111__en-eu__original,
dico_phrasis_0001111__es-en__flipped,
dico_phrasis_0001111__es-en__original,
dico_phrasis_0001111__es-eu__flipped,
dico_phrasis_0001111__es-eu__original,
dico_phrasis_0001111__eu-en__flipped,
dico_phrasis_0001111__eu-en__original,
dico_phrasis_0001111__eu-es__flipped,
dico_phrasis_0001111__eu-es__original,
dico_phrasis_0001113__en-es__flipped,
dico_phrasis_0001113__en-es__original,
dico_phrasis_0001113__en-eu__flipped,
dico_phrasis_0001113__en-eu__original,
dico_phrasis_0001113__es-en__flipped,
dico_phrasis_0001113__es-en__original,
dico_phrasis_0001113__es-eu__flipped,
dico_phrasis_0001113__es-eu__original,
dico_phrasis_0001113__eu-en__flipped,
dico_phrasis_0001113__eu-en__original,
dico_phrasis_0001113__eu-es__flipped,
dico_phrasis_0001113__eu-es__original,
dico_phrasis_0001114__en-es__flipped,
dico_phrasis_0001114__en-es__original,
dico_phrasis_0001114__en-eu__flipped,
dico_phrasis_0001114__en-eu__original,
dico_phrasis_0001114__es-en__flipped,
dico_phrasis_0001114__es-en__original,
dico_phrasis_0001114__es-eu__flipped,
dico_phrasis_0001114__es-eu__original,
dico_phrasis_0001114__eu-en__flipped,
dico_phrasis_0001114__eu-en__original,
dico_phrasis_0001114__eu-es__flipped,
dico_phrasis_0001114__eu-es__original,
dico_phrasis_0001119__en-es__flipped,
dico_phrasis_0001119__en-es__original,
dico_phrasis_0001119__en-eu__flipped,
dico_phrasis_0001119__en-eu__original,
dico_phrasis_0001119__es-en__flipped,
dico_phrasis_0001119__es-en__original,
dico_phrasis_0001119__es-eu__flipped,
dico_phrasis_0001119__es-eu__original,
dico_phrasis_0001119__eu-en__flipped,
dico_phrasis_0001119__eu-en__original,
dico_phrasis_0001119__eu-es__flipped,
dico_phrasis_0001119__eu-es__original,
dico_phrasis_0001120__en-es__flipped,
dico_phrasis_0001120__en-es__original,
dico_phrasis_0001120__en-eu__flipped,
dico_phrasis_0001120__en-eu__original,
dico_phrasis_0001120__es-en__flipped,
dico_phrasis_0001120__es-en__original,
dico_phrasis_0001120__es-eu__flipped,
dico_phrasis_0001120__es-eu__original,
dico_phrasis_0001120__eu-en__flipped,
dico_phrasis_0001120__eu-en__original,
dico_phrasis_0001120__eu-es__flipped,
dico_phrasis_0001120__eu-es__original,
dico_phrasis_0001124__en-es__flipped,
dico_phrasis_0001124__en-es__original,
dico_phrasis_0001124__en-eu__flipped,
dico_phrasis_0001124__en-eu__original,
dico_phrasis_0001124__es-en__flipped,
dico_phrasis_0001124__es-en__original,
dico_phrasis_0001124__es-eu__flipped,
dico_phrasis_0001124__es-eu__original,
dico_phrasis_0001124__eu-en__flipped,
dico_phrasis_0001124__eu-en__original,
dico_phrasis_0001124__eu-es__flipped,
dico_phrasis_0001124__eu-es__original,
dico_phrasis_0001125__en-es__flipped,
dico_phrasis_0001125__en-es__original,
dico_phrasis_0001125__en-eu__flipped,
dico_phrasis_0001125__en-eu__original,
dico_phrasis_0001125__es-en__flipped,
dico_phrasis_0001125__es-en__original,
dico_phrasis_0001125__es-eu__flipped,
dico_phrasis_0001125__es-eu__original,
dico_phrasis_0001125__eu-en__flipped,
dico_phrasis_0001125__eu-en__original,
dico_phrasis_0001125__eu-es__flipped,
dico_phrasis_0001125__eu-es__original,
dico_phrasis_0001127__en-es__flipped,
dico_phrasis_0001127__en-es__original,
dico_phrasis_0001127__en-eu__flipped,
dico_phrasis_0001127__en-eu__original,
dico_phrasis_0001127__es-en__flipped,
dico_phrasis_0001127__es-en__original,
dico_phrasis_0001127__es-eu__flipped,
dico_phrasis_0001127__es-eu__original,
dico_phrasis_0001127__eu-en__flipped,
dico_phrasis_0001127__eu-en__original,
dico_phrasis_0001127__eu-es__flipped,
dico_phrasis_0001127__eu-es__original,
dico_phrasis_0001130__en-es__flipped,
dico_phrasis_0001130__en-es__original,
dico_phrasis_0001130__en-eu__flipped,
dico_phrasis_0001130__en-eu__original,
dico_phrasis_0001130__es-en__flipped,
dico_phrasis_0001130__es-en__original,
dico_phrasis_0001130__es-eu__flipped,
dico_phrasis_0001130__es-eu__original,
dico_phrasis_0001130__eu-en__flipped,
dico_phrasis_0001130__eu-en__original,
dico_phrasis_0001130__eu-es__flipped,
dico_phrasis_0001130__eu-es__original,
dico_phrasis_0001132__en-es__flipped,
dico_phrasis_0001132__en-es__original,
dico_phrasis_0001132__en-eu__flipped,
dico_phrasis_0001132__en-eu__original,
dico_phrasis_0001132__es-en__flipped,
dico_phrasis_0001132__es-en__original,
dico_phrasis_0001132__es-eu__flipped,
dico_phrasis_0001132__es-eu__original,
dico_phrasis_0001132__eu-en__flipped,
dico_phrasis_0001132__eu-en__original,
dico_phrasis_0001132__eu-es__flipped,
dico_phrasis_0001132__eu-es__original,
dico_phrasis_0001134__en-es__flipped,
dico_phrasis_0001134__en-es__original,
dico_phrasis_0001134__en-eu__flipped,
dico_phrasis_0001134__en-eu__original,
dico_phrasis_0001134__es-en__flipped,
dico_phrasis_0001134__es-en__original,
dico_phrasis_0001134__es-eu__flipped,
dico_phrasis_0001134__es-eu__original,
dico_phrasis_0001134__eu-en__flipped,
dico_phrasis_0001134__eu-en__original,
dico_phrasis_0001134__eu-es__flipped,
dico_phrasis_0001134__eu-es__original,
dico_phrasis_0001135__en-es__flipped,
dico_phrasis_0001135__en-es__original,
dico_phrasis_0001135__en-eu__flipped,
dico_phrasis_0001135__en-eu__original,
dico_phrasis_0001135__es-en__flipped,
dico_phrasis_0001135__es-en__original,
dico_phrasis_0001135__es-eu__flipped,
dico_phrasis_0001135__es-eu__original,
dico_phrasis_0001135__eu-en__flipped,
dico_phrasis_0001135__eu-en__original,
dico_phrasis_0001135__eu-es__flipped,
dico_phrasis_0001135__eu-es__original,
dico_phrasis_0001138__en-es__flipped,
dico_phrasis_0001138__en-es__original,
dico_phrasis_0001138__en-eu__flipped,
dico_phrasis_0001138__en-eu__original,
dico_phrasis_0001138__es-en__flipped,
dico_phrasis_0001138__es-en__original,
dico_phrasis_0001138__es-eu__flipped,
dico_phrasis_0001138__es-eu__original,
dico_phrasis_0001138__eu-en__flipped,
dico_phrasis_0001138__eu-en__original,
dico_phrasis_0001138__eu-es__flipped,
dico_phrasis_0001138__eu-es__original,
dico_phrasis_0001140__en-es__flipped,
dico_phrasis_0001140__en-es__original,
dico_phrasis_0001140__en-eu__flipped,
dico_phrasis_0001140__en-eu__original,
dico_phrasis_0001140__es-en__flipped,
dico_phrasis_0001140__es-en__original,
dico_phrasis_0001140__es-eu__flipped,
dico_phrasis_0001140__es-eu__original,
dico_phrasis_0001140__eu-en__flipped,
dico_phrasis_0001140__eu-en__original,
dico_phrasis_0001140__eu-es__flipped,
dico_phrasis_0001140__eu-es__original,
dico_phrasis_0001145__en-es__flipped,
dico_phrasis_0001145__en-es__original,
dico_phrasis_0001145__en-eu__flipped,
dico_phrasis_0001145__en-eu__original,
dico_phrasis_0001145__es-en__flipped,
dico_phrasis_0001145__es-en__original,
dico_phrasis_0001145__es-eu__flipped,
dico_phrasis_0001145__es-eu__original,
dico_phrasis_0001145__eu-en__flipped,
dico_phrasis_0001145__eu-en__original,
dico_phrasis_0001145__eu-es__flipped,
dico_phrasis_0001145__eu-es__original,
dico_phrasis_0001146__en-es__flipped,
dico_phrasis_0001146__en-es__original,
dico_phrasis_0001146__en-eu__flipped,
dico_phrasis_0001146__en-eu__original,
dico_phrasis_0001146__es-en__flipped,
dico_phrasis_0001146__es-en__original,
dico_phrasis_0001146__es-eu__flipped,
dico_phrasis_0001146__es-eu__original,
dico_phrasis_0001146__eu-en__flipped,
dico_phrasis_0001146__eu-en__original,
dico_phrasis_0001146__eu-es__flipped,
dico_phrasis_0001146__eu-es__original,
dico_phrasis_0001148__en-es__flipped,
dico_phrasis_0001148__en-es__original,
dico_phrasis_0001148__en-eu__flipped,
dico_phrasis_0001148__en-eu__original,
dico_phrasis_0001148__es-en__flipped,
dico_phrasis_0001148__es-en__original,
dico_phrasis_0001148__es-eu__flipped,
dico_phrasis_0001148__es-eu__original,
dico_phrasis_0001148__eu-en__flipped,
dico_phrasis_0001148__eu-en__original,
dico_phrasis_0001148__eu-es__flipped,
dico_phrasis_0001148__eu-es__original,
dico_phrasis_0001151__en-es__flipped,
dico_phrasis_0001151__en-es__original,
dico_phrasis_0001151__en-eu__flipped,
dico_phrasis_0001151__en-eu__original,
dico_phrasis_0001151__es-en__flipped,
dico_phrasis_0001151__es-en__original,
dico_phrasis_0001151__es-eu__flipped,
dico_phrasis_0001151__es-eu__original,
dico_phrasis_0001151__eu-en__flipped,
dico_phrasis_0001151__eu-en__original,
dico_phrasis_0001151__eu-es__flipped,
dico_phrasis_0001151__eu-es__original,
dico_phrasis_0001152__en-es__flipped,
dico_phrasis_0001152__en-es__original,
dico_phrasis_0001152__en-eu__flipped,
dico_phrasis_0001152__en-eu__original,
dico_phrasis_0001152__es-en__flipped,
dico_phrasis_0001152__es-en__original,
dico_phrasis_0001152__es-eu__flipped,
dico_phrasis_0001152__es-eu__original,
dico_phrasis_0001152__eu-en__flipped,
dico_phrasis_0001152__eu-en__original,
dico_phrasis_0001152__eu-es__flipped,
dico_phrasis_0001152__eu-es__original,
dico_phrasis_0001154__en-es__flipped,
dico_phrasis_0001154__en-es__original,
dico_phrasis_0001154__en-eu__flipped,
dico_phrasis_0001154__en-eu__original,
dico_phrasis_0001154__es-en__flipped,
dico_phrasis_0001154__es-en__original,
dico_phrasis_0001154__es-eu__flipped,
dico_phrasis_0001154__es-eu__original,
dico_phrasis_0001154__eu-en__flipped,
dico_phrasis_0001154__eu-en__original,
dico_phrasis_0001154__eu-es__flipped,
dico_phrasis_0001154__eu-es__original,
dico_phrasis_0001157__en-es__flipped,
dico_phrasis_0001157__en-es__original,
dico_phrasis_0001157__en-eu__flipped,
dico_phrasis_0001157__en-eu__original,
dico_phrasis_0001157__es-en__flipped,
dico_phrasis_0001157__es-en__original,
dico_phrasis_0001157__es-eu__flipped,
dico_phrasis_0001157__es-eu__original,
dico_phrasis_0001157__eu-en__flipped,
dico_phrasis_0001157__eu-en__original,
dico_phrasis_0001157__eu-es__flipped,
dico_phrasis_0001157__eu-es__original,
dico_phrasis_0001158__en-es__flipped,
dico_phrasis_0001158__en-es__original,
dico_phrasis_0001158__en-eu__flipped,
dico_phrasis_0001158__en-eu__original,
dico_phrasis_0001158__es-en__flipped,
dico_phrasis_0001158__es-en__original,
dico_phrasis_0001158__es-eu__flipped,
dico_phrasis_0001158__es-eu__original,
dico_phrasis_0001158__eu-en__flipped,
dico_phrasis_0001158__eu-en__original,
dico_phrasis_0001158__eu-es__flipped,
dico_phrasis_0001158__eu-es__original,
dico_phrasis_0001161__en-es__flipped,
dico_phrasis_0001161__en-es__original,
dico_phrasis_0001161__en-eu__flipped,
dico_phrasis_0001161__en-eu__original,
dico_phrasis_0001161__es-en__flipped,
dico_phrasis_0001161__es-en__original,
dico_phrasis_0001161__es-eu__flipped,
dico_phrasis_0001161__es-eu__original,
dico_phrasis_0001161__eu-en__flipped,
dico_phrasis_0001161__eu-en__original,
dico_phrasis_0001161__eu-es__flipped,
dico_phrasis_0001161__eu-es__original,
dico_phrasis_0001162__en-es__flipped,
dico_phrasis_0001162__en-es__original,
dico_phrasis_0001162__en-eu__flipped,
dico_phrasis_0001162__en-eu__original,
dico_phrasis_0001162__es-en__flipped,
dico_phrasis_0001162__es-en__original,
dico_phrasis_0001162__es-eu__flipped,
dico_phrasis_0001162__es-eu__original,
dico_phrasis_0001162__eu-en__flipped,
dico_phrasis_0001162__eu-en__original,
dico_phrasis_0001162__eu-es__flipped,
dico_phrasis_0001162__eu-es__original,
dico_phrasis_0001165__en-es__flipped,
dico_phrasis_0001165__en-es__original,
dico_phrasis_0001165__en-eu__flipped,
dico_phrasis_0001165__en-eu__original,
dico_phrasis_0001165__es-en__flipped,
dico_phrasis_0001165__es-en__original,
dico_phrasis_0001165__es-eu__flipped,
dico_phrasis_0001165__es-eu__original,
dico_phrasis_0001165__eu-en__flipped,
dico_phrasis_0001165__eu-en__original,
dico_phrasis_0001165__eu-es__flipped,
dico_phrasis_0001165__eu-es__original,
dico_phrasis_0001170__en-es__flipped,
dico_phrasis_0001170__en-es__original,
dico_phrasis_0001170__en-eu__flipped,
dico_phrasis_0001170__en-eu__original,
dico_phrasis_0001170__es-en__flipped,
dico_phrasis_0001170__es-en__original,
dico_phrasis_0001170__es-eu__flipped,
dico_phrasis_0001170__es-eu__original,
dico_phrasis_0001170__eu-en__flipped,
dico_phrasis_0001170__eu-en__original,
dico_phrasis_0001170__eu-es__flipped,
dico_phrasis_0001170__eu-es__original,
dico_phrasis_0001172__en-es__flipped,
dico_phrasis_0001172__en-es__original,
dico_phrasis_0001172__en-eu__flipped,
dico_phrasis_0001172__en-eu__original,
dico_phrasis_0001172__es-en__flipped,
dico_phrasis_0001172__es-en__original,
dico_phrasis_0001172__es-eu__flipped,
dico_phrasis_0001172__es-eu__original,
dico_phrasis_0001172__eu-en__flipped,
dico_phrasis_0001172__eu-en__original,
dico_phrasis_0001172__eu-es__flipped,
dico_phrasis_0001172__eu-es__original,
dico_phrasis_0001173__en-es__flipped,
dico_phrasis_0001173__en-es__original,
dico_phrasis_0001173__en-eu__flipped,
dico_phrasis_0001173__en-eu__original,
dico_phrasis_0001173__es-en__flipped,
dico_phrasis_0001173__es-en__original,
dico_phrasis_0001173__es-eu__flipped,
dico_phrasis_0001173__es-eu__original,
dico_phrasis_0001173__eu-en__flipped,
dico_phrasis_0001173__eu-en__original,
dico_phrasis_0001173__eu-es__flipped,
dico_phrasis_0001173__eu-es__original,
dico_phrasis_0001177__en-es__flipped,
dico_phrasis_0001177__en-es__original,
dico_phrasis_0001177__en-eu__flipped,
dico_phrasis_0001177__en-eu__original,
dico_phrasis_0001177__es-en__flipped,
dico_phrasis_0001177__es-en__original,
dico_phrasis_0001177__es-eu__flipped,
dico_phrasis_0001177__es-eu__original,
dico_phrasis_0001177__eu-en__flipped,
dico_phrasis_0001177__eu-en__original,
dico_phrasis_0001177__eu-es__flipped,
dico_phrasis_0001177__eu-es__original,
dico_phrasis_0001178__en-es__flipped,
dico_phrasis_0001178__en-es__original,
dico_phrasis_0001178__en-eu__flipped,
dico_phrasis_0001178__en-eu__original,
dico_phrasis_0001178__es-en__flipped,
dico_phrasis_0001178__es-en__original,
dico_phrasis_0001178__es-eu__flipped,
dico_phrasis_0001178__es-eu__original,
dico_phrasis_0001178__eu-en__flipped,
dico_phrasis_0001178__eu-en__original,
dico_phrasis_0001178__eu-es__flipped,
dico_phrasis_0001178__eu-es__original,
dico_phrasis_0001180__en-es__flipped,
dico_phrasis_0001180__en-es__original,
dico_phrasis_0001180__en-eu__flipped,
dico_phrasis_0001180__en-eu__original,
dico_phrasis_0001180__es-en__flipped,
dico_phrasis_0001180__es-en__original,
dico_phrasis_0001180__es-eu__flipped,
dico_phrasis_0001180__es-eu__original,
dico_phrasis_0001180__eu-en__flipped,
dico_phrasis_0001180__eu-en__original,
dico_phrasis_0001180__eu-es__flipped,
dico_phrasis_0001180__eu-es__original,
dico_phrasis_0001181__en-es__flipped,
dico_phrasis_0001181__en-es__original,
dico_phrasis_0001181__en-eu__flipped,
dico_phrasis_0001181__en-eu__original,
dico_phrasis_0001181__es-en__flipped,
dico_phrasis_0001181__es-en__original,
dico_phrasis_0001181__es-eu__flipped,
dico_phrasis_0001181__es-eu__original,
dico_phrasis_0001181__eu-en__flipped,
dico_phrasis_0001181__eu-en__original,
dico_phrasis_0001181__eu-es__flipped,
dico_phrasis_0001181__eu-es__original,
dico_phrasis_0001182__en-es__flipped,
dico_phrasis_0001182__en-es__original,
dico_phrasis_0001182__en-eu__flipped,
dico_phrasis_0001182__en-eu__original,
dico_phrasis_0001182__es-en__flipped,
dico_phrasis_0001182__es-en__original,
dico_phrasis_0001182__es-eu__flipped,
dico_phrasis_0001182__es-eu__original,
dico_phrasis_0001182__eu-en__flipped,
dico_phrasis_0001182__eu-en__original,
dico_phrasis_0001182__eu-es__flipped,
dico_phrasis_0001182__eu-es__original,
dico_phrasis_0001183__en-es__flipped,
dico_phrasis_0001183__en-es__original,
dico_phrasis_0001183__en-eu__flipped,
dico_phrasis_0001183__en-eu__original,
dico_phrasis_0001183__es-en__flipped,
dico_phrasis_0001183__es-en__original,
dico_phrasis_0001183__es-eu__flipped,
dico_phrasis_0001183__es-eu__original,
dico_phrasis_0001183__eu-en__flipped,
dico_phrasis_0001183__eu-en__original,
dico_phrasis_0001183__eu-es__flipped,
dico_phrasis_0001183__eu-es__original,
dico_phrasis_0001184__en-es__flipped,
dico_phrasis_0001184__en-es__original,
dico_phrasis_0001184__en-eu__flipped,
dico_phrasis_0001184__en-eu__original,
dico_phrasis_0001184__es-en__flipped,
dico_phrasis_0001184__es-en__original,
dico_phrasis_0001184__es-eu__flipped,
dico_phrasis_0001184__es-eu__original,
dico_phrasis_0001184__eu-en__flipped,
dico_phrasis_0001184__eu-en__original,
dico_phrasis_0001184__eu-es__flipped,
dico_phrasis_0001184__eu-es__original,
dico_phrasis_0001185__en-es__flipped,
dico_phrasis_0001185__en-es__original,
dico_phrasis_0001185__en-eu__flipped,
dico_phrasis_0001185__en-eu__original,
dico_phrasis_0001185__es-en__flipped,
dico_phrasis_0001185__es-en__original,
dico_phrasis_0001185__es-eu__flipped,
dico_phrasis_0001185__es-eu__original,
dico_phrasis_0001185__eu-en__flipped,
dico_phrasis_0001185__eu-en__original,
dico_phrasis_0001185__eu-es__flipped,
dico_phrasis_0001185__eu-es__original,
dico_phrasis_0001186__en-es__flipped,
dico_phrasis_0001186__en-es__original,
dico_phrasis_0001186__en-eu__flipped,
dico_phrasis_0001186__en-eu__original,
dico_phrasis_0001186__es-en__flipped,
dico_phrasis_0001186__es-en__original,
dico_phrasis_0001186__es-eu__flipped,
dico_phrasis_0001186__es-eu__original,
dico_phrasis_0001186__eu-en__flipped,
dico_phrasis_0001186__eu-en__original,
dico_phrasis_0001186__eu-es__flipped,
dico_phrasis_0001186__eu-es__original,
dico_phrasis_0001187__en-es__flipped,
dico_phrasis_0001187__en-es__original,
dico_phrasis_0001187__en-eu__flipped,
dico_phrasis_0001187__en-eu__original,
dico_phrasis_0001187__es-en__flipped,
dico_phrasis_0001187__es-en__original,
dico_phrasis_0001187__es-eu__flipped,
dico_phrasis_0001187__es-eu__original,
dico_phrasis_0001187__eu-en__flipped,
dico_phrasis_0001187__eu-en__original,
dico_phrasis_0001187__eu-es__flipped,
dico_phrasis_0001187__eu-es__original,
dico_phrasis_0001189__en-es__flipped,
dico_phrasis_0001189__en-es__original,
dico_phrasis_0001189__en-eu__flipped,
dico_phrasis_0001189__en-eu__original,
dico_phrasis_0001189__es-en__flipped,
dico_phrasis_0001189__es-en__original,
dico_phrasis_0001189__es-eu__flipped,
dico_phrasis_0001189__es-eu__original,
dico_phrasis_0001189__eu-en__flipped,
dico_phrasis_0001189__eu-en__original,
dico_phrasis_0001189__eu-es__flipped,
dico_phrasis_0001189__eu-es__original,
dico_phrasis_0001190__en-es__flipped,
dico_phrasis_0001190__en-es__original,
dico_phrasis_0001190__en-eu__flipped,
dico_phrasis_0001190__en-eu__original,
dico_phrasis_0001190__es-en__flipped,
dico_phrasis_0001190__es-en__original,
dico_phrasis_0001190__es-eu__flipped,
dico_phrasis_0001190__es-eu__original,
dico_phrasis_0001190__eu-en__flipped,
dico_phrasis_0001190__eu-en__original,
dico_phrasis_0001190__eu-es__flipped,
dico_phrasis_0001190__eu-es__original,
dico_phrasis_0001192__en-es__flipped,
dico_phrasis_0001192__en-es__original,
dico_phrasis_0001192__en-eu__flipped,
dico_phrasis_0001192__en-eu__original,
dico_phrasis_0001192__es-en__flipped,
dico_phrasis_0001192__es-en__original,
dico_phrasis_0001192__es-eu__flipped,
dico_phrasis_0001192__es-eu__original,
dico_phrasis_0001192__eu-en__flipped,
dico_phrasis_0001192__eu-en__original,
dico_phrasis_0001192__eu-es__flipped,
dico_phrasis_0001192__eu-es__original,
dico_phrasis_0001195__en-es__flipped,
dico_phrasis_0001195__en-es__original,
dico_phrasis_0001195__en-eu__flipped,
dico_phrasis_0001195__en-eu__original,
dico_phrasis_0001195__es-en__flipped,
dico_phrasis_0001195__es-en__original,
dico_phrasis_0001195__es-eu__flipped,
dico_phrasis_0001195__es-eu__original,
dico_phrasis_0001195__eu-en__flipped,
dico_phrasis_0001195__eu-en__original,
dico_phrasis_0001195__eu-es__flipped,
dico_phrasis_0001195__eu-es__original,
dico_phrasis_0001196__en-es__flipped,
dico_phrasis_0001196__en-es__original,
dico_phrasis_0001196__en-eu__flipped,
dico_phrasis_0001196__en-eu__original,
dico_phrasis_0001196__es-en__flipped,
dico_phrasis_0001196__es-en__original,
dico_phrasis_0001196__es-eu__flipped,
dico_phrasis_0001196__es-eu__original,
dico_phrasis_0001196__eu-en__flipped,
dico_phrasis_0001196__eu-en__original,
dico_phrasis_0001196__eu-es__flipped,
dico_phrasis_0001196__eu-es__original,
dico_phrasis_0001197__en-es__flipped,
dico_phrasis_0001197__en-es__original,
dico_phrasis_0001197__en-eu__flipped,
dico_phrasis_0001197__en-eu__original,
dico_phrasis_0001197__es-en__flipped,
dico_phrasis_0001197__es-en__original,
dico_phrasis_0001197__es-eu__flipped,
dico_phrasis_0001197__es-eu__original,
dico_phrasis_0001197__eu-en__flipped,
dico_phrasis_0001197__eu-en__original,
dico_phrasis_0001197__eu-es__flipped,
dico_phrasis_0001197__eu-es__original,
dico_phrasis_0001198__en-es__flipped,
dico_phrasis_0001198__en-es__original,
dico_phrasis_0001198__en-eu__flipped,
dico_phrasis_0001198__en-eu__original,
dico_phrasis_0001198__es-en__flipped,
dico_phrasis_0001198__es-en__original,
dico_phrasis_0001198__es-eu__flipped,
dico_phrasis_0001198__es-eu__original,
dico_phrasis_0001198__eu-en__flipped,
dico_phrasis_0001198__eu-en__original,
dico_phrasis_0001198__eu-es__flipped,
dico_phrasis_0001198__eu-es__original,
dico_phrasis_0001199__en-es__flipped,
dico_phrasis_0001199__en-es__original,
dico_phrasis_0001199__en-eu__flipped,
dico_phrasis_0001199__en-eu__original,
dico_phrasis_0001199__es-en__flipped,
dico_phrasis_0001199__es-en__original,
dico_phrasis_0001199__es-eu__flipped,
dico_phrasis_0001199__es-eu__original,
dico_phrasis_0001199__eu-en__flipped,
dico_phrasis_0001199__eu-en__original,
dico_phrasis_0001199__eu-es__flipped,
dico_phrasis_0001199__eu-es__original,
dico_phrasis_0001200__en-es__flipped,
dico_phrasis_0001200__en-es__original,
dico_phrasis_0001200__en-eu__flipped,
dico_phrasis_0001200__en-eu__original,
dico_phrasis_0001200__es-en__flipped,
dico_phrasis_0001200__es-en__original,
dico_phrasis_0001200__es-eu__flipped,
dico_phrasis_0001200__es-eu__original,
dico_phrasis_0001200__eu-en__flipped,
dico_phrasis_0001200__eu-en__original,
dico_phrasis_0001200__eu-es__flipped,
dico_phrasis_0001200__eu-es__original,
dico_phrasis_0001201__en-es__flipped,
dico_phrasis_0001201__en-es__original,
dico_phrasis_0001201__en-eu__flipped,
dico_phrasis_0001201__en-eu__original,
dico_phrasis_0001201__es-en__flipped,
dico_phrasis_0001201__es-en__original,
dico_phrasis_0001201__es-eu__flipped,
dico_phrasis_0001201__es-eu__original,
dico_phrasis_0001201__eu-en__flipped,
dico_phrasis_0001201__eu-en__original,
dico_phrasis_0001201__eu-es__flipped,
dico_phrasis_0001201__eu-es__original,
dico_phrasis_0001202__en-es__flipped,
dico_phrasis_0001202__en-es__original,
dico_phrasis_0001202__en-eu__flipped,
dico_phrasis_0001202__en-eu__original,
dico_phrasis_0001202__es-en__flipped,
dico_phrasis_0001202__es-en__original,
dico_phrasis_0001202__es-eu__flipped,
dico_phrasis_0001202__es-eu__original,
dico_phrasis_0001202__eu-en__flipped,
dico_phrasis_0001202__eu-en__original,
dico_phrasis_0001202__eu-es__flipped,
dico_phrasis_0001202__eu-es__original,
dico_phrasis_0001205__en-es__flipped,
dico_phrasis_0001205__en-es__original,
dico_phrasis_0001205__en-eu__flipped,
dico_phrasis_0001205__en-eu__original,
dico_phrasis_0001205__es-en__flipped,
dico_phrasis_0001205__es-en__original,
dico_phrasis_0001205__es-eu__flipped,
dico_phrasis_0001205__es-eu__original,
dico_phrasis_0001205__eu-en__flipped,
dico_phrasis_0001205__eu-en__original,
dico_phrasis_0001205__eu-es__flipped,
dico_phrasis_0001205__eu-es__original,
dico_phrasis_0001206__en-es__flipped,
dico_phrasis_0001206__en-es__original,
dico_phrasis_0001206__en-eu__flipped,
dico_phrasis_0001206__en-eu__original,
dico_phrasis_0001206__es-en__flipped,
dico_phrasis_0001206__es-en__original,
dico_phrasis_0001206__es-eu__flipped,
dico_phrasis_0001206__es-eu__original,
dico_phrasis_0001206__eu-en__flipped,
dico_phrasis_0001206__eu-en__original,
dico_phrasis_0001206__eu-es__flipped,
dico_phrasis_0001206__eu-es__original,
dico_phrasis_0001207__en-es__flipped,
dico_phrasis_0001207__en-es__original,
dico_phrasis_0001207__en-eu__flipped,
dico_phrasis_0001207__en-eu__original,
dico_phrasis_0001207__es-en__flipped,
dico_phrasis_0001207__es-en__original,
dico_phrasis_0001207__es-eu__flipped,
dico_phrasis_0001207__es-eu__original,
dico_phrasis_0001207__eu-en__flipped,
dico_phrasis_0001207__eu-en__original,
dico_phrasis_0001207__eu-es__flipped,
dico_phrasis_0001207__eu-es__original,
dico_phrasis_0001209__en-es__flipped,
dico_phrasis_0001209__en-es__original,
dico_phrasis_0001209__en-eu__flipped,
dico_phrasis_0001209__en-eu__original,
dico_phrasis_0001209__es-en__flipped,
dico_phrasis_0001209__es-en__original,
dico_phrasis_0001209__es-eu__flipped,
dico_phrasis_0001209__es-eu__original,
dico_phrasis_0001209__eu-en__flipped,
dico_phrasis_0001209__eu-en__original,
dico_phrasis_0001209__eu-es__flipped,
dico_phrasis_0001209__eu-es__original,
dico_phrasis_0001211__en-es__flipped,
dico_phrasis_0001211__en-es__original,
dico_phrasis_0001211__en-eu__flipped,
dico_phrasis_0001211__en-eu__original,
dico_phrasis_0001211__es-en__flipped,
dico_phrasis_0001211__es-en__original,
dico_phrasis_0001211__es-eu__flipped,
dico_phrasis_0001211__es-eu__original,
dico_phrasis_0001211__eu-en__flipped,
dico_phrasis_0001211__eu-en__original,
dico_phrasis_0001211__eu-es__flipped,
dico_phrasis_0001211__eu-es__original,
dico_phrasis_0001212__en-es__flipped,
dico_phrasis_0001212__en-es__original,
dico_phrasis_0001212__en-eu__flipped,
dico_phrasis_0001212__en-eu__original,
dico_phrasis_0001212__es-en__flipped,
dico_phrasis_0001212__es-en__original,
dico_phrasis_0001212__es-eu__flipped,
dico_phrasis_0001212__es-eu__original,
dico_phrasis_0001212__eu-en__flipped,
dico_phrasis_0001212__eu-en__original,
dico_phrasis_0001212__eu-es__flipped,
dico_phrasis_0001212__eu-es__original,
dico_phrasis_0001213__en-es__flipped,
dico_phrasis_0001213__en-es__original,
dico_phrasis_0001213__en-eu__flipped,
dico_phrasis_0001213__en-eu__original,
dico_phrasis_0001213__es-en__flipped,
dico_phrasis_0001213__es-en__original,
dico_phrasis_0001213__es-eu__flipped,
dico_phrasis_0001213__es-eu__original,
dico_phrasis_0001213__eu-en__flipped,
dico_phrasis_0001213__eu-en__original,
dico_phrasis_0001213__eu-es__flipped,
dico_phrasis_0001213__eu-es__original,
dico_phrasis_0001219__en-es__flipped,
dico_phrasis_0001219__en-es__original,
dico_phrasis_0001219__en-eu__flipped,
dico_phrasis_0001219__en-eu__original,
dico_phrasis_0001219__es-en__flipped,
dico_phrasis_0001219__es-en__original,
dico_phrasis_0001219__es-eu__flipped,
dico_phrasis_0001219__es-eu__original,
dico_phrasis_0001219__eu-en__flipped,
dico_phrasis_0001219__eu-en__original,
dico_phrasis_0001219__eu-es__flipped,
dico_phrasis_0001219__eu-es__original,
dico_phrasis_0001220__en-es__flipped,
dico_phrasis_0001220__en-es__original,
dico_phrasis_0001220__en-eu__flipped,
dico_phrasis_0001220__en-eu__original,
dico_phrasis_0001220__es-en__flipped,
dico_phrasis_0001220__es-en__original,
dico_phrasis_0001220__es-eu__flipped,
dico_phrasis_0001220__es-eu__original,
dico_phrasis_0001220__eu-en__flipped,
dico_phrasis_0001220__eu-en__original,
dico_phrasis_0001220__eu-es__flipped,
dico_phrasis_0001220__eu-es__original,
dico_phrasis_0001222__en-es__flipped,
dico_phrasis_0001222__en-es__original,
dico_phrasis_0001222__en-eu__flipped,
dico_phrasis_0001222__en-eu__original,
dico_phrasis_0001222__es-en__flipped,
dico_phrasis_0001222__es-en__original,
dico_phrasis_0001222__es-eu__flipped,
dico_phrasis_0001222__es-eu__original,
dico_phrasis_0001222__eu-en__flipped,
dico_phrasis_0001222__eu-en__original,
dico_phrasis_0001222__eu-es__flipped,
dico_phrasis_0001222__eu-es__original,
dico_phrasis_0001223__en-es__flipped,
dico_phrasis_0001223__en-es__original,
dico_phrasis_0001223__en-eu__flipped,
dico_phrasis_0001223__en-eu__original,
dico_phrasis_0001223__es-en__flipped,
dico_phrasis_0001223__es-en__original,
dico_phrasis_0001223__es-eu__flipped,
dico_phrasis_0001223__es-eu__original,
dico_phrasis_0001223__eu-en__flipped,
dico_phrasis_0001223__eu-en__original,
dico_phrasis_0001223__eu-es__flipped,
dico_phrasis_0001223__eu-es__original,
dico_phrasis_0001225__en-es__flipped,
dico_phrasis_0001225__en-es__original,
dico_phrasis_0001225__en-eu__flipped,
dico_phrasis_0001225__en-eu__original,
dico_phrasis_0001225__es-en__flipped,
dico_phrasis_0001225__es-en__original,
dico_phrasis_0001225__es-eu__flipped,
dico_phrasis_0001225__es-eu__original,
dico_phrasis_0001225__eu-en__flipped,
dico_phrasis_0001225__eu-en__original,
dico_phrasis_0001225__eu-es__flipped,
dico_phrasis_0001225__eu-es__original,
dico_phrasis_0001226__en-es__flipped,
dico_phrasis_0001226__en-es__original,
dico_phrasis_0001226__en-eu__flipped,
dico_phrasis_0001226__en-eu__original,
dico_phrasis_0001226__es-en__flipped,
dico_phrasis_0001226__es-en__original,
dico_phrasis_0001226__es-eu__flipped,
dico_phrasis_0001226__es-eu__original,
dico_phrasis_0001226__eu-en__flipped,
dico_phrasis_0001226__eu-en__original,
dico_phrasis_0001226__eu-es__flipped,
dico_phrasis_0001226__eu-es__original,
dico_phrasis_0001227__en-es__flipped,
dico_phrasis_0001227__en-es__original,
dico_phrasis_0001227__en-eu__flipped,
dico_phrasis_0001227__en-eu__original,
dico_phrasis_0001227__es-en__flipped,
dico_phrasis_0001227__es-en__original,
dico_phrasis_0001227__es-eu__flipped,
dico_phrasis_0001227__es-eu__original,
dico_phrasis_0001227__eu-en__flipped,
dico_phrasis_0001227__eu-en__original,
dico_phrasis_0001227__eu-es__flipped,
dico_phrasis_0001227__eu-es__original,
dico_phrasis_0001228__en-es__flipped,
dico_phrasis_0001228__en-es__original,
dico_phrasis_0001228__en-eu__flipped,
dico_phrasis_0001228__en-eu__original,
dico_phrasis_0001228__es-en__flipped,
dico_phrasis_0001228__es-en__original,
dico_phrasis_0001228__es-eu__flipped,
dico_phrasis_0001228__es-eu__original,
dico_phrasis_0001228__eu-en__flipped,
dico_phrasis_0001228__eu-en__original,
dico_phrasis_0001228__eu-es__flipped,
dico_phrasis_0001228__eu-es__original,
dico_phrasis_0001230__en-es__flipped,
dico_phrasis_0001230__en-es__original,
dico_phrasis_0001230__en-eu__flipped,
dico_phrasis_0001230__en-eu__original,
dico_phrasis_0001230__es-en__flipped,
dico_phrasis_0001230__es-en__original,
dico_phrasis_0001230__es-eu__flipped,
dico_phrasis_0001230__es-eu__original,
dico_phrasis_0001230__eu-en__flipped,
dico_phrasis_0001230__eu-en__original,
dico_phrasis_0001230__eu-es__flipped,
dico_phrasis_0001230__eu-es__original,
dico_phrasis_0001232__en-es__flipped,
dico_phrasis_0001232__en-es__original,
dico_phrasis_0001232__en-eu__flipped,
dico_phrasis_0001232__en-eu__original,
dico_phrasis_0001232__es-en__flipped,
dico_phrasis_0001232__es-en__original,
dico_phrasis_0001232__es-eu__flipped,
dico_phrasis_0001232__es-eu__original,
dico_phrasis_0001232__eu-en__flipped,
dico_phrasis_0001232__eu-en__original,
dico_phrasis_0001232__eu-es__flipped,
dico_phrasis_0001232__eu-es__original,
dico_phrasis_0001233__en-es__flipped,
dico_phrasis_0001233__en-es__original,
dico_phrasis_0001233__en-eu__flipped,
dico_phrasis_0001233__en-eu__original,
dico_phrasis_0001233__es-en__flipped,
dico_phrasis_0001233__es-en__original,
dico_phrasis_0001233__es-eu__flipped,
dico_phrasis_0001233__es-eu__original,
dico_phrasis_0001233__eu-en__flipped,
dico_phrasis_0001233__eu-en__original,
dico_phrasis_0001233__eu-es__flipped,
dico_phrasis_0001233__eu-es__original,
dico_phrasis_0001234__en-es__flipped,
dico_phrasis_0001234__en-es__original,
dico_phrasis_0001234__en-eu__flipped,
dico_phrasis_0001234__en-eu__original,
dico_phrasis_0001234__es-en__flipped,
dico_phrasis_0001234__es-en__original,
dico_phrasis_0001234__es-eu__flipped,
dico_phrasis_0001234__es-eu__original,
dico_phrasis_0001234__eu-en__flipped,
dico_phrasis_0001234__eu-en__original,
dico_phrasis_0001234__eu-es__flipped,
dico_phrasis_0001234__eu-es__original,
dico_phrasis_0001235__en-es__flipped,
dico_phrasis_0001235__en-es__original,
dico_phrasis_0001235__en-eu__flipped,
dico_phrasis_0001235__en-eu__original,
dico_phrasis_0001235__es-en__flipped,
dico_phrasis_0001235__es-en__original,
dico_phrasis_0001235__es-eu__flipped,
dico_phrasis_0001235__es-eu__original,
dico_phrasis_0001235__eu-en__flipped,
dico_phrasis_0001235__eu-en__original,
dico_phrasis_0001235__eu-es__flipped,
dico_phrasis_0001235__eu-es__original,
dico_phrasis_0001238__en-es__flipped,
dico_phrasis_0001238__en-es__original,
dico_phrasis_0001238__en-eu__flipped,
dico_phrasis_0001238__en-eu__original,
dico_phrasis_0001238__es-en__flipped,
dico_phrasis_0001238__es-en__original,
dico_phrasis_0001238__es-eu__flipped,
dico_phrasis_0001238__es-eu__original,
dico_phrasis_0001238__eu-en__flipped,
dico_phrasis_0001238__eu-en__original,
dico_phrasis_0001238__eu-es__flipped,
dico_phrasis_0001238__eu-es__original,
dico_phrasis_0001240__en-es__flipped,
dico_phrasis_0001240__en-es__original,
dico_phrasis_0001240__en-eu__flipped,
dico_phrasis_0001240__en-eu__original,
dico_phrasis_0001240__es-en__flipped,
dico_phrasis_0001240__es-en__original,
dico_phrasis_0001240__es-eu__flipped,
dico_phrasis_0001240__es-eu__original,
dico_phrasis_0001240__eu-en__flipped,
dico_phrasis_0001240__eu-en__original,
dico_phrasis_0001240__eu-es__flipped,
dico_phrasis_0001240__eu-es__original,
dico_phrasis_0001241__en-es__flipped,
dico_phrasis_0001241__en-es__original,
dico_phrasis_0001241__en-eu__flipped,
dico_phrasis_0001241__en-eu__original,
dico_phrasis_0001241__es-en__flipped,
dico_phrasis_0001241__es-en__original,
dico_phrasis_0001241__es-eu__flipped,
dico_phrasis_0001241__es-eu__original,
dico_phrasis_0001241__eu-en__flipped,
dico_phrasis_0001241__eu-en__original,
dico_phrasis_0001241__eu-es__flipped,
dico_phrasis_0001241__eu-es__original,
dico_phrasis_0001242__en-es__flipped,
dico_phrasis_0001242__en-es__original,
dico_phrasis_0001242__en-eu__flipped,
dico_phrasis_0001242__en-eu__original,
dico_phrasis_0001242__es-en__flipped,
dico_phrasis_0001242__es-en__original,
dico_phrasis_0001242__es-eu__flipped,
dico_phrasis_0001242__es-eu__original,
dico_phrasis_0001242__eu-en__flipped,
dico_phrasis_0001242__eu-en__original,
dico_phrasis_0001242__eu-es__flipped,
dico_phrasis_0001242__eu-es__original,
dico_phrasis_0001244__en-es__flipped,
dico_phrasis_0001244__en-es__original,
dico_phrasis_0001244__en-eu__flipped,
dico_phrasis_0001244__en-eu__original,
dico_phrasis_0001244__es-en__flipped,
dico_phrasis_0001244__es-en__original,
dico_phrasis_0001244__es-eu__flipped,
dico_phrasis_0001244__es-eu__original,
dico_phrasis_0001244__eu-en__flipped,
dico_phrasis_0001244__eu-en__original,
dico_phrasis_0001244__eu-es__flipped,
dico_phrasis_0001244__eu-es__original,
dico_phrasis_0001245__en-es__flipped,
dico_phrasis_0001245__en-es__original,
dico_phrasis_0001245__en-eu__flipped,
dico_phrasis_0001245__en-eu__original,
dico_phrasis_0001245__es-en__flipped,
dico_phrasis_0001245__es-en__original,
dico_phrasis_0001245__es-eu__flipped,
dico_phrasis_0001245__es-eu__original,
dico_phrasis_0001245__eu-en__flipped,
dico_phrasis_0001245__eu-en__original,
dico_phrasis_0001245__eu-es__flipped,
dico_phrasis_0001245__eu-es__original,
dico_phrasis_0001246__en-es__flipped,
dico_phrasis_0001246__en-es__original,
dico_phrasis_0001246__en-eu__flipped,
dico_phrasis_0001246__en-eu__original,
dico_phrasis_0001246__es-en__flipped,
dico_phrasis_0001246__es-en__original,
dico_phrasis_0001246__es-eu__flipped,
dico_phrasis_0001246__es-eu__original,
dico_phrasis_0001246__eu-en__flipped,
dico_phrasis_0001246__eu-en__original,
dico_phrasis_0001246__eu-es__flipped,
dico_phrasis_0001246__eu-es__original,
dico_phrasis_0001247__en-es__flipped,
dico_phrasis_0001247__en-es__original,
dico_phrasis_0001247__en-eu__flipped,
dico_phrasis_0001247__en-eu__original,
dico_phrasis_0001247__es-en__flipped,
dico_phrasis_0001247__es-en__original,
dico_phrasis_0001247__es-eu__flipped,
dico_phrasis_0001247__es-eu__original,
dico_phrasis_0001247__eu-en__flipped,
dico_phrasis_0001247__eu-en__original,
dico_phrasis_0001247__eu-es__flipped,
dico_phrasis_0001247__eu-es__original,
dico_phrasis_0001249__en-es__flipped,
dico_phrasis_0001249__en-es__original,
dico_phrasis_0001249__en-eu__flipped,
dico_phrasis_0001249__en-eu__original,
dico_phrasis_0001249__es-en__flipped,
dico_phrasis_0001249__es-en__original,
dico_phrasis_0001249__es-eu__flipped,
dico_phrasis_0001249__es-eu__original,
dico_phrasis_0001249__eu-en__flipped,
dico_phrasis_0001249__eu-en__original,
dico_phrasis_0001249__eu-es__flipped,
dico_phrasis_0001249__eu-es__original,
dico_phrasis_0001250__en-es__flipped,
dico_phrasis_0001250__en-es__original,
dico_phrasis_0001250__en-eu__flipped,
dico_phrasis_0001250__en-eu__original,
dico_phrasis_0001250__es-en__flipped,
dico_phrasis_0001250__es-en__original,
dico_phrasis_0001250__es-eu__flipped,
dico_phrasis_0001250__es-eu__original,
dico_phrasis_0001250__eu-en__flipped,
dico_phrasis_0001250__eu-en__original,
dico_phrasis_0001250__eu-es__flipped,
dico_phrasis_0001250__eu-es__original,
dico_phrasis_0001251__en-es__flipped,
dico_phrasis_0001251__en-es__original,
dico_phrasis_0001251__en-eu__flipped,
dico_phrasis_0001251__en-eu__original,
dico_phrasis_0001251__es-en__flipped,
dico_phrasis_0001251__es-en__original,
dico_phrasis_0001251__es-eu__flipped,
dico_phrasis_0001251__es-eu__original,
dico_phrasis_0001251__eu-en__flipped,
dico_phrasis_0001251__eu-en__original,
dico_phrasis_0001251__eu-es__flipped,
dico_phrasis_0001251__eu-es__original,
dico_phrasis_0001253__en-es__flipped,
dico_phrasis_0001253__en-es__original,
dico_phrasis_0001253__en-eu__flipped,
dico_phrasis_0001253__en-eu__original,
dico_phrasis_0001253__es-en__flipped,
dico_phrasis_0001253__es-en__original,
dico_phrasis_0001253__es-eu__flipped,
dico_phrasis_0001253__es-eu__original,
dico_phrasis_0001253__eu-en__flipped,
dico_phrasis_0001253__eu-en__original,
dico_phrasis_0001253__eu-es__flipped,
dico_phrasis_0001253__eu-es__original,
dico_phrasis_0001254__en-es__flipped,
dico_phrasis_0001254__en-es__original,
dico_phrasis_0001254__en-eu__flipped,
dico_phrasis_0001254__en-eu__original,
dico_phrasis_0001254__es-en__flipped,
dico_phrasis_0001254__es-en__original,
dico_phrasis_0001254__es-eu__flipped,
dico_phrasis_0001254__es-eu__original,
dico_phrasis_0001254__eu-en__flipped,
dico_phrasis_0001254__eu-en__original,
dico_phrasis_0001254__eu-es__flipped,
dico_phrasis_0001254__eu-es__original,
dico_phrasis_0001257__en-es__flipped,
dico_phrasis_0001257__en-es__original,
dico_phrasis_0001257__en-eu__flipped,
dico_phrasis_0001257__en-eu__original,
dico_phrasis_0001257__es-en__flipped,
dico_phrasis_0001257__es-en__original,
dico_phrasis_0001257__es-eu__flipped,
dico_phrasis_0001257__es-eu__original,
dico_phrasis_0001257__eu-en__flipped,
dico_phrasis_0001257__eu-en__original,
dico_phrasis_0001257__eu-es__flipped,
dico_phrasis_0001257__eu-es__original,
dico_phrasis_0001259__en-es__flipped,
dico_phrasis_0001259__en-es__original,
dico_phrasis_0001259__en-eu__flipped,
dico_phrasis_0001259__en-eu__original,
dico_phrasis_0001259__es-en__flipped,
dico_phrasis_0001259__es-en__original,
dico_phrasis_0001259__es-eu__flipped,
dico_phrasis_0001259__es-eu__original,
dico_phrasis_0001259__eu-en__flipped,
dico_phrasis_0001259__eu-en__original,
dico_phrasis_0001259__eu-es__flipped,
dico_phrasis_0001259__eu-es__original,
dico_phrasis_0001260__en-es__flipped,
dico_phrasis_0001260__en-es__original,
dico_phrasis_0001260__en-eu__flipped,
dico_phrasis_0001260__en-eu__original,
dico_phrasis_0001260__es-en__flipped,
dico_phrasis_0001260__es-en__original,
dico_phrasis_0001260__es-eu__flipped,
dico_phrasis_0001260__es-eu__original,
dico_phrasis_0001260__eu-en__flipped,
dico_phrasis_0001260__eu-en__original,
dico_phrasis_0001260__eu-es__flipped,
dico_phrasis_0001260__eu-es__original,
dico_phrasis_0001261__en-es__flipped,
dico_phrasis_0001261__en-es__original,
dico_phrasis_0001261__en-eu__flipped,
dico_phrasis_0001261__en-eu__original,
dico_phrasis_0001261__es-en__flipped,
dico_phrasis_0001261__es-en__original,
dico_phrasis_0001261__es-eu__flipped,
dico_phrasis_0001261__es-eu__original,
dico_phrasis_0001261__eu-en__flipped,
dico_phrasis_0001261__eu-en__original,
dico_phrasis_0001261__eu-es__flipped,
dico_phrasis_0001261__eu-es__original,
dico_phrasis_0001262__en-es__flipped,
dico_phrasis_0001262__en-es__original,
dico_phrasis_0001262__en-eu__flipped,
dico_phrasis_0001262__en-eu__original,
dico_phrasis_0001262__es-en__flipped,
dico_phrasis_0001262__es-en__original,
dico_phrasis_0001262__es-eu__flipped,
dico_phrasis_0001262__es-eu__original,
dico_phrasis_0001262__eu-en__flipped,
dico_phrasis_0001262__eu-en__original,
dico_phrasis_0001262__eu-es__flipped,
dico_phrasis_0001262__eu-es__original,
dico_phrasis_0001266__en-es__flipped,
dico_phrasis_0001266__en-es__original,
dico_phrasis_0001266__en-eu__flipped,
dico_phrasis_0001266__en-eu__original,
dico_phrasis_0001266__es-en__flipped,
dico_phrasis_0001266__es-en__original,
dico_phrasis_0001266__es-eu__flipped,
dico_phrasis_0001266__es-eu__original,
dico_phrasis_0001266__eu-en__flipped,
dico_phrasis_0001266__eu-en__original,
dico_phrasis_0001266__eu-es__flipped,
dico_phrasis_0001266__eu-es__original,
dico_phrasis_0001268__en-es__flipped,
dico_phrasis_0001268__en-es__original,
dico_phrasis_0001268__en-eu__flipped,
dico_phrasis_0001268__en-eu__original,
dico_phrasis_0001268__es-en__flipped,
dico_phrasis_0001268__es-en__original,
dico_phrasis_0001268__es-eu__flipped,
dico_phrasis_0001268__es-eu__original,
dico_phrasis_0001268__eu-en__flipped,
dico_phrasis_0001268__eu-en__original,
dico_phrasis_0001268__eu-es__flipped,
dico_phrasis_0001268__eu-es__original,
dico_phrasis_0001269__en-es__flipped,
dico_phrasis_0001269__en-es__original,
dico_phrasis_0001269__en-eu__flipped,
dico_phrasis_0001269__en-eu__original,
dico_phrasis_0001269__es-en__flipped,
dico_phrasis_0001269__es-en__original,
dico_phrasis_0001269__es-eu__flipped,
dico_phrasis_0001269__es-eu__original,
dico_phrasis_0001269__eu-en__flipped,
dico_phrasis_0001269__eu-en__original,
dico_phrasis_0001269__eu-es__flipped,
dico_phrasis_0001269__eu-es__original,
dico_phrasis_0001272__en-es__flipped,
dico_phrasis_0001272__en-es__original,
dico_phrasis_0001272__en-eu__flipped,
dico_phrasis_0001272__en-eu__original,
dico_phrasis_0001272__es-en__flipped,
dico_phrasis_0001272__es-en__original,
dico_phrasis_0001272__es-eu__flipped,
dico_phrasis_0001272__es-eu__original,
dico_phrasis_0001272__eu-en__flipped,
dico_phrasis_0001272__eu-en__original,
dico_phrasis_0001272__eu-es__flipped,
dico_phrasis_0001272__eu-es__original,
dico_phrasis_0001273__en-es__flipped,
dico_phrasis_0001273__en-es__original,
dico_phrasis_0001273__en-eu__flipped,
dico_phrasis_0001273__en-eu__original,
dico_phrasis_0001273__es-en__flipped,
dico_phrasis_0001273__es-en__original,
dico_phrasis_0001273__es-eu__flipped,
dico_phrasis_0001273__es-eu__original,
dico_phrasis_0001273__eu-en__flipped,
dico_phrasis_0001273__eu-en__original,
dico_phrasis_0001273__eu-es__flipped,
dico_phrasis_0001273__eu-es__original,
dico_phrasis_0001274__en-es__flipped,
dico_phrasis_0001274__en-es__original,
dico_phrasis_0001274__en-eu__flipped,
dico_phrasis_0001274__en-eu__original,
dico_phrasis_0001274__es-en__flipped,
dico_phrasis_0001274__es-en__original,
dico_phrasis_0001274__es-eu__flipped,
dico_phrasis_0001274__es-eu__original,
dico_phrasis_0001274__eu-en__flipped,
dico_phrasis_0001274__eu-en__original,
dico_phrasis_0001274__eu-es__flipped,
dico_phrasis_0001274__eu-es__original,
dico_phrasis_0001276__en-es__flipped,
dico_phrasis_0001276__en-es__original,
dico_phrasis_0001276__en-eu__flipped,
dico_phrasis_0001276__en-eu__original,
dico_phrasis_0001276__es-en__flipped,
dico_phrasis_0001276__es-en__original,
dico_phrasis_0001276__es-eu__flipped,
dico_phrasis_0001276__es-eu__original,
dico_phrasis_0001276__eu-en__flipped,
dico_phrasis_0001276__eu-en__original,
dico_phrasis_0001276__eu-es__flipped,
dico_phrasis_0001276__eu-es__original,
dico_phrasis_0001278__en-es__flipped,
dico_phrasis_0001278__en-es__original,
dico_phrasis_0001278__en-eu__flipped,
dico_phrasis_0001278__en-eu__original,
dico_phrasis_0001278__es-en__flipped,
dico_phrasis_0001278__es-en__original,
dico_phrasis_0001278__es-eu__flipped,
dico_phrasis_0001278__es-eu__original,
dico_phrasis_0001278__eu-en__flipped,
dico_phrasis_0001278__eu-en__original,
dico_phrasis_0001278__eu-es__flipped,
dico_phrasis_0001278__eu-es__original,
dico_phrasis_0001280__en-es__flipped,
dico_phrasis_0001280__en-es__original,
dico_phrasis_0001280__en-eu__flipped,
dico_phrasis_0001280__en-eu__original,
dico_phrasis_0001280__es-en__flipped,
dico_phrasis_0001280__es-en__original,
dico_phrasis_0001280__es-eu__flipped,
dico_phrasis_0001280__es-eu__original,
dico_phrasis_0001280__eu-en__flipped,
dico_phrasis_0001280__eu-en__original,
dico_phrasis_0001280__eu-es__flipped,
dico_phrasis_0001280__eu-es__original,
dico_phrasis_0001283__en-es__flipped,
dico_phrasis_0001283__en-es__original,
dico_phrasis_0001283__en-eu__flipped,
dico_phrasis_0001283__en-eu__original,
dico_phrasis_0001283__es-en__flipped,
dico_phrasis_0001283__es-en__original,
dico_phrasis_0001283__es-eu__flipped,
dico_phrasis_0001283__es-eu__original,
dico_phrasis_0001283__eu-en__flipped,
dico_phrasis_0001283__eu-en__original,
dico_phrasis_0001283__eu-es__flipped,
dico_phrasis_0001283__eu-es__original,
dico_phrasis_0001284__en-es__flipped,
dico_phrasis_0001284__en-es__original,
dico_phrasis_0001284__en-eu__flipped,
dico_phrasis_0001284__en-eu__original,
dico_phrasis_0001284__es-en__flipped,
dico_phrasis_0001284__es-en__original,
dico_phrasis_0001284__es-eu__flipped,
dico_phrasis_0001284__es-eu__original,
dico_phrasis_0001284__eu-en__flipped,
dico_phrasis_0001284__eu-en__original,
dico_phrasis_0001284__eu-es__flipped,
dico_phrasis_0001284__eu-es__original,
dico_phrasis_0001285__en-es__flipped,
dico_phrasis_0001285__en-es__original,
dico_phrasis_0001285__en-eu__flipped,
dico_phrasis_0001285__en-eu__original,
dico_phrasis_0001285__es-en__flipped,
dico_phrasis_0001285__es-en__original,
dico_phrasis_0001285__es-eu__flipped,
dico_phrasis_0001285__es-eu__original,
dico_phrasis_0001285__eu-en__flipped,
dico_phrasis_0001285__eu-en__original,
dico_phrasis_0001285__eu-es__flipped,
dico_phrasis_0001285__eu-es__original,
dico_phrasis_0001287__en-es__flipped,
dico_phrasis_0001287__en-es__original,
dico_phrasis_0001287__en-eu__flipped,
dico_phrasis_0001287__en-eu__original,
dico_phrasis_0001287__es-en__flipped,
dico_phrasis_0001287__es-en__original,
dico_phrasis_0001287__es-eu__flipped,
dico_phrasis_0001287__es-eu__original,
dico_phrasis_0001287__eu-en__flipped,
dico_phrasis_0001287__eu-en__original,
dico_phrasis_0001287__eu-es__flipped,
dico_phrasis_0001287__eu-es__original,
dico_phrasis_0001288__en-es__flipped,
dico_phrasis_0001288__en-es__original,
dico_phrasis_0001288__en-eu__flipped,
dico_phrasis_0001288__en-eu__original,
dico_phrasis_0001288__es-en__flipped,
dico_phrasis_0001288__es-en__original,
dico_phrasis_0001288__es-eu__flipped,
dico_phrasis_0001288__es-eu__original,
dico_phrasis_0001288__eu-en__flipped,
dico_phrasis_0001288__eu-en__original,
dico_phrasis_0001288__eu-es__flipped,
dico_phrasis_0001288__eu-es__original,
dico_phrasis_0001289__en-es__flipped,
dico_phrasis_0001289__en-es__original,
dico_phrasis_0001289__en-eu__flipped,
dico_phrasis_0001289__en-eu__original,
dico_phrasis_0001289__es-en__flipped,
dico_phrasis_0001289__es-en__original,
dico_phrasis_0001289__es-eu__flipped,
dico_phrasis_0001289__es-eu__original,
dico_phrasis_0001289__eu-en__flipped,
dico_phrasis_0001289__eu-en__original,
dico_phrasis_0001289__eu-es__flipped,
dico_phrasis_0001289__eu-es__original,
dico_phrasis_0001292__en-es__flipped,
dico_phrasis_0001292__en-es__original,
dico_phrasis_0001292__en-eu__flipped,
dico_phrasis_0001292__en-eu__original,
dico_phrasis_0001292__es-en__flipped,
dico_phrasis_0001292__es-en__original,
dico_phrasis_0001292__es-eu__flipped,
dico_phrasis_0001292__es-eu__original,
dico_phrasis_0001292__eu-en__flipped,
dico_phrasis_0001292__eu-en__original,
dico_phrasis_0001292__eu-es__flipped,
dico_phrasis_0001292__eu-es__original,
dico_phrasis_0001293__en-es__flipped,
dico_phrasis_0001293__en-es__original,
dico_phrasis_0001293__en-eu__flipped,
dico_phrasis_0001293__en-eu__original,
dico_phrasis_0001293__es-en__flipped,
dico_phrasis_0001293__es-en__original,
dico_phrasis_0001293__es-eu__flipped,
dico_phrasis_0001293__es-eu__original,
dico_phrasis_0001293__eu-en__flipped,
dico_phrasis_0001293__eu-en__original,
dico_phrasis_0001293__eu-es__flipped,
dico_phrasis_0001293__eu-es__original,
dico_phrasis_0001294__en-es__flipped,
dico_phrasis_0001294__en-es__original,
dico_phrasis_0001294__en-eu__flipped,
dico_phrasis_0001294__en-eu__original,
dico_phrasis_0001294__es-en__flipped,
dico_phrasis_0001294__es-en__original,
dico_phrasis_0001294__es-eu__flipped,
dico_phrasis_0001294__es-eu__original,
dico_phrasis_0001294__eu-en__flipped,
dico_phrasis_0001294__eu-en__original,
dico_phrasis_0001294__eu-es__flipped,
dico_phrasis_0001294__eu-es__original,
dico_phrasis_0001295__en-es__flipped,
dico_phrasis_0001295__en-es__original,
dico_phrasis_0001295__en-eu__flipped,
dico_phrasis_0001295__en-eu__original,
dico_phrasis_0001295__es-en__flipped,
dico_phrasis_0001295__es-en__original,
dico_phrasis_0001295__es-eu__flipped,
dico_phrasis_0001295__es-eu__original,
dico_phrasis_0001295__eu-en__flipped,
dico_phrasis_0001295__eu-en__original,
dico_phrasis_0001295__eu-es__flipped,
dico_phrasis_0001295__eu-es__original,
dico_phrasis_0001296__en-es__flipped,
dico_phrasis_0001296__en-es__original,
dico_phrasis_0001296__en-eu__flipped,
dico_phrasis_0001296__en-eu__original,
dico_phrasis_0001296__es-en__flipped,
dico_phrasis_0001296__es-en__original,
dico_phrasis_0001296__es-eu__flipped,
dico_phrasis_0001296__es-eu__original,
dico_phrasis_0001296__eu-en__flipped,
dico_phrasis_0001296__eu-en__original,
dico_phrasis_0001296__eu-es__flipped,
dico_phrasis_0001296__eu-es__original,
dico_phrasis_0001297__en-es__flipped,
dico_phrasis_0001297__en-es__original,
dico_phrasis_0001297__en-eu__flipped,
dico_phrasis_0001297__en-eu__original,
dico_phrasis_0001297__es-en__flipped,
dico_phrasis_0001297__es-en__original,
dico_phrasis_0001297__es-eu__flipped,
dico_phrasis_0001297__es-eu__original,
dico_phrasis_0001297__eu-en__flipped,
dico_phrasis_0001297__eu-en__original,
dico_phrasis_0001297__eu-es__flipped,
dico_phrasis_0001297__eu-es__original,
dico_phrasis_0001298__en-es__flipped,
dico_phrasis_0001298__en-es__original,
dico_phrasis_0001298__en-eu__flipped,
dico_phrasis_0001298__en-eu__original,
dico_phrasis_0001298__es-en__flipped,
dico_phrasis_0001298__es-en__original,
dico_phrasis_0001298__es-eu__flipped,
dico_phrasis_0001298__es-eu__original,
dico_phrasis_0001298__eu-en__flipped,
dico_phrasis_0001298__eu-en__original,
dico_phrasis_0001298__eu-es__flipped,
dico_phrasis_0001298__eu-es__original,
dico_phrasis_0001299__en-es__flipped,
dico_phrasis_0001299__en-es__original,
dico_phrasis_0001299__en-eu__flipped,
dico_phrasis_0001299__en-eu__original,
dico_phrasis_0001299__es-en__flipped,
dico_phrasis_0001299__es-en__original,
dico_phrasis_0001299__es-eu__flipped,
dico_phrasis_0001299__es-eu__original,
dico_phrasis_0001299__eu-en__flipped,
dico_phrasis_0001299__eu-en__original,
dico_phrasis_0001299__eu-es__flipped,
dico_phrasis_0001299__eu-es__original,
dico_phrasis_0001301__en-es__flipped,
dico_phrasis_0001301__en-es__original,
dico_phrasis_0001301__en-eu__flipped,
dico_phrasis_0001301__en-eu__original,
dico_phrasis_0001301__es-en__flipped,
dico_phrasis_0001301__es-en__original,
dico_phrasis_0001301__es-eu__flipped,
dico_phrasis_0001301__es-eu__original,
dico_phrasis_0001301__eu-en__flipped,
dico_phrasis_0001301__eu-en__original,
dico_phrasis_0001301__eu-es__flipped,
dico_phrasis_0001301__eu-es__original,
dico_phrasis_0001303__en-es__flipped,
dico_phrasis_0001303__en-es__original,
dico_phrasis_0001303__en-eu__flipped,
dico_phrasis_0001303__en-eu__original,
dico_phrasis_0001303__es-en__flipped,
dico_phrasis_0001303__es-en__original,
dico_phrasis_0001303__es-eu__flipped,
dico_phrasis_0001303__es-eu__original,
dico_phrasis_0001303__eu-en__flipped,
dico_phrasis_0001303__eu-en__original,
dico_phrasis_0001303__eu-es__flipped,
dico_phrasis_0001303__eu-es__original,
dico_phrasis_0001304__en-es__flipped,
dico_phrasis_0001304__en-es__original,
dico_phrasis_0001304__en-eu__flipped,
dico_phrasis_0001304__en-eu__original,
dico_phrasis_0001304__es-en__flipped,
dico_phrasis_0001304__es-en__original,
dico_phrasis_0001304__es-eu__flipped,
dico_phrasis_0001304__es-eu__original,
dico_phrasis_0001304__eu-en__flipped,
dico_phrasis_0001304__eu-en__original,
dico_phrasis_0001304__eu-es__flipped,
dico_phrasis_0001304__eu-es__original,
dico_phrasis_0001305__en-es__flipped,
dico_phrasis_0001305__en-es__original,
dico_phrasis_0001305__en-eu__flipped,
dico_phrasis_0001305__en-eu__original,
dico_phrasis_0001305__es-en__flipped,
dico_phrasis_0001305__es-en__original,
dico_phrasis_0001305__es-eu__flipped,
dico_phrasis_0001305__es-eu__original,
dico_phrasis_0001305__eu-en__flipped,
dico_phrasis_0001305__eu-en__original,
dico_phrasis_0001305__eu-es__flipped,
dico_phrasis_0001305__eu-es__original,
dico_phrasis_0001307__en-es__flipped,
dico_phrasis_0001307__en-es__original,
dico_phrasis_0001307__en-eu__flipped,
dico_phrasis_0001307__en-eu__original,
dico_phrasis_0001307__es-en__flipped,
dico_phrasis_0001307__es-en__original,
dico_phrasis_0001307__es-eu__flipped,
dico_phrasis_0001307__es-eu__original,
dico_phrasis_0001307__eu-en__flipped,
dico_phrasis_0001307__eu-en__original,
dico_phrasis_0001307__eu-es__flipped,
dico_phrasis_0001307__eu-es__original,
dico_phrasis_0001308__en-es__flipped,
dico_phrasis_0001308__en-es__original,
dico_phrasis_0001308__en-eu__flipped,
dico_phrasis_0001308__en-eu__original,
dico_phrasis_0001308__es-en__flipped,
dico_phrasis_0001308__es-en__original,
dico_phrasis_0001308__es-eu__flipped,
dico_phrasis_0001308__es-eu__original,
dico_phrasis_0001308__eu-en__flipped,
dico_phrasis_0001308__eu-en__original,
dico_phrasis_0001308__eu-es__flipped,
dico_phrasis_0001308__eu-es__original,
dico_phrasis_0001310__en-es__flipped,
dico_phrasis_0001310__en-es__original,
dico_phrasis_0001310__en-eu__flipped,
dico_phrasis_0001310__en-eu__original,
dico_phrasis_0001310__es-en__flipped,
dico_phrasis_0001310__es-en__original,
dico_phrasis_0001310__es-eu__flipped,
dico_phrasis_0001310__es-eu__original,
dico_phrasis_0001310__eu-en__flipped,
dico_phrasis_0001310__eu-en__original,
dico_phrasis_0001310__eu-es__flipped,
dico_phrasis_0001310__eu-es__original,
dico_phrasis_0001311__en-es__flipped,
dico_phrasis_0001311__en-es__original,
dico_phrasis_0001311__en-eu__flipped,
dico_phrasis_0001311__en-eu__original,
dico_phrasis_0001311__es-en__flipped,
dico_phrasis_0001311__es-en__original,
dico_phrasis_0001311__es-eu__flipped,
dico_phrasis_0001311__es-eu__original,
dico_phrasis_0001311__eu-en__flipped,
dico_phrasis_0001311__eu-en__original,
dico_phrasis_0001311__eu-es__flipped,
dico_phrasis_0001311__eu-es__original,
dico_phrasis_0001313__en-es__flipped,
dico_phrasis_0001313__en-es__original,
dico_phrasis_0001313__en-eu__flipped,
dico_phrasis_0001313__en-eu__original,
dico_phrasis_0001313__es-en__flipped,
dico_phrasis_0001313__es-en__original,
dico_phrasis_0001313__es-eu__flipped,
dico_phrasis_0001313__es-eu__original,
dico_phrasis_0001313__eu-en__flipped,
dico_phrasis_0001313__eu-en__original,
dico_phrasis_0001313__eu-es__flipped,
dico_phrasis_0001313__eu-es__original,
dico_phrasis_0001314__en-es__flipped,
dico_phrasis_0001314__en-es__original,
dico_phrasis_0001314__en-eu__flipped,
dico_phrasis_0001314__en-eu__original,
dico_phrasis_0001314__es-en__flipped,
dico_phrasis_0001314__es-en__original,
dico_phrasis_0001314__es-eu__flipped,
dico_phrasis_0001314__es-eu__original,
dico_phrasis_0001314__eu-en__flipped,
dico_phrasis_0001314__eu-en__original,
dico_phrasis_0001314__eu-es__flipped,
dico_phrasis_0001314__eu-es__original,
dico_phrasis_0001316__en-es__flipped,
dico_phrasis_0001316__en-es__original,
dico_phrasis_0001316__en-eu__flipped,
dico_phrasis_0001316__en-eu__original,
dico_phrasis_0001316__es-en__flipped,
dico_phrasis_0001316__es-en__original,
dico_phrasis_0001316__es-eu__flipped,
dico_phrasis_0001316__es-eu__original,
dico_phrasis_0001316__eu-en__flipped,
dico_phrasis_0001316__eu-en__original,
dico_phrasis_0001316__eu-es__flipped,
dico_phrasis_0001316__eu-es__original,
dico_phrasis_0001317__en-es__flipped,
dico_phrasis_0001317__en-es__original,
dico_phrasis_0001317__en-eu__flipped,
dico_phrasis_0001317__en-eu__original,
dico_phrasis_0001317__es-en__flipped,
dico_phrasis_0001317__es-en__original,
dico_phrasis_0001317__es-eu__flipped,
dico_phrasis_0001317__es-eu__original,
dico_phrasis_0001317__eu-en__flipped,
dico_phrasis_0001317__eu-en__original,
dico_phrasis_0001317__eu-es__flipped,
dico_phrasis_0001317__eu-es__original,
dico_phrasis_0001318__en-es__flipped,
dico_phrasis_0001318__en-es__original,
dico_phrasis_0001318__en-eu__flipped,
dico_phrasis_0001318__en-eu__original,
dico_phrasis_0001318__es-en__flipped,
dico_phrasis_0001318__es-en__original,
dico_phrasis_0001318__es-eu__flipped,
dico_phrasis_0001318__es-eu__original,
dico_phrasis_0001318__eu-en__flipped,
dico_phrasis_0001318__eu-en__original,
dico_phrasis_0001318__eu-es__flipped,
dico_phrasis_0001318__eu-es__original,
dico_phrasis_0001319__en-es__flipped,
dico_phrasis_0001319__en-es__original,
dico_phrasis_0001319__en-eu__flipped,
dico_phrasis_0001319__en-eu__original,
dico_phrasis_0001319__es-en__flipped,
dico_phrasis_0001319__es-en__original,
dico_phrasis_0001319__es-eu__flipped,
dico_phrasis_0001319__es-eu__original,
dico_phrasis_0001319__eu-en__flipped,
dico_phrasis_0001319__eu-en__original,
dico_phrasis_0001319__eu-es__flipped,
dico_phrasis_0001319__eu-es__original,
dico_phrasis_0001322__en-es__flipped,
dico_phrasis_0001322__en-es__original,
dico_phrasis_0001322__en-eu__flipped,
dico_phrasis_0001322__en-eu__original,
dico_phrasis_0001322__es-en__flipped,
dico_phrasis_0001322__es-en__original,
dico_phrasis_0001322__es-eu__flipped,
dico_phrasis_0001322__es-eu__original,
dico_phrasis_0001322__eu-en__flipped,
dico_phrasis_0001322__eu-en__original,
dico_phrasis_0001322__eu-es__flipped,
dico_phrasis_0001322__eu-es__original,
dico_phrasis_0001326__en-es__flipped,
dico_phrasis_0001326__en-es__original,
dico_phrasis_0001326__en-eu__flipped,
dico_phrasis_0001326__en-eu__original,
dico_phrasis_0001326__es-en__flipped,
dico_phrasis_0001326__es-en__original,
dico_phrasis_0001326__es-eu__flipped,
dico_phrasis_0001326__es-eu__original,
dico_phrasis_0001326__eu-en__flipped,
dico_phrasis_0001326__eu-en__original,
dico_phrasis_0001326__eu-es__flipped,
dico_phrasis_0001326__eu-es__original,
dico_phrasis_0001327__en-es__flipped,
dico_phrasis_0001327__en-es__original,
dico_phrasis_0001327__en-eu__flipped,
dico_phrasis_0001327__en-eu__original,
dico_phrasis_0001327__es-en__flipped,
dico_phrasis_0001327__es-en__original,
dico_phrasis_0001327__es-eu__flipped,
dico_phrasis_0001327__es-eu__original,
dico_phrasis_0001327__eu-en__flipped,
dico_phrasis_0001327__eu-en__original,
dico_phrasis_0001327__eu-es__flipped,
dico_phrasis_0001327__eu-es__original,
dico_phrasis_0001328__en-es__flipped,
dico_phrasis_0001328__en-es__original,
dico_phrasis_0001328__en-eu__flipped,
dico_phrasis_0001328__en-eu__original,
dico_phrasis_0001328__es-en__flipped,
dico_phrasis_0001328__es-en__original,
dico_phrasis_0001328__es-eu__flipped,
dico_phrasis_0001328__es-eu__original,
dico_phrasis_0001328__eu-en__flipped,
dico_phrasis_0001328__eu-en__original,
dico_phrasis_0001328__eu-es__flipped,
dico_phrasis_0001328__eu-es__original,
dico_phrasis_0001329__en-es__flipped,
dico_phrasis_0001329__en-es__original,
dico_phrasis_0001329__en-eu__flipped,
dico_phrasis_0001329__en-eu__original,
dico_phrasis_0001329__es-en__flipped,
dico_phrasis_0001329__es-en__original,
dico_phrasis_0001329__es-eu__flipped,
dico_phrasis_0001329__es-eu__original,
dico_phrasis_0001329__eu-en__flipped,
dico_phrasis_0001329__eu-en__original,
dico_phrasis_0001329__eu-es__flipped,
dico_phrasis_0001329__eu-es__original,
dico_phrasis_0001330__en-es__flipped,
dico_phrasis_0001330__en-es__original,
dico_phrasis_0001330__en-eu__flipped,
dico_phrasis_0001330__en-eu__original,
dico_phrasis_0001330__es-en__flipped,
dico_phrasis_0001330__es-en__original,
dico_phrasis_0001330__es-eu__flipped,
dico_phrasis_0001330__es-eu__original,
dico_phrasis_0001330__eu-en__flipped,
dico_phrasis_0001330__eu-en__original,
dico_phrasis_0001330__eu-es__flipped,
dico_phrasis_0001330__eu-es__original,
dico_phrasis_0001331__en-es__flipped,
dico_phrasis_0001331__en-es__original,
dico_phrasis_0001331__en-eu__flipped,
dico_phrasis_0001331__en-eu__original,
dico_phrasis_0001331__es-en__flipped,
dico_phrasis_0001331__es-en__original,
dico_phrasis_0001331__es-eu__flipped,
dico_phrasis_0001331__es-eu__original,
dico_phrasis_0001331__eu-en__flipped,
dico_phrasis_0001331__eu-en__original,
dico_phrasis_0001331__eu-es__flipped,
dico_phrasis_0001331__eu-es__original,
dico_phrasis_0001332__en-es__flipped,
dico_phrasis_0001332__en-es__original,
dico_phrasis_0001332__en-eu__flipped,
dico_phrasis_0001332__en-eu__original,
dico_phrasis_0001332__es-en__flipped,
dico_phrasis_0001332__es-en__original,
dico_phrasis_0001332__es-eu__flipped,
dico_phrasis_0001332__es-eu__original,
dico_phrasis_0001332__eu-en__flipped,
dico_phrasis_0001332__eu-en__original,
dico_phrasis_0001332__eu-es__flipped,
dico_phrasis_0001332__eu-es__original,
dico_phrasis_0001333__en-es__flipped,
dico_phrasis_0001333__en-es__original,
dico_phrasis_0001333__en-eu__flipped,
dico_phrasis_0001333__en-eu__original,
dico_phrasis_0001333__es-en__flipped,
dico_phrasis_0001333__es-en__original,
dico_phrasis_0001333__es-eu__flipped,
dico_phrasis_0001333__es-eu__original,
dico_phrasis_0001333__eu-en__flipped,
dico_phrasis_0001333__eu-en__original,
dico_phrasis_0001333__eu-es__flipped,
dico_phrasis_0001333__eu-es__original,
dico_phrasis_0001334__en-es__flipped,
dico_phrasis_0001334__en-es__original,
dico_phrasis_0001334__en-eu__flipped,
dico_phrasis_0001334__en-eu__original,
dico_phrasis_0001334__es-en__flipped,
dico_phrasis_0001334__es-en__original,
dico_phrasis_0001334__es-eu__flipped,
dico_phrasis_0001334__es-eu__original,
dico_phrasis_0001334__eu-en__flipped,
dico_phrasis_0001334__eu-en__original,
dico_phrasis_0001334__eu-es__flipped,
dico_phrasis_0001334__eu-es__original,
dico_phrasis_0001335__en-es__flipped,
dico_phrasis_0001335__en-es__original,
dico_phrasis_0001335__en-eu__flipped,
dico_phrasis_0001335__en-eu__original,
dico_phrasis_0001335__es-en__flipped,
dico_phrasis_0001335__es-en__original,
dico_phrasis_0001335__es-eu__flipped,
dico_phrasis_0001335__es-eu__original,
dico_phrasis_0001335__eu-en__flipped,
dico_phrasis_0001335__eu-en__original,
dico_phrasis_0001335__eu-es__flipped,
dico_phrasis_0001335__eu-es__original,
dico_phrasis_0001336__en-es__flipped,
dico_phrasis_0001336__en-es__original,
dico_phrasis_0001336__en-eu__flipped,
dico_phrasis_0001336__en-eu__original,
dico_phrasis_0001336__es-en__flipped,
dico_phrasis_0001336__es-en__original,
dico_phrasis_0001336__es-eu__flipped,
dico_phrasis_0001336__es-eu__original,
dico_phrasis_0001336__eu-en__flipped,
dico_phrasis_0001336__eu-en__original,
dico_phrasis_0001336__eu-es__flipped,
dico_phrasis_0001336__eu-es__original,
dico_phrasis_0001337__en-es__flipped,
dico_phrasis_0001337__en-es__original,
dico_phrasis_0001337__en-eu__flipped,
dico_phrasis_0001337__en-eu__original,
dico_phrasis_0001337__es-en__flipped,
dico_phrasis_0001337__es-en__original,
dico_phrasis_0001337__es-eu__flipped,
dico_phrasis_0001337__es-eu__original,
dico_phrasis_0001337__eu-en__flipped,
dico_phrasis_0001337__eu-en__original,
dico_phrasis_0001337__eu-es__flipped,
dico_phrasis_0001337__eu-es__original,
dico_phrasis_0001338__en-es__flipped,
dico_phrasis_0001338__en-es__original,
dico_phrasis_0001338__en-eu__flipped,
dico_phrasis_0001338__en-eu__original,
dico_phrasis_0001338__es-en__flipped,
dico_phrasis_0001338__es-en__original,
dico_phrasis_0001338__es-eu__flipped,
dico_phrasis_0001338__es-eu__original,
dico_phrasis_0001338__eu-en__flipped,
dico_phrasis_0001338__eu-en__original,
dico_phrasis_0001338__eu-es__flipped,
dico_phrasis_0001338__eu-es__original,
dico_phrasis_0001339__en-es__flipped,
dico_phrasis_0001339__en-es__original,
dico_phrasis_0001339__en-eu__flipped,
dico_phrasis_0001339__en-eu__original,
dico_phrasis_0001339__es-en__flipped,
dico_phrasis_0001339__es-en__original,
dico_phrasis_0001339__es-eu__flipped,
dico_phrasis_0001339__es-eu__original,
dico_phrasis_0001339__eu-en__flipped,
dico_phrasis_0001339__eu-en__original,
dico_phrasis_0001339__eu-es__flipped,
dico_phrasis_0001339__eu-es__original,
dico_phrasis_0001340__en-es__flipped,
dico_phrasis_0001340__en-es__original,
dico_phrasis_0001340__en-eu__flipped,
dico_phrasis_0001340__en-eu__original,
dico_phrasis_0001340__es-en__flipped,
dico_phrasis_0001340__es-en__original,
dico_phrasis_0001340__es-eu__flipped,
dico_phrasis_0001340__es-eu__original,
dico_phrasis_0001340__eu-en__flipped,
dico_phrasis_0001340__eu-en__original,
dico_phrasis_0001340__eu-es__flipped,
dico_phrasis_0001340__eu-es__original,
dico_phrasis_0001341__en-es__flipped,
dico_phrasis_0001341__en-es__original,
dico_phrasis_0001341__en-eu__flipped,
dico_phrasis_0001341__en-eu__original,
dico_phrasis_0001341__es-en__flipped,
dico_phrasis_0001341__es-en__original,
dico_phrasis_0001341__es-eu__flipped,
dico_phrasis_0001341__es-eu__original,
dico_phrasis_0001341__eu-en__flipped,
dico_phrasis_0001341__eu-en__original,
dico_phrasis_0001341__eu-es__flipped,
dico_phrasis_0001341__eu-es__original,
dico_phrasis_0001343__en-es__flipped,
dico_phrasis_0001343__en-es__original,
dico_phrasis_0001343__en-eu__flipped,
dico_phrasis_0001343__en-eu__original,
dico_phrasis_0001343__es-en__flipped,
dico_phrasis_0001343__es-en__original,
dico_phrasis_0001343__es-eu__flipped,
dico_phrasis_0001343__es-eu__original,
dico_phrasis_0001343__eu-en__flipped,
dico_phrasis_0001343__eu-en__original,
dico_phrasis_0001343__eu-es__flipped,
dico_phrasis_0001343__eu-es__original,
dico_phrasis_0001344__en-es__flipped,
dico_phrasis_0001344__en-es__original,
dico_phrasis_0001344__en-eu__flipped,
dico_phrasis_0001344__en-eu__original,
dico_phrasis_0001344__es-en__flipped,
dico_phrasis_0001344__es-en__original,
dico_phrasis_0001344__es-eu__flipped,
dico_phrasis_0001344__es-eu__original,
dico_phrasis_0001344__eu-en__flipped,
dico_phrasis_0001344__eu-en__original,
dico_phrasis_0001344__eu-es__flipped,
dico_phrasis_0001344__eu-es__original,
dico_phrasis_0001345__en-es__flipped,
dico_phrasis_0001345__en-es__original,
dico_phrasis_0001345__en-eu__flipped,
dico_phrasis_0001345__en-eu__original,
dico_phrasis_0001345__es-en__flipped,
dico_phrasis_0001345__es-en__original,
dico_phrasis_0001345__es-eu__flipped,
dico_phrasis_0001345__es-eu__original,
dico_phrasis_0001345__eu-en__flipped,
dico_phrasis_0001345__eu-en__original,
dico_phrasis_0001345__eu-es__flipped,
dico_phrasis_0001345__eu-es__original,
dico_phrasis_0001347__en-es__flipped,
dico_phrasis_0001347__en-es__original,
dico_phrasis_0001347__en-eu__flipped,
dico_phrasis_0001347__en-eu__original,
dico_phrasis_0001347__es-en__flipped,
dico_phrasis_0001347__es-en__original,
dico_phrasis_0001347__es-eu__flipped,
dico_phrasis_0001347__es-eu__original,
dico_phrasis_0001347__eu-en__flipped,
dico_phrasis_0001347__eu-en__original,
dico_phrasis_0001347__eu-es__flipped,
dico_phrasis_0001347__eu-es__original,
dico_phrasis_0001348__en-es__flipped,
dico_phrasis_0001348__en-es__original,
dico_phrasis_0001348__en-eu__flipped,
dico_phrasis_0001348__en-eu__original,
dico_phrasis_0001348__es-en__flipped,
dico_phrasis_0001348__es-en__original,
dico_phrasis_0001348__es-eu__flipped,
dico_phrasis_0001348__es-eu__original,
dico_phrasis_0001348__eu-en__flipped,
dico_phrasis_0001348__eu-en__original,
dico_phrasis_0001348__eu-es__flipped,
dico_phrasis_0001348__eu-es__original,
dico_phrasis_0001349__en-es__flipped,
dico_phrasis_0001349__en-es__original,
dico_phrasis_0001349__en-eu__flipped,
dico_phrasis_0001349__en-eu__original,
dico_phrasis_0001349__es-en__flipped,
dico_phrasis_0001349__es-en__original,
dico_phrasis_0001349__es-eu__flipped,
dico_phrasis_0001349__es-eu__original,
dico_phrasis_0001349__eu-en__flipped,
dico_phrasis_0001349__eu-en__original,
dico_phrasis_0001349__eu-es__flipped,
dico_phrasis_0001349__eu-es__original,
dico_phrasis_0001353__en-es__flipped,
dico_phrasis_0001353__en-es__original,
dico_phrasis_0001353__en-eu__flipped,
dico_phrasis_0001353__en-eu__original,
dico_phrasis_0001353__es-en__flipped,
dico_phrasis_0001353__es-en__original,
dico_phrasis_0001353__es-eu__flipped,
dico_phrasis_0001353__es-eu__original,
dico_phrasis_0001353__eu-en__flipped,
dico_phrasis_0001353__eu-en__original,
dico_phrasis_0001353__eu-es__flipped,
dico_phrasis_0001353__eu-es__original,
dico_phrasis_0001354__en-es__flipped,
dico_phrasis_0001354__en-es__original,
dico_phrasis_0001354__en-eu__flipped,
dico_phrasis_0001354__en-eu__original,
dico_phrasis_0001354__es-en__flipped,
dico_phrasis_0001354__es-en__original,
dico_phrasis_0001354__es-eu__flipped,
dico_phrasis_0001354__es-eu__original,
dico_phrasis_0001354__eu-en__flipped,
dico_phrasis_0001354__eu-en__original,
dico_phrasis_0001354__eu-es__flipped,
dico_phrasis_0001354__eu-es__original,
dico_phrasis_0001355__en-es__flipped,
dico_phrasis_0001355__en-es__original,
dico_phrasis_0001355__en-eu__flipped,
dico_phrasis_0001355__en-eu__original,
dico_phrasis_0001355__es-en__flipped,
dico_phrasis_0001355__es-en__original,
dico_phrasis_0001355__es-eu__flipped,
dico_phrasis_0001355__es-eu__original,
dico_phrasis_0001355__eu-en__flipped,
dico_phrasis_0001355__eu-en__original,
dico_phrasis_0001355__eu-es__flipped,
dico_phrasis_0001355__eu-es__original,
dico_phrasis_0001356__en-es__flipped,
dico_phrasis_0001356__en-es__original,
dico_phrasis_0001356__en-eu__flipped,
dico_phrasis_0001356__en-eu__original,
dico_phrasis_0001356__es-en__flipped,
dico_phrasis_0001356__es-en__original,
dico_phrasis_0001356__es-eu__flipped,
dico_phrasis_0001356__es-eu__original,
dico_phrasis_0001356__eu-en__flipped,
dico_phrasis_0001356__eu-en__original,
dico_phrasis_0001356__eu-es__flipped,
dico_phrasis_0001356__eu-es__original,
dico_phrasis_0001357__en-es__flipped,
dico_phrasis_0001357__en-es__original,
dico_phrasis_0001357__en-eu__flipped,
dico_phrasis_0001357__en-eu__original,
dico_phrasis_0001357__es-en__flipped,
dico_phrasis_0001357__es-en__original,
dico_phrasis_0001357__es-eu__flipped,
dico_phrasis_0001357__es-eu__original,
dico_phrasis_0001357__eu-en__flipped,
dico_phrasis_0001357__eu-en__original,
dico_phrasis_0001357__eu-es__flipped,
dico_phrasis_0001357__eu-es__original,
dico_phrasis_0001358__en-es__flipped,
dico_phrasis_0001358__en-es__original,
dico_phrasis_0001358__en-eu__flipped,
dico_phrasis_0001358__en-eu__original,
dico_phrasis_0001358__es-en__flipped,
dico_phrasis_0001358__es-en__original,
dico_phrasis_0001358__es-eu__flipped,
dico_phrasis_0001358__es-eu__original,
dico_phrasis_0001358__eu-en__flipped,
dico_phrasis_0001358__eu-en__original,
dico_phrasis_0001358__eu-es__flipped,
dico_phrasis_0001358__eu-es__original,
dico_phrasis_0001359__en-es__flipped,
dico_phrasis_0001359__en-es__original,
dico_phrasis_0001359__en-eu__flipped,
dico_phrasis_0001359__en-eu__original,
dico_phrasis_0001359__es-en__flipped,
dico_phrasis_0001359__es-en__original,
dico_phrasis_0001359__es-eu__flipped,
dico_phrasis_0001359__es-eu__original,
dico_phrasis_0001359__eu-en__flipped,
dico_phrasis_0001359__eu-en__original,
dico_phrasis_0001359__eu-es__flipped,
dico_phrasis_0001359__eu-es__original,
dico_phrasis_0001360__en-es__flipped,
dico_phrasis_0001360__en-es__original,
dico_phrasis_0001360__en-eu__flipped,
dico_phrasis_0001360__en-eu__original,
dico_phrasis_0001360__es-en__flipped,
dico_phrasis_0001360__es-en__original,
dico_phrasis_0001360__es-eu__flipped,
dico_phrasis_0001360__es-eu__original,
dico_phrasis_0001360__eu-en__flipped,
dico_phrasis_0001360__eu-en__original,
dico_phrasis_0001360__eu-es__flipped,
dico_phrasis_0001360__eu-es__original,
dico_phrasis_0001363__en-es__flipped,
dico_phrasis_0001363__en-es__original,
dico_phrasis_0001363__en-eu__flipped,
dico_phrasis_0001363__en-eu__original,
dico_phrasis_0001363__es-en__flipped,
dico_phrasis_0001363__es-en__original,
dico_phrasis_0001363__es-eu__flipped,
dico_phrasis_0001363__es-eu__original,
dico_phrasis_0001363__eu-en__flipped,
dico_phrasis_0001363__eu-en__original,
dico_phrasis_0001363__eu-es__flipped,
dico_phrasis_0001363__eu-es__original,
dico_phrasis_0001364__en-es__flipped,
dico_phrasis_0001364__en-es__original,
dico_phrasis_0001364__en-eu__flipped,
dico_phrasis_0001364__en-eu__original,
dico_phrasis_0001364__es-en__flipped,
dico_phrasis_0001364__es-en__original,
dico_phrasis_0001364__es-eu__flipped,
dico_phrasis_0001364__es-eu__original,
dico_phrasis_0001364__eu-en__flipped,
dico_phrasis_0001364__eu-en__original,
dico_phrasis_0001364__eu-es__flipped,
dico_phrasis_0001364__eu-es__original,
dico_phrasis_0001365__en-es__flipped,
dico_phrasis_0001365__en-es__original,
dico_phrasis_0001365__en-eu__flipped,
dico_phrasis_0001365__en-eu__original,
dico_phrasis_0001365__es-en__flipped,
dico_phrasis_0001365__es-en__original,
dico_phrasis_0001365__es-eu__flipped,
dico_phrasis_0001365__es-eu__original,
dico_phrasis_0001365__eu-en__flipped,
dico_phrasis_0001365__eu-en__original,
dico_phrasis_0001365__eu-es__flipped,
dico_phrasis_0001365__eu-es__original,
dico_phrasis_0001366__en-es__flipped,
dico_phrasis_0001366__en-es__original,
dico_phrasis_0001366__en-eu__flipped,
dico_phrasis_0001366__en-eu__original,
dico_phrasis_0001366__es-en__flipped,
dico_phrasis_0001366__es-en__original,
dico_phrasis_0001366__es-eu__flipped,
dico_phrasis_0001366__es-eu__original,
dico_phrasis_0001366__eu-en__flipped,
dico_phrasis_0001366__eu-en__original,
dico_phrasis_0001366__eu-es__flipped,
dico_phrasis_0001366__eu-es__original,
dico_phrasis_0001367__en-es__flipped,
dico_phrasis_0001367__en-es__original,
dico_phrasis_0001367__en-eu__flipped,
dico_phrasis_0001367__en-eu__original,
dico_phrasis_0001367__es-en__flipped,
dico_phrasis_0001367__es-en__original,
dico_phrasis_0001367__es-eu__flipped,
dico_phrasis_0001367__es-eu__original,
dico_phrasis_0001367__eu-en__flipped,
dico_phrasis_0001367__eu-en__original,
dico_phrasis_0001367__eu-es__flipped,
dico_phrasis_0001367__eu-es__original,
dico_phrasis_0001368__en-es__flipped,
dico_phrasis_0001368__en-es__original,
dico_phrasis_0001368__en-eu__flipped,
dico_phrasis_0001368__en-eu__original,
dico_phrasis_0001368__es-en__flipped,
dico_phrasis_0001368__es-en__original,
dico_phrasis_0001368__es-eu__flipped,
dico_phrasis_0001368__es-eu__original,
dico_phrasis_0001368__eu-en__flipped,
dico_phrasis_0001368__eu-en__original,
dico_phrasis_0001368__eu-es__flipped,
dico_phrasis_0001368__eu-es__original,
dico_phrasis_0001369__en-es__flipped,
dico_phrasis_0001369__en-es__original,
dico_phrasis_0001369__en-eu__flipped,
dico_phrasis_0001369__en-eu__original,
dico_phrasis_0001369__es-en__flipped,
dico_phrasis_0001369__es-en__original,
dico_phrasis_0001369__es-eu__flipped,
dico_phrasis_0001369__es-eu__original,
dico_phrasis_0001369__eu-en__flipped,
dico_phrasis_0001369__eu-en__original,
dico_phrasis_0001369__eu-es__flipped,
dico_phrasis_0001369__eu-es__original,
dico_phrasis_0001370__en-es__flipped,
dico_phrasis_0001370__en-es__original,
dico_phrasis_0001370__en-eu__flipped,
dico_phrasis_0001370__en-eu__original,
dico_phrasis_0001370__es-en__flipped,
dico_phrasis_0001370__es-en__original,
dico_phrasis_0001370__es-eu__flipped,
dico_phrasis_0001370__es-eu__original,
dico_phrasis_0001370__eu-en__flipped,
dico_phrasis_0001370__eu-en__original,
dico_phrasis_0001370__eu-es__flipped,
dico_phrasis_0001370__eu-es__original,
dico_phrasis_0001371__en-es__flipped,
dico_phrasis_0001371__en-es__original,
dico_phrasis_0001371__en-eu__flipped,
dico_phrasis_0001371__en-eu__original,
dico_phrasis_0001371__es-en__flipped,
dico_phrasis_0001371__es-en__original,
dico_phrasis_0001371__es-eu__flipped,
dico_phrasis_0001371__es-eu__original,
dico_phrasis_0001371__eu-en__flipped,
dico_phrasis_0001371__eu-en__original,
dico_phrasis_0001371__eu-es__flipped,
dico_phrasis_0001371__eu-es__original,
dico_phrasis_0001372__en-es__flipped,
dico_phrasis_0001372__en-es__original,
dico_phrasis_0001372__en-eu__flipped,
dico_phrasis_0001372__en-eu__original,
dico_phrasis_0001372__es-en__flipped,
dico_phrasis_0001372__es-en__original,
dico_phrasis_0001372__es-eu__flipped,
dico_phrasis_0001372__es-eu__original,
dico_phrasis_0001372__eu-en__flipped,
dico_phrasis_0001372__eu-en__original,
dico_phrasis_0001372__eu-es__flipped,
dico_phrasis_0001372__eu-es__original,
dico_phrasis_0001373__en-es__flipped,
dico_phrasis_0001373__en-es__original,
dico_phrasis_0001373__en-eu__flipped,
dico_phrasis_0001373__en-eu__original,
dico_phrasis_0001373__es-en__flipped,
dico_phrasis_0001373__es-en__original,
dico_phrasis_0001373__es-eu__flipped,
dico_phrasis_0001373__es-eu__original,
dico_phrasis_0001373__eu-en__flipped,
dico_phrasis_0001373__eu-en__original,
dico_phrasis_0001373__eu-es__flipped,
dico_phrasis_0001373__eu-es__original,
dico_phrasis_0001375__en-es__flipped,
dico_phrasis_0001375__en-es__original,
dico_phrasis_0001375__en-eu__flipped,
dico_phrasis_0001375__en-eu__original,
dico_phrasis_0001375__es-en__flipped,
dico_phrasis_0001375__es-en__original,
dico_phrasis_0001375__es-eu__flipped,
dico_phrasis_0001375__es-eu__original,
dico_phrasis_0001375__eu-en__flipped,
dico_phrasis_0001375__eu-en__original,
dico_phrasis_0001375__eu-es__flipped,
dico_phrasis_0001375__eu-es__original,
dico_phrasis_0001376__en-es__flipped,
dico_phrasis_0001376__en-es__original,
dico_phrasis_0001376__en-eu__flipped,
dico_phrasis_0001376__en-eu__original,
dico_phrasis_0001376__es-en__flipped,
dico_phrasis_0001376__es-en__original,
dico_phrasis_0001376__es-eu__flipped,
dico_phrasis_0001376__es-eu__original,
dico_phrasis_0001376__eu-en__flipped,
dico_phrasis_0001376__eu-en__original,
dico_phrasis_0001376__eu-es__flipped,
dico_phrasis_0001376__eu-es__original,
dico_phrasis_0001377__en-es__flipped,
dico_phrasis_0001377__en-es__original,
dico_phrasis_0001377__en-eu__flipped,
dico_phrasis_0001377__en-eu__original,
dico_phrasis_0001377__es-en__flipped,
dico_phrasis_0001377__es-en__original,
dico_phrasis_0001377__es-eu__flipped,
dico_phrasis_0001377__es-eu__original,
dico_phrasis_0001377__eu-en__flipped,
dico_phrasis_0001377__eu-en__original,
dico_phrasis_0001377__eu-es__flipped,
dico_phrasis_0001377__eu-es__original,
dico_phrasis_0001380__en-es__flipped,
dico_phrasis_0001380__en-es__original,
dico_phrasis_0001380__en-eu__flipped,
dico_phrasis_0001380__en-eu__original,
dico_phrasis_0001380__es-en__flipped,
dico_phrasis_0001380__es-en__original,
dico_phrasis_0001380__es-eu__flipped,
dico_phrasis_0001380__es-eu__original,
dico_phrasis_0001380__eu-en__flipped,
dico_phrasis_0001380__eu-en__original,
dico_phrasis_0001380__eu-es__flipped,
dico_phrasis_0001380__eu-es__original,
dico_phrasis_0001381__en-es__flipped,
dico_phrasis_0001381__en-es__original,
dico_phrasis_0001381__en-eu__flipped,
dico_phrasis_0001381__en-eu__original,
dico_phrasis_0001381__es-en__flipped,
dico_phrasis_0001381__es-en__original,
dico_phrasis_0001381__es-eu__flipped,
dico_phrasis_0001381__es-eu__original,
dico_phrasis_0001381__eu-en__flipped,
dico_phrasis_0001381__eu-en__original,
dico_phrasis_0001381__eu-es__flipped,
dico_phrasis_0001381__eu-es__original,
dico_phrasis_0001382__en-es__flipped,
dico_phrasis_0001382__en-es__original,
dico_phrasis_0001382__en-eu__flipped,
dico_phrasis_0001382__en-eu__original,
dico_phrasis_0001382__es-en__flipped,
dico_phrasis_0001382__es-en__original,
dico_phrasis_0001382__es-eu__flipped,
dico_phrasis_0001382__es-eu__original,
dico_phrasis_0001382__eu-en__flipped,
dico_phrasis_0001382__eu-en__original,
dico_phrasis_0001382__eu-es__flipped,
dico_phrasis_0001382__eu-es__original,
dico_phrasis_0001383__en-es__flipped,
dico_phrasis_0001383__en-es__original,
dico_phrasis_0001383__en-eu__flipped,
dico_phrasis_0001383__en-eu__original,
dico_phrasis_0001383__es-en__flipped,
dico_phrasis_0001383__es-en__original,
dico_phrasis_0001383__es-eu__flipped,
dico_phrasis_0001383__es-eu__original,
dico_phrasis_0001383__eu-en__flipped,
dico_phrasis_0001383__eu-en__original,
dico_phrasis_0001383__eu-es__flipped,
dico_phrasis_0001383__eu-es__original,
dico_phrasis_0001384__en-es__flipped,
dico_phrasis_0001384__en-es__original,
dico_phrasis_0001384__en-eu__flipped,
dico_phrasis_0001384__en-eu__original,
dico_phrasis_0001384__es-en__flipped,
dico_phrasis_0001384__es-en__original,
dico_phrasis_0001384__es-eu__flipped,
dico_phrasis_0001384__es-eu__original,
dico_phrasis_0001384__eu-en__flipped,
dico_phrasis_0001384__eu-en__original,
dico_phrasis_0001384__eu-es__flipped,
dico_phrasis_0001384__eu-es__original,
dico_phrasis_0001385__en-es__flipped,
dico_phrasis_0001385__en-es__original,
dico_phrasis_0001385__en-eu__flipped,
dico_phrasis_0001385__en-eu__original,
dico_phrasis_0001385__es-en__flipped,
dico_phrasis_0001385__es-en__original,
dico_phrasis_0001385__es-eu__flipped,
dico_phrasis_0001385__es-eu__original,
dico_phrasis_0001385__eu-en__flipped,
dico_phrasis_0001385__eu-en__original,
dico_phrasis_0001385__eu-es__flipped,
dico_phrasis_0001385__eu-es__original,
dico_phrasis_0001387__en-es__flipped,
dico_phrasis_0001387__en-es__original,
dico_phrasis_0001387__en-eu__flipped,
dico_phrasis_0001387__en-eu__original,
dico_phrasis_0001387__es-en__flipped,
dico_phrasis_0001387__es-en__original,
dico_phrasis_0001387__es-eu__flipped,
dico_phrasis_0001387__es-eu__original,
dico_phrasis_0001387__eu-en__flipped,
dico_phrasis_0001387__eu-en__original,
dico_phrasis_0001387__eu-es__flipped,
dico_phrasis_0001387__eu-es__original,
dico_phrasis_0001388__en-es__flipped,
dico_phrasis_0001388__en-es__original,
dico_phrasis_0001388__en-eu__flipped,
dico_phrasis_0001388__en-eu__original,
dico_phrasis_0001388__es-en__flipped,
dico_phrasis_0001388__es-en__original,
dico_phrasis_0001388__es-eu__flipped,
dico_phrasis_0001388__es-eu__original,
dico_phrasis_0001388__eu-en__flipped,
dico_phrasis_0001388__eu-en__original,
dico_phrasis_0001388__eu-es__flipped,
dico_phrasis_0001388__eu-es__original,
dico_phrasis_0001389__en-es__flipped,
dico_phrasis_0001389__en-es__original,
dico_phrasis_0001389__en-eu__flipped,
dico_phrasis_0001389__en-eu__original,
dico_phrasis_0001389__es-en__flipped,
dico_phrasis_0001389__es-en__original,
dico_phrasis_0001389__es-eu__flipped,
dico_phrasis_0001389__es-eu__original,
dico_phrasis_0001389__eu-en__flipped,
dico_phrasis_0001389__eu-en__original,
dico_phrasis_0001389__eu-es__flipped,
dico_phrasis_0001389__eu-es__original,
dico_phrasis_0001390__en-es__flipped,
dico_phrasis_0001390__en-es__original,
dico_phrasis_0001390__en-eu__flipped,
dico_phrasis_0001390__en-eu__original,
dico_phrasis_0001390__es-en__flipped,
dico_phrasis_0001390__es-en__original,
dico_phrasis_0001390__es-eu__flipped,
dico_phrasis_0001390__es-eu__original,
dico_phrasis_0001390__eu-en__flipped,
dico_phrasis_0001390__eu-en__original,
dico_phrasis_0001390__eu-es__flipped,
dico_phrasis_0001390__eu-es__original,
dico_phrasis_0001393__en-es__flipped,
dico_phrasis_0001393__en-es__original,
dico_phrasis_0001393__en-eu__flipped,
dico_phrasis_0001393__en-eu__original,
dico_phrasis_0001393__es-en__flipped,
dico_phrasis_0001393__es-en__original,
dico_phrasis_0001393__es-eu__flipped,
dico_phrasis_0001393__es-eu__original,
dico_phrasis_0001393__eu-en__flipped,
dico_phrasis_0001393__eu-en__original,
dico_phrasis_0001393__eu-es__flipped,
dico_phrasis_0001393__eu-es__original,
dico_phrasis_0001394__en-es__flipped,
dico_phrasis_0001394__en-es__original,
dico_phrasis_0001394__en-eu__flipped,
dico_phrasis_0001394__en-eu__original,
dico_phrasis_0001394__es-en__flipped,
dico_phrasis_0001394__es-en__original,
dico_phrasis_0001394__es-eu__flipped,
dico_phrasis_0001394__es-eu__original,
dico_phrasis_0001394__eu-en__flipped,
dico_phrasis_0001394__eu-en__original,
dico_phrasis_0001394__eu-es__flipped,
dico_phrasis_0001394__eu-es__original,
dico_phrasis_0001396__en-es__flipped,
dico_phrasis_0001396__en-es__original,
dico_phrasis_0001396__en-eu__flipped,
dico_phrasis_0001396__en-eu__original,
dico_phrasis_0001396__es-en__flipped,
dico_phrasis_0001396__es-en__original,
dico_phrasis_0001396__es-eu__flipped,
dico_phrasis_0001396__es-eu__original,
dico_phrasis_0001396__eu-en__flipped,
dico_phrasis_0001396__eu-en__original,
dico_phrasis_0001396__eu-es__flipped,
dico_phrasis_0001396__eu-es__original,
dico_phrasis_0001397__en-es__flipped,
dico_phrasis_0001397__en-es__original,
dico_phrasis_0001397__en-eu__flipped,
dico_phrasis_0001397__en-eu__original,
dico_phrasis_0001397__es-en__flipped,
dico_phrasis_0001397__es-en__original,
dico_phrasis_0001397__es-eu__flipped,
dico_phrasis_0001397__es-eu__original,
dico_phrasis_0001397__eu-en__flipped,
dico_phrasis_0001397__eu-en__original,
dico_phrasis_0001397__eu-es__flipped,
dico_phrasis_0001397__eu-es__original,
dico_phrasis_0001399__en-es__flipped,
dico_phrasis_0001399__en-es__original,
dico_phrasis_0001399__en-eu__flipped,
dico_phrasis_0001399__en-eu__original,
dico_phrasis_0001399__es-en__flipped,
dico_phrasis_0001399__es-en__original,
dico_phrasis_0001399__es-eu__flipped,
dico_phrasis_0001399__es-eu__original,
dico_phrasis_0001399__eu-en__flipped,
dico_phrasis_0001399__eu-en__original,
dico_phrasis_0001399__eu-es__flipped,
dico_phrasis_0001399__eu-es__original,
dico_phrasis_0001401__en-es__flipped,
dico_phrasis_0001401__en-es__original,
dico_phrasis_0001401__en-eu__flipped,
dico_phrasis_0001401__en-eu__original,
dico_phrasis_0001401__es-en__flipped,
dico_phrasis_0001401__es-en__original,
dico_phrasis_0001401__es-eu__flipped,
dico_phrasis_0001401__es-eu__original,
dico_phrasis_0001401__eu-en__flipped,
dico_phrasis_0001401__eu-en__original,
dico_phrasis_0001401__eu-es__flipped,
dico_phrasis_0001401__eu-es__original,
dico_phrasis_0001402__en-es__flipped,
dico_phrasis_0001402__en-es__original,
dico_phrasis_0001402__en-eu__flipped,
dico_phrasis_0001402__en-eu__original,
dico_phrasis_0001402__es-en__flipped,
dico_phrasis_0001402__es-en__original,
dico_phrasis_0001402__es-eu__flipped,
dico_phrasis_0001402__es-eu__original,
dico_phrasis_0001402__eu-en__flipped,
dico_phrasis_0001402__eu-en__original,
dico_phrasis_0001402__eu-es__flipped,
dico_phrasis_0001402__eu-es__original,
dico_phrasis_0001403__en-es__flipped,
dico_phrasis_0001403__en-es__original,
dico_phrasis_0001403__en-eu__flipped,
dico_phrasis_0001403__en-eu__original,
dico_phrasis_0001403__es-en__flipped,
dico_phrasis_0001403__es-en__original,
dico_phrasis_0001403__es-eu__flipped,
dico_phrasis_0001403__es-eu__original,
dico_phrasis_0001403__eu-en__flipped,
dico_phrasis_0001403__eu-en__original,
dico_phrasis_0001403__eu-es__flipped,
dico_phrasis_0001403__eu-es__original,
dico_phrasis_0001405__en-es__flipped,
dico_phrasis_0001405__en-es__original,
dico_phrasis_0001405__en-eu__flipped,
dico_phrasis_0001405__en-eu__original,
dico_phrasis_0001405__es-en__flipped,
dico_phrasis_0001405__es-en__original,
dico_phrasis_0001405__es-eu__flipped,
dico_phrasis_0001405__es-eu__original,
dico_phrasis_0001405__eu-en__flipped,
dico_phrasis_0001405__eu-en__original,
dico_phrasis_0001405__eu-es__flipped,
dico_phrasis_0001405__eu-es__original,
dico_phrasis_0001406__en-es__flipped,
dico_phrasis_0001406__en-es__original,
dico_phrasis_0001406__en-eu__flipped,
dico_phrasis_0001406__en-eu__original,
dico_phrasis_0001406__es-en__flipped,
dico_phrasis_0001406__es-en__original,
dico_phrasis_0001406__es-eu__flipped,
dico_phrasis_0001406__es-eu__original,
dico_phrasis_0001406__eu-en__flipped,
dico_phrasis_0001406__eu-en__original,
dico_phrasis_0001406__eu-es__flipped,
dico_phrasis_0001406__eu-es__original,
dico_phrasis_0001407__en-es__flipped,
dico_phrasis_0001407__en-es__original,
dico_phrasis_0001407__en-eu__flipped,
dico_phrasis_0001407__en-eu__original,
dico_phrasis_0001407__es-en__flipped,
dico_phrasis_0001407__es-en__original,
dico_phrasis_0001407__es-eu__flipped,
dico_phrasis_0001407__es-eu__original,
dico_phrasis_0001407__eu-en__flipped,
dico_phrasis_0001407__eu-en__original,
dico_phrasis_0001407__eu-es__flipped,
dico_phrasis_0001407__eu-es__original,
dico_phrasis_0001409__en-es__flipped,
dico_phrasis_0001409__en-es__original,
dico_phrasis_0001409__en-eu__flipped,
dico_phrasis_0001409__en-eu__original,
dico_phrasis_0001409__es-en__flipped,
dico_phrasis_0001409__es-en__original,
dico_phrasis_0001409__es-eu__flipped,
dico_phrasis_0001409__es-eu__original,
dico_phrasis_0001409__eu-en__flipped,
dico_phrasis_0001409__eu-en__original,
dico_phrasis_0001409__eu-es__flipped,
dico_phrasis_0001409__eu-es__original,
dico_phrasis_0001411__en-es__flipped,
dico_phrasis_0001411__en-es__original,
dico_phrasis_0001411__en-eu__flipped,
dico_phrasis_0001411__en-eu__original,
dico_phrasis_0001411__es-en__flipped,
dico_phrasis_0001411__es-en__original,
dico_phrasis_0001411__es-eu__flipped,
dico_phrasis_0001411__es-eu__original,
dico_phrasis_0001411__eu-en__flipped,
dico_phrasis_0001411__eu-en__original,
dico_phrasis_0001411__eu-es__flipped,
dico_phrasis_0001411__eu-es__original,
dico_phrasis_0001412__en-es__flipped,
dico_phrasis_0001412__en-es__original,
dico_phrasis_0001412__en-eu__flipped,
dico_phrasis_0001412__en-eu__original,
dico_phrasis_0001412__es-en__flipped,
dico_phrasis_0001412__es-en__original,
dico_phrasis_0001412__es-eu__flipped,
dico_phrasis_0001412__es-eu__original,
dico_phrasis_0001412__eu-en__flipped,
dico_phrasis_0001412__eu-en__original,
dico_phrasis_0001412__eu-es__flipped,
dico_phrasis_0001412__eu-es__original,
dico_phrasis_0001415__en-es__flipped,
dico_phrasis_0001415__en-es__original,
dico_phrasis_0001415__en-eu__flipped,
dico_phrasis_0001415__en-eu__original,
dico_phrasis_0001415__es-en__flipped,
dico_phrasis_0001415__es-en__original,
dico_phrasis_0001415__es-eu__flipped,
dico_phrasis_0001415__es-eu__original,
dico_phrasis_0001415__eu-en__flipped,
dico_phrasis_0001415__eu-en__original,
dico_phrasis_0001415__eu-es__flipped,
dico_phrasis_0001415__eu-es__original,
dico_phrasis_0001416__en-es__flipped,
dico_phrasis_0001416__en-es__original,
dico_phrasis_0001416__en-eu__flipped,
dico_phrasis_0001416__en-eu__original,
dico_phrasis_0001416__es-en__flipped,
dico_phrasis_0001416__es-en__original,
dico_phrasis_0001416__es-eu__flipped,
dico_phrasis_0001416__es-eu__original,
dico_phrasis_0001416__eu-en__flipped,
dico_phrasis_0001416__eu-en__original,
dico_phrasis_0001416__eu-es__flipped,
dico_phrasis_0001416__eu-es__original,
dico_phrasis_0001417__en-es__flipped,
dico_phrasis_0001417__en-es__original,
dico_phrasis_0001417__en-eu__flipped,
dico_phrasis_0001417__en-eu__original,
dico_phrasis_0001417__es-en__flipped,
dico_phrasis_0001417__es-en__original,
dico_phrasis_0001417__es-eu__flipped,
dico_phrasis_0001417__es-eu__original,
dico_phrasis_0001417__eu-en__flipped,
dico_phrasis_0001417__eu-en__original,
dico_phrasis_0001417__eu-es__flipped,
dico_phrasis_0001417__eu-es__original,
dico_phrasis_0001418__en-es__flipped,
dico_phrasis_0001418__en-es__original,
dico_phrasis_0001418__en-eu__flipped,
dico_phrasis_0001418__en-eu__original,
dico_phrasis_0001418__es-en__flipped,
dico_phrasis_0001418__es-en__original,
dico_phrasis_0001418__es-eu__flipped,
dico_phrasis_0001418__es-eu__original,
dico_phrasis_0001418__eu-en__flipped,
dico_phrasis_0001418__eu-en__original,
dico_phrasis_0001418__eu-es__flipped,
dico_phrasis_0001418__eu-es__original,
dico_phrasis_0001419__en-es__flipped,
dico_phrasis_0001419__en-es__original,
dico_phrasis_0001419__en-eu__flipped,
dico_phrasis_0001419__en-eu__original,
dico_phrasis_0001419__es-en__flipped,
dico_phrasis_0001419__es-en__original,
dico_phrasis_0001419__es-eu__flipped,
dico_phrasis_0001419__es-eu__original,
dico_phrasis_0001419__eu-en__flipped,
dico_phrasis_0001419__eu-en__original,
dico_phrasis_0001419__eu-es__flipped,
dico_phrasis_0001419__eu-es__original,
dico_phrasis_0001421__en-es__flipped,
dico_phrasis_0001421__en-es__original,
dico_phrasis_0001421__en-eu__flipped,
dico_phrasis_0001421__en-eu__original,
dico_phrasis_0001421__es-en__flipped,
dico_phrasis_0001421__es-en__original,
dico_phrasis_0001421__es-eu__flipped,
dico_phrasis_0001421__es-eu__original,
dico_phrasis_0001421__eu-en__flipped,
dico_phrasis_0001421__eu-en__original,
dico_phrasis_0001421__eu-es__flipped,
dico_phrasis_0001421__eu-es__original,
dico_phrasis_0001422__en-es__flipped,
dico_phrasis_0001422__en-es__original,
dico_phrasis_0001422__en-eu__flipped,
dico_phrasis_0001422__en-eu__original,
dico_phrasis_0001422__es-en__flipped,
dico_phrasis_0001422__es-en__original,
dico_phrasis_0001422__es-eu__flipped,
dico_phrasis_0001422__es-eu__original,
dico_phrasis_0001422__eu-en__flipped,
dico_phrasis_0001422__eu-en__original,
dico_phrasis_0001422__eu-es__flipped,
dico_phrasis_0001422__eu-es__original,
dico_phrasis_0001424__en-es__flipped,
dico_phrasis_0001424__en-es__original,
dico_phrasis_0001424__en-eu__flipped,
dico_phrasis_0001424__en-eu__original,
dico_phrasis_0001424__es-en__flipped,
dico_phrasis_0001424__es-en__original,
dico_phrasis_0001424__es-eu__flipped,
dico_phrasis_0001424__es-eu__original,
dico_phrasis_0001424__eu-en__flipped,
dico_phrasis_0001424__eu-en__original,
dico_phrasis_0001424__eu-es__flipped,
dico_phrasis_0001424__eu-es__original,
dico_phrasis_0001425__en-es__flipped,
dico_phrasis_0001425__en-es__original,
dico_phrasis_0001425__en-eu__flipped,
dico_phrasis_0001425__en-eu__original,
dico_phrasis_0001425__es-en__flipped,
dico_phrasis_0001425__es-en__original,
dico_phrasis_0001425__es-eu__flipped,
dico_phrasis_0001425__es-eu__original,
dico_phrasis_0001425__eu-en__flipped,
dico_phrasis_0001425__eu-en__original,
dico_phrasis_0001425__eu-es__flipped,
dico_phrasis_0001425__eu-es__original,
dico_phrasis_0001426__en-es__flipped,
dico_phrasis_0001426__en-es__original,
dico_phrasis_0001426__en-eu__flipped,
dico_phrasis_0001426__en-eu__original,
dico_phrasis_0001426__es-en__flipped,
dico_phrasis_0001426__es-en__original,
dico_phrasis_0001426__es-eu__flipped,
dico_phrasis_0001426__es-eu__original,
dico_phrasis_0001426__eu-en__flipped,
dico_phrasis_0001426__eu-en__original,
dico_phrasis_0001426__eu-es__flipped,
dico_phrasis_0001426__eu-es__original,
dico_phrasis_0001427__en-es__flipped,
dico_phrasis_0001427__en-es__original,
dico_phrasis_0001427__en-eu__flipped,
dico_phrasis_0001427__en-eu__original,
dico_phrasis_0001427__es-en__flipped,
dico_phrasis_0001427__es-en__original,
dico_phrasis_0001427__es-eu__flipped,
dico_phrasis_0001427__es-eu__original,
dico_phrasis_0001427__eu-en__flipped,
dico_phrasis_0001427__eu-en__original,
dico_phrasis_0001427__eu-es__flipped,
dico_phrasis_0001427__eu-es__original,
dico_phrasis_0001428__en-es__flipped,
dico_phrasis_0001428__en-es__original,
dico_phrasis_0001428__en-eu__flipped,
dico_phrasis_0001428__en-eu__original,
dico_phrasis_0001428__es-en__flipped,
dico_phrasis_0001428__es-en__original,
dico_phrasis_0001428__es-eu__flipped,
dico_phrasis_0001428__es-eu__original,
dico_phrasis_0001428__eu-en__flipped,
dico_phrasis_0001428__eu-en__original,
dico_phrasis_0001428__eu-es__flipped,
dico_phrasis_0001428__eu-es__original,
dico_phrasis_0001429__en-es__flipped,
dico_phrasis_0001429__en-es__original,
dico_phrasis_0001429__en-eu__flipped,
dico_phrasis_0001429__en-eu__original,
dico_phrasis_0001429__es-en__flipped,
dico_phrasis_0001429__es-en__original,
dico_phrasis_0001429__es-eu__flipped,
dico_phrasis_0001429__es-eu__original,
dico_phrasis_0001429__eu-en__flipped,
dico_phrasis_0001429__eu-en__original,
dico_phrasis_0001429__eu-es__flipped,
dico_phrasis_0001429__eu-es__original,
dico_phrasis_0001430__en-es__flipped,
dico_phrasis_0001430__en-es__original,
dico_phrasis_0001430__en-eu__flipped,
dico_phrasis_0001430__en-eu__original,
dico_phrasis_0001430__es-en__flipped,
dico_phrasis_0001430__es-en__original,
dico_phrasis_0001430__es-eu__flipped,
dico_phrasis_0001430__es-eu__original,
dico_phrasis_0001430__eu-en__flipped,
dico_phrasis_0001430__eu-en__original,
dico_phrasis_0001430__eu-es__flipped,
dico_phrasis_0001430__eu-es__original,
dico_phrasis_0001431__en-es__flipped,
dico_phrasis_0001431__en-es__original,
dico_phrasis_0001431__en-eu__flipped,
dico_phrasis_0001431__en-eu__original,
dico_phrasis_0001431__es-en__flipped,
dico_phrasis_0001431__es-en__original,
dico_phrasis_0001431__es-eu__flipped,
dico_phrasis_0001431__es-eu__original,
dico_phrasis_0001431__eu-en__flipped,
dico_phrasis_0001431__eu-en__original,
dico_phrasis_0001431__eu-es__flipped,
dico_phrasis_0001431__eu-es__original,
dico_phrasis_0001432__en-es__flipped,
dico_phrasis_0001432__en-es__original,
dico_phrasis_0001432__en-eu__flipped,
dico_phrasis_0001432__en-eu__original,
dico_phrasis_0001432__es-en__flipped,
dico_phrasis_0001432__es-en__original,
dico_phrasis_0001432__es-eu__flipped,
dico_phrasis_0001432__es-eu__original,
dico_phrasis_0001432__eu-en__flipped,
dico_phrasis_0001432__eu-en__original,
dico_phrasis_0001432__eu-es__flipped,
dico_phrasis_0001432__eu-es__original,
dico_phrasis_0001434__en-es__flipped,
dico_phrasis_0001434__en-es__original,
dico_phrasis_0001434__en-eu__flipped,
dico_phrasis_0001434__en-eu__original,
dico_phrasis_0001434__es-en__flipped,
dico_phrasis_0001434__es-en__original,
dico_phrasis_0001434__es-eu__flipped,
dico_phrasis_0001434__es-eu__original,
dico_phrasis_0001434__eu-en__flipped,
dico_phrasis_0001434__eu-en__original,
dico_phrasis_0001434__eu-es__flipped,
dico_phrasis_0001434__eu-es__original,
dico_phrasis_0001435__en-es__flipped,
dico_phrasis_0001435__en-es__original,
dico_phrasis_0001435__en-eu__flipped,
dico_phrasis_0001435__en-eu__original,
dico_phrasis_0001435__es-en__flipped,
dico_phrasis_0001435__es-en__original,
dico_phrasis_0001435__es-eu__flipped,
dico_phrasis_0001435__es-eu__original,
dico_phrasis_0001435__eu-en__flipped,
dico_phrasis_0001435__eu-en__original,
dico_phrasis_0001435__eu-es__flipped,
dico_phrasis_0001435__eu-es__original,
dico_phrasis_0001436__en-es__flipped,
dico_phrasis_0001436__en-es__original,
dico_phrasis_0001436__en-eu__flipped,
dico_phrasis_0001436__en-eu__original,
dico_phrasis_0001436__es-en__flipped,
dico_phrasis_0001436__es-en__original,
dico_phrasis_0001436__es-eu__flipped,
dico_phrasis_0001436__es-eu__original,
dico_phrasis_0001436__eu-en__flipped,
dico_phrasis_0001436__eu-en__original,
dico_phrasis_0001436__eu-es__flipped,
dico_phrasis_0001436__eu-es__original,
dico_phrasis_0001438__en-es__flipped,
dico_phrasis_0001438__en-es__original,
dico_phrasis_0001438__en-eu__flipped,
dico_phrasis_0001438__en-eu__original,
dico_phrasis_0001438__es-en__flipped,
dico_phrasis_0001438__es-en__original,
dico_phrasis_0001438__es-eu__flipped,
dico_phrasis_0001438__es-eu__original,
dico_phrasis_0001438__eu-en__flipped,
dico_phrasis_0001438__eu-en__original,
dico_phrasis_0001438__eu-es__flipped,
dico_phrasis_0001438__eu-es__original,
dico_phrasis_0001439__en-es__flipped,
dico_phrasis_0001439__en-es__original,
dico_phrasis_0001439__en-eu__flipped,
dico_phrasis_0001439__en-eu__original,
dico_phrasis_0001439__es-en__flipped,
dico_phrasis_0001439__es-en__original,
dico_phrasis_0001439__es-eu__flipped,
dico_phrasis_0001439__es-eu__original,
dico_phrasis_0001439__eu-en__flipped,
dico_phrasis_0001439__eu-en__original,
dico_phrasis_0001439__eu-es__flipped,
dico_phrasis_0001439__eu-es__original,
dico_phrasis_0001440__en-es__flipped,
dico_phrasis_0001440__en-es__original,
dico_phrasis_0001440__en-eu__flipped,
dico_phrasis_0001440__en-eu__original,
dico_phrasis_0001440__es-en__flipped,
dico_phrasis_0001440__es-en__original,
dico_phrasis_0001440__es-eu__flipped,
dico_phrasis_0001440__es-eu__original,
dico_phrasis_0001440__eu-en__flipped,
dico_phrasis_0001440__eu-en__original,
dico_phrasis_0001440__eu-es__flipped,
dico_phrasis_0001440__eu-es__original,
dico_phrasis_0001442__en-es__flipped,
dico_phrasis_0001442__en-es__original,
dico_phrasis_0001442__en-eu__flipped,
dico_phrasis_0001442__en-eu__original,
dico_phrasis_0001442__es-en__flipped,
dico_phrasis_0001442__es-en__original,
dico_phrasis_0001442__es-eu__flipped,
dico_phrasis_0001442__es-eu__original,
dico_phrasis_0001442__eu-en__flipped,
dico_phrasis_0001442__eu-en__original,
dico_phrasis_0001442__eu-es__flipped,
dico_phrasis_0001442__eu-es__original,
dico_phrasis_0001443__en-es__flipped,
dico_phrasis_0001443__en-es__original,
dico_phrasis_0001443__en-eu__flipped,
dico_phrasis_0001443__en-eu__original,
dico_phrasis_0001443__es-en__flipped,
dico_phrasis_0001443__es-en__original,
dico_phrasis_0001443__es-eu__flipped,
dico_phrasis_0001443__es-eu__original,
dico_phrasis_0001443__eu-en__flipped,
dico_phrasis_0001443__eu-en__original,
dico_phrasis_0001443__eu-es__flipped,
dico_phrasis_0001443__eu-es__original,
dico_phrasis_0001445__en-es__flipped,
dico_phrasis_0001445__en-es__original,
dico_phrasis_0001445__en-eu__flipped,
dico_phrasis_0001445__en-eu__original,
dico_phrasis_0001445__es-en__flipped,
dico_phrasis_0001445__es-en__original,
dico_phrasis_0001445__es-eu__flipped,
dico_phrasis_0001445__es-eu__original,
dico_phrasis_0001445__eu-en__flipped,
dico_phrasis_0001445__eu-en__original,
dico_phrasis_0001445__eu-es__flipped,
dico_phrasis_0001445__eu-es__original,
dico_phrasis_0001448__en-es__flipped,
dico_phrasis_0001448__en-es__original,
dico_phrasis_0001448__en-eu__flipped,
dico_phrasis_0001448__en-eu__original,
dico_phrasis_0001448__es-en__flipped,
dico_phrasis_0001448__es-en__original,
dico_phrasis_0001448__es-eu__flipped,
dico_phrasis_0001448__es-eu__original,
dico_phrasis_0001448__eu-en__flipped,
dico_phrasis_0001448__eu-en__original,
dico_phrasis_0001448__eu-es__flipped,
dico_phrasis_0001448__eu-es__original,
dico_phrasis_0001449__en-es__flipped,
dico_phrasis_0001449__en-es__original,
dico_phrasis_0001449__en-eu__flipped,
dico_phrasis_0001449__en-eu__original,
dico_phrasis_0001449__es-en__flipped,
dico_phrasis_0001449__es-en__original,
dico_phrasis_0001449__es-eu__flipped,
dico_phrasis_0001449__es-eu__original,
dico_phrasis_0001449__eu-en__flipped,
dico_phrasis_0001449__eu-en__original,
dico_phrasis_0001449__eu-es__flipped,
dico_phrasis_0001449__eu-es__original,
dico_phrasis_0001450__en-es__flipped,
dico_phrasis_0001450__en-es__original,
dico_phrasis_0001450__en-eu__flipped,
dico_phrasis_0001450__en-eu__original,
dico_phrasis_0001450__es-en__flipped,
dico_phrasis_0001450__es-en__original,
dico_phrasis_0001450__es-eu__flipped,
dico_phrasis_0001450__es-eu__original,
dico_phrasis_0001450__eu-en__flipped,
dico_phrasis_0001450__eu-en__original,
dico_phrasis_0001450__eu-es__flipped,
dico_phrasis_0001450__eu-es__original,
dico_phrasis_0001452__en-es__flipped,
dico_phrasis_0001452__en-es__original,
dico_phrasis_0001452__en-eu__flipped,
dico_phrasis_0001452__en-eu__original,
dico_phrasis_0001452__es-en__flipped,
dico_phrasis_0001452__es-en__original,
dico_phrasis_0001452__es-eu__flipped,
dico_phrasis_0001452__es-eu__original,
dico_phrasis_0001452__eu-en__flipped,
dico_phrasis_0001452__eu-en__original,
dico_phrasis_0001452__eu-es__flipped,
dico_phrasis_0001452__eu-es__original,
dico_phrasis_0001453__en-es__flipped,
dico_phrasis_0001453__en-es__original,
dico_phrasis_0001453__en-eu__flipped,
dico_phrasis_0001453__en-eu__original,
dico_phrasis_0001453__es-en__flipped,
dico_phrasis_0001453__es-en__original,
dico_phrasis_0001453__es-eu__flipped,
dico_phrasis_0001453__es-eu__original,
dico_phrasis_0001453__eu-en__flipped,
dico_phrasis_0001453__eu-en__original,
dico_phrasis_0001453__eu-es__flipped,
dico_phrasis_0001453__eu-es__original,
dico_phrasis_0001454__en-es__flipped,
dico_phrasis_0001454__en-es__original,
dico_phrasis_0001454__en-eu__flipped,
dico_phrasis_0001454__en-eu__original,
dico_phrasis_0001454__es-en__flipped,
dico_phrasis_0001454__es-en__original,
dico_phrasis_0001454__es-eu__flipped,
dico_phrasis_0001454__es-eu__original,
dico_phrasis_0001454__eu-en__flipped,
dico_phrasis_0001454__eu-en__original,
dico_phrasis_0001454__eu-es__flipped,
dico_phrasis_0001454__eu-es__original,
dico_phrasis_0001455__en-es__flipped,
dico_phrasis_0001455__en-es__original,
dico_phrasis_0001455__en-eu__flipped,
dico_phrasis_0001455__en-eu__original,
dico_phrasis_0001455__es-en__flipped,
dico_phrasis_0001455__es-en__original,
dico_phrasis_0001455__es-eu__flipped,
dico_phrasis_0001455__es-eu__original,
dico_phrasis_0001455__eu-en__flipped,
dico_phrasis_0001455__eu-en__original,
dico_phrasis_0001455__eu-es__flipped,
dico_phrasis_0001455__eu-es__original,
dico_phrasis_0001459__en-es__flipped,
dico_phrasis_0001459__en-es__original,
dico_phrasis_0001459__en-eu__flipped,
dico_phrasis_0001459__en-eu__original,
dico_phrasis_0001459__es-en__flipped,
dico_phrasis_0001459__es-en__original,
dico_phrasis_0001459__es-eu__flipped,
dico_phrasis_0001459__es-eu__original,
dico_phrasis_0001459__eu-en__flipped,
dico_phrasis_0001459__eu-en__original,
dico_phrasis_0001459__eu-es__flipped,
dico_phrasis_0001459__eu-es__original,
dico_phrasis_0001460__en-es__flipped,
dico_phrasis_0001460__en-es__original,
dico_phrasis_0001460__en-eu__flipped,
dico_phrasis_0001460__en-eu__original,
dico_phrasis_0001460__es-en__flipped,
dico_phrasis_0001460__es-en__original,
dico_phrasis_0001460__es-eu__flipped,
dico_phrasis_0001460__es-eu__original,
dico_phrasis_0001460__eu-en__flipped,
dico_phrasis_0001460__eu-en__original,
dico_phrasis_0001460__eu-es__flipped,
dico_phrasis_0001460__eu-es__original,
dico_phrasis_0001462__en-es__flipped,
dico_phrasis_0001462__en-es__original,
dico_phrasis_0001462__en-eu__flipped,
dico_phrasis_0001462__en-eu__original,
dico_phrasis_0001462__es-en__flipped,
dico_phrasis_0001462__es-en__original,
dico_phrasis_0001462__es-eu__flipped,
dico_phrasis_0001462__es-eu__original,
dico_phrasis_0001462__eu-en__flipped,
dico_phrasis_0001462__eu-en__original,
dico_phrasis_0001462__eu-es__flipped,
dico_phrasis_0001462__eu-es__original,
dico_phrasis_0001463__en-es__flipped,
dico_phrasis_0001463__en-es__original,
dico_phrasis_0001463__en-eu__flipped,
dico_phrasis_0001463__en-eu__original,
dico_phrasis_0001463__es-en__flipped,
dico_phrasis_0001463__es-en__original,
dico_phrasis_0001463__es-eu__flipped,
dico_phrasis_0001463__es-eu__original,
dico_phrasis_0001463__eu-en__flipped,
dico_phrasis_0001463__eu-en__original,
dico_phrasis_0001463__eu-es__flipped,
dico_phrasis_0001463__eu-es__original,
dico_phrasis_0001464__en-es__flipped,
dico_phrasis_0001464__en-es__original,
dico_phrasis_0001464__en-eu__flipped,
dico_phrasis_0001464__en-eu__original,
dico_phrasis_0001464__es-en__flipped,
dico_phrasis_0001464__es-en__original,
dico_phrasis_0001464__es-eu__flipped,
dico_phrasis_0001464__es-eu__original,
dico_phrasis_0001464__eu-en__flipped,
dico_phrasis_0001464__eu-en__original,
dico_phrasis_0001464__eu-es__flipped,
dico_phrasis_0001464__eu-es__original,
dico_phrasis_0001466__en-es__flipped,
dico_phrasis_0001466__en-es__original,
dico_phrasis_0001466__en-eu__flipped,
dico_phrasis_0001466__en-eu__original,
dico_phrasis_0001466__es-en__flipped,
dico_phrasis_0001466__es-en__original,
dico_phrasis_0001466__es-eu__flipped,
dico_phrasis_0001466__es-eu__original,
dico_phrasis_0001466__eu-en__flipped,
dico_phrasis_0001466__eu-en__original,
dico_phrasis_0001466__eu-es__flipped,
dico_phrasis_0001466__eu-es__original,
dico_phrasis_0001467__en-es__flipped,
dico_phrasis_0001467__en-es__original,
dico_phrasis_0001467__en-eu__flipped,
dico_phrasis_0001467__en-eu__original,
dico_phrasis_0001467__es-en__flipped,
dico_phrasis_0001467__es-en__original,
dico_phrasis_0001467__es-eu__flipped,
dico_phrasis_0001467__es-eu__original,
dico_phrasis_0001467__eu-en__flipped,
dico_phrasis_0001467__eu-en__original,
dico_phrasis_0001467__eu-es__flipped,
dico_phrasis_0001467__eu-es__original,
dico_phrasis_0001469__en-es__flipped,
dico_phrasis_0001469__en-es__original,
dico_phrasis_0001469__en-eu__flipped,
dico_phrasis_0001469__en-eu__original,
dico_phrasis_0001469__es-en__flipped,
dico_phrasis_0001469__es-en__original,
dico_phrasis_0001469__es-eu__flipped,
dico_phrasis_0001469__es-eu__original,
dico_phrasis_0001469__eu-en__flipped,
dico_phrasis_0001469__eu-en__original,
dico_phrasis_0001469__eu-es__flipped,
dico_phrasis_0001469__eu-es__original,
dico_phrasis_0001470__en-es__flipped,
dico_phrasis_0001470__en-es__original,
dico_phrasis_0001470__en-eu__flipped,
dico_phrasis_0001470__en-eu__original,
dico_phrasis_0001470__es-en__flipped,
dico_phrasis_0001470__es-en__original,
dico_phrasis_0001470__es-eu__flipped,
dico_phrasis_0001470__es-eu__original,
dico_phrasis_0001470__eu-en__flipped,
dico_phrasis_0001470__eu-en__original,
dico_phrasis_0001470__eu-es__flipped,
dico_phrasis_0001470__eu-es__original,
dico_phrasis_0001471__en-es__flipped,
dico_phrasis_0001471__en-es__original,
dico_phrasis_0001471__en-eu__flipped,
dico_phrasis_0001471__en-eu__original,
dico_phrasis_0001471__es-en__flipped,
dico_phrasis_0001471__es-en__original,
dico_phrasis_0001471__es-eu__flipped,
dico_phrasis_0001471__es-eu__original,
dico_phrasis_0001471__eu-en__flipped,
dico_phrasis_0001471__eu-en__original,
dico_phrasis_0001471__eu-es__flipped,
dico_phrasis_0001471__eu-es__original,
dico_phrasis_0001473__en-es__flipped,
dico_phrasis_0001473__en-es__original,
dico_phrasis_0001473__en-eu__flipped,
dico_phrasis_0001473__en-eu__original,
dico_phrasis_0001473__es-en__flipped,
dico_phrasis_0001473__es-en__original,
dico_phrasis_0001473__es-eu__flipped,
dico_phrasis_0001473__es-eu__original,
dico_phrasis_0001473__eu-en__flipped,
dico_phrasis_0001473__eu-en__original,
dico_phrasis_0001473__eu-es__flipped,
dico_phrasis_0001473__eu-es__original,
dico_phrasis_0001474__en-es__flipped,
dico_phrasis_0001474__en-es__original,
dico_phrasis_0001474__en-eu__flipped,
dico_phrasis_0001474__en-eu__original,
dico_phrasis_0001474__es-en__flipped,
dico_phrasis_0001474__es-en__original,
dico_phrasis_0001474__es-eu__flipped,
dico_phrasis_0001474__es-eu__original,
dico_phrasis_0001474__eu-en__flipped,
dico_phrasis_0001474__eu-en__original,
dico_phrasis_0001474__eu-es__flipped,
dico_phrasis_0001474__eu-es__original,
dico_phrasis_0001476__en-es__flipped,
dico_phrasis_0001476__en-es__original,
dico_phrasis_0001476__en-eu__flipped,
dico_phrasis_0001476__en-eu__original,
dico_phrasis_0001476__es-en__flipped,
dico_phrasis_0001476__es-en__original,
dico_phrasis_0001476__es-eu__flipped,
dico_phrasis_0001476__es-eu__original,
dico_phrasis_0001476__eu-en__flipped,
dico_phrasis_0001476__eu-en__original,
dico_phrasis_0001476__eu-es__flipped,
dico_phrasis_0001476__eu-es__original,
dico_phrasis_0001477__en-es__flipped,
dico_phrasis_0001477__en-es__original,
dico_phrasis_0001477__en-eu__flipped,
dico_phrasis_0001477__en-eu__original,
dico_phrasis_0001477__es-en__flipped,
dico_phrasis_0001477__es-en__original,
dico_phrasis_0001477__es-eu__flipped,
dico_phrasis_0001477__es-eu__original,
dico_phrasis_0001477__eu-en__flipped,
dico_phrasis_0001477__eu-en__original,
dico_phrasis_0001477__eu-es__flipped,
dico_phrasis_0001477__eu-es__original,
dico_phrasis_0001478__en-es__flipped,
dico_phrasis_0001478__en-es__original,
dico_phrasis_0001478__en-eu__flipped,
dico_phrasis_0001478__en-eu__original,
dico_phrasis_0001478__es-en__flipped,
dico_phrasis_0001478__es-en__original,
dico_phrasis_0001478__es-eu__flipped,
dico_phrasis_0001478__es-eu__original,
dico_phrasis_0001478__eu-en__flipped,
dico_phrasis_0001478__eu-en__original,
dico_phrasis_0001478__eu-es__flipped,
dico_phrasis_0001478__eu-es__original,
dico_phrasis_0001480__en-es__flipped,
dico_phrasis_0001480__en-es__original,
dico_phrasis_0001480__en-eu__flipped,
dico_phrasis_0001480__en-eu__original,
dico_phrasis_0001480__es-en__flipped,
dico_phrasis_0001480__es-en__original,
dico_phrasis_0001480__es-eu__flipped,
dico_phrasis_0001480__es-eu__original,
dico_phrasis_0001480__eu-en__flipped,
dico_phrasis_0001480__eu-en__original,
dico_phrasis_0001480__eu-es__flipped,
dico_phrasis_0001480__eu-es__original,
dico_phrasis_0001481__en-es__flipped,
dico_phrasis_0001481__en-es__original,
dico_phrasis_0001481__en-eu__flipped,
dico_phrasis_0001481__en-eu__original,
dico_phrasis_0001481__es-en__flipped,
dico_phrasis_0001481__es-en__original,
dico_phrasis_0001481__es-eu__flipped,
dico_phrasis_0001481__es-eu__original,
dico_phrasis_0001481__eu-en__flipped,
dico_phrasis_0001481__eu-en__original,
dico_phrasis_0001481__eu-es__flipped,
dico_phrasis_0001481__eu-es__original,
dico_phrasis_0001482__en-es__flipped,
dico_phrasis_0001482__en-es__original,
dico_phrasis_0001482__en-eu__flipped,
dico_phrasis_0001482__en-eu__original,
dico_phrasis_0001482__es-en__flipped,
dico_phrasis_0001482__es-en__original,
dico_phrasis_0001482__es-eu__flipped,
dico_phrasis_0001482__es-eu__original,
dico_phrasis_0001482__eu-en__flipped,
dico_phrasis_0001482__eu-en__original,
dico_phrasis_0001482__eu-es__flipped,
dico_phrasis_0001482__eu-es__original,
dico_phrasis_0001483__en-es__flipped,
dico_phrasis_0001483__en-es__original,
dico_phrasis_0001483__en-eu__flipped,
dico_phrasis_0001483__en-eu__original,
dico_phrasis_0001483__es-en__flipped,
dico_phrasis_0001483__es-en__original,
dico_phrasis_0001483__es-eu__flipped,
dico_phrasis_0001483__es-eu__original,
dico_phrasis_0001483__eu-en__flipped,
dico_phrasis_0001483__eu-en__original,
dico_phrasis_0001483__eu-es__flipped,
dico_phrasis_0001483__eu-es__original,
dico_phrasis_0001485__en-es__flipped,
dico_phrasis_0001485__en-es__original,
dico_phrasis_0001485__en-eu__flipped,
dico_phrasis_0001485__en-eu__original,
dico_phrasis_0001485__es-en__flipped,
dico_phrasis_0001485__es-en__original,
dico_phrasis_0001485__es-eu__flipped,
dico_phrasis_0001485__es-eu__original,
dico_phrasis_0001485__eu-en__flipped,
dico_phrasis_0001485__eu-en__original,
dico_phrasis_0001485__eu-es__flipped,
dico_phrasis_0001485__eu-es__original,
dico_phrasis_0001489__en-es__flipped,
dico_phrasis_0001489__en-es__original,
dico_phrasis_0001489__en-eu__flipped,
dico_phrasis_0001489__en-eu__original,
dico_phrasis_0001489__es-en__flipped,
dico_phrasis_0001489__es-en__original,
dico_phrasis_0001489__es-eu__flipped,
dico_phrasis_0001489__es-eu__original,
dico_phrasis_0001489__eu-en__flipped,
dico_phrasis_0001489__eu-en__original,
dico_phrasis_0001489__eu-es__flipped,
dico_phrasis_0001489__eu-es__original,
dico_phrasis_0001490__en-es__flipped,
dico_phrasis_0001490__en-es__original,
dico_phrasis_0001490__en-eu__flipped,
dico_phrasis_0001490__en-eu__original,
dico_phrasis_0001490__es-en__flipped,
dico_phrasis_0001490__es-en__original,
dico_phrasis_0001490__es-eu__flipped,
dico_phrasis_0001490__es-eu__original,
dico_phrasis_0001490__eu-en__flipped,
dico_phrasis_0001490__eu-en__original,
dico_phrasis_0001490__eu-es__flipped,
dico_phrasis_0001490__eu-es__original,
dico_phrasis_0001492__en-es__flipped,
dico_phrasis_0001492__en-es__original,
dico_phrasis_0001492__en-eu__flipped,
dico_phrasis_0001492__en-eu__original,
dico_phrasis_0001492__es-en__flipped,
dico_phrasis_0001492__es-en__original,
dico_phrasis_0001492__es-eu__flipped,
dico_phrasis_0001492__es-eu__original,
dico_phrasis_0001492__eu-en__flipped,
dico_phrasis_0001492__eu-en__original,
dico_phrasis_0001492__eu-es__flipped,
dico_phrasis_0001492__eu-es__original,
dico_phrasis_0001494__en-es__flipped,
dico_phrasis_0001494__en-es__original,
dico_phrasis_0001494__en-eu__flipped,
dico_phrasis_0001494__en-eu__original,
dico_phrasis_0001494__es-en__flipped,
dico_phrasis_0001494__es-en__original,
dico_phrasis_0001494__es-eu__flipped,
dico_phrasis_0001494__es-eu__original,
dico_phrasis_0001494__eu-en__flipped,
dico_phrasis_0001494__eu-en__original,
dico_phrasis_0001494__eu-es__flipped,
dico_phrasis_0001494__eu-es__original,
dico_phrasis_0001495__en-es__flipped,
dico_phrasis_0001495__en-es__original,
dico_phrasis_0001495__en-eu__flipped,
dico_phrasis_0001495__en-eu__original,
dico_phrasis_0001495__es-en__flipped,
dico_phrasis_0001495__es-en__original,
dico_phrasis_0001495__es-eu__flipped,
dico_phrasis_0001495__es-eu__original,
dico_phrasis_0001495__eu-en__flipped,
dico_phrasis_0001495__eu-en__original,
dico_phrasis_0001495__eu-es__flipped,
dico_phrasis_0001495__eu-es__original,
dico_phrasis_0001496__en-es__flipped,
dico_phrasis_0001496__en-es__original,
dico_phrasis_0001496__en-eu__flipped,
dico_phrasis_0001496__en-eu__original,
dico_phrasis_0001496__es-en__flipped,
dico_phrasis_0001496__es-en__original,
dico_phrasis_0001496__es-eu__flipped,
dico_phrasis_0001496__es-eu__original,
dico_phrasis_0001496__eu-en__flipped,
dico_phrasis_0001496__eu-en__original,
dico_phrasis_0001496__eu-es__flipped,
dico_phrasis_0001496__eu-es__original,
dico_phrasis_0001497__en-es__flipped,
dico_phrasis_0001497__en-es__original,
dico_phrasis_0001497__en-eu__flipped,
dico_phrasis_0001497__en-eu__original,
dico_phrasis_0001497__es-en__flipped,
dico_phrasis_0001497__es-en__original,
dico_phrasis_0001497__es-eu__flipped,
dico_phrasis_0001497__es-eu__original,
dico_phrasis_0001497__eu-en__flipped,
dico_phrasis_0001497__eu-en__original,
dico_phrasis_0001497__eu-es__flipped,
dico_phrasis_0001497__eu-es__original,
dico_phrasis_0001498__en-es__flipped,
dico_phrasis_0001498__en-es__original,
dico_phrasis_0001498__en-eu__flipped,
dico_phrasis_0001498__en-eu__original,
dico_phrasis_0001498__es-en__flipped,
dico_phrasis_0001498__es-en__original,
dico_phrasis_0001498__es-eu__flipped,
dico_phrasis_0001498__es-eu__original,
dico_phrasis_0001498__eu-en__flipped,
dico_phrasis_0001498__eu-en__original,
dico_phrasis_0001498__eu-es__flipped,
dico_phrasis_0001498__eu-es__original,
dico_phrasis_0001499__en-es__flipped,
dico_phrasis_0001499__en-es__original,
dico_phrasis_0001499__en-eu__flipped,
dico_phrasis_0001499__en-eu__original,
dico_phrasis_0001499__es-en__flipped,
dico_phrasis_0001499__es-en__original,
dico_phrasis_0001499__es-eu__flipped,
dico_phrasis_0001499__es-eu__original,
dico_phrasis_0001499__eu-en__flipped,
dico_phrasis_0001499__eu-en__original,
dico_phrasis_0001499__eu-es__flipped,
dico_phrasis_0001499__eu-es__original,
dico_phrasis_0001500__en-es__flipped,
dico_phrasis_0001500__en-es__original,
dico_phrasis_0001500__en-eu__flipped,
dico_phrasis_0001500__en-eu__original,
dico_phrasis_0001500__es-en__flipped,
dico_phrasis_0001500__es-en__original,
dico_phrasis_0001500__es-eu__flipped,
dico_phrasis_0001500__es-eu__original,
dico_phrasis_0001500__eu-en__flipped,
dico_phrasis_0001500__eu-en__original,
dico_phrasis_0001500__eu-es__flipped,
dico_phrasis_0001500__eu-es__original,
dico_phrasis_0001502__en-es__flipped,
dico_phrasis_0001502__en-es__original,
dico_phrasis_0001502__en-eu__flipped,
dico_phrasis_0001502__en-eu__original,
dico_phrasis_0001502__es-en__flipped,
dico_phrasis_0001502__es-en__original,
dico_phrasis_0001502__es-eu__flipped,
dico_phrasis_0001502__es-eu__original,
dico_phrasis_0001502__eu-en__flipped,
dico_phrasis_0001502__eu-en__original,
dico_phrasis_0001502__eu-es__flipped,
dico_phrasis_0001502__eu-es__original,
dico_phrasis_0001504__en-es__flipped,
dico_phrasis_0001504__en-es__original,
dico_phrasis_0001504__en-eu__flipped,
dico_phrasis_0001504__en-eu__original,
dico_phrasis_0001504__es-en__flipped,
dico_phrasis_0001504__es-en__original,
dico_phrasis_0001504__es-eu__flipped,
dico_phrasis_0001504__es-eu__original,
dico_phrasis_0001504__eu-en__flipped,
dico_phrasis_0001504__eu-en__original,
dico_phrasis_0001504__eu-es__flipped,
dico_phrasis_0001504__eu-es__original,
dico_phrasis_0001507__en-es__flipped,
dico_phrasis_0001507__en-es__original,
dico_phrasis_0001507__en-eu__flipped,
dico_phrasis_0001507__en-eu__original,
dico_phrasis_0001507__es-en__flipped,
dico_phrasis_0001507__es-en__original,
dico_phrasis_0001507__es-eu__flipped,
dico_phrasis_0001507__es-eu__original,
dico_phrasis_0001507__eu-en__flipped,
dico_phrasis_0001507__eu-en__original,
dico_phrasis_0001507__eu-es__flipped,
dico_phrasis_0001507__eu-es__original,
dico_phrasis_0001508__en-es__flipped,
dico_phrasis_0001508__en-es__original,
dico_phrasis_0001508__en-eu__flipped,
dico_phrasis_0001508__en-eu__original,
dico_phrasis_0001508__es-en__flipped,
dico_phrasis_0001508__es-en__original,
dico_phrasis_0001508__es-eu__flipped,
dico_phrasis_0001508__es-eu__original,
dico_phrasis_0001508__eu-en__flipped,
dico_phrasis_0001508__eu-en__original,
dico_phrasis_0001508__eu-es__flipped,
dico_phrasis_0001508__eu-es__original,
dico_phrasis_0001509__en-es__flipped,
dico_phrasis_0001509__en-es__original,
dico_phrasis_0001509__en-eu__flipped,
dico_phrasis_0001509__en-eu__original,
dico_phrasis_0001509__es-en__flipped,
dico_phrasis_0001509__es-en__original,
dico_phrasis_0001509__es-eu__flipped,
dico_phrasis_0001509__es-eu__original,
dico_phrasis_0001509__eu-en__flipped,
dico_phrasis_0001509__eu-en__original,
dico_phrasis_0001509__eu-es__flipped,
dico_phrasis_0001509__eu-es__original,
dico_phrasis_0001510__en-es__flipped,
dico_phrasis_0001510__en-es__original,
dico_phrasis_0001510__en-eu__flipped,
dico_phrasis_0001510__en-eu__original,
dico_phrasis_0001510__es-en__flipped,
dico_phrasis_0001510__es-en__original,
dico_phrasis_0001510__es-eu__flipped,
dico_phrasis_0001510__es-eu__original,
dico_phrasis_0001510__eu-en__flipped,
dico_phrasis_0001510__eu-en__original,
dico_phrasis_0001510__eu-es__flipped,
dico_phrasis_0001510__eu-es__original,
dico_phrasis_0001512__en-es__flipped,
dico_phrasis_0001512__en-es__original,
dico_phrasis_0001512__en-eu__flipped,
dico_phrasis_0001512__en-eu__original,
dico_phrasis_0001512__es-en__flipped,
dico_phrasis_0001512__es-en__original,
dico_phrasis_0001512__es-eu__flipped,
dico_phrasis_0001512__es-eu__original,
dico_phrasis_0001512__eu-en__flipped,
dico_phrasis_0001512__eu-en__original,
dico_phrasis_0001512__eu-es__flipped,
dico_phrasis_0001512__eu-es__original,
dico_phrasis_0001513__en-es__flipped,
dico_phrasis_0001513__en-es__original,
dico_phrasis_0001513__en-eu__flipped,
dico_phrasis_0001513__en-eu__original,
dico_phrasis_0001513__es-en__flipped,
dico_phrasis_0001513__es-en__original,
dico_phrasis_0001513__es-eu__flipped,
dico_phrasis_0001513__es-eu__original,
dico_phrasis_0001513__eu-en__flipped,
dico_phrasis_0001513__eu-en__original,
dico_phrasis_0001513__eu-es__flipped,
dico_phrasis_0001513__eu-es__original,
dico_phrasis_0001514__en-es__flipped,
dico_phrasis_0001514__en-es__original,
dico_phrasis_0001514__en-eu__flipped,
dico_phrasis_0001514__en-eu__original,
dico_phrasis_0001514__es-en__flipped,
dico_phrasis_0001514__es-en__original,
dico_phrasis_0001514__es-eu__flipped,
dico_phrasis_0001514__es-eu__original,
dico_phrasis_0001514__eu-en__flipped,
dico_phrasis_0001514__eu-en__original,
dico_phrasis_0001514__eu-es__flipped,
dico_phrasis_0001514__eu-es__original,
dico_phrasis_0001515__en-es__flipped,
dico_phrasis_0001515__en-es__original,
dico_phrasis_0001515__en-eu__flipped,
dico_phrasis_0001515__en-eu__original,
dico_phrasis_0001515__es-en__flipped,
dico_phrasis_0001515__es-en__original,
dico_phrasis_0001515__es-eu__flipped,
dico_phrasis_0001515__es-eu__original,
dico_phrasis_0001515__eu-en__flipped,
dico_phrasis_0001515__eu-en__original,
dico_phrasis_0001515__eu-es__flipped,
dico_phrasis_0001515__eu-es__original,
dico_phrasis_0001516__en-es__flipped,
dico_phrasis_0001516__en-es__original,
dico_phrasis_0001516__en-eu__flipped,
dico_phrasis_0001516__en-eu__original,
dico_phrasis_0001516__es-en__flipped,
dico_phrasis_0001516__es-en__original,
dico_phrasis_0001516__es-eu__flipped,
dico_phrasis_0001516__es-eu__original,
dico_phrasis_0001516__eu-en__flipped,
dico_phrasis_0001516__eu-en__original,
dico_phrasis_0001516__eu-es__flipped,
dico_phrasis_0001516__eu-es__original,
dico_phrasis_0001517__en-es__flipped,
dico_phrasis_0001517__en-es__original,
dico_phrasis_0001517__en-eu__flipped,
dico_phrasis_0001517__en-eu__original,
dico_phrasis_0001517__es-en__flipped,
dico_phrasis_0001517__es-en__original,
dico_phrasis_0001517__es-eu__flipped,
dico_phrasis_0001517__es-eu__original,
dico_phrasis_0001517__eu-en__flipped,
dico_phrasis_0001517__eu-en__original,
dico_phrasis_0001517__eu-es__flipped,
dico_phrasis_0001517__eu-es__original,
dico_phrasis_0001518__en-es__flipped,
dico_phrasis_0001518__en-es__original,
dico_phrasis_0001518__en-eu__flipped,
dico_phrasis_0001518__en-eu__original,
dico_phrasis_0001518__es-en__flipped,
dico_phrasis_0001518__es-en__original,
dico_phrasis_0001518__es-eu__flipped,
dico_phrasis_0001518__es-eu__original,
dico_phrasis_0001518__eu-en__flipped,
dico_phrasis_0001518__eu-en__original,
dico_phrasis_0001518__eu-es__flipped,
dico_phrasis_0001518__eu-es__original,
dico_phrasis_0001519__en-es__flipped,
dico_phrasis_0001519__en-es__original,
dico_phrasis_0001519__en-eu__flipped,
dico_phrasis_0001519__en-eu__original,
dico_phrasis_0001519__es-en__flipped,
dico_phrasis_0001519__es-en__original,
dico_phrasis_0001519__es-eu__flipped,
dico_phrasis_0001519__es-eu__original,
dico_phrasis_0001519__eu-en__flipped,
dico_phrasis_0001519__eu-en__original,
dico_phrasis_0001519__eu-es__flipped,
dico_phrasis_0001519__eu-es__original,
dico_phrasis_0001520__en-es__flipped,
dico_phrasis_0001520__en-es__original,
dico_phrasis_0001520__en-eu__flipped,
dico_phrasis_0001520__en-eu__original,
dico_phrasis_0001520__es-en__flipped,
dico_phrasis_0001520__es-en__original,
dico_phrasis_0001520__es-eu__flipped,
dico_phrasis_0001520__es-eu__original,
dico_phrasis_0001520__eu-en__flipped,
dico_phrasis_0001520__eu-en__original,
dico_phrasis_0001520__eu-es__flipped,
dico_phrasis_0001520__eu-es__original,
dico_phrasis_0001522__en-es__flipped,
dico_phrasis_0001522__en-es__original,
dico_phrasis_0001522__en-eu__flipped,
dico_phrasis_0001522__en-eu__original,
dico_phrasis_0001522__es-en__flipped,
dico_phrasis_0001522__es-en__original,
dico_phrasis_0001522__es-eu__flipped,
dico_phrasis_0001522__es-eu__original,
dico_phrasis_0001522__eu-en__flipped,
dico_phrasis_0001522__eu-en__original,
dico_phrasis_0001522__eu-es__flipped,
dico_phrasis_0001522__eu-es__original,
dico_phrasis_0001524__en-es__flipped,
dico_phrasis_0001524__en-es__original,
dico_phrasis_0001524__en-eu__flipped,
dico_phrasis_0001524__en-eu__original,
dico_phrasis_0001524__es-en__flipped,
dico_phrasis_0001524__es-en__original,
dico_phrasis_0001524__es-eu__flipped,
dico_phrasis_0001524__es-eu__original,
dico_phrasis_0001524__eu-en__flipped,
dico_phrasis_0001524__eu-en__original,
dico_phrasis_0001524__eu-es__flipped,
dico_phrasis_0001524__eu-es__original,
dico_phrasis_0001526__en-es__flipped,
dico_phrasis_0001526__en-es__original,
dico_phrasis_0001526__en-eu__flipped,
dico_phrasis_0001526__en-eu__original,
dico_phrasis_0001526__es-en__flipped,
dico_phrasis_0001526__es-en__original,
dico_phrasis_0001526__es-eu__flipped,
dico_phrasis_0001526__es-eu__original,
dico_phrasis_0001526__eu-en__flipped,
dico_phrasis_0001526__eu-en__original,
dico_phrasis_0001526__eu-es__flipped,
dico_phrasis_0001526__eu-es__original,
dico_phrasis_0001528__en-es__flipped,
dico_phrasis_0001528__en-es__original,
dico_phrasis_0001528__en-eu__flipped,
dico_phrasis_0001528__en-eu__original,
dico_phrasis_0001528__es-en__flipped,
dico_phrasis_0001528__es-en__original,
dico_phrasis_0001528__es-eu__flipped,
dico_phrasis_0001528__es-eu__original,
dico_phrasis_0001528__eu-en__flipped,
dico_phrasis_0001528__eu-en__original,
dico_phrasis_0001528__eu-es__flipped,
dico_phrasis_0001528__eu-es__original,
dico_phrasis_0001529__en-es__flipped,
dico_phrasis_0001529__en-es__original,
dico_phrasis_0001529__en-eu__flipped,
dico_phrasis_0001529__en-eu__original,
dico_phrasis_0001529__es-en__flipped,
dico_phrasis_0001529__es-en__original,
dico_phrasis_0001529__es-eu__flipped,
dico_phrasis_0001529__es-eu__original,
dico_phrasis_0001529__eu-en__flipped,
dico_phrasis_0001529__eu-en__original,
dico_phrasis_0001529__eu-es__flipped,
dico_phrasis_0001529__eu-es__original,
dico_phrasis_0001531__en-es__flipped,
dico_phrasis_0001531__en-es__original,
dico_phrasis_0001531__en-eu__flipped,
dico_phrasis_0001531__en-eu__original,
dico_phrasis_0001531__es-en__flipped,
dico_phrasis_0001531__es-en__original,
dico_phrasis_0001531__es-eu__flipped,
dico_phrasis_0001531__es-eu__original,
dico_phrasis_0001531__eu-en__flipped,
dico_phrasis_0001531__eu-en__original,
dico_phrasis_0001531__eu-es__flipped,
dico_phrasis_0001531__eu-es__original,
dico_phrasis_0001532__en-es__flipped,
dico_phrasis_0001532__en-es__original,
dico_phrasis_0001532__en-eu__flipped,
dico_phrasis_0001532__en-eu__original,
dico_phrasis_0001532__es-en__flipped,
dico_phrasis_0001532__es-en__original,
dico_phrasis_0001532__es-eu__flipped,
dico_phrasis_0001532__es-eu__original,
dico_phrasis_0001532__eu-en__flipped,
dico_phrasis_0001532__eu-en__original,
dico_phrasis_0001532__eu-es__flipped,
dico_phrasis_0001532__eu-es__original,
dico_phrasis_0001533__en-es__flipped,
dico_phrasis_0001533__en-es__original,
dico_phrasis_0001533__en-eu__flipped,
dico_phrasis_0001533__en-eu__original,
dico_phrasis_0001533__es-en__flipped,
dico_phrasis_0001533__es-en__original,
dico_phrasis_0001533__es-eu__flipped,
dico_phrasis_0001533__es-eu__original,
dico_phrasis_0001533__eu-en__flipped,
dico_phrasis_0001533__eu-en__original,
dico_phrasis_0001533__eu-es__flipped,
dico_phrasis_0001533__eu-es__original,
dico_phrasis_0001534__en-es__flipped,
dico_phrasis_0001534__en-es__original,
dico_phrasis_0001534__en-eu__flipped,
dico_phrasis_0001534__en-eu__original,
dico_phrasis_0001534__es-en__flipped,
dico_phrasis_0001534__es-en__original,
dico_phrasis_0001534__es-eu__flipped,
dico_phrasis_0001534__es-eu__original,
dico_phrasis_0001534__eu-en__flipped,
dico_phrasis_0001534__eu-en__original,
dico_phrasis_0001534__eu-es__flipped,
dico_phrasis_0001534__eu-es__original,
dico_phrasis_0001535__en-es__flipped,
dico_phrasis_0001535__en-es__original,
dico_phrasis_0001535__en-eu__flipped,
dico_phrasis_0001535__en-eu__original,
dico_phrasis_0001535__es-en__flipped,
dico_phrasis_0001535__es-en__original,
dico_phrasis_0001535__es-eu__flipped,
dico_phrasis_0001535__es-eu__original,
dico_phrasis_0001535__eu-en__flipped,
dico_phrasis_0001535__eu-en__original,
dico_phrasis_0001535__eu-es__flipped,
dico_phrasis_0001535__eu-es__original,
dico_phrasis_0001536__en-es__flipped,
dico_phrasis_0001536__en-es__original,
dico_phrasis_0001536__en-eu__flipped,
dico_phrasis_0001536__en-eu__original,
dico_phrasis_0001536__es-en__flipped,
dico_phrasis_0001536__es-en__original,
dico_phrasis_0001536__es-eu__flipped,
dico_phrasis_0001536__es-eu__original,
dico_phrasis_0001536__eu-en__flipped,
dico_phrasis_0001536__eu-en__original,
dico_phrasis_0001536__eu-es__flipped,
dico_phrasis_0001536__eu-es__original,
dico_phrasis_0001537__en-es__flipped,
dico_phrasis_0001537__en-es__original,
dico_phrasis_0001537__en-eu__flipped,
dico_phrasis_0001537__en-eu__original,
dico_phrasis_0001537__es-en__flipped,
dico_phrasis_0001537__es-en__original,
dico_phrasis_0001537__es-eu__flipped,
dico_phrasis_0001537__es-eu__original,
dico_phrasis_0001537__eu-en__flipped,
dico_phrasis_0001537__eu-en__original,
dico_phrasis_0001537__eu-es__flipped,
dico_phrasis_0001537__eu-es__original,
dico_phrasis_0001539__en-es__flipped,
dico_phrasis_0001539__en-es__original,
dico_phrasis_0001539__en-eu__flipped,
dico_phrasis_0001539__en-eu__original,
dico_phrasis_0001539__es-en__flipped,
dico_phrasis_0001539__es-en__original,
dico_phrasis_0001539__es-eu__flipped,
dico_phrasis_0001539__es-eu__original,
dico_phrasis_0001539__eu-en__flipped,
dico_phrasis_0001539__eu-en__original,
dico_phrasis_0001539__eu-es__flipped,
dico_phrasis_0001539__eu-es__original,
dico_phrasis_0001541__en-es__flipped,
dico_phrasis_0001541__en-es__original,
dico_phrasis_0001541__en-eu__flipped,
dico_phrasis_0001541__en-eu__original,
dico_phrasis_0001541__es-en__flipped,
dico_phrasis_0001541__es-en__original,
dico_phrasis_0001541__es-eu__flipped,
dico_phrasis_0001541__es-eu__original,
dico_phrasis_0001541__eu-en__flipped,
dico_phrasis_0001541__eu-en__original,
dico_phrasis_0001541__eu-es__flipped,
dico_phrasis_0001541__eu-es__original,
dico_phrasis_0001542__en-es__flipped,
dico_phrasis_0001542__en-es__original,
dico_phrasis_0001542__en-eu__flipped,
dico_phrasis_0001542__en-eu__original,
dico_phrasis_0001542__es-en__flipped,
dico_phrasis_0001542__es-en__original,
dico_phrasis_0001542__es-eu__flipped,
dico_phrasis_0001542__es-eu__original,
dico_phrasis_0001542__eu-en__flipped,
dico_phrasis_0001542__eu-en__original,
dico_phrasis_0001542__eu-es__flipped,
dico_phrasis_0001542__eu-es__original,
dico_phrasis_0001543__en-es__flipped,
dico_phrasis_0001543__en-es__original,
dico_phrasis_0001543__en-eu__flipped,
dico_phrasis_0001543__en-eu__original,
dico_phrasis_0001543__es-en__flipped,
dico_phrasis_0001543__es-en__original,
dico_phrasis_0001543__es-eu__flipped,
dico_phrasis_0001543__es-eu__original,
dico_phrasis_0001543__eu-en__flipped,
dico_phrasis_0001543__eu-en__original,
dico_phrasis_0001543__eu-es__flipped,
dico_phrasis_0001543__eu-es__original,
dico_phrasis_0001544__en-es__flipped,
dico_phrasis_0001544__en-es__original,
dico_phrasis_0001544__en-eu__flipped,
dico_phrasis_0001544__en-eu__original,
dico_phrasis_0001544__es-en__flipped,
dico_phrasis_0001544__es-en__original,
dico_phrasis_0001544__es-eu__flipped,
dico_phrasis_0001544__es-eu__original,
dico_phrasis_0001544__eu-en__flipped,
dico_phrasis_0001544__eu-en__original,
dico_phrasis_0001544__eu-es__flipped,
dico_phrasis_0001544__eu-es__original,
dico_phrasis_0001545__en-es__flipped,
dico_phrasis_0001545__en-es__original,
dico_phrasis_0001545__en-eu__flipped,
dico_phrasis_0001545__en-eu__original,
dico_phrasis_0001545__es-en__flipped,
dico_phrasis_0001545__es-en__original,
dico_phrasis_0001545__es-eu__flipped,
dico_phrasis_0001545__es-eu__original,
dico_phrasis_0001545__eu-en__flipped,
dico_phrasis_0001545__eu-en__original,
dico_phrasis_0001545__eu-es__flipped,
dico_phrasis_0001545__eu-es__original,
dico_phrasis_0001546__en-es__flipped,
dico_phrasis_0001546__en-es__original,
dico_phrasis_0001546__en-eu__flipped,
dico_phrasis_0001546__en-eu__original,
dico_phrasis_0001546__es-en__flipped,
dico_phrasis_0001546__es-en__original,
dico_phrasis_0001546__es-eu__flipped,
dico_phrasis_0001546__es-eu__original,
dico_phrasis_0001546__eu-en__flipped,
dico_phrasis_0001546__eu-en__original,
dico_phrasis_0001546__eu-es__flipped,
dico_phrasis_0001546__eu-es__original,
dico_phrasis_0001548__en-es__flipped,
dico_phrasis_0001548__en-es__original,
dico_phrasis_0001548__en-eu__flipped,
dico_phrasis_0001548__en-eu__original,
dico_phrasis_0001548__es-en__flipped,
dico_phrasis_0001548__es-en__original,
dico_phrasis_0001548__es-eu__flipped,
dico_phrasis_0001548__es-eu__original,
dico_phrasis_0001548__eu-en__flipped,
dico_phrasis_0001548__eu-en__original,
dico_phrasis_0001548__eu-es__flipped,
dico_phrasis_0001548__eu-es__original,
dico_phrasis_0001549__en-es__flipped,
dico_phrasis_0001549__en-es__original,
dico_phrasis_0001549__en-eu__flipped,
dico_phrasis_0001549__en-eu__original,
dico_phrasis_0001549__es-en__flipped,
dico_phrasis_0001549__es-en__original,
dico_phrasis_0001549__es-eu__flipped,
dico_phrasis_0001549__es-eu__original,
dico_phrasis_0001549__eu-en__flipped,
dico_phrasis_0001549__eu-en__original,
dico_phrasis_0001549__eu-es__flipped,
dico_phrasis_0001549__eu-es__original,
dico_phrasis_0001552__en-es__flipped,
dico_phrasis_0001552__en-es__original,
dico_phrasis_0001552__en-eu__flipped,
dico_phrasis_0001552__en-eu__original,
dico_phrasis_0001552__es-en__flipped,
dico_phrasis_0001552__es-en__original,
dico_phrasis_0001552__es-eu__flipped,
dico_phrasis_0001552__es-eu__original,
dico_phrasis_0001552__eu-en__flipped,
dico_phrasis_0001552__eu-en__original,
dico_phrasis_0001552__eu-es__flipped,
dico_phrasis_0001552__eu-es__original,
dico_phrasis_0001553__en-es__flipped,
dico_phrasis_0001553__en-es__original,
dico_phrasis_0001553__en-eu__flipped,
dico_phrasis_0001553__en-eu__original,
dico_phrasis_0001553__es-en__flipped,
dico_phrasis_0001553__es-en__original,
dico_phrasis_0001553__es-eu__flipped,
dico_phrasis_0001553__es-eu__original,
dico_phrasis_0001553__eu-en__flipped,
dico_phrasis_0001553__eu-en__original,
dico_phrasis_0001553__eu-es__flipped,
dico_phrasis_0001553__eu-es__original,
dico_phrasis_0001554__en-es__flipped,
dico_phrasis_0001554__en-es__original,
dico_phrasis_0001554__en-eu__flipped,
dico_phrasis_0001554__en-eu__original,
dico_phrasis_0001554__es-en__flipped,
dico_phrasis_0001554__es-en__original,
dico_phrasis_0001554__es-eu__flipped,
dico_phrasis_0001554__es-eu__original,
dico_phrasis_0001554__eu-en__flipped,
dico_phrasis_0001554__eu-en__original,
dico_phrasis_0001554__eu-es__flipped,
dico_phrasis_0001554__eu-es__original,
dico_phrasis_0001556__en-es__flipped,
dico_phrasis_0001556__en-es__original,
dico_phrasis_0001556__en-eu__flipped,
dico_phrasis_0001556__en-eu__original,
dico_phrasis_0001556__es-en__flipped,
dico_phrasis_0001556__es-en__original,
dico_phrasis_0001556__es-eu__flipped,
dico_phrasis_0001556__es-eu__original,
dico_phrasis_0001556__eu-en__flipped,
dico_phrasis_0001556__eu-en__original,
dico_phrasis_0001556__eu-es__flipped,
dico_phrasis_0001556__eu-es__original,
dico_phrasis_0001557__en-es__flipped,
dico_phrasis_0001557__en-es__original,
dico_phrasis_0001557__en-eu__flipped,
dico_phrasis_0001557__en-eu__original,
dico_phrasis_0001557__es-en__flipped,
dico_phrasis_0001557__es-en__original,
dico_phrasis_0001557__es-eu__flipped,
dico_phrasis_0001557__es-eu__original,
dico_phrasis_0001557__eu-en__flipped,
dico_phrasis_0001557__eu-en__original,
dico_phrasis_0001557__eu-es__flipped,
dico_phrasis_0001557__eu-es__original,
dico_phrasis_0001558__en-es__flipped,
dico_phrasis_0001558__en-es__original,
dico_phrasis_0001558__en-eu__flipped,
dico_phrasis_0001558__en-eu__original,
dico_phrasis_0001558__es-en__flipped,
dico_phrasis_0001558__es-en__original,
dico_phrasis_0001558__es-eu__flipped,
dico_phrasis_0001558__es-eu__original,
dico_phrasis_0001558__eu-en__flipped,
dico_phrasis_0001558__eu-en__original,
dico_phrasis_0001558__eu-es__flipped,
dico_phrasis_0001558__eu-es__original,
dico_phrasis_0001559__en-es__flipped,
dico_phrasis_0001559__en-es__original,
dico_phrasis_0001559__en-eu__flipped,
dico_phrasis_0001559__en-eu__original,
dico_phrasis_0001559__es-en__flipped,
dico_phrasis_0001559__es-en__original,
dico_phrasis_0001559__es-eu__flipped,
dico_phrasis_0001559__es-eu__original,
dico_phrasis_0001559__eu-en__flipped,
dico_phrasis_0001559__eu-en__original,
dico_phrasis_0001559__eu-es__flipped,
dico_phrasis_0001559__eu-es__original,
dico_phrasis_0001560__en-es__flipped,
dico_phrasis_0001560__en-es__original,
dico_phrasis_0001560__en-eu__flipped,
dico_phrasis_0001560__en-eu__original,
dico_phrasis_0001560__es-en__flipped,
dico_phrasis_0001560__es-en__original,
dico_phrasis_0001560__es-eu__flipped,
dico_phrasis_0001560__es-eu__original,
dico_phrasis_0001560__eu-en__flipped,
dico_phrasis_0001560__eu-en__original,
dico_phrasis_0001560__eu-es__flipped,
dico_phrasis_0001560__eu-es__original,
dico_phrasis_0001561__en-es__flipped,
dico_phrasis_0001561__en-es__original,
dico_phrasis_0001561__en-eu__flipped,
dico_phrasis_0001561__en-eu__original,
dico_phrasis_0001561__es-en__flipped,
dico_phrasis_0001561__es-en__original,
dico_phrasis_0001561__es-eu__flipped,
dico_phrasis_0001561__es-eu__original,
dico_phrasis_0001561__eu-en__flipped,
dico_phrasis_0001561__eu-en__original,
dico_phrasis_0001561__eu-es__flipped,
dico_phrasis_0001561__eu-es__original,
dico_phrasis_0001563__en-es__flipped,
dico_phrasis_0001563__en-es__original,
dico_phrasis_0001563__en-eu__flipped,
dico_phrasis_0001563__en-eu__original,
dico_phrasis_0001563__es-en__flipped,
dico_phrasis_0001563__es-en__original,
dico_phrasis_0001563__es-eu__flipped,
dico_phrasis_0001563__es-eu__original,
dico_phrasis_0001563__eu-en__flipped,
dico_phrasis_0001563__eu-en__original,
dico_phrasis_0001563__eu-es__flipped,
dico_phrasis_0001563__eu-es__original,
dico_phrasis_0001565__en-es__flipped,
dico_phrasis_0001565__en-es__original,
dico_phrasis_0001565__en-eu__flipped,
dico_phrasis_0001565__en-eu__original,
dico_phrasis_0001565__es-en__flipped,
dico_phrasis_0001565__es-en__original,
dico_phrasis_0001565__es-eu__flipped,
dico_phrasis_0001565__es-eu__original,
dico_phrasis_0001565__eu-en__flipped,
dico_phrasis_0001565__eu-en__original,
dico_phrasis_0001565__eu-es__flipped,
dico_phrasis_0001565__eu-es__original,
dico_phrasis_0001566__en-es__flipped,
dico_phrasis_0001566__en-es__original,
dico_phrasis_0001566__en-eu__flipped,
dico_phrasis_0001566__en-eu__original,
dico_phrasis_0001566__es-en__flipped,
dico_phrasis_0001566__es-en__original,
dico_phrasis_0001566__es-eu__flipped,
dico_phrasis_0001566__es-eu__original,
dico_phrasis_0001566__eu-en__flipped,
dico_phrasis_0001566__eu-en__original,
dico_phrasis_0001566__eu-es__flipped,
dico_phrasis_0001566__eu-es__original,
dico_phrasis_0001568__en-es__flipped,
dico_phrasis_0001568__en-es__original,
dico_phrasis_0001568__en-eu__flipped,
dico_phrasis_0001568__en-eu__original,
dico_phrasis_0001568__es-en__flipped,
dico_phrasis_0001568__es-en__original,
dico_phrasis_0001568__es-eu__flipped,
dico_phrasis_0001568__es-eu__original,
dico_phrasis_0001568__eu-en__flipped,
dico_phrasis_0001568__eu-en__original,
dico_phrasis_0001568__eu-es__flipped,
dico_phrasis_0001568__eu-es__original,
dico_phrasis_0001569__en-es__flipped,
dico_phrasis_0001569__en-es__original,
dico_phrasis_0001569__en-eu__flipped,
dico_phrasis_0001569__en-eu__original,
dico_phrasis_0001569__es-en__flipped,
dico_phrasis_0001569__es-en__original,
dico_phrasis_0001569__es-eu__flipped,
dico_phrasis_0001569__es-eu__original,
dico_phrasis_0001569__eu-en__flipped,
dico_phrasis_0001569__eu-en__original,
dico_phrasis_0001569__eu-es__flipped,
dico_phrasis_0001569__eu-es__original,
dico_phrasis_0001570__en-es__flipped,
dico_phrasis_0001570__en-es__original,
dico_phrasis_0001570__en-eu__flipped,
dico_phrasis_0001570__en-eu__original,
dico_phrasis_0001570__es-en__flipped,
dico_phrasis_0001570__es-en__original,
dico_phrasis_0001570__es-eu__flipped,
dico_phrasis_0001570__es-eu__original,
dico_phrasis_0001570__eu-en__flipped,
dico_phrasis_0001570__eu-en__original,
dico_phrasis_0001570__eu-es__flipped,
dico_phrasis_0001570__eu-es__original,
dico_phrasis_0001572__en-es__flipped,
dico_phrasis_0001572__en-es__original,
dico_phrasis_0001572__en-eu__flipped,
dico_phrasis_0001572__en-eu__original,
dico_phrasis_0001572__es-en__flipped,
dico_phrasis_0001572__es-en__original,
dico_phrasis_0001572__es-eu__flipped,
dico_phrasis_0001572__es-eu__original,
dico_phrasis_0001572__eu-en__flipped,
dico_phrasis_0001572__eu-en__original,
dico_phrasis_0001572__eu-es__flipped,
dico_phrasis_0001572__eu-es__original,
dico_phrasis_0001574__en-es__flipped,
dico_phrasis_0001574__en-es__original,
dico_phrasis_0001574__en-eu__flipped,
dico_phrasis_0001574__en-eu__original,
dico_phrasis_0001574__es-en__flipped,
dico_phrasis_0001574__es-en__original,
dico_phrasis_0001574__es-eu__flipped,
dico_phrasis_0001574__es-eu__original,
dico_phrasis_0001574__eu-en__flipped,
dico_phrasis_0001574__eu-en__original,
dico_phrasis_0001574__eu-es__flipped,
dico_phrasis_0001574__eu-es__original,
dico_phrasis_0001575__en-es__flipped,
dico_phrasis_0001575__en-es__original,
dico_phrasis_0001575__en-eu__flipped,
dico_phrasis_0001575__en-eu__original,
dico_phrasis_0001575__es-en__flipped,
dico_phrasis_0001575__es-en__original,
dico_phrasis_0001575__es-eu__flipped,
dico_phrasis_0001575__es-eu__original,
dico_phrasis_0001575__eu-en__flipped,
dico_phrasis_0001575__eu-en__original,
dico_phrasis_0001575__eu-es__flipped,
dico_phrasis_0001575__eu-es__original,
dico_phrasis_0001578__en-es__flipped,
dico_phrasis_0001578__en-es__original,
dico_phrasis_0001578__en-eu__flipped,
dico_phrasis_0001578__en-eu__original,
dico_phrasis_0001578__es-en__flipped,
dico_phrasis_0001578__es-en__original,
dico_phrasis_0001578__es-eu__flipped,
dico_phrasis_0001578__es-eu__original,
dico_phrasis_0001578__eu-en__flipped,
dico_phrasis_0001578__eu-en__original,
dico_phrasis_0001578__eu-es__flipped,
dico_phrasis_0001578__eu-es__original,
dico_phrasis_0001579__en-es__flipped,
dico_phrasis_0001579__en-es__original,
dico_phrasis_0001579__en-eu__flipped,
dico_phrasis_0001579__en-eu__original,
dico_phrasis_0001579__es-en__flipped,
dico_phrasis_0001579__es-en__original,
dico_phrasis_0001579__es-eu__flipped,
dico_phrasis_0001579__es-eu__original,
dico_phrasis_0001579__eu-en__flipped,
dico_phrasis_0001579__eu-en__original,
dico_phrasis_0001579__eu-es__flipped,
dico_phrasis_0001579__eu-es__original,
dico_phrasis_0001581__en-es__flipped,
dico_phrasis_0001581__en-es__original,
dico_phrasis_0001581__en-eu__flipped,
dico_phrasis_0001581__en-eu__original,
dico_phrasis_0001581__es-en__flipped,
dico_phrasis_0001581__es-en__original,
dico_phrasis_0001581__es-eu__flipped,
dico_phrasis_0001581__es-eu__original,
dico_phrasis_0001581__eu-en__flipped,
dico_phrasis_0001581__eu-en__original,
dico_phrasis_0001581__eu-es__flipped,
dico_phrasis_0001581__eu-es__original,
dico_phrasis_0001582__en-es__flipped,
dico_phrasis_0001582__en-es__original,
dico_phrasis_0001582__en-eu__flipped,
dico_phrasis_0001582__en-eu__original,
dico_phrasis_0001582__es-en__flipped,
dico_phrasis_0001582__es-en__original,
dico_phrasis_0001582__es-eu__flipped,
dico_phrasis_0001582__es-eu__original,
dico_phrasis_0001582__eu-en__flipped,
dico_phrasis_0001582__eu-en__original,
dico_phrasis_0001582__eu-es__flipped,
dico_phrasis_0001582__eu-es__original,
dico_phrasis_0001585__en-es__flipped,
dico_phrasis_0001585__en-es__original,
dico_phrasis_0001585__en-eu__flipped,
dico_phrasis_0001585__en-eu__original,
dico_phrasis_0001585__es-en__flipped,
dico_phrasis_0001585__es-en__original,
dico_phrasis_0001585__es-eu__flipped,
dico_phrasis_0001585__es-eu__original,
dico_phrasis_0001585__eu-en__flipped,
dico_phrasis_0001585__eu-en__original,
dico_phrasis_0001585__eu-es__flipped,
dico_phrasis_0001585__eu-es__original,
dico_phrasis_0001587__en-es__flipped,
dico_phrasis_0001587__en-es__original,
dico_phrasis_0001587__en-eu__flipped,
dico_phrasis_0001587__en-eu__original,
dico_phrasis_0001587__es-en__flipped,
dico_phrasis_0001587__es-en__original,
dico_phrasis_0001587__es-eu__flipped,
dico_phrasis_0001587__es-eu__original,
dico_phrasis_0001587__eu-en__flipped,
dico_phrasis_0001587__eu-en__original,
dico_phrasis_0001587__eu-es__flipped,
dico_phrasis_0001587__eu-es__original,
dico_phrasis_0001588__en-es__flipped,
dico_phrasis_0001588__en-es__original,
dico_phrasis_0001588__en-eu__flipped,
dico_phrasis_0001588__en-eu__original,
dico_phrasis_0001588__es-en__flipped,
dico_phrasis_0001588__es-en__original,
dico_phrasis_0001588__es-eu__flipped,
dico_phrasis_0001588__es-eu__original,
dico_phrasis_0001588__eu-en__flipped,
dico_phrasis_0001588__eu-en__original,
dico_phrasis_0001588__eu-es__flipped,
dico_phrasis_0001588__eu-es__original,
dico_phrasis_0001589__en-es__flipped,
dico_phrasis_0001589__en-es__original,
dico_phrasis_0001589__en-eu__flipped,
dico_phrasis_0001589__en-eu__original,
dico_phrasis_0001589__es-en__flipped,
dico_phrasis_0001589__es-en__original,
dico_phrasis_0001589__es-eu__flipped,
dico_phrasis_0001589__es-eu__original,
dico_phrasis_0001589__eu-en__flipped,
dico_phrasis_0001589__eu-en__original,
dico_phrasis_0001589__eu-es__flipped,
dico_phrasis_0001589__eu-es__original,
dico_phrasis_0001596__en-es__flipped,
dico_phrasis_0001596__en-es__original,
dico_phrasis_0001596__en-eu__flipped,
dico_phrasis_0001596__en-eu__original,
dico_phrasis_0001596__es-en__flipped,
dico_phrasis_0001596__es-en__original,
dico_phrasis_0001596__es-eu__flipped,
dico_phrasis_0001596__es-eu__original,
dico_phrasis_0001596__eu-en__flipped,
dico_phrasis_0001596__eu-en__original,
dico_phrasis_0001596__eu-es__flipped,
dico_phrasis_0001596__eu-es__original,
dico_phrasis_0001597__en-es__flipped,
dico_phrasis_0001597__en-es__original,
dico_phrasis_0001597__en-eu__flipped,
dico_phrasis_0001597__en-eu__original,
dico_phrasis_0001597__es-en__flipped,
dico_phrasis_0001597__es-en__original,
dico_phrasis_0001597__es-eu__flipped,
dico_phrasis_0001597__es-eu__original,
dico_phrasis_0001597__eu-en__flipped,
dico_phrasis_0001597__eu-en__original,
dico_phrasis_0001597__eu-es__flipped,
dico_phrasis_0001597__eu-es__original,
dico_phrasis_0001598__en-es__flipped,
dico_phrasis_0001598__en-es__original,
dico_phrasis_0001598__en-eu__flipped,
dico_phrasis_0001598__en-eu__original,
dico_phrasis_0001598__es-en__flipped,
dico_phrasis_0001598__es-en__original,
dico_phrasis_0001598__es-eu__flipped,
dico_phrasis_0001598__es-eu__original,
dico_phrasis_0001598__eu-en__flipped,
dico_phrasis_0001598__eu-en__original,
dico_phrasis_0001598__eu-es__flipped,
dico_phrasis_0001598__eu-es__original,
dico_phrasis_0001601__en-es__flipped,
dico_phrasis_0001601__en-es__original,
dico_phrasis_0001601__en-eu__flipped,
dico_phrasis_0001601__en-eu__original,
dico_phrasis_0001601__es-en__flipped,
dico_phrasis_0001601__es-en__original,
dico_phrasis_0001601__es-eu__flipped,
dico_phrasis_0001601__es-eu__original,
dico_phrasis_0001601__eu-en__flipped,
dico_phrasis_0001601__eu-en__original,
dico_phrasis_0001601__eu-es__flipped,
dico_phrasis_0001601__eu-es__original,
dico_phrasis_0001602__en-es__flipped,
dico_phrasis_0001602__en-es__original,
dico_phrasis_0001602__en-eu__flipped,
dico_phrasis_0001602__en-eu__original,
dico_phrasis_0001602__es-en__flipped,
dico_phrasis_0001602__es-en__original,
dico_phrasis_0001602__es-eu__flipped,
dico_phrasis_0001602__es-eu__original,
dico_phrasis_0001602__eu-en__flipped,
dico_phrasis_0001602__eu-en__original,
dico_phrasis_0001602__eu-es__flipped,
dico_phrasis_0001602__eu-es__original,
dico_phrasis_0001603__en-es__flipped,
dico_phrasis_0001603__en-es__original,
dico_phrasis_0001603__en-eu__flipped,
dico_phrasis_0001603__en-eu__original,
dico_phrasis_0001603__es-en__flipped,
dico_phrasis_0001603__es-en__original,
dico_phrasis_0001603__es-eu__flipped,
dico_phrasis_0001603__es-eu__original,
dico_phrasis_0001603__eu-en__flipped,
dico_phrasis_0001603__eu-en__original,
dico_phrasis_0001603__eu-es__flipped,
dico_phrasis_0001603__eu-es__original,
dico_phrasis_0001604__en-es__flipped,
dico_phrasis_0001604__en-es__original,
dico_phrasis_0001604__en-eu__flipped,
dico_phrasis_0001604__en-eu__original,
dico_phrasis_0001604__es-en__flipped,
dico_phrasis_0001604__es-en__original,
dico_phrasis_0001604__es-eu__flipped,
dico_phrasis_0001604__es-eu__original,
dico_phrasis_0001604__eu-en__flipped,
dico_phrasis_0001604__eu-en__original,
dico_phrasis_0001604__eu-es__flipped,
dico_phrasis_0001604__eu-es__original,
dico_phrasis_0001607__en-es__flipped,
dico_phrasis_0001607__en-es__original,
dico_phrasis_0001607__en-eu__flipped,
dico_phrasis_0001607__en-eu__original,
dico_phrasis_0001607__es-en__flipped,
dico_phrasis_0001607__es-en__original,
dico_phrasis_0001607__es-eu__flipped,
dico_phrasis_0001607__es-eu__original,
dico_phrasis_0001607__eu-en__flipped,
dico_phrasis_0001607__eu-en__original,
dico_phrasis_0001607__eu-es__flipped,
dico_phrasis_0001607__eu-es__original,
dico_phrasis_0001608__en-es__flipped,
dico_phrasis_0001608__en-es__original,
dico_phrasis_0001608__en-eu__flipped,
dico_phrasis_0001608__en-eu__original,
dico_phrasis_0001608__es-en__flipped,
dico_phrasis_0001608__es-en__original,
dico_phrasis_0001608__es-eu__flipped,
dico_phrasis_0001608__es-eu__original,
dico_phrasis_0001608__eu-en__flipped,
dico_phrasis_0001608__eu-en__original,
dico_phrasis_0001608__eu-es__flipped,
dico_phrasis_0001608__eu-es__original,
dico_phrasis_0001609__en-es__flipped,
dico_phrasis_0001609__en-es__original,
dico_phrasis_0001609__en-eu__flipped,
dico_phrasis_0001609__en-eu__original,
dico_phrasis_0001609__es-en__flipped,
dico_phrasis_0001609__es-en__original,
dico_phrasis_0001609__es-eu__flipped,
dico_phrasis_0001609__es-eu__original,
dico_phrasis_0001609__eu-en__flipped,
dico_phrasis_0001609__eu-en__original,
dico_phrasis_0001609__eu-es__flipped,
dico_phrasis_0001609__eu-es__original,
dico_phrasis_0001610__en-es__flipped,
dico_phrasis_0001610__en-es__original,
dico_phrasis_0001610__en-eu__flipped,
dico_phrasis_0001610__en-eu__original,
dico_phrasis_0001610__es-en__flipped,
dico_phrasis_0001610__es-en__original,
dico_phrasis_0001610__es-eu__flipped,
dico_phrasis_0001610__es-eu__original,
dico_phrasis_0001610__eu-en__flipped,
dico_phrasis_0001610__eu-en__original,
dico_phrasis_0001610__eu-es__flipped,
dico_phrasis_0001610__eu-es__original,
dico_phrasis_0001611__en-es__flipped,
dico_phrasis_0001611__en-es__original,
dico_phrasis_0001611__en-eu__flipped,
dico_phrasis_0001611__en-eu__original,
dico_phrasis_0001611__es-en__flipped,
dico_phrasis_0001611__es-en__original,
dico_phrasis_0001611__es-eu__flipped,
dico_phrasis_0001611__es-eu__original,
dico_phrasis_0001611__eu-en__flipped,
dico_phrasis_0001611__eu-en__original,
dico_phrasis_0001611__eu-es__flipped,
dico_phrasis_0001611__eu-es__original,
dico_phrasis_0001613__en-es__flipped,
dico_phrasis_0001613__en-es__original,
dico_phrasis_0001613__en-eu__flipped,
dico_phrasis_0001613__en-eu__original,
dico_phrasis_0001613__es-en__flipped,
dico_phrasis_0001613__es-en__original,
dico_phrasis_0001613__es-eu__flipped,
dico_phrasis_0001613__es-eu__original,
dico_phrasis_0001613__eu-en__flipped,
dico_phrasis_0001613__eu-en__original,
dico_phrasis_0001613__eu-es__flipped,
dico_phrasis_0001613__eu-es__original,
dico_phrasis_0001614__en-es__flipped,
dico_phrasis_0001614__en-es__original,
dico_phrasis_0001614__en-eu__flipped,
dico_phrasis_0001614__en-eu__original,
dico_phrasis_0001614__es-en__flipped,
dico_phrasis_0001614__es-en__original,
dico_phrasis_0001614__es-eu__flipped,
dico_phrasis_0001614__es-eu__original,
dico_phrasis_0001614__eu-en__flipped,
dico_phrasis_0001614__eu-en__original,
dico_phrasis_0001614__eu-es__flipped,
dico_phrasis_0001614__eu-es__original,
dico_phrasis_0001615__en-es__flipped,
dico_phrasis_0001615__en-es__original,
dico_phrasis_0001615__en-eu__flipped,
dico_phrasis_0001615__en-eu__original,
dico_phrasis_0001615__es-en__flipped,
dico_phrasis_0001615__es-en__original,
dico_phrasis_0001615__es-eu__flipped,
dico_phrasis_0001615__es-eu__original,
dico_phrasis_0001615__eu-en__flipped,
dico_phrasis_0001615__eu-en__original,
dico_phrasis_0001615__eu-es__flipped,
dico_phrasis_0001615__eu-es__original,
dico_phrasis_0001617__en-es__flipped,
dico_phrasis_0001617__en-es__original,
dico_phrasis_0001617__en-eu__flipped,
dico_phrasis_0001617__en-eu__original,
dico_phrasis_0001617__es-en__flipped,
dico_phrasis_0001617__es-en__original,
dico_phrasis_0001617__es-eu__flipped,
dico_phrasis_0001617__es-eu__original,
dico_phrasis_0001617__eu-en__flipped,
dico_phrasis_0001617__eu-en__original,
dico_phrasis_0001617__eu-es__flipped,
dico_phrasis_0001617__eu-es__original,
dico_phrasis_0001619__en-es__flipped,
dico_phrasis_0001619__en-es__original,
dico_phrasis_0001619__en-eu__flipped,
dico_phrasis_0001619__en-eu__original,
dico_phrasis_0001619__es-en__flipped,
dico_phrasis_0001619__es-en__original,
dico_phrasis_0001619__es-eu__flipped,
dico_phrasis_0001619__es-eu__original,
dico_phrasis_0001619__eu-en__flipped,
dico_phrasis_0001619__eu-en__original,
dico_phrasis_0001619__eu-es__flipped,
dico_phrasis_0001619__eu-es__original,
dico_phrasis_0001620__en-es__flipped,
dico_phrasis_0001620__en-es__original,
dico_phrasis_0001620__en-eu__flipped,
dico_phrasis_0001620__en-eu__original,
dico_phrasis_0001620__es-en__flipped,
dico_phrasis_0001620__es-en__original,
dico_phrasis_0001620__es-eu__flipped,
dico_phrasis_0001620__es-eu__original,
dico_phrasis_0001620__eu-en__flipped,
dico_phrasis_0001620__eu-en__original,
dico_phrasis_0001620__eu-es__flipped,
dico_phrasis_0001620__eu-es__original,
dico_phrasis_0001621__en-es__flipped,
dico_phrasis_0001621__en-es__original,
dico_phrasis_0001621__en-eu__flipped,
dico_phrasis_0001621__en-eu__original,
dico_phrasis_0001621__es-en__flipped,
dico_phrasis_0001621__es-en__original,
dico_phrasis_0001621__es-eu__flipped,
dico_phrasis_0001621__es-eu__original,
dico_phrasis_0001621__eu-en__flipped,
dico_phrasis_0001621__eu-en__original,
dico_phrasis_0001621__eu-es__flipped,
dico_phrasis_0001621__eu-es__original,
dico_phrasis_0001622__en-es__flipped,
dico_phrasis_0001622__en-es__original,
dico_phrasis_0001622__en-eu__flipped,
dico_phrasis_0001622__en-eu__original,
dico_phrasis_0001622__es-en__flipped,
dico_phrasis_0001622__es-en__original,
dico_phrasis_0001622__es-eu__flipped,
dico_phrasis_0001622__es-eu__original,
dico_phrasis_0001622__eu-en__flipped,
dico_phrasis_0001622__eu-en__original,
dico_phrasis_0001622__eu-es__flipped,
dico_phrasis_0001622__eu-es__original,
dico_phrasis_0001624__en-es__flipped,
dico_phrasis_0001624__en-es__original,
dico_phrasis_0001624__en-eu__flipped,
dico_phrasis_0001624__en-eu__original,
dico_phrasis_0001624__es-en__flipped,
dico_phrasis_0001624__es-en__original,
dico_phrasis_0001624__es-eu__flipped,
dico_phrasis_0001624__es-eu__original,
dico_phrasis_0001624__eu-en__flipped,
dico_phrasis_0001624__eu-en__original,
dico_phrasis_0001624__eu-es__flipped,
dico_phrasis_0001624__eu-es__original,
dico_phrasis_0001625__en-es__flipped,
dico_phrasis_0001625__en-es__original,
dico_phrasis_0001625__en-eu__flipped,
dico_phrasis_0001625__en-eu__original,
dico_phrasis_0001625__es-en__flipped,
dico_phrasis_0001625__es-en__original,
dico_phrasis_0001625__es-eu__flipped,
dico_phrasis_0001625__es-eu__original,
dico_phrasis_0001625__eu-en__flipped,
dico_phrasis_0001625__eu-en__original,
dico_phrasis_0001625__eu-es__flipped,
dico_phrasis_0001625__eu-es__original,
dico_phrasis_0001627__en-es__flipped,
dico_phrasis_0001627__en-es__original,
dico_phrasis_0001627__en-eu__flipped,
dico_phrasis_0001627__en-eu__original,
dico_phrasis_0001627__es-en__flipped,
dico_phrasis_0001627__es-en__original,
dico_phrasis_0001627__es-eu__flipped,
dico_phrasis_0001627__es-eu__original,
dico_phrasis_0001627__eu-en__flipped,
dico_phrasis_0001627__eu-en__original,
dico_phrasis_0001627__eu-es__flipped,
dico_phrasis_0001627__eu-es__original,
dico_phrasis_0001631__en-es__flipped,
dico_phrasis_0001631__en-es__original,
dico_phrasis_0001631__en-eu__flipped,
dico_phrasis_0001631__en-eu__original,
dico_phrasis_0001631__es-en__flipped,
dico_phrasis_0001631__es-en__original,
dico_phrasis_0001631__es-eu__flipped,
dico_phrasis_0001631__es-eu__original,
dico_phrasis_0001631__eu-en__flipped,
dico_phrasis_0001631__eu-en__original,
dico_phrasis_0001631__eu-es__flipped,
dico_phrasis_0001631__eu-es__original,
dico_phrasis_0001632__en-es__flipped,
dico_phrasis_0001632__en-es__original,
dico_phrasis_0001632__en-eu__flipped,
dico_phrasis_0001632__en-eu__original,
dico_phrasis_0001632__es-en__flipped,
dico_phrasis_0001632__es-en__original,
dico_phrasis_0001632__es-eu__flipped,
dico_phrasis_0001632__es-eu__original,
dico_phrasis_0001632__eu-en__flipped,
dico_phrasis_0001632__eu-en__original,
dico_phrasis_0001632__eu-es__flipped,
dico_phrasis_0001632__eu-es__original,
dico_phrasis_0001633__en-es__flipped,
dico_phrasis_0001633__en-es__original,
dico_phrasis_0001633__en-eu__flipped,
dico_phrasis_0001633__en-eu__original,
dico_phrasis_0001633__es-en__flipped,
dico_phrasis_0001633__es-en__original,
dico_phrasis_0001633__es-eu__flipped,
dico_phrasis_0001633__es-eu__original,
dico_phrasis_0001633__eu-en__flipped,
dico_phrasis_0001633__eu-en__original,
dico_phrasis_0001633__eu-es__flipped,
dico_phrasis_0001633__eu-es__original,
dico_phrasis_0001634__en-es__flipped,
dico_phrasis_0001634__en-es__original,
dico_phrasis_0001634__en-eu__flipped,
dico_phrasis_0001634__en-eu__original,
dico_phrasis_0001634__es-en__flipped,
dico_phrasis_0001634__es-en__original,
dico_phrasis_0001634__es-eu__flipped,
dico_phrasis_0001634__es-eu__original,
dico_phrasis_0001634__eu-en__flipped,
dico_phrasis_0001634__eu-en__original,
dico_phrasis_0001634__eu-es__flipped,
dico_phrasis_0001634__eu-es__original,
dico_phrasis_0001635__en-es__flipped,
dico_phrasis_0001635__en-es__original,
dico_phrasis_0001635__en-eu__flipped,
dico_phrasis_0001635__en-eu__original,
dico_phrasis_0001635__es-en__flipped,
dico_phrasis_0001635__es-en__original,
dico_phrasis_0001635__es-eu__flipped,
dico_phrasis_0001635__es-eu__original,
dico_phrasis_0001635__eu-en__flipped,
dico_phrasis_0001635__eu-en__original,
dico_phrasis_0001635__eu-es__flipped,
dico_phrasis_0001635__eu-es__original,
dico_phrasis_0001636__en-es__flipped,
dico_phrasis_0001636__en-es__original,
dico_phrasis_0001636__en-eu__flipped,
dico_phrasis_0001636__en-eu__original,
dico_phrasis_0001636__es-en__flipped,
dico_phrasis_0001636__es-en__original,
dico_phrasis_0001636__es-eu__flipped,
dico_phrasis_0001636__es-eu__original,
dico_phrasis_0001636__eu-en__flipped,
dico_phrasis_0001636__eu-en__original,
dico_phrasis_0001636__eu-es__flipped,
dico_phrasis_0001636__eu-es__original,
dico_phrasis_0001637__en-es__flipped,
dico_phrasis_0001637__en-es__original,
dico_phrasis_0001637__en-eu__flipped,
dico_phrasis_0001637__en-eu__original,
dico_phrasis_0001637__es-en__flipped,
dico_phrasis_0001637__es-en__original,
dico_phrasis_0001637__es-eu__flipped,
dico_phrasis_0001637__es-eu__original,
dico_phrasis_0001637__eu-en__flipped,
dico_phrasis_0001637__eu-en__original,
dico_phrasis_0001637__eu-es__flipped,
dico_phrasis_0001637__eu-es__original,
dico_phrasis_0001639__en-es__flipped,
dico_phrasis_0001639__en-es__original,
dico_phrasis_0001639__en-eu__flipped,
dico_phrasis_0001639__en-eu__original,
dico_phrasis_0001639__es-en__flipped,
dico_phrasis_0001639__es-en__original,
dico_phrasis_0001639__es-eu__flipped,
dico_phrasis_0001639__es-eu__original,
dico_phrasis_0001639__eu-en__flipped,
dico_phrasis_0001639__eu-en__original,
dico_phrasis_0001639__eu-es__flipped,
dico_phrasis_0001639__eu-es__original,
dico_phrasis_0001640__en-es__flipped,
dico_phrasis_0001640__en-es__original,
dico_phrasis_0001640__en-eu__flipped,
dico_phrasis_0001640__en-eu__original,
dico_phrasis_0001640__es-en__flipped,
dico_phrasis_0001640__es-en__original,
dico_phrasis_0001640__es-eu__flipped,
dico_phrasis_0001640__es-eu__original,
dico_phrasis_0001640__eu-en__flipped,
dico_phrasis_0001640__eu-en__original,
dico_phrasis_0001640__eu-es__flipped,
dico_phrasis_0001640__eu-es__original,
dico_phrasis_0001641__en-es__flipped,
dico_phrasis_0001641__en-es__original,
dico_phrasis_0001641__en-eu__flipped,
dico_phrasis_0001641__en-eu__original,
dico_phrasis_0001641__es-en__flipped,
dico_phrasis_0001641__es-en__original,
dico_phrasis_0001641__es-eu__flipped,
dico_phrasis_0001641__es-eu__original,
dico_phrasis_0001641__eu-en__flipped,
dico_phrasis_0001641__eu-en__original,
dico_phrasis_0001641__eu-es__flipped,
dico_phrasis_0001641__eu-es__original,
dico_phrasis_0001643__en-es__flipped,
dico_phrasis_0001643__en-es__original,
dico_phrasis_0001643__en-eu__flipped,
dico_phrasis_0001643__en-eu__original,
dico_phrasis_0001643__es-en__flipped,
dico_phrasis_0001643__es-en__original,
dico_phrasis_0001643__es-eu__flipped,
dico_phrasis_0001643__es-eu__original,
dico_phrasis_0001643__eu-en__flipped,
dico_phrasis_0001643__eu-en__original,
dico_phrasis_0001643__eu-es__flipped,
dico_phrasis_0001643__eu-es__original,
dico_phrasis_0001646__en-es__flipped,
dico_phrasis_0001646__en-es__original,
dico_phrasis_0001646__en-eu__flipped,
dico_phrasis_0001646__en-eu__original,
dico_phrasis_0001646__es-en__flipped,
dico_phrasis_0001646__es-en__original,
dico_phrasis_0001646__es-eu__flipped,
dico_phrasis_0001646__es-eu__original,
dico_phrasis_0001646__eu-en__flipped,
dico_phrasis_0001646__eu-en__original,
dico_phrasis_0001646__eu-es__flipped,
dico_phrasis_0001646__eu-es__original,
dico_phrasis_0001647__en-es__flipped,
dico_phrasis_0001647__en-es__original,
dico_phrasis_0001647__en-eu__flipped,
dico_phrasis_0001647__en-eu__original,
dico_phrasis_0001647__es-en__flipped,
dico_phrasis_0001647__es-en__original,
dico_phrasis_0001647__es-eu__flipped,
dico_phrasis_0001647__es-eu__original,
dico_phrasis_0001647__eu-en__flipped,
dico_phrasis_0001647__eu-en__original,
dico_phrasis_0001647__eu-es__flipped,
dico_phrasis_0001647__eu-es__original,
dico_phrasis_0001648__en-es__flipped,
dico_phrasis_0001648__en-es__original,
dico_phrasis_0001648__en-eu__flipped,
dico_phrasis_0001648__en-eu__original,
dico_phrasis_0001648__es-en__flipped,
dico_phrasis_0001648__es-en__original,
dico_phrasis_0001648__es-eu__flipped,
dico_phrasis_0001648__es-eu__original,
dico_phrasis_0001648__eu-en__flipped,
dico_phrasis_0001648__eu-en__original,
dico_phrasis_0001648__eu-es__flipped,
dico_phrasis_0001648__eu-es__original,
dico_phrasis_0001649__en-es__flipped,
dico_phrasis_0001649__en-es__original,
dico_phrasis_0001649__en-eu__flipped,
dico_phrasis_0001649__en-eu__original,
dico_phrasis_0001649__es-en__flipped,
dico_phrasis_0001649__es-en__original,
dico_phrasis_0001649__es-eu__flipped,
dico_phrasis_0001649__es-eu__original,
dico_phrasis_0001649__eu-en__flipped,
dico_phrasis_0001649__eu-en__original,
dico_phrasis_0001649__eu-es__flipped,
dico_phrasis_0001649__eu-es__original,
dico_phrasis_0001650__en-es__flipped,
dico_phrasis_0001650__en-es__original,
dico_phrasis_0001650__en-eu__flipped,
dico_phrasis_0001650__en-eu__original,
dico_phrasis_0001650__es-en__flipped,
dico_phrasis_0001650__es-en__original,
dico_phrasis_0001650__es-eu__flipped,
dico_phrasis_0001650__es-eu__original,
dico_phrasis_0001650__eu-en__flipped,
dico_phrasis_0001650__eu-en__original,
dico_phrasis_0001650__eu-es__flipped,
dico_phrasis_0001650__eu-es__original,
dico_phrasis_0001651__en-es__flipped,
dico_phrasis_0001651__en-es__original,
dico_phrasis_0001651__en-eu__flipped,
dico_phrasis_0001651__en-eu__original,
dico_phrasis_0001651__es-en__flipped,
dico_phrasis_0001651__es-en__original,
dico_phrasis_0001651__es-eu__flipped,
dico_phrasis_0001651__es-eu__original,
dico_phrasis_0001651__eu-en__flipped,
dico_phrasis_0001651__eu-en__original,
dico_phrasis_0001651__eu-es__flipped,
dico_phrasis_0001651__eu-es__original,
dico_phrasis_0001652__en-es__flipped,
dico_phrasis_0001652__en-es__original,
dico_phrasis_0001652__en-eu__flipped,
dico_phrasis_0001652__en-eu__original,
dico_phrasis_0001652__es-en__flipped,
dico_phrasis_0001652__es-en__original,
dico_phrasis_0001652__es-eu__flipped,
dico_phrasis_0001652__es-eu__original,
dico_phrasis_0001652__eu-en__flipped,
dico_phrasis_0001652__eu-en__original,
dico_phrasis_0001652__eu-es__flipped,
dico_phrasis_0001652__eu-es__original,
dico_phrasis_0001653__en-es__flipped,
dico_phrasis_0001653__en-es__original,
dico_phrasis_0001653__en-eu__flipped,
dico_phrasis_0001653__en-eu__original,
dico_phrasis_0001653__es-en__flipped,
dico_phrasis_0001653__es-en__original,
dico_phrasis_0001653__es-eu__flipped,
dico_phrasis_0001653__es-eu__original,
dico_phrasis_0001653__eu-en__flipped,
dico_phrasis_0001653__eu-en__original,
dico_phrasis_0001653__eu-es__flipped,
dico_phrasis_0001653__eu-es__original,
dico_phrasis_0001655__en-es__flipped,
dico_phrasis_0001655__en-es__original,
dico_phrasis_0001655__en-eu__flipped,
dico_phrasis_0001655__en-eu__original,
dico_phrasis_0001655__es-en__flipped,
dico_phrasis_0001655__es-en__original,
dico_phrasis_0001655__es-eu__flipped,
dico_phrasis_0001655__es-eu__original,
dico_phrasis_0001655__eu-en__flipped,
dico_phrasis_0001655__eu-en__original,
dico_phrasis_0001655__eu-es__flipped,
dico_phrasis_0001655__eu-es__original,
dico_phrasis_0001657__en-es__flipped,
dico_phrasis_0001657__en-es__original,
dico_phrasis_0001657__en-eu__flipped,
dico_phrasis_0001657__en-eu__original,
dico_phrasis_0001657__es-en__flipped,
dico_phrasis_0001657__es-en__original,
dico_phrasis_0001657__es-eu__flipped,
dico_phrasis_0001657__es-eu__original,
dico_phrasis_0001657__eu-en__flipped,
dico_phrasis_0001657__eu-en__original,
dico_phrasis_0001657__eu-es__flipped,
dico_phrasis_0001657__eu-es__original,
dico_phrasis_0001660__en-es__flipped,
dico_phrasis_0001660__en-es__original,
dico_phrasis_0001660__en-eu__flipped,
dico_phrasis_0001660__en-eu__original,
dico_phrasis_0001660__es-en__flipped,
dico_phrasis_0001660__es-en__original,
dico_phrasis_0001660__es-eu__flipped,
dico_phrasis_0001660__es-eu__original,
dico_phrasis_0001660__eu-en__flipped,
dico_phrasis_0001660__eu-en__original,
dico_phrasis_0001660__eu-es__flipped,
dico_phrasis_0001660__eu-es__original,
dico_phrasis_0001661__en-es__flipped,
dico_phrasis_0001661__en-es__original,
dico_phrasis_0001661__en-eu__flipped,
dico_phrasis_0001661__en-eu__original,
dico_phrasis_0001661__es-en__flipped,
dico_phrasis_0001661__es-en__original,
dico_phrasis_0001661__es-eu__flipped,
dico_phrasis_0001661__es-eu__original,
dico_phrasis_0001661__eu-en__flipped,
dico_phrasis_0001661__eu-en__original,
dico_phrasis_0001661__eu-es__flipped,
dico_phrasis_0001661__eu-es__original,
dico_phrasis_0001664__en-es__flipped,
dico_phrasis_0001664__en-es__original,
dico_phrasis_0001664__en-eu__flipped,
dico_phrasis_0001664__en-eu__original,
dico_phrasis_0001664__es-en__flipped,
dico_phrasis_0001664__es-en__original,
dico_phrasis_0001664__es-eu__flipped,
dico_phrasis_0001664__es-eu__original,
dico_phrasis_0001664__eu-en__flipped,
dico_phrasis_0001664__eu-en__original,
dico_phrasis_0001664__eu-es__flipped,
dico_phrasis_0001664__eu-es__original,
dico_phrasis_0001668__en-es__flipped,
dico_phrasis_0001668__en-es__original,
dico_phrasis_0001668__en-eu__flipped,
dico_phrasis_0001668__en-eu__original,
dico_phrasis_0001668__es-en__flipped,
dico_phrasis_0001668__es-en__original,
dico_phrasis_0001668__es-eu__flipped,
dico_phrasis_0001668__es-eu__original,
dico_phrasis_0001668__eu-en__flipped,
dico_phrasis_0001668__eu-en__original,
dico_phrasis_0001668__eu-es__flipped,
dico_phrasis_0001668__eu-es__original,
dico_phrasis_0001670__en-es__flipped,
dico_phrasis_0001670__en-es__original,
dico_phrasis_0001670__en-eu__flipped,
dico_phrasis_0001670__en-eu__original,
dico_phrasis_0001670__es-en__flipped,
dico_phrasis_0001670__es-en__original,
dico_phrasis_0001670__es-eu__flipped,
dico_phrasis_0001670__es-eu__original,
dico_phrasis_0001670__eu-en__flipped,
dico_phrasis_0001670__eu-en__original,
dico_phrasis_0001670__eu-es__flipped,
dico_phrasis_0001670__eu-es__original,
dico_phrasis_0001671__en-es__flipped,
dico_phrasis_0001671__en-es__original,
dico_phrasis_0001671__en-eu__flipped,
dico_phrasis_0001671__en-eu__original,
dico_phrasis_0001671__es-en__flipped,
dico_phrasis_0001671__es-en__original,
dico_phrasis_0001671__es-eu__flipped,
dico_phrasis_0001671__es-eu__original,
dico_phrasis_0001671__eu-en__flipped,
dico_phrasis_0001671__eu-en__original,
dico_phrasis_0001671__eu-es__flipped,
dico_phrasis_0001671__eu-es__original,
dico_phrasis_0001672__en-es__flipped,
dico_phrasis_0001672__en-es__original,
dico_phrasis_0001672__en-eu__flipped,
dico_phrasis_0001672__en-eu__original,
dico_phrasis_0001672__es-en__flipped,
dico_phrasis_0001672__es-en__original,
dico_phrasis_0001672__es-eu__flipped,
dico_phrasis_0001672__es-eu__original,
dico_phrasis_0001672__eu-en__flipped,
dico_phrasis_0001672__eu-en__original,
dico_phrasis_0001672__eu-es__flipped,
dico_phrasis_0001672__eu-es__original,
dico_phrasis_0001673__en-es__flipped,
dico_phrasis_0001673__en-es__original,
dico_phrasis_0001673__en-eu__flipped,
dico_phrasis_0001673__en-eu__original,
dico_phrasis_0001673__es-en__flipped,
dico_phrasis_0001673__es-en__original,
dico_phrasis_0001673__es-eu__flipped,
dico_phrasis_0001673__es-eu__original,
dico_phrasis_0001673__eu-en__flipped,
dico_phrasis_0001673__eu-en__original,
dico_phrasis_0001673__eu-es__flipped,
dico_phrasis_0001673__eu-es__original,
dico_phrasis_0001674__en-es__flipped,
dico_phrasis_0001674__en-es__original,
dico_phrasis_0001674__en-eu__flipped,
dico_phrasis_0001674__en-eu__original,
dico_phrasis_0001674__es-en__flipped,
dico_phrasis_0001674__es-en__original,
dico_phrasis_0001674__es-eu__flipped,
dico_phrasis_0001674__es-eu__original,
dico_phrasis_0001674__eu-en__flipped,
dico_phrasis_0001674__eu-en__original,
dico_phrasis_0001674__eu-es__flipped,
dico_phrasis_0001674__eu-es__original,
dico_phrasis_0001677__en-es__flipped,
dico_phrasis_0001677__en-es__original,
dico_phrasis_0001677__en-eu__flipped,
dico_phrasis_0001677__en-eu__original,
dico_phrasis_0001677__es-en__flipped,
dico_phrasis_0001677__es-en__original,
dico_phrasis_0001677__es-eu__flipped,
dico_phrasis_0001677__es-eu__original,
dico_phrasis_0001677__eu-en__flipped,
dico_phrasis_0001677__eu-en__original,
dico_phrasis_0001677__eu-es__flipped,
dico_phrasis_0001677__eu-es__original,
dico_phrasis_0001678__en-es__flipped,
dico_phrasis_0001678__en-es__original,
dico_phrasis_0001678__en-eu__flipped,
dico_phrasis_0001678__en-eu__original,
dico_phrasis_0001678__es-en__flipped,
dico_phrasis_0001678__es-en__original,
dico_phrasis_0001678__es-eu__flipped,
dico_phrasis_0001678__es-eu__original,
dico_phrasis_0001678__eu-en__flipped,
dico_phrasis_0001678__eu-en__original,
dico_phrasis_0001678__eu-es__flipped,
dico_phrasis_0001678__eu-es__original,
dico_phrasis_0001679__en-es__flipped,
dico_phrasis_0001679__en-es__original,
dico_phrasis_0001679__en-eu__flipped,
dico_phrasis_0001679__en-eu__original,
dico_phrasis_0001679__es-en__flipped,
dico_phrasis_0001679__es-en__original,
dico_phrasis_0001679__es-eu__flipped,
dico_phrasis_0001679__es-eu__original,
dico_phrasis_0001679__eu-en__flipped,
dico_phrasis_0001679__eu-en__original,
dico_phrasis_0001679__eu-es__flipped,
dico_phrasis_0001679__eu-es__original,
dico_phrasis_0001680__en-es__flipped,
dico_phrasis_0001680__en-es__original,
dico_phrasis_0001680__en-eu__flipped,
dico_phrasis_0001680__en-eu__original,
dico_phrasis_0001680__es-en__flipped,
dico_phrasis_0001680__es-en__original,
dico_phrasis_0001680__es-eu__flipped,
dico_phrasis_0001680__es-eu__original,
dico_phrasis_0001680__eu-en__flipped,
dico_phrasis_0001680__eu-en__original,
dico_phrasis_0001680__eu-es__flipped,
dico_phrasis_0001680__eu-es__original,
dico_phrasis_0001681__en-es__flipped,
dico_phrasis_0001681__en-es__original,
dico_phrasis_0001681__en-eu__flipped,
dico_phrasis_0001681__en-eu__original,
dico_phrasis_0001681__es-en__flipped,
dico_phrasis_0001681__es-en__original,
dico_phrasis_0001681__es-eu__flipped,
dico_phrasis_0001681__es-eu__original,
dico_phrasis_0001681__eu-en__flipped,
dico_phrasis_0001681__eu-en__original,
dico_phrasis_0001681__eu-es__flipped,
dico_phrasis_0001681__eu-es__original,
dico_phrasis_0001683__en-es__flipped,
dico_phrasis_0001683__en-es__original,
dico_phrasis_0001683__en-eu__flipped,
dico_phrasis_0001683__en-eu__original,
dico_phrasis_0001683__es-en__flipped,
dico_phrasis_0001683__es-en__original,
dico_phrasis_0001683__es-eu__flipped,
dico_phrasis_0001683__es-eu__original,
dico_phrasis_0001683__eu-en__flipped,
dico_phrasis_0001683__eu-en__original,
dico_phrasis_0001683__eu-es__flipped,
dico_phrasis_0001683__eu-es__original,
dico_phrasis_0001684__en-es__flipped,
dico_phrasis_0001684__en-es__original,
dico_phrasis_0001684__en-eu__flipped,
dico_phrasis_0001684__en-eu__original,
dico_phrasis_0001684__es-en__flipped,
dico_phrasis_0001684__es-en__original,
dico_phrasis_0001684__es-eu__flipped,
dico_phrasis_0001684__es-eu__original,
dico_phrasis_0001684__eu-en__flipped,
dico_phrasis_0001684__eu-en__original,
dico_phrasis_0001684__eu-es__flipped,
dico_phrasis_0001684__eu-es__original,
dico_phrasis_0001686__en-es__flipped,
dico_phrasis_0001686__en-es__original,
dico_phrasis_0001686__en-eu__flipped,
dico_phrasis_0001686__en-eu__original,
dico_phrasis_0001686__es-en__flipped,
dico_phrasis_0001686__es-en__original,
dico_phrasis_0001686__es-eu__flipped,
dico_phrasis_0001686__es-eu__original,
dico_phrasis_0001686__eu-en__flipped,
dico_phrasis_0001686__eu-en__original,
dico_phrasis_0001686__eu-es__flipped,
dico_phrasis_0001686__eu-es__original,
dico_phrasis_0001687__en-es__flipped,
dico_phrasis_0001687__en-es__original,
dico_phrasis_0001687__en-eu__flipped,
dico_phrasis_0001687__en-eu__original,
dico_phrasis_0001687__es-en__flipped,
dico_phrasis_0001687__es-en__original,
dico_phrasis_0001687__es-eu__flipped,
dico_phrasis_0001687__es-eu__original,
dico_phrasis_0001687__eu-en__flipped,
dico_phrasis_0001687__eu-en__original,
dico_phrasis_0001687__eu-es__flipped,
dico_phrasis_0001687__eu-es__original,
dico_phrasis_0001688__en-es__flipped,
dico_phrasis_0001688__en-es__original,
dico_phrasis_0001688__en-eu__flipped,
dico_phrasis_0001688__en-eu__original,
dico_phrasis_0001688__es-en__flipped,
dico_phrasis_0001688__es-en__original,
dico_phrasis_0001688__es-eu__flipped,
dico_phrasis_0001688__es-eu__original,
dico_phrasis_0001688__eu-en__flipped,
dico_phrasis_0001688__eu-en__original,
dico_phrasis_0001688__eu-es__flipped,
dico_phrasis_0001688__eu-es__original,
dico_phrasis_0001689__en-es__flipped,
dico_phrasis_0001689__en-es__original,
dico_phrasis_0001689__en-eu__flipped,
dico_phrasis_0001689__en-eu__original,
dico_phrasis_0001689__es-en__flipped,
dico_phrasis_0001689__es-en__original,
dico_phrasis_0001689__es-eu__flipped,
dico_phrasis_0001689__es-eu__original,
dico_phrasis_0001689__eu-en__flipped,
dico_phrasis_0001689__eu-en__original,
dico_phrasis_0001689__eu-es__flipped,
dico_phrasis_0001689__eu-es__original,
dico_phrasis_0001692__en-es__flipped,
dico_phrasis_0001692__en-es__original,
dico_phrasis_0001692__en-eu__flipped,
dico_phrasis_0001692__en-eu__original,
dico_phrasis_0001692__es-en__flipped,
dico_phrasis_0001692__es-en__original,
dico_phrasis_0001692__es-eu__flipped,
dico_phrasis_0001692__es-eu__original,
dico_phrasis_0001692__eu-en__flipped,
dico_phrasis_0001692__eu-en__original,
dico_phrasis_0001692__eu-es__flipped,
dico_phrasis_0001692__eu-es__original,
dico_phrasis_0001694__en-es__flipped,
dico_phrasis_0001694__en-es__original,
dico_phrasis_0001694__en-eu__flipped,
dico_phrasis_0001694__en-eu__original,
dico_phrasis_0001694__es-en__flipped,
dico_phrasis_0001694__es-en__original,
dico_phrasis_0001694__es-eu__flipped,
dico_phrasis_0001694__es-eu__original,
dico_phrasis_0001694__eu-en__flipped,
dico_phrasis_0001694__eu-en__original,
dico_phrasis_0001694__eu-es__flipped,
dico_phrasis_0001694__eu-es__original,
dico_phrasis_0001695__en-es__flipped,
dico_phrasis_0001695__en-es__original,
dico_phrasis_0001695__en-eu__flipped,
dico_phrasis_0001695__en-eu__original,
dico_phrasis_0001695__es-en__flipped,
dico_phrasis_0001695__es-en__original,
dico_phrasis_0001695__es-eu__flipped,
dico_phrasis_0001695__es-eu__original,
dico_phrasis_0001695__eu-en__flipped,
dico_phrasis_0001695__eu-en__original,
dico_phrasis_0001695__eu-es__flipped,
dico_phrasis_0001695__eu-es__original,
dico_phrasis_0001697__en-es__flipped,
dico_phrasis_0001697__en-es__original,
dico_phrasis_0001697__en-eu__flipped,
dico_phrasis_0001697__en-eu__original,
dico_phrasis_0001697__es-en__flipped,
dico_phrasis_0001697__es-en__original,
dico_phrasis_0001697__es-eu__flipped,
dico_phrasis_0001697__es-eu__original,
dico_phrasis_0001697__eu-en__flipped,
dico_phrasis_0001697__eu-en__original,
dico_phrasis_0001697__eu-es__flipped,
dico_phrasis_0001697__eu-es__original,
dico_phrasis_0001699__en-es__flipped,
dico_phrasis_0001699__en-es__original,
dico_phrasis_0001699__en-eu__flipped,
dico_phrasis_0001699__en-eu__original,
dico_phrasis_0001699__es-en__flipped,
dico_phrasis_0001699__es-en__original,
dico_phrasis_0001699__es-eu__flipped,
dico_phrasis_0001699__es-eu__original,
dico_phrasis_0001699__eu-en__flipped,
dico_phrasis_0001699__eu-en__original,
dico_phrasis_0001699__eu-es__flipped,
dico_phrasis_0001699__eu-es__original,
dico_phrasis_0001700__en-es__flipped,
dico_phrasis_0001700__en-es__original,
dico_phrasis_0001700__en-eu__flipped,
dico_phrasis_0001700__en-eu__original,
dico_phrasis_0001700__es-en__flipped,
dico_phrasis_0001700__es-en__original,
dico_phrasis_0001700__es-eu__flipped,
dico_phrasis_0001700__es-eu__original,
dico_phrasis_0001700__eu-en__flipped,
dico_phrasis_0001700__eu-en__original,
dico_phrasis_0001700__eu-es__flipped,
dico_phrasis_0001700__eu-es__original,
dico_phrasis_0001701__en-es__flipped,
dico_phrasis_0001701__en-es__original,
dico_phrasis_0001701__en-eu__flipped,
dico_phrasis_0001701__en-eu__original,
dico_phrasis_0001701__es-en__flipped,
dico_phrasis_0001701__es-en__original,
dico_phrasis_0001701__es-eu__flipped,
dico_phrasis_0001701__es-eu__original,
dico_phrasis_0001701__eu-en__flipped,
dico_phrasis_0001701__eu-en__original,
dico_phrasis_0001701__eu-es__flipped,
dico_phrasis_0001701__eu-es__original,
dico_phrasis_0001704__en-es__flipped,
dico_phrasis_0001704__en-es__original,
dico_phrasis_0001704__en-eu__flipped,
dico_phrasis_0001704__en-eu__original,
dico_phrasis_0001704__es-en__flipped,
dico_phrasis_0001704__es-en__original,
dico_phrasis_0001704__es-eu__flipped,
dico_phrasis_0001704__es-eu__original,
dico_phrasis_0001704__eu-en__flipped,
dico_phrasis_0001704__eu-en__original,
dico_phrasis_0001704__eu-es__flipped,
dico_phrasis_0001704__eu-es__original,
dico_phrasis_0001705__en-es__flipped,
dico_phrasis_0001705__en-es__original,
dico_phrasis_0001705__en-eu__flipped,
dico_phrasis_0001705__en-eu__original,
dico_phrasis_0001705__es-en__flipped,
dico_phrasis_0001705__es-en__original,
dico_phrasis_0001705__es-eu__flipped,
dico_phrasis_0001705__es-eu__original,
dico_phrasis_0001705__eu-en__flipped,
dico_phrasis_0001705__eu-en__original,
dico_phrasis_0001705__eu-es__flipped,
dico_phrasis_0001705__eu-es__original,
dico_phrasis_0001707__en-es__flipped,
dico_phrasis_0001707__en-es__original,
dico_phrasis_0001707__en-eu__flipped,
dico_phrasis_0001707__en-eu__original,
dico_phrasis_0001707__es-en__flipped,
dico_phrasis_0001707__es-en__original,
dico_phrasis_0001707__es-eu__flipped,
dico_phrasis_0001707__es-eu__original,
dico_phrasis_0001707__eu-en__flipped,
dico_phrasis_0001707__eu-en__original,
dico_phrasis_0001707__eu-es__flipped,
dico_phrasis_0001707__eu-es__original,
dico_phrasis_0001708__en-es__flipped,
dico_phrasis_0001708__en-es__original,
dico_phrasis_0001708__en-eu__flipped,
dico_phrasis_0001708__en-eu__original,
dico_phrasis_0001708__es-en__flipped,
dico_phrasis_0001708__es-en__original,
dico_phrasis_0001708__es-eu__flipped,
dico_phrasis_0001708__es-eu__original,
dico_phrasis_0001708__eu-en__flipped,
dico_phrasis_0001708__eu-en__original,
dico_phrasis_0001708__eu-es__flipped,
dico_phrasis_0001708__eu-es__original,
dico_phrasis_0001709__en-es__flipped,
dico_phrasis_0001709__en-es__original,
dico_phrasis_0001709__en-eu__flipped,
dico_phrasis_0001709__en-eu__original,
dico_phrasis_0001709__es-en__flipped,
dico_phrasis_0001709__es-en__original,
dico_phrasis_0001709__es-eu__flipped,
dico_phrasis_0001709__es-eu__original,
dico_phrasis_0001709__eu-en__flipped,
dico_phrasis_0001709__eu-en__original,
dico_phrasis_0001709__eu-es__flipped,
dico_phrasis_0001709__eu-es__original,
dico_phrasis_0001711__en-es__flipped,
dico_phrasis_0001711__en-es__original,
dico_phrasis_0001711__en-eu__flipped,
dico_phrasis_0001711__en-eu__original,
dico_phrasis_0001711__es-en__flipped,
dico_phrasis_0001711__es-en__original,
dico_phrasis_0001711__es-eu__flipped,
dico_phrasis_0001711__es-eu__original,
dico_phrasis_0001711__eu-en__flipped,
dico_phrasis_0001711__eu-en__original,
dico_phrasis_0001711__eu-es__flipped,
dico_phrasis_0001711__eu-es__original,
dico_phrasis_0001712__en-es__flipped,
dico_phrasis_0001712__en-es__original,
dico_phrasis_0001712__en-eu__flipped,
dico_phrasis_0001712__en-eu__original,
dico_phrasis_0001712__es-en__flipped,
dico_phrasis_0001712__es-en__original,
dico_phrasis_0001712__es-eu__flipped,
dico_phrasis_0001712__es-eu__original,
dico_phrasis_0001712__eu-en__flipped,
dico_phrasis_0001712__eu-en__original,
dico_phrasis_0001712__eu-es__flipped,
dico_phrasis_0001712__eu-es__original,
dico_phrasis_0001713__en-es__flipped,
dico_phrasis_0001713__en-es__original,
dico_phrasis_0001713__en-eu__flipped,
dico_phrasis_0001713__en-eu__original,
dico_phrasis_0001713__es-en__flipped,
dico_phrasis_0001713__es-en__original,
dico_phrasis_0001713__es-eu__flipped,
dico_phrasis_0001713__es-eu__original,
dico_phrasis_0001713__eu-en__flipped,
dico_phrasis_0001713__eu-en__original,
dico_phrasis_0001713__eu-es__flipped,
dico_phrasis_0001713__eu-es__original,
dico_phrasis_0001715__en-es__flipped,
dico_phrasis_0001715__en-es__original,
dico_phrasis_0001715__en-eu__flipped,
dico_phrasis_0001715__en-eu__original,
dico_phrasis_0001715__es-en__flipped,
dico_phrasis_0001715__es-en__original,
dico_phrasis_0001715__es-eu__flipped,
dico_phrasis_0001715__es-eu__original,
dico_phrasis_0001715__eu-en__flipped,
dico_phrasis_0001715__eu-en__original,
dico_phrasis_0001715__eu-es__flipped,
dico_phrasis_0001715__eu-es__original,
dico_phrasis_0001716__en-es__flipped,
dico_phrasis_0001716__en-es__original,
dico_phrasis_0001716__en-eu__flipped,
dico_phrasis_0001716__en-eu__original,
dico_phrasis_0001716__es-en__flipped,
dico_phrasis_0001716__es-en__original,
dico_phrasis_0001716__es-eu__flipped,
dico_phrasis_0001716__es-eu__original,
dico_phrasis_0001716__eu-en__flipped,
dico_phrasis_0001716__eu-en__original,
dico_phrasis_0001716__eu-es__flipped,
dico_phrasis_0001716__eu-es__original,
dico_phrasis_0001717__en-es__flipped,
dico_phrasis_0001717__en-es__original,
dico_phrasis_0001717__en-eu__flipped,
dico_phrasis_0001717__en-eu__original,
dico_phrasis_0001717__es-en__flipped,
dico_phrasis_0001717__es-en__original,
dico_phrasis_0001717__es-eu__flipped,
dico_phrasis_0001717__es-eu__original,
dico_phrasis_0001717__eu-en__flipped,
dico_phrasis_0001717__eu-en__original,
dico_phrasis_0001717__eu-es__flipped,
dico_phrasis_0001717__eu-es__original,
dico_phrasis_0001718__en-es__flipped,
dico_phrasis_0001718__en-es__original,
dico_phrasis_0001718__en-eu__flipped,
dico_phrasis_0001718__en-eu__original,
dico_phrasis_0001718__es-en__flipped,
dico_phrasis_0001718__es-en__original,
dico_phrasis_0001718__es-eu__flipped,
dico_phrasis_0001718__es-eu__original,
dico_phrasis_0001718__eu-en__flipped,
dico_phrasis_0001718__eu-en__original,
dico_phrasis_0001718__eu-es__flipped,
dico_phrasis_0001718__eu-es__original,
dico_phrasis_0001719__en-es__flipped,
dico_phrasis_0001719__en-es__original,
dico_phrasis_0001719__en-eu__flipped,
dico_phrasis_0001719__en-eu__original,
dico_phrasis_0001719__es-en__flipped,
dico_phrasis_0001719__es-en__original,
dico_phrasis_0001719__es-eu__flipped,
dico_phrasis_0001719__es-eu__original,
dico_phrasis_0001719__eu-en__flipped,
dico_phrasis_0001719__eu-en__original,
dico_phrasis_0001719__eu-es__flipped,
dico_phrasis_0001719__eu-es__original,
dico_phrasis_0001720__en-es__flipped,
dico_phrasis_0001720__en-es__original,
dico_phrasis_0001720__en-eu__flipped,
dico_phrasis_0001720__en-eu__original,
dico_phrasis_0001720__es-en__flipped,
dico_phrasis_0001720__es-en__original,
dico_phrasis_0001720__es-eu__flipped,
dico_phrasis_0001720__es-eu__original,
dico_phrasis_0001720__eu-en__flipped,
dico_phrasis_0001720__eu-en__original,
dico_phrasis_0001720__eu-es__flipped,
dico_phrasis_0001720__eu-es__original,
dico_phrasis_0001721__en-es__flipped,
dico_phrasis_0001721__en-es__original,
dico_phrasis_0001721__en-eu__flipped,
dico_phrasis_0001721__en-eu__original,
dico_phrasis_0001721__es-en__flipped,
dico_phrasis_0001721__es-en__original,
dico_phrasis_0001721__es-eu__flipped,
dico_phrasis_0001721__es-eu__original,
dico_phrasis_0001721__eu-en__flipped,
dico_phrasis_0001721__eu-en__original,
dico_phrasis_0001721__eu-es__flipped,
dico_phrasis_0001721__eu-es__original,
dico_phrasis_0001722__en-es__flipped,
dico_phrasis_0001722__en-es__original,
dico_phrasis_0001722__en-eu__flipped,
dico_phrasis_0001722__en-eu__original,
dico_phrasis_0001722__es-en__flipped,
dico_phrasis_0001722__es-en__original,
dico_phrasis_0001722__es-eu__flipped,
dico_phrasis_0001722__es-eu__original,
dico_phrasis_0001722__eu-en__flipped,
dico_phrasis_0001722__eu-en__original,
dico_phrasis_0001722__eu-es__flipped,
dico_phrasis_0001722__eu-es__original,
dico_phrasis_0001723__en-es__flipped,
dico_phrasis_0001723__en-es__original,
dico_phrasis_0001723__en-eu__flipped,
dico_phrasis_0001723__en-eu__original,
dico_phrasis_0001723__es-en__flipped,
dico_phrasis_0001723__es-en__original,
dico_phrasis_0001723__es-eu__flipped,
dico_phrasis_0001723__es-eu__original,
dico_phrasis_0001723__eu-en__flipped,
dico_phrasis_0001723__eu-en__original,
dico_phrasis_0001723__eu-es__flipped,
dico_phrasis_0001723__eu-es__original,
dico_phrasis_0001724__en-es__flipped,
dico_phrasis_0001724__en-es__original,
dico_phrasis_0001724__en-eu__flipped,
dico_phrasis_0001724__en-eu__original,
dico_phrasis_0001724__es-en__flipped,
dico_phrasis_0001724__es-en__original,
dico_phrasis_0001724__es-eu__flipped,
dico_phrasis_0001724__es-eu__original,
dico_phrasis_0001724__eu-en__flipped,
dico_phrasis_0001724__eu-en__original,
dico_phrasis_0001724__eu-es__flipped,
dico_phrasis_0001724__eu-es__original,
dico_phrasis_0001725__en-es__flipped,
dico_phrasis_0001725__en-es__original,
dico_phrasis_0001725__en-eu__flipped,
dico_phrasis_0001725__en-eu__original,
dico_phrasis_0001725__es-en__flipped,
dico_phrasis_0001725__es-en__original,
dico_phrasis_0001725__es-eu__flipped,
dico_phrasis_0001725__es-eu__original,
dico_phrasis_0001725__eu-en__flipped,
dico_phrasis_0001725__eu-en__original,
dico_phrasis_0001725__eu-es__flipped,
dico_phrasis_0001725__eu-es__original,
dico_phrasis_0001728__en-es__flipped,
dico_phrasis_0001728__en-es__original,
dico_phrasis_0001728__en-eu__flipped,
dico_phrasis_0001728__en-eu__original,
dico_phrasis_0001728__es-en__flipped,
dico_phrasis_0001728__es-en__original,
dico_phrasis_0001728__es-eu__flipped,
dico_phrasis_0001728__es-eu__original,
dico_phrasis_0001728__eu-en__flipped,
dico_phrasis_0001728__eu-en__original,
dico_phrasis_0001728__eu-es__flipped,
dico_phrasis_0001728__eu-es__original,
dico_phrasis_0001729__en-es__flipped,
dico_phrasis_0001729__en-es__original,
dico_phrasis_0001729__en-eu__flipped,
dico_phrasis_0001729__en-eu__original,
dico_phrasis_0001729__es-en__flipped,
dico_phrasis_0001729__es-en__original,
dico_phrasis_0001729__es-eu__flipped,
dico_phrasis_0001729__es-eu__original,
dico_phrasis_0001729__eu-en__flipped,
dico_phrasis_0001729__eu-en__original,
dico_phrasis_0001729__eu-es__flipped,
dico_phrasis_0001729__eu-es__original,
dico_phrasis_0001730__en-es__flipped,
dico_phrasis_0001730__en-es__original,
dico_phrasis_0001730__en-eu__flipped,
dico_phrasis_0001730__en-eu__original,
dico_phrasis_0001730__es-en__flipped,
dico_phrasis_0001730__es-en__original,
dico_phrasis_0001730__es-eu__flipped,
dico_phrasis_0001730__es-eu__original,
dico_phrasis_0001730__eu-en__flipped,
dico_phrasis_0001730__eu-en__original,
dico_phrasis_0001730__eu-es__flipped,
dico_phrasis_0001730__eu-es__original,
dico_phrasis_0001732__en-es__flipped,
dico_phrasis_0001732__en-es__original,
dico_phrasis_0001732__en-eu__flipped,
dico_phrasis_0001732__en-eu__original,
dico_phrasis_0001732__es-en__flipped,
dico_phrasis_0001732__es-en__original,
dico_phrasis_0001732__es-eu__flipped,
dico_phrasis_0001732__es-eu__original,
dico_phrasis_0001732__eu-en__flipped,
dico_phrasis_0001732__eu-en__original,
dico_phrasis_0001732__eu-es__flipped,
dico_phrasis_0001732__eu-es__original,
dico_phrasis_0001733__en-es__flipped,
dico_phrasis_0001733__en-es__original,
dico_phrasis_0001733__en-eu__flipped,
dico_phrasis_0001733__en-eu__original,
dico_phrasis_0001733__es-en__flipped,
dico_phrasis_0001733__es-en__original,
dico_phrasis_0001733__es-eu__flipped,
dico_phrasis_0001733__es-eu__original,
dico_phrasis_0001733__eu-en__flipped,
dico_phrasis_0001733__eu-en__original,
dico_phrasis_0001733__eu-es__flipped,
dico_phrasis_0001733__eu-es__original,
dico_phrasis_0001734__en-es__flipped,
dico_phrasis_0001734__en-es__original,
dico_phrasis_0001734__en-eu__flipped,
dico_phrasis_0001734__en-eu__original,
dico_phrasis_0001734__es-en__flipped,
dico_phrasis_0001734__es-en__original,
dico_phrasis_0001734__es-eu__flipped,
dico_phrasis_0001734__es-eu__original,
dico_phrasis_0001734__eu-en__flipped,
dico_phrasis_0001734__eu-en__original,
dico_phrasis_0001734__eu-es__flipped,
dico_phrasis_0001734__eu-es__original,
dico_phrasis_0001735__en-es__flipped,
dico_phrasis_0001735__en-es__original,
dico_phrasis_0001735__en-eu__flipped,
dico_phrasis_0001735__en-eu__original,
dico_phrasis_0001735__es-en__flipped,
dico_phrasis_0001735__es-en__original,
dico_phrasis_0001735__es-eu__flipped,
dico_phrasis_0001735__es-eu__original,
dico_phrasis_0001735__eu-en__flipped,
dico_phrasis_0001735__eu-en__original,
dico_phrasis_0001735__eu-es__flipped,
dico_phrasis_0001735__eu-es__original,
dico_phrasis_0001736__en-es__flipped,
dico_phrasis_0001736__en-es__original,
dico_phrasis_0001736__en-eu__flipped,
dico_phrasis_0001736__en-eu__original,
dico_phrasis_0001736__es-en__flipped,
dico_phrasis_0001736__es-en__original,
dico_phrasis_0001736__es-eu__flipped,
dico_phrasis_0001736__es-eu__original,
dico_phrasis_0001736__eu-en__flipped,
dico_phrasis_0001736__eu-en__original,
dico_phrasis_0001736__eu-es__flipped,
dico_phrasis_0001736__eu-es__original,
dico_phrasis_0001737__en-es__flipped,
dico_phrasis_0001737__en-es__original,
dico_phrasis_0001737__en-eu__flipped,
dico_phrasis_0001737__en-eu__original,
dico_phrasis_0001737__es-en__flipped,
dico_phrasis_0001737__es-en__original,
dico_phrasis_0001737__es-eu__flipped,
dico_phrasis_0001737__es-eu__original,
dico_phrasis_0001737__eu-en__flipped,
dico_phrasis_0001737__eu-en__original,
dico_phrasis_0001737__eu-es__flipped,
dico_phrasis_0001737__eu-es__original,
dico_phrasis_0001738__en-es__flipped,
dico_phrasis_0001738__en-es__original,
dico_phrasis_0001738__en-eu__flipped,
dico_phrasis_0001738__en-eu__original,
dico_phrasis_0001738__es-en__flipped,
dico_phrasis_0001738__es-en__original,
dico_phrasis_0001738__es-eu__flipped,
dico_phrasis_0001738__es-eu__original,
dico_phrasis_0001738__eu-en__flipped,
dico_phrasis_0001738__eu-en__original,
dico_phrasis_0001738__eu-es__flipped,
dico_phrasis_0001738__eu-es__original,
dico_phrasis_0001740__en-es__flipped,
dico_phrasis_0001740__en-es__original,
dico_phrasis_0001740__en-eu__flipped,
dico_phrasis_0001740__en-eu__original,
dico_phrasis_0001740__es-en__flipped,
dico_phrasis_0001740__es-en__original,
dico_phrasis_0001740__es-eu__flipped,
dico_phrasis_0001740__es-eu__original,
dico_phrasis_0001740__eu-en__flipped,
dico_phrasis_0001740__eu-en__original,
dico_phrasis_0001740__eu-es__flipped,
dico_phrasis_0001740__eu-es__original,
dico_phrasis_0001741__en-es__flipped,
dico_phrasis_0001741__en-es__original,
dico_phrasis_0001741__en-eu__flipped,
dico_phrasis_0001741__en-eu__original,
dico_phrasis_0001741__es-en__flipped,
dico_phrasis_0001741__es-en__original,
dico_phrasis_0001741__es-eu__flipped,
dico_phrasis_0001741__es-eu__original,
dico_phrasis_0001741__eu-en__flipped,
dico_phrasis_0001741__eu-en__original,
dico_phrasis_0001741__eu-es__flipped,
dico_phrasis_0001741__eu-es__original,
dico_phrasis_0001745__en-es__flipped,
dico_phrasis_0001745__en-es__original,
dico_phrasis_0001745__en-eu__flipped,
dico_phrasis_0001745__en-eu__original,
dico_phrasis_0001745__es-en__flipped,
dico_phrasis_0001745__es-en__original,
dico_phrasis_0001745__es-eu__flipped,
dico_phrasis_0001745__es-eu__original,
dico_phrasis_0001745__eu-en__flipped,
dico_phrasis_0001745__eu-en__original,
dico_phrasis_0001745__eu-es__flipped,
dico_phrasis_0001745__eu-es__original,
dico_phrasis_0001746__en-es__flipped,
dico_phrasis_0001746__en-es__original,
dico_phrasis_0001746__en-eu__flipped,
dico_phrasis_0001746__en-eu__original,
dico_phrasis_0001746__es-en__flipped,
dico_phrasis_0001746__es-en__original,
dico_phrasis_0001746__es-eu__flipped,
dico_phrasis_0001746__es-eu__original,
dico_phrasis_0001746__eu-en__flipped,
dico_phrasis_0001746__eu-en__original,
dico_phrasis_0001746__eu-es__flipped,
dico_phrasis_0001746__eu-es__original,
dico_phrasis_0001747__en-es__flipped,
dico_phrasis_0001747__en-es__original,
dico_phrasis_0001747__en-eu__flipped,
dico_phrasis_0001747__en-eu__original,
dico_phrasis_0001747__es-en__flipped,
dico_phrasis_0001747__es-en__original,
dico_phrasis_0001747__es-eu__flipped,
dico_phrasis_0001747__es-eu__original,
dico_phrasis_0001747__eu-en__flipped,
dico_phrasis_0001747__eu-en__original,
dico_phrasis_0001747__eu-es__flipped,
dico_phrasis_0001747__eu-es__original,
dico_phrasis_0001753__en-es__flipped,
dico_phrasis_0001753__en-es__original,
dico_phrasis_0001753__en-eu__flipped,
dico_phrasis_0001753__en-eu__original,
dico_phrasis_0001753__es-en__flipped,
dico_phrasis_0001753__es-en__original,
dico_phrasis_0001753__es-eu__flipped,
dico_phrasis_0001753__es-eu__original,
dico_phrasis_0001753__eu-en__flipped,
dico_phrasis_0001753__eu-en__original,
dico_phrasis_0001753__eu-es__flipped,
dico_phrasis_0001753__eu-es__original,
dico_phrasis_0001754__en-es__flipped,
dico_phrasis_0001754__en-es__original,
dico_phrasis_0001754__en-eu__flipped,
dico_phrasis_0001754__en-eu__original,
dico_phrasis_0001754__es-en__flipped,
dico_phrasis_0001754__es-en__original,
dico_phrasis_0001754__es-eu__flipped,
dico_phrasis_0001754__es-eu__original,
dico_phrasis_0001754__eu-en__flipped,
dico_phrasis_0001754__eu-en__original,
dico_phrasis_0001754__eu-es__flipped,
dico_phrasis_0001754__eu-es__original,
dico_phrasis_0001758__en-es__flipped,
dico_phrasis_0001758__en-es__original,
dico_phrasis_0001758__en-eu__flipped,
dico_phrasis_0001758__en-eu__original,
dico_phrasis_0001758__es-en__flipped,
dico_phrasis_0001758__es-en__original,
dico_phrasis_0001758__es-eu__flipped,
dico_phrasis_0001758__es-eu__original,
dico_phrasis_0001758__eu-en__flipped,
dico_phrasis_0001758__eu-en__original,
dico_phrasis_0001758__eu-es__flipped,
dico_phrasis_0001758__eu-es__original,
dico_phrasis_0001759__en-es__flipped,
dico_phrasis_0001759__en-es__original,
dico_phrasis_0001759__en-eu__flipped,
dico_phrasis_0001759__en-eu__original,
dico_phrasis_0001759__es-en__flipped,
dico_phrasis_0001759__es-en__original,
dico_phrasis_0001759__es-eu__flipped,
dico_phrasis_0001759__es-eu__original,
dico_phrasis_0001759__eu-en__flipped,
dico_phrasis_0001759__eu-en__original,
dico_phrasis_0001759__eu-es__flipped,
dico_phrasis_0001759__eu-es__original,
dico_phrasis_0001760__en-es__flipped,
dico_phrasis_0001760__en-es__original,
dico_phrasis_0001760__en-eu__flipped,
dico_phrasis_0001760__en-eu__original,
dico_phrasis_0001760__es-en__flipped,
dico_phrasis_0001760__es-en__original,
dico_phrasis_0001760__es-eu__flipped,
dico_phrasis_0001760__es-eu__original,
dico_phrasis_0001760__eu-en__flipped,
dico_phrasis_0001760__eu-en__original,
dico_phrasis_0001760__eu-es__flipped,
dico_phrasis_0001760__eu-es__original,
dico_phrasis_0001761__en-es__flipped,
dico_phrasis_0001761__en-es__original,
dico_phrasis_0001761__en-eu__flipped,
dico_phrasis_0001761__en-eu__original,
dico_phrasis_0001761__es-en__flipped,
dico_phrasis_0001761__es-en__original,
dico_phrasis_0001761__es-eu__flipped,
dico_phrasis_0001761__es-eu__original,
dico_phrasis_0001761__eu-en__flipped,
dico_phrasis_0001761__eu-en__original,
dico_phrasis_0001761__eu-es__flipped,
dico_phrasis_0001761__eu-es__original,
dico_phrasis_0001762__en-es__flipped,
dico_phrasis_0001762__en-es__original,
dico_phrasis_0001762__en-eu__flipped,
dico_phrasis_0001762__en-eu__original,
dico_phrasis_0001762__es-en__flipped,
dico_phrasis_0001762__es-en__original,
dico_phrasis_0001762__es-eu__flipped,
dico_phrasis_0001762__es-eu__original,
dico_phrasis_0001762__eu-en__flipped,
dico_phrasis_0001762__eu-en__original,
dico_phrasis_0001762__eu-es__flipped,
dico_phrasis_0001762__eu-es__original,
dico_phrasis_0001763__en-es__flipped,
dico_phrasis_0001763__en-es__original,
dico_phrasis_0001763__en-eu__flipped,
dico_phrasis_0001763__en-eu__original,
dico_phrasis_0001763__es-en__flipped,
dico_phrasis_0001763__es-en__original,
dico_phrasis_0001763__es-eu__flipped,
dico_phrasis_0001763__es-eu__original,
dico_phrasis_0001763__eu-en__flipped,
dico_phrasis_0001763__eu-en__original,
dico_phrasis_0001763__eu-es__flipped,
dico_phrasis_0001763__eu-es__original,
dico_phrasis_0001765__en-es__flipped,
dico_phrasis_0001765__en-es__original,
dico_phrasis_0001765__en-eu__flipped,
dico_phrasis_0001765__en-eu__original,
dico_phrasis_0001765__es-en__flipped,
dico_phrasis_0001765__es-en__original,
dico_phrasis_0001765__es-eu__flipped,
dico_phrasis_0001765__es-eu__original,
dico_phrasis_0001765__eu-en__flipped,
dico_phrasis_0001765__eu-en__original,
dico_phrasis_0001765__eu-es__flipped,
dico_phrasis_0001765__eu-es__original,
dico_phrasis_0001766__en-es__flipped,
dico_phrasis_0001766__en-es__original,
dico_phrasis_0001766__en-eu__flipped,
dico_phrasis_0001766__en-eu__original,
dico_phrasis_0001766__es-en__flipped,
dico_phrasis_0001766__es-en__original,
dico_phrasis_0001766__es-eu__flipped,
dico_phrasis_0001766__es-eu__original,
dico_phrasis_0001766__eu-en__flipped,
dico_phrasis_0001766__eu-en__original,
dico_phrasis_0001766__eu-es__flipped,
dico_phrasis_0001766__eu-es__original,
dico_phrasis_0001767__en-es__flipped,
dico_phrasis_0001767__en-es__original,
dico_phrasis_0001767__en-eu__flipped,
dico_phrasis_0001767__en-eu__original,
dico_phrasis_0001767__es-en__flipped,
dico_phrasis_0001767__es-en__original,
dico_phrasis_0001767__es-eu__flipped,
dico_phrasis_0001767__es-eu__original,
dico_phrasis_0001767__eu-en__flipped,
dico_phrasis_0001767__eu-en__original,
dico_phrasis_0001767__eu-es__flipped,
dico_phrasis_0001767__eu-es__original,
dico_phrasis_0001770__en-es__flipped,
dico_phrasis_0001770__en-es__original,
dico_phrasis_0001770__en-eu__flipped,
dico_phrasis_0001770__en-eu__original,
dico_phrasis_0001770__es-en__flipped,
dico_phrasis_0001770__es-en__original,
dico_phrasis_0001770__es-eu__flipped,
dico_phrasis_0001770__es-eu__original,
dico_phrasis_0001770__eu-en__flipped,
dico_phrasis_0001770__eu-en__original,
dico_phrasis_0001770__eu-es__flipped,
dico_phrasis_0001770__eu-es__original,
dico_phrasis_0001771__en-es__flipped,
dico_phrasis_0001771__en-es__original,
dico_phrasis_0001771__en-eu__flipped,
dico_phrasis_0001771__en-eu__original,
dico_phrasis_0001771__es-en__flipped,
dico_phrasis_0001771__es-en__original,
dico_phrasis_0001771__es-eu__flipped,
dico_phrasis_0001771__es-eu__original,
dico_phrasis_0001771__eu-en__flipped,
dico_phrasis_0001771__eu-en__original,
dico_phrasis_0001771__eu-es__flipped,
dico_phrasis_0001771__eu-es__original,
dico_phrasis_0001774__en-es__flipped,
dico_phrasis_0001774__en-es__original,
dico_phrasis_0001774__en-eu__flipped,
dico_phrasis_0001774__en-eu__original,
dico_phrasis_0001774__es-en__flipped,
dico_phrasis_0001774__es-en__original,
dico_phrasis_0001774__es-eu__flipped,
dico_phrasis_0001774__es-eu__original,
dico_phrasis_0001774__eu-en__flipped,
dico_phrasis_0001774__eu-en__original,
dico_phrasis_0001774__eu-es__flipped,
dico_phrasis_0001774__eu-es__original,
dico_phrasis_0001775__en-es__flipped,
dico_phrasis_0001775__en-es__original,
dico_phrasis_0001775__en-eu__flipped,
dico_phrasis_0001775__en-eu__original,
dico_phrasis_0001775__es-en__flipped,
dico_phrasis_0001775__es-en__original,
dico_phrasis_0001775__es-eu__flipped,
dico_phrasis_0001775__es-eu__original,
dico_phrasis_0001775__eu-en__flipped,
dico_phrasis_0001775__eu-en__original,
dico_phrasis_0001775__eu-es__flipped,
dico_phrasis_0001775__eu-es__original,
dico_phrasis_0001776__en-es__flipped,
dico_phrasis_0001776__en-es__original,
dico_phrasis_0001776__en-eu__flipped,
dico_phrasis_0001776__en-eu__original,
dico_phrasis_0001776__es-en__flipped,
dico_phrasis_0001776__es-en__original,
dico_phrasis_0001776__es-eu__flipped,
dico_phrasis_0001776__es-eu__original,
dico_phrasis_0001776__eu-en__flipped,
dico_phrasis_0001776__eu-en__original,
dico_phrasis_0001776__eu-es__flipped,
dico_phrasis_0001776__eu-es__original,
dico_phrasis_0001777__en-es__flipped,
dico_phrasis_0001777__en-es__original,
dico_phrasis_0001777__en-eu__flipped,
dico_phrasis_0001777__en-eu__original,
dico_phrasis_0001777__es-en__flipped,
dico_phrasis_0001777__es-en__original,
dico_phrasis_0001777__es-eu__flipped,
dico_phrasis_0001777__es-eu__original,
dico_phrasis_0001777__eu-en__flipped,
dico_phrasis_0001777__eu-en__original,
dico_phrasis_0001777__eu-es__flipped,
dico_phrasis_0001777__eu-es__original,
dico_phrasis_0001779__en-es__flipped,
dico_phrasis_0001779__en-es__original,
dico_phrasis_0001779__en-eu__flipped,
dico_phrasis_0001779__en-eu__original,
dico_phrasis_0001779__es-en__flipped,
dico_phrasis_0001779__es-en__original,
dico_phrasis_0001779__es-eu__flipped,
dico_phrasis_0001779__es-eu__original,
dico_phrasis_0001779__eu-en__flipped,
dico_phrasis_0001779__eu-en__original,
dico_phrasis_0001779__eu-es__flipped,
dico_phrasis_0001779__eu-es__original,
dico_phrasis_0001780__en-es__flipped,
dico_phrasis_0001780__en-es__original,
dico_phrasis_0001780__en-eu__flipped,
dico_phrasis_0001780__en-eu__original,
dico_phrasis_0001780__es-en__flipped,
dico_phrasis_0001780__es-en__original,
dico_phrasis_0001780__es-eu__flipped,
dico_phrasis_0001780__es-eu__original,
dico_phrasis_0001780__eu-en__flipped,
dico_phrasis_0001780__eu-en__original,
dico_phrasis_0001780__eu-es__flipped,
dico_phrasis_0001780__eu-es__original,
dico_phrasis_0001782__en-es__flipped,
dico_phrasis_0001782__en-es__original,
dico_phrasis_0001782__en-eu__flipped,
dico_phrasis_0001782__en-eu__original,
dico_phrasis_0001782__es-en__flipped,
dico_phrasis_0001782__es-en__original,
dico_phrasis_0001782__es-eu__flipped,
dico_phrasis_0001782__es-eu__original,
dico_phrasis_0001782__eu-en__flipped,
dico_phrasis_0001782__eu-en__original,
dico_phrasis_0001782__eu-es__flipped,
dico_phrasis_0001782__eu-es__original,
dico_phrasis_0001783__en-es__flipped,
dico_phrasis_0001783__en-es__original,
dico_phrasis_0001783__en-eu__flipped,
dico_phrasis_0001783__en-eu__original,
dico_phrasis_0001783__es-en__flipped,
dico_phrasis_0001783__es-en__original,
dico_phrasis_0001783__es-eu__flipped,
dico_phrasis_0001783__es-eu__original,
dico_phrasis_0001783__eu-en__flipped,
dico_phrasis_0001783__eu-en__original,
dico_phrasis_0001783__eu-es__flipped,
dico_phrasis_0001783__eu-es__original,
dico_phrasis_0001784__en-es__flipped,
dico_phrasis_0001784__en-es__original,
dico_phrasis_0001784__en-eu__flipped,
dico_phrasis_0001784__en-eu__original,
dico_phrasis_0001784__es-en__flipped,
dico_phrasis_0001784__es-en__original,
dico_phrasis_0001784__es-eu__flipped,
dico_phrasis_0001784__es-eu__original,
dico_phrasis_0001784__eu-en__flipped,
dico_phrasis_0001784__eu-en__original,
dico_phrasis_0001784__eu-es__flipped,
dico_phrasis_0001784__eu-es__original,
dico_phrasis_0001785__en-es__flipped,
dico_phrasis_0001785__en-es__original,
dico_phrasis_0001785__en-eu__flipped,
dico_phrasis_0001785__en-eu__original,
dico_phrasis_0001785__es-en__flipped,
dico_phrasis_0001785__es-en__original,
dico_phrasis_0001785__es-eu__flipped,
dico_phrasis_0001785__es-eu__original,
dico_phrasis_0001785__eu-en__flipped,
dico_phrasis_0001785__eu-en__original,
dico_phrasis_0001785__eu-es__flipped,
dico_phrasis_0001785__eu-es__original,
dico_phrasis_0001786__en-es__flipped,
dico_phrasis_0001786__en-es__original,
dico_phrasis_0001786__en-eu__flipped,
dico_phrasis_0001786__en-eu__original,
dico_phrasis_0001786__es-en__flipped,
dico_phrasis_0001786__es-en__original,
dico_phrasis_0001786__es-eu__flipped,
dico_phrasis_0001786__es-eu__original,
dico_phrasis_0001786__eu-en__flipped,
dico_phrasis_0001786__eu-en__original,
dico_phrasis_0001786__eu-es__flipped,
dico_phrasis_0001786__eu-es__original,
dico_phrasis_0001787__en-es__flipped,
dico_phrasis_0001787__en-es__original,
dico_phrasis_0001787__en-eu__flipped,
dico_phrasis_0001787__en-eu__original,
dico_phrasis_0001787__es-en__flipped,
dico_phrasis_0001787__es-en__original,
dico_phrasis_0001787__es-eu__flipped,
dico_phrasis_0001787__es-eu__original,
dico_phrasis_0001787__eu-en__flipped,
dico_phrasis_0001787__eu-en__original,
dico_phrasis_0001787__eu-es__flipped,
dico_phrasis_0001787__eu-es__original,
dico_phrasis_0001788__en-es__flipped,
dico_phrasis_0001788__en-es__original,
dico_phrasis_0001788__en-eu__flipped,
dico_phrasis_0001788__en-eu__original,
dico_phrasis_0001788__es-en__flipped,
dico_phrasis_0001788__es-en__original,
dico_phrasis_0001788__es-eu__flipped,
dico_phrasis_0001788__es-eu__original,
dico_phrasis_0001788__eu-en__flipped,
dico_phrasis_0001788__eu-en__original,
dico_phrasis_0001788__eu-es__flipped,
dico_phrasis_0001788__eu-es__original,
dico_phrasis_0001789__en-es__flipped,
dico_phrasis_0001789__en-es__original,
dico_phrasis_0001789__en-eu__flipped,
dico_phrasis_0001789__en-eu__original,
dico_phrasis_0001789__es-en__flipped,
dico_phrasis_0001789__es-en__original,
dico_phrasis_0001789__es-eu__flipped,
dico_phrasis_0001789__es-eu__original,
dico_phrasis_0001789__eu-en__flipped,
dico_phrasis_0001789__eu-en__original,
dico_phrasis_0001789__eu-es__flipped,
dico_phrasis_0001789__eu-es__original,
dico_phrasis_0001790__en-es__flipped,
dico_phrasis_0001790__en-es__original,
dico_phrasis_0001790__en-eu__flipped,
dico_phrasis_0001790__en-eu__original,
dico_phrasis_0001790__es-en__flipped,
dico_phrasis_0001790__es-en__original,
dico_phrasis_0001790__es-eu__flipped,
dico_phrasis_0001790__es-eu__original,
dico_phrasis_0001790__eu-en__flipped,
dico_phrasis_0001790__eu-en__original,
dico_phrasis_0001790__eu-es__flipped,
dico_phrasis_0001790__eu-es__original,
dico_phrasis_0001791__en-es__flipped,
dico_phrasis_0001791__en-es__original,
dico_phrasis_0001791__en-eu__flipped,
dico_phrasis_0001791__en-eu__original,
dico_phrasis_0001791__es-en__flipped,
dico_phrasis_0001791__es-en__original,
dico_phrasis_0001791__es-eu__flipped,
dico_phrasis_0001791__es-eu__original,
dico_phrasis_0001791__eu-en__flipped,
dico_phrasis_0001791__eu-en__original,
dico_phrasis_0001791__eu-es__flipped,
dico_phrasis_0001791__eu-es__original,
dico_phrasis_0001792__en-es__flipped,
dico_phrasis_0001792__en-es__original,
dico_phrasis_0001792__en-eu__flipped,
dico_phrasis_0001792__en-eu__original,
dico_phrasis_0001792__es-en__flipped,
dico_phrasis_0001792__es-en__original,
dico_phrasis_0001792__es-eu__flipped,
dico_phrasis_0001792__es-eu__original,
dico_phrasis_0001792__eu-en__flipped,
dico_phrasis_0001792__eu-en__original,
dico_phrasis_0001792__eu-es__flipped,
dico_phrasis_0001792__eu-es__original,
dico_phrasis_0001793__en-es__flipped,
dico_phrasis_0001793__en-es__original,
dico_phrasis_0001793__en-eu__flipped,
dico_phrasis_0001793__en-eu__original,
dico_phrasis_0001793__es-en__flipped,
dico_phrasis_0001793__es-en__original,
dico_phrasis_0001793__es-eu__flipped,
dico_phrasis_0001793__es-eu__original,
dico_phrasis_0001793__eu-en__flipped,
dico_phrasis_0001793__eu-en__original,
dico_phrasis_0001793__eu-es__flipped,
dico_phrasis_0001793__eu-es__original,
dico_phrasis_0001795__en-es__flipped,
dico_phrasis_0001795__en-es__original,
dico_phrasis_0001795__en-eu__flipped,
dico_phrasis_0001795__en-eu__original,
dico_phrasis_0001795__es-en__flipped,
dico_phrasis_0001795__es-en__original,
dico_phrasis_0001795__es-eu__flipped,
dico_phrasis_0001795__es-eu__original,
dico_phrasis_0001795__eu-en__flipped,
dico_phrasis_0001795__eu-en__original,
dico_phrasis_0001795__eu-es__flipped,
dico_phrasis_0001795__eu-es__original,
dico_phrasis_0001796__en-es__flipped,
dico_phrasis_0001796__en-es__original,
dico_phrasis_0001796__en-eu__flipped,
dico_phrasis_0001796__en-eu__original,
dico_phrasis_0001796__es-en__flipped,
dico_phrasis_0001796__es-en__original,
dico_phrasis_0001796__es-eu__flipped,
dico_phrasis_0001796__es-eu__original,
dico_phrasis_0001796__eu-en__flipped,
dico_phrasis_0001796__eu-en__original,
dico_phrasis_0001796__eu-es__flipped,
dico_phrasis_0001796__eu-es__original,
dico_phrasis_0001797__en-es__flipped,
dico_phrasis_0001797__en-es__original,
dico_phrasis_0001797__en-eu__flipped,
dico_phrasis_0001797__en-eu__original,
dico_phrasis_0001797__es-en__flipped,
dico_phrasis_0001797__es-en__original,
dico_phrasis_0001797__es-eu__flipped,
dico_phrasis_0001797__es-eu__original,
dico_phrasis_0001797__eu-en__flipped,
dico_phrasis_0001797__eu-en__original,
dico_phrasis_0001797__eu-es__flipped,
dico_phrasis_0001797__eu-es__original,
dico_phrasis_0001798__en-es__flipped,
dico_phrasis_0001798__en-es__original,
dico_phrasis_0001798__en-eu__flipped,
dico_phrasis_0001798__en-eu__original,
dico_phrasis_0001798__es-en__flipped,
dico_phrasis_0001798__es-en__original,
dico_phrasis_0001798__es-eu__flipped,
dico_phrasis_0001798__es-eu__original,
dico_phrasis_0001798__eu-en__flipped,
dico_phrasis_0001798__eu-en__original,
dico_phrasis_0001798__eu-es__flipped,
dico_phrasis_0001798__eu-es__original,
dico_phrasis_0001799__en-es__flipped,
dico_phrasis_0001799__en-es__original,
dico_phrasis_0001799__en-eu__flipped,
dico_phrasis_0001799__en-eu__original,
dico_phrasis_0001799__es-en__flipped,
dico_phrasis_0001799__es-en__original,
dico_phrasis_0001799__es-eu__flipped,
dico_phrasis_0001799__es-eu__original,
dico_phrasis_0001799__eu-en__flipped,
dico_phrasis_0001799__eu-en__original,
dico_phrasis_0001799__eu-es__flipped,
dico_phrasis_0001799__eu-es__original,
dico_phrasis_0001803__en-es__flipped,
dico_phrasis_0001803__en-es__original,
dico_phrasis_0001803__en-eu__flipped,
dico_phrasis_0001803__en-eu__original,
dico_phrasis_0001803__es-en__flipped,
dico_phrasis_0001803__es-en__original,
dico_phrasis_0001803__es-eu__flipped,
dico_phrasis_0001803__es-eu__original,
dico_phrasis_0001803__eu-en__flipped,
dico_phrasis_0001803__eu-en__original,
dico_phrasis_0001803__eu-es__flipped,
dico_phrasis_0001803__eu-es__original,
dico_phrasis_0001804__en-es__flipped,
dico_phrasis_0001804__en-es__original,
dico_phrasis_0001804__en-eu__flipped,
dico_phrasis_0001804__en-eu__original,
dico_phrasis_0001804__es-en__flipped,
dico_phrasis_0001804__es-en__original,
dico_phrasis_0001804__es-eu__flipped,
dico_phrasis_0001804__es-eu__original,
dico_phrasis_0001804__eu-en__flipped,
dico_phrasis_0001804__eu-en__original,
dico_phrasis_0001804__eu-es__flipped,
dico_phrasis_0001804__eu-es__original,
dico_phrasis_0001805__en-es__flipped,
dico_phrasis_0001805__en-es__original,
dico_phrasis_0001805__en-eu__flipped,
dico_phrasis_0001805__en-eu__original,
dico_phrasis_0001805__es-en__flipped,
dico_phrasis_0001805__es-en__original,
dico_phrasis_0001805__es-eu__flipped,
dico_phrasis_0001805__es-eu__original,
dico_phrasis_0001805__eu-en__flipped,
dico_phrasis_0001805__eu-en__original,
dico_phrasis_0001805__eu-es__flipped,
dico_phrasis_0001805__eu-es__original,
dico_phrasis_0001806__en-es__flipped,
dico_phrasis_0001806__en-es__original,
dico_phrasis_0001806__en-eu__flipped,
dico_phrasis_0001806__en-eu__original,
dico_phrasis_0001806__es-en__flipped,
dico_phrasis_0001806__es-en__original,
dico_phrasis_0001806__es-eu__flipped,
dico_phrasis_0001806__es-eu__original,
dico_phrasis_0001806__eu-en__flipped,
dico_phrasis_0001806__eu-en__original,
dico_phrasis_0001806__eu-es__flipped,
dico_phrasis_0001806__eu-es__original,
dico_phrasis_0001807__en-es__flipped,
dico_phrasis_0001807__en-es__original,
dico_phrasis_0001807__en-eu__flipped,
dico_phrasis_0001807__en-eu__original,
dico_phrasis_0001807__es-en__flipped,
dico_phrasis_0001807__es-en__original,
dico_phrasis_0001807__es-eu__flipped,
dico_phrasis_0001807__es-eu__original,
dico_phrasis_0001807__eu-en__flipped,
dico_phrasis_0001807__eu-en__original,
dico_phrasis_0001807__eu-es__flipped,
dico_phrasis_0001807__eu-es__original,
dico_phrasis_0001808__en-es__flipped,
dico_phrasis_0001808__en-es__original,
dico_phrasis_0001808__en-eu__flipped,
dico_phrasis_0001808__en-eu__original,
dico_phrasis_0001808__es-en__flipped,
dico_phrasis_0001808__es-en__original,
dico_phrasis_0001808__es-eu__flipped,
dico_phrasis_0001808__es-eu__original,
dico_phrasis_0001808__eu-en__flipped,
dico_phrasis_0001808__eu-en__original,
dico_phrasis_0001808__eu-es__flipped,
dico_phrasis_0001808__eu-es__original,
dico_phrasis_0001809__en-es__flipped,
dico_phrasis_0001809__en-es__original,
dico_phrasis_0001809__en-eu__flipped,
dico_phrasis_0001809__en-eu__original,
dico_phrasis_0001809__es-en__flipped,
dico_phrasis_0001809__es-en__original,
dico_phrasis_0001809__es-eu__flipped,
dico_phrasis_0001809__es-eu__original,
dico_phrasis_0001809__eu-en__flipped,
dico_phrasis_0001809__eu-en__original,
dico_phrasis_0001809__eu-es__flipped,
dico_phrasis_0001809__eu-es__original,
dico_phrasis_0001810__en-es__flipped,
dico_phrasis_0001810__en-es__original,
dico_phrasis_0001810__en-eu__flipped,
dico_phrasis_0001810__en-eu__original,
dico_phrasis_0001810__es-en__flipped,
dico_phrasis_0001810__es-en__original,
dico_phrasis_0001810__es-eu__flipped,
dico_phrasis_0001810__es-eu__original,
dico_phrasis_0001810__eu-en__flipped,
dico_phrasis_0001810__eu-en__original,
dico_phrasis_0001810__eu-es__flipped,
dico_phrasis_0001810__eu-es__original,
dico_phrasis_0001811__en-es__flipped,
dico_phrasis_0001811__en-es__original,
dico_phrasis_0001811__en-eu__flipped,
dico_phrasis_0001811__en-eu__original,
dico_phrasis_0001811__es-en__flipped,
dico_phrasis_0001811__es-en__original,
dico_phrasis_0001811__es-eu__flipped,
dico_phrasis_0001811__es-eu__original,
dico_phrasis_0001811__eu-en__flipped,
dico_phrasis_0001811__eu-en__original,
dico_phrasis_0001811__eu-es__flipped,
dico_phrasis_0001811__eu-es__original,
dico_phrasis_0001812__en-es__flipped,
dico_phrasis_0001812__en-es__original,
dico_phrasis_0001812__en-eu__flipped,
dico_phrasis_0001812__en-eu__original,
dico_phrasis_0001812__es-en__flipped,
dico_phrasis_0001812__es-en__original,
dico_phrasis_0001812__es-eu__flipped,
dico_phrasis_0001812__es-eu__original,
dico_phrasis_0001812__eu-en__flipped,
dico_phrasis_0001812__eu-en__original,
dico_phrasis_0001812__eu-es__flipped,
dico_phrasis_0001812__eu-es__original,
dico_phrasis_0001813__en-es__flipped,
dico_phrasis_0001813__en-es__original,
dico_phrasis_0001813__en-eu__flipped,
dico_phrasis_0001813__en-eu__original,
dico_phrasis_0001813__es-en__flipped,
dico_phrasis_0001813__es-en__original,
dico_phrasis_0001813__es-eu__flipped,
dico_phrasis_0001813__es-eu__original,
dico_phrasis_0001813__eu-en__flipped,
dico_phrasis_0001813__eu-en__original,
dico_phrasis_0001813__eu-es__flipped,
dico_phrasis_0001813__eu-es__original,
dico_phrasis_0001814__en-es__flipped,
dico_phrasis_0001814__en-es__original,
dico_phrasis_0001814__en-eu__flipped,
dico_phrasis_0001814__en-eu__original,
dico_phrasis_0001814__es-en__flipped,
dico_phrasis_0001814__es-en__original,
dico_phrasis_0001814__es-eu__flipped,
dico_phrasis_0001814__es-eu__original,
dico_phrasis_0001814__eu-en__flipped,
dico_phrasis_0001814__eu-en__original,
dico_phrasis_0001814__eu-es__flipped,
dico_phrasis_0001814__eu-es__original,
dico_phrasis_0001815__en-es__flipped,
dico_phrasis_0001815__en-es__original,
dico_phrasis_0001815__en-eu__flipped,
dico_phrasis_0001815__en-eu__original,
dico_phrasis_0001815__es-en__flipped,
dico_phrasis_0001815__es-en__original,
dico_phrasis_0001815__es-eu__flipped,
dico_phrasis_0001815__es-eu__original,
dico_phrasis_0001815__eu-en__flipped,
dico_phrasis_0001815__eu-en__original,
dico_phrasis_0001815__eu-es__flipped,
dico_phrasis_0001815__eu-es__original,
dico_phrasis_0001816__en-es__flipped,
dico_phrasis_0001816__en-es__original,
dico_phrasis_0001816__en-eu__flipped,
dico_phrasis_0001816__en-eu__original,
dico_phrasis_0001816__es-en__flipped,
dico_phrasis_0001816__es-en__original,
dico_phrasis_0001816__es-eu__flipped,
dico_phrasis_0001816__es-eu__original,
dico_phrasis_0001816__eu-en__flipped,
dico_phrasis_0001816__eu-en__original,
dico_phrasis_0001816__eu-es__flipped,
dico_phrasis_0001816__eu-es__original,
dico_phrasis_0001819__en-es__flipped,
dico_phrasis_0001819__en-es__original,
dico_phrasis_0001819__en-eu__flipped,
dico_phrasis_0001819__en-eu__original,
dico_phrasis_0001819__es-en__flipped,
dico_phrasis_0001819__es-en__original,
dico_phrasis_0001819__es-eu__flipped,
dico_phrasis_0001819__es-eu__original,
dico_phrasis_0001819__eu-en__flipped,
dico_phrasis_0001819__eu-en__original,
dico_phrasis_0001819__eu-es__flipped,
dico_phrasis_0001819__eu-es__original,
dico_phrasis_0001820__en-es__flipped,
dico_phrasis_0001820__en-es__original,
dico_phrasis_0001820__en-eu__flipped,
dico_phrasis_0001820__en-eu__original,
dico_phrasis_0001820__es-en__flipped,
dico_phrasis_0001820__es-en__original,
dico_phrasis_0001820__es-eu__flipped,
dico_phrasis_0001820__es-eu__original,
dico_phrasis_0001820__eu-en__flipped,
dico_phrasis_0001820__eu-en__original,
dico_phrasis_0001820__eu-es__flipped,
dico_phrasis_0001820__eu-es__original,
dico_phrasis_0001821__en-es__flipped,
dico_phrasis_0001821__en-es__original,
dico_phrasis_0001821__en-eu__flipped,
dico_phrasis_0001821__en-eu__original,
dico_phrasis_0001821__es-en__flipped,
dico_phrasis_0001821__es-en__original,
dico_phrasis_0001821__es-eu__flipped,
dico_phrasis_0001821__es-eu__original,
dico_phrasis_0001821__eu-en__flipped,
dico_phrasis_0001821__eu-en__original,
dico_phrasis_0001821__eu-es__flipped,
dico_phrasis_0001821__eu-es__original,
dico_phrasis_0001823__en-es__flipped,
dico_phrasis_0001823__en-es__original,
dico_phrasis_0001823__en-eu__flipped,
dico_phrasis_0001823__en-eu__original,
dico_phrasis_0001823__es-en__flipped,
dico_phrasis_0001823__es-en__original,
dico_phrasis_0001823__es-eu__flipped,
dico_phrasis_0001823__es-eu__original,
dico_phrasis_0001823__eu-en__flipped,
dico_phrasis_0001823__eu-en__original,
dico_phrasis_0001823__eu-es__flipped,
dico_phrasis_0001823__eu-es__original,
dico_phrasis_0001824__en-es__flipped,
dico_phrasis_0001824__en-es__original,
dico_phrasis_0001824__en-eu__flipped,
dico_phrasis_0001824__en-eu__original,
dico_phrasis_0001824__es-en__flipped,
dico_phrasis_0001824__es-en__original,
dico_phrasis_0001824__es-eu__flipped,
dico_phrasis_0001824__es-eu__original,
dico_phrasis_0001824__eu-en__flipped,
dico_phrasis_0001824__eu-en__original,
dico_phrasis_0001824__eu-es__flipped,
dico_phrasis_0001824__eu-es__original,
dico_phrasis_0001825__en-es__flipped,
dico_phrasis_0001825__en-es__original,
dico_phrasis_0001825__en-eu__flipped,
dico_phrasis_0001825__en-eu__original,
dico_phrasis_0001825__es-en__flipped,
dico_phrasis_0001825__es-en__original,
dico_phrasis_0001825__es-eu__flipped,
dico_phrasis_0001825__es-eu__original,
dico_phrasis_0001825__eu-en__flipped,
dico_phrasis_0001825__eu-en__original,
dico_phrasis_0001825__eu-es__flipped,
dico_phrasis_0001825__eu-es__original,
dico_phrasis_0001826__en-es__flipped,
dico_phrasis_0001826__en-es__original,
dico_phrasis_0001826__en-eu__flipped,
dico_phrasis_0001826__en-eu__original,
dico_phrasis_0001826__es-en__flipped,
dico_phrasis_0001826__es-en__original,
dico_phrasis_0001826__es-eu__flipped,
dico_phrasis_0001826__es-eu__original,
dico_phrasis_0001826__eu-en__flipped,
dico_phrasis_0001826__eu-en__original,
dico_phrasis_0001826__eu-es__flipped,
dico_phrasis_0001826__eu-es__original,
dico_phrasis_0001827__en-es__flipped,
dico_phrasis_0001827__en-es__original,
dico_phrasis_0001827__en-eu__flipped,
dico_phrasis_0001827__en-eu__original,
dico_phrasis_0001827__es-en__flipped,
dico_phrasis_0001827__es-en__original,
dico_phrasis_0001827__es-eu__flipped,
dico_phrasis_0001827__es-eu__original,
dico_phrasis_0001827__eu-en__flipped,
dico_phrasis_0001827__eu-en__original,
dico_phrasis_0001827__eu-es__flipped,
dico_phrasis_0001827__eu-es__original,
dico_phrasis_0001829__en-es__flipped,
dico_phrasis_0001829__en-es__original,
dico_phrasis_0001829__en-eu__flipped,
dico_phrasis_0001829__en-eu__original,
dico_phrasis_0001829__es-en__flipped,
dico_phrasis_0001829__es-en__original,
dico_phrasis_0001829__es-eu__flipped,
dico_phrasis_0001829__es-eu__original,
dico_phrasis_0001829__eu-en__flipped,
dico_phrasis_0001829__eu-en__original,
dico_phrasis_0001829__eu-es__flipped,
dico_phrasis_0001829__eu-es__original,
dico_phrasis_0001831__en-es__flipped,
dico_phrasis_0001831__en-es__original,
dico_phrasis_0001831__en-eu__flipped,
dico_phrasis_0001831__en-eu__original,
dico_phrasis_0001831__es-en__flipped,
dico_phrasis_0001831__es-en__original,
dico_phrasis_0001831__es-eu__flipped,
dico_phrasis_0001831__es-eu__original,
dico_phrasis_0001831__eu-en__flipped,
dico_phrasis_0001831__eu-en__original,
dico_phrasis_0001831__eu-es__flipped,
dico_phrasis_0001831__eu-es__original,
dico_phrasis_0001832__en-es__flipped,
dico_phrasis_0001832__en-es__original,
dico_phrasis_0001832__en-eu__flipped,
dico_phrasis_0001832__en-eu__original,
dico_phrasis_0001832__es-en__flipped,
dico_phrasis_0001832__es-en__original,
dico_phrasis_0001832__es-eu__flipped,
dico_phrasis_0001832__es-eu__original,
dico_phrasis_0001832__eu-en__flipped,
dico_phrasis_0001832__eu-en__original,
dico_phrasis_0001832__eu-es__flipped,
dico_phrasis_0001832__eu-es__original,
dico_phrasis_0001833__en-es__flipped,
dico_phrasis_0001833__en-es__original,
dico_phrasis_0001833__en-eu__flipped,
dico_phrasis_0001833__en-eu__original,
dico_phrasis_0001833__es-en__flipped,
dico_phrasis_0001833__es-en__original,
dico_phrasis_0001833__es-eu__flipped,
dico_phrasis_0001833__es-eu__original,
dico_phrasis_0001833__eu-en__flipped,
dico_phrasis_0001833__eu-en__original,
dico_phrasis_0001833__eu-es__flipped,
dico_phrasis_0001833__eu-es__original,
dico_phrasis_0001835__en-es__flipped,
dico_phrasis_0001835__en-es__original,
dico_phrasis_0001835__en-eu__flipped,
dico_phrasis_0001835__en-eu__original,
dico_phrasis_0001835__es-en__flipped,
dico_phrasis_0001835__es-en__original,
dico_phrasis_0001835__es-eu__flipped,
dico_phrasis_0001835__es-eu__original,
dico_phrasis_0001835__eu-en__flipped,
dico_phrasis_0001835__eu-en__original,
dico_phrasis_0001835__eu-es__flipped,
dico_phrasis_0001835__eu-es__original,
dico_phrasis_0001837__en-es__flipped,
dico_phrasis_0001837__en-es__original,
dico_phrasis_0001837__en-eu__flipped,
dico_phrasis_0001837__en-eu__original,
dico_phrasis_0001837__es-en__flipped,
dico_phrasis_0001837__es-en__original,
dico_phrasis_0001837__es-eu__flipped,
dico_phrasis_0001837__es-eu__original,
dico_phrasis_0001837__eu-en__flipped,
dico_phrasis_0001837__eu-en__original,
dico_phrasis_0001837__eu-es__flipped,
dico_phrasis_0001837__eu-es__original,
dico_phrasis_0001838__en-es__flipped,
dico_phrasis_0001838__en-es__original,
dico_phrasis_0001838__en-eu__flipped,
dico_phrasis_0001838__en-eu__original,
dico_phrasis_0001838__es-en__flipped,
dico_phrasis_0001838__es-en__original,
dico_phrasis_0001838__es-eu__flipped,
dico_phrasis_0001838__es-eu__original,
dico_phrasis_0001838__eu-en__flipped,
dico_phrasis_0001838__eu-en__original,
dico_phrasis_0001838__eu-es__flipped,
dico_phrasis_0001838__eu-es__original,
dico_phrasis_0001839__en-es__flipped,
dico_phrasis_0001839__en-es__original,
dico_phrasis_0001839__en-eu__flipped,
dico_phrasis_0001839__en-eu__original,
dico_phrasis_0001839__es-en__flipped,
dico_phrasis_0001839__es-en__original,
dico_phrasis_0001839__es-eu__flipped,
dico_phrasis_0001839__es-eu__original,
dico_phrasis_0001839__eu-en__flipped,
dico_phrasis_0001839__eu-en__original,
dico_phrasis_0001839__eu-es__flipped,
dico_phrasis_0001839__eu-es__original,
dico_phrasis_0001840__en-es__flipped,
dico_phrasis_0001840__en-es__original,
dico_phrasis_0001840__en-eu__flipped,
dico_phrasis_0001840__en-eu__original,
dico_phrasis_0001840__es-en__flipped,
dico_phrasis_0001840__es-en__original,
dico_phrasis_0001840__es-eu__flipped,
dico_phrasis_0001840__es-eu__original,
dico_phrasis_0001840__eu-en__flipped,
dico_phrasis_0001840__eu-en__original,
dico_phrasis_0001840__eu-es__flipped,
dico_phrasis_0001840__eu-es__original,
dico_phrasis_0001842__en-es__flipped,
dico_phrasis_0001842__en-es__original,
dico_phrasis_0001842__en-eu__flipped,
dico_phrasis_0001842__en-eu__original,
dico_phrasis_0001842__es-en__flipped,
dico_phrasis_0001842__es-en__original,
dico_phrasis_0001842__es-eu__flipped,
dico_phrasis_0001842__es-eu__original,
dico_phrasis_0001842__eu-en__flipped,
dico_phrasis_0001842__eu-en__original,
dico_phrasis_0001842__eu-es__flipped,
dico_phrasis_0001842__eu-es__original,
dico_phrasis_0001843__en-es__flipped,
dico_phrasis_0001843__en-es__original,
dico_phrasis_0001843__en-eu__flipped,
dico_phrasis_0001843__en-eu__original,
dico_phrasis_0001843__es-en__flipped,
dico_phrasis_0001843__es-en__original,
dico_phrasis_0001843__es-eu__flipped,
dico_phrasis_0001843__es-eu__original,
dico_phrasis_0001843__eu-en__flipped,
dico_phrasis_0001843__eu-en__original,
dico_phrasis_0001843__eu-es__flipped,
dico_phrasis_0001843__eu-es__original,
dico_phrasis_0001844__en-es__flipped,
dico_phrasis_0001844__en-es__original,
dico_phrasis_0001844__en-eu__flipped,
dico_phrasis_0001844__en-eu__original,
dico_phrasis_0001844__es-en__flipped,
dico_phrasis_0001844__es-en__original,
dico_phrasis_0001844__es-eu__flipped,
dico_phrasis_0001844__es-eu__original,
dico_phrasis_0001844__eu-en__flipped,
dico_phrasis_0001844__eu-en__original,
dico_phrasis_0001844__eu-es__flipped,
dico_phrasis_0001844__eu-es__original,
dico_phrasis_0001845__en-es__flipped,
dico_phrasis_0001845__en-es__original,
dico_phrasis_0001845__en-eu__flipped,
dico_phrasis_0001845__en-eu__original,
dico_phrasis_0001845__es-en__flipped,
dico_phrasis_0001845__es-en__original,
dico_phrasis_0001845__es-eu__flipped,
dico_phrasis_0001845__es-eu__original,
dico_phrasis_0001845__eu-en__flipped,
dico_phrasis_0001845__eu-en__original,
dico_phrasis_0001845__eu-es__flipped,
dico_phrasis_0001845__eu-es__original,
dico_phrasis_0001849__en-es__flipped,
dico_phrasis_0001849__en-es__original,
dico_phrasis_0001849__en-eu__flipped,
dico_phrasis_0001849__en-eu__original,
dico_phrasis_0001849__es-en__flipped,
dico_phrasis_0001849__es-en__original,
dico_phrasis_0001849__es-eu__flipped,
dico_phrasis_0001849__es-eu__original,
dico_phrasis_0001849__eu-en__flipped,
dico_phrasis_0001849__eu-en__original,
dico_phrasis_0001849__eu-es__flipped,
dico_phrasis_0001849__eu-es__original,
dico_phrasis_0001850__en-es__flipped,
dico_phrasis_0001850__en-es__original,
dico_phrasis_0001850__en-eu__flipped,
dico_phrasis_0001850__en-eu__original,
dico_phrasis_0001850__es-en__flipped,
dico_phrasis_0001850__es-en__original,
dico_phrasis_0001850__es-eu__flipped,
dico_phrasis_0001850__es-eu__original,
dico_phrasis_0001850__eu-en__flipped,
dico_phrasis_0001850__eu-en__original,
dico_phrasis_0001850__eu-es__flipped,
dico_phrasis_0001850__eu-es__original,
dico_phrasis_0001851__en-es__flipped,
dico_phrasis_0001851__en-es__original,
dico_phrasis_0001851__en-eu__flipped,
dico_phrasis_0001851__en-eu__original,
dico_phrasis_0001851__es-en__flipped,
dico_phrasis_0001851__es-en__original,
dico_phrasis_0001851__es-eu__flipped,
dico_phrasis_0001851__es-eu__original,
dico_phrasis_0001851__eu-en__flipped,
dico_phrasis_0001851__eu-en__original,
dico_phrasis_0001851__eu-es__flipped,
dico_phrasis_0001851__eu-es__original,
dico_phrasis_0001852__en-es__flipped,
dico_phrasis_0001852__en-es__original,
dico_phrasis_0001852__en-eu__flipped,
dico_phrasis_0001852__en-eu__original,
dico_phrasis_0001852__es-en__flipped,
dico_phrasis_0001852__es-en__original,
dico_phrasis_0001852__es-eu__flipped,
dico_phrasis_0001852__es-eu__original,
dico_phrasis_0001852__eu-en__flipped,
dico_phrasis_0001852__eu-en__original,
dico_phrasis_0001852__eu-es__flipped,
dico_phrasis_0001852__eu-es__original,
dico_phrasis_0001853__en-es__flipped,
dico_phrasis_0001853__en-es__original,
dico_phrasis_0001853__en-eu__flipped,
dico_phrasis_0001853__en-eu__original,
dico_phrasis_0001853__es-en__flipped,
dico_phrasis_0001853__es-en__original,
dico_phrasis_0001853__es-eu__flipped,
dico_phrasis_0001853__es-eu__original,
dico_phrasis_0001853__eu-en__flipped,
dico_phrasis_0001853__eu-en__original,
dico_phrasis_0001853__eu-es__flipped,
dico_phrasis_0001853__eu-es__original,
dico_phrasis_0001854__en-es__flipped,
dico_phrasis_0001854__en-es__original,
dico_phrasis_0001854__en-eu__flipped,
dico_phrasis_0001854__en-eu__original,
dico_phrasis_0001854__es-en__flipped,
dico_phrasis_0001854__es-en__original,
dico_phrasis_0001854__es-eu__flipped,
dico_phrasis_0001854__es-eu__original,
dico_phrasis_0001854__eu-en__flipped,
dico_phrasis_0001854__eu-en__original,
dico_phrasis_0001854__eu-es__flipped,
dico_phrasis_0001854__eu-es__original,
dico_phrasis_0001855__en-es__flipped,
dico_phrasis_0001855__en-es__original,
dico_phrasis_0001855__en-eu__flipped,
dico_phrasis_0001855__en-eu__original,
dico_phrasis_0001855__es-en__flipped,
dico_phrasis_0001855__es-en__original,
dico_phrasis_0001855__es-eu__flipped,
dico_phrasis_0001855__es-eu__original,
dico_phrasis_0001855__eu-en__flipped,
dico_phrasis_0001855__eu-en__original,
dico_phrasis_0001855__eu-es__flipped,
dico_phrasis_0001855__eu-es__original,
dico_phrasis_0001859__en-es__flipped,
dico_phrasis_0001859__en-es__original,
dico_phrasis_0001859__en-eu__flipped,
dico_phrasis_0001859__en-eu__original,
dico_phrasis_0001859__es-en__flipped,
dico_phrasis_0001859__es-en__original,
dico_phrasis_0001859__es-eu__flipped,
dico_phrasis_0001859__es-eu__original,
dico_phrasis_0001859__eu-en__flipped,
dico_phrasis_0001859__eu-en__original,
dico_phrasis_0001859__eu-es__flipped,
dico_phrasis_0001859__eu-es__original,
dico_phrasis_0001860__en-es__flipped,
dico_phrasis_0001860__en-es__original,
dico_phrasis_0001860__en-eu__flipped,
dico_phrasis_0001860__en-eu__original,
dico_phrasis_0001860__es-en__flipped,
dico_phrasis_0001860__es-en__original,
dico_phrasis_0001860__es-eu__flipped,
dico_phrasis_0001860__es-eu__original,
dico_phrasis_0001860__eu-en__flipped,
dico_phrasis_0001860__eu-en__original,
dico_phrasis_0001860__eu-es__flipped,
dico_phrasis_0001860__eu-es__original,
dico_phrasis_0001861__en-es__flipped,
dico_phrasis_0001861__en-es__original,
dico_phrasis_0001861__en-eu__flipped,
dico_phrasis_0001861__en-eu__original,
dico_phrasis_0001861__es-en__flipped,
dico_phrasis_0001861__es-en__original,
dico_phrasis_0001861__es-eu__flipped,
dico_phrasis_0001861__es-eu__original,
dico_phrasis_0001861__eu-en__flipped,
dico_phrasis_0001861__eu-en__original,
dico_phrasis_0001861__eu-es__flipped,
dico_phrasis_0001861__eu-es__original,
dico_phrasis_0001863__en-es__flipped,
dico_phrasis_0001863__en-es__original,
dico_phrasis_0001863__en-eu__flipped,
dico_phrasis_0001863__en-eu__original,
dico_phrasis_0001863__es-en__flipped,
dico_phrasis_0001863__es-en__original,
dico_phrasis_0001863__es-eu__flipped,
dico_phrasis_0001863__es-eu__original,
dico_phrasis_0001863__eu-en__flipped,
dico_phrasis_0001863__eu-en__original,
dico_phrasis_0001863__eu-es__flipped,
dico_phrasis_0001863__eu-es__original,
dico_phrasis_0001864__en-es__flipped,
dico_phrasis_0001864__en-es__original,
dico_phrasis_0001864__en-eu__flipped,
dico_phrasis_0001864__en-eu__original,
dico_phrasis_0001864__es-en__flipped,
dico_phrasis_0001864__es-en__original,
dico_phrasis_0001864__es-eu__flipped,
dico_phrasis_0001864__es-eu__original,
dico_phrasis_0001864__eu-en__flipped,
dico_phrasis_0001864__eu-en__original,
dico_phrasis_0001864__eu-es__flipped,
dico_phrasis_0001864__eu-es__original,
dico_phrasis_0001865__en-es__flipped,
dico_phrasis_0001865__en-es__original,
dico_phrasis_0001865__en-eu__flipped,
dico_phrasis_0001865__en-eu__original,
dico_phrasis_0001865__es-en__flipped,
dico_phrasis_0001865__es-en__original,
dico_phrasis_0001865__es-eu__flipped,
dico_phrasis_0001865__es-eu__original,
dico_phrasis_0001865__eu-en__flipped,
dico_phrasis_0001865__eu-en__original,
dico_phrasis_0001865__eu-es__flipped,
dico_phrasis_0001865__eu-es__original,
dico_phrasis_0001866__en-es__flipped,
dico_phrasis_0001866__en-es__original,
dico_phrasis_0001866__en-eu__flipped,
dico_phrasis_0001866__en-eu__original,
dico_phrasis_0001866__es-en__flipped,
dico_phrasis_0001866__es-en__original,
dico_phrasis_0001866__es-eu__flipped,
dico_phrasis_0001866__es-eu__original,
dico_phrasis_0001866__eu-en__flipped,
dico_phrasis_0001866__eu-en__original,
dico_phrasis_0001866__eu-es__flipped,
dico_phrasis_0001866__eu-es__original,
dico_phrasis_0001867__en-es__flipped,
dico_phrasis_0001867__en-es__original,
dico_phrasis_0001867__en-eu__flipped,
dico_phrasis_0001867__en-eu__original,
dico_phrasis_0001867__es-en__flipped,
dico_phrasis_0001867__es-en__original,
dico_phrasis_0001867__es-eu__flipped,
dico_phrasis_0001867__es-eu__original,
dico_phrasis_0001867__eu-en__flipped,
dico_phrasis_0001867__eu-en__original,
dico_phrasis_0001867__eu-es__flipped,
dico_phrasis_0001867__eu-es__original,
dico_phrasis_0001869__en-es__flipped,
dico_phrasis_0001869__en-es__original,
dico_phrasis_0001869__en-eu__flipped,
dico_phrasis_0001869__en-eu__original,
dico_phrasis_0001869__es-en__flipped,
dico_phrasis_0001869__es-en__original,
dico_phrasis_0001869__es-eu__flipped,
dico_phrasis_0001869__es-eu__original,
dico_phrasis_0001869__eu-en__flipped,
dico_phrasis_0001869__eu-en__original,
dico_phrasis_0001869__eu-es__flipped,
dico_phrasis_0001869__eu-es__original,
dico_phrasis_0001873__en-es__flipped,
dico_phrasis_0001873__en-es__original,
dico_phrasis_0001873__en-eu__flipped,
dico_phrasis_0001873__en-eu__original,
dico_phrasis_0001873__es-en__flipped,
dico_phrasis_0001873__es-en__original,
dico_phrasis_0001873__es-eu__flipped,
dico_phrasis_0001873__es-eu__original,
dico_phrasis_0001873__eu-en__flipped,
dico_phrasis_0001873__eu-en__original,
dico_phrasis_0001873__eu-es__flipped,
dico_phrasis_0001873__eu-es__original,
dico_phrasis_0001874__en-es__flipped,
dico_phrasis_0001874__en-es__original,
dico_phrasis_0001874__en-eu__flipped,
dico_phrasis_0001874__en-eu__original,
dico_phrasis_0001874__es-en__flipped,
dico_phrasis_0001874__es-en__original,
dico_phrasis_0001874__es-eu__flipped,
dico_phrasis_0001874__es-eu__original,
dico_phrasis_0001874__eu-en__flipped,
dico_phrasis_0001874__eu-en__original,
dico_phrasis_0001874__eu-es__flipped,
dico_phrasis_0001874__eu-es__original,
dico_phrasis_0001876__en-es__flipped,
dico_phrasis_0001876__en-es__original,
dico_phrasis_0001876__en-eu__flipped,
dico_phrasis_0001876__en-eu__original,
dico_phrasis_0001876__es-en__flipped,
dico_phrasis_0001876__es-en__original,
dico_phrasis_0001876__es-eu__flipped,
dico_phrasis_0001876__es-eu__original,
dico_phrasis_0001876__eu-en__flipped,
dico_phrasis_0001876__eu-en__original,
dico_phrasis_0001876__eu-es__flipped,
dico_phrasis_0001876__eu-es__original,
dico_phrasis_0001877__en-es__flipped,
dico_phrasis_0001877__en-es__original,
dico_phrasis_0001877__en-eu__flipped,
dico_phrasis_0001877__en-eu__original,
dico_phrasis_0001877__es-en__flipped,
dico_phrasis_0001877__es-en__original,
dico_phrasis_0001877__es-eu__flipped,
dico_phrasis_0001877__es-eu__original,
dico_phrasis_0001877__eu-en__flipped,
dico_phrasis_0001877__eu-en__original,
dico_phrasis_0001877__eu-es__flipped,
dico_phrasis_0001877__eu-es__original,
dico_phrasis_0001878__en-es__flipped,
dico_phrasis_0001878__en-es__original,
dico_phrasis_0001878__en-eu__flipped,
dico_phrasis_0001878__en-eu__original,
dico_phrasis_0001878__es-en__flipped,
dico_phrasis_0001878__es-en__original,
dico_phrasis_0001878__es-eu__flipped,
dico_phrasis_0001878__es-eu__original,
dico_phrasis_0001878__eu-en__flipped,
dico_phrasis_0001878__eu-en__original,
dico_phrasis_0001878__eu-es__flipped,
dico_phrasis_0001878__eu-es__original,
dico_phrasis_0001879__en-es__flipped,
dico_phrasis_0001879__en-es__original,
dico_phrasis_0001879__en-eu__flipped,
dico_phrasis_0001879__en-eu__original,
dico_phrasis_0001879__es-en__flipped,
dico_phrasis_0001879__es-en__original,
dico_phrasis_0001879__es-eu__flipped,
dico_phrasis_0001879__es-eu__original,
dico_phrasis_0001879__eu-en__flipped,
dico_phrasis_0001879__eu-en__original,
dico_phrasis_0001879__eu-es__flipped,
dico_phrasis_0001879__eu-es__original,
dico_phrasis_0001881__en-es__flipped,
dico_phrasis_0001881__en-es__original,
dico_phrasis_0001881__en-eu__flipped,
dico_phrasis_0001881__en-eu__original,
dico_phrasis_0001881__es-en__flipped,
dico_phrasis_0001881__es-en__original,
dico_phrasis_0001881__es-eu__flipped,
dico_phrasis_0001881__es-eu__original,
dico_phrasis_0001881__eu-en__flipped,
dico_phrasis_0001881__eu-en__original,
dico_phrasis_0001881__eu-es__flipped,
dico_phrasis_0001881__eu-es__original,
dico_phrasis_0001885__en-es__flipped,
dico_phrasis_0001885__en-es__original,
dico_phrasis_0001885__en-eu__flipped,
dico_phrasis_0001885__en-eu__original,
dico_phrasis_0001885__es-en__flipped,
dico_phrasis_0001885__es-en__original,
dico_phrasis_0001885__es-eu__flipped,
dico_phrasis_0001885__es-eu__original,
dico_phrasis_0001885__eu-en__flipped,
dico_phrasis_0001885__eu-en__original,
dico_phrasis_0001885__eu-es__flipped,
dico_phrasis_0001885__eu-es__original,
dico_phrasis_0001888__en-es__flipped,
dico_phrasis_0001888__en-es__original,
dico_phrasis_0001888__en-eu__flipped,
dico_phrasis_0001888__en-eu__original,
dico_phrasis_0001888__es-en__flipped,
dico_phrasis_0001888__es-en__original,
dico_phrasis_0001888__es-eu__flipped,
dico_phrasis_0001888__es-eu__original,
dico_phrasis_0001888__eu-en__flipped,
dico_phrasis_0001888__eu-en__original,
dico_phrasis_0001888__eu-es__flipped,
dico_phrasis_0001888__eu-es__original,
dico_phrasis_0001890__en-es__flipped,
dico_phrasis_0001890__en-es__original,
dico_phrasis_0001890__en-eu__flipped,
dico_phrasis_0001890__en-eu__original,
dico_phrasis_0001890__es-en__flipped,
dico_phrasis_0001890__es-en__original,
dico_phrasis_0001890__es-eu__flipped,
dico_phrasis_0001890__es-eu__original,
dico_phrasis_0001890__eu-en__flipped,
dico_phrasis_0001890__eu-en__original,
dico_phrasis_0001890__eu-es__flipped,
dico_phrasis_0001890__eu-es__original,
dico_phrasis_0001893__en-es__flipped,
dico_phrasis_0001893__en-es__original,
dico_phrasis_0001893__en-eu__flipped,
dico_phrasis_0001893__en-eu__original,
dico_phrasis_0001893__es-en__flipped,
dico_phrasis_0001893__es-en__original,
dico_phrasis_0001893__es-eu__flipped,
dico_phrasis_0001893__es-eu__original,
dico_phrasis_0001893__eu-en__flipped,
dico_phrasis_0001893__eu-en__original,
dico_phrasis_0001893__eu-es__flipped,
dico_phrasis_0001893__eu-es__original,
dico_phrasis_0001894__en-es__flipped,
dico_phrasis_0001894__en-es__original,
dico_phrasis_0001894__en-eu__flipped,
dico_phrasis_0001894__en-eu__original,
dico_phrasis_0001894__es-en__flipped,
dico_phrasis_0001894__es-en__original,
dico_phrasis_0001894__es-eu__flipped,
dico_phrasis_0001894__es-eu__original,
dico_phrasis_0001894__eu-en__flipped,
dico_phrasis_0001894__eu-en__original,
dico_phrasis_0001894__eu-es__flipped,
dico_phrasis_0001894__eu-es__original,
dico_phrasis_0001895__en-es__flipped,
dico_phrasis_0001895__en-es__original,
dico_phrasis_0001895__en-eu__flipped,
dico_phrasis_0001895__en-eu__original,
dico_phrasis_0001895__es-en__flipped,
dico_phrasis_0001895__es-en__original,
dico_phrasis_0001895__es-eu__flipped,
dico_phrasis_0001895__es-eu__original,
dico_phrasis_0001895__eu-en__flipped,
dico_phrasis_0001895__eu-en__original,
dico_phrasis_0001895__eu-es__flipped,
dico_phrasis_0001895__eu-es__original,
dico_phrasis_0001896__en-es__flipped,
dico_phrasis_0001896__en-es__original,
dico_phrasis_0001896__en-eu__flipped,
dico_phrasis_0001896__en-eu__original,
dico_phrasis_0001896__es-en__flipped,
dico_phrasis_0001896__es-en__original,
dico_phrasis_0001896__es-eu__flipped,
dico_phrasis_0001896__es-eu__original,
dico_phrasis_0001896__eu-en__flipped,
dico_phrasis_0001896__eu-en__original,
dico_phrasis_0001896__eu-es__flipped,
dico_phrasis_0001896__eu-es__original,
dico_phrasis_0001897__en-es__flipped,
dico_phrasis_0001897__en-es__original,
dico_phrasis_0001897__en-eu__flipped,
dico_phrasis_0001897__en-eu__original,
dico_phrasis_0001897__es-en__flipped,
dico_phrasis_0001897__es-en__original,
dico_phrasis_0001897__es-eu__flipped,
dico_phrasis_0001897__es-eu__original,
dico_phrasis_0001897__eu-en__flipped,
dico_phrasis_0001897__eu-en__original,
dico_phrasis_0001897__eu-es__flipped,
dico_phrasis_0001897__eu-es__original,
dico_phrasis_0001898__en-es__flipped,
dico_phrasis_0001898__en-es__original,
dico_phrasis_0001898__en-eu__flipped,
dico_phrasis_0001898__en-eu__original,
dico_phrasis_0001898__es-en__flipped,
dico_phrasis_0001898__es-en__original,
dico_phrasis_0001898__es-eu__flipped,
dico_phrasis_0001898__es-eu__original,
dico_phrasis_0001898__eu-en__flipped,
dico_phrasis_0001898__eu-en__original,
dico_phrasis_0001898__eu-es__flipped,
dico_phrasis_0001898__eu-es__original,
dico_phrasis_0001899__en-es__flipped,
dico_phrasis_0001899__en-es__original,
dico_phrasis_0001899__en-eu__flipped,
dico_phrasis_0001899__en-eu__original,
dico_phrasis_0001899__es-en__flipped,
dico_phrasis_0001899__es-en__original,
dico_phrasis_0001899__es-eu__flipped,
dico_phrasis_0001899__es-eu__original,
dico_phrasis_0001899__eu-en__flipped,
dico_phrasis_0001899__eu-en__original,
dico_phrasis_0001899__eu-es__flipped,
dico_phrasis_0001899__eu-es__original,
dico_phrasis_0001901__en-es__flipped,
dico_phrasis_0001901__en-es__original,
dico_phrasis_0001901__en-eu__flipped,
dico_phrasis_0001901__en-eu__original,
dico_phrasis_0001901__es-en__flipped,
dico_phrasis_0001901__es-en__original,
dico_phrasis_0001901__es-eu__flipped,
dico_phrasis_0001901__es-eu__original,
dico_phrasis_0001901__eu-en__flipped,
dico_phrasis_0001901__eu-en__original,
dico_phrasis_0001901__eu-es__flipped,
dico_phrasis_0001901__eu-es__original,
dico_phrasis_0001902__en-es__flipped,
dico_phrasis_0001902__en-es__original,
dico_phrasis_0001902__en-eu__flipped,
dico_phrasis_0001902__en-eu__original,
dico_phrasis_0001902__es-en__flipped,
dico_phrasis_0001902__es-en__original,
dico_phrasis_0001902__es-eu__flipped,
dico_phrasis_0001902__es-eu__original,
dico_phrasis_0001902__eu-en__flipped,
dico_phrasis_0001902__eu-en__original,
dico_phrasis_0001902__eu-es__flipped,
dico_phrasis_0001902__eu-es__original,
dico_phrasis_0001903__en-es__flipped,
dico_phrasis_0001903__en-es__original,
dico_phrasis_0001903__en-eu__flipped,
dico_phrasis_0001903__en-eu__original,
dico_phrasis_0001903__es-en__flipped,
dico_phrasis_0001903__es-en__original,
dico_phrasis_0001903__es-eu__flipped,
dico_phrasis_0001903__es-eu__original,
dico_phrasis_0001903__eu-en__flipped,
dico_phrasis_0001903__eu-en__original,
dico_phrasis_0001903__eu-es__flipped,
dico_phrasis_0001903__eu-es__original,
dico_phrasis_0001907__en-es__flipped,
dico_phrasis_0001907__en-es__original,
dico_phrasis_0001907__en-eu__flipped,
dico_phrasis_0001907__en-eu__original,
dico_phrasis_0001907__es-en__flipped,
dico_phrasis_0001907__es-en__original,
dico_phrasis_0001907__es-eu__flipped,
dico_phrasis_0001907__es-eu__original,
dico_phrasis_0001907__eu-en__flipped,
dico_phrasis_0001907__eu-en__original,
dico_phrasis_0001907__eu-es__flipped,
dico_phrasis_0001907__eu-es__original,
dico_phrasis_0001909__en-es__flipped,
dico_phrasis_0001909__en-es__original,
dico_phrasis_0001909__en-eu__flipped,
dico_phrasis_0001909__en-eu__original,
dico_phrasis_0001909__es-en__flipped,
dico_phrasis_0001909__es-en__original,
dico_phrasis_0001909__es-eu__flipped,
dico_phrasis_0001909__es-eu__original,
dico_phrasis_0001909__eu-en__flipped,
dico_phrasis_0001909__eu-en__original,
dico_phrasis_0001909__eu-es__flipped,
dico_phrasis_0001909__eu-es__original,
dico_phrasis_0001910__en-es__flipped,
dico_phrasis_0001910__en-es__original,
dico_phrasis_0001910__en-eu__flipped,
dico_phrasis_0001910__en-eu__original,
dico_phrasis_0001910__es-en__flipped,
dico_phrasis_0001910__es-en__original,
dico_phrasis_0001910__es-eu__flipped,
dico_phrasis_0001910__es-eu__original,
dico_phrasis_0001910__eu-en__flipped,
dico_phrasis_0001910__eu-en__original,
dico_phrasis_0001910__eu-es__flipped,
dico_phrasis_0001910__eu-es__original,
dico_phrasis_0001911__en-es__flipped,
dico_phrasis_0001911__en-es__original,
dico_phrasis_0001911__en-eu__flipped,
dico_phrasis_0001911__en-eu__original,
dico_phrasis_0001911__es-en__flipped,
dico_phrasis_0001911__es-en__original,
dico_phrasis_0001911__es-eu__flipped,
dico_phrasis_0001911__es-eu__original,
dico_phrasis_0001911__eu-en__flipped,
dico_phrasis_0001911__eu-en__original,
dico_phrasis_0001911__eu-es__flipped,
dico_phrasis_0001911__eu-es__original,
dico_phrasis_0001912__en-es__flipped,
dico_phrasis_0001912__en-es__original,
dico_phrasis_0001912__en-eu__flipped,
dico_phrasis_0001912__en-eu__original,
dico_phrasis_0001912__es-en__flipped,
dico_phrasis_0001912__es-en__original,
dico_phrasis_0001912__es-eu__flipped,
dico_phrasis_0001912__es-eu__original,
dico_phrasis_0001912__eu-en__flipped,
dico_phrasis_0001912__eu-en__original,
dico_phrasis_0001912__eu-es__flipped,
dico_phrasis_0001912__eu-es__original,
dico_phrasis_0001913__en-es__flipped,
dico_phrasis_0001913__en-es__original,
dico_phrasis_0001913__en-eu__flipped,
dico_phrasis_0001913__en-eu__original,
dico_phrasis_0001913__es-en__flipped,
dico_phrasis_0001913__es-en__original,
dico_phrasis_0001913__es-eu__flipped,
dico_phrasis_0001913__es-eu__original,
dico_phrasis_0001913__eu-en__flipped,
dico_phrasis_0001913__eu-en__original,
dico_phrasis_0001913__eu-es__flipped,
dico_phrasis_0001913__eu-es__original,
dico_phrasis_0001914__en-es__flipped,
dico_phrasis_0001914__en-es__original,
dico_phrasis_0001914__en-eu__flipped,
dico_phrasis_0001914__en-eu__original,
dico_phrasis_0001914__es-en__flipped,
dico_phrasis_0001914__es-en__original,
dico_phrasis_0001914__es-eu__flipped,
dico_phrasis_0001914__es-eu__original,
dico_phrasis_0001914__eu-en__flipped,
dico_phrasis_0001914__eu-en__original,
dico_phrasis_0001914__eu-es__flipped,
dico_phrasis_0001914__eu-es__original,
dico_phrasis_0001915__en-es__flipped,
dico_phrasis_0001915__en-es__original,
dico_phrasis_0001915__en-eu__flipped,
dico_phrasis_0001915__en-eu__original,
dico_phrasis_0001915__es-en__flipped,
dico_phrasis_0001915__es-en__original,
dico_phrasis_0001915__es-eu__flipped,
dico_phrasis_0001915__es-eu__original,
dico_phrasis_0001915__eu-en__flipped,
dico_phrasis_0001915__eu-en__original,
dico_phrasis_0001915__eu-es__flipped,
dico_phrasis_0001915__eu-es__original,
dico_phrasis_0001916__en-es__flipped,
dico_phrasis_0001916__en-es__original,
dico_phrasis_0001916__en-eu__flipped,
dico_phrasis_0001916__en-eu__original,
dico_phrasis_0001916__es-en__flipped,
dico_phrasis_0001916__es-en__original,
dico_phrasis_0001916__es-eu__flipped,
dico_phrasis_0001916__es-eu__original,
dico_phrasis_0001916__eu-en__flipped,
dico_phrasis_0001916__eu-en__original,
dico_phrasis_0001916__eu-es__flipped,
dico_phrasis_0001916__eu-es__original,
dico_phrasis_0001917__en-es__flipped,
dico_phrasis_0001917__en-es__original,
dico_phrasis_0001917__en-eu__flipped,
dico_phrasis_0001917__en-eu__original,
dico_phrasis_0001917__es-en__flipped,
dico_phrasis_0001917__es-en__original,
dico_phrasis_0001917__es-eu__flipped,
dico_phrasis_0001917__es-eu__original,
dico_phrasis_0001917__eu-en__flipped,
dico_phrasis_0001917__eu-en__original,
dico_phrasis_0001917__eu-es__flipped,
dico_phrasis_0001917__eu-es__original,
dico_phrasis_0001918__en-es__flipped,
dico_phrasis_0001918__en-es__original,
dico_phrasis_0001918__en-eu__flipped,
dico_phrasis_0001918__en-eu__original,
dico_phrasis_0001918__es-en__flipped,
dico_phrasis_0001918__es-en__original,
dico_phrasis_0001918__es-eu__flipped,
dico_phrasis_0001918__es-eu__original,
dico_phrasis_0001918__eu-en__flipped,
dico_phrasis_0001918__eu-en__original,
dico_phrasis_0001918__eu-es__flipped,
dico_phrasis_0001918__eu-es__original,
dico_phrasis_0001919__en-es__flipped,
dico_phrasis_0001919__en-es__original,
dico_phrasis_0001919__en-eu__flipped,
dico_phrasis_0001919__en-eu__original,
dico_phrasis_0001919__es-en__flipped,
dico_phrasis_0001919__es-en__original,
dico_phrasis_0001919__es-eu__flipped,
dico_phrasis_0001919__es-eu__original,
dico_phrasis_0001919__eu-en__flipped,
dico_phrasis_0001919__eu-en__original,
dico_phrasis_0001919__eu-es__flipped,
dico_phrasis_0001919__eu-es__original,
dico_phrasis_0001920__en-es__flipped,
dico_phrasis_0001920__en-es__original,
dico_phrasis_0001920__en-eu__flipped,
dico_phrasis_0001920__en-eu__original,
dico_phrasis_0001920__es-en__flipped,
dico_phrasis_0001920__es-en__original,
dico_phrasis_0001920__es-eu__flipped,
dico_phrasis_0001920__es-eu__original,
dico_phrasis_0001920__eu-en__flipped,
dico_phrasis_0001920__eu-en__original,
dico_phrasis_0001920__eu-es__flipped,
dico_phrasis_0001920__eu-es__original,
dico_phrasis_0001921__en-es__flipped,
dico_phrasis_0001921__en-es__original,
dico_phrasis_0001921__en-eu__flipped,
dico_phrasis_0001921__en-eu__original,
dico_phrasis_0001921__es-en__flipped,
dico_phrasis_0001921__es-en__original,
dico_phrasis_0001921__es-eu__flipped,
dico_phrasis_0001921__es-eu__original,
dico_phrasis_0001921__eu-en__flipped,
dico_phrasis_0001921__eu-en__original,
dico_phrasis_0001921__eu-es__flipped,
dico_phrasis_0001921__eu-es__original,
dico_phrasis_0001922__en-es__flipped,
dico_phrasis_0001922__en-es__original,
dico_phrasis_0001922__en-eu__flipped,
dico_phrasis_0001922__en-eu__original,
dico_phrasis_0001922__es-en__flipped,
dico_phrasis_0001922__es-en__original,
dico_phrasis_0001922__es-eu__flipped,
dico_phrasis_0001922__es-eu__original,
dico_phrasis_0001922__eu-en__flipped,
dico_phrasis_0001922__eu-en__original,
dico_phrasis_0001922__eu-es__flipped,
dico_phrasis_0001922__eu-es__original,
dico_phrasis_0001923__en-es__flipped,
dico_phrasis_0001923__en-es__original,
dico_phrasis_0001923__en-eu__flipped,
dico_phrasis_0001923__en-eu__original,
dico_phrasis_0001923__es-en__flipped,
dico_phrasis_0001923__es-en__original,
dico_phrasis_0001923__es-eu__flipped,
dico_phrasis_0001923__es-eu__original,
dico_phrasis_0001923__eu-en__flipped,
dico_phrasis_0001923__eu-en__original,
dico_phrasis_0001923__eu-es__flipped,
dico_phrasis_0001923__eu-es__original,
dico_phrasis_0001924__en-es__flipped,
dico_phrasis_0001924__en-es__original,
dico_phrasis_0001924__en-eu__flipped,
dico_phrasis_0001924__en-eu__original,
dico_phrasis_0001924__es-en__flipped,
dico_phrasis_0001924__es-en__original,
dico_phrasis_0001924__es-eu__flipped,
dico_phrasis_0001924__es-eu__original,
dico_phrasis_0001924__eu-en__flipped,
dico_phrasis_0001924__eu-en__original,
dico_phrasis_0001924__eu-es__flipped,
dico_phrasis_0001924__eu-es__original,
dico_phrasis_0001925__en-es__flipped,
dico_phrasis_0001925__en-es__original,
dico_phrasis_0001925__en-eu__flipped,
dico_phrasis_0001925__en-eu__original,
dico_phrasis_0001925__es-en__flipped,
dico_phrasis_0001925__es-en__original,
dico_phrasis_0001925__es-eu__flipped,
dico_phrasis_0001925__es-eu__original,
dico_phrasis_0001925__eu-en__flipped,
dico_phrasis_0001925__eu-en__original,
dico_phrasis_0001925__eu-es__flipped,
dico_phrasis_0001925__eu-es__original,
dico_phrasis_0001927__en-es__flipped,
dico_phrasis_0001927__en-es__original,
dico_phrasis_0001927__en-eu__flipped,
dico_phrasis_0001927__en-eu__original,
dico_phrasis_0001927__es-en__flipped,
dico_phrasis_0001927__es-en__original,
dico_phrasis_0001927__es-eu__flipped,
dico_phrasis_0001927__es-eu__original,
dico_phrasis_0001927__eu-en__flipped,
dico_phrasis_0001927__eu-en__original,
dico_phrasis_0001927__eu-es__flipped,
dico_phrasis_0001927__eu-es__original,
dico_phrasis_0001928__en-es__flipped,
dico_phrasis_0001928__en-es__original,
dico_phrasis_0001928__en-eu__flipped,
dico_phrasis_0001928__en-eu__original,
dico_phrasis_0001928__es-en__flipped,
dico_phrasis_0001928__es-en__original,
dico_phrasis_0001928__es-eu__flipped,
dico_phrasis_0001928__es-eu__original,
dico_phrasis_0001928__eu-en__flipped,
dico_phrasis_0001928__eu-en__original,
dico_phrasis_0001928__eu-es__flipped,
dico_phrasis_0001928__eu-es__original,
dico_phrasis_0001929__en-es__flipped,
dico_phrasis_0001929__en-es__original,
dico_phrasis_0001929__en-eu__flipped,
dico_phrasis_0001929__en-eu__original,
dico_phrasis_0001929__es-en__flipped,
dico_phrasis_0001929__es-en__original,
dico_phrasis_0001929__es-eu__flipped,
dico_phrasis_0001929__es-eu__original,
dico_phrasis_0001929__eu-en__flipped,
dico_phrasis_0001929__eu-en__original,
dico_phrasis_0001929__eu-es__flipped,
dico_phrasis_0001929__eu-es__original,
dico_phrasis_0001931__en-es__flipped,
dico_phrasis_0001931__en-es__original,
dico_phrasis_0001931__en-eu__flipped,
dico_phrasis_0001931__en-eu__original,
dico_phrasis_0001931__es-en__flipped,
dico_phrasis_0001931__es-en__original,
dico_phrasis_0001931__es-eu__flipped,
dico_phrasis_0001931__es-eu__original,
dico_phrasis_0001931__eu-en__flipped,
dico_phrasis_0001931__eu-en__original,
dico_phrasis_0001931__eu-es__flipped,
dico_phrasis_0001931__eu-es__original,
dico_phrasis_0001932__en-es__flipped,
dico_phrasis_0001932__en-es__original,
dico_phrasis_0001932__en-eu__flipped,
dico_phrasis_0001932__en-eu__original,
dico_phrasis_0001932__es-en__flipped,
dico_phrasis_0001932__es-en__original,
dico_phrasis_0001932__es-eu__flipped,
dico_phrasis_0001932__es-eu__original,
dico_phrasis_0001932__eu-en__flipped,
dico_phrasis_0001932__eu-en__original,
dico_phrasis_0001932__eu-es__flipped,
dico_phrasis_0001932__eu-es__original,
dico_phrasis_0001933__en-es__flipped,
dico_phrasis_0001933__en-es__original,
dico_phrasis_0001933__en-eu__flipped,
dico_phrasis_0001933__en-eu__original,
dico_phrasis_0001933__es-en__flipped,
dico_phrasis_0001933__es-en__original,
dico_phrasis_0001933__es-eu__flipped,
dico_phrasis_0001933__es-eu__original,
dico_phrasis_0001933__eu-en__flipped,
dico_phrasis_0001933__eu-en__original,
dico_phrasis_0001933__eu-es__flipped,
dico_phrasis_0001933__eu-es__original,
dico_phrasis_0001934__en-es__flipped,
dico_phrasis_0001934__en-es__original,
dico_phrasis_0001934__en-eu__flipped,
dico_phrasis_0001934__en-eu__original,
dico_phrasis_0001934__es-en__flipped,
dico_phrasis_0001934__es-en__original,
dico_phrasis_0001934__es-eu__flipped,
dico_phrasis_0001934__es-eu__original,
dico_phrasis_0001934__eu-en__flipped,
dico_phrasis_0001934__eu-en__original,
dico_phrasis_0001934__eu-es__flipped,
dico_phrasis_0001934__eu-es__original,
dico_phrasis_0001935__en-es__flipped,
dico_phrasis_0001935__en-es__original,
dico_phrasis_0001935__en-eu__flipped,
dico_phrasis_0001935__en-eu__original,
dico_phrasis_0001935__es-en__flipped,
dico_phrasis_0001935__es-en__original,
dico_phrasis_0001935__es-eu__flipped,
dico_phrasis_0001935__es-eu__original,
dico_phrasis_0001935__eu-en__flipped,
dico_phrasis_0001935__eu-en__original,
dico_phrasis_0001935__eu-es__flipped,
dico_phrasis_0001935__eu-es__original,
dico_phrasis_0001936__en-es__flipped,
dico_phrasis_0001936__en-es__original,
dico_phrasis_0001936__en-eu__flipped,
dico_phrasis_0001936__en-eu__original,
dico_phrasis_0001936__es-en__flipped,
dico_phrasis_0001936__es-en__original,
dico_phrasis_0001936__es-eu__flipped,
dico_phrasis_0001936__es-eu__original,
dico_phrasis_0001936__eu-en__flipped,
dico_phrasis_0001936__eu-en__original,
dico_phrasis_0001936__eu-es__flipped,
dico_phrasis_0001936__eu-es__original,
dico_phrasis_0001939__en-es__flipped,
dico_phrasis_0001939__en-es__original,
dico_phrasis_0001939__en-eu__flipped,
dico_phrasis_0001939__en-eu__original,
dico_phrasis_0001939__es-en__flipped,
dico_phrasis_0001939__es-en__original,
dico_phrasis_0001939__es-eu__flipped,
dico_phrasis_0001939__es-eu__original,
dico_phrasis_0001939__eu-en__flipped,
dico_phrasis_0001939__eu-en__original,
dico_phrasis_0001939__eu-es__flipped,
dico_phrasis_0001939__eu-es__original,
dico_phrasis_0001941__en-es__flipped,
dico_phrasis_0001941__en-es__original,
dico_phrasis_0001941__en-eu__flipped,
dico_phrasis_0001941__en-eu__original,
dico_phrasis_0001941__es-en__flipped,
dico_phrasis_0001941__es-en__original,
dico_phrasis_0001941__es-eu__flipped,
dico_phrasis_0001941__es-eu__original,
dico_phrasis_0001941__eu-en__flipped,
dico_phrasis_0001941__eu-en__original,
dico_phrasis_0001941__eu-es__flipped,
dico_phrasis_0001941__eu-es__original,
dico_phrasis_0001942__en-es__flipped,
dico_phrasis_0001942__en-es__original,
dico_phrasis_0001942__en-eu__flipped,
dico_phrasis_0001942__en-eu__original,
dico_phrasis_0001942__es-en__flipped,
dico_phrasis_0001942__es-en__original,
dico_phrasis_0001942__es-eu__flipped,
dico_phrasis_0001942__es-eu__original,
dico_phrasis_0001942__eu-en__flipped,
dico_phrasis_0001942__eu-en__original,
dico_phrasis_0001942__eu-es__flipped,
dico_phrasis_0001942__eu-es__original,
dico_phrasis_0001943__en-es__flipped,
dico_phrasis_0001943__en-es__original,
dico_phrasis_0001943__en-eu__flipped,
dico_phrasis_0001943__en-eu__original,
dico_phrasis_0001943__es-en__flipped,
dico_phrasis_0001943__es-en__original,
dico_phrasis_0001943__es-eu__flipped,
dico_phrasis_0001943__es-eu__original,
dico_phrasis_0001943__eu-en__flipped,
dico_phrasis_0001943__eu-en__original,
dico_phrasis_0001943__eu-es__flipped,
dico_phrasis_0001943__eu-es__original,
dico_phrasis_0001946__en-es__flipped,
dico_phrasis_0001946__en-es__original,
dico_phrasis_0001946__en-eu__flipped,
dico_phrasis_0001946__en-eu__original,
dico_phrasis_0001946__es-en__flipped,
dico_phrasis_0001946__es-en__original,
dico_phrasis_0001946__es-eu__flipped,
dico_phrasis_0001946__es-eu__original,
dico_phrasis_0001946__eu-en__flipped,
dico_phrasis_0001946__eu-en__original,
dico_phrasis_0001946__eu-es__flipped,
dico_phrasis_0001946__eu-es__original,
dico_phrasis_0001947__en-es__original,
dico_phrasis_0001947__en-eu__original,
dico_phrasis_0001947__es-en__original,
dico_phrasis_0001947__es-eu__original,
dico_phrasis_0001947__eu-en__original,
dico_phrasis_0001947__eu-es__original,
dico_phrasis_0001950__en-es__original,
dico_phrasis_0001950__en-eu__original,
dico_phrasis_0001950__es-en__original,
dico_phrasis_0001950__es-eu__original,
dico_phrasis_0001950__eu-en__original,
dico_phrasis_0001950__eu-es__original,
dico_phrasis_0001951__en-es__original,
dico_phrasis_0001951__en-eu__original,
dico_phrasis_0001951__es-en__original,
dico_phrasis_0001951__es-eu__original,
dico_phrasis_0001951__eu-en__original,
dico_phrasis_0001951__eu-es__original,
dico_phrasis_0001956__en-es__original,
dico_phrasis_0001956__en-eu__original,
dico_phrasis_0001956__es-en__original,
dico_phrasis_0001956__es-eu__original,
dico_phrasis_0001956__eu-en__original,
dico_phrasis_0001956__eu-es__original,
dico_phrasis_0001958__en-es__original,
dico_phrasis_0001958__en-eu__original,
dico_phrasis_0001958__es-en__original,
dico_phrasis_0001958__es-eu__original,
dico_phrasis_0001958__eu-en__original,
dico_phrasis_0001958__eu-es__original,
dico_phrasis_0001959__en-es__original,
dico_phrasis_0001959__en-eu__original,
dico_phrasis_0001959__es-en__original,
dico_phrasis_0001959__es-eu__original,
dico_phrasis_0001959__eu-en__original,
dico_phrasis_0001959__eu-es__original,
dico_phrasis_0001964__en-es__original,
dico_phrasis_0001964__en-eu__original,
dico_phrasis_0001964__es-en__original,
dico_phrasis_0001964__es-eu__original,
dico_phrasis_0001964__eu-en__original,
dico_phrasis_0001964__eu-es__original,
dico_phrasis_0001965__en-es__original,
dico_phrasis_0001965__en-eu__original,
dico_phrasis_0001965__es-en__original,
dico_phrasis_0001965__es-eu__original,
dico_phrasis_0001965__eu-en__original,
dico_phrasis_0001965__eu-es__original,
dico_phrasis_0001966__en-es__original,
dico_phrasis_0001966__en-eu__original,
dico_phrasis_0001966__es-en__original,
dico_phrasis_0001966__es-eu__original,
dico_phrasis_0001966__eu-en__original,
dico_phrasis_0001966__eu-es__original,
dico_phrasis_0001967__en-es__original,
dico_phrasis_0001967__en-eu__original,
dico_phrasis_0001967__es-en__original,
dico_phrasis_0001967__es-eu__original,
dico_phrasis_0001967__eu-en__original,
dico_phrasis_0001967__eu-es__original,
dico_phrasis_0001969__en-es__original,
dico_phrasis_0001969__en-eu__original,
dico_phrasis_0001969__es-en__original,
dico_phrasis_0001969__es-eu__original,
dico_phrasis_0001969__eu-en__original,
dico_phrasis_0001969__eu-es__original,
dico_phrasis_0001970__en-es__original,
dico_phrasis_0001970__en-eu__original,
dico_phrasis_0001970__es-en__original,
dico_phrasis_0001970__es-eu__original,
dico_phrasis_0001970__eu-en__original,
dico_phrasis_0001970__eu-es__original,
dico_phrasis_0001972__en-es__original,
dico_phrasis_0001972__en-eu__original,
dico_phrasis_0001972__es-en__original,
dico_phrasis_0001972__es-eu__original,
dico_phrasis_0001972__eu-en__original,
dico_phrasis_0001972__eu-es__original,
dico_phrasis_0001983__en-es__original,
dico_phrasis_0001983__en-eu__original,
dico_phrasis_0001983__es-en__original,
dico_phrasis_0001983__es-eu__original,
dico_phrasis_0001983__eu-en__original,
dico_phrasis_0001983__eu-es__original,
dico_phrasis_0001992__en-es__original,
dico_phrasis_0001992__en-eu__original,
dico_phrasis_0001992__es-en__original,
dico_phrasis_0001992__es-eu__original,
dico_phrasis_0001992__eu-en__original,
dico_phrasis_0001992__eu-es__original,
dico_phrasis_0001995__en-es__original,
dico_phrasis_0001995__en-eu__original,
dico_phrasis_0001995__es-en__original,
dico_phrasis_0001995__es-eu__original,
dico_phrasis_0001995__eu-en__original,
dico_phrasis_0001995__eu-es__original,
dico_phrasis_0001997__en-es__original,
dico_phrasis_0001997__en-eu__original,
dico_phrasis_0001997__es-en__original,
dico_phrasis_0001997__es-eu__original,
dico_phrasis_0001997__eu-en__original,
dico_phrasis_0001997__eu-es__original,
dico_phrasis_0002000__en-es__original,
dico_phrasis_0002000__en-eu__original,
dico_phrasis_0002000__es-en__original,
dico_phrasis_0002000__es-eu__original,
dico_phrasis_0002000__eu-en__original,
dico_phrasis_0002000__eu-es__original,
dico_phrasis_0002001__en-es__original,
dico_phrasis_0002001__en-eu__original,
dico_phrasis_0002001__es-en__original,
dico_phrasis_0002001__es-eu__original,
dico_phrasis_0002001__eu-en__original,
dico_phrasis_0002001__eu-es__original,
dico_phrasis_0002002__en-es__original,
dico_phrasis_0002002__en-eu__original,
dico_phrasis_0002002__es-en__original,
dico_phrasis_0002002__es-eu__original,
dico_phrasis_0002002__eu-en__original,
dico_phrasis_0002002__eu-es__original,
dico_phrasis_0002006__en-es__original,
dico_phrasis_0002006__en-eu__original,
dico_phrasis_0002006__es-en__original,
dico_phrasis_0002006__es-eu__original,
dico_phrasis_0002006__eu-en__original,
dico_phrasis_0002006__eu-es__original,
dico_phrasis_0002011__en-es__original,
dico_phrasis_0002011__en-eu__original,
dico_phrasis_0002011__es-en__original,
dico_phrasis_0002011__es-eu__original,
dico_phrasis_0002011__eu-en__original,
dico_phrasis_0002011__eu-es__original,
dico_phrasis_0002012__en-es__original,
dico_phrasis_0002012__en-eu__original,
dico_phrasis_0002012__es-en__original,
dico_phrasis_0002012__es-eu__original,
dico_phrasis_0002012__eu-en__original,
dico_phrasis_0002012__eu-es__original,
dico_phrasis_0002013__en-es__original,
dico_phrasis_0002013__en-eu__original,
dico_phrasis_0002013__es-en__original,
dico_phrasis_0002013__es-eu__original,
dico_phrasis_0002013__eu-en__original,
dico_phrasis_0002013__eu-es__original,
dico_phrasis_0002019__en-es__original,
dico_phrasis_0002019__en-eu__original,
dico_phrasis_0002019__es-en__original,
dico_phrasis_0002019__es-eu__original,
dico_phrasis_0002019__eu-en__original,
dico_phrasis_0002019__eu-es__original,
dico_phrasis_0002023__en-es__original,
dico_phrasis_0002023__en-eu__original,
dico_phrasis_0002023__es-en__original,
dico_phrasis_0002023__es-eu__original,
dico_phrasis_0002023__eu-en__original,
dico_phrasis_0002023__eu-es__original,
dico_phrasis_0002032__en-es__original,
dico_phrasis_0002032__en-eu__original,
dico_phrasis_0002032__es-en__original,
dico_phrasis_0002032__es-eu__original,
dico_phrasis_0002032__eu-en__original,
dico_phrasis_0002032__eu-es__original,
dico_phrasis_0002033__en-es__original,
dico_phrasis_0002033__en-eu__original,
dico_phrasis_0002033__es-en__original,
dico_phrasis_0002033__es-eu__original,
dico_phrasis_0002033__eu-en__original,
dico_phrasis_0002033__eu-es__original,
dico_phrasis_0002037__en-es__original,
dico_phrasis_0002037__en-eu__original,
dico_phrasis_0002037__es-en__original,
dico_phrasis_0002037__es-eu__original,
dico_phrasis_0002037__eu-en__original,
dico_phrasis_0002037__eu-es__original,
dico_phrasis_0002049__en-es__original,
dico_phrasis_0002049__en-eu__original,
dico_phrasis_0002049__es-en__original,
dico_phrasis_0002049__es-eu__original,
dico_phrasis_0002049__eu-en__original,
dico_phrasis_0002049__eu-es__original,
dico_phrasis_0002053__en-es__original,
dico_phrasis_0002053__en-eu__original,
dico_phrasis_0002053__es-en__original,
dico_phrasis_0002053__es-eu__original,
dico_phrasis_0002053__eu-en__original,
dico_phrasis_0002053__eu-es__original,
dico_phrasis_0002055__en-es__original,
dico_phrasis_0002055__en-eu__original,
dico_phrasis_0002055__es-en__original,
dico_phrasis_0002055__es-eu__original,
dico_phrasis_0002055__eu-en__original,
dico_phrasis_0002055__eu-es__original,
dico_phrasis_0002060__en-es__original,
dico_phrasis_0002060__en-eu__original,
dico_phrasis_0002060__es-en__original,
dico_phrasis_0002060__es-eu__original,
dico_phrasis_0002060__eu-en__original,
dico_phrasis_0002060__eu-es__original,
dico_phrasis_0002061__en-es__original,
dico_phrasis_0002061__en-eu__original,
dico_phrasis_0002061__es-en__original,
dico_phrasis_0002061__es-eu__original,
dico_phrasis_0002061__eu-en__original,
dico_phrasis_0002061__eu-es__original,
dico_phrasis_0002062__en-es__original,
dico_phrasis_0002062__en-eu__original,
dico_phrasis_0002062__es-en__original,
dico_phrasis_0002062__es-eu__original,
dico_phrasis_0002062__eu-en__original,
dico_phrasis_0002062__eu-es__original,
dico_phrasis_0002068__en-es__original,
dico_phrasis_0002068__en-eu__original,
dico_phrasis_0002068__es-en__original,
dico_phrasis_0002068__es-eu__original,
dico_phrasis_0002068__eu-en__original,
dico_phrasis_0002068__eu-es__original,
dico_phrasis_0002070__en-es__original,
dico_phrasis_0002070__en-eu__original,
dico_phrasis_0002070__es-en__original,
dico_phrasis_0002070__es-eu__original,
dico_phrasis_0002070__eu-en__original,
dico_phrasis_0002070__eu-es__original,
dico_phrasis_0002074__en-es__original,
dico_phrasis_0002074__en-eu__original,
dico_phrasis_0002074__es-en__original,
dico_phrasis_0002074__es-eu__original,
dico_phrasis_0002074__eu-en__original,
dico_phrasis_0002074__eu-es__original,
dico_phrasis_0002075__en-es__original,
dico_phrasis_0002075__en-eu__original,
dico_phrasis_0002075__es-en__original,
dico_phrasis_0002075__es-eu__original,
dico_phrasis_0002075__eu-en__original,
dico_phrasis_0002075__eu-es__original,
dico_phrasis_0002082__en-es__original,
dico_phrasis_0002082__en-eu__original,
dico_phrasis_0002082__es-en__original,
dico_phrasis_0002082__es-eu__original,
dico_phrasis_0002082__eu-en__original,
dico_phrasis_0002082__eu-es__original,
dico_phrasis_0002083__en-es__original,
dico_phrasis_0002083__en-eu__original,
dico_phrasis_0002083__es-en__original,
dico_phrasis_0002083__es-eu__original,
dico_phrasis_0002083__eu-en__original,
dico_phrasis_0002083__eu-es__original,
dico_phrasis_0002085__en-es__original,
dico_phrasis_0002085__en-eu__original,
dico_phrasis_0002085__es-en__original,
dico_phrasis_0002085__es-eu__original,
dico_phrasis_0002085__eu-en__original,
dico_phrasis_0002085__eu-es__original,
dico_phrasis_0002086__en-es__original,
dico_phrasis_0002086__en-eu__original,
dico_phrasis_0002086__es-en__original,
dico_phrasis_0002086__es-eu__original,
dico_phrasis_0002086__eu-en__original,
dico_phrasis_0002086__eu-es__original,
dico_phrasis_0002093__en-es__original,
dico_phrasis_0002093__en-eu__original,
dico_phrasis_0002093__es-en__original,
dico_phrasis_0002093__es-eu__original,
dico_phrasis_0002093__eu-en__original,
dico_phrasis_0002093__eu-es__original,
dico_phrasis_0002094__en-es__original,
dico_phrasis_0002094__en-eu__original,
dico_phrasis_0002094__es-en__original,
dico_phrasis_0002094__es-eu__original,
dico_phrasis_0002094__eu-en__original,
dico_phrasis_0002094__eu-es__original,
dico_phrasis_0002097__en-es__original,
dico_phrasis_0002097__en-eu__original,
dico_phrasis_0002097__es-en__original,
dico_phrasis_0002097__es-eu__original,
dico_phrasis_0002097__eu-en__original,
dico_phrasis_0002097__eu-es__original,
dico_phrasis_0002107__en-es__original,
dico_phrasis_0002107__en-eu__original,
dico_phrasis_0002107__es-en__original,
dico_phrasis_0002107__es-eu__original,
dico_phrasis_0002107__eu-en__original,
dico_phrasis_0002107__eu-es__original,
dico_phrasis_0002109__en-es__original,
dico_phrasis_0002109__en-eu__original,
dico_phrasis_0002109__es-en__original,
dico_phrasis_0002109__es-eu__original,
dico_phrasis_0002109__eu-en__original,
dico_phrasis_0002109__eu-es__original,
dico_phrasis_0002114__en-es__original,
dico_phrasis_0002114__en-eu__original,
dico_phrasis_0002114__es-en__original,
dico_phrasis_0002114__es-eu__original,
dico_phrasis_0002114__eu-en__original,
dico_phrasis_0002114__eu-es__original,
dico_phrasis_0002120__en-es__original,
dico_phrasis_0002120__en-eu__original,
dico_phrasis_0002120__es-en__original,
dico_phrasis_0002120__es-eu__original,
dico_phrasis_0002120__eu-en__original,
dico_phrasis_0002120__eu-es__original,
dico_phrasis_0002126__en-es__original,
dico_phrasis_0002126__en-eu__original,
dico_phrasis_0002126__es-en__original,
dico_phrasis_0002126__es-eu__original,
dico_phrasis_0002126__eu-en__original,
dico_phrasis_0002126__eu-es__original,
dico_phrasis_0002129__en-es__original,
dico_phrasis_0002129__en-eu__original,
dico_phrasis_0002129__es-en__original,
dico_phrasis_0002129__es-eu__original,
dico_phrasis_0002129__eu-en__original,
dico_phrasis_0002129__eu-es__original,
dico_phrasis_0002130__en-es__original,
dico_phrasis_0002130__en-eu__original,
dico_phrasis_0002130__es-en__original,
dico_phrasis_0002130__es-eu__original,
dico_phrasis_0002130__eu-en__original,
dico_phrasis_0002130__eu-es__original,
dico_phrasis_0002134__en-es__original,
dico_phrasis_0002134__en-eu__original,
dico_phrasis_0002134__es-en__original,
dico_phrasis_0002134__es-eu__original,
dico_phrasis_0002134__eu-en__original,
dico_phrasis_0002134__eu-es__original,
dico_phrasis_0002137__en-es__original,
dico_phrasis_0002137__en-eu__original,
dico_phrasis_0002137__es-en__original,
dico_phrasis_0002137__es-eu__original,
dico_phrasis_0002137__eu-en__original,
dico_phrasis_0002137__eu-es__original,
dico_phrasis_0002153__en-es__original,
dico_phrasis_0002153__en-eu__original,
dico_phrasis_0002153__es-en__original,
dico_phrasis_0002153__es-eu__original,
dico_phrasis_0002153__eu-en__original,
dico_phrasis_0002153__eu-es__original,
dico_phrasis_0002156__en-es__original,
dico_phrasis_0002156__en-eu__original,
dico_phrasis_0002156__es-en__original,
dico_phrasis_0002156__es-eu__original,
dico_phrasis_0002156__eu-en__original,
dico_phrasis_0002156__eu-es__original,
dico_phrasis_0002161__en-es__original,
dico_phrasis_0002161__en-eu__original,
dico_phrasis_0002161__es-en__original,
dico_phrasis_0002161__es-eu__original,
dico_phrasis_0002161__eu-en__original,
dico_phrasis_0002161__eu-es__original,
dico_phrasis_0002164__en-es__original,
dico_phrasis_0002164__en-eu__original,
dico_phrasis_0002164__es-en__original,
dico_phrasis_0002164__es-eu__original,
dico_phrasis_0002164__eu-en__original,
dico_phrasis_0002164__eu-es__original,
dico_phrasis_0002168__en-es__original,
dico_phrasis_0002168__en-eu__original,
dico_phrasis_0002168__es-en__original,
dico_phrasis_0002168__es-eu__original,
dico_phrasis_0002168__eu-en__original,
dico_phrasis_0002168__eu-es__original,
dico_phrasis_0002170__en-es__original,
dico_phrasis_0002170__en-eu__original,
dico_phrasis_0002170__es-en__original,
dico_phrasis_0002170__es-eu__original,
dico_phrasis_0002170__eu-en__original,
dico_phrasis_0002170__eu-es__original,
dico_phrasis_0002173__en-es__original,
dico_phrasis_0002173__en-eu__original,
dico_phrasis_0002173__es-en__original,
dico_phrasis_0002173__es-eu__original,
dico_phrasis_0002173__eu-en__original,
dico_phrasis_0002173__eu-es__original,
dico_phrasis_0002190__en-es__original,
dico_phrasis_0002190__en-eu__original,
dico_phrasis_0002190__es-en__original,
dico_phrasis_0002190__es-eu__original,
dico_phrasis_0002190__eu-en__original,
dico_phrasis_0002190__eu-es__original,
dico_phrasis_0002194__en-es__original,
dico_phrasis_0002194__en-eu__original,
dico_phrasis_0002194__es-en__original,
dico_phrasis_0002194__es-eu__original,
dico_phrasis_0002194__eu-en__original,
dico_phrasis_0002194__eu-es__original,
dico_phrasis_0002195__en-es__original,
dico_phrasis_0002195__en-eu__original,
dico_phrasis_0002195__es-en__original,
dico_phrasis_0002195__es-eu__original,
dico_phrasis_0002195__eu-en__original,
dico_phrasis_0002195__eu-es__original,
dico_phrasis_0002200__en-es__original,
dico_phrasis_0002200__en-eu__original,
dico_phrasis_0002200__es-en__original,
dico_phrasis_0002200__es-eu__original,
dico_phrasis_0002200__eu-en__original,
dico_phrasis_0002200__eu-es__original,
dico_phrasis_0002203__en-es__original,
dico_phrasis_0002203__en-eu__original,
dico_phrasis_0002203__es-en__original,
dico_phrasis_0002203__es-eu__original,
dico_phrasis_0002203__eu-en__original,
dico_phrasis_0002203__eu-es__original,
dico_phrasis_0002210__en-es__original,
dico_phrasis_0002210__en-eu__original,
dico_phrasis_0002210__es-en__original,
dico_phrasis_0002210__es-eu__original,
dico_phrasis_0002210__eu-en__original,
dico_phrasis_0002210__eu-es__original,
dico_phrasis_0002213__en-es__original,
dico_phrasis_0002213__en-eu__original,
dico_phrasis_0002213__es-en__original,
dico_phrasis_0002213__es-eu__original,
dico_phrasis_0002213__eu-en__original,
dico_phrasis_0002213__eu-es__original,
dico_phrasis_0002219__en-es__original,
dico_phrasis_0002219__en-eu__original,
dico_phrasis_0002219__es-en__original,
dico_phrasis_0002219__es-eu__original,
dico_phrasis_0002219__eu-en__original,
dico_phrasis_0002219__eu-es__original,
dico_phrasis_0002225__en-es__original,
dico_phrasis_0002225__en-eu__original,
dico_phrasis_0002225__es-en__original,
dico_phrasis_0002225__es-eu__original,
dico_phrasis_0002225__eu-en__original,
dico_phrasis_0002225__eu-es__original,
dico_phrasis_0002226__en-es__original,
dico_phrasis_0002226__en-eu__original,
dico_phrasis_0002226__es-en__original,
dico_phrasis_0002226__es-eu__original,
dico_phrasis_0002226__eu-en__original,
dico_phrasis_0002226__eu-es__original,
dico_phrasis_0002227__en-es__original,
dico_phrasis_0002227__en-eu__original,
dico_phrasis_0002227__es-en__original,
dico_phrasis_0002227__es-eu__original,
dico_phrasis_0002227__eu-en__original,
dico_phrasis_0002227__eu-es__original,
dico_phrasis_0002228__en-es__original,
dico_phrasis_0002228__en-eu__original,
dico_phrasis_0002228__es-en__original,
dico_phrasis_0002228__es-eu__original,
dico_phrasis_0002228__eu-en__original,
dico_phrasis_0002228__eu-es__original,
dico_phrasis_0002230__en-es__original,
dico_phrasis_0002230__en-eu__original,
dico_phrasis_0002230__es-en__original,
dico_phrasis_0002230__es-eu__original,
dico_phrasis_0002230__eu-en__original,
dico_phrasis_0002230__eu-es__original,
dico_phrasis_0002235__en-es__original,
dico_phrasis_0002235__en-eu__original,
dico_phrasis_0002235__es-en__original,
dico_phrasis_0002235__es-eu__original,
dico_phrasis_0002235__eu-en__original,
dico_phrasis_0002235__eu-es__original,
dico_phrasis_0002238__en-es__original,
dico_phrasis_0002238__en-eu__original,
dico_phrasis_0002238__es-en__original,
dico_phrasis_0002238__es-eu__original,
dico_phrasis_0002238__eu-en__original,
dico_phrasis_0002238__eu-es__original,
dico_phrasis_0002252__en-es__original,
dico_phrasis_0002252__en-eu__original,
dico_phrasis_0002252__es-en__original,
dico_phrasis_0002252__es-eu__original,
dico_phrasis_0002252__eu-en__original,
dico_phrasis_0002252__eu-es__original,
dico_phrasis_0002261__en-es__original,
dico_phrasis_0002261__en-eu__original,
dico_phrasis_0002261__es-en__original,
dico_phrasis_0002261__es-eu__original,
dico_phrasis_0002261__eu-en__original,
dico_phrasis_0002261__eu-es__original,
dico_phrasis_0002262__en-es__original,
dico_phrasis_0002262__en-eu__original,
dico_phrasis_0002262__es-en__original,
dico_phrasis_0002262__es-eu__original,
dico_phrasis_0002262__eu-en__original,
dico_phrasis_0002262__eu-es__original,
dico_phrasis_0002274__en-es__original,
dico_phrasis_0002274__en-eu__original,
dico_phrasis_0002274__es-en__original,
dico_phrasis_0002274__es-eu__original,
dico_phrasis_0002274__eu-en__original,
dico_phrasis_0002274__eu-es__original,
dico_phrasis_0002275__en-es__original,
dico_phrasis_0002275__en-eu__original,
dico_phrasis_0002275__es-en__original,
dico_phrasis_0002275__es-eu__original,
dico_phrasis_0002275__eu-en__original,
dico_phrasis_0002275__eu-es__original,
dico_phrasis_0002284__en-es__original,
dico_phrasis_0002284__en-eu__original,
dico_phrasis_0002284__es-en__original,
dico_phrasis_0002284__es-eu__original,
dico_phrasis_0002284__eu-en__original,
dico_phrasis_0002284__eu-es__original,
dico_phrasis_0002285__en-es__original,
dico_phrasis_0002285__en-eu__original,
dico_phrasis_0002285__es-en__original,
dico_phrasis_0002285__es-eu__original,
dico_phrasis_0002285__eu-en__original,
dico_phrasis_0002285__eu-es__original,
dico_phrasis_0002286__en-es__original,
dico_phrasis_0002286__en-eu__original,
dico_phrasis_0002286__es-en__original,
dico_phrasis_0002286__es-eu__original,
dico_phrasis_0002286__eu-en__original,
dico_phrasis_0002286__eu-es__original,
dico_phrasis_0002293__en-es__original,
dico_phrasis_0002293__en-eu__original,
dico_phrasis_0002293__es-en__original,
dico_phrasis_0002293__es-eu__original,
dico_phrasis_0002293__eu-en__original,
dico_phrasis_0002293__eu-es__original,
dico_phrasis_0002296__en-es__original,
dico_phrasis_0002296__en-eu__original,
dico_phrasis_0002296__es-en__original,
dico_phrasis_0002296__es-eu__original,
dico_phrasis_0002296__eu-en__original,
dico_phrasis_0002296__eu-es__original,
dico_phrasis_0002297__en-es__original,
dico_phrasis_0002297__en-eu__original,
dico_phrasis_0002297__es-en__original,
dico_phrasis_0002297__es-eu__original,
dico_phrasis_0002297__eu-en__original,
dico_phrasis_0002297__eu-es__original,
dico_phrasis_0002305__en-es__original,
dico_phrasis_0002305__en-eu__original,
dico_phrasis_0002305__es-en__original,
dico_phrasis_0002305__es-eu__original,
dico_phrasis_0002305__eu-en__original,
dico_phrasis_0002305__eu-es__original,
dico_phrasis_0002316__en-es__original,
dico_phrasis_0002316__en-eu__original,
dico_phrasis_0002316__es-en__original,
dico_phrasis_0002316__es-eu__original,
dico_phrasis_0002316__eu-en__original,
dico_phrasis_0002316__eu-es__original,
dico_phrasis_0002320__en-es__original,
dico_phrasis_0002320__en-eu__original,
dico_phrasis_0002320__es-en__original,
dico_phrasis_0002320__es-eu__original,
dico_phrasis_0002320__eu-en__original,
dico_phrasis_0002320__eu-es__original,
dico_phrasis_0002322__en-es__original,
dico_phrasis_0002322__en-eu__original,
dico_phrasis_0002322__es-en__original,
dico_phrasis_0002322__es-eu__original,
dico_phrasis_0002322__eu-en__original,
dico_phrasis_0002322__eu-es__original,
dico_phrasis_0002323__en-es__original,
dico_phrasis_0002323__en-eu__original,
dico_phrasis_0002323__es-en__original,
dico_phrasis_0002323__es-eu__original,
dico_phrasis_0002323__eu-en__original,
dico_phrasis_0002323__eu-es__original,
dico_phrasis_0002325__en-es__original,
dico_phrasis_0002325__en-eu__original,
dico_phrasis_0002325__es-en__original,
dico_phrasis_0002325__es-eu__original,
dico_phrasis_0002325__eu-en__original,
dico_phrasis_0002325__eu-es__original,
dico_phrasis_0002327__en-es__original,
dico_phrasis_0002327__en-eu__original,
dico_phrasis_0002327__es-en__original,
dico_phrasis_0002327__es-eu__original,
dico_phrasis_0002327__eu-en__original,
dico_phrasis_0002327__eu-es__original,
dico_phrasis_0002329__en-es__original,
dico_phrasis_0002329__en-eu__original,
dico_phrasis_0002329__es-en__original,
dico_phrasis_0002329__es-eu__original,
dico_phrasis_0002329__eu-en__original,
dico_phrasis_0002329__eu-es__original,
dico_phrasis_0002335__en-es__original,
dico_phrasis_0002335__en-eu__original,
dico_phrasis_0002335__es-en__original,
dico_phrasis_0002335__es-eu__original,
dico_phrasis_0002335__eu-en__original,
dico_phrasis_0002335__eu-es__original,
dico_phrasis_0002340__en-es__original,
dico_phrasis_0002340__en-eu__original,
dico_phrasis_0002340__es-en__original,
dico_phrasis_0002340__es-eu__original,
dico_phrasis_0002340__eu-en__original,
dico_phrasis_0002340__eu-es__original,
dico_phrasis_0002345__en-es__original,
dico_phrasis_0002345__en-eu__original,
dico_phrasis_0002345__es-en__original,
dico_phrasis_0002345__es-eu__original,
dico_phrasis_0002345__eu-en__original,
dico_phrasis_0002345__eu-es__original,
dico_phrasis_0002347__en-es__original,
dico_phrasis_0002347__en-eu__original,
dico_phrasis_0002347__es-en__original,
dico_phrasis_0002347__es-eu__original,
dico_phrasis_0002347__eu-en__original,
dico_phrasis_0002347__eu-es__original,
dico_phrasis_0002352__en-es__original,
dico_phrasis_0002352__en-eu__original,
dico_phrasis_0002352__es-en__original,
dico_phrasis_0002352__es-eu__original,
dico_phrasis_0002352__eu-en__original,
dico_phrasis_0002352__eu-es__original,
dico_phrasis_0002353__en-es__original,
dico_phrasis_0002353__en-eu__original,
dico_phrasis_0002353__es-en__original,
dico_phrasis_0002353__es-eu__original,
dico_phrasis_0002353__eu-en__original,
dico_phrasis_0002353__eu-es__original,
dico_phrasis_0002359__en-es__original,
dico_phrasis_0002359__en-eu__original,
dico_phrasis_0002359__es-en__original,
dico_phrasis_0002359__es-eu__original,
dico_phrasis_0002359__eu-en__original,
dico_phrasis_0002359__eu-es__original,
dico_phrasis_0002360__en-es__original,
dico_phrasis_0002360__en-eu__original,
dico_phrasis_0002360__es-en__original,
dico_phrasis_0002360__es-eu__original,
dico_phrasis_0002360__eu-en__original,
dico_phrasis_0002360__eu-es__original,
dico_phrasis_0002370__en-es__original,
dico_phrasis_0002370__en-eu__original,
dico_phrasis_0002370__es-en__original,
dico_phrasis_0002370__es-eu__original,
dico_phrasis_0002370__eu-en__original,
dico_phrasis_0002370__eu-es__original,
dico_phrasis_0002378__en-es__original,
dico_phrasis_0002378__en-eu__original,
dico_phrasis_0002378__es-en__original,
dico_phrasis_0002378__es-eu__original,
dico_phrasis_0002378__eu-en__original,
dico_phrasis_0002378__eu-es__original,
dico_phrasis_0002384__en-es__original,
dico_phrasis_0002384__en-eu__original,
dico_phrasis_0002384__es-en__original,
dico_phrasis_0002384__es-eu__original,
dico_phrasis_0002384__eu-en__original,
dico_phrasis_0002384__eu-es__original,
dico_phrasis_0002385__en-es__original,
dico_phrasis_0002385__en-eu__original,
dico_phrasis_0002385__es-en__original,
dico_phrasis_0002385__es-eu__original,
dico_phrasis_0002385__eu-en__original,
dico_phrasis_0002385__eu-es__original,
dico_phrasis_0002388__en-es__original,
dico_phrasis_0002388__en-eu__original,
dico_phrasis_0002388__es-en__original,
dico_phrasis_0002388__es-eu__original,
dico_phrasis_0002388__eu-en__original,
dico_phrasis_0002388__eu-es__original,
dico_phrasis_0002389__en-es__original,
dico_phrasis_0002389__en-eu__original,
dico_phrasis_0002389__es-en__original,
dico_phrasis_0002389__es-eu__original,
dico_phrasis_0002389__eu-en__original,
dico_phrasis_0002389__eu-es__original,
dico_phrasis_0002393__en-es__original,
dico_phrasis_0002393__en-eu__original,
dico_phrasis_0002393__es-en__original,
dico_phrasis_0002393__es-eu__original,
dico_phrasis_0002393__eu-en__original,
dico_phrasis_0002393__eu-es__original,
dico_phrasis_0002402__en-es__original,
dico_phrasis_0002402__en-eu__original,
dico_phrasis_0002402__es-en__original,
dico_phrasis_0002402__es-eu__original,
dico_phrasis_0002402__eu-en__original,
dico_phrasis_0002402__eu-es__original,
dico_phrasis_0002404__en-es__original,
dico_phrasis_0002404__en-eu__original,
dico_phrasis_0002404__es-en__original,
dico_phrasis_0002404__es-eu__original,
dico_phrasis_0002404__eu-en__original,
dico_phrasis_0002404__eu-es__original,
dico_phrasis_0002407__en-es__original,
dico_phrasis_0002407__en-eu__original,
dico_phrasis_0002407__es-en__original,
dico_phrasis_0002407__es-eu__original,
dico_phrasis_0002407__eu-en__original,
dico_phrasis_0002407__eu-es__original,
dico_phrasis_0002410__en-es__original,
dico_phrasis_0002410__en-eu__original,
dico_phrasis_0002410__es-en__original,
dico_phrasis_0002410__es-eu__original,
dico_phrasis_0002410__eu-en__original,
dico_phrasis_0002410__eu-es__original,
dico_phrasis_0002412__en-es__original,
dico_phrasis_0002412__en-eu__original,
dico_phrasis_0002412__es-en__original,
dico_phrasis_0002412__es-eu__original,
dico_phrasis_0002412__eu-en__original,
dico_phrasis_0002412__eu-es__original,
dico_phrasis_0002414__en-es__original,
dico_phrasis_0002414__en-eu__original,
dico_phrasis_0002414__es-en__original,
dico_phrasis_0002414__es-eu__original,
dico_phrasis_0002414__eu-en__original,
dico_phrasis_0002414__eu-es__original,
dico_phrasis_0002415__en-es__original,
dico_phrasis_0002415__en-eu__original,
dico_phrasis_0002415__es-en__original,
dico_phrasis_0002415__es-eu__original,
dico_phrasis_0002415__eu-en__original,
dico_phrasis_0002415__eu-es__original,
dico_phrasis_0002416__en-es__original,
dico_phrasis_0002416__en-eu__original,
dico_phrasis_0002416__es-en__original,
dico_phrasis_0002416__es-eu__original,
dico_phrasis_0002416__eu-en__original,
dico_phrasis_0002416__eu-es__original,
dico_phrasis_0002419__en-es__original,
dico_phrasis_0002419__en-eu__original,
dico_phrasis_0002419__es-en__original,
dico_phrasis_0002419__es-eu__original,
dico_phrasis_0002419__eu-en__original,
dico_phrasis_0002419__eu-es__original,
dico_phrasis_0002420__en-es__original,
dico_phrasis_0002420__en-eu__original,
dico_phrasis_0002420__es-en__original,
dico_phrasis_0002420__es-eu__original,
dico_phrasis_0002420__eu-en__original,
dico_phrasis_0002420__eu-es__original,
dico_phrasis_0002422__en-es__original,
dico_phrasis_0002422__en-eu__original,
dico_phrasis_0002422__es-en__original,
dico_phrasis_0002422__es-eu__original,
dico_phrasis_0002422__eu-en__original,
dico_phrasis_0002422__eu-es__original,
dico_phrasis_0002425__en-es__original,
dico_phrasis_0002425__en-eu__original,
dico_phrasis_0002425__es-en__original,
dico_phrasis_0002425__es-eu__original,
dico_phrasis_0002425__eu-en__original,
dico_phrasis_0002425__eu-es__original,
dico_phrasis_0002427__en-es__original,
dico_phrasis_0002427__en-eu__original,
dico_phrasis_0002427__es-en__original,
dico_phrasis_0002427__es-eu__original,
dico_phrasis_0002427__eu-en__original,
dico_phrasis_0002427__eu-es__original,
dico_phrasis_0002431__en-es__original,
dico_phrasis_0002431__en-eu__original,
dico_phrasis_0002431__es-en__original,
dico_phrasis_0002431__es-eu__original,
dico_phrasis_0002431__eu-en__original,
dico_phrasis_0002431__eu-es__original,
dico_phrasis_0002432__en-es__original,
dico_phrasis_0002432__en-eu__original,
dico_phrasis_0002432__es-en__original,
dico_phrasis_0002432__es-eu__original,
dico_phrasis_0002432__eu-en__original,
dico_phrasis_0002432__eu-es__original,
dico_phrasis_0002433__en-es__original,
dico_phrasis_0002433__en-eu__original,
dico_phrasis_0002433__es-en__original,
dico_phrasis_0002433__es-eu__original,
dico_phrasis_0002433__eu-en__original,
dico_phrasis_0002433__eu-es__original,
dico_phrasis_0002439__en-es__original,
dico_phrasis_0002439__en-eu__original,
dico_phrasis_0002439__es-en__original,
dico_phrasis_0002439__es-eu__original,
dico_phrasis_0002439__eu-en__original,
dico_phrasis_0002439__eu-es__original,
dico_phrasis_0002440__en-es__original,
dico_phrasis_0002440__en-eu__original,
dico_phrasis_0002440__es-en__original,
dico_phrasis_0002440__es-eu__original,
dico_phrasis_0002440__eu-en__original,
dico_phrasis_0002440__eu-es__original,
dico_phrasis_0002441__en-es__original,
dico_phrasis_0002441__en-eu__original,
dico_phrasis_0002441__es-en__original,
dico_phrasis_0002441__es-eu__original,
dico_phrasis_0002441__eu-en__original,
dico_phrasis_0002441__eu-es__original,
dico_phrasis_0002445__en-es__original,
dico_phrasis_0002445__en-eu__original,
dico_phrasis_0002445__es-en__original,
dico_phrasis_0002445__es-eu__original,
dico_phrasis_0002445__eu-en__original,
dico_phrasis_0002445__eu-es__original,
dico_phrasis_0002447__en-es__original,
dico_phrasis_0002447__en-eu__original,
dico_phrasis_0002447__es-en__original,
dico_phrasis_0002447__es-eu__original,
dico_phrasis_0002447__eu-en__original,
dico_phrasis_0002447__eu-es__original,
dico_phrasis_0002450__en-es__original,
dico_phrasis_0002450__en-eu__original,
dico_phrasis_0002450__es-en__original,
dico_phrasis_0002450__es-eu__original,
dico_phrasis_0002450__eu-en__original,
dico_phrasis_0002450__eu-es__original,
dico_phrasis_0002451__en-es__original,
dico_phrasis_0002451__en-eu__original,
dico_phrasis_0002451__es-en__original,
dico_phrasis_0002451__es-eu__original,
dico_phrasis_0002451__eu-en__original,
dico_phrasis_0002451__eu-es__original,
dico_phrasis_0002453__en-es__original,
dico_phrasis_0002453__en-eu__original,
dico_phrasis_0002453__es-en__original,
dico_phrasis_0002453__es-eu__original,
dico_phrasis_0002453__eu-en__original,
dico_phrasis_0002453__eu-es__original,
dico_phrasis_0002454__en-es__original,
dico_phrasis_0002454__en-eu__original,
dico_phrasis_0002454__es-en__original,
dico_phrasis_0002454__es-eu__original,
dico_phrasis_0002454__eu-en__original,
dico_phrasis_0002454__eu-es__original,
dico_phrasis_0002456__en-es__original,
dico_phrasis_0002456__en-eu__original,
dico_phrasis_0002456__es-en__original,
dico_phrasis_0002456__es-eu__original,
dico_phrasis_0002456__eu-en__original,
dico_phrasis_0002456__eu-es__original,
dico_phrasis_0002459__en-es__original,
dico_phrasis_0002459__en-eu__original,
dico_phrasis_0002459__es-en__original,
dico_phrasis_0002459__es-eu__original,
dico_phrasis_0002459__eu-en__original,
dico_phrasis_0002459__eu-es__original,
dico_phrasis_0002460__en-es__original,
dico_phrasis_0002460__en-eu__original,
dico_phrasis_0002460__es-en__original,
dico_phrasis_0002460__es-eu__original,
dico_phrasis_0002460__eu-en__original,
dico_phrasis_0002460__eu-es__original,
dico_phrasis_0002461__en-es__original,
dico_phrasis_0002461__en-eu__original,
dico_phrasis_0002461__es-en__original,
dico_phrasis_0002461__es-eu__original,
dico_phrasis_0002461__eu-en__original,
dico_phrasis_0002461__eu-es__original,
dico_phrasis_0002468__en-es__original,
dico_phrasis_0002468__en-eu__original,
dico_phrasis_0002468__es-en__original,
dico_phrasis_0002468__es-eu__original,
dico_phrasis_0002468__eu-en__original,
dico_phrasis_0002468__eu-es__original,
dico_phrasis_0002469__en-es__original,
dico_phrasis_0002469__en-eu__original,
dico_phrasis_0002469__es-en__original,
dico_phrasis_0002469__es-eu__original,
dico_phrasis_0002469__eu-en__original,
dico_phrasis_0002469__eu-es__original,
dico_phrasis_0002472__en-es__original,
dico_phrasis_0002472__en-eu__original,
dico_phrasis_0002472__es-en__original,
dico_phrasis_0002472__es-eu__original,
dico_phrasis_0002472__eu-en__original,
dico_phrasis_0002472__eu-es__original,
dico_phrasis_0002473__en-es__original,
dico_phrasis_0002473__en-eu__original,
dico_phrasis_0002473__es-en__original,
dico_phrasis_0002473__es-eu__original,
dico_phrasis_0002473__eu-en__original,
dico_phrasis_0002473__eu-es__original,
dico_phrasis_0002474__en-es__original,
dico_phrasis_0002474__en-eu__original,
dico_phrasis_0002474__es-en__original,
dico_phrasis_0002474__es-eu__original,
dico_phrasis_0002474__eu-en__original,
dico_phrasis_0002474__eu-es__original,
dico_phrasis_0002475__en-es__original,
dico_phrasis_0002475__en-eu__original,
dico_phrasis_0002475__es-en__original,
dico_phrasis_0002475__es-eu__original,
dico_phrasis_0002475__eu-en__original,
dico_phrasis_0002475__eu-es__original,
dico_phrasis_0002476__en-es__original,
dico_phrasis_0002476__en-eu__original,
dico_phrasis_0002476__es-en__original,
dico_phrasis_0002476__es-eu__original,
dico_phrasis_0002476__eu-en__original,
dico_phrasis_0002476__eu-es__original,
dico_phrasis_0002480__en-es__original,
dico_phrasis_0002480__en-eu__original,
dico_phrasis_0002480__es-en__original,
dico_phrasis_0002480__es-eu__original,
dico_phrasis_0002480__eu-en__original,
dico_phrasis_0002480__eu-es__original,
dico_phrasis_0002484__en-es__original,
dico_phrasis_0002484__en-eu__original,
dico_phrasis_0002484__es-en__original,
dico_phrasis_0002484__es-eu__original,
dico_phrasis_0002484__eu-en__original,
dico_phrasis_0002484__eu-es__original,
dico_phrasis_0002485__en-es__original,
dico_phrasis_0002485__en-eu__original,
dico_phrasis_0002485__es-en__original,
dico_phrasis_0002485__es-eu__original,
dico_phrasis_0002485__eu-en__original,
dico_phrasis_0002485__eu-es__original,
dico_phrasis_0002489__en-es__original,
dico_phrasis_0002489__en-eu__original,
dico_phrasis_0002489__es-en__original,
dico_phrasis_0002489__es-eu__original,
dico_phrasis_0002489__eu-en__original,
dico_phrasis_0002489__eu-es__original,
dico_phrasis_0002494__en-es__original,
dico_phrasis_0002494__en-eu__original,
dico_phrasis_0002494__es-en__original,
dico_phrasis_0002494__es-eu__original,
dico_phrasis_0002494__eu-en__original,
dico_phrasis_0002494__eu-es__original,
dico_phrasis_0002496__en-es__original,
dico_phrasis_0002496__en-eu__original,
dico_phrasis_0002496__es-en__original,
dico_phrasis_0002496__es-eu__original,
dico_phrasis_0002496__eu-en__original,
dico_phrasis_0002496__eu-es__original,
dico_phrasis_0002501__en-es__original,
dico_phrasis_0002501__en-eu__original,
dico_phrasis_0002501__es-en__original,
dico_phrasis_0002501__es-eu__original,
dico_phrasis_0002501__eu-en__original,
dico_phrasis_0002501__eu-es__original,
dico_phrasis_0002502__en-es__original,
dico_phrasis_0002502__en-eu__original,
dico_phrasis_0002502__es-en__original,
dico_phrasis_0002502__es-eu__original,
dico_phrasis_0002502__eu-en__original,
dico_phrasis_0002502__eu-es__original,
dico_phrasis_0002504__en-es__original,
dico_phrasis_0002504__en-eu__original,
dico_phrasis_0002504__es-en__original,
dico_phrasis_0002504__es-eu__original,
dico_phrasis_0002504__eu-en__original,
dico_phrasis_0002504__eu-es__original,
dico_phrasis_0002507__en-es__original,
dico_phrasis_0002507__en-eu__original,
dico_phrasis_0002507__es-en__original,
dico_phrasis_0002507__es-eu__original,
dico_phrasis_0002507__eu-en__original,
dico_phrasis_0002507__eu-es__original,
dico_phrasis_0002508__en-es__original,
dico_phrasis_0002508__en-eu__original,
dico_phrasis_0002508__es-en__original,
dico_phrasis_0002508__es-eu__original,
dico_phrasis_0002508__eu-en__original,
dico_phrasis_0002508__eu-es__original,
dico_phrasis_0002509__en-es__original,
dico_phrasis_0002509__en-eu__original,
dico_phrasis_0002509__es-en__original,
dico_phrasis_0002509__es-eu__original,
dico_phrasis_0002509__eu-en__original,
dico_phrasis_0002509__eu-es__original,
dico_phrasis_0002511__en-es__original,
dico_phrasis_0002511__en-eu__original,
dico_phrasis_0002511__es-en__original,
dico_phrasis_0002511__es-eu__original,
dico_phrasis_0002511__eu-en__original,
dico_phrasis_0002511__eu-es__original,
dico_phrasis_0002517__en-es__original,
dico_phrasis_0002517__en-eu__original,
dico_phrasis_0002517__es-en__original,
dico_phrasis_0002517__es-eu__original,
dico_phrasis_0002517__eu-en__original,
dico_phrasis_0002517__eu-es__original,
dico_phrasis_0002518__en-es__original,
dico_phrasis_0002518__en-eu__original,
dico_phrasis_0002518__es-en__original,
dico_phrasis_0002518__es-eu__original,
dico_phrasis_0002518__eu-en__original,
dico_phrasis_0002518__eu-es__original,
dico_phrasis_0002522__en-es__original,
dico_phrasis_0002522__en-eu__original,
dico_phrasis_0002522__es-en__original,
dico_phrasis_0002522__es-eu__original,
dico_phrasis_0002522__eu-en__original,
dico_phrasis_0002522__eu-es__original,
dico_phrasis_0002524__en-es__original,
dico_phrasis_0002524__en-eu__original,
dico_phrasis_0002524__es-en__original,
dico_phrasis_0002524__es-eu__original,
dico_phrasis_0002524__eu-en__original,
dico_phrasis_0002524__eu-es__original,
dico_phrasis_0002525__en-es__original,
dico_phrasis_0002525__en-eu__original,
dico_phrasis_0002525__es-en__original,
dico_phrasis_0002525__es-eu__original,
dico_phrasis_0002525__eu-en__original,
dico_phrasis_0002525__eu-es__original,
dico_phrasis_0002529__en-es__original,
dico_phrasis_0002529__en-eu__original,
dico_phrasis_0002529__es-en__original,
dico_phrasis_0002529__es-eu__original,
dico_phrasis_0002529__eu-en__original,
dico_phrasis_0002529__eu-es__original,
dico_phrasis_0002530__en-es__original,
dico_phrasis_0002530__en-eu__original,
dico_phrasis_0002530__es-en__original,
dico_phrasis_0002530__es-eu__original,
dico_phrasis_0002530__eu-en__original,
dico_phrasis_0002530__eu-es__original,
dico_phrasis_0002535__en-es__original,
dico_phrasis_0002535__en-eu__original,
dico_phrasis_0002535__es-en__original,
dico_phrasis_0002535__es-eu__original,
dico_phrasis_0002535__eu-en__original,
dico_phrasis_0002535__eu-es__original,
dico_phrasis_0002537__en-es__original,
dico_phrasis_0002537__en-eu__original,
dico_phrasis_0002537__es-en__original,
dico_phrasis_0002537__es-eu__original,
dico_phrasis_0002537__eu-en__original,
dico_phrasis_0002537__eu-es__original,
dico_phrasis_0002538__en-es__original,
dico_phrasis_0002538__en-eu__original,
dico_phrasis_0002538__es-en__original,
dico_phrasis_0002538__es-eu__original,
dico_phrasis_0002538__eu-en__original,
dico_phrasis_0002538__eu-es__original,
dico_phrasis_0002539__en-es__original,
dico_phrasis_0002539__en-eu__original,
dico_phrasis_0002539__es-en__original,
dico_phrasis_0002539__es-eu__original,
dico_phrasis_0002539__eu-en__original,
dico_phrasis_0002539__eu-es__original,
dico_phrasis_0002540__en-es__original,
dico_phrasis_0002540__en-eu__original,
dico_phrasis_0002540__es-en__original,
dico_phrasis_0002540__es-eu__original,
dico_phrasis_0002540__eu-en__original,
dico_phrasis_0002540__eu-es__original,
dico_phrasis_0002541__en-es__original,
dico_phrasis_0002541__en-eu__original,
dico_phrasis_0002541__es-en__original,
dico_phrasis_0002541__es-eu__original,
dico_phrasis_0002541__eu-en__original,
dico_phrasis_0002541__eu-es__original,
dico_phrasis_0002543__en-es__original,
dico_phrasis_0002543__en-eu__original,
dico_phrasis_0002543__es-en__original,
dico_phrasis_0002543__es-eu__original,
dico_phrasis_0002543__eu-en__original,
dico_phrasis_0002543__eu-es__original,
dico_phrasis_0002545__en-es__original,
dico_phrasis_0002545__en-eu__original,
dico_phrasis_0002545__es-en__original,
dico_phrasis_0002545__es-eu__original,
dico_phrasis_0002545__eu-en__original,
dico_phrasis_0002545__eu-es__original,
dico_phrasis_0002546__en-es__original,
dico_phrasis_0002546__en-eu__original,
dico_phrasis_0002546__es-en__original,
dico_phrasis_0002546__es-eu__original,
dico_phrasis_0002546__eu-en__original,
dico_phrasis_0002546__eu-es__original,
dico_phrasis_0002547__en-es__original,
dico_phrasis_0002547__en-eu__original,
dico_phrasis_0002547__es-en__original,
dico_phrasis_0002547__es-eu__original,
dico_phrasis_0002547__eu-en__original,
dico_phrasis_0002547__eu-es__original,
dico_phrasis_0002552__en-es__original,
dico_phrasis_0002552__en-eu__original,
dico_phrasis_0002552__es-en__original,
dico_phrasis_0002552__es-eu__original,
dico_phrasis_0002552__eu-en__original,
dico_phrasis_0002552__eu-es__original,
dico_phrasis_0002553__en-es__original,
dico_phrasis_0002553__en-eu__original,
dico_phrasis_0002553__es-en__original,
dico_phrasis_0002553__es-eu__original,
dico_phrasis_0002553__eu-en__original,
dico_phrasis_0002553__eu-es__original,
dico_phrasis_0002555__en-es__original,
dico_phrasis_0002555__en-eu__original,
dico_phrasis_0002555__es-en__original,
dico_phrasis_0002555__es-eu__original,
dico_phrasis_0002555__eu-en__original,
dico_phrasis_0002555__eu-es__original,
dico_phrasis_0002556__en-es__original,
dico_phrasis_0002556__en-eu__original,
dico_phrasis_0002556__es-en__original,
dico_phrasis_0002556__es-eu__original,
dico_phrasis_0002556__eu-en__original,
dico_phrasis_0002556__eu-es__original,
dico_phrasis_0002557__en-es__original,
dico_phrasis_0002557__en-eu__original,
dico_phrasis_0002557__es-en__original,
dico_phrasis_0002557__es-eu__original,
dico_phrasis_0002557__eu-en__original,
dico_phrasis_0002557__eu-es__original,
dico_phrasis_0002558__en-es__original,
dico_phrasis_0002558__en-eu__original,
dico_phrasis_0002558__es-en__original,
dico_phrasis_0002558__es-eu__original,
dico_phrasis_0002558__eu-en__original,
dico_phrasis_0002558__eu-es__original,
dico_phrasis_0002561__en-es__original,
dico_phrasis_0002561__en-eu__original,
dico_phrasis_0002561__es-en__original,
dico_phrasis_0002561__es-eu__original,
dico_phrasis_0002561__eu-en__original,
dico_phrasis_0002561__eu-es__original,
dico_phrasis_0002565__en-es__original,
dico_phrasis_0002565__en-eu__original,
dico_phrasis_0002565__es-en__original,
dico_phrasis_0002565__es-eu__original,
dico_phrasis_0002565__eu-en__original,
dico_phrasis_0002565__eu-es__original,
dico_phrasis_0002568__en-es__original,
dico_phrasis_0002568__en-eu__original,
dico_phrasis_0002568__es-en__original,
dico_phrasis_0002568__es-eu__original,
dico_phrasis_0002568__eu-en__original,
dico_phrasis_0002568__eu-es__original,
dico_phrasis_0002571__en-es__original,
dico_phrasis_0002571__en-eu__original,
dico_phrasis_0002571__es-en__original,
dico_phrasis_0002571__es-eu__original,
dico_phrasis_0002571__eu-en__original,
dico_phrasis_0002571__eu-es__original,
dico_phrasis_0002572__en-es__original,
dico_phrasis_0002572__en-eu__original,
dico_phrasis_0002572__es-en__original,
dico_phrasis_0002572__es-eu__original,
dico_phrasis_0002572__eu-en__original,
dico_phrasis_0002572__eu-es__original,
dico_phrasis_0002575__en-es__original,
dico_phrasis_0002575__en-eu__original,
dico_phrasis_0002575__es-en__original,
dico_phrasis_0002575__es-eu__original,
dico_phrasis_0002575__eu-en__original,
dico_phrasis_0002575__eu-es__original,
dico_phrasis_0002577__en-es__original,
dico_phrasis_0002577__en-eu__original,
dico_phrasis_0002577__es-en__original,
dico_phrasis_0002577__es-eu__original,
dico_phrasis_0002577__eu-en__original,
dico_phrasis_0002577__eu-es__original,
dico_phrasis_0002578__en-es__original,
dico_phrasis_0002578__en-eu__original,
dico_phrasis_0002578__es-en__original,
dico_phrasis_0002578__es-eu__original,
dico_phrasis_0002578__eu-en__original,
dico_phrasis_0002578__eu-es__original,
dico_phrasis_0002579__en-es__original,
dico_phrasis_0002579__en-eu__original,
dico_phrasis_0002579__es-en__original,
dico_phrasis_0002579__es-eu__original,
dico_phrasis_0002579__eu-en__original,
dico_phrasis_0002579__eu-es__original,
dico_phrasis_0002585__en-es__original,
dico_phrasis_0002585__en-eu__original,
dico_phrasis_0002585__es-en__original,
dico_phrasis_0002585__es-eu__original,
dico_phrasis_0002585__eu-en__original,
dico_phrasis_0002585__eu-es__original,
dico_phrasis_0002592__en-es__original,
dico_phrasis_0002592__en-eu__original,
dico_phrasis_0002592__es-en__original,
dico_phrasis_0002592__es-eu__original,
dico_phrasis_0002592__eu-en__original,
dico_phrasis_0002592__eu-es__original,
dico_phrasis_0002593__en-es__original,
dico_phrasis_0002593__en-eu__original,
dico_phrasis_0002593__es-en__original,
dico_phrasis_0002593__es-eu__original,
dico_phrasis_0002593__eu-en__original,
dico_phrasis_0002593__eu-es__original,
dico_phrasis_0002594__en-es__original,
dico_phrasis_0002594__en-eu__original,
dico_phrasis_0002594__es-en__original,
dico_phrasis_0002594__es-eu__original,
dico_phrasis_0002594__eu-en__original,
dico_phrasis_0002594__eu-es__original,
dico_phrasis_0002598__en-es__original,
dico_phrasis_0002598__en-eu__original,
dico_phrasis_0002598__es-en__original,
dico_phrasis_0002598__es-eu__original,
dico_phrasis_0002598__eu-en__original,
dico_phrasis_0002598__eu-es__original,
dico_phrasis_0002603__en-es__original,
dico_phrasis_0002603__en-eu__original,
dico_phrasis_0002603__es-en__original,
dico_phrasis_0002603__es-eu__original,
dico_phrasis_0002603__eu-en__original,
dico_phrasis_0002603__eu-es__original,
dico_phrasis_0002604__en-es__original,
dico_phrasis_0002604__en-eu__original,
dico_phrasis_0002604__es-en__original,
dico_phrasis_0002604__es-eu__original,
dico_phrasis_0002604__eu-en__original,
dico_phrasis_0002604__eu-es__original,
dico_phrasis_0002605__en-es__original,
dico_phrasis_0002605__en-eu__original,
dico_phrasis_0002605__es-en__original,
dico_phrasis_0002605__es-eu__original,
dico_phrasis_0002605__eu-en__original,
dico_phrasis_0002605__eu-es__original,
dico_phrasis_0002606__en-es__original,
dico_phrasis_0002606__en-eu__original,
dico_phrasis_0002606__es-en__original,
dico_phrasis_0002606__es-eu__original,
dico_phrasis_0002606__eu-en__original,
dico_phrasis_0002606__eu-es__original,
dico_phrasis_0002609__en-es__original,
dico_phrasis_0002609__en-eu__original,
dico_phrasis_0002609__es-en__original,
dico_phrasis_0002609__es-eu__original,
dico_phrasis_0002609__eu-en__original,
dico_phrasis_0002609__eu-es__original,
dico_phrasis_0002621__en-es__original,
dico_phrasis_0002621__en-eu__original,
dico_phrasis_0002621__es-en__original,
dico_phrasis_0002621__es-eu__original,
dico_phrasis_0002621__eu-en__original,
dico_phrasis_0002621__eu-es__original,
dico_phrasis_0002626__en-es__original,
dico_phrasis_0002626__en-eu__original,
dico_phrasis_0002626__es-en__original,
dico_phrasis_0002626__es-eu__original,
dico_phrasis_0002626__eu-en__original,
dico_phrasis_0002626__eu-es__original,
dico_phrasis_0002628__en-es__original,
dico_phrasis_0002628__en-eu__original,
dico_phrasis_0002628__es-en__original,
dico_phrasis_0002628__es-eu__original,
dico_phrasis_0002628__eu-en__original,
dico_phrasis_0002628__eu-es__original,
dico_phrasis_0002631__en-es__original,
dico_phrasis_0002631__en-eu__original,
dico_phrasis_0002631__es-en__original,
dico_phrasis_0002631__es-eu__original,
dico_phrasis_0002631__eu-en__original,
dico_phrasis_0002631__eu-es__original,
dico_phrasis_0002633__en-es__original,
dico_phrasis_0002633__en-eu__original,
dico_phrasis_0002633__es-en__original,
dico_phrasis_0002633__es-eu__original,
dico_phrasis_0002633__eu-en__original,
dico_phrasis_0002633__eu-es__original,
dico_phrasis_0002637__en-es__original,
dico_phrasis_0002637__en-eu__original,
dico_phrasis_0002637__es-en__original,
dico_phrasis_0002637__es-eu__original,
dico_phrasis_0002637__eu-en__original,
dico_phrasis_0002637__eu-es__original,
dico_phrasis_0002638__en-es__original,
dico_phrasis_0002638__en-eu__original,
dico_phrasis_0002638__es-en__original,
dico_phrasis_0002638__es-eu__original,
dico_phrasis_0002638__eu-en__original,
dico_phrasis_0002638__eu-es__original,
dico_phrasis_0002642__en-es__original,
dico_phrasis_0002642__en-eu__original,
dico_phrasis_0002642__es-en__original,
dico_phrasis_0002642__es-eu__original,
dico_phrasis_0002642__eu-en__original,
dico_phrasis_0002642__eu-es__original,
dico_phrasis_0002643__en-es__original,
dico_phrasis_0002643__en-eu__original,
dico_phrasis_0002643__es-en__original,
dico_phrasis_0002643__es-eu__original,
dico_phrasis_0002643__eu-en__original,
dico_phrasis_0002643__eu-es__original,
dico_phrasis_0002646__en-es__original,
dico_phrasis_0002646__en-eu__original,
dico_phrasis_0002646__es-en__original,
dico_phrasis_0002646__es-eu__original,
dico_phrasis_0002646__eu-en__original,
dico_phrasis_0002646__eu-es__original,
dico_phrasis_0002647__en-es__original,
dico_phrasis_0002647__en-eu__original,
dico_phrasis_0002647__es-en__original,
dico_phrasis_0002647__es-eu__original,
dico_phrasis_0002647__eu-en__original,
dico_phrasis_0002647__eu-es__original,
dico_phrasis_0002649__en-es__original,
dico_phrasis_0002649__en-eu__original,
dico_phrasis_0002649__es-en__original,
dico_phrasis_0002649__es-eu__original,
dico_phrasis_0002649__eu-en__original,
dico_phrasis_0002649__eu-es__original,
dico_phrasis_0002650__en-es__original,
dico_phrasis_0002650__en-eu__original,
dico_phrasis_0002650__es-en__original,
dico_phrasis_0002650__es-eu__original,
dico_phrasis_0002650__eu-en__original,
dico_phrasis_0002650__eu-es__original,
dico_phrasis_0002652__en-es__original,
dico_phrasis_0002652__en-eu__original,
dico_phrasis_0002652__es-en__original,
dico_phrasis_0002652__es-eu__original,
dico_phrasis_0002652__eu-en__original,
dico_phrasis_0002652__eu-es__original,
dico_phrasis_0002655__en-es__original,
dico_phrasis_0002655__en-eu__original,
dico_phrasis_0002655__es-en__original,
dico_phrasis_0002655__es-eu__original,
dico_phrasis_0002655__eu-en__original,
dico_phrasis_0002655__eu-es__original,
dico_phrasis_0002656__en-es__original,
dico_phrasis_0002656__en-eu__original,
dico_phrasis_0002656__es-en__original,
dico_phrasis_0002656__es-eu__original,
dico_phrasis_0002656__eu-en__original,
dico_phrasis_0002656__eu-es__original,
dico_phrasis_0002657__en-es__original,
dico_phrasis_0002657__en-eu__original,
dico_phrasis_0002657__es-en__original,
dico_phrasis_0002657__es-eu__original,
dico_phrasis_0002657__eu-en__original,
dico_phrasis_0002657__eu-es__original,
dico_phrasis_0002658__en-es__original,
dico_phrasis_0002658__en-eu__original,
dico_phrasis_0002658__es-en__original,
dico_phrasis_0002658__es-eu__original,
dico_phrasis_0002658__eu-en__original,
dico_phrasis_0002658__eu-es__original,
dico_phrasis_0002659__en-es__original,
dico_phrasis_0002659__en-eu__original,
dico_phrasis_0002659__es-en__original,
dico_phrasis_0002659__es-eu__original,
dico_phrasis_0002659__eu-en__original,
dico_phrasis_0002659__eu-es__original,
dico_phrasis_0002660__en-es__original,
dico_phrasis_0002660__en-eu__original,
dico_phrasis_0002660__es-en__original,
dico_phrasis_0002660__es-eu__original,
dico_phrasis_0002660__eu-en__original,
dico_phrasis_0002660__eu-es__original,
dico_phrasis_0002661__en-es__original,
dico_phrasis_0002661__en-eu__original,
dico_phrasis_0002661__es-en__original,
dico_phrasis_0002661__es-eu__original,
dico_phrasis_0002661__eu-en__original,
dico_phrasis_0002661__eu-es__original,
dico_phrasis_0002662__en-es__original,
dico_phrasis_0002662__en-eu__original,
dico_phrasis_0002662__es-en__original,
dico_phrasis_0002662__es-eu__original,
dico_phrasis_0002662__eu-en__original,
dico_phrasis_0002662__eu-es__original,
dico_phrasis_0002663__en-es__original,
dico_phrasis_0002663__en-eu__original,
dico_phrasis_0002663__es-en__original,
dico_phrasis_0002663__es-eu__original,
dico_phrasis_0002663__eu-en__original,
dico_phrasis_0002663__eu-es__original,
dico_phrasis_0002664__en-es__original,
dico_phrasis_0002664__en-eu__original,
dico_phrasis_0002664__es-en__original,
dico_phrasis_0002664__es-eu__original,
dico_phrasis_0002664__eu-en__original,
dico_phrasis_0002664__eu-es__original,
dico_phrasis_0002667__en-es__original,
dico_phrasis_0002667__en-eu__original,
dico_phrasis_0002667__es-en__original,
dico_phrasis_0002667__es-eu__original,
dico_phrasis_0002667__eu-en__original,
dico_phrasis_0002667__eu-es__original,
dico_phrasis_0002673__en-es__original,
dico_phrasis_0002673__en-eu__original,
dico_phrasis_0002673__es-en__original,
dico_phrasis_0002673__es-eu__original,
dico_phrasis_0002673__eu-en__original,
dico_phrasis_0002673__eu-es__original,
dico_phrasis_0002674__en-es__original,
dico_phrasis_0002674__en-eu__original,
dico_phrasis_0002674__es-en__original,
dico_phrasis_0002674__es-eu__original,
dico_phrasis_0002674__eu-en__original,
dico_phrasis_0002674__eu-es__original,
dico_phrasis_0002677__en-es__original,
dico_phrasis_0002677__en-eu__original,
dico_phrasis_0002677__es-en__original,
dico_phrasis_0002677__es-eu__original,
dico_phrasis_0002677__eu-en__original,
dico_phrasis_0002677__eu-es__original,
dico_phrasis_0002678__en-es__original,
dico_phrasis_0002678__en-eu__original,
dico_phrasis_0002678__es-en__original,
dico_phrasis_0002678__es-eu__original,
dico_phrasis_0002678__eu-en__original,
dico_phrasis_0002678__eu-es__original,
dico_phrasis_0002680__en-es__original,
dico_phrasis_0002680__en-eu__original,
dico_phrasis_0002680__es-en__original,
dico_phrasis_0002680__es-eu__original,
dico_phrasis_0002680__eu-en__original,
dico_phrasis_0002680__eu-es__original,
dico_phrasis_0002681__en-es__original,
dico_phrasis_0002681__en-eu__original,
dico_phrasis_0002681__es-en__original,
dico_phrasis_0002681__es-eu__original,
dico_phrasis_0002681__eu-en__original,
dico_phrasis_0002681__eu-es__original,
dico_phrasis_0002684__en-es__original,
dico_phrasis_0002684__en-eu__original,
dico_phrasis_0002684__es-en__original,
dico_phrasis_0002684__es-eu__original,
dico_phrasis_0002684__eu-en__original,
dico_phrasis_0002684__eu-es__original,
dico_phrasis_0002685__en-es__original,
dico_phrasis_0002685__en-eu__original,
dico_phrasis_0002685__es-en__original,
dico_phrasis_0002685__es-eu__original,
dico_phrasis_0002685__eu-en__original,
dico_phrasis_0002685__eu-es__original,
dico_phrasis_0002689__en-es__original,
dico_phrasis_0002689__en-eu__original,
dico_phrasis_0002689__es-en__original,
dico_phrasis_0002689__es-eu__original,
dico_phrasis_0002689__eu-en__original,
dico_phrasis_0002689__eu-es__original,
dico_phrasis_0002691__en-es__original,
dico_phrasis_0002691__en-eu__original,
dico_phrasis_0002691__es-en__original,
dico_phrasis_0002691__es-eu__original,
dico_phrasis_0002691__eu-en__original,
dico_phrasis_0002691__eu-es__original,
dico_phrasis_0002697__en-es__original,
dico_phrasis_0002697__en-eu__original,
dico_phrasis_0002697__es-en__original,
dico_phrasis_0002697__es-eu__original,
dico_phrasis_0002697__eu-en__original,
dico_phrasis_0002697__eu-es__original,
dico_phrasis_0002701__en-es__original,
dico_phrasis_0002701__en-eu__original,
dico_phrasis_0002701__es-en__original,
dico_phrasis_0002701__es-eu__original,
dico_phrasis_0002701__eu-en__original,
dico_phrasis_0002701__eu-es__original,
dico_phrasis_0002702__en-es__original,
dico_phrasis_0002702__en-eu__original,
dico_phrasis_0002702__es-en__original,
dico_phrasis_0002702__es-eu__original,
dico_phrasis_0002702__eu-en__original,
dico_phrasis_0002702__eu-es__original,
dico_phrasis_0002705__en-es__original,
dico_phrasis_0002705__en-eu__original,
dico_phrasis_0002705__es-en__original,
dico_phrasis_0002705__es-eu__original,
dico_phrasis_0002705__eu-en__original,
dico_phrasis_0002705__eu-es__original,
dico_phrasis_0002707__en-es__original,
dico_phrasis_0002707__en-eu__original,
dico_phrasis_0002707__es-en__original,
dico_phrasis_0002707__es-eu__original,
dico_phrasis_0002707__eu-en__original,
dico_phrasis_0002707__eu-es__original,
dico_phrasis_0002709__en-es__original,
dico_phrasis_0002709__en-eu__original,
dico_phrasis_0002709__es-en__original,
dico_phrasis_0002709__es-eu__original,
dico_phrasis_0002709__eu-en__original,
dico_phrasis_0002709__eu-es__original,
dico_phrasis_0002710__en-es__original,
dico_phrasis_0002710__en-eu__original,
dico_phrasis_0002710__es-en__original,
dico_phrasis_0002710__es-eu__original,
dico_phrasis_0002710__eu-en__original,
dico_phrasis_0002710__eu-es__original,
dico_phrasis_0002713__en-es__original,
dico_phrasis_0002713__en-eu__original,
dico_phrasis_0002713__es-en__original,
dico_phrasis_0002713__es-eu__original,
dico_phrasis_0002713__eu-en__original,
dico_phrasis_0002713__eu-es__original,
dico_phrasis_0002714__en-es__original,
dico_phrasis_0002714__en-eu__original,
dico_phrasis_0002714__es-en__original,
dico_phrasis_0002714__es-eu__original,
dico_phrasis_0002714__eu-en__original,
dico_phrasis_0002714__eu-es__original,
dico_phrasis_0002717__en-es__original,
dico_phrasis_0002717__en-eu__original,
dico_phrasis_0002717__es-en__original,
dico_phrasis_0002717__es-eu__original,
dico_phrasis_0002717__eu-en__original,
dico_phrasis_0002717__eu-es__original,
dico_phrasis_0002718__en-es__original,
dico_phrasis_0002718__en-eu__original,
dico_phrasis_0002718__es-en__original,
dico_phrasis_0002718__es-eu__original,
dico_phrasis_0002718__eu-en__original,
dico_phrasis_0002718__eu-es__original,
dico_phrasis_0002720__en-es__original,
dico_phrasis_0002720__en-eu__original,
dico_phrasis_0002720__es-en__original,
dico_phrasis_0002720__es-eu__original,
dico_phrasis_0002720__eu-en__original,
dico_phrasis_0002720__eu-es__original,
dico_phrasis_0002723__en-es__original,
dico_phrasis_0002723__en-eu__original,
dico_phrasis_0002723__es-en__original,
dico_phrasis_0002723__es-eu__original,
dico_phrasis_0002723__eu-en__original,
dico_phrasis_0002723__eu-es__original,
dico_phrasis_0002727__en-es__original,
dico_phrasis_0002727__en-eu__original,
dico_phrasis_0002727__es-en__original,
dico_phrasis_0002727__es-eu__original,
dico_phrasis_0002727__eu-en__original,
dico_phrasis_0002727__eu-es__original,
dico_phrasis_0002728__en-es__original,
dico_phrasis_0002728__en-eu__original,
dico_phrasis_0002728__es-en__original,
dico_phrasis_0002728__es-eu__original,
dico_phrasis_0002728__eu-en__original,
dico_phrasis_0002728__eu-es__original,
dico_phrasis_0002730__en-es__original,
dico_phrasis_0002730__en-eu__original,
dico_phrasis_0002730__es-en__original,
dico_phrasis_0002730__es-eu__original,
dico_phrasis_0002730__eu-en__original,
dico_phrasis_0002730__eu-es__original,
dico_phrasis_0002735__en-es__original,
dico_phrasis_0002735__en-eu__original,
dico_phrasis_0002735__es-en__original,
dico_phrasis_0002735__es-eu__original,
dico_phrasis_0002735__eu-en__original,
dico_phrasis_0002735__eu-es__original,
dico_phrasis_0002742__en-es__original,
dico_phrasis_0002742__en-eu__original,
dico_phrasis_0002742__es-en__original,
dico_phrasis_0002742__es-eu__original,
dico_phrasis_0002742__eu-en__original,
dico_phrasis_0002742__eu-es__original,
dico_phrasis_0002743__en-es__original,
dico_phrasis_0002743__en-eu__original,
dico_phrasis_0002743__es-en__original,
dico_phrasis_0002743__es-eu__original,
dico_phrasis_0002743__eu-en__original,
dico_phrasis_0002743__eu-es__original,
dico_phrasis_0002745__en-es__original,
dico_phrasis_0002745__en-eu__original,
dico_phrasis_0002745__es-en__original,
dico_phrasis_0002745__es-eu__original,
dico_phrasis_0002745__eu-en__original,
dico_phrasis_0002745__eu-es__original,
dico_phrasis_0002746__en-es__original,
dico_phrasis_0002746__en-eu__original,
dico_phrasis_0002746__es-en__original,
dico_phrasis_0002746__es-eu__original,
dico_phrasis_0002746__eu-en__original,
dico_phrasis_0002746__eu-es__original,
dico_phrasis_0002748__en-es__original,
dico_phrasis_0002748__en-eu__original,
dico_phrasis_0002748__es-en__original,
dico_phrasis_0002748__es-eu__original,
dico_phrasis_0002748__eu-en__original,
dico_phrasis_0002748__eu-es__original,
dico_phrasis_0002749__en-es__original,
dico_phrasis_0002749__en-eu__original,
dico_phrasis_0002749__es-en__original,
dico_phrasis_0002749__es-eu__original,
dico_phrasis_0002749__eu-en__original,
dico_phrasis_0002749__eu-es__original,
dico_phrasis_0002752__en-es__original,
dico_phrasis_0002752__en-eu__original,
dico_phrasis_0002752__es-en__original,
dico_phrasis_0002752__es-eu__original,
dico_phrasis_0002752__eu-en__original,
dico_phrasis_0002752__eu-es__original,
dico_phrasis_0002758__en-es__original,
dico_phrasis_0002758__en-eu__original,
dico_phrasis_0002758__es-en__original,
dico_phrasis_0002758__es-eu__original,
dico_phrasis_0002758__eu-en__original,
dico_phrasis_0002758__eu-es__original,
dico_phrasis_0002759__en-es__original,
dico_phrasis_0002759__en-eu__original,
dico_phrasis_0002759__es-en__original,
dico_phrasis_0002759__es-eu__original,
dico_phrasis_0002759__eu-en__original,
dico_phrasis_0002759__eu-es__original,
dico_phrasis_0002760__en-es__original,
dico_phrasis_0002760__en-eu__original,
dico_phrasis_0002760__es-en__original,
dico_phrasis_0002760__es-eu__original,
dico_phrasis_0002760__eu-en__original,
dico_phrasis_0002760__eu-es__original,
dico_phrasis_0002761__en-es__original,
dico_phrasis_0002761__en-eu__original,
dico_phrasis_0002761__es-en__original,
dico_phrasis_0002761__es-eu__original,
dico_phrasis_0002761__eu-en__original,
dico_phrasis_0002761__eu-es__original,
dico_phrasis_0002763__en-es__original,
dico_phrasis_0002763__en-eu__original,
dico_phrasis_0002763__es-en__original,
dico_phrasis_0002763__es-eu__original,
dico_phrasis_0002763__eu-en__original,
dico_phrasis_0002763__eu-es__original,
dico_phrasis_0002769__en-es__original,
dico_phrasis_0002769__en-eu__original,
dico_phrasis_0002769__es-en__original,
dico_phrasis_0002769__es-eu__original,
dico_phrasis_0002769__eu-en__original,
dico_phrasis_0002769__eu-es__original,
dico_phrasis_0002771__en-es__original,
dico_phrasis_0002771__en-eu__original,
dico_phrasis_0002771__es-en__original,
dico_phrasis_0002771__es-eu__original,
dico_phrasis_0002771__eu-en__original,
dico_phrasis_0002771__eu-es__original,
dico_phrasis_0002773__en-es__original,
dico_phrasis_0002773__en-eu__original,
dico_phrasis_0002773__es-en__original,
dico_phrasis_0002773__es-eu__original,
dico_phrasis_0002773__eu-en__original,
dico_phrasis_0002773__eu-es__original,
dico_phrasis_0002777__en-es__original,
dico_phrasis_0002777__en-eu__original,
dico_phrasis_0002777__es-en__original,
dico_phrasis_0002777__es-eu__original,
dico_phrasis_0002777__eu-en__original,
dico_phrasis_0002777__eu-es__original,
dico_phrasis_0002780__en-es__original,
dico_phrasis_0002780__en-eu__original,
dico_phrasis_0002780__es-en__original,
dico_phrasis_0002780__es-eu__original,
dico_phrasis_0002780__eu-en__original,
dico_phrasis_0002780__eu-es__original,
dico_phrasis_0002783__en-es__original,
dico_phrasis_0002783__en-eu__original,
dico_phrasis_0002783__es-en__original,
dico_phrasis_0002783__es-eu__original,
dico_phrasis_0002783__eu-en__original,
dico_phrasis_0002783__eu-es__original,
dico_phrasis_0002785__en-es__original,
dico_phrasis_0002785__en-eu__original,
dico_phrasis_0002785__es-en__original,
dico_phrasis_0002785__es-eu__original,
dico_phrasis_0002785__eu-en__original,
dico_phrasis_0002785__eu-es__original,
dico_phrasis_0002786__en-es__original,
dico_phrasis_0002786__en-eu__original,
dico_phrasis_0002786__es-en__original,
dico_phrasis_0002786__es-eu__original,
dico_phrasis_0002786__eu-en__original,
dico_phrasis_0002786__eu-es__original,
dico_phrasis_0002788__en-es__original,
dico_phrasis_0002788__en-eu__original,
dico_phrasis_0002788__es-en__original,
dico_phrasis_0002788__es-eu__original,
dico_phrasis_0002788__eu-en__original,
dico_phrasis_0002788__eu-es__original,
dico_phrasis_0002791__en-es__original,
dico_phrasis_0002791__en-eu__original,
dico_phrasis_0002791__es-en__original,
dico_phrasis_0002791__es-eu__original,
dico_phrasis_0002791__eu-en__original,
dico_phrasis_0002791__eu-es__original,
dico_phrasis_0002795__en-es__original,
dico_phrasis_0002795__en-eu__original,
dico_phrasis_0002795__es-en__original,
dico_phrasis_0002795__es-eu__original,
dico_phrasis_0002795__eu-en__original,
dico_phrasis_0002795__eu-es__original,
dico_phrasis_0002797__en-es__original,
dico_phrasis_0002797__en-eu__original,
dico_phrasis_0002797__es-en__original,
dico_phrasis_0002797__es-eu__original,
dico_phrasis_0002797__eu-en__original,
dico_phrasis_0002797__eu-es__original,
dico_phrasis_0002799__en-es__original,
dico_phrasis_0002799__en-eu__original,
dico_phrasis_0002799__es-en__original,
dico_phrasis_0002799__es-eu__original,
dico_phrasis_0002799__eu-en__original,
dico_phrasis_0002799__eu-es__original,
dico_phrasis_0002800__en-es__original,
dico_phrasis_0002800__en-eu__original,
dico_phrasis_0002800__es-en__original,
dico_phrasis_0002800__es-eu__original,
dico_phrasis_0002800__eu-en__original,
dico_phrasis_0002800__eu-es__original,
dico_phrasis_0002802__en-es__original,
dico_phrasis_0002802__en-eu__original,
dico_phrasis_0002802__es-en__original,
dico_phrasis_0002802__es-eu__original,
dico_phrasis_0002802__eu-en__original,
dico_phrasis_0002802__eu-es__original,
dico_phrasis_0002803__en-es__original,
dico_phrasis_0002803__en-eu__original,
dico_phrasis_0002803__es-en__original,
dico_phrasis_0002803__es-eu__original,
dico_phrasis_0002803__eu-en__original,
dico_phrasis_0002803__eu-es__original,
dico_phrasis_0002805__en-es__original,
dico_phrasis_0002805__en-eu__original,
dico_phrasis_0002805__es-en__original,
dico_phrasis_0002805__es-eu__original,
dico_phrasis_0002805__eu-en__original,
dico_phrasis_0002805__eu-es__original,
dico_phrasis_0002807__en-es__original,
dico_phrasis_0002807__en-eu__original,
dico_phrasis_0002807__es-en__original,
dico_phrasis_0002807__es-eu__original,
dico_phrasis_0002807__eu-en__original,
dico_phrasis_0002807__eu-es__original,
dico_phrasis_0002808__en-es__original,
dico_phrasis_0002808__en-eu__original,
dico_phrasis_0002808__es-en__original,
dico_phrasis_0002808__es-eu__original,
dico_phrasis_0002808__eu-en__original,
dico_phrasis_0002808__eu-es__original,
dico_phrasis_0002815__en-es__original,
dico_phrasis_0002815__en-eu__original,
dico_phrasis_0002815__es-en__original,
dico_phrasis_0002815__es-eu__original,
dico_phrasis_0002815__eu-en__original,
dico_phrasis_0002815__eu-es__original,
dico_phrasis_0002817__en-es__original,
dico_phrasis_0002817__en-eu__original,
dico_phrasis_0002817__es-en__original,
dico_phrasis_0002817__es-eu__original,
dico_phrasis_0002817__eu-en__original,
dico_phrasis_0002817__eu-es__original,
dico_phrasis_0002820__en-es__original,
dico_phrasis_0002820__en-eu__original,
dico_phrasis_0002820__es-en__original,
dico_phrasis_0002820__es-eu__original,
dico_phrasis_0002820__eu-en__original,
dico_phrasis_0002820__eu-es__original,
dico_phrasis_0002831__en-es__original,
dico_phrasis_0002831__en-eu__original,
dico_phrasis_0002831__es-en__original,
dico_phrasis_0002831__es-eu__original,
dico_phrasis_0002831__eu-en__original,
dico_phrasis_0002831__eu-es__original,
dico_phrasis_0002832__en-es__original,
dico_phrasis_0002832__en-eu__original,
dico_phrasis_0002832__es-en__original,
dico_phrasis_0002832__es-eu__original,
dico_phrasis_0002832__eu-en__original,
dico_phrasis_0002832__eu-es__original,
dico_phrasis_0002833__en-es__original,
dico_phrasis_0002833__en-eu__original,
dico_phrasis_0002833__es-en__original,
dico_phrasis_0002833__es-eu__original,
dico_phrasis_0002833__eu-en__original,
dico_phrasis_0002833__eu-es__original,
dico_phrasis_0002834__en-es__original,
dico_phrasis_0002834__en-eu__original,
dico_phrasis_0002834__es-en__original,
dico_phrasis_0002834__es-eu__original,
dico_phrasis_0002834__eu-en__original,
dico_phrasis_0002834__eu-es__original,
dico_phrasis_0002836__en-es__original,
dico_phrasis_0002836__en-eu__original,
dico_phrasis_0002836__es-en__original,
dico_phrasis_0002836__es-eu__original,
dico_phrasis_0002836__eu-en__original,
dico_phrasis_0002836__eu-es__original,
dico_phrasis_0002837__en-es__original,
dico_phrasis_0002837__en-eu__original,
dico_phrasis_0002837__es-en__original,
dico_phrasis_0002837__es-eu__original,
dico_phrasis_0002837__eu-en__original,
dico_phrasis_0002837__eu-es__original,
dico_phrasis_0002849__en-es__original,
dico_phrasis_0002849__en-eu__original,
dico_phrasis_0002849__es-en__original,
dico_phrasis_0002849__es-eu__original,
dico_phrasis_0002849__eu-en__original,
dico_phrasis_0002849__eu-es__original,
dico_phrasis_0002850__en-es__original,
dico_phrasis_0002850__en-eu__original,
dico_phrasis_0002850__es-en__original,
dico_phrasis_0002850__es-eu__original,
dico_phrasis_0002850__eu-en__original,
dico_phrasis_0002850__eu-es__original,
dico_phrasis_0002852__en-es__original,
dico_phrasis_0002852__en-eu__original,
dico_phrasis_0002852__es-en__original,
dico_phrasis_0002852__es-eu__original,
dico_phrasis_0002852__eu-en__original,
dico_phrasis_0002852__eu-es__original,
dico_phrasis_0002853__en-es__original,
dico_phrasis_0002853__en-eu__original,
dico_phrasis_0002853__es-en__original,
dico_phrasis_0002853__es-eu__original,
dico_phrasis_0002853__eu-en__original,
dico_phrasis_0002853__eu-es__original,
dico_phrasis_0002854__en-es__original,
dico_phrasis_0002854__en-eu__original,
dico_phrasis_0002854__es-en__original,
dico_phrasis_0002854__es-eu__original,
dico_phrasis_0002854__eu-en__original,
dico_phrasis_0002854__eu-es__original,
dico_phrasis_0002856__en-es__original,
dico_phrasis_0002856__en-eu__original,
dico_phrasis_0002856__es-en__original,
dico_phrasis_0002856__es-eu__original,
dico_phrasis_0002856__eu-en__original,
dico_phrasis_0002856__eu-es__original,
dico_phrasis_0002861__en-es__original,
dico_phrasis_0002861__en-eu__original,
dico_phrasis_0002861__es-en__original,
dico_phrasis_0002861__es-eu__original,
dico_phrasis_0002861__eu-en__original,
dico_phrasis_0002861__eu-es__original,
dico_phrasis_0002865__en-es__original,
dico_phrasis_0002865__en-eu__original,
dico_phrasis_0002865__es-en__original,
dico_phrasis_0002865__es-eu__original,
dico_phrasis_0002865__eu-en__original,
dico_phrasis_0002865__eu-es__original,
dico_phrasis_0002869__en-es__original,
dico_phrasis_0002869__en-eu__original,
dico_phrasis_0002869__es-en__original,
dico_phrasis_0002869__es-eu__original,
dico_phrasis_0002869__eu-en__original,
dico_phrasis_0002869__eu-es__original,
dico_phrasis_0002870__en-es__original,
dico_phrasis_0002870__en-eu__original,
dico_phrasis_0002870__es-en__original,
dico_phrasis_0002870__es-eu__original,
dico_phrasis_0002870__eu-en__original,
dico_phrasis_0002870__eu-es__original,
dico_phrasis_0002871__en-es__original,
dico_phrasis_0002871__en-eu__original,
dico_phrasis_0002871__es-en__original,
dico_phrasis_0002871__es-eu__original,
dico_phrasis_0002871__eu-en__original,
dico_phrasis_0002871__eu-es__original,
dico_phrasis_0002873__en-es__original,
dico_phrasis_0002873__en-eu__original,
dico_phrasis_0002873__es-en__original,
dico_phrasis_0002873__es-eu__original,
dico_phrasis_0002873__eu-en__original,
dico_phrasis_0002873__eu-es__original,
dico_phrasis_0002877__en-es__original,
dico_phrasis_0002877__en-eu__original,
dico_phrasis_0002877__es-en__original,
dico_phrasis_0002877__es-eu__original,
dico_phrasis_0002877__eu-en__original,
dico_phrasis_0002877__eu-es__original,
dico_phrasis_0002881__en-es__original,
dico_phrasis_0002881__en-eu__original,
dico_phrasis_0002881__es-en__original,
dico_phrasis_0002881__es-eu__original,
dico_phrasis_0002881__eu-en__original,
dico_phrasis_0002881__eu-es__original,
dico_phrasis_0002883__en-es__original,
dico_phrasis_0002883__en-eu__original,
dico_phrasis_0002883__es-en__original,
dico_phrasis_0002883__es-eu__original,
dico_phrasis_0002883__eu-en__original,
dico_phrasis_0002883__eu-es__original,
dico_phrasis_0002892__en-es__original,
dico_phrasis_0002892__en-eu__original,
dico_phrasis_0002892__es-en__original,
dico_phrasis_0002892__es-eu__original,
dico_phrasis_0002892__eu-en__original,
dico_phrasis_0002892__eu-es__original,
dico_phrasis_0002894__en-es__original,
dico_phrasis_0002894__en-eu__original,
dico_phrasis_0002894__es-en__original,
dico_phrasis_0002894__es-eu__original,
dico_phrasis_0002894__eu-en__original,
dico_phrasis_0002894__eu-es__original,
dico_phrasis_0002897__en-es__original,
dico_phrasis_0002897__en-eu__original,
dico_phrasis_0002897__es-en__original,
dico_phrasis_0002897__es-eu__original,
dico_phrasis_0002897__eu-en__original,
dico_phrasis_0002897__eu-es__original,
dico_phrasis_0002899__en-es__original,
dico_phrasis_0002899__en-eu__original,
dico_phrasis_0002899__es-en__original,
dico_phrasis_0002899__es-eu__original,
dico_phrasis_0002899__eu-en__original,
dico_phrasis_0002899__eu-es__original,
dico_phrasis_0002902__en-es__original,
dico_phrasis_0002902__en-eu__original,
dico_phrasis_0002902__es-en__original,
dico_phrasis_0002902__es-eu__original,
dico_phrasis_0002902__eu-en__original,
dico_phrasis_0002902__eu-es__original,
dico_phrasis_0002904__en-es__original,
dico_phrasis_0002904__en-eu__original,
dico_phrasis_0002904__es-en__original,
dico_phrasis_0002904__es-eu__original,
dico_phrasis_0002904__eu-en__original,
dico_phrasis_0002904__eu-es__original,
dico_phrasis_0002905__en-es__original,
dico_phrasis_0002905__en-eu__original,
dico_phrasis_0002905__es-en__original,
dico_phrasis_0002905__es-eu__original,
dico_phrasis_0002905__eu-en__original,
dico_phrasis_0002905__eu-es__original,
dico_phrasis_0002907__en-es__original,
dico_phrasis_0002907__en-eu__original,
dico_phrasis_0002907__es-en__original,
dico_phrasis_0002907__es-eu__original,
dico_phrasis_0002907__eu-en__original,
dico_phrasis_0002907__eu-es__original,
dico_phrasis_0002910__en-es__original,
dico_phrasis_0002910__en-eu__original,
dico_phrasis_0002910__es-en__original,
dico_phrasis_0002910__es-eu__original,
dico_phrasis_0002910__eu-en__original,
dico_phrasis_0002910__eu-es__original,
dico_phrasis_0002911__en-es__original,
dico_phrasis_0002911__en-eu__original,
dico_phrasis_0002911__es-en__original,
dico_phrasis_0002911__es-eu__original,
dico_phrasis_0002911__eu-en__original,
dico_phrasis_0002911__eu-es__original,
dico_phrasis_0002917__en-es__original,
dico_phrasis_0002917__en-eu__original,
dico_phrasis_0002917__es-en__original,
dico_phrasis_0002917__es-eu__original,
dico_phrasis_0002917__eu-en__original,
dico_phrasis_0002917__eu-es__original,
dico_phrasis_0002918__en-es__original,
dico_phrasis_0002918__en-eu__original,
dico_phrasis_0002918__es-en__original,
dico_phrasis_0002918__es-eu__original,
dico_phrasis_0002918__eu-en__original,
dico_phrasis_0002918__eu-es__original,
dico_phrasis_0002919__en-es__original,
dico_phrasis_0002919__en-eu__original,
dico_phrasis_0002919__es-en__original,
dico_phrasis_0002919__es-eu__original,
dico_phrasis_0002919__eu-en__original,
dico_phrasis_0002919__eu-es__original,
dico_phrasis_0002921__en-es__original,
dico_phrasis_0002921__en-eu__original,
dico_phrasis_0002921__es-en__original,
dico_phrasis_0002921__es-eu__original,
dico_phrasis_0002921__eu-en__original,
dico_phrasis_0002921__eu-es__original,
dico_phrasis_0002922__en-es__original,
dico_phrasis_0002922__en-eu__original,
dico_phrasis_0002922__es-en__original,
dico_phrasis_0002922__es-eu__original,
dico_phrasis_0002922__eu-en__original,
dico_phrasis_0002922__eu-es__original,
dico_phrasis_0002924__en-es__original,
dico_phrasis_0002924__en-eu__original,
dico_phrasis_0002924__es-en__original,
dico_phrasis_0002924__es-eu__original,
dico_phrasis_0002924__eu-en__original,
dico_phrasis_0002924__eu-es__original,
dico_phrasis_0002926__en-es__original,
dico_phrasis_0002926__en-eu__original,
dico_phrasis_0002926__es-en__original,
dico_phrasis_0002926__es-eu__original,
dico_phrasis_0002926__eu-en__original,
dico_phrasis_0002926__eu-es__original,
dico_phrasis_0002929__en-es__original,
dico_phrasis_0002929__en-eu__original,
dico_phrasis_0002929__es-en__original,
dico_phrasis_0002929__es-eu__original,
dico_phrasis_0002929__eu-en__original,
dico_phrasis_0002929__eu-es__original,
dico_phrasis_0002931__en-es__original,
dico_phrasis_0002931__en-eu__original,
dico_phrasis_0002931__es-en__original,
dico_phrasis_0002931__es-eu__original,
dico_phrasis_0002931__eu-en__original,
dico_phrasis_0002931__eu-es__original,
dico_phrasis_0002932__en-es__original,
dico_phrasis_0002932__en-eu__original,
dico_phrasis_0002932__es-en__original,
dico_phrasis_0002932__es-eu__original,
dico_phrasis_0002932__eu-en__original,
dico_phrasis_0002932__eu-es__original,
dico_phrasis_0002935__en-es__original,
dico_phrasis_0002935__en-eu__original,
dico_phrasis_0002935__es-en__original,
dico_phrasis_0002935__es-eu__original,
dico_phrasis_0002935__eu-en__original,
dico_phrasis_0002935__eu-es__original,
dico_phrasis_0002936__en-es__original,
dico_phrasis_0002936__en-eu__original,
dico_phrasis_0002936__es-en__original,
dico_phrasis_0002936__es-eu__original,
dico_phrasis_0002936__eu-en__original,
dico_phrasis_0002936__eu-es__original,
dico_phrasis_0002939__en-es__original,
dico_phrasis_0002939__en-eu__original,
dico_phrasis_0002939__es-en__original,
dico_phrasis_0002939__es-eu__original,
dico_phrasis_0002939__eu-en__original,
dico_phrasis_0002939__eu-es__original,
dico_phrasis_0002940__en-es__original,
dico_phrasis_0002940__en-eu__original,
dico_phrasis_0002940__es-en__original,
dico_phrasis_0002940__es-eu__original,
dico_phrasis_0002940__eu-en__original,
dico_phrasis_0002940__eu-es__original,
dico_phrasis_0002941__en-es__original,
dico_phrasis_0002941__en-eu__original,
dico_phrasis_0002941__es-en__original,
dico_phrasis_0002941__es-eu__original,
dico_phrasis_0002941__eu-en__original,
dico_phrasis_0002941__eu-es__original,
dico_phrasis_0002944__en-es__original,
dico_phrasis_0002944__en-eu__original,
dico_phrasis_0002944__es-en__original,
dico_phrasis_0002944__es-eu__original,
dico_phrasis_0002944__eu-en__original,
dico_phrasis_0002944__eu-es__original,
dico_phrasis_0002945__en-es__original,
dico_phrasis_0002945__en-eu__original,
dico_phrasis_0002945__es-en__original,
dico_phrasis_0002945__es-eu__original,
dico_phrasis_0002945__eu-en__original,
dico_phrasis_0002945__eu-es__original,
dico_phrasis_0002953__en-es__original,
dico_phrasis_0002953__en-eu__original,
dico_phrasis_0002953__es-en__original,
dico_phrasis_0002953__es-eu__original,
dico_phrasis_0002953__eu-en__original,
dico_phrasis_0002953__eu-es__original,
dico_phrasis_0002954__en-es__original,
dico_phrasis_0002954__en-eu__original,
dico_phrasis_0002954__es-en__original,
dico_phrasis_0002954__es-eu__original,
dico_phrasis_0002954__eu-en__original,
dico_phrasis_0002954__eu-es__original,
dico_phrasis_0002955__en-es__original,
dico_phrasis_0002955__en-eu__original,
dico_phrasis_0002955__es-en__original,
dico_phrasis_0002955__es-eu__original,
dico_phrasis_0002955__eu-en__original,
dico_phrasis_0002955__eu-es__original,
dico_phrasis_0002956__en-es__original,
dico_phrasis_0002956__en-eu__original,
dico_phrasis_0002956__es-en__original,
dico_phrasis_0002956__es-eu__original,
dico_phrasis_0002956__eu-en__original,
dico_phrasis_0002956__eu-es__original,
dico_phrasis_0002957__en-es__original,
dico_phrasis_0002957__en-eu__original,
dico_phrasis_0002957__es-en__original,
dico_phrasis_0002957__es-eu__original,
dico_phrasis_0002957__eu-en__original,
dico_phrasis_0002957__eu-es__original,
dico_phrasis_0002963__en-es__original,
dico_phrasis_0002963__en-eu__original,
dico_phrasis_0002963__es-en__original,
dico_phrasis_0002963__es-eu__original,
dico_phrasis_0002963__eu-en__original,
dico_phrasis_0002963__eu-es__original,
dico_phrasis_0002965__en-es__original,
dico_phrasis_0002965__en-eu__original,
dico_phrasis_0002965__es-en__original,
dico_phrasis_0002965__es-eu__original,
dico_phrasis_0002965__eu-en__original,
dico_phrasis_0002965__eu-es__original,
dico_phrasis_0002968__en-es__original,
dico_phrasis_0002968__en-eu__original,
dico_phrasis_0002968__es-en__original,
dico_phrasis_0002968__es-eu__original,
dico_phrasis_0002968__eu-en__original,
dico_phrasis_0002968__eu-es__original,
dico_phrasis_0002970__en-es__original,
dico_phrasis_0002970__en-eu__original,
dico_phrasis_0002970__es-en__original,
dico_phrasis_0002970__es-eu__original,
dico_phrasis_0002970__eu-en__original,
dico_phrasis_0002970__eu-es__original,
dico_phrasis_0002977__en-es__original,
dico_phrasis_0002977__en-eu__original,
dico_phrasis_0002977__es-en__original,
dico_phrasis_0002977__es-eu__original,
dico_phrasis_0002977__eu-en__original,
dico_phrasis_0002977__eu-es__original,
dico_phrasis_0002982__en-es__original,
dico_phrasis_0002982__en-eu__original,
dico_phrasis_0002982__es-en__original,
dico_phrasis_0002982__es-eu__original,
dico_phrasis_0002982__eu-en__original,
dico_phrasis_0002982__eu-es__original,
dico_phrasis_0002985__en-es__original,
dico_phrasis_0002985__en-eu__original,
dico_phrasis_0002985__es-en__original,
dico_phrasis_0002985__es-eu__original,
dico_phrasis_0002985__eu-en__original,
dico_phrasis_0002985__eu-es__original,
dico_phrasis_0002987__en-es__original,
dico_phrasis_0002987__en-eu__original,
dico_phrasis_0002987__es-en__original,
dico_phrasis_0002987__es-eu__original,
dico_phrasis_0002987__eu-en__original,
dico_phrasis_0002987__eu-es__original,
dico_phrasis_0002988__en-es__original,
dico_phrasis_0002988__en-eu__original,
dico_phrasis_0002988__es-en__original,
dico_phrasis_0002988__es-eu__original,
dico_phrasis_0002988__eu-en__original,
dico_phrasis_0002988__eu-es__original,
dico_phrasis_0002990__en-es__original,
dico_phrasis_0002990__en-eu__original,
dico_phrasis_0002990__es-en__original,
dico_phrasis_0002990__es-eu__original,
dico_phrasis_0002990__eu-en__original,
dico_phrasis_0002990__eu-es__original,
dico_phrasis_0002998__en-es__original,
dico_phrasis_0002998__en-eu__original,
dico_phrasis_0002998__es-en__original,
dico_phrasis_0002998__es-eu__original,
dico_phrasis_0002998__eu-en__original,
dico_phrasis_0002998__eu-es__original,
dico_phrasis_0003001__en-es__original,
dico_phrasis_0003001__en-eu__original,
dico_phrasis_0003001__es-en__original,
dico_phrasis_0003001__es-eu__original,
dico_phrasis_0003001__eu-en__original,
dico_phrasis_0003001__eu-es__original,
dico_phrasis_0003004__en-es__original,
dico_phrasis_0003004__en-eu__original,
dico_phrasis_0003004__es-en__original,
dico_phrasis_0003004__es-eu__original,
dico_phrasis_0003004__eu-en__original,
dico_phrasis_0003004__eu-es__original,
dico_phrasis_0003005__en-es__original,
dico_phrasis_0003005__en-eu__original,
dico_phrasis_0003005__es-en__original,
dico_phrasis_0003005__es-eu__original,
dico_phrasis_0003005__eu-en__original,
dico_phrasis_0003005__eu-es__original,
dico_phrasis_0003008__en-es__original,
dico_phrasis_0003008__en-eu__original,
dico_phrasis_0003008__es-en__original,
dico_phrasis_0003008__es-eu__original,
dico_phrasis_0003008__eu-en__original,
dico_phrasis_0003008__eu-es__original,
dico_phrasis_0003011__en-es__original,
dico_phrasis_0003011__en-eu__original,
dico_phrasis_0003011__es-en__original,
dico_phrasis_0003011__es-eu__original,
dico_phrasis_0003011__eu-en__original,
dico_phrasis_0003011__eu-es__original,
dico_phrasis_0003012__en-es__original,
dico_phrasis_0003012__en-eu__original,
dico_phrasis_0003012__es-en__original,
dico_phrasis_0003012__es-eu__original,
dico_phrasis_0003012__eu-en__original,
dico_phrasis_0003012__eu-es__original,
dico_phrasis_0003023__en-es__original,
dico_phrasis_0003023__en-eu__original,
dico_phrasis_0003023__es-en__original,
dico_phrasis_0003023__es-eu__original,
dico_phrasis_0003023__eu-en__original,
dico_phrasis_0003023__eu-es__original,
dico_phrasis_0003029__en-es__original,
dico_phrasis_0003029__en-eu__original,
dico_phrasis_0003029__es-en__original,
dico_phrasis_0003029__es-eu__original,
dico_phrasis_0003029__eu-en__original,
dico_phrasis_0003029__eu-es__original,
dico_phrasis_0003034__en-es__original,
dico_phrasis_0003034__en-eu__original,
dico_phrasis_0003034__es-en__original,
dico_phrasis_0003034__es-eu__original,
dico_phrasis_0003034__eu-en__original,
dico_phrasis_0003034__eu-es__original,
dico_phrasis_0003035__en-es__original,
dico_phrasis_0003035__en-eu__original,
dico_phrasis_0003035__es-en__original,
dico_phrasis_0003035__es-eu__original,
dico_phrasis_0003035__eu-en__original,
dico_phrasis_0003035__eu-es__original,
dico_phrasis_0003036__en-es__original,
dico_phrasis_0003036__en-eu__original,
dico_phrasis_0003036__es-en__original,
dico_phrasis_0003036__es-eu__original,
dico_phrasis_0003036__eu-en__original,
dico_phrasis_0003036__eu-es__original,
dico_phrasis_0003038__en-es__original,
dico_phrasis_0003038__en-eu__original,
dico_phrasis_0003038__es-en__original,
dico_phrasis_0003038__es-eu__original,
dico_phrasis_0003038__eu-en__original,
dico_phrasis_0003038__eu-es__original,
dico_phrasis_0003039__en-es__original,
dico_phrasis_0003039__en-eu__original,
dico_phrasis_0003039__es-en__original,
dico_phrasis_0003039__es-eu__original,
dico_phrasis_0003039__eu-en__original,
dico_phrasis_0003039__eu-es__original,
dico_phrasis_0003040__en-es__original,
dico_phrasis_0003040__en-eu__original,
dico_phrasis_0003040__es-en__original,
dico_phrasis_0003040__es-eu__original,
dico_phrasis_0003040__eu-en__original,
dico_phrasis_0003040__eu-es__original,
dico_phrasis_0003041__en-es__original,
dico_phrasis_0003041__en-eu__original,
dico_phrasis_0003041__es-en__original,
dico_phrasis_0003041__es-eu__original,
dico_phrasis_0003041__eu-en__original,
dico_phrasis_0003041__eu-es__original,
dico_phrasis_0003042__en-es__original,
dico_phrasis_0003042__en-eu__original,
dico_phrasis_0003042__es-en__original,
dico_phrasis_0003042__es-eu__original,
dico_phrasis_0003042__eu-en__original,
dico_phrasis_0003042__eu-es__original,
dico_phrasis_0003043__en-es__original,
dico_phrasis_0003043__en-eu__original,
dico_phrasis_0003043__es-en__original,
dico_phrasis_0003043__es-eu__original,
dico_phrasis_0003043__eu-en__original,
dico_phrasis_0003043__eu-es__original,
dico_phrasis_0003045__en-es__original,
dico_phrasis_0003045__en-eu__original,
dico_phrasis_0003045__es-en__original,
dico_phrasis_0003045__es-eu__original,
dico_phrasis_0003045__eu-en__original,
dico_phrasis_0003045__eu-es__original,
dico_phrasis_0003046__en-es__original,
dico_phrasis_0003046__en-eu__original,
dico_phrasis_0003046__es-en__original,
dico_phrasis_0003046__es-eu__original,
dico_phrasis_0003046__eu-en__original,
dico_phrasis_0003046__eu-es__original,
dico_phrasis_0003058__en-es__original,
dico_phrasis_0003058__en-eu__original,
dico_phrasis_0003058__es-en__original,
dico_phrasis_0003058__es-eu__original,
dico_phrasis_0003058__eu-en__original,
dico_phrasis_0003058__eu-es__original,
dico_phrasis_0003068__en-es__original,
dico_phrasis_0003068__en-eu__original,
dico_phrasis_0003068__es-en__original,
dico_phrasis_0003068__es-eu__original,
dico_phrasis_0003068__eu-en__original,
dico_phrasis_0003068__eu-es__original,
dico_phrasis_0003069__en-es__original,
dico_phrasis_0003069__en-eu__original,
dico_phrasis_0003069__es-en__original,
dico_phrasis_0003069__es-eu__original,
dico_phrasis_0003069__eu-en__original,
dico_phrasis_0003069__eu-es__original,
dico_phrasis_0003071__en-es__original,
dico_phrasis_0003071__en-eu__original,
dico_phrasis_0003071__es-en__original,
dico_phrasis_0003071__es-eu__original,
dico_phrasis_0003071__eu-en__original,
dico_phrasis_0003071__eu-es__original,
dico_phrasis_0003073__en-es__original,
dico_phrasis_0003073__en-eu__original,
dico_phrasis_0003073__es-en__original,
dico_phrasis_0003073__es-eu__original,
dico_phrasis_0003073__eu-en__original,
dico_phrasis_0003073__eu-es__original,
dico_phrasis_0003078__en-es__original,
dico_phrasis_0003078__en-eu__original,
dico_phrasis_0003078__es-en__original,
dico_phrasis_0003078__es-eu__original,
dico_phrasis_0003078__eu-en__original,
dico_phrasis_0003078__eu-es__original,
dico_phrasis_0003079__en-es__original,
dico_phrasis_0003079__en-eu__original,
dico_phrasis_0003079__es-en__original,
dico_phrasis_0003079__es-eu__original,
dico_phrasis_0003079__eu-en__original,
dico_phrasis_0003079__eu-es__original,
dico_phrasis_0003080__en-es__original,
dico_phrasis_0003080__en-eu__original,
dico_phrasis_0003080__es-en__original,
dico_phrasis_0003080__es-eu__original,
dico_phrasis_0003080__eu-en__original,
dico_phrasis_0003080__eu-es__original,
dico_phrasis_0003082__en-es__original,
dico_phrasis_0003082__en-eu__original,
dico_phrasis_0003082__es-en__original,
dico_phrasis_0003082__es-eu__original,
dico_phrasis_0003082__eu-en__original,
dico_phrasis_0003082__eu-es__original,
dico_phrasis_0003083__en-es__original,
dico_phrasis_0003083__en-eu__original,
dico_phrasis_0003083__es-en__original,
dico_phrasis_0003083__es-eu__original,
dico_phrasis_0003083__eu-en__original,
dico_phrasis_0003083__eu-es__original,
dico_phrasis_0003085__en-es__original,
dico_phrasis_0003085__en-eu__original,
dico_phrasis_0003085__es-en__original,
dico_phrasis_0003085__es-eu__original,
dico_phrasis_0003085__eu-en__original,
dico_phrasis_0003085__eu-es__original,
dico_phrasis_0003086__en-es__original,
dico_phrasis_0003086__en-eu__original,
dico_phrasis_0003086__es-en__original,
dico_phrasis_0003086__es-eu__original,
dico_phrasis_0003086__eu-en__original,
dico_phrasis_0003086__eu-es__original,
dico_phrasis_0003087__en-es__original,
dico_phrasis_0003087__en-eu__original,
dico_phrasis_0003087__es-en__original,
dico_phrasis_0003087__es-eu__original,
dico_phrasis_0003087__eu-en__original,
dico_phrasis_0003087__eu-es__original,
dico_phrasis_0003088__en-es__original,
dico_phrasis_0003088__en-eu__original,
dico_phrasis_0003088__es-en__original,
dico_phrasis_0003088__es-eu__original,
dico_phrasis_0003088__eu-en__original,
dico_phrasis_0003088__eu-es__original,
dico_phrasis_0003090__en-es__original,
dico_phrasis_0003090__en-eu__original,
dico_phrasis_0003090__es-en__original,
dico_phrasis_0003090__es-eu__original,
dico_phrasis_0003090__eu-en__original,
dico_phrasis_0003090__eu-es__original,
dico_phrasis_0003091__en-es__original,
dico_phrasis_0003091__en-eu__original,
dico_phrasis_0003091__es-en__original,
dico_phrasis_0003091__es-eu__original,
dico_phrasis_0003091__eu-en__original,
dico_phrasis_0003091__eu-es__original,
dico_phrasis_0003092__en-es__original,
dico_phrasis_0003092__en-eu__original,
dico_phrasis_0003092__es-en__original,
dico_phrasis_0003092__es-eu__original,
dico_phrasis_0003092__eu-en__original,
dico_phrasis_0003092__eu-es__original,
dico_phrasis_0003095__en-es__original,
dico_phrasis_0003095__en-eu__original,
dico_phrasis_0003095__es-en__original,
dico_phrasis_0003095__es-eu__original,
dico_phrasis_0003095__eu-en__original,
dico_phrasis_0003095__eu-es__original,
dico_phrasis_0003098__en-es__original,
dico_phrasis_0003098__en-eu__original,
dico_phrasis_0003098__es-en__original,
dico_phrasis_0003098__es-eu__original,
dico_phrasis_0003098__eu-en__original,
dico_phrasis_0003098__eu-es__original,
dico_phrasis_0003100__en-es__original,
dico_phrasis_0003100__en-eu__original,
dico_phrasis_0003100__es-en__original,
dico_phrasis_0003100__es-eu__original,
dico_phrasis_0003100__eu-en__original,
dico_phrasis_0003100__eu-es__original,
dico_phrasis_0003101__en-es__original,
dico_phrasis_0003101__en-eu__original,
dico_phrasis_0003101__es-en__original,
dico_phrasis_0003101__es-eu__original,
dico_phrasis_0003101__eu-en__original,
dico_phrasis_0003101__eu-es__original,
dico_phrasis_0003102__en-es__original,
dico_phrasis_0003102__en-eu__original,
dico_phrasis_0003102__es-en__original,
dico_phrasis_0003102__es-eu__original,
dico_phrasis_0003102__eu-en__original,
dico_phrasis_0003102__eu-es__original,
dico_phrasis_0003103__en-es__original,
dico_phrasis_0003103__en-eu__original,
dico_phrasis_0003103__es-en__original,
dico_phrasis_0003103__es-eu__original,
dico_phrasis_0003103__eu-en__original,
dico_phrasis_0003103__eu-es__original,
dico_phrasis_0003104__en-es__original,
dico_phrasis_0003104__en-eu__original,
dico_phrasis_0003104__es-en__original,
dico_phrasis_0003104__es-eu__original,
dico_phrasis_0003104__eu-en__original,
dico_phrasis_0003104__eu-es__original,
dico_phrasis_0003105__en-es__original,
dico_phrasis_0003105__en-eu__original,
dico_phrasis_0003105__es-en__original,
dico_phrasis_0003105__es-eu__original,
dico_phrasis_0003105__eu-en__original,
dico_phrasis_0003105__eu-es__original,
dico_phrasis_0003106__en-es__original,
dico_phrasis_0003106__en-eu__original,
dico_phrasis_0003106__es-en__original,
dico_phrasis_0003106__es-eu__original,
dico_phrasis_0003106__eu-en__original,
dico_phrasis_0003106__eu-es__original,
dico_phrasis_0003109__en-es__original,
dico_phrasis_0003109__en-eu__original,
dico_phrasis_0003109__es-en__original,
dico_phrasis_0003109__es-eu__original,
dico_phrasis_0003109__eu-en__original,
dico_phrasis_0003109__eu-es__original,
dico_phrasis_0003111__en-es__original,
dico_phrasis_0003111__en-eu__original,
dico_phrasis_0003111__es-en__original,
dico_phrasis_0003111__es-eu__original,
dico_phrasis_0003111__eu-en__original,
dico_phrasis_0003111__eu-es__original,
dico_phrasis_0003113__en-es__original,
dico_phrasis_0003113__en-eu__original,
dico_phrasis_0003113__es-en__original,
dico_phrasis_0003113__es-eu__original,
dico_phrasis_0003113__eu-en__original,
dico_phrasis_0003113__eu-es__original,
dico_phrasis_0003116__en-es__original,
dico_phrasis_0003116__en-eu__original,
dico_phrasis_0003116__es-en__original,
dico_phrasis_0003116__es-eu__original,
dico_phrasis_0003116__eu-en__original,
dico_phrasis_0003116__eu-es__original,
dico_phrasis_0003117__en-es__original,
dico_phrasis_0003117__en-eu__original,
dico_phrasis_0003117__es-en__original,
dico_phrasis_0003117__es-eu__original,
dico_phrasis_0003117__eu-en__original,
dico_phrasis_0003117__eu-es__original,
dico_phrasis_0003121__en-es__original,
dico_phrasis_0003121__en-eu__original,
dico_phrasis_0003121__es-en__original,
dico_phrasis_0003121__es-eu__original,
dico_phrasis_0003121__eu-en__original,
dico_phrasis_0003121__eu-es__original,
dico_phrasis_0003130__en-es__original,
dico_phrasis_0003130__en-eu__original,
dico_phrasis_0003130__es-en__original,
dico_phrasis_0003130__es-eu__original,
dico_phrasis_0003130__eu-en__original,
dico_phrasis_0003130__eu-es__original,
dico_phrasis_0003131__en-es__original,
dico_phrasis_0003131__en-eu__original,
dico_phrasis_0003131__es-en__original,
dico_phrasis_0003131__es-eu__original,
dico_phrasis_0003131__eu-en__original,
dico_phrasis_0003131__eu-es__original,
dico_phrasis_0003132__en-es__original,
dico_phrasis_0003132__en-eu__original,
dico_phrasis_0003132__es-en__original,
dico_phrasis_0003132__es-eu__original,
dico_phrasis_0003132__eu-en__original,
dico_phrasis_0003132__eu-es__original,
dico_phrasis_0003134__en-es__original,
dico_phrasis_0003134__en-eu__original,
dico_phrasis_0003134__es-en__original,
dico_phrasis_0003134__es-eu__original,
dico_phrasis_0003134__eu-en__original,
dico_phrasis_0003134__eu-es__original,
dico_phrasis_0003135__en-es__original,
dico_phrasis_0003135__en-eu__original,
dico_phrasis_0003135__es-en__original,
dico_phrasis_0003135__es-eu__original,
dico_phrasis_0003135__eu-en__original,
dico_phrasis_0003135__eu-es__original,
dico_phrasis_0003137__en-es__original,
dico_phrasis_0003137__en-eu__original,
dico_phrasis_0003137__es-en__original,
dico_phrasis_0003137__es-eu__original,
dico_phrasis_0003137__eu-en__original,
dico_phrasis_0003137__eu-es__original,
dico_phrasis_0003140__en-es__original,
dico_phrasis_0003140__en-eu__original,
dico_phrasis_0003140__es-en__original,
dico_phrasis_0003140__es-eu__original,
dico_phrasis_0003140__eu-en__original,
dico_phrasis_0003140__eu-es__original,
dico_phrasis_0003146__en-es__original,
dico_phrasis_0003146__en-eu__original,
dico_phrasis_0003146__es-en__original,
dico_phrasis_0003146__es-eu__original,
dico_phrasis_0003146__eu-en__original,
dico_phrasis_0003146__eu-es__original,
dico_phrasis_0003150__en-es__original,
dico_phrasis_0003150__en-eu__original,
dico_phrasis_0003150__es-en__original,
dico_phrasis_0003150__es-eu__original,
dico_phrasis_0003150__eu-en__original,
dico_phrasis_0003150__eu-es__original,
dico_phrasis_0003151__en-es__original,
dico_phrasis_0003151__en-eu__original,
dico_phrasis_0003151__es-en__original,
dico_phrasis_0003151__es-eu__original,
dico_phrasis_0003151__eu-en__original,
dico_phrasis_0003151__eu-es__original,
dico_phrasis_0003153__en-es__original,
dico_phrasis_0003153__en-eu__original,
dico_phrasis_0003153__es-en__original,
dico_phrasis_0003153__es-eu__original,
dico_phrasis_0003153__eu-en__original,
dico_phrasis_0003153__eu-es__original,
dico_phrasis_0003154__en-es__original,
dico_phrasis_0003154__en-eu__original,
dico_phrasis_0003154__es-en__original,
dico_phrasis_0003154__es-eu__original,
dico_phrasis_0003154__eu-en__original,
dico_phrasis_0003154__eu-es__original,
dico_phrasis_0003155__en-es__original,
dico_phrasis_0003155__en-eu__original,
dico_phrasis_0003155__es-en__original,
dico_phrasis_0003155__es-eu__original,
dico_phrasis_0003155__eu-en__original,
dico_phrasis_0003155__eu-es__original,
dico_phrasis_0003156__en-es__original,
dico_phrasis_0003156__en-eu__original,
dico_phrasis_0003156__es-en__original,
dico_phrasis_0003156__es-eu__original,
dico_phrasis_0003156__eu-en__original,
dico_phrasis_0003156__eu-es__original,
dico_phrasis_0003169__en-es__original,
dico_phrasis_0003169__en-eu__original,
dico_phrasis_0003169__es-en__original,
dico_phrasis_0003169__es-eu__original,
dico_phrasis_0003169__eu-en__original,
dico_phrasis_0003169__eu-es__original,
dico_phrasis_0003172__en-es__original,
dico_phrasis_0003172__en-eu__original,
dico_phrasis_0003172__es-en__original,
dico_phrasis_0003172__es-eu__original,
dico_phrasis_0003172__eu-en__original,
dico_phrasis_0003172__eu-es__original,
dico_phrasis_0003173__en-es__original,
dico_phrasis_0003173__en-eu__original,
dico_phrasis_0003173__es-en__original,
dico_phrasis_0003173__es-eu__original,
dico_phrasis_0003173__eu-en__original,
dico_phrasis_0003173__eu-es__original,
dico_phrasis_0003177__en-es__original,
dico_phrasis_0003177__en-eu__original,
dico_phrasis_0003177__es-en__original,
dico_phrasis_0003177__es-eu__original,
dico_phrasis_0003177__eu-en__original,
dico_phrasis_0003177__eu-es__original,
dico_phrasis_0003180__en-es__original,
dico_phrasis_0003180__en-eu__original,
dico_phrasis_0003180__es-en__original,
dico_phrasis_0003180__es-eu__original,
dico_phrasis_0003180__eu-en__original,
dico_phrasis_0003180__eu-es__original,
dico_phrasis_0003181__en-es__original,
dico_phrasis_0003181__en-eu__original,
dico_phrasis_0003181__es-en__original,
dico_phrasis_0003181__es-eu__original,
dico_phrasis_0003181__eu-en__original,
dico_phrasis_0003181__eu-es__original,
dico_phrasis_0003194__en-es__original,
dico_phrasis_0003194__en-eu__original,
dico_phrasis_0003194__es-en__original,
dico_phrasis_0003194__es-eu__original,
dico_phrasis_0003194__eu-en__original,
dico_phrasis_0003194__eu-es__original,
dico_phrasis_0003198__en-es__original,
dico_phrasis_0003198__en-eu__original,
dico_phrasis_0003198__es-en__original,
dico_phrasis_0003198__es-eu__original,
dico_phrasis_0003198__eu-en__original,
dico_phrasis_0003198__eu-es__original,
dico_phrasis_0003201__en-es__original,
dico_phrasis_0003201__en-eu__original,
dico_phrasis_0003201__es-en__original,
dico_phrasis_0003201__es-eu__original,
dico_phrasis_0003201__eu-en__original,
dico_phrasis_0003201__eu-es__original,
dico_phrasis_0003202__en-es__original,
dico_phrasis_0003202__en-eu__original,
dico_phrasis_0003202__es-en__original,
dico_phrasis_0003202__es-eu__original,
dico_phrasis_0003202__eu-en__original,
dico_phrasis_0003202__eu-es__original,
dico_phrasis_0003206__en-es__original,
dico_phrasis_0003206__en-eu__original,
dico_phrasis_0003206__es-en__original,
dico_phrasis_0003206__es-eu__original,
dico_phrasis_0003206__eu-en__original,
dico_phrasis_0003206__eu-es__original,
dico_phrasis_0003207__en-es__original,
dico_phrasis_0003207__en-eu__original,
dico_phrasis_0003207__es-en__original,
dico_phrasis_0003207__es-eu__original,
dico_phrasis_0003207__eu-en__original,
dico_phrasis_0003207__eu-es__original,
dico_phrasis_0003208__en-es__original,
dico_phrasis_0003208__en-eu__original,
dico_phrasis_0003208__es-en__original,
dico_phrasis_0003208__es-eu__original,
dico_phrasis_0003208__eu-en__original,
dico_phrasis_0003208__eu-es__original,
dico_phrasis_0003225__en-es__original,
dico_phrasis_0003225__en-eu__original,
dico_phrasis_0003225__es-en__original,
dico_phrasis_0003225__es-eu__original,
dico_phrasis_0003225__eu-en__original,
dico_phrasis_0003225__eu-es__original,
dico_phrasis_0003228__en-es__original,
dico_phrasis_0003228__en-eu__original,
dico_phrasis_0003228__es-en__original,
dico_phrasis_0003228__es-eu__original,
dico_phrasis_0003228__eu-en__original,
dico_phrasis_0003228__eu-es__original,
dico_phrasis_0003230__en-es__original,
dico_phrasis_0003230__en-eu__original,
dico_phrasis_0003230__es-en__original,
dico_phrasis_0003230__es-eu__original,
dico_phrasis_0003230__eu-en__original,
dico_phrasis_0003230__eu-es__original,
dico_phrasis_0003231__en-es__original,
dico_phrasis_0003231__en-eu__original,
dico_phrasis_0003231__es-en__original,
dico_phrasis_0003231__es-eu__original,
dico_phrasis_0003231__eu-en__original,
dico_phrasis_0003231__eu-es__original,
dico_phrasis_0003233__en-es__original,
dico_phrasis_0003233__en-eu__original,
dico_phrasis_0003233__es-en__original,
dico_phrasis_0003233__es-eu__original,
dico_phrasis_0003233__eu-en__original,
dico_phrasis_0003233__eu-es__original,
dico_phrasis_0003234__en-es__original,
dico_phrasis_0003234__en-eu__original,
dico_phrasis_0003234__es-en__original,
dico_phrasis_0003234__es-eu__original,
dico_phrasis_0003234__eu-en__original,
dico_phrasis_0003234__eu-es__original,
dico_phrasis_0003235__en-es__original,
dico_phrasis_0003235__en-eu__original,
dico_phrasis_0003235__es-en__original,
dico_phrasis_0003235__es-eu__original,
dico_phrasis_0003235__eu-en__original,
dico_phrasis_0003235__eu-es__original,
dico_phrasis_0003238__en-es__original,
dico_phrasis_0003238__en-eu__original,
dico_phrasis_0003238__es-en__original,
dico_phrasis_0003238__es-eu__original,
dico_phrasis_0003238__eu-en__original,
dico_phrasis_0003238__eu-es__original,
dico_phrasis_0003239__en-es__original,
dico_phrasis_0003239__en-eu__original,
dico_phrasis_0003239__es-en__original,
dico_phrasis_0003239__es-eu__original,
dico_phrasis_0003239__eu-en__original,
dico_phrasis_0003239__eu-es__original,
dico_phrasis_0003240__en-es__original,
dico_phrasis_0003240__en-eu__original,
dico_phrasis_0003240__es-en__original,
dico_phrasis_0003240__es-eu__original,
dico_phrasis_0003240__eu-en__original,
dico_phrasis_0003240__eu-es__original,
dico_phrasis_0003242__en-es__original,
dico_phrasis_0003242__en-eu__original,
dico_phrasis_0003242__es-en__original,
dico_phrasis_0003242__es-eu__original,
dico_phrasis_0003242__eu-en__original,
dico_phrasis_0003242__eu-es__original,
dico_phrasis_0003244__en-es__original,
dico_phrasis_0003244__en-eu__original,
dico_phrasis_0003244__es-en__original,
dico_phrasis_0003244__es-eu__original,
dico_phrasis_0003244__eu-en__original,
dico_phrasis_0003244__eu-es__original,
dico_phrasis_0003247__en-es__original,
dico_phrasis_0003247__en-eu__original,
dico_phrasis_0003247__es-en__original,
dico_phrasis_0003247__es-eu__original,
dico_phrasis_0003247__eu-en__original,
dico_phrasis_0003247__eu-es__original,
dico_phrasis_0003248__en-es__original,
dico_phrasis_0003248__en-eu__original,
dico_phrasis_0003248__es-en__original,
dico_phrasis_0003248__es-eu__original,
dico_phrasis_0003248__eu-en__original,
dico_phrasis_0003248__eu-es__original,
dico_phrasis_0003255__en-es__original,
dico_phrasis_0003255__en-eu__original,
dico_phrasis_0003255__es-en__original,
dico_phrasis_0003255__es-eu__original,
dico_phrasis_0003255__eu-en__original,
dico_phrasis_0003255__eu-es__original,
dico_phrasis_0003257__en-es__original,
dico_phrasis_0003257__en-eu__original,
dico_phrasis_0003257__es-en__original,
dico_phrasis_0003257__es-eu__original,
dico_phrasis_0003257__eu-en__original,
dico_phrasis_0003257__eu-es__original,
dico_phrasis_0003258__en-es__original,
dico_phrasis_0003258__en-eu__original,
dico_phrasis_0003258__es-en__original,
dico_phrasis_0003258__es-eu__original,
dico_phrasis_0003258__eu-en__original,
dico_phrasis_0003258__eu-es__original,
dico_phrasis_0003260__en-es__original,
dico_phrasis_0003260__en-eu__original,
dico_phrasis_0003260__es-en__original,
dico_phrasis_0003260__es-eu__original,
dico_phrasis_0003260__eu-en__original,
dico_phrasis_0003260__eu-es__original,
dico_phrasis_0003261__en-es__original,
dico_phrasis_0003261__en-eu__original,
dico_phrasis_0003261__es-en__original,
dico_phrasis_0003261__es-eu__original,
dico_phrasis_0003261__eu-en__original,
dico_phrasis_0003261__eu-es__original,
dico_phrasis_0003262__en-es__original,
dico_phrasis_0003262__en-eu__original,
dico_phrasis_0003262__es-en__original,
dico_phrasis_0003262__es-eu__original,
dico_phrasis_0003262__eu-en__original,
dico_phrasis_0003262__eu-es__original,
dico_phrasis_0003265__en-es__original,
dico_phrasis_0003265__en-eu__original,
dico_phrasis_0003265__es-en__original,
dico_phrasis_0003265__es-eu__original,
dico_phrasis_0003265__eu-en__original,
dico_phrasis_0003265__eu-es__original,
dico_phrasis_0003266__en-es__original,
dico_phrasis_0003266__en-eu__original,
dico_phrasis_0003266__es-en__original,
dico_phrasis_0003266__es-eu__original,
dico_phrasis_0003266__eu-en__original,
dico_phrasis_0003266__eu-es__original,
dico_phrasis_0003269__en-es__original,
dico_phrasis_0003269__en-eu__original,
dico_phrasis_0003269__es-en__original,
dico_phrasis_0003269__es-eu__original,
dico_phrasis_0003269__eu-en__original,
dico_phrasis_0003269__eu-es__original,
dico_phrasis_0003270__en-es__original,
dico_phrasis_0003270__en-eu__original,
dico_phrasis_0003270__es-en__original,
dico_phrasis_0003270__es-eu__original,
dico_phrasis_0003270__eu-en__original,
dico_phrasis_0003270__eu-es__original,
dico_phrasis_0003271__en-es__original,
dico_phrasis_0003271__en-eu__original,
dico_phrasis_0003271__es-en__original,
dico_phrasis_0003271__es-eu__original,
dico_phrasis_0003271__eu-en__original,
dico_phrasis_0003271__eu-es__original,
dico_phrasis_0003273__en-es__original,
dico_phrasis_0003273__en-eu__original,
dico_phrasis_0003273__es-en__original,
dico_phrasis_0003273__es-eu__original,
dico_phrasis_0003273__eu-en__original,
dico_phrasis_0003273__eu-es__original,
dico_phrasis_0003274__en-es__original,
dico_phrasis_0003274__en-eu__original,
dico_phrasis_0003274__es-en__original,
dico_phrasis_0003274__es-eu__original,
dico_phrasis_0003274__eu-en__original,
dico_phrasis_0003274__eu-es__original,
dico_phrasis_0003277__en-es__original,
dico_phrasis_0003277__en-eu__original,
dico_phrasis_0003277__es-en__original,
dico_phrasis_0003277__es-eu__original,
dico_phrasis_0003277__eu-en__original,
dico_phrasis_0003277__eu-es__original,
dico_phrasis_0003279__en-es__original,
dico_phrasis_0003279__en-eu__original,
dico_phrasis_0003279__es-en__original,
dico_phrasis_0003279__es-eu__original,
dico_phrasis_0003279__eu-en__original,
dico_phrasis_0003279__eu-es__original,
dico_phrasis_0003282__en-es__original,
dico_phrasis_0003282__en-eu__original,
dico_phrasis_0003282__es-en__original,
dico_phrasis_0003282__es-eu__original,
dico_phrasis_0003282__eu-en__original,
dico_phrasis_0003282__eu-es__original,
dico_phrasis_0003284__en-es__original,
dico_phrasis_0003284__en-eu__original,
dico_phrasis_0003284__es-en__original,
dico_phrasis_0003284__es-eu__original,
dico_phrasis_0003284__eu-en__original,
dico_phrasis_0003284__eu-es__original,
dico_phrasis_0003287__en-es__original,
dico_phrasis_0003287__en-eu__original,
dico_phrasis_0003287__es-en__original,
dico_phrasis_0003287__es-eu__original,
dico_phrasis_0003287__eu-en__original,
dico_phrasis_0003287__eu-es__original,
dico_phrasis_0003288__en-es__original,
dico_phrasis_0003288__en-eu__original,
dico_phrasis_0003288__es-en__original,
dico_phrasis_0003288__es-eu__original,
dico_phrasis_0003288__eu-en__original,
dico_phrasis_0003288__eu-es__original,
dico_phrasis_0003291__en-es__original,
dico_phrasis_0003291__en-eu__original,
dico_phrasis_0003291__es-en__original,
dico_phrasis_0003291__es-eu__original,
dico_phrasis_0003291__eu-en__original,
dico_phrasis_0003291__eu-es__original,
dico_phrasis_0003292__en-es__original,
dico_phrasis_0003292__en-eu__original,
dico_phrasis_0003292__es-en__original,
dico_phrasis_0003292__es-eu__original,
dico_phrasis_0003292__eu-en__original,
dico_phrasis_0003292__eu-es__original,
dico_phrasis_0003293__en-es__original,
dico_phrasis_0003293__en-eu__original,
dico_phrasis_0003293__es-en__original,
dico_phrasis_0003293__es-eu__original,
dico_phrasis_0003293__eu-en__original,
dico_phrasis_0003293__eu-es__original,
dico_phrasis_0003295__en-es__original,
dico_phrasis_0003295__en-eu__original,
dico_phrasis_0003295__es-en__original,
dico_phrasis_0003295__es-eu__original,
dico_phrasis_0003295__eu-en__original,
dico_phrasis_0003295__eu-es__original,
dico_phrasis_0003296__en-es__original,
dico_phrasis_0003296__en-eu__original,
dico_phrasis_0003296__es-en__original,
dico_phrasis_0003296__es-eu__original,
dico_phrasis_0003296__eu-en__original,
dico_phrasis_0003296__eu-es__original,
dico_phrasis_0003297__en-es__original,
dico_phrasis_0003297__en-eu__original,
dico_phrasis_0003297__es-en__original,
dico_phrasis_0003297__es-eu__original,
dico_phrasis_0003297__eu-en__original,
dico_phrasis_0003297__eu-es__original,
dico_phrasis_0003298__en-es__original,
dico_phrasis_0003298__en-eu__original,
dico_phrasis_0003298__es-en__original,
dico_phrasis_0003298__es-eu__original,
dico_phrasis_0003298__eu-en__original,
dico_phrasis_0003298__eu-es__original,
dico_phrasis_0003299__en-es__original,
dico_phrasis_0003299__en-eu__original,
dico_phrasis_0003299__es-en__original,
dico_phrasis_0003299__es-eu__original,
dico_phrasis_0003299__eu-en__original,
dico_phrasis_0003299__eu-es__original,
dico_phrasis_0003300__en-es__original,
dico_phrasis_0003300__en-eu__original,
dico_phrasis_0003300__es-en__original,
dico_phrasis_0003300__es-eu__original,
dico_phrasis_0003300__eu-en__original,
dico_phrasis_0003300__eu-es__original,
dico_phrasis_0003301__en-es__original,
dico_phrasis_0003301__en-eu__original,
dico_phrasis_0003301__es-en__original,
dico_phrasis_0003301__es-eu__original,
dico_phrasis_0003301__eu-en__original,
dico_phrasis_0003301__eu-es__original,
dico_phrasis_0003303__en-es__original,
dico_phrasis_0003303__en-eu__original,
dico_phrasis_0003303__es-en__original,
dico_phrasis_0003303__es-eu__original,
dico_phrasis_0003303__eu-en__original,
dico_phrasis_0003303__eu-es__original,
dico_phrasis_0003308__en-es__original,
dico_phrasis_0003308__en-eu__original,
dico_phrasis_0003308__es-en__original,
dico_phrasis_0003308__es-eu__original,
dico_phrasis_0003308__eu-en__original,
dico_phrasis_0003308__eu-es__original,
dico_phrasis_0003315__en-es__original,
dico_phrasis_0003315__en-eu__original,
dico_phrasis_0003315__es-en__original,
dico_phrasis_0003315__es-eu__original,
dico_phrasis_0003315__eu-en__original,
dico_phrasis_0003315__eu-es__original,
dico_phrasis_0003316__en-es__original,
dico_phrasis_0003316__en-eu__original,
dico_phrasis_0003316__es-en__original,
dico_phrasis_0003316__es-eu__original,
dico_phrasis_0003316__eu-en__original,
dico_phrasis_0003316__eu-es__original,
dico_phrasis_0003318__en-es__original,
dico_phrasis_0003318__en-eu__original,
dico_phrasis_0003318__es-en__original,
dico_phrasis_0003318__es-eu__original,
dico_phrasis_0003318__eu-en__original,
dico_phrasis_0003318__eu-es__original,
