instance_id,pair_id,text1_lang,text2_lang,text1,text2,label
dico_phrasis_0000022__en-es__forward,dico_phrasis_0000022,en,es,Ship,Barco australiano,BACKWARD_ENTAILMENT
dico_phrasis_0000022__en-es__reverse,dico_phrasis_0000022,en,es,Australian ship,Barco,FORWARD_ENTAILMENT
dico_phrasis_0000022__en-eu__forward,dico_phrasis_0000022,en,eu,Ship,Australiako ontzia,BACKWARD_ENTAILMENT
dico_phrasis_0000022__en-eu__reverse,dico_phrasis_0000022,en,eu,Australian ship,Ontzia,FORWARD_ENTAILMENT
dico_phrasis_0000022__es-en__forward,dico_phrasis_0000022,es,en,Barco,Australian ship,BACKWARD_ENTAILMENT
dico_phrasis_0000022__es-en__reverse,dico_phrasis_0000022,es,en,Barco australiano,Ship,FORWARD_ENTAILMENT
dico_phrasis_0000022__es-eu__forward,dico_phrasis_0000022,es,eu,Barco,Australiako ontzia,BACKWARD_ENTAILMENT
dico_phrasis_0000022__es-eu__reverse,dico_phrasis_0000022,es,eu,Barco australiano,Ontzia,FORWARD_ENTAILMENT
dico_phrasis_0000022__eu-en__forward,dico_phrasis_0000022,eu,en,Ontzia,Australian ship,BACKWARD_ENTAILMENT
dico_phrasis_0000022__eu-en__reverse,dico_phrasis_0000022,eu,en,Australiako ontzia,Ship,FORWARD_ENTAILMENT
dico_phrasis_0000022__eu-es__forward,dico_phrasis_0000022,eu,es,Ontzia,Barco australiano,BACKWARD_ENTAILMENT
dico_phrasis_0000022__eu-es__reverse,dico_phrasis_0000022,eu,es,Australiako ontzia,Barco,FORWARD_ENTAILMENT
dico_phrasis_0000024__en-es__forward,dico_phrasis_0000024,en,es,destroy,al destruir,BACKWARD_ENTAILMENT
dico_phrasis_0000024__en-es__reverse,dico_phrasis_0000024,en,es,in destroying,destruir,FORWARD_ENTAILMENT
dico_phrasis_0000024__en-eu__forward,dico_phrasis_0000024,en,eu,destroy,suntsitzean,BACKWARD_ENTAILMENT
dico_phrasis_0000024__en-eu__reverse,dico_phrasis_0000024,en,eu,in destroying,suntsitu,FORWARD_ENTAILMENT
dico_phrasis_0000024__es-en__forward,dico_phrasis_0000024,es,en,destruir,in destroying,BACKWARD_ENTAILMENT
dico_phrasis_0000024__es-en__reverse,dico_phrasis_0000024,es,en,al destruir,destroy,FORWARD_ENTAILMENT
dico_phrasis_0000024__es-eu__forward,dico_phrasis_0000024,es,eu,destruir,suntsitzean,BACKWARD_ENTAILMENT
dico_phrasis_0000024__es-eu__reverse,dico_phrasis_0000024,es,eu,al destruir,suntsitu,FORWARD_ENTAILMENT
dico_phrasis_0000024__eu-en__forward,dico_phrasis_0000024,eu,en,suntsitu,in destroying,BACKWARD_ENTAILMENT
dico_phrasis_0000024__eu-en__reverse,dico_phrasis_0000024,eu,en,suntsitzean,destroy,FORWARD_ENTAILMENT
dico_phrasis_0000024__eu-es__forward,dico_phrasis_0000024,eu,es,suntsitu,al destruir,BACKWARD_ENTAILMENT
dico_phrasis_0000024__eu-es__reverse,dico_phrasis_0000024,eu,es,suntsitzean,destruir,FORWARD_ENTAILMENT
dico_phrasis_0000028__en-es__forward,dico_phrasis_0000028,en,es,proposal,para plan,BACKWARD_ENTAILMENT
dico_phrasis_0000028__en-es__reverse,dico_phrasis_0000028,en,es,for plan,propuesta,FORWARD_ENTAILMENT
dico_phrasis_0000028__en-eu__forward,dico_phrasis_0000028,en,eu,proposal,planerako,BACKWARD_ENTAILMENT
dico_phrasis_0000028__en-eu__reverse,dico_phrasis_0000028,en,eu,for plan,proposamena,FORWARD_ENTAILMENT
dico_phrasis_0000028__es-en__forward,dico_phrasis_0000028,es,en,propuesta,for plan,BACKWARD_ENTAILMENT
dico_phrasis_0000028__es-en__reverse,dico_phrasis_0000028,es,en,para plan,proposal,FORWARD_ENTAILMENT
dico_phrasis_0000028__es-eu__forward,dico_phrasis_0000028,es,eu,propuesta,planerako,BACKWARD_ENTAILMENT
dico_phrasis_0000028__es-eu__reverse,dico_phrasis_0000028,es,eu,para plan,proposamena,FORWARD_ENTAILMENT
dico_phrasis_0000028__eu-en__forward,dico_phrasis_0000028,eu,en,proposamena,for plan,BACKWARD_ENTAILMENT
dico_phrasis_0000028__eu-en__reverse,dico_phrasis_0000028,eu,en,planerako,proposal,FORWARD_ENTAILMENT
dico_phrasis_0000028__eu-es__forward,dico_phrasis_0000028,eu,es,proposamena,para plan,BACKWARD_ENTAILMENT
dico_phrasis_0000028__eu-es__reverse,dico_phrasis_0000028,eu,es,planerako,propuesta,FORWARD_ENTAILMENT
dico_phrasis_0000036__en-es__forward,dico_phrasis_0000036,en,es,as Australian PM,como nuevo primer ministro de Australia,BACKWARD_ENTAILMENT
dico_phrasis_0000036__en-es__reverse,dico_phrasis_0000036,en,es,as Australia 's new Prime Minister,como primer ministro australiano,FORWARD_ENTAILMENT
dico_phrasis_0000036__en-eu__forward,dico_phrasis_0000036,en,eu,as Australian PM,Australiako lehen ministro berri gisa,BACKWARD_ENTAILMENT
dico_phrasis_0000036__en-eu__reverse,dico_phrasis_0000036,en,eu,as Australia 's new Prime Minister,Australiako lehen ministro gisa,FORWARD_ENTAILMENT
dico_phrasis_0000036__es-en__forward,dico_phrasis_0000036,es,en,como primer ministro australiano,as Australia 's new Prime Minister,BACKWARD_ENTAILMENT
dico_phrasis_0000036__es-en__reverse,dico_phrasis_0000036,es,en,como nuevo primer ministro de Australia,as Australian PM,FORWARD_ENTAILMENT
dico_phrasis_0000036__es-eu__forward,dico_phrasis_0000036,es,eu,como primer ministro australiano,Australiako lehen ministro berri gisa,BACKWARD_ENTAILMENT
dico_phrasis_0000036__es-eu__reverse,dico_phrasis_0000036,es,eu,como nuevo primer ministro de Australia,Australiako lehen ministro gisa,FORWARD_ENTAILMENT
dico_phrasis_0000036__eu-en__forward,dico_phrasis_0000036,eu,en,Australiako lehen ministro gisa,as Australia 's new Prime Minister,BACKWARD_ENTAILMENT
dico_phrasis_0000036__eu-en__reverse,dico_phrasis_0000036,eu,en,Australiako lehen ministro berri gisa,as Australian PM,FORWARD_ENTAILMENT
dico_phrasis_0000036__eu-es__forward,dico_phrasis_0000036,eu,es,Australiako lehen ministro gisa,como nuevo primer ministro de Australia,BACKWARD_ENTAILMENT
dico_phrasis_0000036__eu-es__reverse,dico_phrasis_0000036,eu,es,Australiako lehen ministro berri gisa,como primer ministro australiano,FORWARD_ENTAILMENT
dico_phrasis_0000040__en-es__forward,dico_phrasis_0000040,en,es,Police,Policía turca,BACKWARD_ENTAILMENT
dico_phrasis_0000040__en-es__reverse,dico_phrasis_0000040,en,es,Turkish police,Policía,FORWARD_ENTAILMENT
dico_phrasis_0000040__en-eu__forward,dico_phrasis_0000040,en,eu,Police,Turkiako polizia,BACKWARD_ENTAILMENT
dico_phrasis_0000040__en-eu__reverse,dico_phrasis_0000040,en,eu,Turkish police,polizia,FORWARD_ENTAILMENT
dico_phrasis_0000040__es-en__forward,dico_phrasis_0000040,es,en,Policía,Turkish police,BACKWARD_ENTAILMENT
dico_phrasis_0000040__es-en__reverse,dico_phrasis_0000040,es,en,Policía turca,Police,FORWARD_ENTAILMENT
dico_phrasis_0000040__es-eu__forward,dico_phrasis_0000040,es,eu,Policía,Turkiako polizia,BACKWARD_ENTAILMENT
dico_phrasis_0000040__es-eu__reverse,dico_phrasis_0000040,es,eu,Policía turca,polizia,FORWARD_ENTAILMENT
dico_phrasis_0000040__eu-en__forward,dico_phrasis_0000040,eu,en,polizia,Turkish police,BACKWARD_ENTAILMENT
dico_phrasis_0000040__eu-en__reverse,dico_phrasis_0000040,eu,en,Turkiako polizia,Police,FORWARD_ENTAILMENT
dico_phrasis_0000040__eu-es__forward,dico_phrasis_0000040,eu,es,polizia,Policía turca,BACKWARD_ENTAILMENT
dico_phrasis_0000040__eu-es__reverse,dico_phrasis_0000040,eu,es,Turkiako polizia,Policía,FORWARD_ENTAILMENT
dico_phrasis_0000041__en-es__forward,dico_phrasis_0000041,en,es,water cannon,"gas lacrimógeno, cañón de agua",BACKWARD_ENTAILMENT
dico_phrasis_0000041__en-es__reverse,dico_phrasis_0000041,en,es,"teargas , water cannon",cañón de agua,FORWARD_ENTAILMENT
dico_phrasis_0000041__en-eu__forward,dico_phrasis_0000041,en,eu,water cannon,"gas negar-eragilea, ur-kanoia",BACKWARD_ENTAILMENT
dico_phrasis_0000041__en-eu__reverse,dico_phrasis_0000041,en,eu,"teargas , water cannon",ur-kanoia,FORWARD_ENTAILMENT
dico_phrasis_0000041__es-en__forward,dico_phrasis_0000041,es,en,cañón de agua,"teargas , water cannon",BACKWARD_ENTAILMENT
dico_phrasis_0000041__es-en__reverse,dico_phrasis_0000041,es,en,"gas lacrimógeno, cañón de agua",water cannon,FORWARD_ENTAILMENT
dico_phrasis_0000041__es-eu__forward,dico_phrasis_0000041,es,eu,cañón de agua,"gas negar-eragilea, ur-kanoia",BACKWARD_ENTAILMENT
dico_phrasis_0000041__es-eu__reverse,dico_phrasis_0000041,es,eu,"gas lacrimógeno, cañón de agua",ur-kanoia,FORWARD_ENTAILMENT
dico_phrasis_0000041__eu-en__forward,dico_phrasis_0000041,eu,en,ur-kanoia,"teargas , water cannon",BACKWARD_ENTAILMENT
dico_phrasis_0000041__eu-en__reverse,dico_phrasis_0000041,eu,en,"gas negar-eragilea, ur-kanoia",water cannon,FORWARD_ENTAILMENT
dico_phrasis_0000041__eu-es__forward,dico_phrasis_0000041,eu,es,ur-kanoia,"gas lacrimógeno, cañón de agua",BACKWARD_ENTAILMENT
dico_phrasis_0000041__eu-es__reverse,dico_phrasis_0000041,eu,es,"gas negar-eragilea, ur-kanoia",cañón de agua,FORWARD_ENTAILMENT
dico_phrasis_0000054__en-es__forward,dico_phrasis_0000054,en,es,'s Benghazi,en Bengasi,BACKWARD_ENTAILMENT
dico_phrasis_0000054__en-es__reverse,dico_phrasis_0000054,en,es,in Benghazi,de Bengasi,FORWARD_ENTAILMENT
dico_phrasis_0000054__en-eu__forward,dico_phrasis_0000054,en,eu,'s Benghazi,Benghazin,BACKWARD_ENTAILMENT
dico_phrasis_0000054__en-eu__reverse,dico_phrasis_0000054,en,eu,in Benghazi,Benghazikoa,FORWARD_ENTAILMENT
dico_phrasis_0000054__es-en__forward,dico_phrasis_0000054,es,en,de Bengasi,in Benghazi,BACKWARD_ENTAILMENT
dico_phrasis_0000054__es-en__reverse,dico_phrasis_0000054,es,en,en Bengasi,'s Benghazi,FORWARD_ENTAILMENT
dico_phrasis_0000054__es-eu__forward,dico_phrasis_0000054,es,eu,de Bengasi,Benghazin,BACKWARD_ENTAILMENT
dico_phrasis_0000054__es-eu__reverse,dico_phrasis_0000054,es,eu,en Bengasi,Benghazikoa,FORWARD_ENTAILMENT
dico_phrasis_0000054__eu-en__forward,dico_phrasis_0000054,eu,en,Benghazikoa,in Benghazi,BACKWARD_ENTAILMENT
dico_phrasis_0000054__eu-en__reverse,dico_phrasis_0000054,eu,en,Benghazin,'s Benghazi,FORWARD_ENTAILMENT
dico_phrasis_0000054__eu-es__forward,dico_phrasis_0000054,eu,es,Benghazikoa,en Bengasi,BACKWARD_ENTAILMENT
dico_phrasis_0000054__eu-es__reverse,dico_phrasis_0000054,eu,es,Benghazin,de Bengasi,FORWARD_ENTAILMENT
dico_phrasis_0000056__en-es__forward,dico_phrasis_0000056,en,es,30 short-range missiles,misiles de corto alcance,BACKWARD_ENTAILMENT
dico_phrasis_0000056__en-es__reverse,dico_phrasis_0000056,en,es,short-range missiles,30 misiles de corto alcance,FORWARD_ENTAILMENT
dico_phrasis_0000056__en-eu__forward,dico_phrasis_0000056,en,eu,30 short-range missiles,irismen laburreko misilak,BACKWARD_ENTAILMENT
dico_phrasis_0000056__en-eu__reverse,dico_phrasis_0000056,en,eu,short-range missiles,irismen laburreko 30 misil,FORWARD_ENTAILMENT
dico_phrasis_0000056__es-en__forward,dico_phrasis_0000056,es,en,30 misiles de corto alcance,short-range missiles,BACKWARD_ENTAILMENT
dico_phrasis_0000056__es-en__reverse,dico_phrasis_0000056,es,en,misiles de corto alcance,30 short-range missiles,FORWARD_ENTAILMENT
dico_phrasis_0000056__es-eu__forward,dico_phrasis_0000056,es,eu,30 misiles de corto alcance,irismen laburreko misilak,BACKWARD_ENTAILMENT
dico_phrasis_0000056__es-eu__reverse,dico_phrasis_0000056,es,eu,misiles de corto alcance,irismen laburreko 30 misil,FORWARD_ENTAILMENT
dico_phrasis_0000056__eu-en__forward,dico_phrasis_0000056,eu,en,irismen laburreko 30 misil,short-range missiles,BACKWARD_ENTAILMENT
dico_phrasis_0000056__eu-en__reverse,dico_phrasis_0000056,eu,en,irismen laburreko misilak,30 short-range missiles,FORWARD_ENTAILMENT
dico_phrasis_0000056__eu-es__forward,dico_phrasis_0000056,eu,es,irismen laburreko 30 misil,misiles de corto alcance,BACKWARD_ENTAILMENT
dico_phrasis_0000056__eu-es__reverse,dico_phrasis_0000056,eu,es,irismen laburreko misilak,30 misiles de corto alcance,FORWARD_ENTAILMENT
dico_phrasis_0000057__en-es__forward,dico_phrasis_0000057,en,es,Crusader castle,histórico castillo de los cruzados,BACKWARD_ENTAILMENT
dico_phrasis_0000057__en-es__reverse,dico_phrasis_0000057,en,es,historic Crusader castle,castillo de los cruzados,FORWARD_ENTAILMENT
dico_phrasis_0000057__en-eu__forward,dico_phrasis_0000057,en,eu,Crusader castle,Gurutzadunen gaztelu historikoa,BACKWARD_ENTAILMENT
dico_phrasis_0000057__en-eu__reverse,dico_phrasis_0000057,en,eu,historic Crusader castle,Gurutzadunen gaztelua,FORWARD_ENTAILMENT
dico_phrasis_0000057__es-en__forward,dico_phrasis_0000057,es,en,castillo de los cruzados,historic Crusader castle,BACKWARD_ENTAILMENT
dico_phrasis_0000057__es-en__reverse,dico_phrasis_0000057,es,en,histórico castillo de los cruzados,Crusader castle,FORWARD_ENTAILMENT
dico_phrasis_0000057__es-eu__forward,dico_phrasis_0000057,es,eu,castillo de los cruzados,Gurutzadunen gaztelu historikoa,BACKWARD_ENTAILMENT
dico_phrasis_0000057__es-eu__reverse,dico_phrasis_0000057,es,eu,histórico castillo de los cruzados,Gurutzadunen gaztelua,FORWARD_ENTAILMENT
dico_phrasis_0000057__eu-en__forward,dico_phrasis_0000057,eu,en,Gurutzadunen gaztelua,historic Crusader castle,BACKWARD_ENTAILMENT
dico_phrasis_0000057__eu-en__reverse,dico_phrasis_0000057,eu,en,Gurutzadunen gaztelu historikoa,Crusader castle,FORWARD_ENTAILMENT
dico_phrasis_0000057__eu-es__forward,dico_phrasis_0000057,eu,es,Gurutzadunen gaztelua,histórico castillo de los cruzados,BACKWARD_ENTAILMENT
dico_phrasis_0000057__eu-es__reverse,dico_phrasis_0000057,eu,es,Gurutzadunen gaztelu historikoa,castillo de los cruzados,FORWARD_ENTAILMENT
dico_phrasis_0000060__en-es__forward,dico_phrasis_0000060,en,es,Five people,cinco hombres,BACKWARD_ENTAILMENT
dico_phrasis_0000060__en-es__reverse,dico_phrasis_0000060,en,es,five men,Cinco personas,FORWARD_ENTAILMENT
dico_phrasis_0000060__en-eu__forward,dico_phrasis_0000060,en,eu,Five people,bost gizon,BACKWARD_ENTAILMENT
dico_phrasis_0000060__en-eu__reverse,dico_phrasis_0000060,en,eu,five men,Bost pertsona,FORWARD_ENTAILMENT
dico_phrasis_0000060__es-en__forward,dico_phrasis_0000060,es,en,Cinco personas,five men,BACKWARD_ENTAILMENT
dico_phrasis_0000060__es-en__reverse,dico_phrasis_0000060,es,en,cinco hombres,Five people,FORWARD_ENTAILMENT
dico_phrasis_0000060__es-eu__forward,dico_phrasis_0000060,es,eu,Cinco personas,bost gizon,BACKWARD_ENTAILMENT
dico_phrasis_0000060__es-eu__reverse,dico_phrasis_0000060,es,eu,cinco hombres,Bost pertsona,FORWARD_ENTAILMENT
dico_phrasis_0000060__eu-en__forward,dico_phrasis_0000060,eu,en,Bost pertsona,five men,BACKWARD_ENTAILMENT
dico_phrasis_0000060__eu-en__reverse,dico_phrasis_0000060,eu,en,bost gizon,Five people,FORWARD_ENTAILMENT
dico_phrasis_0000060__eu-es__forward,dico_phrasis_0000060,eu,es,Bost pertsona,cinco hombres,BACKWARD_ENTAILMENT
dico_phrasis_0000060__eu-es__reverse,dico_phrasis_0000060,eu,es,bost gizon,Cinco personas,FORWARD_ENTAILMENT
dico_phrasis_0000074__en-es__forward,dico_phrasis_0000074,en,es,Judge,juez de EE. UU.,BACKWARD_ENTAILMENT
dico_phrasis_0000074__en-es__reverse,dico_phrasis_0000074,en,es,U.S. judge,Juez,FORWARD_ENTAILMENT
dico_phrasis_0000074__en-eu__forward,dico_phrasis_0000074,en,eu,Judge,AEBetako epailea,BACKWARD_ENTAILMENT
dico_phrasis_0000074__en-eu__reverse,dico_phrasis_0000074,en,eu,U.S. judge,epailea,FORWARD_ENTAILMENT
dico_phrasis_0000074__es-en__forward,dico_phrasis_0000074,es,en,Juez,U.S. judge,BACKWARD_ENTAILMENT
dico_phrasis_0000074__es-en__reverse,dico_phrasis_0000074,es,en,juez de EE. UU.,Judge,FORWARD_ENTAILMENT
dico_phrasis_0000074__es-eu__forward,dico_phrasis_0000074,es,eu,Juez,AEBetako epailea,BACKWARD_ENTAILMENT
dico_phrasis_0000074__es-eu__reverse,dico_phrasis_0000074,es,eu,juez de EE. UU.,epailea,FORWARD_ENTAILMENT
dico_phrasis_0000074__eu-en__forward,dico_phrasis_0000074,eu,en,epailea,U.S. judge,BACKWARD_ENTAILMENT
dico_phrasis_0000074__eu-en__reverse,dico_phrasis_0000074,eu,en,AEBetako epailea,Judge,FORWARD_ENTAILMENT
dico_phrasis_0000074__eu-es__forward,dico_phrasis_0000074,eu,es,epailea,juez de EE. UU.,BACKWARD_ENTAILMENT
dico_phrasis_0000074__eu-es__reverse,dico_phrasis_0000074,eu,es,AEBetako epailea,Juez,FORWARD_ENTAILMENT
dico_phrasis_0000083__en-es__forward,dico_phrasis_0000083,en,es,Canada,gobierno canadiense,BACKWARD_ENTAILMENT
dico_phrasis_0000083__en-es__reverse,dico_phrasis_0000083,en,es,Canadian government,Canadá,FORWARD_ENTAILMENT
dico_phrasis_0000083__en-eu__forward,dico_phrasis_0000083,en,eu,Canada,Kanadako gobernua,BACKWARD_ENTAILMENT
dico_phrasis_0000083__en-eu__reverse,dico_phrasis_0000083,en,eu,Canadian government,Kanada,FORWARD_ENTAILMENT
dico_phrasis_0000083__es-en__forward,dico_phrasis_0000083,es,en,Canadá,Canadian government,BACKWARD_ENTAILMENT
dico_phrasis_0000083__es-en__reverse,dico_phrasis_0000083,es,en,gobierno canadiense,Canada,FORWARD_ENTAILMENT
dico_phrasis_0000083__es-eu__forward,dico_phrasis_0000083,es,eu,Canadá,Kanadako gobernua,BACKWARD_ENTAILMENT
dico_phrasis_0000083__es-eu__reverse,dico_phrasis_0000083,es,eu,gobierno canadiense,Kanada,FORWARD_ENTAILMENT
dico_phrasis_0000083__eu-en__forward,dico_phrasis_0000083,eu,en,Kanada,Canadian government,BACKWARD_ENTAILMENT
dico_phrasis_0000083__eu-en__reverse,dico_phrasis_0000083,eu,en,Kanadako gobernua,Canada,FORWARD_ENTAILMENT
dico_phrasis_0000083__eu-es__forward,dico_phrasis_0000083,eu,es,Kanada,gobierno canadiense,BACKWARD_ENTAILMENT
dico_phrasis_0000083__eu-es__reverse,dico_phrasis_0000083,eu,es,Kanadako gobernua,Canadá,FORWARD_ENTAILMENT
dico_phrasis_0000084__en-es__forward,dico_phrasis_0000084,en,es,oil pipeline,oleoducto controvertido,BACKWARD_ENTAILMENT
dico_phrasis_0000084__en-es__reverse,dico_phrasis_0000084,en,es,controversial oil pipeline,oleoducto,FORWARD_ENTAILMENT
dico_phrasis_0000084__en-eu__forward,dico_phrasis_0000084,en,eu,oil pipeline,petrolio-hodi polemikoa,BACKWARD_ENTAILMENT
dico_phrasis_0000084__en-eu__reverse,dico_phrasis_0000084,en,eu,controversial oil pipeline,petrolio-hodia,FORWARD_ENTAILMENT
dico_phrasis_0000084__es-en__forward,dico_phrasis_0000084,es,en,oleoducto,controversial oil pipeline,BACKWARD_ENTAILMENT
dico_phrasis_0000084__es-en__reverse,dico_phrasis_0000084,es,en,oleoducto controvertido,oil pipeline,FORWARD_ENTAILMENT
dico_phrasis_0000084__es-eu__forward,dico_phrasis_0000084,es,eu,oleoducto,petrolio-hodi polemikoa,BACKWARD_ENTAILMENT
dico_phrasis_0000084__es-eu__reverse,dico_phrasis_0000084,es,eu,oleoducto controvertido,petrolio-hodia,FORWARD_ENTAILMENT
dico_phrasis_0000084__eu-en__forward,dico_phrasis_0000084,eu,en,petrolio-hodia,controversial oil pipeline,BACKWARD_ENTAILMENT
dico_phrasis_0000084__eu-en__reverse,dico_phrasis_0000084,eu,en,petrolio-hodi polemikoa,oil pipeline,FORWARD_ENTAILMENT
dico_phrasis_0000084__eu-es__forward,dico_phrasis_0000084,eu,es,petrolio-hodia,oleoducto controvertido,BACKWARD_ENTAILMENT
dico_phrasis_0000084__eu-es__reverse,dico_phrasis_0000084,eu,es,petrolio-hodi polemikoa,oleoducto,FORWARD_ENTAILMENT
dico_phrasis_0000085__en-es__forward,dico_phrasis_0000085,en,es,sanctions,cargos por tráfico de armas,BACKWARD_ENTAILMENT
dico_phrasis_0000085__en-es__reverse,dico_phrasis_0000085,en,es,arms trafficking charges,sanciones,FORWARD_ENTAILMENT
dico_phrasis_0000085__en-eu__forward,dico_phrasis_0000085,en,eu,sanctions,armen trafikoari buruzko karguak,BACKWARD_ENTAILMENT
dico_phrasis_0000085__en-eu__reverse,dico_phrasis_0000085,en,eu,arms trafficking charges,zigorrak,FORWARD_ENTAILMENT
dico_phrasis_0000085__es-en__forward,dico_phrasis_0000085,es,en,sanciones,arms trafficking charges,BACKWARD_ENTAILMENT
dico_phrasis_0000085__es-en__reverse,dico_phrasis_0000085,es,en,cargos por tráfico de armas,sanctions,FORWARD_ENTAILMENT
dico_phrasis_0000085__es-eu__forward,dico_phrasis_0000085,es,eu,sanciones,armen trafikoari buruzko karguak,BACKWARD_ENTAILMENT
dico_phrasis_0000085__es-eu__reverse,dico_phrasis_0000085,es,eu,cargos por tráfico de armas,zigorrak,FORWARD_ENTAILMENT
dico_phrasis_0000085__eu-en__forward,dico_phrasis_0000085,eu,en,zigorrak,arms trafficking charges,BACKWARD_ENTAILMENT
dico_phrasis_0000085__eu-en__reverse,dico_phrasis_0000085,eu,en,armen trafikoari buruzko karguak,sanctions,FORWARD_ENTAILMENT
dico_phrasis_0000085__eu-es__forward,dico_phrasis_0000085,eu,es,zigorrak,cargos por tráfico de armas,BACKWARD_ENTAILMENT
dico_phrasis_0000085__eu-es__reverse,dico_phrasis_0000085,eu,es,armen trafikoari buruzko karguak,sanciones,FORWARD_ENTAILMENT
dico_phrasis_0000094__en-es__forward,dico_phrasis_0000094,en,es,Palestinian diplomat,embajador palestino,BACKWARD_ENTAILMENT
dico_phrasis_0000094__en-es__reverse,dico_phrasis_0000094,en,es,Palestinian ambassador,diplomático palestino,FORWARD_ENTAILMENT
dico_phrasis_0000094__en-eu__forward,dico_phrasis_0000094,en,eu,Palestinian diplomat,Palestinako enbaxadorea,BACKWARD_ENTAILMENT
dico_phrasis_0000094__en-eu__reverse,dico_phrasis_0000094,en,eu,Palestinian ambassador,Palestinako diplomatikoa,FORWARD_ENTAILMENT
dico_phrasis_0000094__es-en__forward,dico_phrasis_0000094,es,en,diplomático palestino,Palestinian ambassador,BACKWARD_ENTAILMENT
dico_phrasis_0000094__es-en__reverse,dico_phrasis_0000094,es,en,embajador palestino,Palestinian diplomat,FORWARD_ENTAILMENT
dico_phrasis_0000094__es-eu__forward,dico_phrasis_0000094,es,eu,diplomático palestino,Palestinako enbaxadorea,BACKWARD_ENTAILMENT
dico_phrasis_0000094__es-eu__reverse,dico_phrasis_0000094,es,eu,embajador palestino,Palestinako diplomatikoa,FORWARD_ENTAILMENT
dico_phrasis_0000094__eu-en__forward,dico_phrasis_0000094,eu,en,Palestinako diplomatikoa,Palestinian ambassador,BACKWARD_ENTAILMENT
dico_phrasis_0000094__eu-en__reverse,dico_phrasis_0000094,eu,en,Palestinako enbaxadorea,Palestinian diplomat,FORWARD_ENTAILMENT
dico_phrasis_0000094__eu-es__forward,dico_phrasis_0000094,eu,es,Palestinako diplomatikoa,embajador palestino,BACKWARD_ENTAILMENT
dico_phrasis_0000094__eu-es__reverse,dico_phrasis_0000094,eu,es,Palestinako enbaxadorea,diplomático palestino,FORWARD_ENTAILMENT
dico_phrasis_0000097__en-es__forward,dico_phrasis_0000097,en,es,Two women,Dos damas,BACKWARD_ENTAILMENT
dico_phrasis_0000097__en-es__reverse,dico_phrasis_0000097,en,es,Two ladies,Dos mujeres,FORWARD_ENTAILMENT
dico_phrasis_0000097__en-eu__forward,dico_phrasis_0000097,en,eu,Two women,Bi andre,BACKWARD_ENTAILMENT
dico_phrasis_0000097__en-eu__reverse,dico_phrasis_0000097,en,eu,Two ladies,Bi emakume,FORWARD_ENTAILMENT
dico_phrasis_0000097__es-en__forward,dico_phrasis_0000097,es,en,Dos mujeres,Two ladies,BACKWARD_ENTAILMENT
dico_phrasis_0000097__es-en__reverse,dico_phrasis_0000097,es,en,Dos damas,Two women,FORWARD_ENTAILMENT
dico_phrasis_0000097__es-eu__forward,dico_phrasis_0000097,es,eu,Dos mujeres,Bi andre,BACKWARD_ENTAILMENT
dico_phrasis_0000097__es-eu__reverse,dico_phrasis_0000097,es,eu,Dos damas,Bi emakume,FORWARD_ENTAILMENT
dico_phrasis_0000097__eu-en__forward,dico_phrasis_0000097,eu,en,Bi emakume,Two ladies,BACKWARD_ENTAILMENT
dico_phrasis_0000097__eu-en__reverse,dico_phrasis_0000097,eu,en,Bi andre,Two women,FORWARD_ENTAILMENT
dico_phrasis_0000097__eu-es__forward,dico_phrasis_0000097,eu,es,Bi emakume,Dos damas,BACKWARD_ENTAILMENT
dico_phrasis_0000097__eu-es__reverse,dico_phrasis_0000097,eu,es,Bi andre,Dos mujeres,FORWARD_ENTAILMENT
dico_phrasis_0000101__en-es__forward,dico_phrasis_0000101,en,es,A person,Un motociclista,BACKWARD_ENTAILMENT
dico_phrasis_0000101__en-es__reverse,dico_phrasis_0000101,en,es,A biker,Una persona,FORWARD_ENTAILMENT
dico_phrasis_0000101__en-eu__forward,dico_phrasis_0000101,en,eu,A person,Motozale bat,BACKWARD_ENTAILMENT
dico_phrasis_0000101__en-eu__reverse,dico_phrasis_0000101,en,eu,A biker,Pertsona bat,FORWARD_ENTAILMENT
dico_phrasis_0000101__es-en__forward,dico_phrasis_0000101,es,en,Una persona,A biker,BACKWARD_ENTAILMENT
dico_phrasis_0000101__es-en__reverse,dico_phrasis_0000101,es,en,Un motociclista,A person,FORWARD_ENTAILMENT
dico_phrasis_0000101__es-eu__forward,dico_phrasis_0000101,es,eu,Una persona,Motozale bat,BACKWARD_ENTAILMENT
dico_phrasis_0000101__es-eu__reverse,dico_phrasis_0000101,es,eu,Un motociclista,Pertsona bat,FORWARD_ENTAILMENT
dico_phrasis_0000101__eu-en__forward,dico_phrasis_0000101,eu,en,Pertsona bat,A biker,BACKWARD_ENTAILMENT
dico_phrasis_0000101__eu-en__reverse,dico_phrasis_0000101,eu,en,Motozale bat,A person,FORWARD_ENTAILMENT
dico_phrasis_0000101__eu-es__forward,dico_phrasis_0000101,eu,es,Pertsona bat,Un motociclista,BACKWARD_ENTAILMENT
dico_phrasis_0000101__eu-es__reverse,dico_phrasis_0000101,eu,es,Motozale bat,Una persona,FORWARD_ENTAILMENT
dico_phrasis_0000107__en-es__forward,dico_phrasis_0000107,en,es,A dog,Un perro marrón y blanco,BACKWARD_ENTAILMENT
dico_phrasis_0000107__en-es__reverse,dico_phrasis_0000107,en,es,A brown and white dog,Un perro,FORWARD_ENTAILMENT
dico_phrasis_0000107__en-eu__forward,dico_phrasis_0000107,en,eu,A dog,Txakur marroi eta zuri bat,BACKWARD_ENTAILMENT
dico_phrasis_0000107__en-eu__reverse,dico_phrasis_0000107,en,eu,A brown and white dog,Txakur bat,FORWARD_ENTAILMENT
dico_phrasis_0000107__es-en__forward,dico_phrasis_0000107,es,en,Un perro,A brown and white dog,BACKWARD_ENTAILMENT
dico_phrasis_0000107__es-en__reverse,dico_phrasis_0000107,es,en,Un perro marrón y blanco,A dog,FORWARD_ENTAILMENT
dico_phrasis_0000107__es-eu__forward,dico_phrasis_0000107,es,eu,Un perro,Txakur marroi eta zuri bat,BACKWARD_ENTAILMENT
dico_phrasis_0000107__es-eu__reverse,dico_phrasis_0000107,es,eu,Un perro marrón y blanco,Txakur bat,FORWARD_ENTAILMENT
dico_phrasis_0000107__eu-en__forward,dico_phrasis_0000107,eu,en,Txakur bat,A brown and white dog,BACKWARD_ENTAILMENT
dico_phrasis_0000107__eu-en__reverse,dico_phrasis_0000107,eu,en,Txakur marroi eta zuri bat,A dog,FORWARD_ENTAILMENT
dico_phrasis_0000107__eu-es__forward,dico_phrasis_0000107,eu,es,Txakur bat,Un perro marrón y blanco,BACKWARD_ENTAILMENT
dico_phrasis_0000107__eu-es__reverse,dico_phrasis_0000107,eu,es,Txakur marroi eta zuri bat,Un perro,FORWARD_ENTAILMENT
dico_phrasis_0000118__en-es__forward,dico_phrasis_0000118,en,es,on the grass,a través de la hierba alta y verde,BACKWARD_ENTAILMENT
dico_phrasis_0000118__en-es__reverse,dico_phrasis_0000118,en,es,through the tall green grass,sobre la hierba,FORWARD_ENTAILMENT
dico_phrasis_0000118__en-eu__forward,dico_phrasis_0000118,en,eu,on the grass,belar berde altuaren artean zehar,BACKWARD_ENTAILMENT
dico_phrasis_0000118__en-eu__reverse,dico_phrasis_0000118,en,eu,through the tall green grass,belarraren gainean,FORWARD_ENTAILMENT
dico_phrasis_0000118__es-en__forward,dico_phrasis_0000118,es,en,sobre la hierba,through the tall green grass,BACKWARD_ENTAILMENT
dico_phrasis_0000118__es-en__reverse,dico_phrasis_0000118,es,en,a través de la hierba alta y verde,on the grass,FORWARD_ENTAILMENT
dico_phrasis_0000118__es-eu__forward,dico_phrasis_0000118,es,eu,sobre la hierba,belar berde altuaren artean zehar,BACKWARD_ENTAILMENT
dico_phrasis_0000118__es-eu__reverse,dico_phrasis_0000118,es,eu,a través de la hierba alta y verde,belarraren gainean,FORWARD_ENTAILMENT
dico_phrasis_0000118__eu-en__forward,dico_phrasis_0000118,eu,en,belarraren gainean,through the tall green grass,BACKWARD_ENTAILMENT
dico_phrasis_0000118__eu-en__reverse,dico_phrasis_0000118,eu,en,belar berde altuaren artean zehar,on the grass,FORWARD_ENTAILMENT
dico_phrasis_0000118__eu-es__forward,dico_phrasis_0000118,eu,es,belarraren gainean,a través de la hierba alta y verde,BACKWARD_ENTAILMENT
dico_phrasis_0000118__eu-es__reverse,dico_phrasis_0000118,eu,es,belar berde altuaren artean zehar,sobre la hierba,FORWARD_ENTAILMENT
dico_phrasis_0000121__en-es__forward,dico_phrasis_0000121,en,es,on the water,sobre agua cristalina,BACKWARD_ENTAILMENT
dico_phrasis_0000121__en-es__reverse,dico_phrasis_0000121,en,es,on glassy water,sobre el agua,FORWARD_ENTAILMENT
dico_phrasis_0000121__en-eu__forward,dico_phrasis_0000121,en,eu,on the water,ur leunaren gainean,BACKWARD_ENTAILMENT
dico_phrasis_0000121__en-eu__reverse,dico_phrasis_0000121,en,eu,on glassy water,ur gainean,FORWARD_ENTAILMENT
dico_phrasis_0000121__es-en__forward,dico_phrasis_0000121,es,en,sobre el agua,on glassy water,BACKWARD_ENTAILMENT
dico_phrasis_0000121__es-en__reverse,dico_phrasis_0000121,es,en,sobre agua cristalina,on the water,FORWARD_ENTAILMENT
dico_phrasis_0000121__es-eu__forward,dico_phrasis_0000121,es,eu,sobre el agua,ur leunaren gainean,BACKWARD_ENTAILMENT
dico_phrasis_0000121__es-eu__reverse,dico_phrasis_0000121,es,eu,sobre agua cristalina,ur gainean,FORWARD_ENTAILMENT
dico_phrasis_0000121__eu-en__forward,dico_phrasis_0000121,eu,en,ur gainean,on glassy water,BACKWARD_ENTAILMENT
dico_phrasis_0000121__eu-en__reverse,dico_phrasis_0000121,eu,en,ur leunaren gainean,on the water,FORWARD_ENTAILMENT
dico_phrasis_0000121__eu-es__forward,dico_phrasis_0000121,eu,es,ur gainean,sobre agua cristalina,BACKWARD_ENTAILMENT
dico_phrasis_0000121__eu-es__reverse,dico_phrasis_0000121,eu,es,ur leunaren gainean,sobre el agua,FORWARD_ENTAILMENT
dico_phrasis_0000124__en-es__forward,dico_phrasis_0000124,en,es,A person,Una mujer joven,BACKWARD_ENTAILMENT
dico_phrasis_0000124__en-es__reverse,dico_phrasis_0000124,en,es,A young woman,Una persona,FORWARD_ENTAILMENT
dico_phrasis_0000124__en-eu__forward,dico_phrasis_0000124,en,eu,A person,Emakume gazte bat,BACKWARD_ENTAILMENT
dico_phrasis_0000124__en-eu__reverse,dico_phrasis_0000124,en,eu,A young woman,Pertsona bat,FORWARD_ENTAILMENT
dico_phrasis_0000124__es-en__forward,dico_phrasis_0000124,es,en,Una persona,A young woman,BACKWARD_ENTAILMENT
dico_phrasis_0000124__es-en__reverse,dico_phrasis_0000124,es,en,Una mujer joven,A person,FORWARD_ENTAILMENT
dico_phrasis_0000124__es-eu__forward,dico_phrasis_0000124,es,eu,Una persona,Emakume gazte bat,BACKWARD_ENTAILMENT
dico_phrasis_0000124__es-eu__reverse,dico_phrasis_0000124,es,eu,Una mujer joven,Pertsona bat,FORWARD_ENTAILMENT
dico_phrasis_0000124__eu-en__forward,dico_phrasis_0000124,eu,en,Pertsona bat,A young woman,BACKWARD_ENTAILMENT
dico_phrasis_0000124__eu-en__reverse,dico_phrasis_0000124,eu,en,Emakume gazte bat,A person,FORWARD_ENTAILMENT
dico_phrasis_0000124__eu-es__forward,dico_phrasis_0000124,eu,es,Pertsona bat,Una mujer joven,BACKWARD_ENTAILMENT
dico_phrasis_0000124__eu-es__reverse,dico_phrasis_0000124,eu,es,Emakume gazte bat,Una persona,FORWARD_ENTAILMENT
dico_phrasis_0000125__en-es__forward,dico_phrasis_0000125,en,es,through green grass,en un campo cubierto de hierba alta,BACKWARD_ENTAILMENT
dico_phrasis_0000125__en-es__reverse,dico_phrasis_0000125,en,es,in an overgrown grassy field,a través de la hierba verde,FORWARD_ENTAILMENT
dico_phrasis_0000125__en-eu__forward,dico_phrasis_0000125,en,eu,through green grass,belarrez gainezka dagoen zelai batean,BACKWARD_ENTAILMENT
dico_phrasis_0000125__en-eu__reverse,dico_phrasis_0000125,en,eu,in an overgrown grassy field,belar berdean zehar,FORWARD_ENTAILMENT
dico_phrasis_0000125__es-en__forward,dico_phrasis_0000125,es,en,a través de la hierba verde,in an overgrown grassy field,BACKWARD_ENTAILMENT
dico_phrasis_0000125__es-en__reverse,dico_phrasis_0000125,es,en,en un campo cubierto de hierba alta,through green grass,FORWARD_ENTAILMENT
dico_phrasis_0000125__es-eu__forward,dico_phrasis_0000125,es,eu,a través de la hierba verde,belarrez gainezka dagoen zelai batean,BACKWARD_ENTAILMENT
dico_phrasis_0000125__es-eu__reverse,dico_phrasis_0000125,es,eu,en un campo cubierto de hierba alta,belar berdean zehar,FORWARD_ENTAILMENT
dico_phrasis_0000125__eu-en__forward,dico_phrasis_0000125,eu,en,belar berdean zehar,in an overgrown grassy field,BACKWARD_ENTAILMENT
dico_phrasis_0000125__eu-en__reverse,dico_phrasis_0000125,eu,en,belarrez gainezka dagoen zelai batean,through green grass,FORWARD_ENTAILMENT
dico_phrasis_0000125__eu-es__forward,dico_phrasis_0000125,eu,es,belar berdean zehar,en un campo cubierto de hierba alta,BACKWARD_ENTAILMENT
dico_phrasis_0000125__eu-es__reverse,dico_phrasis_0000125,eu,es,belarrez gainezka dagoen zelai batean,a través de la hierba verde,FORWARD_ENTAILMENT
dico_phrasis_0000131__en-es__forward,dico_phrasis_0000131,en,es,a bubble,burbujas,BACKWARD_ENTAILMENT
dico_phrasis_0000131__en-es__reverse,dico_phrasis_0000131,en,es,bubbles,una burbuja,FORWARD_ENTAILMENT
dico_phrasis_0000131__en-eu__forward,dico_phrasis_0000131,en,eu,a bubble,burbuilak,BACKWARD_ENTAILMENT
dico_phrasis_0000131__en-eu__reverse,dico_phrasis_0000131,en,eu,bubbles,burbuila bat,FORWARD_ENTAILMENT
dico_phrasis_0000131__es-en__forward,dico_phrasis_0000131,es,en,una burbuja,bubbles,BACKWARD_ENTAILMENT
dico_phrasis_0000131__es-en__reverse,dico_phrasis_0000131,es,en,burbujas,a bubble,FORWARD_ENTAILMENT
dico_phrasis_0000131__es-eu__forward,dico_phrasis_0000131,es,eu,una burbuja,burbuilak,BACKWARD_ENTAILMENT
dico_phrasis_0000131__es-eu__reverse,dico_phrasis_0000131,es,eu,burbujas,burbuila bat,FORWARD_ENTAILMENT
dico_phrasis_0000131__eu-en__forward,dico_phrasis_0000131,eu,en,burbuila bat,bubbles,BACKWARD_ENTAILMENT
dico_phrasis_0000131__eu-en__reverse,dico_phrasis_0000131,eu,en,burbuilak,a bubble,FORWARD_ENTAILMENT
dico_phrasis_0000131__eu-es__forward,dico_phrasis_0000131,eu,es,burbuila bat,burbujas,BACKWARD_ENTAILMENT
dico_phrasis_0000131__eu-es__reverse,dico_phrasis_0000131,eu,es,burbuilak,una burbuja,FORWARD_ENTAILMENT
dico_phrasis_0000136__en-es__forward,dico_phrasis_0000136,en,es,a tree,junto a un árbol,BACKWARD_ENTAILMENT
dico_phrasis_0000136__en-es__reverse,dico_phrasis_0000136,en,es,by a tree,un árbol,FORWARD_ENTAILMENT
dico_phrasis_0000136__en-eu__forward,dico_phrasis_0000136,en,eu,a tree,zuhaitz baten ondoan,BACKWARD_ENTAILMENT
dico_phrasis_0000136__en-eu__reverse,dico_phrasis_0000136,en,eu,by a tree,zuhaitz bat,FORWARD_ENTAILMENT
dico_phrasis_0000136__es-en__forward,dico_phrasis_0000136,es,en,un árbol,by a tree,BACKWARD_ENTAILMENT
dico_phrasis_0000136__es-en__reverse,dico_phrasis_0000136,es,en,junto a un árbol,a tree,FORWARD_ENTAILMENT
dico_phrasis_0000136__es-eu__forward,dico_phrasis_0000136,es,eu,un árbol,zuhaitz baten ondoan,BACKWARD_ENTAILMENT
dico_phrasis_0000136__es-eu__reverse,dico_phrasis_0000136,es,eu,junto a un árbol,zuhaitz bat,FORWARD_ENTAILMENT
dico_phrasis_0000136__eu-en__forward,dico_phrasis_0000136,eu,en,zuhaitz bat,by a tree,BACKWARD_ENTAILMENT
dico_phrasis_0000136__eu-en__reverse,dico_phrasis_0000136,eu,en,zuhaitz baten ondoan,a tree,FORWARD_ENTAILMENT
dico_phrasis_0000136__eu-es__forward,dico_phrasis_0000136,eu,es,zuhaitz bat,junto a un árbol,BACKWARD_ENTAILMENT
dico_phrasis_0000136__eu-es__reverse,dico_phrasis_0000136,eu,es,zuhaitz baten ondoan,un árbol,FORWARD_ENTAILMENT
dico_phrasis_0000151__en-es__forward,dico_phrasis_0000151,en,es,through snow,a través de un campo nevado,BACKWARD_ENTAILMENT
dico_phrasis_0000151__en-es__reverse,dico_phrasis_0000151,en,es,through a snowy field,a través de la nieve,FORWARD_ENTAILMENT
dico_phrasis_0000151__en-eu__forward,dico_phrasis_0000151,en,eu,through snow,elurrez estalitako zelai batean barrena,BACKWARD_ENTAILMENT
dico_phrasis_0000151__en-eu__reverse,dico_phrasis_0000151,en,eu,through a snowy field,elur artean,FORWARD_ENTAILMENT
dico_phrasis_0000151__es-en__forward,dico_phrasis_0000151,es,en,a través de la nieve,through a snowy field,BACKWARD_ENTAILMENT
dico_phrasis_0000151__es-en__reverse,dico_phrasis_0000151,es,en,a través de un campo nevado,through snow,FORWARD_ENTAILMENT
dico_phrasis_0000151__es-eu__forward,dico_phrasis_0000151,es,eu,a través de la nieve,elurrez estalitako zelai batean barrena,BACKWARD_ENTAILMENT
dico_phrasis_0000151__es-eu__reverse,dico_phrasis_0000151,es,eu,a través de un campo nevado,elur artean,FORWARD_ENTAILMENT
dico_phrasis_0000151__eu-en__forward,dico_phrasis_0000151,eu,en,elur artean,through a snowy field,BACKWARD_ENTAILMENT
dico_phrasis_0000151__eu-en__reverse,dico_phrasis_0000151,eu,en,elurrez estalitako zelai batean barrena,through snow,FORWARD_ENTAILMENT
dico_phrasis_0000151__eu-es__forward,dico_phrasis_0000151,eu,es,elur artean,a través de un campo nevado,BACKWARD_ENTAILMENT
dico_phrasis_0000151__eu-es__reverse,dico_phrasis_0000151,eu,es,elurrez estalitako zelai batean barrena,a través de la nieve,FORWARD_ENTAILMENT
dico_phrasis_0000155__en-es__forward,dico_phrasis_0000155,en,es,a blue jacket,con una chaqueta azul,BACKWARD_ENTAILMENT
dico_phrasis_0000155__en-es__reverse,dico_phrasis_0000155,en,es,in a blue jacket,una chaqueta azul,FORWARD_ENTAILMENT
dico_phrasis_0000155__en-eu__forward,dico_phrasis_0000155,en,eu,a blue jacket,jaka urdin batean,BACKWARD_ENTAILMENT
dico_phrasis_0000155__en-eu__reverse,dico_phrasis_0000155,en,eu,in a blue jacket,jaka urdin bat,FORWARD_ENTAILMENT
dico_phrasis_0000155__es-en__forward,dico_phrasis_0000155,es,en,una chaqueta azul,in a blue jacket,BACKWARD_ENTAILMENT
dico_phrasis_0000155__es-en__reverse,dico_phrasis_0000155,es,en,con una chaqueta azul,a blue jacket,FORWARD_ENTAILMENT
dico_phrasis_0000155__es-eu__forward,dico_phrasis_0000155,es,eu,una chaqueta azul,jaka urdin batean,BACKWARD_ENTAILMENT
dico_phrasis_0000155__es-eu__reverse,dico_phrasis_0000155,es,eu,con una chaqueta azul,jaka urdin bat,FORWARD_ENTAILMENT
dico_phrasis_0000155__eu-en__forward,dico_phrasis_0000155,eu,en,jaka urdin bat,in a blue jacket,BACKWARD_ENTAILMENT
dico_phrasis_0000155__eu-en__reverse,dico_phrasis_0000155,eu,en,jaka urdin batean,a blue jacket,FORWARD_ENTAILMENT
dico_phrasis_0000155__eu-es__forward,dico_phrasis_0000155,eu,es,jaka urdin bat,con una chaqueta azul,BACKWARD_ENTAILMENT
dico_phrasis_0000155__eu-es__reverse,dico_phrasis_0000155,eu,es,jaka urdin batean,una chaqueta azul,FORWARD_ENTAILMENT
dico_phrasis_0000157__en-es__forward,dico_phrasis_0000157,en,es,Two dogs,Dos perros negros,BACKWARD_ENTAILMENT
dico_phrasis_0000157__en-es__reverse,dico_phrasis_0000157,en,es,Two black dogs,Dos perros,FORWARD_ENTAILMENT
dico_phrasis_0000157__en-eu__forward,dico_phrasis_0000157,en,eu,Two dogs,Bi txakur beltz,BACKWARD_ENTAILMENT
dico_phrasis_0000157__en-eu__reverse,dico_phrasis_0000157,en,eu,Two black dogs,Bi txakur,FORWARD_ENTAILMENT
dico_phrasis_0000157__es-en__forward,dico_phrasis_0000157,es,en,Dos perros,Two black dogs,BACKWARD_ENTAILMENT
dico_phrasis_0000157__es-en__reverse,dico_phrasis_0000157,es,en,Dos perros negros,Two dogs,FORWARD_ENTAILMENT
dico_phrasis_0000157__es-eu__forward,dico_phrasis_0000157,es,eu,Dos perros,Bi txakur beltz,BACKWARD_ENTAILMENT
dico_phrasis_0000157__es-eu__reverse,dico_phrasis_0000157,es,eu,Dos perros negros,Bi txakur,FORWARD_ENTAILMENT
dico_phrasis_0000157__eu-en__forward,dico_phrasis_0000157,eu,en,Bi txakur,Two black dogs,BACKWARD_ENTAILMENT
dico_phrasis_0000157__eu-en__reverse,dico_phrasis_0000157,eu,en,Bi txakur beltz,Two dogs,FORWARD_ENTAILMENT
dico_phrasis_0000157__eu-es__forward,dico_phrasis_0000157,eu,es,Bi txakur,Dos perros negros,BACKWARD_ENTAILMENT
dico_phrasis_0000157__eu-es__reverse,dico_phrasis_0000157,eu,es,Bi txakur beltz,Dos perros,FORWARD_ENTAILMENT
dico_phrasis_0000158__en-es__forward,dico_phrasis_0000158,en,es,A black dog,Un perro negro y canela,BACKWARD_ENTAILMENT
dico_phrasis_0000158__en-es__reverse,dico_phrasis_0000158,en,es,A black and tan dog,Un perro negro,FORWARD_ENTAILMENT
dico_phrasis_0000158__en-eu__forward,dico_phrasis_0000158,en,eu,A black dog,Txakur beltzaran bat,BACKWARD_ENTAILMENT
dico_phrasis_0000158__en-eu__reverse,dico_phrasis_0000158,en,eu,A black and tan dog,Txakur beltz bat,FORWARD_ENTAILMENT
dico_phrasis_0000158__es-en__forward,dico_phrasis_0000158,es,en,Un perro negro,A black and tan dog,BACKWARD_ENTAILMENT
dico_phrasis_0000158__es-en__reverse,dico_phrasis_0000158,es,en,Un perro negro y canela,A black dog,FORWARD_ENTAILMENT
dico_phrasis_0000158__es-eu__forward,dico_phrasis_0000158,es,eu,Un perro negro,Txakur beltzaran bat,BACKWARD_ENTAILMENT
dico_phrasis_0000158__es-eu__reverse,dico_phrasis_0000158,es,eu,Un perro negro y canela,Txakur beltz bat,FORWARD_ENTAILMENT
dico_phrasis_0000158__eu-en__forward,dico_phrasis_0000158,eu,en,Txakur beltz bat,A black and tan dog,BACKWARD_ENTAILMENT
dico_phrasis_0000158__eu-en__reverse,dico_phrasis_0000158,eu,en,Txakur beltzaran bat,A black dog,FORWARD_ENTAILMENT
dico_phrasis_0000158__eu-es__forward,dico_phrasis_0000158,eu,es,Txakur beltz bat,Un perro negro y canela,BACKWARD_ENTAILMENT
dico_phrasis_0000158__eu-es__reverse,dico_phrasis_0000158,eu,es,Txakur beltzaran bat,Un perro negro,FORWARD_ENTAILMENT
dico_phrasis_0000161__en-es__forward,dico_phrasis_0000161,en,es,'s leg,en la pierna,BACKWARD_ENTAILMENT
dico_phrasis_0000161__en-es__reverse,dico_phrasis_0000161,en,es,at the leg,pierna de S,FORWARD_ENTAILMENT
dico_phrasis_0000161__en-eu__forward,dico_phrasis_0000161,en,eu,'s leg,hankan,BACKWARD_ENTAILMENT
dico_phrasis_0000161__en-eu__reverse,dico_phrasis_0000161,en,eu,at the leg,hankarena,FORWARD_ENTAILMENT
dico_phrasis_0000161__es-en__forward,dico_phrasis_0000161,es,en,pierna de S,at the leg,BACKWARD_ENTAILMENT
dico_phrasis_0000161__es-en__reverse,dico_phrasis_0000161,es,en,en la pierna,'s leg,FORWARD_ENTAILMENT
dico_phrasis_0000161__es-eu__forward,dico_phrasis_0000161,es,eu,pierna de S,hankan,BACKWARD_ENTAILMENT
dico_phrasis_0000161__es-eu__reverse,dico_phrasis_0000161,es,eu,en la pierna,hankarena,FORWARD_ENTAILMENT
dico_phrasis_0000161__eu-en__forward,dico_phrasis_0000161,eu,en,hankarena,at the leg,BACKWARD_ENTAILMENT
dico_phrasis_0000161__eu-en__reverse,dico_phrasis_0000161,eu,en,hankan,'s leg,FORWARD_ENTAILMENT
dico_phrasis_0000161__eu-es__forward,dico_phrasis_0000161,eu,es,hankarena,en la pierna,BACKWARD_ENTAILMENT
dico_phrasis_0000161__eu-es__reverse,dico_phrasis_0000161,eu,es,hankan,pierna de S,FORWARD_ENTAILMENT
dico_phrasis_0000162__en-es__forward,dico_phrasis_0000162,en,es,a horse,de un caballo,BACKWARD_ENTAILMENT
dico_phrasis_0000162__en-es__reverse,dico_phrasis_0000162,en,es,of a horse,un caballo,FORWARD_ENTAILMENT
dico_phrasis_0000162__en-eu__forward,dico_phrasis_0000162,en,eu,a horse,zaldi baten,BACKWARD_ENTAILMENT
dico_phrasis_0000162__en-eu__reverse,dico_phrasis_0000162,en,eu,of a horse,zaldi bat,FORWARD_ENTAILMENT
dico_phrasis_0000162__es-en__forward,dico_phrasis_0000162,es,en,un caballo,of a horse,BACKWARD_ENTAILMENT
dico_phrasis_0000162__es-en__reverse,dico_phrasis_0000162,es,en,de un caballo,a horse,FORWARD_ENTAILMENT
dico_phrasis_0000162__es-eu__forward,dico_phrasis_0000162,es,eu,un caballo,zaldi baten,BACKWARD_ENTAILMENT
dico_phrasis_0000162__es-eu__reverse,dico_phrasis_0000162,es,eu,de un caballo,zaldi bat,FORWARD_ENTAILMENT
dico_phrasis_0000162__eu-en__forward,dico_phrasis_0000162,eu,en,zaldi bat,of a horse,BACKWARD_ENTAILMENT
dico_phrasis_0000162__eu-en__reverse,dico_phrasis_0000162,eu,en,zaldi baten,a horse,FORWARD_ENTAILMENT
dico_phrasis_0000162__eu-es__forward,dico_phrasis_0000162,eu,es,zaldi bat,de un caballo,BACKWARD_ENTAILMENT
dico_phrasis_0000162__eu-es__reverse,dico_phrasis_0000162,eu,es,zaldi baten,un caballo,FORWARD_ENTAILMENT
dico_phrasis_0000168__en-es__forward,dico_phrasis_0000168,en,es,A black and white dog,"Un perro negro, marrón y blanco",BACKWARD_ENTAILMENT
dico_phrasis_0000168__en-es__reverse,dico_phrasis_0000168,en,es,"A black , brown and white dog",Un perro blanco y negro,FORWARD_ENTAILMENT
dico_phrasis_0000168__en-eu__forward,dico_phrasis_0000168,en,eu,A black and white dog,"Txakur beltz, marroi eta zuri bat",BACKWARD_ENTAILMENT
dico_phrasis_0000168__en-eu__reverse,dico_phrasis_0000168,en,eu,"A black , brown and white dog",Txakur zuri-beltz bat,FORWARD_ENTAILMENT
dico_phrasis_0000168__es-en__forward,dico_phrasis_0000168,es,en,Un perro blanco y negro,"A black , brown and white dog",BACKWARD_ENTAILMENT
dico_phrasis_0000168__es-en__reverse,dico_phrasis_0000168,es,en,"Un perro negro, marrón y blanco",A black and white dog,FORWARD_ENTAILMENT
dico_phrasis_0000168__es-eu__forward,dico_phrasis_0000168,es,eu,Un perro blanco y negro,"Txakur beltz, marroi eta zuri bat",BACKWARD_ENTAILMENT
dico_phrasis_0000168__es-eu__reverse,dico_phrasis_0000168,es,eu,"Un perro negro, marrón y blanco",Txakur zuri-beltz bat,FORWARD_ENTAILMENT
dico_phrasis_0000168__eu-en__forward,dico_phrasis_0000168,eu,en,Txakur zuri-beltz bat,"A black , brown and white dog",BACKWARD_ENTAILMENT
dico_phrasis_0000168__eu-en__reverse,dico_phrasis_0000168,eu,en,"Txakur beltz, marroi eta zuri bat",A black and white dog,FORWARD_ENTAILMENT
dico_phrasis_0000168__eu-es__forward,dico_phrasis_0000168,eu,es,Txakur zuri-beltz bat,"Un perro negro, marrón y blanco",BACKWARD_ENTAILMENT
dico_phrasis_0000168__eu-es__reverse,dico_phrasis_0000168,eu,es,"Txakur beltz, marroi eta zuri bat",Un perro blanco y negro,FORWARD_ENTAILMENT
dico_phrasis_0000172__en-es__forward,dico_phrasis_0000172,en,es,on the grass,en una llanura cubierta de hierba,BACKWARD_ENTAILMENT
dico_phrasis_0000172__en-es__reverse,dico_phrasis_0000172,en,es,in a grassy plain,sobre el césped,FORWARD_ENTAILMENT
dico_phrasis_0000172__en-eu__forward,dico_phrasis_0000172,en,eu,on the grass,belartsu lautada batean,BACKWARD_ENTAILMENT
dico_phrasis_0000172__en-eu__reverse,dico_phrasis_0000172,en,eu,in a grassy plain,belarraren gainean,FORWARD_ENTAILMENT
dico_phrasis_0000172__es-en__forward,dico_phrasis_0000172,es,en,sobre el césped,in a grassy plain,BACKWARD_ENTAILMENT
dico_phrasis_0000172__es-en__reverse,dico_phrasis_0000172,es,en,en una llanura cubierta de hierba,on the grass,FORWARD_ENTAILMENT
dico_phrasis_0000172__es-eu__forward,dico_phrasis_0000172,es,eu,sobre el césped,belartsu lautada batean,BACKWARD_ENTAILMENT
dico_phrasis_0000172__es-eu__reverse,dico_phrasis_0000172,es,eu,en una llanura cubierta de hierba,belarraren gainean,FORWARD_ENTAILMENT
dico_phrasis_0000172__eu-en__forward,dico_phrasis_0000172,eu,en,belarraren gainean,in a grassy plain,BACKWARD_ENTAILMENT
dico_phrasis_0000172__eu-en__reverse,dico_phrasis_0000172,eu,en,belartsu lautada batean,on the grass,FORWARD_ENTAILMENT
dico_phrasis_0000172__eu-es__forward,dico_phrasis_0000172,eu,es,belarraren gainean,en una llanura cubierta de hierba,BACKWARD_ENTAILMENT
dico_phrasis_0000172__eu-es__reverse,dico_phrasis_0000172,eu,es,belartsu lautada batean,sobre el césped,FORWARD_ENTAILMENT
dico_phrasis_0000180__en-es__forward,dico_phrasis_0000180,en,es,with a stick,con palos,BACKWARD_ENTAILMENT
dico_phrasis_0000180__en-es__reverse,dico_phrasis_0000180,en,es,with sticks,con un palo,FORWARD_ENTAILMENT
dico_phrasis_0000180__en-eu__forward,dico_phrasis_0000180,en,eu,with a stick,makilekin,BACKWARD_ENTAILMENT
dico_phrasis_0000180__en-eu__reverse,dico_phrasis_0000180,en,eu,with sticks,makila batekin,FORWARD_ENTAILMENT
dico_phrasis_0000180__es-en__forward,dico_phrasis_0000180,es,en,con un palo,with sticks,BACKWARD_ENTAILMENT
dico_phrasis_0000180__es-en__reverse,dico_phrasis_0000180,es,en,con palos,with a stick,FORWARD_ENTAILMENT
dico_phrasis_0000180__es-eu__forward,dico_phrasis_0000180,es,eu,con un palo,makilekin,BACKWARD_ENTAILMENT
dico_phrasis_0000180__es-eu__reverse,dico_phrasis_0000180,es,eu,con palos,makila batekin,FORWARD_ENTAILMENT
dico_phrasis_0000180__eu-en__forward,dico_phrasis_0000180,eu,en,makila batekin,with sticks,BACKWARD_ENTAILMENT
dico_phrasis_0000180__eu-en__reverse,dico_phrasis_0000180,eu,en,makilekin,with a stick,FORWARD_ENTAILMENT
dico_phrasis_0000180__eu-es__forward,dico_phrasis_0000180,eu,es,makila batekin,con palos,BACKWARD_ENTAILMENT
dico_phrasis_0000180__eu-es__reverse,dico_phrasis_0000180,eu,es,makilekin,con un palo,FORWARD_ENTAILMENT
dico_phrasis_0000188__en-es__forward,dico_phrasis_0000188,en,es,a white dog,un pequeño perro blanco,BACKWARD_ENTAILMENT
dico_phrasis_0000188__en-es__reverse,dico_phrasis_0000188,en,es,A little white dog,un perro blanco,FORWARD_ENTAILMENT
dico_phrasis_0000188__en-eu__forward,dico_phrasis_0000188,en,eu,a white dog,txakur zuri txiki bat,BACKWARD_ENTAILMENT
dico_phrasis_0000188__en-eu__reverse,dico_phrasis_0000188,en,eu,A little white dog,txakur zuri bat,FORWARD_ENTAILMENT
dico_phrasis_0000188__es-en__forward,dico_phrasis_0000188,es,en,un perro blanco,A little white dog,BACKWARD_ENTAILMENT
dico_phrasis_0000188__es-en__reverse,dico_phrasis_0000188,es,en,un pequeño perro blanco,a white dog,FORWARD_ENTAILMENT
dico_phrasis_0000188__es-eu__forward,dico_phrasis_0000188,es,eu,un perro blanco,txakur zuri txiki bat,BACKWARD_ENTAILMENT
dico_phrasis_0000188__es-eu__reverse,dico_phrasis_0000188,es,eu,un pequeño perro blanco,txakur zuri bat,FORWARD_ENTAILMENT
dico_phrasis_0000188__eu-en__forward,dico_phrasis_0000188,eu,en,txakur zuri bat,A little white dog,BACKWARD_ENTAILMENT
dico_phrasis_0000188__eu-en__reverse,dico_phrasis_0000188,eu,en,txakur zuri txiki bat,a white dog,FORWARD_ENTAILMENT
dico_phrasis_0000188__eu-es__forward,dico_phrasis_0000188,eu,es,txakur zuri bat,un pequeño perro blanco,BACKWARD_ENTAILMENT
dico_phrasis_0000188__eu-es__reverse,dico_phrasis_0000188,eu,es,txakur zuri txiki bat,un perro blanco,FORWARD_ENTAILMENT
dico_phrasis_0000193__en-es__forward,dico_phrasis_0000193,en,es,A dog,Un perro marrón,BACKWARD_ENTAILMENT
dico_phrasis_0000193__en-es__reverse,dico_phrasis_0000193,en,es,A brown dog,Un perro,FORWARD_ENTAILMENT
dico_phrasis_0000193__en-eu__forward,dico_phrasis_0000193,en,eu,A dog,Txakur marroi bat,BACKWARD_ENTAILMENT
dico_phrasis_0000193__en-eu__reverse,dico_phrasis_0000193,en,eu,A brown dog,Txakur bat,FORWARD_ENTAILMENT
dico_phrasis_0000193__es-en__forward,dico_phrasis_0000193,es,en,Un perro,A brown dog,BACKWARD_ENTAILMENT
dico_phrasis_0000193__es-en__reverse,dico_phrasis_0000193,es,en,Un perro marrón,A dog,FORWARD_ENTAILMENT
dico_phrasis_0000193__es-eu__forward,dico_phrasis_0000193,es,eu,Un perro,Txakur marroi bat,BACKWARD_ENTAILMENT
dico_phrasis_0000193__es-eu__reverse,dico_phrasis_0000193,es,eu,Un perro marrón,Txakur bat,FORWARD_ENTAILMENT
dico_phrasis_0000193__eu-en__forward,dico_phrasis_0000193,eu,en,Txakur bat,A brown dog,BACKWARD_ENTAILMENT
dico_phrasis_0000193__eu-en__reverse,dico_phrasis_0000193,eu,en,Txakur marroi bat,A dog,FORWARD_ENTAILMENT
dico_phrasis_0000193__eu-es__forward,dico_phrasis_0000193,eu,es,Txakur bat,Un perro marrón,BACKWARD_ENTAILMENT
dico_phrasis_0000193__eu-es__reverse,dico_phrasis_0000193,eu,es,Txakur marroi bat,Un perro,FORWARD_ENTAILMENT
dico_phrasis_0000208__en-es__forward,dico_phrasis_0000208,en,es,Baby,Una niña pequeña,BACKWARD_ENTAILMENT
dico_phrasis_0000208__en-es__reverse,dico_phrasis_0000208,en,es,A female toddler,Bebé,FORWARD_ENTAILMENT
dico_phrasis_0000208__en-eu__forward,dico_phrasis_0000208,en,eu,Baby,Neskatila txikia,BACKWARD_ENTAILMENT
dico_phrasis_0000208__en-eu__reverse,dico_phrasis_0000208,en,eu,A female toddler,Haurtxoa,FORWARD_ENTAILMENT
dico_phrasis_0000208__es-en__forward,dico_phrasis_0000208,es,en,Bebé,A female toddler,BACKWARD_ENTAILMENT
dico_phrasis_0000208__es-en__reverse,dico_phrasis_0000208,es,en,Una niña pequeña,Baby,FORWARD_ENTAILMENT
dico_phrasis_0000208__es-eu__forward,dico_phrasis_0000208,es,eu,Bebé,Neskatila txikia,BACKWARD_ENTAILMENT
dico_phrasis_0000208__es-eu__reverse,dico_phrasis_0000208,es,eu,Una niña pequeña,Haurtxoa,FORWARD_ENTAILMENT
dico_phrasis_0000208__eu-en__forward,dico_phrasis_0000208,eu,en,Haurtxoa,A female toddler,BACKWARD_ENTAILMENT
dico_phrasis_0000208__eu-en__reverse,dico_phrasis_0000208,eu,en,Neskatila txikia,Baby,FORWARD_ENTAILMENT
dico_phrasis_0000208__eu-es__forward,dico_phrasis_0000208,eu,es,Haurtxoa,Una niña pequeña,BACKWARD_ENTAILMENT
dico_phrasis_0000208__eu-es__reverse,dico_phrasis_0000208,eu,es,Neskatila txikia,Bebé,FORWARD_ENTAILMENT
dico_phrasis_0000213__en-es__forward,dico_phrasis_0000213,en,es,Two dogs,Dos perros de color canela,BACKWARD_ENTAILMENT
dico_phrasis_0000213__en-es__reverse,dico_phrasis_0000213,en,es,Two tan dogs,Dos perros,FORWARD_ENTAILMENT
dico_phrasis_0000213__en-eu__forward,dico_phrasis_0000213,en,eu,Two dogs,Bi txakur arre,BACKWARD_ENTAILMENT
dico_phrasis_0000213__en-eu__reverse,dico_phrasis_0000213,en,eu,Two tan dogs,Bi txakur,FORWARD_ENTAILMENT
dico_phrasis_0000213__es-en__forward,dico_phrasis_0000213,es,en,Dos perros,Two tan dogs,BACKWARD_ENTAILMENT
dico_phrasis_0000213__es-en__reverse,dico_phrasis_0000213,es,en,Dos perros de color canela,Two dogs,FORWARD_ENTAILMENT
dico_phrasis_0000213__es-eu__forward,dico_phrasis_0000213,es,eu,Dos perros,Bi txakur arre,BACKWARD_ENTAILMENT
dico_phrasis_0000213__es-eu__reverse,dico_phrasis_0000213,es,eu,Dos perros de color canela,Bi txakur,FORWARD_ENTAILMENT
dico_phrasis_0000213__eu-en__forward,dico_phrasis_0000213,eu,en,Bi txakur,Two tan dogs,BACKWARD_ENTAILMENT
dico_phrasis_0000213__eu-en__reverse,dico_phrasis_0000213,eu,en,Bi txakur arre,Two dogs,FORWARD_ENTAILMENT
dico_phrasis_0000213__eu-es__forward,dico_phrasis_0000213,eu,es,Bi txakur,Dos perros de color canela,BACKWARD_ENTAILMENT
dico_phrasis_0000213__eu-es__reverse,dico_phrasis_0000213,eu,es,Bi txakur arre,Dos perros,FORWARD_ENTAILMENT
dico_phrasis_0000219__en-es__forward,dico_phrasis_0000219,en,es,across the snow,alrededor de la calle llana y nevada,BACKWARD_ENTAILMENT
dico_phrasis_0000219__en-es__reverse,dico_phrasis_0000219,en,es,around the flat snowy street,a través de la nieve,FORWARD_ENTAILMENT
dico_phrasis_0000219__en-eu__forward,dico_phrasis_0000219,en,eu,across the snow,elurrez estalitako kale lauaren inguruan,BACKWARD_ENTAILMENT
dico_phrasis_0000219__en-eu__reverse,dico_phrasis_0000219,en,eu,around the flat snowy street,elurretan zehar,FORWARD_ENTAILMENT
dico_phrasis_0000219__es-en__forward,dico_phrasis_0000219,es,en,a través de la nieve,around the flat snowy street,BACKWARD_ENTAILMENT
dico_phrasis_0000219__es-en__reverse,dico_phrasis_0000219,es,en,alrededor de la calle llana y nevada,across the snow,FORWARD_ENTAILMENT
dico_phrasis_0000219__es-eu__forward,dico_phrasis_0000219,es,eu,a través de la nieve,elurrez estalitako kale lauaren inguruan,BACKWARD_ENTAILMENT
dico_phrasis_0000219__es-eu__reverse,dico_phrasis_0000219,es,eu,alrededor de la calle llana y nevada,elurretan zehar,FORWARD_ENTAILMENT
dico_phrasis_0000219__eu-en__forward,dico_phrasis_0000219,eu,en,elurretan zehar,around the flat snowy street,BACKWARD_ENTAILMENT
dico_phrasis_0000219__eu-en__reverse,dico_phrasis_0000219,eu,en,elurrez estalitako kale lauaren inguruan,across the snow,FORWARD_ENTAILMENT
dico_phrasis_0000219__eu-es__forward,dico_phrasis_0000219,eu,es,elurretan zehar,alrededor de la calle llana y nevada,BACKWARD_ENTAILMENT
dico_phrasis_0000219__eu-es__reverse,dico_phrasis_0000219,eu,es,elurrez estalitako kale lauaren inguruan,a través de la nieve,FORWARD_ENTAILMENT
dico_phrasis_0000220__en-es__forward,dico_phrasis_0000220,en,es,a ball,una pelota naranja,BACKWARD_ENTAILMENT
dico_phrasis_0000220__en-es__reverse,dico_phrasis_0000220,en,es,an orange ball,una pelota,FORWARD_ENTAILMENT
dico_phrasis_0000220__en-eu__forward,dico_phrasis_0000220,en,eu,a ball,pilota laranja bat,BACKWARD_ENTAILMENT
dico_phrasis_0000220__en-eu__reverse,dico_phrasis_0000220,en,eu,an orange ball,pilota bat,FORWARD_ENTAILMENT
dico_phrasis_0000220__es-en__forward,dico_phrasis_0000220,es,en,una pelota,an orange ball,BACKWARD_ENTAILMENT
dico_phrasis_0000220__es-en__reverse,dico_phrasis_0000220,es,en,una pelota naranja,a ball,FORWARD_ENTAILMENT
dico_phrasis_0000220__es-eu__forward,dico_phrasis_0000220,es,eu,una pelota,pilota laranja bat,BACKWARD_ENTAILMENT
dico_phrasis_0000220__es-eu__reverse,dico_phrasis_0000220,es,eu,una pelota naranja,pilota bat,FORWARD_ENTAILMENT
dico_phrasis_0000220__eu-en__forward,dico_phrasis_0000220,eu,en,pilota bat,an orange ball,BACKWARD_ENTAILMENT
dico_phrasis_0000220__eu-en__reverse,dico_phrasis_0000220,eu,en,pilota laranja bat,a ball,FORWARD_ENTAILMENT
dico_phrasis_0000220__eu-es__forward,dico_phrasis_0000220,eu,es,pilota bat,una pelota naranja,BACKWARD_ENTAILMENT
dico_phrasis_0000220__eu-es__reverse,dico_phrasis_0000220,eu,es,pilota laranja bat,una pelota,FORWARD_ENTAILMENT
dico_phrasis_0000221__en-es__forward,dico_phrasis_0000221,en,es,in a yard,en un campo cubierto de hierba,BACKWARD_ENTAILMENT
dico_phrasis_0000221__en-es__reverse,dico_phrasis_0000221,en,es,in a grassy field,en un patio,FORWARD_ENTAILMENT
dico_phrasis_0000221__en-eu__forward,dico_phrasis_0000221,en,eu,in a yard,belarrezko zelai batean,BACKWARD_ENTAILMENT
dico_phrasis_0000221__en-eu__reverse,dico_phrasis_0000221,en,eu,in a grassy field,patio batean,FORWARD_ENTAILMENT
dico_phrasis_0000221__es-en__forward,dico_phrasis_0000221,es,en,en un patio,in a grassy field,BACKWARD_ENTAILMENT
dico_phrasis_0000221__es-en__reverse,dico_phrasis_0000221,es,en,en un campo cubierto de hierba,in a yard,FORWARD_ENTAILMENT
dico_phrasis_0000221__es-eu__forward,dico_phrasis_0000221,es,eu,en un patio,belarrezko zelai batean,BACKWARD_ENTAILMENT
dico_phrasis_0000221__es-eu__reverse,dico_phrasis_0000221,es,eu,en un campo cubierto de hierba,patio batean,FORWARD_ENTAILMENT
dico_phrasis_0000221__eu-en__forward,dico_phrasis_0000221,eu,en,patio batean,in a grassy field,BACKWARD_ENTAILMENT
dico_phrasis_0000221__eu-en__reverse,dico_phrasis_0000221,eu,en,belarrezko zelai batean,in a yard,FORWARD_ENTAILMENT
dico_phrasis_0000221__eu-es__forward,dico_phrasis_0000221,eu,es,patio batean,en un campo cubierto de hierba,BACKWARD_ENTAILMENT
dico_phrasis_0000221__eu-es__reverse,dico_phrasis_0000221,eu,es,belarrezko zelai batean,en un patio,FORWARD_ENTAILMENT
dico_phrasis_0000223__en-es__forward,dico_phrasis_0000223,en,es,while a bull,de un toro marrón,BACKWARD_ENTAILMENT
dico_phrasis_0000223__en-es__reverse,dico_phrasis_0000223,en,es,of a brown bull,mientras un toro,FORWARD_ENTAILMENT
dico_phrasis_0000223__en-eu__forward,dico_phrasis_0000223,en,eu,while a bull,zezen arre batena,BACKWARD_ENTAILMENT
dico_phrasis_0000223__en-eu__reverse,dico_phrasis_0000223,en,eu,of a brown bull,zezen bat den bitartean,FORWARD_ENTAILMENT
dico_phrasis_0000223__es-en__forward,dico_phrasis_0000223,es,en,mientras un toro,of a brown bull,BACKWARD_ENTAILMENT
dico_phrasis_0000223__es-en__reverse,dico_phrasis_0000223,es,en,de un toro marrón,while a bull,FORWARD_ENTAILMENT
dico_phrasis_0000223__es-eu__forward,dico_phrasis_0000223,es,eu,mientras un toro,zezen arre batena,BACKWARD_ENTAILMENT
dico_phrasis_0000223__es-eu__reverse,dico_phrasis_0000223,es,eu,de un toro marrón,zezen bat den bitartean,FORWARD_ENTAILMENT
dico_phrasis_0000223__eu-en__forward,dico_phrasis_0000223,eu,en,zezen bat den bitartean,of a brown bull,BACKWARD_ENTAILMENT
dico_phrasis_0000223__eu-en__reverse,dico_phrasis_0000223,eu,en,zezen arre batena,while a bull,FORWARD_ENTAILMENT
dico_phrasis_0000223__eu-es__forward,dico_phrasis_0000223,eu,es,zezen bat den bitartean,de un toro marrón,BACKWARD_ENTAILMENT
dico_phrasis_0000223__eu-es__reverse,dico_phrasis_0000223,eu,es,zezen arre batena,mientras un toro,FORWARD_ENTAILMENT
dico_phrasis_0000229__en-es__forward,dico_phrasis_0000229,en,es,Friday,mediodía del viernes,BACKWARD_ENTAILMENT
dico_phrasis_0000229__en-es__reverse,dico_phrasis_0000229,en,es,midday Friday,viernes,FORWARD_ENTAILMENT
dico_phrasis_0000229__en-eu__forward,dico_phrasis_0000229,en,eu,Friday,ostiral eguerdia,BACKWARD_ENTAILMENT
dico_phrasis_0000229__en-eu__reverse,dico_phrasis_0000229,en,eu,midday Friday,ostirala,FORWARD_ENTAILMENT
dico_phrasis_0000229__es-en__forward,dico_phrasis_0000229,es,en,viernes,midday Friday,BACKWARD_ENTAILMENT
dico_phrasis_0000229__es-en__reverse,dico_phrasis_0000229,es,en,mediodía del viernes,Friday,FORWARD_ENTAILMENT
dico_phrasis_0000229__es-eu__forward,dico_phrasis_0000229,es,eu,viernes,ostiral eguerdia,BACKWARD_ENTAILMENT
dico_phrasis_0000229__es-eu__reverse,dico_phrasis_0000229,es,eu,mediodía del viernes,ostirala,FORWARD_ENTAILMENT
dico_phrasis_0000229__eu-en__forward,dico_phrasis_0000229,eu,en,ostirala,midday Friday,BACKWARD_ENTAILMENT
dico_phrasis_0000229__eu-en__reverse,dico_phrasis_0000229,eu,en,ostiral eguerdia,Friday,FORWARD_ENTAILMENT
dico_phrasis_0000229__eu-es__forward,dico_phrasis_0000229,eu,es,ostirala,mediodía del viernes,BACKWARD_ENTAILMENT
dico_phrasis_0000229__eu-es__reverse,dico_phrasis_0000229,eu,es,ostiral eguerdia,viernes,FORWARD_ENTAILMENT
dico_phrasis_0000230__en-es__forward,dico_phrasis_0000230,en,es,Boeing 787 Dreamliner,en 787 Dreamliner,BACKWARD_ENTAILMENT
dico_phrasis_0000230__en-es__reverse,dico_phrasis_0000230,en,es,on 787 Dreamliner,Boeing 787 Dreamliner,FORWARD_ENTAILMENT
dico_phrasis_0000230__en-eu__forward,dico_phrasis_0000230,en,eu,Boeing 787 Dreamliner,787 Dreamliner-en gainean,BACKWARD_ENTAILMENT
dico_phrasis_0000230__en-eu__reverse,dico_phrasis_0000230,en,eu,on 787 Dreamliner,Boeing 787 Dreamliner,FORWARD_ENTAILMENT
dico_phrasis_0000230__es-en__forward,dico_phrasis_0000230,es,en,Boeing 787 Dreamliner,on 787 Dreamliner,BACKWARD_ENTAILMENT
dico_phrasis_0000230__es-en__reverse,dico_phrasis_0000230,es,en,en 787 Dreamliner,Boeing 787 Dreamliner,FORWARD_ENTAILMENT
dico_phrasis_0000230__es-eu__forward,dico_phrasis_0000230,es,eu,Boeing 787 Dreamliner,787 Dreamliner-en gainean,BACKWARD_ENTAILMENT
dico_phrasis_0000230__es-eu__reverse,dico_phrasis_0000230,es,eu,en 787 Dreamliner,Boeing 787 Dreamliner,FORWARD_ENTAILMENT
dico_phrasis_0000230__eu-en__forward,dico_phrasis_0000230,eu,en,Boeing 787 Dreamliner,on 787 Dreamliner,BACKWARD_ENTAILMENT
dico_phrasis_0000230__eu-en__reverse,dico_phrasis_0000230,eu,en,787 Dreamliner-en gainean,Boeing 787 Dreamliner,FORWARD_ENTAILMENT
dico_phrasis_0000230__eu-es__forward,dico_phrasis_0000230,eu,es,Boeing 787 Dreamliner,en 787 Dreamliner,BACKWARD_ENTAILMENT
dico_phrasis_0000230__eu-es__reverse,dico_phrasis_0000230,eu,es,787 Dreamliner-en gainean,Boeing 787 Dreamliner,FORWARD_ENTAILMENT
dico_phrasis_0000240__en-es__forward,dico_phrasis_0000240,en,es,Opposition leaders,Líderes de la oposición de Camboya,BACKWARD_ENTAILMENT
dico_phrasis_0000240__en-es__reverse,dico_phrasis_0000240,en,es,Cambodia opposition leaders,Líderes de la oposición,FORWARD_ENTAILMENT
dico_phrasis_0000240__en-eu__forward,dico_phrasis_0000240,en,eu,Opposition leaders,Kanbodiako oposizioko buruzagiak,BACKWARD_ENTAILMENT
dico_phrasis_0000240__en-eu__reverse,dico_phrasis_0000240,en,eu,Cambodia opposition leaders,oposizioko buruzagiak,FORWARD_ENTAILMENT
dico_phrasis_0000240__es-en__forward,dico_phrasis_0000240,es,en,Líderes de la oposición,Cambodia opposition leaders,BACKWARD_ENTAILMENT
dico_phrasis_0000240__es-en__reverse,dico_phrasis_0000240,es,en,Líderes de la oposición de Camboya,Opposition leaders,FORWARD_ENTAILMENT
dico_phrasis_0000240__es-eu__forward,dico_phrasis_0000240,es,eu,Líderes de la oposición,Kanbodiako oposizioko buruzagiak,BACKWARD_ENTAILMENT
dico_phrasis_0000240__es-eu__reverse,dico_phrasis_0000240,es,eu,Líderes de la oposición de Camboya,oposizioko buruzagiak,FORWARD_ENTAILMENT
dico_phrasis_0000240__eu-en__forward,dico_phrasis_0000240,eu,en,oposizioko buruzagiak,Cambodia opposition leaders,BACKWARD_ENTAILMENT
dico_phrasis_0000240__eu-en__reverse,dico_phrasis_0000240,eu,en,Kanbodiako oposizioko buruzagiak,Opposition leaders,FORWARD_ENTAILMENT
dico_phrasis_0000240__eu-es__forward,dico_phrasis_0000240,eu,es,oposizioko buruzagiak,Líderes de la oposición de Camboya,BACKWARD_ENTAILMENT
dico_phrasis_0000240__eu-es__reverse,dico_phrasis_0000240,eu,es,Kanbodiako oposizioko buruzagiak,Líderes de la oposición,FORWARD_ENTAILMENT
dico_phrasis_0000242__en-es__forward,dico_phrasis_0000242,en,es,North Korean nuclear test,controvertida tercera prueba nuclear de Corea del Norte,BACKWARD_ENTAILMENT
dico_phrasis_0000242__en-es__reverse,dico_phrasis_0000242,en,es,North Korea controversial third nuclear test,prueba nuclear norcoreana,FORWARD_ENTAILMENT
dico_phrasis_0000242__en-eu__forward,dico_phrasis_0000242,en,eu,North Korean nuclear test,Ipar Koreako hirugarren proba nuklear eztabaidagarria,BACKWARD_ENTAILMENT
dico_phrasis_0000242__en-eu__reverse,dico_phrasis_0000242,en,eu,North Korea controversial third nuclear test,Ipar Koreako proba nuklearra,FORWARD_ENTAILMENT
dico_phrasis_0000242__es-en__forward,dico_phrasis_0000242,es,en,prueba nuclear norcoreana,North Korea controversial third nuclear test,BACKWARD_ENTAILMENT
dico_phrasis_0000242__es-en__reverse,dico_phrasis_0000242,es,en,controvertida tercera prueba nuclear de Corea del Norte,North Korean nuclear test,FORWARD_ENTAILMENT
dico_phrasis_0000242__es-eu__forward,dico_phrasis_0000242,es,eu,prueba nuclear norcoreana,Ipar Koreako hirugarren proba nuklear eztabaidagarria,BACKWARD_ENTAILMENT
dico_phrasis_0000242__es-eu__reverse,dico_phrasis_0000242,es,eu,controvertida tercera prueba nuclear de Corea del Norte,Ipar Koreako proba nuklearra,FORWARD_ENTAILMENT
dico_phrasis_0000242__eu-en__forward,dico_phrasis_0000242,eu,en,Ipar Koreako proba nuklearra,North Korea controversial third nuclear test,BACKWARD_ENTAILMENT
dico_phrasis_0000242__eu-en__reverse,dico_phrasis_0000242,eu,en,Ipar Koreako hirugarren proba nuklear eztabaidagarria,North Korean nuclear test,FORWARD_ENTAILMENT
dico_phrasis_0000242__eu-es__forward,dico_phrasis_0000242,eu,es,Ipar Koreako proba nuklearra,controvertida tercera prueba nuclear de Corea del Norte,BACKWARD_ENTAILMENT
dico_phrasis_0000242__eu-es__reverse,dico_phrasis_0000242,eu,es,Ipar Koreako hirugarren proba nuklear eztabaidagarria,prueba nuclear norcoreana,FORWARD_ENTAILMENT
dico_phrasis_0000248__en-es__forward,dico_phrasis_0000248,en,es,50th anniversary,En el 50.º aniversario,BACKWARD_ENTAILMENT
dico_phrasis_0000248__en-es__reverse,dico_phrasis_0000248,en,es,On 50th anniversary,50.º aniversario,FORWARD_ENTAILMENT
dico_phrasis_0000248__en-eu__forward,dico_phrasis_0000248,en,eu,50th anniversary,50. urteurrenean,BACKWARD_ENTAILMENT
dico_phrasis_0000248__en-eu__reverse,dico_phrasis_0000248,en,eu,On 50th anniversary,50. urteurrena,FORWARD_ENTAILMENT
dico_phrasis_0000248__es-en__forward,dico_phrasis_0000248,es,en,50.º aniversario,On 50th anniversary,BACKWARD_ENTAILMENT
dico_phrasis_0000248__es-en__reverse,dico_phrasis_0000248,es,en,En el 50.º aniversario,50th anniversary,FORWARD_ENTAILMENT
dico_phrasis_0000248__es-eu__forward,dico_phrasis_0000248,es,eu,50.º aniversario,50. urteurrenean,BACKWARD_ENTAILMENT
dico_phrasis_0000248__es-eu__reverse,dico_phrasis_0000248,es,eu,En el 50.º aniversario,50. urteurrena,FORWARD_ENTAILMENT
dico_phrasis_0000248__eu-en__forward,dico_phrasis_0000248,eu,en,50. urteurrena,On 50th anniversary,BACKWARD_ENTAILMENT
dico_phrasis_0000248__eu-en__reverse,dico_phrasis_0000248,eu,en,50. urteurrenean,50th anniversary,FORWARD_ENTAILMENT
dico_phrasis_0000248__eu-es__forward,dico_phrasis_0000248,eu,es,50. urteurrena,En el 50.º aniversario,BACKWARD_ENTAILMENT
dico_phrasis_0000248__eu-es__reverse,dico_phrasis_0000248,eu,es,50. urteurrenean,50.º aniversario,FORWARD_ENTAILMENT
dico_phrasis_0000251__en-es__forward,dico_phrasis_0000251,en,es,hopes,Grandes esperanzas,BACKWARD_ENTAILMENT
dico_phrasis_0000251__en-es__reverse,dico_phrasis_0000251,en,es,High Hopes,esperanzas,FORWARD_ENTAILMENT
dico_phrasis_0000251__en-eu__forward,dico_phrasis_0000251,en,eu,hopes,Itxaropen Handiak,BACKWARD_ENTAILMENT
dico_phrasis_0000251__en-eu__reverse,dico_phrasis_0000251,en,eu,High Hopes,itxaropenak,FORWARD_ENTAILMENT
dico_phrasis_0000251__es-en__forward,dico_phrasis_0000251,es,en,esperanzas,High Hopes,BACKWARD_ENTAILMENT
dico_phrasis_0000251__es-en__reverse,dico_phrasis_0000251,es,en,Grandes esperanzas,hopes,FORWARD_ENTAILMENT
dico_phrasis_0000251__es-eu__forward,dico_phrasis_0000251,es,eu,esperanzas,Itxaropen Handiak,BACKWARD_ENTAILMENT
dico_phrasis_0000251__es-eu__reverse,dico_phrasis_0000251,es,eu,Grandes esperanzas,itxaropenak,FORWARD_ENTAILMENT
dico_phrasis_0000251__eu-en__forward,dico_phrasis_0000251,eu,en,itxaropenak,High Hopes,BACKWARD_ENTAILMENT
dico_phrasis_0000251__eu-en__reverse,dico_phrasis_0000251,eu,en,Itxaropen Handiak,hopes,FORWARD_ENTAILMENT
dico_phrasis_0000251__eu-es__forward,dico_phrasis_0000251,eu,es,itxaropenak,Grandes esperanzas,BACKWARD_ENTAILMENT
dico_phrasis_0000251__eu-es__reverse,dico_phrasis_0000251,eu,es,Itxaropen Handiak,esperanzas,FORWARD_ENTAILMENT
dico_phrasis_0000257__en-es__forward,dico_phrasis_0000257,en,es,Committee,Comité Judicial del Senado,BACKWARD_ENTAILMENT
dico_phrasis_0000257__en-es__reverse,dico_phrasis_0000257,en,es,Senate Judiciary Committee,Comité,FORWARD_ENTAILMENT
dico_phrasis_0000257__en-eu__forward,dico_phrasis_0000257,en,eu,Committee,Senatuko Botere Judizialaren Batzordea,BACKWARD_ENTAILMENT
dico_phrasis_0000257__en-eu__reverse,dico_phrasis_0000257,en,eu,Senate Judiciary Committee,Batzordea,FORWARD_ENTAILMENT
dico_phrasis_0000257__es-en__forward,dico_phrasis_0000257,es,en,Comité,Senate Judiciary Committee,BACKWARD_ENTAILMENT
dico_phrasis_0000257__es-en__reverse,dico_phrasis_0000257,es,en,Comité Judicial del Senado,Committee,FORWARD_ENTAILMENT
dico_phrasis_0000257__es-eu__forward,dico_phrasis_0000257,es,eu,Comité,Senatuko Botere Judizialaren Batzordea,BACKWARD_ENTAILMENT
dico_phrasis_0000257__es-eu__reverse,dico_phrasis_0000257,es,eu,Comité Judicial del Senado,Batzordea,FORWARD_ENTAILMENT
dico_phrasis_0000257__eu-en__forward,dico_phrasis_0000257,eu,en,Batzordea,Senate Judiciary Committee,BACKWARD_ENTAILMENT
dico_phrasis_0000257__eu-en__reverse,dico_phrasis_0000257,eu,en,Senatuko Botere Judizialaren Batzordea,Committee,FORWARD_ENTAILMENT
dico_phrasis_0000257__eu-es__forward,dico_phrasis_0000257,eu,es,Batzordea,Comité Judicial del Senado,BACKWARD_ENTAILMENT
dico_phrasis_0000257__eu-es__reverse,dico_phrasis_0000257,eu,es,Senatuko Botere Judizialaren Batzordea,Comité,FORWARD_ENTAILMENT
dico_phrasis_0000259__en-es__forward,dico_phrasis_0000259,en,es,health care law,nueva ley de atención médica,BACKWARD_ENTAILMENT
dico_phrasis_0000259__en-es__reverse,dico_phrasis_0000259,en,es,new health care law,ley de atención médica,FORWARD_ENTAILMENT
dico_phrasis_0000259__en-eu__forward,dico_phrasis_0000259,en,eu,health care law,osasun-arloko lege berria,BACKWARD_ENTAILMENT
dico_phrasis_0000259__en-eu__reverse,dico_phrasis_0000259,en,eu,new health care law,osasun-arloko legea,FORWARD_ENTAILMENT
dico_phrasis_0000259__es-en__forward,dico_phrasis_0000259,es,en,ley de atención médica,new health care law,BACKWARD_ENTAILMENT
dico_phrasis_0000259__es-en__reverse,dico_phrasis_0000259,es,en,nueva ley de atención médica,health care law,FORWARD_ENTAILMENT
dico_phrasis_0000259__es-eu__forward,dico_phrasis_0000259,es,eu,ley de atención médica,osasun-arloko lege berria,BACKWARD_ENTAILMENT
dico_phrasis_0000259__es-eu__reverse,dico_phrasis_0000259,es,eu,nueva ley de atención médica,osasun-arloko legea,FORWARD_ENTAILMENT
dico_phrasis_0000259__eu-en__forward,dico_phrasis_0000259,eu,en,osasun-arloko legea,new health care law,BACKWARD_ENTAILMENT
dico_phrasis_0000259__eu-en__reverse,dico_phrasis_0000259,eu,en,osasun-arloko lege berria,health care law,FORWARD_ENTAILMENT
dico_phrasis_0000259__eu-es__forward,dico_phrasis_0000259,eu,es,osasun-arloko legea,nueva ley de atención médica,BACKWARD_ENTAILMENT
dico_phrasis_0000259__eu-es__reverse,dico_phrasis_0000259,eu,es,osasun-arloko lege berria,ley de atención médica,FORWARD_ENTAILMENT
dico_phrasis_0000264__en-es__forward,dico_phrasis_0000264,en,es,to Oprah,en entrevista con Oprah,BACKWARD_ENTAILMENT
dico_phrasis_0000264__en-es__reverse,dico_phrasis_0000264,en,es,in Oprah interview,a Oprah,FORWARD_ENTAILMENT
dico_phrasis_0000264__en-eu__forward,dico_phrasis_0000264,en,eu,to Oprah,Oprahri egindako elkarrizketan,BACKWARD_ENTAILMENT
dico_phrasis_0000264__en-eu__reverse,dico_phrasis_0000264,en,eu,in Oprah interview,Oprahri,FORWARD_ENTAILMENT
dico_phrasis_0000264__es-en__forward,dico_phrasis_0000264,es,en,a Oprah,in Oprah interview,BACKWARD_ENTAILMENT
dico_phrasis_0000264__es-en__reverse,dico_phrasis_0000264,es,en,en entrevista con Oprah,to Oprah,FORWARD_ENTAILMENT
dico_phrasis_0000264__es-eu__forward,dico_phrasis_0000264,es,eu,a Oprah,Oprahri egindako elkarrizketan,BACKWARD_ENTAILMENT
dico_phrasis_0000264__es-eu__reverse,dico_phrasis_0000264,es,eu,en entrevista con Oprah,Oprahri,FORWARD_ENTAILMENT
dico_phrasis_0000264__eu-en__forward,dico_phrasis_0000264,eu,en,Oprahri,in Oprah interview,BACKWARD_ENTAILMENT
dico_phrasis_0000264__eu-en__reverse,dico_phrasis_0000264,eu,en,Oprahri egindako elkarrizketan,to Oprah,FORWARD_ENTAILMENT
dico_phrasis_0000264__eu-es__forward,dico_phrasis_0000264,eu,es,Oprahri,en entrevista con Oprah,BACKWARD_ENTAILMENT
dico_phrasis_0000264__eu-es__reverse,dico_phrasis_0000264,eu,es,Oprahri egindako elkarrizketan,a Oprah,FORWARD_ENTAILMENT
dico_phrasis_0000265__en-es__forward,dico_phrasis_0000265,en,es,six global powers,potencias mundiales,BACKWARD_ENTAILMENT
dico_phrasis_0000265__en-es__reverse,dico_phrasis_0000265,en,es,world powers,seis potencias globales,FORWARD_ENTAILMENT
dico_phrasis_0000265__en-eu__forward,dico_phrasis_0000265,en,eu,six global powers,munduko potentziak,BACKWARD_ENTAILMENT
dico_phrasis_0000265__en-eu__reverse,dico_phrasis_0000265,en,eu,world powers,mundu mailako sei potentzia,FORWARD_ENTAILMENT
dico_phrasis_0000265__es-en__forward,dico_phrasis_0000265,es,en,seis potencias globales,world powers,BACKWARD_ENTAILMENT
dico_phrasis_0000265__es-en__reverse,dico_phrasis_0000265,es,en,potencias mundiales,six global powers,FORWARD_ENTAILMENT
dico_phrasis_0000265__es-eu__forward,dico_phrasis_0000265,es,eu,seis potencias globales,munduko potentziak,BACKWARD_ENTAILMENT
dico_phrasis_0000265__es-eu__reverse,dico_phrasis_0000265,es,eu,potencias mundiales,mundu mailako sei potentzia,FORWARD_ENTAILMENT
dico_phrasis_0000265__eu-en__forward,dico_phrasis_0000265,eu,en,mundu mailako sei potentzia,world powers,BACKWARD_ENTAILMENT
dico_phrasis_0000265__eu-en__reverse,dico_phrasis_0000265,eu,en,munduko potentziak,six global powers,FORWARD_ENTAILMENT
dico_phrasis_0000265__eu-es__forward,dico_phrasis_0000265,eu,es,mundu mailako sei potentzia,potencias mundiales,BACKWARD_ENTAILMENT
dico_phrasis_0000265__eu-es__reverse,dico_phrasis_0000265,eu,es,munduko potentziak,seis potencias globales,FORWARD_ENTAILMENT
dico_phrasis_0000283__en-es__forward,dico_phrasis_0000283,en,es,Muslim Brotherhood supporter,simpatizantes de la Hermandad Musulmana,BACKWARD_ENTAILMENT
dico_phrasis_0000283__en-es__reverse,dico_phrasis_0000283,en,es,Muslim Brotherhood supporters,simpatizante de la Hermandad Musulmana,FORWARD_ENTAILMENT
dico_phrasis_0000283__en-eu__forward,dico_phrasis_0000283,en,eu,Muslim Brotherhood supporter,Musulmanen Anaidiaren jarraitzaileak,BACKWARD_ENTAILMENT
dico_phrasis_0000283__en-eu__reverse,dico_phrasis_0000283,en,eu,Muslim Brotherhood supporters,Musulmanen Anaidiaren jarraitzailea,FORWARD_ENTAILMENT
dico_phrasis_0000283__es-en__forward,dico_phrasis_0000283,es,en,simpatizante de la Hermandad Musulmana,Muslim Brotherhood supporters,BACKWARD_ENTAILMENT
dico_phrasis_0000283__es-en__reverse,dico_phrasis_0000283,es,en,simpatizantes de la Hermandad Musulmana,Muslim Brotherhood supporter,FORWARD_ENTAILMENT
dico_phrasis_0000283__es-eu__forward,dico_phrasis_0000283,es,eu,simpatizante de la Hermandad Musulmana,Musulmanen Anaidiaren jarraitzaileak,BACKWARD_ENTAILMENT
dico_phrasis_0000283__es-eu__reverse,dico_phrasis_0000283,es,eu,simpatizantes de la Hermandad Musulmana,Musulmanen Anaidiaren jarraitzailea,FORWARD_ENTAILMENT
dico_phrasis_0000283__eu-en__forward,dico_phrasis_0000283,eu,en,Musulmanen Anaidiaren jarraitzailea,Muslim Brotherhood supporters,BACKWARD_ENTAILMENT
dico_phrasis_0000283__eu-en__reverse,dico_phrasis_0000283,eu,en,Musulmanen Anaidiaren jarraitzaileak,Muslim Brotherhood supporter,FORWARD_ENTAILMENT
dico_phrasis_0000283__eu-es__forward,dico_phrasis_0000283,eu,es,Musulmanen Anaidiaren jarraitzailea,simpatizantes de la Hermandad Musulmana,BACKWARD_ENTAILMENT
dico_phrasis_0000283__eu-es__reverse,dico_phrasis_0000283,eu,es,Musulmanen Anaidiaren jarraitzaileak,simpatizante de la Hermandad Musulmana,FORWARD_ENTAILMENT
dico_phrasis_0000284__en-es__forward,dico_phrasis_0000284,en,es,Thursday,el jueves,BACKWARD_ENTAILMENT
dico_phrasis_0000284__en-es__reverse,dico_phrasis_0000284,en,es,on Thursday,jueves,FORWARD_ENTAILMENT
dico_phrasis_0000284__en-eu__forward,dico_phrasis_0000284,en,eu,Thursday,ostegunean,BACKWARD_ENTAILMENT
dico_phrasis_0000284__en-eu__reverse,dico_phrasis_0000284,en,eu,on Thursday,osteguna,FORWARD_ENTAILMENT
dico_phrasis_0000284__es-en__forward,dico_phrasis_0000284,es,en,jueves,on Thursday,BACKWARD_ENTAILMENT
dico_phrasis_0000284__es-en__reverse,dico_phrasis_0000284,es,en,el jueves,Thursday,FORWARD_ENTAILMENT
dico_phrasis_0000284__es-eu__forward,dico_phrasis_0000284,es,eu,jueves,ostegunean,BACKWARD_ENTAILMENT
dico_phrasis_0000284__es-eu__reverse,dico_phrasis_0000284,es,eu,el jueves,osteguna,FORWARD_ENTAILMENT
dico_phrasis_0000284__eu-en__forward,dico_phrasis_0000284,eu,en,osteguna,on Thursday,BACKWARD_ENTAILMENT
dico_phrasis_0000284__eu-en__reverse,dico_phrasis_0000284,eu,en,ostegunean,Thursday,FORWARD_ENTAILMENT
dico_phrasis_0000284__eu-es__forward,dico_phrasis_0000284,eu,es,osteguna,el jueves,BACKWARD_ENTAILMENT
dico_phrasis_0000284__eu-es__reverse,dico_phrasis_0000284,eu,es,ostegunean,jueves,FORWARD_ENTAILMENT
dico_phrasis_0000288__en-es__forward,dico_phrasis_0000288,en,es,in Spanish train crash,en español accidente de tren de alta velocidad,BACKWARD_ENTAILMENT
dico_phrasis_0000288__en-es__reverse,dico_phrasis_0000288,en,es,in Spanish high-speed train crash,en español accidente de tren,FORWARD_ENTAILMENT
dico_phrasis_0000288__en-eu__forward,dico_phrasis_0000288,en,eu,in Spanish train crash,Espainiako abiadura handiko tren istripuan,BACKWARD_ENTAILMENT
dico_phrasis_0000288__en-eu__reverse,dico_phrasis_0000288,en,eu,in Spanish high-speed train crash,Espainiako tren istripuan,FORWARD_ENTAILMENT
dico_phrasis_0000288__es-en__forward,dico_phrasis_0000288,es,en,en español accidente de tren,in Spanish high-speed train crash,BACKWARD_ENTAILMENT
dico_phrasis_0000288__es-en__reverse,dico_phrasis_0000288,es,en,en español accidente de tren de alta velocidad,in Spanish train crash,FORWARD_ENTAILMENT
dico_phrasis_0000288__es-eu__forward,dico_phrasis_0000288,es,eu,en español accidente de tren,Espainiako abiadura handiko tren istripuan,BACKWARD_ENTAILMENT
dico_phrasis_0000288__es-eu__reverse,dico_phrasis_0000288,es,eu,en español accidente de tren de alta velocidad,Espainiako tren istripuan,FORWARD_ENTAILMENT
dico_phrasis_0000288__eu-en__forward,dico_phrasis_0000288,eu,en,Espainiako tren istripuan,in Spanish high-speed train crash,BACKWARD_ENTAILMENT
dico_phrasis_0000288__eu-en__reverse,dico_phrasis_0000288,eu,en,Espainiako abiadura handiko tren istripuan,in Spanish train crash,FORWARD_ENTAILMENT
dico_phrasis_0000288__eu-es__forward,dico_phrasis_0000288,eu,es,Espainiako tren istripuan,en español accidente de tren de alta velocidad,BACKWARD_ENTAILMENT
dico_phrasis_0000288__eu-es__reverse,dico_phrasis_0000288,eu,es,Espainiako abiadura handiko tren istripuan,en español accidente de tren,FORWARD_ENTAILMENT
dico_phrasis_0000289__en-es__forward,dico_phrasis_0000289,en,es,Up to 50 dead,Más de 70 muertos,BACKWARD_ENTAILMENT
dico_phrasis_0000289__en-es__reverse,dico_phrasis_0000289,en,es,Over 70 dead,Hasta 50 muertos,FORWARD_ENTAILMENT
dico_phrasis_0000289__en-eu__forward,dico_phrasis_0000289,en,eu,Up to 50 dead,70 hildako baino gehiago,BACKWARD_ENTAILMENT
dico_phrasis_0000289__en-eu__reverse,dico_phrasis_0000289,en,eu,Over 70 dead,Gehienez 50 hildako,FORWARD_ENTAILMENT
dico_phrasis_0000289__es-en__forward,dico_phrasis_0000289,es,en,Hasta 50 muertos,Over 70 dead,BACKWARD_ENTAILMENT
dico_phrasis_0000289__es-en__reverse,dico_phrasis_0000289,es,en,Más de 70 muertos,Up to 50 dead,FORWARD_ENTAILMENT
dico_phrasis_0000289__es-eu__forward,dico_phrasis_0000289,es,eu,Hasta 50 muertos,70 hildako baino gehiago,BACKWARD_ENTAILMENT
dico_phrasis_0000289__es-eu__reverse,dico_phrasis_0000289,es,eu,Más de 70 muertos,Gehienez 50 hildako,FORWARD_ENTAILMENT
dico_phrasis_0000289__eu-en__forward,dico_phrasis_0000289,eu,en,Gehienez 50 hildako,Over 70 dead,BACKWARD_ENTAILMENT
dico_phrasis_0000289__eu-en__reverse,dico_phrasis_0000289,eu,en,70 hildako baino gehiago,Up to 50 dead,FORWARD_ENTAILMENT
dico_phrasis_0000289__eu-es__forward,dico_phrasis_0000289,eu,es,Gehienez 50 hildako,Más de 70 muertos,BACKWARD_ENTAILMENT
dico_phrasis_0000289__eu-es__reverse,dico_phrasis_0000289,eu,es,70 hildako baino gehiago,Hasta 50 muertos,FORWARD_ENTAILMENT
dico_phrasis_0000292__en-es__forward,dico_phrasis_0000292,en,es,900 settlement homes,para nuevas viviendas de colonos,BACKWARD_ENTAILMENT
dico_phrasis_0000292__en-es__reverse,dico_phrasis_0000292,en,es,for new settler homes,900 viviendas de asentamiento,FORWARD_ENTAILMENT
dico_phrasis_0000292__en-eu__forward,dico_phrasis_0000292,en,eu,900 settlement homes,kolonoen etxe berrientzat,BACKWARD_ENTAILMENT
dico_phrasis_0000292__en-eu__reverse,dico_phrasis_0000292,en,eu,for new settler homes,900 kokaleku-etxe,FORWARD_ENTAILMENT
dico_phrasis_0000292__es-en__forward,dico_phrasis_0000292,es,en,900 viviendas de asentamiento,for new settler homes,BACKWARD_ENTAILMENT
dico_phrasis_0000292__es-en__reverse,dico_phrasis_0000292,es,en,para nuevas viviendas de colonos,900 settlement homes,FORWARD_ENTAILMENT
dico_phrasis_0000292__es-eu__forward,dico_phrasis_0000292,es,eu,900 viviendas de asentamiento,kolonoen etxe berrientzat,BACKWARD_ENTAILMENT
dico_phrasis_0000292__es-eu__reverse,dico_phrasis_0000292,es,eu,para nuevas viviendas de colonos,900 kokaleku-etxe,FORWARD_ENTAILMENT
dico_phrasis_0000292__eu-en__forward,dico_phrasis_0000292,eu,en,900 kokaleku-etxe,for new settler homes,BACKWARD_ENTAILMENT
dico_phrasis_0000292__eu-en__reverse,dico_phrasis_0000292,eu,en,kolonoen etxe berrientzat,900 settlement homes,FORWARD_ENTAILMENT
dico_phrasis_0000292__eu-es__forward,dico_phrasis_0000292,eu,es,900 kokaleku-etxe,para nuevas viviendas de colonos,BACKWARD_ENTAILMENT
dico_phrasis_0000292__eu-es__reverse,dico_phrasis_0000292,eu,es,kolonoen etxe berrientzat,900 viviendas de asentamiento,FORWARD_ENTAILMENT
dico_phrasis_0000297__en-es__forward,dico_phrasis_0000297,en,es,Tornadoes,"Tornados, tormentas dañinas",BACKWARD_ENTAILMENT
dico_phrasis_0000297__en-es__reverse,dico_phrasis_0000297,en,es,"Tornadoes , damaging storms",Tornados,FORWARD_ENTAILMENT
dico_phrasis_0000297__en-eu__forward,dico_phrasis_0000297,en,eu,Tornadoes,"Tornadoak, ekaitz kaltegarriak",BACKWARD_ENTAILMENT
dico_phrasis_0000297__en-eu__reverse,dico_phrasis_0000297,en,eu,"Tornadoes , damaging storms",Tornadoak,FORWARD_ENTAILMENT
dico_phrasis_0000297__es-en__forward,dico_phrasis_0000297,es,en,Tornados,"Tornadoes , damaging storms",BACKWARD_ENTAILMENT
dico_phrasis_0000297__es-en__reverse,dico_phrasis_0000297,es,en,"Tornados, tormentas dañinas",Tornadoes,FORWARD_ENTAILMENT
dico_phrasis_0000297__es-eu__forward,dico_phrasis_0000297,es,eu,Tornados,"Tornadoak, ekaitz kaltegarriak",BACKWARD_ENTAILMENT
dico_phrasis_0000297__es-eu__reverse,dico_phrasis_0000297,es,eu,"Tornados, tormentas dañinas",Tornadoak,FORWARD_ENTAILMENT
dico_phrasis_0000297__eu-en__forward,dico_phrasis_0000297,eu,en,Tornadoak,"Tornadoes , damaging storms",BACKWARD_ENTAILMENT
dico_phrasis_0000297__eu-en__reverse,dico_phrasis_0000297,eu,en,"Tornadoak, ekaitz kaltegarriak",Tornadoes,FORWARD_ENTAILMENT
dico_phrasis_0000297__eu-es__forward,dico_phrasis_0000297,eu,es,Tornadoak,"Tornados, tormentas dañinas",BACKWARD_ENTAILMENT
dico_phrasis_0000297__eu-es__reverse,dico_phrasis_0000297,eu,es,"Tornadoak, ekaitz kaltegarriak",Tornados,FORWARD_ENTAILMENT
dico_phrasis_0000298__en-es__forward,dico_phrasis_0000298,en,es,US hacking claims,acusaciones ` infundadas ' de piratería informática de EE. UU.,BACKWARD_ENTAILMENT
dico_phrasis_0000298__en-es__reverse,dico_phrasis_0000298,en,es,` groundless ' US hacking accusations,afirmaciones de piratería informática de EE. UU.,FORWARD_ENTAILMENT
dico_phrasis_0000298__en-eu__forward,dico_phrasis_0000298,en,eu,US hacking claims,'oinarririk gabeko' AEBetako hackeatze akusazioak,BACKWARD_ENTAILMENT
dico_phrasis_0000298__en-eu__reverse,dico_phrasis_0000298,en,eu,` groundless ' US hacking accusations,AEBetako hackeatze salaketak,FORWARD_ENTAILMENT
dico_phrasis_0000298__es-en__forward,dico_phrasis_0000298,es,en,afirmaciones de piratería informática de EE. UU.,` groundless ' US hacking accusations,BACKWARD_ENTAILMENT
dico_phrasis_0000298__es-en__reverse,dico_phrasis_0000298,es,en,acusaciones ` infundadas ' de piratería informática de EE. UU.,US hacking claims,FORWARD_ENTAILMENT
dico_phrasis_0000298__es-eu__forward,dico_phrasis_0000298,es,eu,afirmaciones de piratería informática de EE. UU.,'oinarririk gabeko' AEBetako hackeatze akusazioak,BACKWARD_ENTAILMENT
dico_phrasis_0000298__es-eu__reverse,dico_phrasis_0000298,es,eu,acusaciones ` infundadas ' de piratería informática de EE. UU.,AEBetako hackeatze salaketak,FORWARD_ENTAILMENT
dico_phrasis_0000298__eu-en__forward,dico_phrasis_0000298,eu,en,AEBetako hackeatze salaketak,` groundless ' US hacking accusations,BACKWARD_ENTAILMENT
dico_phrasis_0000298__eu-en__reverse,dico_phrasis_0000298,eu,en,'oinarririk gabeko' AEBetako hackeatze akusazioak,US hacking claims,FORWARD_ENTAILMENT
dico_phrasis_0000298__eu-es__forward,dico_phrasis_0000298,eu,es,AEBetako hackeatze salaketak,acusaciones ` infundadas ' de piratería informática de EE. UU.,BACKWARD_ENTAILMENT
dico_phrasis_0000298__eu-es__reverse,dico_phrasis_0000298,eu,es,'oinarririk gabeko' AEBetako hackeatze akusazioak,afirmaciones de piratería informática de EE. UU.,FORWARD_ENTAILMENT
dico_phrasis_0000300__en-es__forward,dico_phrasis_0000300,en,es,Senate,Senado de Estados Unidos,BACKWARD_ENTAILMENT
dico_phrasis_0000300__en-es__reverse,dico_phrasis_0000300,en,es,US Senate,Senado,FORWARD_ENTAILMENT
dico_phrasis_0000300__en-eu__forward,dico_phrasis_0000300,en,eu,Senate,AEBetako Senatua,BACKWARD_ENTAILMENT
dico_phrasis_0000300__en-eu__reverse,dico_phrasis_0000300,en,eu,US Senate,Senatua,FORWARD_ENTAILMENT
dico_phrasis_0000300__es-en__forward,dico_phrasis_0000300,es,en,Senado,US Senate,BACKWARD_ENTAILMENT
dico_phrasis_0000300__es-en__reverse,dico_phrasis_0000300,es,en,Senado de Estados Unidos,Senate,FORWARD_ENTAILMENT
dico_phrasis_0000300__es-eu__forward,dico_phrasis_0000300,es,eu,Senado,AEBetako Senatua,BACKWARD_ENTAILMENT
dico_phrasis_0000300__es-eu__reverse,dico_phrasis_0000300,es,eu,Senado de Estados Unidos,Senatua,FORWARD_ENTAILMENT
dico_phrasis_0000300__eu-en__forward,dico_phrasis_0000300,eu,en,Senatua,US Senate,BACKWARD_ENTAILMENT
dico_phrasis_0000300__eu-en__reverse,dico_phrasis_0000300,eu,en,AEBetako Senatua,Senate,FORWARD_ENTAILMENT
dico_phrasis_0000300__eu-es__forward,dico_phrasis_0000300,eu,es,Senatua,Senado de Estados Unidos,BACKWARD_ENTAILMENT
dico_phrasis_0000300__eu-es__reverse,dico_phrasis_0000300,eu,es,AEBetako Senatua,Senado,FORWARD_ENTAILMENT
dico_phrasis_0000310__en-es__forward,dico_phrasis_0000310,en,es,US,Cámara de Representantes de EE. UU.,BACKWARD_ENTAILMENT
dico_phrasis_0000310__en-es__reverse,dico_phrasis_0000310,en,es,US House,EE. UU.,FORWARD_ENTAILMENT
dico_phrasis_0000310__en-eu__forward,dico_phrasis_0000310,en,eu,US,AEBetako Ordezkarien Ganbera,BACKWARD_ENTAILMENT
dico_phrasis_0000310__en-eu__reverse,dico_phrasis_0000310,en,eu,US House,AEB,FORWARD_ENTAILMENT
dico_phrasis_0000310__es-en__forward,dico_phrasis_0000310,es,en,EE. UU.,US House,BACKWARD_ENTAILMENT
dico_phrasis_0000310__es-en__reverse,dico_phrasis_0000310,es,en,Cámara de Representantes de EE. UU.,US,FORWARD_ENTAILMENT
dico_phrasis_0000310__es-eu__forward,dico_phrasis_0000310,es,eu,EE. UU.,AEBetako Ordezkarien Ganbera,BACKWARD_ENTAILMENT
dico_phrasis_0000310__es-eu__reverse,dico_phrasis_0000310,es,eu,Cámara de Representantes de EE. UU.,AEB,FORWARD_ENTAILMENT
dico_phrasis_0000310__eu-en__forward,dico_phrasis_0000310,eu,en,AEB,US House,BACKWARD_ENTAILMENT
dico_phrasis_0000310__eu-en__reverse,dico_phrasis_0000310,eu,en,AEBetako Ordezkarien Ganbera,US,FORWARD_ENTAILMENT
dico_phrasis_0000310__eu-es__forward,dico_phrasis_0000310,eu,es,AEB,Cámara de Representantes de EE. UU.,BACKWARD_ENTAILMENT
dico_phrasis_0000310__eu-es__reverse,dico_phrasis_0000310,eu,es,AEBetako Ordezkarien Ganbera,EE. UU.,FORWARD_ENTAILMENT
dico_phrasis_0000313__en-es__forward,dico_phrasis_0000313,en,es,5,al menos diez,BACKWARD_ENTAILMENT
dico_phrasis_0000313__en-es__reverse,dico_phrasis_0000313,en,es,at least ten,5,FORWARD_ENTAILMENT
dico_phrasis_0000313__en-eu__forward,dico_phrasis_0000313,en,eu,5,gutxienez hamar,BACKWARD_ENTAILMENT
dico_phrasis_0000313__en-eu__reverse,dico_phrasis_0000313,en,eu,at least ten,5,FORWARD_ENTAILMENT
dico_phrasis_0000313__es-en__forward,dico_phrasis_0000313,es,en,5,at least ten,BACKWARD_ENTAILMENT
dico_phrasis_0000313__es-en__reverse,dico_phrasis_0000313,es,en,al menos diez,5,FORWARD_ENTAILMENT
dico_phrasis_0000313__es-eu__forward,dico_phrasis_0000313,es,eu,5,gutxienez hamar,BACKWARD_ENTAILMENT
dico_phrasis_0000313__es-eu__reverse,dico_phrasis_0000313,es,eu,al menos diez,5,FORWARD_ENTAILMENT
dico_phrasis_0000313__eu-en__forward,dico_phrasis_0000313,eu,en,5,at least ten,BACKWARD_ENTAILMENT
dico_phrasis_0000313__eu-en__reverse,dico_phrasis_0000313,eu,en,gutxienez hamar,5,FORWARD_ENTAILMENT
dico_phrasis_0000313__eu-es__forward,dico_phrasis_0000313,eu,es,5,al menos diez,BACKWARD_ENTAILMENT
dico_phrasis_0000313__eu-es__reverse,dico_phrasis_0000313,eu,es,gutxienez hamar,5,FORWARD_ENTAILMENT
dico_phrasis_0000330__en-es__forward,dico_phrasis_0000330,en,es,iPhone,importaciones de iPhone 4,BACKWARD_ENTAILMENT
dico_phrasis_0000330__en-es__reverse,dico_phrasis_0000330,en,es,iPhone 4 imports,iPhone,FORWARD_ENTAILMENT
dico_phrasis_0000330__en-eu__forward,dico_phrasis_0000330,en,eu,iPhone,iPhone 4 inportazioak,BACKWARD_ENTAILMENT
dico_phrasis_0000330__en-eu__reverse,dico_phrasis_0000330,en,eu,iPhone 4 imports,iPhone,FORWARD_ENTAILMENT
dico_phrasis_0000330__es-en__forward,dico_phrasis_0000330,es,en,iPhone,iPhone 4 imports,BACKWARD_ENTAILMENT
dico_phrasis_0000330__es-en__reverse,dico_phrasis_0000330,es,en,importaciones de iPhone 4,iPhone,FORWARD_ENTAILMENT
dico_phrasis_0000330__es-eu__forward,dico_phrasis_0000330,es,eu,iPhone,iPhone 4 inportazioak,BACKWARD_ENTAILMENT
dico_phrasis_0000330__es-eu__reverse,dico_phrasis_0000330,es,eu,importaciones de iPhone 4,iPhone,FORWARD_ENTAILMENT
dico_phrasis_0000330__eu-en__forward,dico_phrasis_0000330,eu,en,iPhone,iPhone 4 imports,BACKWARD_ENTAILMENT
dico_phrasis_0000330__eu-en__reverse,dico_phrasis_0000330,eu,en,iPhone 4 inportazioak,iPhone,FORWARD_ENTAILMENT
dico_phrasis_0000330__eu-es__forward,dico_phrasis_0000330,eu,es,iPhone,importaciones de iPhone 4,BACKWARD_ENTAILMENT
dico_phrasis_0000330__eu-es__reverse,dico_phrasis_0000330,eu,es,iPhone 4 inportazioak,iPhone,FORWARD_ENTAILMENT
dico_phrasis_0000331__en-es__forward,dico_phrasis_0000331,en,es,China,China y Taiwán,BACKWARD_ENTAILMENT
dico_phrasis_0000331__en-es__reverse,dico_phrasis_0000331,en,es,China and Taiwan,China,FORWARD_ENTAILMENT
dico_phrasis_0000331__en-eu__forward,dico_phrasis_0000331,en,eu,China,Txina eta Taiwan,BACKWARD_ENTAILMENT
dico_phrasis_0000331__en-eu__reverse,dico_phrasis_0000331,en,eu,China and Taiwan,Txina,FORWARD_ENTAILMENT
dico_phrasis_0000331__es-en__forward,dico_phrasis_0000331,es,en,China,China and Taiwan,BACKWARD_ENTAILMENT
dico_phrasis_0000331__es-en__reverse,dico_phrasis_0000331,es,en,China y Taiwán,China,FORWARD_ENTAILMENT
dico_phrasis_0000331__es-eu__forward,dico_phrasis_0000331,es,eu,China,Txina eta Taiwan,BACKWARD_ENTAILMENT
dico_phrasis_0000331__es-eu__reverse,dico_phrasis_0000331,es,eu,China y Taiwán,Txina,FORWARD_ENTAILMENT
dico_phrasis_0000331__eu-en__forward,dico_phrasis_0000331,eu,en,Txina,China and Taiwan,BACKWARD_ENTAILMENT
dico_phrasis_0000331__eu-en__reverse,dico_phrasis_0000331,eu,en,Txina eta Taiwan,China,FORWARD_ENTAILMENT
dico_phrasis_0000331__eu-es__forward,dico_phrasis_0000331,eu,es,Txina,China y Taiwán,BACKWARD_ENTAILMENT
dico_phrasis_0000331__eu-es__reverse,dico_phrasis_0000331,eu,es,Txina eta Taiwan,China,FORWARD_ENTAILMENT
dico_phrasis_0000337__en-es__forward,dico_phrasis_0000337,en,es,Pakistani,en Pakistán,BACKWARD_ENTAILMENT
dico_phrasis_0000337__en-es__reverse,dico_phrasis_0000337,en,es,in Pakistan,pakistaní,FORWARD_ENTAILMENT
dico_phrasis_0000337__en-eu__forward,dico_phrasis_0000337,en,eu,Pakistani,Pakistanen,BACKWARD_ENTAILMENT
dico_phrasis_0000337__en-eu__reverse,dico_phrasis_0000337,en,eu,in Pakistan,pakistandarra,FORWARD_ENTAILMENT
dico_phrasis_0000337__es-en__forward,dico_phrasis_0000337,es,en,pakistaní,in Pakistan,BACKWARD_ENTAILMENT
dico_phrasis_0000337__es-en__reverse,dico_phrasis_0000337,es,en,en Pakistán,Pakistani,FORWARD_ENTAILMENT
dico_phrasis_0000337__es-eu__forward,dico_phrasis_0000337,es,eu,pakistaní,Pakistanen,BACKWARD_ENTAILMENT
dico_phrasis_0000337__es-eu__reverse,dico_phrasis_0000337,es,eu,en Pakistán,pakistandarra,FORWARD_ENTAILMENT
dico_phrasis_0000337__eu-en__forward,dico_phrasis_0000337,eu,en,pakistandarra,in Pakistan,BACKWARD_ENTAILMENT
dico_phrasis_0000337__eu-en__reverse,dico_phrasis_0000337,eu,en,Pakistanen,Pakistani,FORWARD_ENTAILMENT
dico_phrasis_0000337__eu-es__forward,dico_phrasis_0000337,eu,es,pakistandarra,en Pakistán,BACKWARD_ENTAILMENT
dico_phrasis_0000337__eu-es__reverse,dico_phrasis_0000337,eu,es,Pakistanen,pakistaní,FORWARD_ENTAILMENT
dico_phrasis_0000345__en-es__forward,dico_phrasis_0000345,en,es,George Zimmerman,después de Zimmerman,BACKWARD_ENTAILMENT
dico_phrasis_0000345__en-es__reverse,dico_phrasis_0000345,en,es,after Zimmerman,George Zimmerman,FORWARD_ENTAILMENT
dico_phrasis_0000345__en-eu__forward,dico_phrasis_0000345,en,eu,George Zimmerman,Zimmerman ondoren,BACKWARD_ENTAILMENT
dico_phrasis_0000345__en-eu__reverse,dico_phrasis_0000345,en,eu,after Zimmerman,George Zimmerman,FORWARD_ENTAILMENT
dico_phrasis_0000345__es-en__forward,dico_phrasis_0000345,es,en,George Zimmerman,after Zimmerman,BACKWARD_ENTAILMENT
dico_phrasis_0000345__es-en__reverse,dico_phrasis_0000345,es,en,después de Zimmerman,George Zimmerman,FORWARD_ENTAILMENT
dico_phrasis_0000345__es-eu__forward,dico_phrasis_0000345,es,eu,George Zimmerman,Zimmerman ondoren,BACKWARD_ENTAILMENT
dico_phrasis_0000345__es-eu__reverse,dico_phrasis_0000345,es,eu,después de Zimmerman,George Zimmerman,FORWARD_ENTAILMENT
dico_phrasis_0000345__eu-en__forward,dico_phrasis_0000345,eu,en,George Zimmerman,after Zimmerman,BACKWARD_ENTAILMENT
dico_phrasis_0000345__eu-en__reverse,dico_phrasis_0000345,eu,en,Zimmerman ondoren,George Zimmerman,FORWARD_ENTAILMENT
dico_phrasis_0000345__eu-es__forward,dico_phrasis_0000345,eu,es,George Zimmerman,después de Zimmerman,BACKWARD_ENTAILMENT
dico_phrasis_0000345__eu-es__reverse,dico_phrasis_0000345,eu,es,Zimmerman ondoren,George Zimmerman,FORWARD_ENTAILMENT
dico_phrasis_0000347__en-es__forward,dico_phrasis_0000347,en,es,Mubarak,de Mubarak,BACKWARD_ENTAILMENT
dico_phrasis_0000347__en-es__reverse,dico_phrasis_0000347,en,es,of Mubarak,Mubarak,FORWARD_ENTAILMENT
dico_phrasis_0000347__en-eu__forward,dico_phrasis_0000347,en,eu,Mubarak,Mubaraken,BACKWARD_ENTAILMENT
dico_phrasis_0000347__en-eu__reverse,dico_phrasis_0000347,en,eu,of Mubarak,Mubarak,FORWARD_ENTAILMENT
dico_phrasis_0000347__es-en__forward,dico_phrasis_0000347,es,en,Mubarak,of Mubarak,BACKWARD_ENTAILMENT
dico_phrasis_0000347__es-en__reverse,dico_phrasis_0000347,es,en,de Mubarak,Mubarak,FORWARD_ENTAILMENT
dico_phrasis_0000347__es-eu__forward,dico_phrasis_0000347,es,eu,Mubarak,Mubaraken,BACKWARD_ENTAILMENT
dico_phrasis_0000347__es-eu__reverse,dico_phrasis_0000347,es,eu,de Mubarak,Mubarak,FORWARD_ENTAILMENT
dico_phrasis_0000347__eu-en__forward,dico_phrasis_0000347,eu,en,Mubarak,of Mubarak,BACKWARD_ENTAILMENT
dico_phrasis_0000347__eu-en__reverse,dico_phrasis_0000347,eu,en,Mubaraken,Mubarak,FORWARD_ENTAILMENT
dico_phrasis_0000347__eu-es__forward,dico_phrasis_0000347,eu,es,Mubarak,de Mubarak,BACKWARD_ENTAILMENT
dico_phrasis_0000347__eu-es__reverse,dico_phrasis_0000347,eu,es,Mubaraken,Mubarak,FORWARD_ENTAILMENT
dico_phrasis_0000349__en-es__forward,dico_phrasis_0000349,en,es,for son,a favor del hijo,BACKWARD_ENTAILMENT
dico_phrasis_0000349__en-es__reverse,dico_phrasis_0000349,en,es,in favor of son,para hijo,FORWARD_ENTAILMENT
dico_phrasis_0000349__en-eu__forward,dico_phrasis_0000349,en,eu,for son,semearen alde,BACKWARD_ENTAILMENT
dico_phrasis_0000349__en-eu__reverse,dico_phrasis_0000349,en,eu,in favor of son,semearentzat,FORWARD_ENTAILMENT
dico_phrasis_0000349__es-en__forward,dico_phrasis_0000349,es,en,para hijo,in favor of son,BACKWARD_ENTAILMENT
dico_phrasis_0000349__es-en__reverse,dico_phrasis_0000349,es,en,a favor del hijo,for son,FORWARD_ENTAILMENT
dico_phrasis_0000349__es-eu__forward,dico_phrasis_0000349,es,eu,para hijo,semearen alde,BACKWARD_ENTAILMENT
dico_phrasis_0000349__es-eu__reverse,dico_phrasis_0000349,es,eu,a favor del hijo,semearentzat,FORWARD_ENTAILMENT
dico_phrasis_0000349__eu-en__forward,dico_phrasis_0000349,eu,en,semearentzat,in favor of son,BACKWARD_ENTAILMENT
dico_phrasis_0000349__eu-en__reverse,dico_phrasis_0000349,eu,en,semearen alde,for son,FORWARD_ENTAILMENT
dico_phrasis_0000349__eu-es__forward,dico_phrasis_0000349,eu,es,semearentzat,a favor del hijo,BACKWARD_ENTAILMENT
dico_phrasis_0000349__eu-es__reverse,dico_phrasis_0000349,eu,es,semearen alde,para hijo,FORWARD_ENTAILMENT
dico_phrasis_0000350__en-es__forward,dico_phrasis_0000350,en,es,8-10 people,de personas,BACKWARD_ENTAILMENT
dico_phrasis_0000350__en-es__reverse,dico_phrasis_0000350,en,es,of people,8-10 personas,FORWARD_ENTAILMENT
dico_phrasis_0000350__en-eu__forward,dico_phrasis_0000350,en,eu,8-10 people,pertsonen,BACKWARD_ENTAILMENT
dico_phrasis_0000350__en-eu__reverse,dico_phrasis_0000350,en,eu,of people,8-10 pertsona,FORWARD_ENTAILMENT
dico_phrasis_0000350__es-en__forward,dico_phrasis_0000350,es,en,8-10 personas,of people,BACKWARD_ENTAILMENT
dico_phrasis_0000350__es-en__reverse,dico_phrasis_0000350,es,en,de personas,8-10 people,FORWARD_ENTAILMENT
dico_phrasis_0000350__es-eu__forward,dico_phrasis_0000350,es,eu,8-10 personas,pertsonen,BACKWARD_ENTAILMENT
dico_phrasis_0000350__es-eu__reverse,dico_phrasis_0000350,es,eu,de personas,8-10 pertsona,FORWARD_ENTAILMENT
dico_phrasis_0000350__eu-en__forward,dico_phrasis_0000350,eu,en,8-10 pertsona,of people,BACKWARD_ENTAILMENT
dico_phrasis_0000350__eu-en__reverse,dico_phrasis_0000350,eu,en,pertsonen,8-10 people,FORWARD_ENTAILMENT
dico_phrasis_0000350__eu-es__forward,dico_phrasis_0000350,eu,es,8-10 pertsona,de personas,BACKWARD_ENTAILMENT
dico_phrasis_0000350__eu-es__reverse,dico_phrasis_0000350,eu,es,pertsonen,8-10 personas,FORWARD_ENTAILMENT
dico_phrasis_0000354__en-es__forward,dico_phrasis_0000354,en,es,11 Foreign Tourists,11 escaladores extranjeros,BACKWARD_ENTAILMENT
dico_phrasis_0000354__en-es__reverse,dico_phrasis_0000354,en,es,11 foreign climbers,11 turistas extranjeros,FORWARD_ENTAILMENT
dico_phrasis_0000354__en-eu__forward,dico_phrasis_0000354,en,eu,11 Foreign Tourists,atzerriko 11 eskalatzaile,BACKWARD_ENTAILMENT
dico_phrasis_0000354__en-eu__reverse,dico_phrasis_0000354,en,eu,11 foreign climbers,Atzerriko 11 turista,FORWARD_ENTAILMENT
dico_phrasis_0000354__es-en__forward,dico_phrasis_0000354,es,en,11 turistas extranjeros,11 foreign climbers,BACKWARD_ENTAILMENT
dico_phrasis_0000354__es-en__reverse,dico_phrasis_0000354,es,en,11 escaladores extranjeros,11 Foreign Tourists,FORWARD_ENTAILMENT
dico_phrasis_0000354__es-eu__forward,dico_phrasis_0000354,es,eu,11 turistas extranjeros,atzerriko 11 eskalatzaile,BACKWARD_ENTAILMENT
dico_phrasis_0000354__es-eu__reverse,dico_phrasis_0000354,es,eu,11 escaladores extranjeros,Atzerriko 11 turista,FORWARD_ENTAILMENT
dico_phrasis_0000354__eu-en__forward,dico_phrasis_0000354,eu,en,Atzerriko 11 turista,11 foreign climbers,BACKWARD_ENTAILMENT
dico_phrasis_0000354__eu-en__reverse,dico_phrasis_0000354,eu,en,atzerriko 11 eskalatzaile,11 Foreign Tourists,FORWARD_ENTAILMENT
dico_phrasis_0000354__eu-es__forward,dico_phrasis_0000354,eu,es,Atzerriko 11 turista,11 escaladores extranjeros,BACKWARD_ENTAILMENT
dico_phrasis_0000354__eu-es__reverse,dico_phrasis_0000354,eu,es,atzerriko 11 eskalatzaile,11 turistas extranjeros,FORWARD_ENTAILMENT
dico_phrasis_0000355__en-es__forward,dico_phrasis_0000355,en,es,of easyJet,de la aerolínea británica de bajo coste easyJet,BACKWARD_ENTAILMENT
dico_phrasis_0000355__en-es__reverse,dico_phrasis_0000355,en,es,of British no-frills airline easyJet,de easyJet,FORWARD_ENTAILMENT
dico_phrasis_0000355__en-eu__forward,dico_phrasis_0000355,en,eu,of easyJet,British no-frills airline easyJet konpainiakoa,BACKWARD_ENTAILMENT
dico_phrasis_0000355__en-eu__reverse,dico_phrasis_0000355,en,eu,of British no-frills airline easyJet,easyJet konpainiakoa,FORWARD_ENTAILMENT
dico_phrasis_0000355__es-en__forward,dico_phrasis_0000355,es,en,de easyJet,of British no-frills airline easyJet,BACKWARD_ENTAILMENT
dico_phrasis_0000355__es-en__reverse,dico_phrasis_0000355,es,en,de la aerolínea británica de bajo coste easyJet,of easyJet,FORWARD_ENTAILMENT
dico_phrasis_0000355__es-eu__forward,dico_phrasis_0000355,es,eu,de easyJet,British no-frills airline easyJet konpainiakoa,BACKWARD_ENTAILMENT
dico_phrasis_0000355__es-eu__reverse,dico_phrasis_0000355,es,eu,de la aerolínea británica de bajo coste easyJet,easyJet konpainiakoa,FORWARD_ENTAILMENT
dico_phrasis_0000355__eu-en__forward,dico_phrasis_0000355,eu,en,easyJet konpainiakoa,of British no-frills airline easyJet,BACKWARD_ENTAILMENT
dico_phrasis_0000355__eu-en__reverse,dico_phrasis_0000355,eu,en,British no-frills airline easyJet konpainiakoa,of easyJet,FORWARD_ENTAILMENT
dico_phrasis_0000355__eu-es__forward,dico_phrasis_0000355,eu,es,easyJet konpainiakoa,de la aerolínea británica de bajo coste easyJet,BACKWARD_ENTAILMENT
dico_phrasis_0000355__eu-es__reverse,dico_phrasis_0000355,eu,es,British no-frills airline easyJet konpainiakoa,de easyJet,FORWARD_ENTAILMENT
dico_phrasis_0000360__en-es__forward,dico_phrasis_0000360,en,es,Washington Post,Para The Washington Post,BACKWARD_ENTAILMENT
dico_phrasis_0000360__en-es__reverse,dico_phrasis_0000360,en,es,For The Washington Post,Washington Post,FORWARD_ENTAILMENT
dico_phrasis_0000360__en-eu__forward,dico_phrasis_0000360,en,eu,Washington Post,The Washington Post-erako,BACKWARD_ENTAILMENT
dico_phrasis_0000360__en-eu__reverse,dico_phrasis_0000360,en,eu,For The Washington Post,Washington Post,FORWARD_ENTAILMENT
dico_phrasis_0000360__es-en__forward,dico_phrasis_0000360,es,en,Washington Post,For The Washington Post,BACKWARD_ENTAILMENT
dico_phrasis_0000360__es-en__reverse,dico_phrasis_0000360,es,en,Para The Washington Post,Washington Post,FORWARD_ENTAILMENT
dico_phrasis_0000360__es-eu__forward,dico_phrasis_0000360,es,eu,Washington Post,The Washington Post-erako,BACKWARD_ENTAILMENT
dico_phrasis_0000360__es-eu__reverse,dico_phrasis_0000360,es,eu,Para The Washington Post,Washington Post,FORWARD_ENTAILMENT
dico_phrasis_0000360__eu-en__forward,dico_phrasis_0000360,eu,en,Washington Post,For The Washington Post,BACKWARD_ENTAILMENT
dico_phrasis_0000360__eu-en__reverse,dico_phrasis_0000360,eu,en,The Washington Post-erako,Washington Post,FORWARD_ENTAILMENT
dico_phrasis_0000360__eu-es__forward,dico_phrasis_0000360,eu,es,Washington Post,Para The Washington Post,BACKWARD_ENTAILMENT
dico_phrasis_0000360__eu-es__reverse,dico_phrasis_0000360,eu,es,The Washington Post-erako,Washington Post,FORWARD_ENTAILMENT
dico_phrasis_0000372__en-es__forward,dico_phrasis_0000372,en,es,3 militants,4 militantes,BACKWARD_ENTAILMENT
dico_phrasis_0000372__en-es__reverse,dico_phrasis_0000372,en,es,4 militants,3 militantes,FORWARD_ENTAILMENT
dico_phrasis_0000372__en-eu__forward,dico_phrasis_0000372,en,eu,3 militants,4 militante,BACKWARD_ENTAILMENT
dico_phrasis_0000372__en-eu__reverse,dico_phrasis_0000372,en,eu,4 militants,3 militante,FORWARD_ENTAILMENT
dico_phrasis_0000372__es-en__forward,dico_phrasis_0000372,es,en,3 militantes,4 militants,BACKWARD_ENTAILMENT
dico_phrasis_0000372__es-en__reverse,dico_phrasis_0000372,es,en,4 militantes,3 militants,FORWARD_ENTAILMENT
dico_phrasis_0000372__es-eu__forward,dico_phrasis_0000372,es,eu,3 militantes,4 militante,BACKWARD_ENTAILMENT
dico_phrasis_0000372__es-eu__reverse,dico_phrasis_0000372,es,eu,4 militantes,3 militante,FORWARD_ENTAILMENT
dico_phrasis_0000372__eu-en__forward,dico_phrasis_0000372,eu,en,3 militante,4 militants,BACKWARD_ENTAILMENT
dico_phrasis_0000372__eu-en__reverse,dico_phrasis_0000372,eu,en,4 militante,3 militants,FORWARD_ENTAILMENT
dico_phrasis_0000372__eu-es__forward,dico_phrasis_0000372,eu,es,3 militante,4 militantes,BACKWARD_ENTAILMENT
dico_phrasis_0000372__eu-es__reverse,dico_phrasis_0000372,eu,es,4 militante,3 militantes,FORWARD_ENTAILMENT
dico_phrasis_0000376__en-es__forward,dico_phrasis_0000376,en,es,Four dead,Cinco muertos,BACKWARD_ENTAILMENT
dico_phrasis_0000376__en-es__reverse,dico_phrasis_0000376,en,es,Five dead,Cuatro muertos,FORWARD_ENTAILMENT
dico_phrasis_0000376__en-eu__forward,dico_phrasis_0000376,en,eu,Four dead,Bost hildako,BACKWARD_ENTAILMENT
dico_phrasis_0000376__en-eu__reverse,dico_phrasis_0000376,en,eu,Five dead,Lau hildako,FORWARD_ENTAILMENT
dico_phrasis_0000376__es-en__forward,dico_phrasis_0000376,es,en,Cuatro muertos,Five dead,BACKWARD_ENTAILMENT
dico_phrasis_0000376__es-en__reverse,dico_phrasis_0000376,es,en,Cinco muertos,Four dead,FORWARD_ENTAILMENT
dico_phrasis_0000376__es-eu__forward,dico_phrasis_0000376,es,eu,Cuatro muertos,Bost hildako,BACKWARD_ENTAILMENT
dico_phrasis_0000376__es-eu__reverse,dico_phrasis_0000376,es,eu,Cinco muertos,Lau hildako,FORWARD_ENTAILMENT
dico_phrasis_0000376__eu-en__forward,dico_phrasis_0000376,eu,en,Lau hildako,Five dead,BACKWARD_ENTAILMENT
dico_phrasis_0000376__eu-en__reverse,dico_phrasis_0000376,eu,en,Bost hildako,Four dead,FORWARD_ENTAILMENT
dico_phrasis_0000376__eu-es__forward,dico_phrasis_0000376,eu,es,Lau hildako,Cinco muertos,BACKWARD_ENTAILMENT
dico_phrasis_0000376__eu-es__reverse,dico_phrasis_0000376,eu,es,Bost hildako,Cuatro muertos,FORWARD_ENTAILMENT
dico_phrasis_0000378__en-es__forward,dico_phrasis_0000378,en,es,Miss America crown,Miss America,BACKWARD_ENTAILMENT
dico_phrasis_0000378__en-es__reverse,dico_phrasis_0000378,en,es,Miss America,corona de Miss America,FORWARD_ENTAILMENT
dico_phrasis_0000378__en-eu__forward,dico_phrasis_0000378,en,eu,Miss America crown,Miss America,BACKWARD_ENTAILMENT
dico_phrasis_0000378__en-eu__reverse,dico_phrasis_0000378,en,eu,Miss America,Miss Americako koroa,FORWARD_ENTAILMENT
dico_phrasis_0000378__es-en__forward,dico_phrasis_0000378,es,en,corona de Miss America,Miss America,BACKWARD_ENTAILMENT
dico_phrasis_0000378__es-en__reverse,dico_phrasis_0000378,es,en,Miss America,Miss America crown,FORWARD_ENTAILMENT
dico_phrasis_0000378__es-eu__forward,dico_phrasis_0000378,es,eu,corona de Miss America,Miss America,BACKWARD_ENTAILMENT
dico_phrasis_0000378__es-eu__reverse,dico_phrasis_0000378,es,eu,Miss America,Miss Americako koroa,FORWARD_ENTAILMENT
dico_phrasis_0000378__eu-en__forward,dico_phrasis_0000378,eu,en,Miss Americako koroa,Miss America,BACKWARD_ENTAILMENT
dico_phrasis_0000378__eu-en__reverse,dico_phrasis_0000378,eu,en,Miss America,Miss America crown,FORWARD_ENTAILMENT
dico_phrasis_0000378__eu-es__forward,dico_phrasis_0000378,eu,es,Miss Americako koroa,Miss America,BACKWARD_ENTAILMENT
dico_phrasis_0000378__eu-es__reverse,dico_phrasis_0000378,eu,es,Miss America,corona de Miss America,FORWARD_ENTAILMENT
dico_phrasis_0000384__en-es__forward,dico_phrasis_0000384,en,es,Kenyan police,Kenia por la policía antiterrorista,BACKWARD_ENTAILMENT
dico_phrasis_0000384__en-es__reverse,dico_phrasis_0000384,en,es,Kenya By Anti-Terror Police,policía keniana,FORWARD_ENTAILMENT
dico_phrasis_0000384__en-eu__forward,dico_phrasis_0000384,en,eu,Kenyan police,Kenyako terrorismoaren aurkako poliziak,BACKWARD_ENTAILMENT
dico_phrasis_0000384__en-eu__reverse,dico_phrasis_0000384,en,eu,Kenya By Anti-Terror Police,Kenyako polizia,FORWARD_ENTAILMENT
dico_phrasis_0000384__es-en__forward,dico_phrasis_0000384,es,en,policía keniana,Kenya By Anti-Terror Police,BACKWARD_ENTAILMENT
dico_phrasis_0000384__es-en__reverse,dico_phrasis_0000384,es,en,Kenia por la policía antiterrorista,Kenyan police,FORWARD_ENTAILMENT
dico_phrasis_0000384__es-eu__forward,dico_phrasis_0000384,es,eu,policía keniana,Kenyako terrorismoaren aurkako poliziak,BACKWARD_ENTAILMENT
dico_phrasis_0000384__es-eu__reverse,dico_phrasis_0000384,es,eu,Kenia por la policía antiterrorista,Kenyako polizia,FORWARD_ENTAILMENT
dico_phrasis_0000384__eu-en__forward,dico_phrasis_0000384,eu,en,Kenyako polizia,Kenya By Anti-Terror Police,BACKWARD_ENTAILMENT
dico_phrasis_0000384__eu-en__reverse,dico_phrasis_0000384,eu,en,Kenyako terrorismoaren aurkako poliziak,Kenyan police,FORWARD_ENTAILMENT
dico_phrasis_0000384__eu-es__forward,dico_phrasis_0000384,eu,es,Kenyako polizia,Kenia por la policía antiterrorista,BACKWARD_ENTAILMENT
dico_phrasis_0000384__eu-es__reverse,dico_phrasis_0000384,eu,es,Kenyako terrorismoaren aurkako poliziak,policía keniana,FORWARD_ENTAILMENT
dico_phrasis_0000401__en-es__forward,dico_phrasis_0000401,en,es,arrested to Buckingham Palace,después del arresto en el Palacio de Buckingham,BACKWARD_ENTAILMENT
dico_phrasis_0000401__en-es__reverse,dico_phrasis_0000401,en,es,After Buckingham Palace Arrest,arrestado en el Palacio de Buckingham,FORWARD_ENTAILMENT
dico_phrasis_0000401__en-eu__forward,dico_phrasis_0000401,en,eu,arrested to Buckingham Palace,Buckingham Jauregiko atxiloketaren ondoren,BACKWARD_ENTAILMENT
dico_phrasis_0000401__en-eu__reverse,dico_phrasis_0000401,en,eu,After Buckingham Palace Arrest,Buckingham Jauregira atxilotuta,FORWARD_ENTAILMENT
dico_phrasis_0000401__es-en__forward,dico_phrasis_0000401,es,en,arrestado en el Palacio de Buckingham,After Buckingham Palace Arrest,BACKWARD_ENTAILMENT
dico_phrasis_0000401__es-en__reverse,dico_phrasis_0000401,es,en,después del arresto en el Palacio de Buckingham,arrested to Buckingham Palace,FORWARD_ENTAILMENT
dico_phrasis_0000401__es-eu__forward,dico_phrasis_0000401,es,eu,arrestado en el Palacio de Buckingham,Buckingham Jauregiko atxiloketaren ondoren,BACKWARD_ENTAILMENT
dico_phrasis_0000401__es-eu__reverse,dico_phrasis_0000401,es,eu,después del arresto en el Palacio de Buckingham,Buckingham Jauregira atxilotuta,FORWARD_ENTAILMENT
dico_phrasis_0000401__eu-en__forward,dico_phrasis_0000401,eu,en,Buckingham Jauregira atxilotuta,After Buckingham Palace Arrest,BACKWARD_ENTAILMENT
dico_phrasis_0000401__eu-en__reverse,dico_phrasis_0000401,eu,en,Buckingham Jauregiko atxiloketaren ondoren,arrested to Buckingham Palace,FORWARD_ENTAILMENT
dico_phrasis_0000401__eu-es__forward,dico_phrasis_0000401,eu,es,Buckingham Jauregira atxilotuta,después del arresto en el Palacio de Buckingham,BACKWARD_ENTAILMENT
dico_phrasis_0000401__eu-es__reverse,dico_phrasis_0000401,eu,es,Buckingham Jauregiko atxiloketaren ondoren,arrestado en el Palacio de Buckingham,FORWARD_ENTAILMENT
dico_phrasis_0000402__en-es__forward,dico_phrasis_0000402,en,es,'s Brotherhood,la Hermandad Musulmana,BACKWARD_ENTAILMENT
dico_phrasis_0000402__en-es__reverse,dico_phrasis_0000402,en,es,Muslim Brotherhood,la Hermandad,FORWARD_ENTAILMENT
dico_phrasis_0000402__en-eu__forward,dico_phrasis_0000402,en,eu,'s Brotherhood,Musulmanen Anaitasuna,BACKWARD_ENTAILMENT
dico_phrasis_0000402__en-eu__reverse,dico_phrasis_0000402,en,eu,Muslim Brotherhood,Anaitasuna,FORWARD_ENTAILMENT
dico_phrasis_0000402__es-en__forward,dico_phrasis_0000402,es,en,la Hermandad,Muslim Brotherhood,BACKWARD_ENTAILMENT
dico_phrasis_0000402__es-en__reverse,dico_phrasis_0000402,es,en,la Hermandad Musulmana,'s Brotherhood,FORWARD_ENTAILMENT
dico_phrasis_0000402__es-eu__forward,dico_phrasis_0000402,es,eu,la Hermandad,Musulmanen Anaitasuna,BACKWARD_ENTAILMENT
dico_phrasis_0000402__es-eu__reverse,dico_phrasis_0000402,es,eu,la Hermandad Musulmana,Anaitasuna,FORWARD_ENTAILMENT
dico_phrasis_0000402__eu-en__forward,dico_phrasis_0000402,eu,en,Anaitasuna,Muslim Brotherhood,BACKWARD_ENTAILMENT
dico_phrasis_0000402__eu-en__reverse,dico_phrasis_0000402,eu,en,Musulmanen Anaitasuna,'s Brotherhood,FORWARD_ENTAILMENT
dico_phrasis_0000402__eu-es__forward,dico_phrasis_0000402,eu,es,Anaitasuna,la Hermandad Musulmana,BACKWARD_ENTAILMENT
dico_phrasis_0000402__eu-es__reverse,dico_phrasis_0000402,eu,es,Musulmanen Anaitasuna,la Hermandad,FORWARD_ENTAILMENT
dico_phrasis_0000404__en-es__forward,dico_phrasis_0000404,en,es,'s Brotherhood,la Hermandad Musulmana de,BACKWARD_ENTAILMENT
dico_phrasis_0000404__en-es__reverse,dico_phrasis_0000404,en,es,'s Muslim Brotherhood,la Hermandad de,FORWARD_ENTAILMENT
dico_phrasis_0000404__en-eu__forward,dico_phrasis_0000404,en,eu,'s Brotherhood,-ren Anaia Musulmanak,BACKWARD_ENTAILMENT
dico_phrasis_0000404__en-eu__reverse,dico_phrasis_0000404,en,eu,'s Muslim Brotherhood,-ren Anaitasuna,FORWARD_ENTAILMENT
dico_phrasis_0000404__es-en__forward,dico_phrasis_0000404,es,en,la Hermandad de,'s Muslim Brotherhood,BACKWARD_ENTAILMENT
dico_phrasis_0000404__es-en__reverse,dico_phrasis_0000404,es,en,la Hermandad Musulmana de,'s Brotherhood,FORWARD_ENTAILMENT
dico_phrasis_0000404__es-eu__forward,dico_phrasis_0000404,es,eu,la Hermandad de,-ren Anaia Musulmanak,BACKWARD_ENTAILMENT
dico_phrasis_0000404__es-eu__reverse,dico_phrasis_0000404,es,eu,la Hermandad Musulmana de,-ren Anaitasuna,FORWARD_ENTAILMENT
dico_phrasis_0000404__eu-en__forward,dico_phrasis_0000404,eu,en,-ren Anaitasuna,'s Muslim Brotherhood,BACKWARD_ENTAILMENT
dico_phrasis_0000404__eu-en__reverse,dico_phrasis_0000404,eu,en,-ren Anaia Musulmanak,'s Brotherhood,FORWARD_ENTAILMENT
dico_phrasis_0000404__eu-es__forward,dico_phrasis_0000404,eu,es,-ren Anaitasuna,la Hermandad Musulmana de,BACKWARD_ENTAILMENT
dico_phrasis_0000404__eu-es__reverse,dico_phrasis_0000404,eu,es,-ren Anaia Musulmanak,la Hermandad de,FORWARD_ENTAILMENT
dico_phrasis_0000413__en-es__forward,dico_phrasis_0000413,en,es,Two firefighters,Dos bomberos de Nueva York,BACKWARD_ENTAILMENT
dico_phrasis_0000413__en-es__reverse,dico_phrasis_0000413,en,es,Two New York firefighters,Dos bomberos,FORWARD_ENTAILMENT
dico_phrasis_0000413__en-eu__forward,dico_phrasis_0000413,en,eu,Two firefighters,New Yorkeko bi suhiltzaile,BACKWARD_ENTAILMENT
dico_phrasis_0000413__en-eu__reverse,dico_phrasis_0000413,en,eu,Two New York firefighters,Bi suhiltzaile,FORWARD_ENTAILMENT
dico_phrasis_0000413__es-en__forward,dico_phrasis_0000413,es,en,Dos bomberos,Two New York firefighters,BACKWARD_ENTAILMENT
dico_phrasis_0000413__es-en__reverse,dico_phrasis_0000413,es,en,Dos bomberos de Nueva York,Two firefighters,FORWARD_ENTAILMENT
dico_phrasis_0000413__es-eu__forward,dico_phrasis_0000413,es,eu,Dos bomberos,New Yorkeko bi suhiltzaile,BACKWARD_ENTAILMENT
dico_phrasis_0000413__es-eu__reverse,dico_phrasis_0000413,es,eu,Dos bomberos de Nueva York,Bi suhiltzaile,FORWARD_ENTAILMENT
dico_phrasis_0000413__eu-en__forward,dico_phrasis_0000413,eu,en,Bi suhiltzaile,Two New York firefighters,BACKWARD_ENTAILMENT
dico_phrasis_0000413__eu-en__reverse,dico_phrasis_0000413,eu,en,New Yorkeko bi suhiltzaile,Two firefighters,FORWARD_ENTAILMENT
dico_phrasis_0000413__eu-es__forward,dico_phrasis_0000413,eu,es,Bi suhiltzaile,Dos bomberos de Nueva York,BACKWARD_ENTAILMENT
dico_phrasis_0000413__eu-es__reverse,dico_phrasis_0000413,eu,es,New Yorkeko bi suhiltzaile,Dos bomberos,FORWARD_ENTAILMENT
dico_phrasis_0000421__en-es__forward,dico_phrasis_0000421,en,es,Mubarak release,solicitud de liberación de Mubarak,BACKWARD_ENTAILMENT
dico_phrasis_0000421__en-es__reverse,dico_phrasis_0000421,en,es,Mubarak 's release request,liberación de Mubarak,FORWARD_ENTAILMENT
dico_phrasis_0000421__en-eu__forward,dico_phrasis_0000421,en,eu,Mubarak release,Mubaraken askapen eskaera,BACKWARD_ENTAILMENT
dico_phrasis_0000421__en-eu__reverse,dico_phrasis_0000421,en,eu,Mubarak 's release request,Mubaraken askapena,FORWARD_ENTAILMENT
dico_phrasis_0000421__es-en__forward,dico_phrasis_0000421,es,en,liberación de Mubarak,Mubarak 's release request,BACKWARD_ENTAILMENT
dico_phrasis_0000421__es-en__reverse,dico_phrasis_0000421,es,en,solicitud de liberación de Mubarak,Mubarak release,FORWARD_ENTAILMENT
dico_phrasis_0000421__es-eu__forward,dico_phrasis_0000421,es,eu,liberación de Mubarak,Mubaraken askapen eskaera,BACKWARD_ENTAILMENT
dico_phrasis_0000421__es-eu__reverse,dico_phrasis_0000421,es,eu,solicitud de liberación de Mubarak,Mubaraken askapena,FORWARD_ENTAILMENT
dico_phrasis_0000421__eu-en__forward,dico_phrasis_0000421,eu,en,Mubaraken askapena,Mubarak 's release request,BACKWARD_ENTAILMENT
dico_phrasis_0000421__eu-en__reverse,dico_phrasis_0000421,eu,en,Mubaraken askapen eskaera,Mubarak release,FORWARD_ENTAILMENT
dico_phrasis_0000421__eu-es__forward,dico_phrasis_0000421,eu,es,Mubaraken askapena,solicitud de liberación de Mubarak,BACKWARD_ENTAILMENT
dico_phrasis_0000421__eu-es__reverse,dico_phrasis_0000421,eu,es,Mubaraken askapen eskaera,liberación de Mubarak,FORWARD_ENTAILMENT
dico_phrasis_0000423__en-es__forward,dico_phrasis_0000423,en,es,in Bomb Blasts in Iraq,en explosiones en Baquba,BACKWARD_ENTAILMENT
dico_phrasis_0000423__en-es__reverse,dico_phrasis_0000423,en,es,In Baquba Blasts,en explosiones con bombas en Irak,FORWARD_ENTAILMENT
dico_phrasis_0000423__en-eu__forward,dico_phrasis_0000423,en,eu,in Bomb Blasts in Iraq,Baqoubako eztandetan,BACKWARD_ENTAILMENT
dico_phrasis_0000423__en-eu__reverse,dico_phrasis_0000423,en,eu,In Baquba Blasts,Irakeko bonba-eztandetan,FORWARD_ENTAILMENT
dico_phrasis_0000423__es-en__forward,dico_phrasis_0000423,es,en,en explosiones con bombas en Irak,In Baquba Blasts,BACKWARD_ENTAILMENT
dico_phrasis_0000423__es-en__reverse,dico_phrasis_0000423,es,en,en explosiones en Baquba,in Bomb Blasts in Iraq,FORWARD_ENTAILMENT
dico_phrasis_0000423__es-eu__forward,dico_phrasis_0000423,es,eu,en explosiones con bombas en Irak,Baqoubako eztandetan,BACKWARD_ENTAILMENT
dico_phrasis_0000423__es-eu__reverse,dico_phrasis_0000423,es,eu,en explosiones en Baquba,Irakeko bonba-eztandetan,FORWARD_ENTAILMENT
dico_phrasis_0000423__eu-en__forward,dico_phrasis_0000423,eu,en,Irakeko bonba-eztandetan,In Baquba Blasts,BACKWARD_ENTAILMENT
dico_phrasis_0000423__eu-en__reverse,dico_phrasis_0000423,eu,en,Baqoubako eztandetan,in Bomb Blasts in Iraq,FORWARD_ENTAILMENT
dico_phrasis_0000423__eu-es__forward,dico_phrasis_0000423,eu,es,Irakeko bonba-eztandetan,en explosiones en Baquba,BACKWARD_ENTAILMENT
dico_phrasis_0000423__eu-es__reverse,dico_phrasis_0000423,eu,es,Baqoubako eztandetan,en explosiones con bombas en Irak,FORWARD_ENTAILMENT
dico_phrasis_0000427__en-es__forward,dico_phrasis_0000427,en,es,in the water,en el mar,BACKWARD_ENTAILMENT
dico_phrasis_0000427__en-es__reverse,dico_phrasis_0000427,en,es,on the sea,en el agua,FORWARD_ENTAILMENT
dico_phrasis_0000427__en-eu__forward,dico_phrasis_0000427,en,eu,in the water,itsasoan,BACKWARD_ENTAILMENT
dico_phrasis_0000427__en-eu__reverse,dico_phrasis_0000427,en,eu,on the sea,uretan,FORWARD_ENTAILMENT
dico_phrasis_0000427__es-en__forward,dico_phrasis_0000427,es,en,en el agua,on the sea,BACKWARD_ENTAILMENT
dico_phrasis_0000427__es-en__reverse,dico_phrasis_0000427,es,en,en el mar,in the water,FORWARD_ENTAILMENT
dico_phrasis_0000427__es-eu__forward,dico_phrasis_0000427,es,eu,en el agua,itsasoan,BACKWARD_ENTAILMENT
dico_phrasis_0000427__es-eu__reverse,dico_phrasis_0000427,es,eu,en el mar,uretan,FORWARD_ENTAILMENT
dico_phrasis_0000427__eu-en__forward,dico_phrasis_0000427,eu,en,uretan,on the sea,BACKWARD_ENTAILMENT
dico_phrasis_0000427__eu-en__reverse,dico_phrasis_0000427,eu,en,itsasoan,in the water,FORWARD_ENTAILMENT
dico_phrasis_0000427__eu-es__forward,dico_phrasis_0000427,eu,es,uretan,en el mar,BACKWARD_ENTAILMENT
dico_phrasis_0000427__eu-es__reverse,dico_phrasis_0000427,eu,es,itsasoan,en el agua,FORWARD_ENTAILMENT
dico_phrasis_0000431__en-es__forward,dico_phrasis_0000431,en,es,a woman,una mujer joven,BACKWARD_ENTAILMENT
dico_phrasis_0000431__en-es__reverse,dico_phrasis_0000431,en,es,A young woman,una mujer,FORWARD_ENTAILMENT
dico_phrasis_0000431__en-eu__forward,dico_phrasis_0000431,en,eu,a woman,emakume gazte bat,BACKWARD_ENTAILMENT
dico_phrasis_0000431__en-eu__reverse,dico_phrasis_0000431,en,eu,A young woman,emakume bat,FORWARD_ENTAILMENT
dico_phrasis_0000431__es-en__forward,dico_phrasis_0000431,es,en,una mujer,A young woman,BACKWARD_ENTAILMENT
dico_phrasis_0000431__es-en__reverse,dico_phrasis_0000431,es,en,una mujer joven,a woman,FORWARD_ENTAILMENT
dico_phrasis_0000431__es-eu__forward,dico_phrasis_0000431,es,eu,una mujer,emakume gazte bat,BACKWARD_ENTAILMENT
dico_phrasis_0000431__es-eu__reverse,dico_phrasis_0000431,es,eu,una mujer joven,emakume bat,FORWARD_ENTAILMENT
dico_phrasis_0000431__eu-en__forward,dico_phrasis_0000431,eu,en,emakume bat,A young woman,BACKWARD_ENTAILMENT
dico_phrasis_0000431__eu-en__reverse,dico_phrasis_0000431,eu,en,emakume gazte bat,a woman,FORWARD_ENTAILMENT
dico_phrasis_0000431__eu-es__forward,dico_phrasis_0000431,eu,es,emakume bat,una mujer joven,BACKWARD_ENTAILMENT
dico_phrasis_0000431__eu-es__reverse,dico_phrasis_0000431,eu,es,emakume gazte bat,una mujer,FORWARD_ENTAILMENT
dico_phrasis_0000432__en-es__forward,dico_phrasis_0000432,en,es,with a big necklace,con una prenda superior negra y un collar,BACKWARD_ENTAILMENT
dico_phrasis_0000432__en-es__reverse,dico_phrasis_0000432,en,es,with a black top and a necklace,con un collar grande,FORWARD_ENTAILMENT
dico_phrasis_0000432__en-eu__forward,dico_phrasis_0000432,en,eu,with a big necklace,goialde beltz batekin eta lepoko batekin,BACKWARD_ENTAILMENT
dico_phrasis_0000432__en-eu__reverse,dico_phrasis_0000432,en,eu,with a black top and a necklace,lepoko handi batekin,FORWARD_ENTAILMENT
dico_phrasis_0000432__es-en__forward,dico_phrasis_0000432,es,en,con un collar grande,with a black top and a necklace,BACKWARD_ENTAILMENT
dico_phrasis_0000432__es-en__reverse,dico_phrasis_0000432,es,en,con una prenda superior negra y un collar,with a big necklace,FORWARD_ENTAILMENT
dico_phrasis_0000432__es-eu__forward,dico_phrasis_0000432,es,eu,con un collar grande,goialde beltz batekin eta lepoko batekin,BACKWARD_ENTAILMENT
dico_phrasis_0000432__es-eu__reverse,dico_phrasis_0000432,es,eu,con una prenda superior negra y un collar,lepoko handi batekin,FORWARD_ENTAILMENT
dico_phrasis_0000432__eu-en__forward,dico_phrasis_0000432,eu,en,lepoko handi batekin,with a black top and a necklace,BACKWARD_ENTAILMENT
dico_phrasis_0000432__eu-en__reverse,dico_phrasis_0000432,eu,en,goialde beltz batekin eta lepoko batekin,with a big necklace,FORWARD_ENTAILMENT
dico_phrasis_0000432__eu-es__forward,dico_phrasis_0000432,eu,es,lepoko handi batekin,con una prenda superior negra y un collar,BACKWARD_ENTAILMENT
dico_phrasis_0000432__eu-es__reverse,dico_phrasis_0000432,eu,es,goialde beltz batekin eta lepoko batekin,con un collar grande,FORWARD_ENTAILMENT
dico_phrasis_0000440__en-es__forward,dico_phrasis_0000440,en,es,A cat,"Un gato gris, negro y blanco",BACKWARD_ENTAILMENT
dico_phrasis_0000440__en-es__reverse,dico_phrasis_0000440,en,es,"A gray , black , and white cat",Un gato,FORWARD_ENTAILMENT
dico_phrasis_0000440__en-eu__forward,dico_phrasis_0000440,en,eu,A cat,"Katu gris, beltz eta zuri bat",BACKWARD_ENTAILMENT
dico_phrasis_0000440__en-eu__reverse,dico_phrasis_0000440,en,eu,"A gray , black , and white cat",Katu bat,FORWARD_ENTAILMENT
dico_phrasis_0000440__es-en__forward,dico_phrasis_0000440,es,en,Un gato,"A gray , black , and white cat",BACKWARD_ENTAILMENT
dico_phrasis_0000440__es-en__reverse,dico_phrasis_0000440,es,en,"Un gato gris, negro y blanco",A cat,FORWARD_ENTAILMENT
dico_phrasis_0000440__es-eu__forward,dico_phrasis_0000440,es,eu,Un gato,"Katu gris, beltz eta zuri bat",BACKWARD_ENTAILMENT
dico_phrasis_0000440__es-eu__reverse,dico_phrasis_0000440,es,eu,"Un gato gris, negro y blanco",Katu bat,FORWARD_ENTAILMENT
dico_phrasis_0000440__eu-en__forward,dico_phrasis_0000440,eu,en,Katu bat,"A gray , black , and white cat",BACKWARD_ENTAILMENT
dico_phrasis_0000440__eu-en__reverse,dico_phrasis_0000440,eu,en,"Katu gris, beltz eta zuri bat",A cat,FORWARD_ENTAILMENT
dico_phrasis_0000440__eu-es__forward,dico_phrasis_0000440,eu,es,Katu bat,"Un gato gris, negro y blanco",BACKWARD_ENTAILMENT
dico_phrasis_0000440__eu-es__reverse,dico_phrasis_0000440,eu,es,"Katu gris, beltz eta zuri bat",Un gato,FORWARD_ENTAILMENT
dico_phrasis_0000444__en-es__forward,dico_phrasis_0000444,en,es,in the field,en un campo verde y frondoso,BACKWARD_ENTAILMENT
dico_phrasis_0000444__en-es__reverse,dico_phrasis_0000444,en,es,in a lush green field,en el campo,FORWARD_ENTAILMENT
dico_phrasis_0000444__en-eu__forward,dico_phrasis_0000444,en,eu,in the field,zelai berde oparo batean,BACKWARD_ENTAILMENT
dico_phrasis_0000444__en-eu__reverse,dico_phrasis_0000444,en,eu,in a lush green field,zelai batean,FORWARD_ENTAILMENT
dico_phrasis_0000444__es-en__forward,dico_phrasis_0000444,es,en,en el campo,in a lush green field,BACKWARD_ENTAILMENT
dico_phrasis_0000444__es-en__reverse,dico_phrasis_0000444,es,en,en un campo verde y frondoso,in the field,FORWARD_ENTAILMENT
dico_phrasis_0000444__es-eu__forward,dico_phrasis_0000444,es,eu,en el campo,zelai berde oparo batean,BACKWARD_ENTAILMENT
dico_phrasis_0000444__es-eu__reverse,dico_phrasis_0000444,es,eu,en un campo verde y frondoso,zelai batean,FORWARD_ENTAILMENT
dico_phrasis_0000444__eu-en__forward,dico_phrasis_0000444,eu,en,zelai batean,in a lush green field,BACKWARD_ENTAILMENT
dico_phrasis_0000444__eu-en__reverse,dico_phrasis_0000444,eu,en,zelai berde oparo batean,in the field,FORWARD_ENTAILMENT
dico_phrasis_0000444__eu-es__forward,dico_phrasis_0000444,eu,es,zelai batean,en un campo verde y frondoso,BACKWARD_ENTAILMENT
dico_phrasis_0000444__eu-es__reverse,dico_phrasis_0000444,eu,es,zelai berde oparo batean,en el campo,FORWARD_ENTAILMENT
dico_phrasis_0000454__en-es__forward,dico_phrasis_0000454,en,es,a boat,en un barco,BACKWARD_ENTAILMENT
dico_phrasis_0000454__en-es__reverse,dico_phrasis_0000454,en,es,on a boat,un barco,FORWARD_ENTAILMENT
dico_phrasis_0000454__en-eu__forward,dico_phrasis_0000454,en,eu,a boat,txalupa batean,BACKWARD_ENTAILMENT
dico_phrasis_0000454__en-eu__reverse,dico_phrasis_0000454,en,eu,on a boat,txalupa bat,FORWARD_ENTAILMENT
dico_phrasis_0000454__es-en__forward,dico_phrasis_0000454,es,en,un barco,on a boat,BACKWARD_ENTAILMENT
dico_phrasis_0000454__es-en__reverse,dico_phrasis_0000454,es,en,en un barco,a boat,FORWARD_ENTAILMENT
dico_phrasis_0000454__es-eu__forward,dico_phrasis_0000454,es,eu,un barco,txalupa batean,BACKWARD_ENTAILMENT
dico_phrasis_0000454__es-eu__reverse,dico_phrasis_0000454,es,eu,en un barco,txalupa bat,FORWARD_ENTAILMENT
dico_phrasis_0000454__eu-en__forward,dico_phrasis_0000454,eu,en,txalupa bat,on a boat,BACKWARD_ENTAILMENT
dico_phrasis_0000454__eu-en__reverse,dico_phrasis_0000454,eu,en,txalupa batean,a boat,FORWARD_ENTAILMENT
dico_phrasis_0000454__eu-es__forward,dico_phrasis_0000454,eu,es,txalupa bat,en un barco,BACKWARD_ENTAILMENT
dico_phrasis_0000454__eu-es__reverse,dico_phrasis_0000454,eu,es,txalupa batean,un barco,FORWARD_ENTAILMENT
dico_phrasis_0000458__en-es__forward,dico_phrasis_0000458,en,es,with a dining table,con sofás grandes y una mesa de comedor,BACKWARD_ENTAILMENT
dico_phrasis_0000458__en-es__reverse,dico_phrasis_0000458,en,es,with large sofas and a dining table,con una mesa de comedor,FORWARD_ENTAILMENT
dico_phrasis_0000458__en-eu__forward,dico_phrasis_0000458,en,eu,with a dining table,sofa handiekin eta jangela-mahai batekin,BACKWARD_ENTAILMENT
dico_phrasis_0000458__en-eu__reverse,dico_phrasis_0000458,en,eu,with large sofas and a dining table,jangela-mahai batekin,FORWARD_ENTAILMENT
dico_phrasis_0000458__es-en__forward,dico_phrasis_0000458,es,en,con una mesa de comedor,with large sofas and a dining table,BACKWARD_ENTAILMENT
dico_phrasis_0000458__es-en__reverse,dico_phrasis_0000458,es,en,con sofás grandes y una mesa de comedor,with a dining table,FORWARD_ENTAILMENT
dico_phrasis_0000458__es-eu__forward,dico_phrasis_0000458,es,eu,con una mesa de comedor,sofa handiekin eta jangela-mahai batekin,BACKWARD_ENTAILMENT
dico_phrasis_0000458__es-eu__reverse,dico_phrasis_0000458,es,eu,con sofás grandes y una mesa de comedor,jangela-mahai batekin,FORWARD_ENTAILMENT
dico_phrasis_0000458__eu-en__forward,dico_phrasis_0000458,eu,en,jangela-mahai batekin,with large sofas and a dining table,BACKWARD_ENTAILMENT
dico_phrasis_0000458__eu-en__reverse,dico_phrasis_0000458,eu,en,sofa handiekin eta jangela-mahai batekin,with a dining table,FORWARD_ENTAILMENT
dico_phrasis_0000458__eu-es__forward,dico_phrasis_0000458,eu,es,jangela-mahai batekin,con sofás grandes y una mesa de comedor,BACKWARD_ENTAILMENT
dico_phrasis_0000458__eu-es__reverse,dico_phrasis_0000458,eu,es,sofa handiekin eta jangela-mahai batekin,con una mesa de comedor,FORWARD_ENTAILMENT
dico_phrasis_0000460__en-es__forward,dico_phrasis_0000460,en,es,A close-up,Imagen en primer plano,BACKWARD_ENTAILMENT
dico_phrasis_0000460__en-es__reverse,dico_phrasis_0000460,en,es,Close up image,Un primer plano,FORWARD_ENTAILMENT
dico_phrasis_0000460__en-eu__forward,dico_phrasis_0000460,en,eu,A close-up,hurbileko irudia,BACKWARD_ENTAILMENT
dico_phrasis_0000460__en-eu__reverse,dico_phrasis_0000460,en,eu,Close up image,hurbileko plano bat,FORWARD_ENTAILMENT
dico_phrasis_0000460__es-en__forward,dico_phrasis_0000460,es,en,Un primer plano,Close up image,BACKWARD_ENTAILMENT
dico_phrasis_0000460__es-en__reverse,dico_phrasis_0000460,es,en,Imagen en primer plano,A close-up,FORWARD_ENTAILMENT
dico_phrasis_0000460__es-eu__forward,dico_phrasis_0000460,es,eu,Un primer plano,hurbileko irudia,BACKWARD_ENTAILMENT
dico_phrasis_0000460__es-eu__reverse,dico_phrasis_0000460,es,eu,Imagen en primer plano,hurbileko plano bat,FORWARD_ENTAILMENT
dico_phrasis_0000460__eu-en__forward,dico_phrasis_0000460,eu,en,hurbileko plano bat,Close up image,BACKWARD_ENTAILMENT
dico_phrasis_0000460__eu-en__reverse,dico_phrasis_0000460,eu,en,hurbileko irudia,A close-up,FORWARD_ENTAILMENT
dico_phrasis_0000460__eu-es__forward,dico_phrasis_0000460,eu,es,hurbileko plano bat,Imagen en primer plano,BACKWARD_ENTAILMENT
dico_phrasis_0000460__eu-es__reverse,dico_phrasis_0000460,eu,es,hurbileko irudia,Un primer plano,FORWARD_ENTAILMENT
dico_phrasis_0000464__en-es__forward,dico_phrasis_0000464,en,es,with blue shirt,con una camisa azul y pantalones color caqui,BACKWARD_ENTAILMENT
dico_phrasis_0000464__en-es__reverse,dico_phrasis_0000464,en,es,in a blue shirt and tan pants,con camisa azul,FORWARD_ENTAILMENT
dico_phrasis_0000464__en-eu__forward,dico_phrasis_0000464,en,eu,with blue shirt,alkandora urdin batekin eta praka marroi argiekin,BACKWARD_ENTAILMENT
dico_phrasis_0000464__en-eu__reverse,dico_phrasis_0000464,en,eu,in a blue shirt and tan pants,alkandora urdinarekin,FORWARD_ENTAILMENT
dico_phrasis_0000464__es-en__forward,dico_phrasis_0000464,es,en,con camisa azul,in a blue shirt and tan pants,BACKWARD_ENTAILMENT
dico_phrasis_0000464__es-en__reverse,dico_phrasis_0000464,es,en,con una camisa azul y pantalones color caqui,with blue shirt,FORWARD_ENTAILMENT
dico_phrasis_0000464__es-eu__forward,dico_phrasis_0000464,es,eu,con camisa azul,alkandora urdin batekin eta praka marroi argiekin,BACKWARD_ENTAILMENT
dico_phrasis_0000464__es-eu__reverse,dico_phrasis_0000464,es,eu,con una camisa azul y pantalones color caqui,alkandora urdinarekin,FORWARD_ENTAILMENT
dico_phrasis_0000464__eu-en__forward,dico_phrasis_0000464,eu,en,alkandora urdinarekin,in a blue shirt and tan pants,BACKWARD_ENTAILMENT
dico_phrasis_0000464__eu-en__reverse,dico_phrasis_0000464,eu,en,alkandora urdin batekin eta praka marroi argiekin,with blue shirt,FORWARD_ENTAILMENT
dico_phrasis_0000464__eu-es__forward,dico_phrasis_0000464,eu,es,alkandora urdinarekin,con una camisa azul y pantalones color caqui,BACKWARD_ENTAILMENT
dico_phrasis_0000464__eu-es__reverse,dico_phrasis_0000464,eu,es,alkandora urdin batekin eta praka marroi argiekin,con camisa azul,FORWARD_ENTAILMENT
dico_phrasis_0000465__en-es__forward,dico_phrasis_0000465,en,es,in front of a bookcase,delante de estanterías,BACKWARD_ENTAILMENT
dico_phrasis_0000465__en-es__reverse,dico_phrasis_0000465,en,es,in front of book shelves,delante de una estantería,FORWARD_ENTAILMENT
dico_phrasis_0000465__en-eu__forward,dico_phrasis_0000465,en,eu,in front of a bookcase,liburu-apalen aurrean,BACKWARD_ENTAILMENT
dico_phrasis_0000465__en-eu__reverse,dico_phrasis_0000465,en,eu,in front of book shelves,liburutegi baten aurrean,FORWARD_ENTAILMENT
dico_phrasis_0000465__es-en__forward,dico_phrasis_0000465,es,en,delante de una estantería,in front of book shelves,BACKWARD_ENTAILMENT
dico_phrasis_0000465__es-en__reverse,dico_phrasis_0000465,es,en,delante de estanterías,in front of a bookcase,FORWARD_ENTAILMENT
dico_phrasis_0000465__es-eu__forward,dico_phrasis_0000465,es,eu,delante de una estantería,liburu-apalen aurrean,BACKWARD_ENTAILMENT
dico_phrasis_0000465__es-eu__reverse,dico_phrasis_0000465,es,eu,delante de estanterías,liburutegi baten aurrean,FORWARD_ENTAILMENT
dico_phrasis_0000465__eu-en__forward,dico_phrasis_0000465,eu,en,liburutegi baten aurrean,in front of book shelves,BACKWARD_ENTAILMENT
dico_phrasis_0000465__eu-en__reverse,dico_phrasis_0000465,eu,en,liburu-apalen aurrean,in front of a bookcase,FORWARD_ENTAILMENT
dico_phrasis_0000465__eu-es__forward,dico_phrasis_0000465,eu,es,liburutegi baten aurrean,delante de estanterías,BACKWARD_ENTAILMENT
dico_phrasis_0000465__eu-es__reverse,dico_phrasis_0000465,eu,es,liburu-apalen aurrean,delante de una estantería,FORWARD_ENTAILMENT
dico_phrasis_0000469__en-es__forward,dico_phrasis_0000469,en,es,A red and white bus,Un autobús inglés rojo y blanco,BACKWARD_ENTAILMENT
dico_phrasis_0000469__en-es__reverse,dico_phrasis_0000469,en,es,A red and white England bus,Un autobús rojo y blanco,FORWARD_ENTAILMENT
dico_phrasis_0000469__en-eu__forward,dico_phrasis_0000469,en,eu,A red and white bus,Ingalaterrako autobus gorri eta zuri bat,BACKWARD_ENTAILMENT
dico_phrasis_0000469__en-eu__reverse,dico_phrasis_0000469,en,eu,A red and white England bus,Autobus gorri eta zuri bat,FORWARD_ENTAILMENT
dico_phrasis_0000469__es-en__forward,dico_phrasis_0000469,es,en,Un autobús rojo y blanco,A red and white England bus,BACKWARD_ENTAILMENT
dico_phrasis_0000469__es-en__reverse,dico_phrasis_0000469,es,en,Un autobús inglés rojo y blanco,A red and white bus,FORWARD_ENTAILMENT
dico_phrasis_0000469__es-eu__forward,dico_phrasis_0000469,es,eu,Un autobús rojo y blanco,Ingalaterrako autobus gorri eta zuri bat,BACKWARD_ENTAILMENT
dico_phrasis_0000469__es-eu__reverse,dico_phrasis_0000469,es,eu,Un autobús inglés rojo y blanco,Autobus gorri eta zuri bat,FORWARD_ENTAILMENT
dico_phrasis_0000469__eu-en__forward,dico_phrasis_0000469,eu,en,Autobus gorri eta zuri bat,A red and white England bus,BACKWARD_ENTAILMENT
dico_phrasis_0000469__eu-en__reverse,dico_phrasis_0000469,eu,en,Ingalaterrako autobus gorri eta zuri bat,A red and white bus,FORWARD_ENTAILMENT
dico_phrasis_0000469__eu-es__forward,dico_phrasis_0000469,eu,es,Autobus gorri eta zuri bat,Un autobús inglés rojo y blanco,BACKWARD_ENTAILMENT
dico_phrasis_0000469__eu-es__reverse,dico_phrasis_0000469,eu,es,Ingalaterrako autobus gorri eta zuri bat,Un autobús rojo y blanco,FORWARD_ENTAILMENT
dico_phrasis_0000470__en-es__forward,dico_phrasis_0000470,en,es,A bird,Un pájaro negro grande,BACKWARD_ENTAILMENT
dico_phrasis_0000470__en-es__reverse,dico_phrasis_0000470,en,es,A large black bird,Un pájaro,FORWARD_ENTAILMENT
dico_phrasis_0000470__en-eu__forward,dico_phrasis_0000470,en,eu,A bird,Txori beltz handi bat,BACKWARD_ENTAILMENT
dico_phrasis_0000470__en-eu__reverse,dico_phrasis_0000470,en,eu,A large black bird,Txori bat,FORWARD_ENTAILMENT
dico_phrasis_0000470__es-en__forward,dico_phrasis_0000470,es,en,Un pájaro,A large black bird,BACKWARD_ENTAILMENT
dico_phrasis_0000470__es-en__reverse,dico_phrasis_0000470,es,en,Un pájaro negro grande,A bird,FORWARD_ENTAILMENT
dico_phrasis_0000470__es-eu__forward,dico_phrasis_0000470,es,eu,Un pájaro,Txori beltz handi bat,BACKWARD_ENTAILMENT
dico_phrasis_0000470__es-eu__reverse,dico_phrasis_0000470,es,eu,Un pájaro negro grande,Txori bat,FORWARD_ENTAILMENT
dico_phrasis_0000470__eu-en__forward,dico_phrasis_0000470,eu,en,Txori bat,A large black bird,BACKWARD_ENTAILMENT
dico_phrasis_0000470__eu-en__reverse,dico_phrasis_0000470,eu,en,Txori beltz handi bat,A bird,FORWARD_ENTAILMENT
dico_phrasis_0000470__eu-es__forward,dico_phrasis_0000470,eu,es,Txori bat,Un pájaro negro grande,BACKWARD_ENTAILMENT
dico_phrasis_0000470__eu-es__reverse,dico_phrasis_0000470,eu,es,Txori beltz handi bat,Un pájaro,FORWARD_ENTAILMENT
dico_phrasis_0000474__en-es__forward,dico_phrasis_0000474,en,es,Beer bottles -LRB- -LRB- Harp Lager -RRB- -RRB-,Una hilera de botellas de cerveza,BACKWARD_ENTAILMENT
dico_phrasis_0000474__en-es__reverse,dico_phrasis_0000474,en,es,A row of beer bottles,Botellas de cerveza ((Harp Lager)),FORWARD_ENTAILMENT
dico_phrasis_0000474__en-eu__forward,dico_phrasis_0000474,en,eu,Beer bottles -LRB- -LRB- Harp Lager -RRB- -RRB-,Garagardo botilen ilara bat,BACKWARD_ENTAILMENT
dico_phrasis_0000474__en-eu__reverse,dico_phrasis_0000474,en,eu,A row of beer bottles,Garagardo botilak (( Harp Lager )),FORWARD_ENTAILMENT
dico_phrasis_0000474__es-en__forward,dico_phrasis_0000474,es,en,Botellas de cerveza ((Harp Lager)),A row of beer bottles,BACKWARD_ENTAILMENT
dico_phrasis_0000474__es-en__reverse,dico_phrasis_0000474,es,en,Una hilera de botellas de cerveza,Beer bottles -LRB- -LRB- Harp Lager -RRB- -RRB-,FORWARD_ENTAILMENT
dico_phrasis_0000474__es-eu__forward,dico_phrasis_0000474,es,eu,Botellas de cerveza ((Harp Lager)),Garagardo botilen ilara bat,BACKWARD_ENTAILMENT
dico_phrasis_0000474__es-eu__reverse,dico_phrasis_0000474,es,eu,Una hilera de botellas de cerveza,Garagardo botilak (( Harp Lager )),FORWARD_ENTAILMENT
dico_phrasis_0000474__eu-en__forward,dico_phrasis_0000474,eu,en,Garagardo botilak (( Harp Lager )),A row of beer bottles,BACKWARD_ENTAILMENT
dico_phrasis_0000474__eu-en__reverse,dico_phrasis_0000474,eu,en,Garagardo botilen ilara bat,Beer bottles -LRB- -LRB- Harp Lager -RRB- -RRB-,FORWARD_ENTAILMENT
dico_phrasis_0000474__eu-es__forward,dico_phrasis_0000474,eu,es,Garagardo botilak (( Harp Lager )),Una hilera de botellas de cerveza,BACKWARD_ENTAILMENT
dico_phrasis_0000474__eu-es__reverse,dico_phrasis_0000474,eu,es,Garagardo botilen ilara bat,Botellas de cerveza ((Harp Lager)),FORWARD_ENTAILMENT
dico_phrasis_0000479__en-es__forward,dico_phrasis_0000479,en,es,outside,fuera de un autobús,BACKWARD_ENTAILMENT
dico_phrasis_0000479__en-es__reverse,dico_phrasis_0000479,en,es,outside of a bus,afuera,FORWARD_ENTAILMENT
dico_phrasis_0000479__en-eu__forward,dico_phrasis_0000479,en,eu,outside,autobus baten kanpoaldean,BACKWARD_ENTAILMENT
dico_phrasis_0000479__en-eu__reverse,dico_phrasis_0000479,en,eu,outside of a bus,kanpoan,FORWARD_ENTAILMENT
dico_phrasis_0000479__es-en__forward,dico_phrasis_0000479,es,en,afuera,outside of a bus,BACKWARD_ENTAILMENT
dico_phrasis_0000479__es-en__reverse,dico_phrasis_0000479,es,en,fuera de un autobús,outside,FORWARD_ENTAILMENT
dico_phrasis_0000479__es-eu__forward,dico_phrasis_0000479,es,eu,afuera,autobus baten kanpoaldean,BACKWARD_ENTAILMENT
dico_phrasis_0000479__es-eu__reverse,dico_phrasis_0000479,es,eu,fuera de un autobús,kanpoan,FORWARD_ENTAILMENT
dico_phrasis_0000479__eu-en__forward,dico_phrasis_0000479,eu,en,kanpoan,outside of a bus,BACKWARD_ENTAILMENT
dico_phrasis_0000479__eu-en__reverse,dico_phrasis_0000479,eu,en,autobus baten kanpoaldean,outside,FORWARD_ENTAILMENT
dico_phrasis_0000479__eu-es__forward,dico_phrasis_0000479,eu,es,kanpoan,fuera de un autobús,BACKWARD_ENTAILMENT
dico_phrasis_0000479__eu-es__reverse,dico_phrasis_0000479,eu,es,autobus baten kanpoaldean,afuera,FORWARD_ENTAILMENT
dico_phrasis_0000482__en-es__forward,dico_phrasis_0000482,en,es,A car,Un coche plateado,BACKWARD_ENTAILMENT
dico_phrasis_0000482__en-es__reverse,dico_phrasis_0000482,en,es,A silver car,Un coche,FORWARD_ENTAILMENT
dico_phrasis_0000482__en-eu__forward,dico_phrasis_0000482,en,eu,A car,Zilar koloreko auto bat,BACKWARD_ENTAILMENT
dico_phrasis_0000482__en-eu__reverse,dico_phrasis_0000482,en,eu,A silver car,Auto bat,FORWARD_ENTAILMENT
dico_phrasis_0000482__es-en__forward,dico_phrasis_0000482,es,en,Un coche,A silver car,BACKWARD_ENTAILMENT
dico_phrasis_0000482__es-en__reverse,dico_phrasis_0000482,es,en,Un coche plateado,A car,FORWARD_ENTAILMENT
dico_phrasis_0000482__es-eu__forward,dico_phrasis_0000482,es,eu,Un coche,Zilar koloreko auto bat,BACKWARD_ENTAILMENT
dico_phrasis_0000482__es-eu__reverse,dico_phrasis_0000482,es,eu,Un coche plateado,Auto bat,FORWARD_ENTAILMENT
dico_phrasis_0000482__eu-en__forward,dico_phrasis_0000482,eu,en,Auto bat,A silver car,BACKWARD_ENTAILMENT
dico_phrasis_0000482__eu-en__reverse,dico_phrasis_0000482,eu,en,Zilar koloreko auto bat,A car,FORWARD_ENTAILMENT
dico_phrasis_0000482__eu-es__forward,dico_phrasis_0000482,eu,es,Auto bat,Un coche plateado,BACKWARD_ENTAILMENT
dico_phrasis_0000482__eu-es__reverse,dico_phrasis_0000482,eu,es,Zilar koloreko auto bat,Un coche,FORWARD_ENTAILMENT
dico_phrasis_0000486__en-es__forward,dico_phrasis_0000486,en,es,a car,en un coche clásico,BACKWARD_ENTAILMENT
dico_phrasis_0000486__en-es__reverse,dico_phrasis_0000486,en,es,in a classic car,un coche,FORWARD_ENTAILMENT
dico_phrasis_0000486__en-eu__forward,dico_phrasis_0000486,en,eu,a car,auto klasiko batean,BACKWARD_ENTAILMENT
dico_phrasis_0000486__en-eu__reverse,dico_phrasis_0000486,en,eu,in a classic car,auto bat,FORWARD_ENTAILMENT
dico_phrasis_0000486__es-en__forward,dico_phrasis_0000486,es,en,un coche,in a classic car,BACKWARD_ENTAILMENT
dico_phrasis_0000486__es-en__reverse,dico_phrasis_0000486,es,en,en un coche clásico,a car,FORWARD_ENTAILMENT
dico_phrasis_0000486__es-eu__forward,dico_phrasis_0000486,es,eu,un coche,auto klasiko batean,BACKWARD_ENTAILMENT
dico_phrasis_0000486__es-eu__reverse,dico_phrasis_0000486,es,eu,en un coche clásico,auto bat,FORWARD_ENTAILMENT
dico_phrasis_0000486__eu-en__forward,dico_phrasis_0000486,eu,en,auto bat,in a classic car,BACKWARD_ENTAILMENT
dico_phrasis_0000486__eu-en__reverse,dico_phrasis_0000486,eu,en,auto klasiko batean,a car,FORWARD_ENTAILMENT
dico_phrasis_0000486__eu-es__forward,dico_phrasis_0000486,eu,es,auto bat,en un coche clásico,BACKWARD_ENTAILMENT
dico_phrasis_0000486__eu-es__reverse,dico_phrasis_0000486,eu,es,auto klasiko batean,un coche,FORWARD_ENTAILMENT
dico_phrasis_0000490__en-es__forward,dico_phrasis_0000490,en,es,in a restaurant,en un restaurante italiano,BACKWARD_ENTAILMENT
dico_phrasis_0000490__en-es__reverse,dico_phrasis_0000490,en,es,in an Italian restaurant,en un restaurante,FORWARD_ENTAILMENT
dico_phrasis_0000490__en-eu__forward,dico_phrasis_0000490,en,eu,in a restaurant,italiar jatetxe batean,BACKWARD_ENTAILMENT
dico_phrasis_0000490__en-eu__reverse,dico_phrasis_0000490,en,eu,in an Italian restaurant,jatetxe batean,FORWARD_ENTAILMENT
dico_phrasis_0000490__es-en__forward,dico_phrasis_0000490,es,en,en un restaurante,in an Italian restaurant,BACKWARD_ENTAILMENT
dico_phrasis_0000490__es-en__reverse,dico_phrasis_0000490,es,en,en un restaurante italiano,in a restaurant,FORWARD_ENTAILMENT
dico_phrasis_0000490__es-eu__forward,dico_phrasis_0000490,es,eu,en un restaurante,italiar jatetxe batean,BACKWARD_ENTAILMENT
dico_phrasis_0000490__es-eu__reverse,dico_phrasis_0000490,es,eu,en un restaurante italiano,jatetxe batean,FORWARD_ENTAILMENT
dico_phrasis_0000490__eu-en__forward,dico_phrasis_0000490,eu,en,jatetxe batean,in an Italian restaurant,BACKWARD_ENTAILMENT
dico_phrasis_0000490__eu-en__reverse,dico_phrasis_0000490,eu,en,italiar jatetxe batean,in a restaurant,FORWARD_ENTAILMENT
dico_phrasis_0000490__eu-es__forward,dico_phrasis_0000490,eu,es,jatetxe batean,en un restaurante italiano,BACKWARD_ENTAILMENT
dico_phrasis_0000490__eu-es__reverse,dico_phrasis_0000490,eu,es,italiar jatetxe batean,en un restaurante,FORWARD_ENTAILMENT
dico_phrasis_0000495__en-es__forward,dico_phrasis_0000495,en,es,Train,Un tren de vapor negro,BACKWARD_ENTAILMENT
dico_phrasis_0000495__en-es__reverse,dico_phrasis_0000495,en,es,A black steam train,Tren,FORWARD_ENTAILMENT
dico_phrasis_0000495__en-eu__forward,dico_phrasis_0000495,en,eu,Train,Lurrunezko tren beltz bat,BACKWARD_ENTAILMENT
dico_phrasis_0000495__en-eu__reverse,dico_phrasis_0000495,en,eu,A black steam train,Trena,FORWARD_ENTAILMENT
dico_phrasis_0000495__es-en__forward,dico_phrasis_0000495,es,en,Tren,A black steam train,BACKWARD_ENTAILMENT
dico_phrasis_0000495__es-en__reverse,dico_phrasis_0000495,es,en,Un tren de vapor negro,Train,FORWARD_ENTAILMENT
dico_phrasis_0000495__es-eu__forward,dico_phrasis_0000495,es,eu,Tren,Lurrunezko tren beltz bat,BACKWARD_ENTAILMENT
dico_phrasis_0000495__es-eu__reverse,dico_phrasis_0000495,es,eu,Un tren de vapor negro,Trena,FORWARD_ENTAILMENT
dico_phrasis_0000495__eu-en__forward,dico_phrasis_0000495,eu,en,Trena,A black steam train,BACKWARD_ENTAILMENT
dico_phrasis_0000495__eu-en__reverse,dico_phrasis_0000495,eu,en,Lurrunezko tren beltz bat,Train,FORWARD_ENTAILMENT
dico_phrasis_0000495__eu-es__forward,dico_phrasis_0000495,eu,es,Trena,Un tren de vapor negro,BACKWARD_ENTAILMENT
dico_phrasis_0000495__eu-es__reverse,dico_phrasis_0000495,eu,es,Lurrunezko tren beltz bat,Tren,FORWARD_ENTAILMENT
dico_phrasis_0000512__en-es__forward,dico_phrasis_0000512,en,es,A bird,Un pájaro amarillo,BACKWARD_ENTAILMENT
dico_phrasis_0000512__en-es__reverse,dico_phrasis_0000512,en,es,A yellow bird,Un pájaro,FORWARD_ENTAILMENT
dico_phrasis_0000512__en-eu__forward,dico_phrasis_0000512,en,eu,A bird,Txori hori bat,BACKWARD_ENTAILMENT
dico_phrasis_0000512__en-eu__reverse,dico_phrasis_0000512,en,eu,A yellow bird,Txori bat,FORWARD_ENTAILMENT
dico_phrasis_0000512__es-en__forward,dico_phrasis_0000512,es,en,Un pájaro,A yellow bird,BACKWARD_ENTAILMENT
dico_phrasis_0000512__es-en__reverse,dico_phrasis_0000512,es,en,Un pájaro amarillo,A bird,FORWARD_ENTAILMENT
dico_phrasis_0000512__es-eu__forward,dico_phrasis_0000512,es,eu,Un pájaro,Txori hori bat,BACKWARD_ENTAILMENT
dico_phrasis_0000512__es-eu__reverse,dico_phrasis_0000512,es,eu,Un pájaro amarillo,Txori bat,FORWARD_ENTAILMENT
dico_phrasis_0000512__eu-en__forward,dico_phrasis_0000512,eu,en,Txori bat,A yellow bird,BACKWARD_ENTAILMENT
dico_phrasis_0000512__eu-en__reverse,dico_phrasis_0000512,eu,en,Txori hori bat,A bird,FORWARD_ENTAILMENT
dico_phrasis_0000512__eu-es__forward,dico_phrasis_0000512,eu,es,Txori bat,Un pájaro amarillo,BACKWARD_ENTAILMENT
dico_phrasis_0000512__eu-es__reverse,dico_phrasis_0000512,eu,es,Txori hori bat,Un pájaro,FORWARD_ENTAILMENT
dico_phrasis_0000514__en-es__forward,dico_phrasis_0000514,en,es,from the feeder,de un comedero para pájaros,BACKWARD_ENTAILMENT
dico_phrasis_0000514__en-es__reverse,dico_phrasis_0000514,en,es,from a bird feeder,del comedero,FORWARD_ENTAILMENT
dico_phrasis_0000514__en-eu__forward,dico_phrasis_0000514,en,eu,from the feeder,txorientzako elikagailu batetik,BACKWARD_ENTAILMENT
dico_phrasis_0000514__en-eu__reverse,dico_phrasis_0000514,en,eu,from a bird feeder,elikagailutik,FORWARD_ENTAILMENT
dico_phrasis_0000514__es-en__forward,dico_phrasis_0000514,es,en,del comedero,from a bird feeder,BACKWARD_ENTAILMENT
dico_phrasis_0000514__es-en__reverse,dico_phrasis_0000514,es,en,de un comedero para pájaros,from the feeder,FORWARD_ENTAILMENT
dico_phrasis_0000514__es-eu__forward,dico_phrasis_0000514,es,eu,del comedero,txorientzako elikagailu batetik,BACKWARD_ENTAILMENT
dico_phrasis_0000514__es-eu__reverse,dico_phrasis_0000514,es,eu,de un comedero para pájaros,elikagailutik,FORWARD_ENTAILMENT
dico_phrasis_0000514__eu-en__forward,dico_phrasis_0000514,eu,en,elikagailutik,from a bird feeder,BACKWARD_ENTAILMENT
dico_phrasis_0000514__eu-en__reverse,dico_phrasis_0000514,eu,en,txorientzako elikagailu batetik,from the feeder,FORWARD_ENTAILMENT
dico_phrasis_0000514__eu-es__forward,dico_phrasis_0000514,eu,es,elikagailutik,de un comedero para pájaros,BACKWARD_ENTAILMENT
dico_phrasis_0000514__eu-es__reverse,dico_phrasis_0000514,eu,es,txorientzako elikagailu batetik,del comedero,FORWARD_ENTAILMENT
dico_phrasis_0000517__en-es__forward,dico_phrasis_0000517,en,es,Boy,Un niño pequeño,BACKWARD_ENTAILMENT
dico_phrasis_0000517__en-es__reverse,dico_phrasis_0000517,en,es,A small boy,Niño,FORWARD_ENTAILMENT
dico_phrasis_0000517__en-eu__forward,dico_phrasis_0000517,en,eu,Boy,Mutil txiki bat,BACKWARD_ENTAILMENT
dico_phrasis_0000517__en-eu__reverse,dico_phrasis_0000517,en,eu,A small boy,Mutila,FORWARD_ENTAILMENT
dico_phrasis_0000517__es-en__forward,dico_phrasis_0000517,es,en,Niño,A small boy,BACKWARD_ENTAILMENT
dico_phrasis_0000517__es-en__reverse,dico_phrasis_0000517,es,en,Un niño pequeño,Boy,FORWARD_ENTAILMENT
dico_phrasis_0000517__es-eu__forward,dico_phrasis_0000517,es,eu,Niño,Mutil txiki bat,BACKWARD_ENTAILMENT
dico_phrasis_0000517__es-eu__reverse,dico_phrasis_0000517,es,eu,Un niño pequeño,Mutila,FORWARD_ENTAILMENT
dico_phrasis_0000517__eu-en__forward,dico_phrasis_0000517,eu,en,Mutila,A small boy,BACKWARD_ENTAILMENT
dico_phrasis_0000517__eu-en__reverse,dico_phrasis_0000517,eu,en,Mutil txiki bat,Boy,FORWARD_ENTAILMENT
dico_phrasis_0000517__eu-es__forward,dico_phrasis_0000517,eu,es,Mutila,Un niño pequeño,BACKWARD_ENTAILMENT
dico_phrasis_0000517__eu-es__reverse,dico_phrasis_0000517,eu,es,Mutil txiki bat,Niño,FORWARD_ENTAILMENT
dico_phrasis_0000522__en-es__forward,dico_phrasis_0000522,en,es,in front of a train,delante de un tren plateado,BACKWARD_ENTAILMENT
dico_phrasis_0000522__en-es__reverse,dico_phrasis_0000522,en,es,in front of a silver train,delante de un tren,FORWARD_ENTAILMENT
dico_phrasis_0000522__en-eu__forward,dico_phrasis_0000522,en,eu,in front of a train,zilar koloreko tren baten aurrean,BACKWARD_ENTAILMENT
dico_phrasis_0000522__en-eu__reverse,dico_phrasis_0000522,en,eu,in front of a silver train,tren baten aurrean,FORWARD_ENTAILMENT
dico_phrasis_0000522__es-en__forward,dico_phrasis_0000522,es,en,delante de un tren,in front of a silver train,BACKWARD_ENTAILMENT
dico_phrasis_0000522__es-en__reverse,dico_phrasis_0000522,es,en,delante de un tren plateado,in front of a train,FORWARD_ENTAILMENT
dico_phrasis_0000522__es-eu__forward,dico_phrasis_0000522,es,eu,delante de un tren,zilar koloreko tren baten aurrean,BACKWARD_ENTAILMENT
dico_phrasis_0000522__es-eu__reverse,dico_phrasis_0000522,es,eu,delante de un tren plateado,tren baten aurrean,FORWARD_ENTAILMENT
dico_phrasis_0000522__eu-en__forward,dico_phrasis_0000522,eu,en,tren baten aurrean,in front of a silver train,BACKWARD_ENTAILMENT
dico_phrasis_0000522__eu-en__reverse,dico_phrasis_0000522,eu,en,zilar koloreko tren baten aurrean,in front of a train,FORWARD_ENTAILMENT
dico_phrasis_0000522__eu-es__forward,dico_phrasis_0000522,eu,es,tren baten aurrean,delante de un tren plateado,BACKWARD_ENTAILMENT
dico_phrasis_0000522__eu-es__reverse,dico_phrasis_0000522,eu,es,zilar koloreko tren baten aurrean,delante de un tren,FORWARD_ENTAILMENT
dico_phrasis_0000531__en-es__forward,dico_phrasis_0000531,en,es,a white horse,sobre un caballo blanco,BACKWARD_ENTAILMENT
dico_phrasis_0000531__en-es__reverse,dico_phrasis_0000531,en,es,on a white horse,un caballo blanco,FORWARD_ENTAILMENT
dico_phrasis_0000531__en-eu__forward,dico_phrasis_0000531,en,eu,a white horse,zaldi zuri baten gainean,BACKWARD_ENTAILMENT
dico_phrasis_0000531__en-eu__reverse,dico_phrasis_0000531,en,eu,on a white horse,zaldi zuri bat,FORWARD_ENTAILMENT
dico_phrasis_0000531__es-en__forward,dico_phrasis_0000531,es,en,un caballo blanco,on a white horse,BACKWARD_ENTAILMENT
dico_phrasis_0000531__es-en__reverse,dico_phrasis_0000531,es,en,sobre un caballo blanco,a white horse,FORWARD_ENTAILMENT
dico_phrasis_0000531__es-eu__forward,dico_phrasis_0000531,es,eu,un caballo blanco,zaldi zuri baten gainean,BACKWARD_ENTAILMENT
dico_phrasis_0000531__es-eu__reverse,dico_phrasis_0000531,es,eu,sobre un caballo blanco,zaldi zuri bat,FORWARD_ENTAILMENT
dico_phrasis_0000531__eu-en__forward,dico_phrasis_0000531,eu,en,zaldi zuri bat,on a white horse,BACKWARD_ENTAILMENT
dico_phrasis_0000531__eu-en__reverse,dico_phrasis_0000531,eu,en,zaldi zuri baten gainean,a white horse,FORWARD_ENTAILMENT
dico_phrasis_0000531__eu-es__forward,dico_phrasis_0000531,eu,es,zaldi zuri bat,sobre un caballo blanco,BACKWARD_ENTAILMENT
dico_phrasis_0000531__eu-es__reverse,dico_phrasis_0000531,eu,es,zaldi zuri baten gainean,un caballo blanco,FORWARD_ENTAILMENT
dico_phrasis_0000537__en-es__forward,dico_phrasis_0000537,en,es,a motorcycle,una motocicleta roja,BACKWARD_ENTAILMENT
dico_phrasis_0000537__en-es__reverse,dico_phrasis_0000537,en,es,a red motorcycle,una motocicleta,FORWARD_ENTAILMENT
dico_phrasis_0000537__en-eu__forward,dico_phrasis_0000537,en,eu,a motorcycle,motozikleta gorri bat,BACKWARD_ENTAILMENT
dico_phrasis_0000537__en-eu__reverse,dico_phrasis_0000537,en,eu,a red motorcycle,motozikleta bat,FORWARD_ENTAILMENT
dico_phrasis_0000537__es-en__forward,dico_phrasis_0000537,es,en,una motocicleta,a red motorcycle,BACKWARD_ENTAILMENT
dico_phrasis_0000537__es-en__reverse,dico_phrasis_0000537,es,en,una motocicleta roja,a motorcycle,FORWARD_ENTAILMENT
dico_phrasis_0000537__es-eu__forward,dico_phrasis_0000537,es,eu,una motocicleta,motozikleta gorri bat,BACKWARD_ENTAILMENT
dico_phrasis_0000537__es-eu__reverse,dico_phrasis_0000537,es,eu,una motocicleta roja,motozikleta bat,FORWARD_ENTAILMENT
dico_phrasis_0000537__eu-en__forward,dico_phrasis_0000537,eu,en,motozikleta bat,a red motorcycle,BACKWARD_ENTAILMENT
dico_phrasis_0000537__eu-en__reverse,dico_phrasis_0000537,eu,en,motozikleta gorri bat,a motorcycle,FORWARD_ENTAILMENT
dico_phrasis_0000537__eu-es__forward,dico_phrasis_0000537,eu,es,motozikleta bat,una motocicleta roja,BACKWARD_ENTAILMENT
dico_phrasis_0000537__eu-es__reverse,dico_phrasis_0000537,eu,es,motozikleta gorri bat,una motocicleta,FORWARD_ENTAILMENT
dico_phrasis_0000540__en-es__forward,dico_phrasis_0000540,en,es,in hay,en un corral con heno,BACKWARD_ENTAILMENT
dico_phrasis_0000540__en-es__reverse,dico_phrasis_0000540,en,es,in a pen with hay,en heno,FORWARD_ENTAILMENT
dico_phrasis_0000540__en-eu__forward,dico_phrasis_0000540,en,eu,in hay,lastoa duen hesolan,BACKWARD_ENTAILMENT
dico_phrasis_0000540__en-eu__reverse,dico_phrasis_0000540,en,eu,in a pen with hay,belarran,FORWARD_ENTAILMENT
dico_phrasis_0000540__es-en__forward,dico_phrasis_0000540,es,en,en heno,in a pen with hay,BACKWARD_ENTAILMENT
dico_phrasis_0000540__es-en__reverse,dico_phrasis_0000540,es,en,en un corral con heno,in hay,FORWARD_ENTAILMENT
dico_phrasis_0000540__es-eu__forward,dico_phrasis_0000540,es,eu,en heno,lastoa duen hesolan,BACKWARD_ENTAILMENT
dico_phrasis_0000540__es-eu__reverse,dico_phrasis_0000540,es,eu,en un corral con heno,belarran,FORWARD_ENTAILMENT
dico_phrasis_0000540__eu-en__forward,dico_phrasis_0000540,eu,en,belarran,in a pen with hay,BACKWARD_ENTAILMENT
dico_phrasis_0000540__eu-en__reverse,dico_phrasis_0000540,eu,en,lastoa duen hesolan,in hay,FORWARD_ENTAILMENT
dico_phrasis_0000540__eu-es__forward,dico_phrasis_0000540,eu,es,belarran,en un corral con heno,BACKWARD_ENTAILMENT
dico_phrasis_0000540__eu-es__reverse,dico_phrasis_0000540,eu,es,lastoa duen hesolan,en heno,FORWARD_ENTAILMENT
dico_phrasis_0000541__en-es__forward,dico_phrasis_0000541,en,es,a street,a lo largo de la calle,BACKWARD_ENTAILMENT
dico_phrasis_0000541__en-es__reverse,dico_phrasis_0000541,en,es,along the street,una calle,FORWARD_ENTAILMENT
dico_phrasis_0000541__en-eu__forward,dico_phrasis_0000541,en,eu,a street,kalean zehar,BACKWARD_ENTAILMENT
dico_phrasis_0000541__en-eu__reverse,dico_phrasis_0000541,en,eu,along the street,kale bat,FORWARD_ENTAILMENT
dico_phrasis_0000541__es-en__forward,dico_phrasis_0000541,es,en,una calle,along the street,BACKWARD_ENTAILMENT
dico_phrasis_0000541__es-en__reverse,dico_phrasis_0000541,es,en,a lo largo de la calle,a street,FORWARD_ENTAILMENT
dico_phrasis_0000541__es-eu__forward,dico_phrasis_0000541,es,eu,una calle,kalean zehar,BACKWARD_ENTAILMENT
dico_phrasis_0000541__es-eu__reverse,dico_phrasis_0000541,es,eu,a lo largo de la calle,kale bat,FORWARD_ENTAILMENT
dico_phrasis_0000541__eu-en__forward,dico_phrasis_0000541,eu,en,kale bat,along the street,BACKWARD_ENTAILMENT
dico_phrasis_0000541__eu-en__reverse,dico_phrasis_0000541,eu,en,kalean zehar,a street,FORWARD_ENTAILMENT
dico_phrasis_0000541__eu-es__forward,dico_phrasis_0000541,eu,es,kale bat,a lo largo de la calle,BACKWARD_ENTAILMENT
dico_phrasis_0000541__eu-es__reverse,dico_phrasis_0000541,eu,es,kalean zehar,una calle,FORWARD_ENTAILMENT
dico_phrasis_0000546__en-es__forward,dico_phrasis_0000546,en,es,The black bird,Un mirlo,BACKWARD_ENTAILMENT
dico_phrasis_0000546__en-es__reverse,dico_phrasis_0000546,en,es,A blackbird,El pájaro negro,FORWARD_ENTAILMENT
dico_phrasis_0000546__en-eu__forward,dico_phrasis_0000546,en,eu,The black bird,zozoa,BACKWARD_ENTAILMENT
dico_phrasis_0000546__en-eu__reverse,dico_phrasis_0000546,en,eu,A blackbird,txori beltza,FORWARD_ENTAILMENT
dico_phrasis_0000546__es-en__forward,dico_phrasis_0000546,es,en,El pájaro negro,A blackbird,BACKWARD_ENTAILMENT
dico_phrasis_0000546__es-en__reverse,dico_phrasis_0000546,es,en,Un mirlo,The black bird,FORWARD_ENTAILMENT
dico_phrasis_0000546__es-eu__forward,dico_phrasis_0000546,es,eu,El pájaro negro,zozoa,BACKWARD_ENTAILMENT
dico_phrasis_0000546__es-eu__reverse,dico_phrasis_0000546,es,eu,Un mirlo,txori beltza,FORWARD_ENTAILMENT
dico_phrasis_0000546__eu-en__forward,dico_phrasis_0000546,eu,en,txori beltza,A blackbird,BACKWARD_ENTAILMENT
dico_phrasis_0000546__eu-en__reverse,dico_phrasis_0000546,eu,en,zozoa,The black bird,FORWARD_ENTAILMENT
dico_phrasis_0000546__eu-es__forward,dico_phrasis_0000546,eu,es,txori beltza,Un mirlo,BACKWARD_ENTAILMENT
dico_phrasis_0000546__eu-es__reverse,dico_phrasis_0000546,eu,es,zozoa,El pájaro negro,FORWARD_ENTAILMENT
dico_phrasis_0000548__en-es__forward,dico_phrasis_0000548,en,es,a white and gray horse,de un caballo gris y blanco,BACKWARD_ENTAILMENT
dico_phrasis_0000548__en-es__reverse,dico_phrasis_0000548,en,es,of a gray and white horse,un caballo blanco y gris,FORWARD_ENTAILMENT
dico_phrasis_0000548__en-eu__forward,dico_phrasis_0000548,en,eu,a white and gray horse,zaldi gris eta zuri baten,BACKWARD_ENTAILMENT
dico_phrasis_0000548__en-eu__reverse,dico_phrasis_0000548,en,eu,of a gray and white horse,zaldi zuri eta gris bat,FORWARD_ENTAILMENT
dico_phrasis_0000548__es-en__forward,dico_phrasis_0000548,es,en,un caballo blanco y gris,of a gray and white horse,BACKWARD_ENTAILMENT
dico_phrasis_0000548__es-en__reverse,dico_phrasis_0000548,es,en,de un caballo gris y blanco,a white and gray horse,FORWARD_ENTAILMENT
dico_phrasis_0000548__es-eu__forward,dico_phrasis_0000548,es,eu,un caballo blanco y gris,zaldi gris eta zuri baten,BACKWARD_ENTAILMENT
dico_phrasis_0000548__es-eu__reverse,dico_phrasis_0000548,es,eu,de un caballo gris y blanco,zaldi zuri eta gris bat,FORWARD_ENTAILMENT
dico_phrasis_0000548__eu-en__forward,dico_phrasis_0000548,eu,en,zaldi zuri eta gris bat,of a gray and white horse,BACKWARD_ENTAILMENT
dico_phrasis_0000548__eu-en__reverse,dico_phrasis_0000548,eu,en,zaldi gris eta zuri baten,a white and gray horse,FORWARD_ENTAILMENT
dico_phrasis_0000548__eu-es__forward,dico_phrasis_0000548,eu,es,zaldi zuri eta gris bat,de un caballo gris y blanco,BACKWARD_ENTAILMENT
dico_phrasis_0000548__eu-es__reverse,dico_phrasis_0000548,eu,es,zaldi gris eta zuri baten,un caballo blanco y gris,FORWARD_ENTAILMENT
dico_phrasis_0000559__en-es__forward,dico_phrasis_0000559,en,es,A person,Un hombre,BACKWARD_ENTAILMENT
dico_phrasis_0000559__en-es__reverse,dico_phrasis_0000559,en,es,A man,Una persona,FORWARD_ENTAILMENT
dico_phrasis_0000559__en-eu__forward,dico_phrasis_0000559,en,eu,A person,Gizon bat,BACKWARD_ENTAILMENT
dico_phrasis_0000559__en-eu__reverse,dico_phrasis_0000559,en,eu,A man,Pertsona bat,FORWARD_ENTAILMENT
dico_phrasis_0000559__es-en__forward,dico_phrasis_0000559,es,en,Una persona,A man,BACKWARD_ENTAILMENT
dico_phrasis_0000559__es-en__reverse,dico_phrasis_0000559,es,en,Un hombre,A person,FORWARD_ENTAILMENT
dico_phrasis_0000559__es-eu__forward,dico_phrasis_0000559,es,eu,Una persona,Gizon bat,BACKWARD_ENTAILMENT
dico_phrasis_0000559__es-eu__reverse,dico_phrasis_0000559,es,eu,Un hombre,Pertsona bat,FORWARD_ENTAILMENT
dico_phrasis_0000559__eu-en__forward,dico_phrasis_0000559,eu,en,Pertsona bat,A man,BACKWARD_ENTAILMENT
dico_phrasis_0000559__eu-en__reverse,dico_phrasis_0000559,eu,en,Gizon bat,A person,FORWARD_ENTAILMENT
dico_phrasis_0000559__eu-es__forward,dico_phrasis_0000559,eu,es,Pertsona bat,Un hombre,BACKWARD_ENTAILMENT
dico_phrasis_0000559__eu-es__reverse,dico_phrasis_0000559,eu,es,Gizon bat,Una persona,FORWARD_ENTAILMENT
dico_phrasis_0000566__en-es__forward,dico_phrasis_0000566,en,es,of an ostrich,de una cara de avestruz,BACKWARD_ENTAILMENT
dico_phrasis_0000566__en-es__reverse,dico_phrasis_0000566,en,es,of an ostrich face,de un avestruz,FORWARD_ENTAILMENT
dico_phrasis_0000566__en-eu__forward,dico_phrasis_0000566,en,eu,of an ostrich,ostrukaren aurpegiarena,BACKWARD_ENTAILMENT
dico_phrasis_0000566__en-eu__reverse,dico_phrasis_0000566,en,eu,of an ostrich face,ostrukarena,FORWARD_ENTAILMENT
dico_phrasis_0000566__es-en__forward,dico_phrasis_0000566,es,en,de un avestruz,of an ostrich face,BACKWARD_ENTAILMENT
dico_phrasis_0000566__es-en__reverse,dico_phrasis_0000566,es,en,de una cara de avestruz,of an ostrich,FORWARD_ENTAILMENT
dico_phrasis_0000566__es-eu__forward,dico_phrasis_0000566,es,eu,de un avestruz,ostrukaren aurpegiarena,BACKWARD_ENTAILMENT
dico_phrasis_0000566__es-eu__reverse,dico_phrasis_0000566,es,eu,de una cara de avestruz,ostrukarena,FORWARD_ENTAILMENT
dico_phrasis_0000566__eu-en__forward,dico_phrasis_0000566,eu,en,ostrukarena,of an ostrich face,BACKWARD_ENTAILMENT
dico_phrasis_0000566__eu-en__reverse,dico_phrasis_0000566,eu,en,ostrukaren aurpegiarena,of an ostrich,FORWARD_ENTAILMENT
dico_phrasis_0000566__eu-es__forward,dico_phrasis_0000566,eu,es,ostrukarena,de una cara de avestruz,BACKWARD_ENTAILMENT
dico_phrasis_0000566__eu-es__reverse,dico_phrasis_0000566,eu,es,ostrukaren aurpegiarena,de un avestruz,FORWARD_ENTAILMENT
dico_phrasis_0000568__en-es__forward,dico_phrasis_0000568,en,es,Parked white double decker bus,Un autobús rojo y blanco de dos pisos está estacionado,BACKWARD_ENTAILMENT
dico_phrasis_0000568__en-es__reverse,dico_phrasis_0000568,en,es,A red and white double decker bus is parked,Autobús blanco de dos pisos estacionado,FORWARD_ENTAILMENT
dico_phrasis_0000568__en-eu__forward,dico_phrasis_0000568,en,eu,Parked white double decker bus,Autobus gorri eta zuri bi solairukoa aparkatuta dago,BACKWARD_ENTAILMENT
dico_phrasis_0000568__en-eu__reverse,dico_phrasis_0000568,en,eu,A red and white double decker bus is parked,Aparkatuta dagoen autobus zuri bi solairukoa,FORWARD_ENTAILMENT
dico_phrasis_0000568__es-en__forward,dico_phrasis_0000568,es,en,Autobús blanco de dos pisos estacionado,A red and white double decker bus is parked,BACKWARD_ENTAILMENT
dico_phrasis_0000568__es-en__reverse,dico_phrasis_0000568,es,en,Un autobús rojo y blanco de dos pisos está estacionado,Parked white double decker bus,FORWARD_ENTAILMENT
dico_phrasis_0000568__es-eu__forward,dico_phrasis_0000568,es,eu,Autobús blanco de dos pisos estacionado,Autobus gorri eta zuri bi solairukoa aparkatuta dago,BACKWARD_ENTAILMENT
dico_phrasis_0000568__es-eu__reverse,dico_phrasis_0000568,es,eu,Un autobús rojo y blanco de dos pisos está estacionado,Aparkatuta dagoen autobus zuri bi solairukoa,FORWARD_ENTAILMENT
dico_phrasis_0000568__eu-en__forward,dico_phrasis_0000568,eu,en,Aparkatuta dagoen autobus zuri bi solairukoa,A red and white double decker bus is parked,BACKWARD_ENTAILMENT
dico_phrasis_0000568__eu-en__reverse,dico_phrasis_0000568,eu,en,Autobus gorri eta zuri bi solairukoa aparkatuta dago,Parked white double decker bus,FORWARD_ENTAILMENT
dico_phrasis_0000568__eu-es__forward,dico_phrasis_0000568,eu,es,Aparkatuta dagoen autobus zuri bi solairukoa,Un autobús rojo y blanco de dos pisos está estacionado,BACKWARD_ENTAILMENT
dico_phrasis_0000568__eu-es__reverse,dico_phrasis_0000568,eu,es,Autobus gorri eta zuri bi solairukoa aparkatuta dago,Autobús blanco de dos pisos estacionado,FORWARD_ENTAILMENT
dico_phrasis_0000581__en-es__forward,dico_phrasis_0000581,en,es,A man and woman,Cuatro mujeres y dos hombres,BACKWARD_ENTAILMENT
dico_phrasis_0000581__en-es__reverse,dico_phrasis_0000581,en,es,Four women and two men,Un hombre y una mujer,FORWARD_ENTAILMENT
dico_phrasis_0000581__en-eu__forward,dico_phrasis_0000581,en,eu,A man and woman,Lau emakume eta bi gizon,BACKWARD_ENTAILMENT
dico_phrasis_0000581__en-eu__reverse,dico_phrasis_0000581,en,eu,Four women and two men,Gizon bat eta emakume bat,FORWARD_ENTAILMENT
dico_phrasis_0000581__es-en__forward,dico_phrasis_0000581,es,en,Un hombre y una mujer,Four women and two men,BACKWARD_ENTAILMENT
dico_phrasis_0000581__es-en__reverse,dico_phrasis_0000581,es,en,Cuatro mujeres y dos hombres,A man and woman,FORWARD_ENTAILMENT
dico_phrasis_0000581__es-eu__forward,dico_phrasis_0000581,es,eu,Un hombre y una mujer,Lau emakume eta bi gizon,BACKWARD_ENTAILMENT
dico_phrasis_0000581__es-eu__reverse,dico_phrasis_0000581,es,eu,Cuatro mujeres y dos hombres,Gizon bat eta emakume bat,FORWARD_ENTAILMENT
dico_phrasis_0000581__eu-en__forward,dico_phrasis_0000581,eu,en,Gizon bat eta emakume bat,Four women and two men,BACKWARD_ENTAILMENT
dico_phrasis_0000581__eu-en__reverse,dico_phrasis_0000581,eu,en,Lau emakume eta bi gizon,A man and woman,FORWARD_ENTAILMENT
dico_phrasis_0000581__eu-es__forward,dico_phrasis_0000581,eu,es,Gizon bat eta emakume bat,Cuatro mujeres y dos hombres,BACKWARD_ENTAILMENT
dico_phrasis_0000581__eu-es__reverse,dico_phrasis_0000581,eu,es,Lau emakume eta bi gizon,Un hombre y una mujer,FORWARD_ENTAILMENT
dico_phrasis_0000582__en-es__forward,dico_phrasis_0000582,en,es,Three young women,Tres mujeres jóvenes de pelo oscuro,BACKWARD_ENTAILMENT
dico_phrasis_0000582__en-es__reverse,dico_phrasis_0000582,en,es,Three dark haired young women,Tres mujeres jóvenes,FORWARD_ENTAILMENT
dico_phrasis_0000582__en-eu__forward,dico_phrasis_0000582,en,eu,Three young women,Ile iluneko hiru emakume gazte,BACKWARD_ENTAILMENT
dico_phrasis_0000582__en-eu__reverse,dico_phrasis_0000582,en,eu,Three dark haired young women,Hiru emakume gazte,FORWARD_ENTAILMENT
dico_phrasis_0000582__es-en__forward,dico_phrasis_0000582,es,en,Tres mujeres jóvenes,Three dark haired young women,BACKWARD_ENTAILMENT
dico_phrasis_0000582__es-en__reverse,dico_phrasis_0000582,es,en,Tres mujeres jóvenes de pelo oscuro,Three young women,FORWARD_ENTAILMENT
dico_phrasis_0000582__es-eu__forward,dico_phrasis_0000582,es,eu,Tres mujeres jóvenes,Ile iluneko hiru emakume gazte,BACKWARD_ENTAILMENT
dico_phrasis_0000582__es-eu__reverse,dico_phrasis_0000582,es,eu,Tres mujeres jóvenes de pelo oscuro,Hiru emakume gazte,FORWARD_ENTAILMENT
dico_phrasis_0000582__eu-en__forward,dico_phrasis_0000582,eu,en,Hiru emakume gazte,Three dark haired young women,BACKWARD_ENTAILMENT
dico_phrasis_0000582__eu-en__reverse,dico_phrasis_0000582,eu,en,Ile iluneko hiru emakume gazte,Three young women,FORWARD_ENTAILMENT
dico_phrasis_0000582__eu-es__forward,dico_phrasis_0000582,eu,es,Hiru emakume gazte,Tres mujeres jóvenes de pelo oscuro,BACKWARD_ENTAILMENT
dico_phrasis_0000582__eu-es__reverse,dico_phrasis_0000582,eu,es,Ile iluneko hiru emakume gazte,Tres mujeres jóvenes,FORWARD_ENTAILMENT
dico_phrasis_0000583__en-es__forward,dico_phrasis_0000583,en,es,A black and white cow,Una vaca blanca y negra con cuernos,BACKWARD_ENTAILMENT
dico_phrasis_0000583__en-es__reverse,dico_phrasis_0000583,en,es,A black and white horned cow,Una vaca blanca y negra,FORWARD_ENTAILMENT
dico_phrasis_0000583__en-eu__forward,dico_phrasis_0000583,en,eu,A black and white cow,adardun behi zuri-beltz bat,BACKWARD_ENTAILMENT
dico_phrasis_0000583__en-eu__reverse,dico_phrasis_0000583,en,eu,A black and white horned cow,behi zuri-beltz bat,FORWARD_ENTAILMENT
dico_phrasis_0000583__es-en__forward,dico_phrasis_0000583,es,en,Una vaca blanca y negra,A black and white horned cow,BACKWARD_ENTAILMENT
dico_phrasis_0000583__es-en__reverse,dico_phrasis_0000583,es,en,Una vaca blanca y negra con cuernos,A black and white cow,FORWARD_ENTAILMENT
dico_phrasis_0000583__es-eu__forward,dico_phrasis_0000583,es,eu,Una vaca blanca y negra,adardun behi zuri-beltz bat,BACKWARD_ENTAILMENT
dico_phrasis_0000583__es-eu__reverse,dico_phrasis_0000583,es,eu,Una vaca blanca y negra con cuernos,behi zuri-beltz bat,FORWARD_ENTAILMENT
dico_phrasis_0000583__eu-en__forward,dico_phrasis_0000583,eu,en,behi zuri-beltz bat,A black and white horned cow,BACKWARD_ENTAILMENT
dico_phrasis_0000583__eu-en__reverse,dico_phrasis_0000583,eu,en,adardun behi zuri-beltz bat,A black and white cow,FORWARD_ENTAILMENT
dico_phrasis_0000583__eu-es__forward,dico_phrasis_0000583,eu,es,behi zuri-beltz bat,Una vaca blanca y negra con cuernos,BACKWARD_ENTAILMENT
dico_phrasis_0000583__eu-es__reverse,dico_phrasis_0000583,eu,es,adardun behi zuri-beltz bat,Una vaca blanca y negra,FORWARD_ENTAILMENT
dico_phrasis_0000589__en-es__forward,dico_phrasis_0000589,en,es,Someone,Un hombre,BACKWARD_ENTAILMENT
dico_phrasis_0000589__en-es__reverse,dico_phrasis_0000589,en,es,A man,Alguien,FORWARD_ENTAILMENT
dico_phrasis_0000589__en-eu__forward,dico_phrasis_0000589,en,eu,Someone,Gizon bat,BACKWARD_ENTAILMENT
dico_phrasis_0000589__en-eu__reverse,dico_phrasis_0000589,en,eu,A man,Norbait,FORWARD_ENTAILMENT
dico_phrasis_0000589__es-en__forward,dico_phrasis_0000589,es,en,Alguien,A man,BACKWARD_ENTAILMENT
dico_phrasis_0000589__es-en__reverse,dico_phrasis_0000589,es,en,Un hombre,Someone,FORWARD_ENTAILMENT
dico_phrasis_0000589__es-eu__forward,dico_phrasis_0000589,es,eu,Alguien,Gizon bat,BACKWARD_ENTAILMENT
dico_phrasis_0000589__es-eu__reverse,dico_phrasis_0000589,es,eu,Un hombre,Norbait,FORWARD_ENTAILMENT
dico_phrasis_0000589__eu-en__forward,dico_phrasis_0000589,eu,en,Norbait,A man,BACKWARD_ENTAILMENT
dico_phrasis_0000589__eu-en__reverse,dico_phrasis_0000589,eu,en,Gizon bat,Someone,FORWARD_ENTAILMENT
dico_phrasis_0000589__eu-es__forward,dico_phrasis_0000589,eu,es,Norbait,Un hombre,BACKWARD_ENTAILMENT
dico_phrasis_0000589__eu-es__reverse,dico_phrasis_0000589,eu,es,Gizon bat,Alguien,FORWARD_ENTAILMENT
dico_phrasis_0000599__en-es__forward,dico_phrasis_0000599,en,es,A white plane,Un avión suizo blanco,BACKWARD_ENTAILMENT
dico_phrasis_0000599__en-es__reverse,dico_phrasis_0000599,en,es,A white Swiss airplane,Un avión blanco,FORWARD_ENTAILMENT
dico_phrasis_0000599__en-eu__forward,dico_phrasis_0000599,en,eu,A white plane,Suitzako hegazkin zuri bat,BACKWARD_ENTAILMENT
dico_phrasis_0000599__en-eu__reverse,dico_phrasis_0000599,en,eu,A white Swiss airplane,hegazkin zuri bat,FORWARD_ENTAILMENT
dico_phrasis_0000599__es-en__forward,dico_phrasis_0000599,es,en,Un avión blanco,A white Swiss airplane,BACKWARD_ENTAILMENT
dico_phrasis_0000599__es-en__reverse,dico_phrasis_0000599,es,en,Un avión suizo blanco,A white plane,FORWARD_ENTAILMENT
dico_phrasis_0000599__es-eu__forward,dico_phrasis_0000599,es,eu,Un avión blanco,Suitzako hegazkin zuri bat,BACKWARD_ENTAILMENT
dico_phrasis_0000599__es-eu__reverse,dico_phrasis_0000599,es,eu,Un avión suizo blanco,hegazkin zuri bat,FORWARD_ENTAILMENT
dico_phrasis_0000599__eu-en__forward,dico_phrasis_0000599,eu,en,hegazkin zuri bat,A white Swiss airplane,BACKWARD_ENTAILMENT
dico_phrasis_0000599__eu-en__reverse,dico_phrasis_0000599,eu,en,Suitzako hegazkin zuri bat,A white plane,FORWARD_ENTAILMENT
dico_phrasis_0000599__eu-es__forward,dico_phrasis_0000599,eu,es,hegazkin zuri bat,Un avión suizo blanco,BACKWARD_ENTAILMENT
dico_phrasis_0000599__eu-es__reverse,dico_phrasis_0000599,eu,es,Suitzako hegazkin zuri bat,Un avión blanco,FORWARD_ENTAILMENT
dico_phrasis_0000603__en-es__forward,dico_phrasis_0000603,en,es,in a sink,en el fregadero del baño,BACKWARD_ENTAILMENT
dico_phrasis_0000603__en-es__reverse,dico_phrasis_0000603,en,es,in bathroom sink,en un fregadero,FORWARD_ENTAILMENT
dico_phrasis_0000603__en-eu__forward,dico_phrasis_0000603,en,eu,in a sink,bainugelako konketan,BACKWARD_ENTAILMENT
dico_phrasis_0000603__en-eu__reverse,dico_phrasis_0000603,en,eu,in bathroom sink,konketa batean,FORWARD_ENTAILMENT
dico_phrasis_0000603__es-en__forward,dico_phrasis_0000603,es,en,en un fregadero,in bathroom sink,BACKWARD_ENTAILMENT
dico_phrasis_0000603__es-en__reverse,dico_phrasis_0000603,es,en,en el fregadero del baño,in a sink,FORWARD_ENTAILMENT
dico_phrasis_0000603__es-eu__forward,dico_phrasis_0000603,es,eu,en un fregadero,bainugelako konketan,BACKWARD_ENTAILMENT
dico_phrasis_0000603__es-eu__reverse,dico_phrasis_0000603,es,eu,en el fregadero del baño,konketa batean,FORWARD_ENTAILMENT
dico_phrasis_0000603__eu-en__forward,dico_phrasis_0000603,eu,en,konketa batean,in bathroom sink,BACKWARD_ENTAILMENT
dico_phrasis_0000603__eu-en__reverse,dico_phrasis_0000603,eu,en,bainugelako konketan,in a sink,FORWARD_ENTAILMENT
dico_phrasis_0000603__eu-es__forward,dico_phrasis_0000603,eu,es,konketa batean,en el fregadero del baño,BACKWARD_ENTAILMENT
dico_phrasis_0000603__eu-es__reverse,dico_phrasis_0000603,eu,es,bainugelako konketan,en un fregadero,FORWARD_ENTAILMENT
dico_phrasis_0000606__en-es__forward,dico_phrasis_0000606,en,es,a street,en una calle de la ciudad,BACKWARD_ENTAILMENT
dico_phrasis_0000606__en-es__reverse,dico_phrasis_0000606,en,es,on a city street,una calle,FORWARD_ENTAILMENT
dico_phrasis_0000606__en-eu__forward,dico_phrasis_0000606,en,eu,a street,hiriko kale batean,BACKWARD_ENTAILMENT
dico_phrasis_0000606__en-eu__reverse,dico_phrasis_0000606,en,eu,on a city street,kale bat,FORWARD_ENTAILMENT
dico_phrasis_0000606__es-en__forward,dico_phrasis_0000606,es,en,una calle,on a city street,BACKWARD_ENTAILMENT
dico_phrasis_0000606__es-en__reverse,dico_phrasis_0000606,es,en,en una calle de la ciudad,a street,FORWARD_ENTAILMENT
dico_phrasis_0000606__es-eu__forward,dico_phrasis_0000606,es,eu,una calle,hiriko kale batean,BACKWARD_ENTAILMENT
dico_phrasis_0000606__es-eu__reverse,dico_phrasis_0000606,es,eu,en una calle de la ciudad,kale bat,FORWARD_ENTAILMENT
dico_phrasis_0000606__eu-en__forward,dico_phrasis_0000606,eu,en,kale bat,on a city street,BACKWARD_ENTAILMENT
dico_phrasis_0000606__eu-en__reverse,dico_phrasis_0000606,eu,en,hiriko kale batean,a street,FORWARD_ENTAILMENT
dico_phrasis_0000606__eu-es__forward,dico_phrasis_0000606,eu,es,kale bat,en una calle de la ciudad,BACKWARD_ENTAILMENT
dico_phrasis_0000606__eu-es__reverse,dico_phrasis_0000606,eu,es,hiriko kale batean,una calle,FORWARD_ENTAILMENT
dico_phrasis_0000608__en-es__forward,dico_phrasis_0000608,en,es,being petted,siendo sostenido y acariciado,BACKWARD_ENTAILMENT
dico_phrasis_0000608__en-es__reverse,dico_phrasis_0000608,en,es,being held and petted,siendo acariciado,FORWARD_ENTAILMENT
dico_phrasis_0000608__en-eu__forward,dico_phrasis_0000608,en,eu,being petted,eutsia eta laztatua izaten,BACKWARD_ENTAILMENT
dico_phrasis_0000608__en-eu__reverse,dico_phrasis_0000608,en,eu,being held and petted,laztatua izaten,FORWARD_ENTAILMENT
dico_phrasis_0000608__es-en__forward,dico_phrasis_0000608,es,en,siendo acariciado,being held and petted,BACKWARD_ENTAILMENT
dico_phrasis_0000608__es-en__reverse,dico_phrasis_0000608,es,en,siendo sostenido y acariciado,being petted,FORWARD_ENTAILMENT
dico_phrasis_0000608__es-eu__forward,dico_phrasis_0000608,es,eu,siendo acariciado,eutsia eta laztatua izaten,BACKWARD_ENTAILMENT
dico_phrasis_0000608__es-eu__reverse,dico_phrasis_0000608,es,eu,siendo sostenido y acariciado,laztatua izaten,FORWARD_ENTAILMENT
dico_phrasis_0000608__eu-en__forward,dico_phrasis_0000608,eu,en,laztatua izaten,being held and petted,BACKWARD_ENTAILMENT
dico_phrasis_0000608__eu-en__reverse,dico_phrasis_0000608,eu,en,eutsia eta laztatua izaten,being petted,FORWARD_ENTAILMENT
dico_phrasis_0000608__eu-es__forward,dico_phrasis_0000608,eu,es,laztatua izaten,siendo sostenido y acariciado,BACKWARD_ENTAILMENT
dico_phrasis_0000608__eu-es__reverse,dico_phrasis_0000608,eu,es,eutsia eta laztatua izaten,siendo acariciado,FORWARD_ENTAILMENT
dico_phrasis_0000614__en-es__forward,dico_phrasis_0000614,en,es,with dog,con un cachorro,BACKWARD_ENTAILMENT
dico_phrasis_0000614__en-es__reverse,dico_phrasis_0000614,en,es,with a puppy,con perro,FORWARD_ENTAILMENT
dico_phrasis_0000614__en-eu__forward,dico_phrasis_0000614,en,eu,with dog,txakurkume batekin,BACKWARD_ENTAILMENT
dico_phrasis_0000614__en-eu__reverse,dico_phrasis_0000614,en,eu,with a puppy,txakurrarekin,FORWARD_ENTAILMENT
dico_phrasis_0000614__es-en__forward,dico_phrasis_0000614,es,en,con perro,with a puppy,BACKWARD_ENTAILMENT
dico_phrasis_0000614__es-en__reverse,dico_phrasis_0000614,es,en,con un cachorro,with dog,FORWARD_ENTAILMENT
dico_phrasis_0000614__es-eu__forward,dico_phrasis_0000614,es,eu,con perro,txakurkume batekin,BACKWARD_ENTAILMENT
dico_phrasis_0000614__es-eu__reverse,dico_phrasis_0000614,es,eu,con un cachorro,txakurrarekin,FORWARD_ENTAILMENT
dico_phrasis_0000614__eu-en__forward,dico_phrasis_0000614,eu,en,txakurrarekin,with a puppy,BACKWARD_ENTAILMENT
dico_phrasis_0000614__eu-en__reverse,dico_phrasis_0000614,eu,en,txakurkume batekin,with dog,FORWARD_ENTAILMENT
dico_phrasis_0000614__eu-es__forward,dico_phrasis_0000614,eu,es,txakurrarekin,con un cachorro,BACKWARD_ENTAILMENT
dico_phrasis_0000614__eu-es__reverse,dico_phrasis_0000614,eu,es,txakurkume batekin,con perro,FORWARD_ENTAILMENT
dico_phrasis_0000616__en-es__forward,dico_phrasis_0000616,en,es,of a television screen,El televisor de pantalla plana montado en la pared,BACKWARD_ENTAILMENT
dico_phrasis_0000616__en-es__reverse,dico_phrasis_0000616,en,es,The wall-mounted flat-screen TV,de una pantalla de televisión,FORWARD_ENTAILMENT
dico_phrasis_0000616__en-eu__forward,dico_phrasis_0000616,en,eu,of a television screen,horman muntatutako pantaila lauko telebista,BACKWARD_ENTAILMENT
dico_phrasis_0000616__en-eu__reverse,dico_phrasis_0000616,en,eu,The wall-mounted flat-screen TV,telebista-pantaila batekoa,FORWARD_ENTAILMENT
dico_phrasis_0000616__es-en__forward,dico_phrasis_0000616,es,en,de una pantalla de televisión,The wall-mounted flat-screen TV,BACKWARD_ENTAILMENT
dico_phrasis_0000616__es-en__reverse,dico_phrasis_0000616,es,en,El televisor de pantalla plana montado en la pared,of a television screen,FORWARD_ENTAILMENT
dico_phrasis_0000616__es-eu__forward,dico_phrasis_0000616,es,eu,de una pantalla de televisión,horman muntatutako pantaila lauko telebista,BACKWARD_ENTAILMENT
dico_phrasis_0000616__es-eu__reverse,dico_phrasis_0000616,es,eu,El televisor de pantalla plana montado en la pared,telebista-pantaila batekoa,FORWARD_ENTAILMENT
dico_phrasis_0000616__eu-en__forward,dico_phrasis_0000616,eu,en,telebista-pantaila batekoa,The wall-mounted flat-screen TV,BACKWARD_ENTAILMENT
dico_phrasis_0000616__eu-en__reverse,dico_phrasis_0000616,eu,en,horman muntatutako pantaila lauko telebista,of a television screen,FORWARD_ENTAILMENT
dico_phrasis_0000616__eu-es__forward,dico_phrasis_0000616,eu,es,telebista-pantaila batekoa,El televisor de pantalla plana montado en la pared,BACKWARD_ENTAILMENT
dico_phrasis_0000616__eu-es__reverse,dico_phrasis_0000616,eu,es,horman muntatutako pantaila lauko telebista,de una pantalla de televisión,FORWARD_ENTAILMENT
dico_phrasis_0000629__en-es__forward,dico_phrasis_0000629,en,es,while a man,junto a un hombre con casco,BACKWARD_ENTAILMENT
dico_phrasis_0000629__en-es__reverse,dico_phrasis_0000629,en,es,next to a helmeted man,mientras un hombre,FORWARD_ENTAILMENT
dico_phrasis_0000629__en-eu__forward,dico_phrasis_0000629,en,eu,while a man,kaskodun gizon baten ondoan,BACKWARD_ENTAILMENT
dico_phrasis_0000629__en-eu__reverse,dico_phrasis_0000629,en,eu,next to a helmeted man,gizon bat dagoen bitartean,FORWARD_ENTAILMENT
dico_phrasis_0000629__es-en__forward,dico_phrasis_0000629,es,en,mientras un hombre,next to a helmeted man,BACKWARD_ENTAILMENT
dico_phrasis_0000629__es-en__reverse,dico_phrasis_0000629,es,en,junto a un hombre con casco,while a man,FORWARD_ENTAILMENT
dico_phrasis_0000629__es-eu__forward,dico_phrasis_0000629,es,eu,mientras un hombre,kaskodun gizon baten ondoan,BACKWARD_ENTAILMENT
dico_phrasis_0000629__es-eu__reverse,dico_phrasis_0000629,es,eu,junto a un hombre con casco,gizon bat dagoen bitartean,FORWARD_ENTAILMENT
dico_phrasis_0000629__eu-en__forward,dico_phrasis_0000629,eu,en,gizon bat dagoen bitartean,next to a helmeted man,BACKWARD_ENTAILMENT
dico_phrasis_0000629__eu-en__reverse,dico_phrasis_0000629,eu,en,kaskodun gizon baten ondoan,while a man,FORWARD_ENTAILMENT
dico_phrasis_0000629__eu-es__forward,dico_phrasis_0000629,eu,es,gizon bat dagoen bitartean,junto a un hombre con casco,BACKWARD_ENTAILMENT
dico_phrasis_0000629__eu-es__reverse,dico_phrasis_0000629,eu,es,kaskodun gizon baten ondoan,mientras un hombre,FORWARD_ENTAILMENT
dico_phrasis_0000630__en-es__forward,dico_phrasis_0000630,en,es,beside a road and a lake,al borde de una carretera con un lago y una montaña al fondo,BACKWARD_ENTAILMENT
dico_phrasis_0000630__en-es__reverse,dico_phrasis_0000630,en,es,on the edge of a road with a lake and a mountain in the background,junto a una carretera y un lago,FORWARD_ENTAILMENT
dico_phrasis_0000630__en-eu__forward,dico_phrasis_0000630,en,eu,beside a road and a lake,"errepide baten ertzean, laku batekin eta atzealdean mendi batekin",BACKWARD_ENTAILMENT
dico_phrasis_0000630__en-eu__reverse,dico_phrasis_0000630,en,eu,on the edge of a road with a lake and a mountain in the background,errepide baten eta laku baten ondoan,FORWARD_ENTAILMENT
dico_phrasis_0000630__es-en__forward,dico_phrasis_0000630,es,en,junto a una carretera y un lago,on the edge of a road with a lake and a mountain in the background,BACKWARD_ENTAILMENT
dico_phrasis_0000630__es-en__reverse,dico_phrasis_0000630,es,en,al borde de una carretera con un lago y una montaña al fondo,beside a road and a lake,FORWARD_ENTAILMENT
dico_phrasis_0000630__es-eu__forward,dico_phrasis_0000630,es,eu,junto a una carretera y un lago,"errepide baten ertzean, laku batekin eta atzealdean mendi batekin",BACKWARD_ENTAILMENT
dico_phrasis_0000630__es-eu__reverse,dico_phrasis_0000630,es,eu,al borde de una carretera con un lago y una montaña al fondo,errepide baten eta laku baten ondoan,FORWARD_ENTAILMENT
dico_phrasis_0000630__eu-en__forward,dico_phrasis_0000630,eu,en,errepide baten eta laku baten ondoan,on the edge of a road with a lake and a mountain in the background,BACKWARD_ENTAILMENT
dico_phrasis_0000630__eu-en__reverse,dico_phrasis_0000630,eu,en,"errepide baten ertzean, laku batekin eta atzealdean mendi batekin",beside a road and a lake,FORWARD_ENTAILMENT
dico_phrasis_0000630__eu-es__forward,dico_phrasis_0000630,eu,es,errepide baten eta laku baten ondoan,al borde de una carretera con un lago y una montaña al fondo,BACKWARD_ENTAILMENT
dico_phrasis_0000630__eu-es__reverse,dico_phrasis_0000630,eu,es,"errepide baten ertzean, laku batekin eta atzealdean mendi batekin",junto a una carretera y un lago,FORWARD_ENTAILMENT
dico_phrasis_0000636__en-es__forward,dico_phrasis_0000636,en,es,sitting,mientras está sentado,BACKWARD_ENTAILMENT
dico_phrasis_0000636__en-es__reverse,dico_phrasis_0000636,en,es,while sitting,sentado,FORWARD_ENTAILMENT
dico_phrasis_0000636__en-eu__forward,dico_phrasis_0000636,en,eu,sitting,eserita dagoen bitartean,BACKWARD_ENTAILMENT
dico_phrasis_0000636__en-eu__reverse,dico_phrasis_0000636,en,eu,while sitting,eserita,FORWARD_ENTAILMENT
dico_phrasis_0000636__es-en__forward,dico_phrasis_0000636,es,en,sentado,while sitting,BACKWARD_ENTAILMENT
dico_phrasis_0000636__es-en__reverse,dico_phrasis_0000636,es,en,mientras está sentado,sitting,FORWARD_ENTAILMENT
dico_phrasis_0000636__es-eu__forward,dico_phrasis_0000636,es,eu,sentado,eserita dagoen bitartean,BACKWARD_ENTAILMENT
dico_phrasis_0000636__es-eu__reverse,dico_phrasis_0000636,es,eu,mientras está sentado,eserita,FORWARD_ENTAILMENT
dico_phrasis_0000636__eu-en__forward,dico_phrasis_0000636,eu,en,eserita,while sitting,BACKWARD_ENTAILMENT
dico_phrasis_0000636__eu-en__reverse,dico_phrasis_0000636,eu,en,eserita dagoen bitartean,sitting,FORWARD_ENTAILMENT
dico_phrasis_0000636__eu-es__forward,dico_phrasis_0000636,eu,es,eserita,mientras está sentado,BACKWARD_ENTAILMENT
dico_phrasis_0000636__eu-es__reverse,dico_phrasis_0000636,eu,es,eserita dagoen bitartean,sentado,FORWARD_ENTAILMENT
dico_phrasis_0000638__en-es__forward,dico_phrasis_0000638,en,es,revokes,revocar,EQUIVALENCE
dico_phrasis_0000638__en-es__reverse,dico_phrasis_0000638,en,es,to repeal,revoca,EQUIVALENCE
dico_phrasis_0000638__en-eu__forward,dico_phrasis_0000638,en,eu,revokes,indargabetzea,EQUIVALENCE
dico_phrasis_0000638__en-eu__reverse,dico_phrasis_0000638,en,eu,to repeal,indargabetzen du,EQUIVALENCE
dico_phrasis_0000638__es-en__forward,dico_phrasis_0000638,es,en,revoca,to repeal,EQUIVALENCE
dico_phrasis_0000638__es-en__reverse,dico_phrasis_0000638,es,en,revocar,revokes,EQUIVALENCE
dico_phrasis_0000638__es-eu__forward,dico_phrasis_0000638,es,eu,revoca,indargabetzea,EQUIVALENCE
dico_phrasis_0000638__es-eu__reverse,dico_phrasis_0000638,es,eu,revocar,indargabetzen du,EQUIVALENCE
dico_phrasis_0000638__eu-en__forward,dico_phrasis_0000638,eu,en,indargabetzen du,to repeal,EQUIVALENCE
dico_phrasis_0000638__eu-en__reverse,dico_phrasis_0000638,eu,en,indargabetzea,revokes,EQUIVALENCE
dico_phrasis_0000638__eu-es__forward,dico_phrasis_0000638,eu,es,indargabetzen du,revocar,EQUIVALENCE
dico_phrasis_0000638__eu-es__reverse,dico_phrasis_0000638,eu,es,indargabetzea,revoca,EQUIVALENCE
dico_phrasis_0000642__en-es__forward,dico_phrasis_0000642,en,es,Ukrainian protesters,manifestantes de Ucrania,EQUIVALENCE
dico_phrasis_0000642__en-es__reverse,dico_phrasis_0000642,en,es,Ukraine protesters,manifestantes ucranianos,EQUIVALENCE
dico_phrasis_0000642__en-eu__forward,dico_phrasis_0000642,en,eu,Ukrainian protesters,Ukrainako manifestariak,EQUIVALENCE
dico_phrasis_0000642__en-eu__reverse,dico_phrasis_0000642,en,eu,Ukraine protesters,manifestari ukrainarrak,EQUIVALENCE
dico_phrasis_0000642__es-en__forward,dico_phrasis_0000642,es,en,manifestantes ucranianos,Ukraine protesters,EQUIVALENCE
dico_phrasis_0000642__es-en__reverse,dico_phrasis_0000642,es,en,manifestantes de Ucrania,Ukrainian protesters,EQUIVALENCE
dico_phrasis_0000642__es-eu__forward,dico_phrasis_0000642,es,eu,manifestantes ucranianos,Ukrainako manifestariak,EQUIVALENCE
dico_phrasis_0000642__es-eu__reverse,dico_phrasis_0000642,es,eu,manifestantes de Ucrania,manifestari ukrainarrak,EQUIVALENCE
dico_phrasis_0000642__eu-en__forward,dico_phrasis_0000642,eu,en,manifestari ukrainarrak,Ukraine protesters,EQUIVALENCE
dico_phrasis_0000642__eu-en__reverse,dico_phrasis_0000642,eu,en,Ukrainako manifestariak,Ukrainian protesters,EQUIVALENCE
dico_phrasis_0000642__eu-es__forward,dico_phrasis_0000642,eu,es,manifestari ukrainarrak,manifestantes de Ucrania,EQUIVALENCE
dico_phrasis_0000642__eu-es__reverse,dico_phrasis_0000642,eu,es,Ukrainako manifestariak,manifestantes ucranianos,EQUIVALENCE
dico_phrasis_0000646__en-es__forward,dico_phrasis_0000646,en,es,South Korean President,presidente surcoreano,EQUIVALENCE
dico_phrasis_0000646__en-es__reverse,dico_phrasis_0000646,en,es,S. Korean president,presidente de Corea del Sur,EQUIVALENCE
dico_phrasis_0000646__en-eu__forward,dico_phrasis_0000646,en,eu,South Korean President,H. Koreako presidentea,EQUIVALENCE
dico_phrasis_0000646__en-eu__reverse,dico_phrasis_0000646,en,eu,S. Korean president,Hego Koreako presidentea,EQUIVALENCE
dico_phrasis_0000646__es-en__forward,dico_phrasis_0000646,es,en,presidente de Corea del Sur,S. Korean president,EQUIVALENCE
dico_phrasis_0000646__es-en__reverse,dico_phrasis_0000646,es,en,presidente surcoreano,South Korean President,EQUIVALENCE
dico_phrasis_0000646__es-eu__forward,dico_phrasis_0000646,es,eu,presidente de Corea del Sur,H. Koreako presidentea,EQUIVALENCE
dico_phrasis_0000646__es-eu__reverse,dico_phrasis_0000646,es,eu,presidente surcoreano,Hego Koreako presidentea,EQUIVALENCE
dico_phrasis_0000646__eu-en__forward,dico_phrasis_0000646,eu,en,Hego Koreako presidentea,S. Korean president,EQUIVALENCE
dico_phrasis_0000646__eu-en__reverse,dico_phrasis_0000646,eu,en,H. Koreako presidentea,South Korean President,EQUIVALENCE
dico_phrasis_0000646__eu-es__forward,dico_phrasis_0000646,eu,es,Hego Koreako presidentea,presidente surcoreano,EQUIVALENCE
dico_phrasis_0000646__eu-es__reverse,dico_phrasis_0000646,eu,es,H. Koreako presidentea,presidente de Corea del Sur,EQUIVALENCE
dico_phrasis_0000650__en-es__forward,dico_phrasis_0000650,en,es,at 116,de 116 años,EQUIVALENCE
dico_phrasis_0000650__en-es__reverse,dico_phrasis_0000650,en,es,Aged 116,a los 116 años,EQUIVALENCE
dico_phrasis_0000650__en-eu__forward,dico_phrasis_0000650,en,eu,at 116,116 urte zituela,EQUIVALENCE
dico_phrasis_0000650__en-eu__reverse,dico_phrasis_0000650,en,eu,Aged 116,116 urterekin,EQUIVALENCE
dico_phrasis_0000650__es-en__forward,dico_phrasis_0000650,es,en,a los 116 años,Aged 116,EQUIVALENCE
dico_phrasis_0000650__es-en__reverse,dico_phrasis_0000650,es,en,de 116 años,at 116,EQUIVALENCE
dico_phrasis_0000650__es-eu__forward,dico_phrasis_0000650,es,eu,a los 116 años,116 urte zituela,EQUIVALENCE
dico_phrasis_0000650__es-eu__reverse,dico_phrasis_0000650,es,eu,de 116 años,116 urterekin,EQUIVALENCE
dico_phrasis_0000650__eu-en__forward,dico_phrasis_0000650,eu,en,116 urterekin,Aged 116,EQUIVALENCE
dico_phrasis_0000650__eu-en__reverse,dico_phrasis_0000650,eu,en,116 urte zituela,at 116,EQUIVALENCE
dico_phrasis_0000650__eu-es__forward,dico_phrasis_0000650,eu,es,116 urterekin,de 116 años,EQUIVALENCE
dico_phrasis_0000650__eu-es__reverse,dico_phrasis_0000650,eu,es,116 urte zituela,a los 116 años,EQUIVALENCE
dico_phrasis_0000652__en-es__forward,dico_phrasis_0000652,en,es,responding,está respondiendo,EQUIVALENCE
dico_phrasis_0000652__en-es__reverse,dico_phrasis_0000652,en,es,is responding,respondiendo,EQUIVALENCE
dico_phrasis_0000652__en-eu__forward,dico_phrasis_0000652,en,eu,responding,erantzuten ari da,EQUIVALENCE
dico_phrasis_0000652__en-eu__reverse,dico_phrasis_0000652,en,eu,is responding,erantzuten,EQUIVALENCE
dico_phrasis_0000652__es-en__forward,dico_phrasis_0000652,es,en,respondiendo,is responding,EQUIVALENCE
dico_phrasis_0000652__es-en__reverse,dico_phrasis_0000652,es,en,está respondiendo,responding,EQUIVALENCE
dico_phrasis_0000652__es-eu__forward,dico_phrasis_0000652,es,eu,respondiendo,erantzuten ari da,EQUIVALENCE
dico_phrasis_0000652__es-eu__reverse,dico_phrasis_0000652,es,eu,está respondiendo,erantzuten,EQUIVALENCE
dico_phrasis_0000652__eu-en__forward,dico_phrasis_0000652,eu,en,erantzuten,is responding,EQUIVALENCE
dico_phrasis_0000652__eu-en__reverse,dico_phrasis_0000652,eu,en,erantzuten ari da,responding,EQUIVALENCE
dico_phrasis_0000652__eu-es__forward,dico_phrasis_0000652,eu,es,erantzuten,está respondiendo,EQUIVALENCE
dico_phrasis_0000652__eu-es__reverse,dico_phrasis_0000652,eu,es,erantzuten ari da,respondiendo,EQUIVALENCE
dico_phrasis_0000654__en-es__forward,dico_phrasis_0000654,en,es,"US , Russia",EE. UU. y Rusia,EQUIVALENCE
dico_phrasis_0000654__en-es__reverse,dico_phrasis_0000654,en,es,US and Russia,"EE. UU., Rusia",EQUIVALENCE
dico_phrasis_0000654__en-eu__forward,dico_phrasis_0000654,en,eu,"US , Russia",AEB eta Errusia,EQUIVALENCE
dico_phrasis_0000654__en-eu__reverse,dico_phrasis_0000654,en,eu,US and Russia,"AEB, Errusia",EQUIVALENCE
dico_phrasis_0000654__es-en__forward,dico_phrasis_0000654,es,en,"EE. UU., Rusia",US and Russia,EQUIVALENCE
dico_phrasis_0000654__es-en__reverse,dico_phrasis_0000654,es,en,EE. UU. y Rusia,"US , Russia",EQUIVALENCE
dico_phrasis_0000654__es-eu__forward,dico_phrasis_0000654,es,eu,"EE. UU., Rusia",AEB eta Errusia,EQUIVALENCE
dico_phrasis_0000654__es-eu__reverse,dico_phrasis_0000654,es,eu,EE. UU. y Rusia,"AEB, Errusia",EQUIVALENCE
dico_phrasis_0000654__eu-en__forward,dico_phrasis_0000654,eu,en,"AEB, Errusia",US and Russia,EQUIVALENCE
dico_phrasis_0000654__eu-en__reverse,dico_phrasis_0000654,eu,en,AEB eta Errusia,"US , Russia",EQUIVALENCE
dico_phrasis_0000654__eu-es__forward,dico_phrasis_0000654,eu,es,"AEB, Errusia",EE. UU. y Rusia,EQUIVALENCE
dico_phrasis_0000654__eu-es__reverse,dico_phrasis_0000654,eu,es,AEB eta Errusia,"EE. UU., Rusia",EQUIVALENCE
dico_phrasis_0000673__en-es__forward,dico_phrasis_0000673,en,es,Red Cross workers,miembros de la Cruz Roja,EQUIVALENCE
dico_phrasis_0000673__en-es__reverse,dico_phrasis_0000673,en,es,Red Cross members,trabajadores de la Cruz Roja,EQUIVALENCE
dico_phrasis_0000673__en-eu__forward,dico_phrasis_0000673,en,eu,Red Cross workers,Gurutze Gorriko kideak,EQUIVALENCE
dico_phrasis_0000673__en-eu__reverse,dico_phrasis_0000673,en,eu,Red Cross members,Gurutze Gorriko langileak,EQUIVALENCE
dico_phrasis_0000673__es-en__forward,dico_phrasis_0000673,es,en,trabajadores de la Cruz Roja,Red Cross members,EQUIVALENCE
dico_phrasis_0000673__es-en__reverse,dico_phrasis_0000673,es,en,miembros de la Cruz Roja,Red Cross workers,EQUIVALENCE
dico_phrasis_0000673__es-eu__forward,dico_phrasis_0000673,es,eu,trabajadores de la Cruz Roja,Gurutze Gorriko kideak,EQUIVALENCE
dico_phrasis_0000673__es-eu__reverse,dico_phrasis_0000673,es,eu,miembros de la Cruz Roja,Gurutze Gorriko langileak,EQUIVALENCE
dico_phrasis_0000673__eu-en__forward,dico_phrasis_0000673,eu,en,Gurutze Gorriko langileak,Red Cross members,EQUIVALENCE
dico_phrasis_0000673__eu-en__reverse,dico_phrasis_0000673,eu,en,Gurutze Gorriko kideak,Red Cross workers,EQUIVALENCE
dico_phrasis_0000673__eu-es__forward,dico_phrasis_0000673,eu,es,Gurutze Gorriko langileak,miembros de la Cruz Roja,EQUIVALENCE
dico_phrasis_0000673__eu-es__reverse,dico_phrasis_0000673,eu,es,Gurutze Gorriko kideak,trabajadores de la Cruz Roja,EQUIVALENCE
dico_phrasis_0000683__en-es__forward,dico_phrasis_0000683,en,es,Putin,Vladimir Putin,EQUIVALENCE
dico_phrasis_0000683__en-es__reverse,dico_phrasis_0000683,en,es,Vladimir Putin,Putin,EQUIVALENCE
dico_phrasis_0000683__en-eu__forward,dico_phrasis_0000683,en,eu,Putin,Vladimir Putin,EQUIVALENCE
dico_phrasis_0000683__en-eu__reverse,dico_phrasis_0000683,en,eu,Vladimir Putin,Putin,EQUIVALENCE
dico_phrasis_0000683__es-en__forward,dico_phrasis_0000683,es,en,Putin,Vladimir Putin,EQUIVALENCE
dico_phrasis_0000683__es-en__reverse,dico_phrasis_0000683,es,en,Vladimir Putin,Putin,EQUIVALENCE
dico_phrasis_0000683__es-eu__forward,dico_phrasis_0000683,es,eu,Putin,Vladimir Putin,EQUIVALENCE
dico_phrasis_0000683__es-eu__reverse,dico_phrasis_0000683,es,eu,Vladimir Putin,Putin,EQUIVALENCE
dico_phrasis_0000683__eu-en__forward,dico_phrasis_0000683,eu,en,Putin,Vladimir Putin,EQUIVALENCE
dico_phrasis_0000683__eu-en__reverse,dico_phrasis_0000683,eu,en,Vladimir Putin,Putin,EQUIVALENCE
dico_phrasis_0000683__eu-es__forward,dico_phrasis_0000683,eu,es,Putin,Vladimir Putin,EQUIVALENCE
dico_phrasis_0000683__eu-es__reverse,dico_phrasis_0000683,eu,es,Vladimir Putin,Putin,EQUIVALENCE
dico_phrasis_0000685__en-es__forward,dico_phrasis_0000685,en,es,New Australian PM Tony Abbott,primer ministro electo australiano Tony Abbott,EQUIVALENCE
dico_phrasis_0000685__en-es__reverse,dico_phrasis_0000685,en,es,Australian PM-elect Tony Abbott,nuevo primer ministro australiano Tony Abbott,EQUIVALENCE
dico_phrasis_0000685__en-eu__forward,dico_phrasis_0000685,en,eu,New Australian PM Tony Abbott,"Australiako lehen ministro hautatua, Tony Abbott",EQUIVALENCE
dico_phrasis_0000685__en-eu__reverse,dico_phrasis_0000685,en,eu,Australian PM-elect Tony Abbott,"Australiako lehen ministro berria, Tony Abbott",EQUIVALENCE
dico_phrasis_0000685__es-en__forward,dico_phrasis_0000685,es,en,nuevo primer ministro australiano Tony Abbott,Australian PM-elect Tony Abbott,EQUIVALENCE
dico_phrasis_0000685__es-en__reverse,dico_phrasis_0000685,es,en,primer ministro electo australiano Tony Abbott,New Australian PM Tony Abbott,EQUIVALENCE
dico_phrasis_0000685__es-eu__forward,dico_phrasis_0000685,es,eu,nuevo primer ministro australiano Tony Abbott,"Australiako lehen ministro hautatua, Tony Abbott",EQUIVALENCE
dico_phrasis_0000685__es-eu__reverse,dico_phrasis_0000685,es,eu,primer ministro electo australiano Tony Abbott,"Australiako lehen ministro berria, Tony Abbott",EQUIVALENCE
dico_phrasis_0000685__eu-en__forward,dico_phrasis_0000685,eu,en,"Australiako lehen ministro berria, Tony Abbott",Australian PM-elect Tony Abbott,EQUIVALENCE
dico_phrasis_0000685__eu-en__reverse,dico_phrasis_0000685,eu,en,"Australiako lehen ministro hautatua, Tony Abbott",New Australian PM Tony Abbott,EQUIVALENCE
dico_phrasis_0000685__eu-es__forward,dico_phrasis_0000685,eu,es,"Australiako lehen ministro berria, Tony Abbott",primer ministro electo australiano Tony Abbott,EQUIVALENCE
dico_phrasis_0000685__eu-es__reverse,dico_phrasis_0000685,eu,es,"Australiako lehen ministro hautatua, Tony Abbott",nuevo primer ministro australiano Tony Abbott,EQUIVALENCE
dico_phrasis_0000687__en-es__forward,dico_phrasis_0000687,en,es,for mass march,para una manifestación multitudinaria,EQUIVALENCE
dico_phrasis_0000687__en-es__reverse,dico_phrasis_0000687,en,es,for mass rally,para una marcha multitudinaria,EQUIVALENCE
dico_phrasis_0000687__en-eu__forward,dico_phrasis_0000687,en,eu,for mass march,elkarretaratze jendetsurako,EQUIVALENCE
dico_phrasis_0000687__en-eu__reverse,dico_phrasis_0000687,en,eu,for mass rally,martxa jendetsurako,EQUIVALENCE
dico_phrasis_0000687__es-en__forward,dico_phrasis_0000687,es,en,para una marcha multitudinaria,for mass rally,EQUIVALENCE
dico_phrasis_0000687__es-en__reverse,dico_phrasis_0000687,es,en,para una manifestación multitudinaria,for mass march,EQUIVALENCE
dico_phrasis_0000687__es-eu__forward,dico_phrasis_0000687,es,eu,para una marcha multitudinaria,elkarretaratze jendetsurako,EQUIVALENCE
dico_phrasis_0000687__es-eu__reverse,dico_phrasis_0000687,es,eu,para una manifestación multitudinaria,martxa jendetsurako,EQUIVALENCE
dico_phrasis_0000687__eu-en__forward,dico_phrasis_0000687,eu,en,martxa jendetsurako,for mass rally,EQUIVALENCE
dico_phrasis_0000687__eu-en__reverse,dico_phrasis_0000687,eu,en,elkarretaratze jendetsurako,for mass march,EQUIVALENCE
dico_phrasis_0000687__eu-es__forward,dico_phrasis_0000687,eu,es,martxa jendetsurako,para una manifestación multitudinaria,EQUIVALENCE
dico_phrasis_0000687__eu-es__reverse,dico_phrasis_0000687,eu,es,elkarretaratze jendetsurako,para una marcha multitudinaria,EQUIVALENCE
dico_phrasis_0000689__en-es__forward,dico_phrasis_0000689,en,es,Fire in Russian psychiatric hospital,"en un hospital psiquiátrico ruso, incendio",EQUIVALENCE
dico_phrasis_0000689__en-es__reverse,dico_phrasis_0000689,en,es,in Russian psychiatric hospital fire,Incendio en un hospital psiquiátrico ruso,EQUIVALENCE
dico_phrasis_0000689__en-eu__forward,dico_phrasis_0000689,en,eu,Fire in Russian psychiatric hospital,Errusiako ospitale psikiatriko bateko sutea,EQUIVALENCE
dico_phrasis_0000689__en-eu__reverse,dico_phrasis_0000689,en,eu,in Russian psychiatric hospital fire,Sutea Errusiako ospitale psikiatriko batean,EQUIVALENCE
dico_phrasis_0000689__es-en__forward,dico_phrasis_0000689,es,en,Incendio en un hospital psiquiátrico ruso,in Russian psychiatric hospital fire,EQUIVALENCE
dico_phrasis_0000689__es-en__reverse,dico_phrasis_0000689,es,en,"en un hospital psiquiátrico ruso, incendio",Fire in Russian psychiatric hospital,EQUIVALENCE
dico_phrasis_0000689__es-eu__forward,dico_phrasis_0000689,es,eu,Incendio en un hospital psiquiátrico ruso,Errusiako ospitale psikiatriko bateko sutea,EQUIVALENCE
dico_phrasis_0000689__es-eu__reverse,dico_phrasis_0000689,es,eu,"en un hospital psiquiátrico ruso, incendio",Sutea Errusiako ospitale psikiatriko batean,EQUIVALENCE
dico_phrasis_0000689__eu-en__forward,dico_phrasis_0000689,eu,en,Sutea Errusiako ospitale psikiatriko batean,in Russian psychiatric hospital fire,EQUIVALENCE
dico_phrasis_0000689__eu-en__reverse,dico_phrasis_0000689,eu,en,Errusiako ospitale psikiatriko bateko sutea,Fire in Russian psychiatric hospital,EQUIVALENCE
dico_phrasis_0000689__eu-es__forward,dico_phrasis_0000689,eu,es,Sutea Errusiako ospitale psikiatriko batean,"en un hospital psiquiátrico ruso, incendio",EQUIVALENCE
dico_phrasis_0000689__eu-es__reverse,dico_phrasis_0000689,eu,es,Errusiako ospitale psikiatriko bateko sutea,Incendio en un hospital psiquiátrico ruso,EQUIVALENCE
dico_phrasis_0000690__en-es__forward,dico_phrasis_0000690,en,es,Volcano erupts,Erupción volcánica,EQUIVALENCE
dico_phrasis_0000690__en-es__reverse,dico_phrasis_0000690,en,es,Volcanic eruption,Volcán en erupción,EQUIVALENCE
dico_phrasis_0000690__en-eu__forward,dico_phrasis_0000690,en,eu,Volcano erupts,sumendi-erupzioa,EQUIVALENCE
dico_phrasis_0000690__en-eu__reverse,dico_phrasis_0000690,en,eu,Volcanic eruption,sumendia erupzioan sartzen da,EQUIVALENCE
dico_phrasis_0000690__es-en__forward,dico_phrasis_0000690,es,en,Volcán en erupción,Volcanic eruption,EQUIVALENCE
dico_phrasis_0000690__es-en__reverse,dico_phrasis_0000690,es,en,Erupción volcánica,Volcano erupts,EQUIVALENCE
dico_phrasis_0000690__es-eu__forward,dico_phrasis_0000690,es,eu,Volcán en erupción,sumendi-erupzioa,EQUIVALENCE
dico_phrasis_0000690__es-eu__reverse,dico_phrasis_0000690,es,eu,Erupción volcánica,sumendia erupzioan sartzen da,EQUIVALENCE
dico_phrasis_0000690__eu-en__forward,dico_phrasis_0000690,eu,en,sumendia erupzioan sartzen da,Volcanic eruption,EQUIVALENCE
dico_phrasis_0000690__eu-en__reverse,dico_phrasis_0000690,eu,en,sumendi-erupzioa,Volcano erupts,EQUIVALENCE
dico_phrasis_0000690__eu-es__forward,dico_phrasis_0000690,eu,es,sumendia erupzioan sartzen da,Erupción volcánica,EQUIVALENCE
dico_phrasis_0000690__eu-es__reverse,dico_phrasis_0000690,eu,es,sumendi-erupzioa,Volcán en erupción,EQUIVALENCE
dico_phrasis_0000694__en-es__forward,dico_phrasis_0000694,en,es,election for 7 September,comicios del 7 de sept.,EQUIVALENCE
dico_phrasis_0000694__en-es__reverse,dico_phrasis_0000694,en,es,Sept. 7 poll,elección del 7 de septiembre,EQUIVALENCE
dico_phrasis_0000694__en-eu__forward,dico_phrasis_0000694,en,eu,election for 7 September,irailaren 7ko bozketa,EQUIVALENCE
dico_phrasis_0000694__en-eu__reverse,dico_phrasis_0000694,en,eu,Sept. 7 poll,irailaren 7rako hauteskundeak,EQUIVALENCE
dico_phrasis_0000694__es-en__forward,dico_phrasis_0000694,es,en,elección del 7 de septiembre,Sept. 7 poll,EQUIVALENCE
dico_phrasis_0000694__es-en__reverse,dico_phrasis_0000694,es,en,comicios del 7 de sept.,election for 7 September,EQUIVALENCE
dico_phrasis_0000694__es-eu__forward,dico_phrasis_0000694,es,eu,elección del 7 de septiembre,irailaren 7ko bozketa,EQUIVALENCE
dico_phrasis_0000694__es-eu__reverse,dico_phrasis_0000694,es,eu,comicios del 7 de sept.,irailaren 7rako hauteskundeak,EQUIVALENCE
dico_phrasis_0000694__eu-en__forward,dico_phrasis_0000694,eu,en,irailaren 7rako hauteskundeak,Sept. 7 poll,EQUIVALENCE
dico_phrasis_0000694__eu-en__reverse,dico_phrasis_0000694,eu,en,irailaren 7ko bozketa,election for 7 September,EQUIVALENCE
dico_phrasis_0000694__eu-es__forward,dico_phrasis_0000694,eu,es,irailaren 7rako hauteskundeak,comicios del 7 de sept.,EQUIVALENCE
dico_phrasis_0000694__eu-es__reverse,dico_phrasis_0000694,eu,es,irailaren 7ko bozketa,elección del 7 de septiembre,EQUIVALENCE
dico_phrasis_0000713__en-es__forward,dico_phrasis_0000713,en,es,Glee star Cory Monteith,la estrella de 'Glee' Cory Monteith,EQUIVALENCE
dico_phrasis_0000713__en-es__reverse,dico_phrasis_0000713,en,es,' Glee ' star Cory Monteith,la estrella de Glee Cory Monteith,EQUIVALENCE
dico_phrasis_0000713__en-eu__forward,dico_phrasis_0000713,en,eu,Glee star Cory Monteith,'Glee' telesaileko izarra Cory Monteith,EQUIVALENCE
dico_phrasis_0000713__en-eu__reverse,dico_phrasis_0000713,en,eu,' Glee ' star Cory Monteith,Glee telesaileko izarra Cory Monteith,EQUIVALENCE
dico_phrasis_0000713__es-en__forward,dico_phrasis_0000713,es,en,la estrella de Glee Cory Monteith,' Glee ' star Cory Monteith,EQUIVALENCE
dico_phrasis_0000713__es-en__reverse,dico_phrasis_0000713,es,en,la estrella de 'Glee' Cory Monteith,Glee star Cory Monteith,EQUIVALENCE
dico_phrasis_0000713__es-eu__forward,dico_phrasis_0000713,es,eu,la estrella de Glee Cory Monteith,'Glee' telesaileko izarra Cory Monteith,EQUIVALENCE
dico_phrasis_0000713__es-eu__reverse,dico_phrasis_0000713,es,eu,la estrella de 'Glee' Cory Monteith,Glee telesaileko izarra Cory Monteith,EQUIVALENCE
dico_phrasis_0000713__eu-en__forward,dico_phrasis_0000713,eu,en,Glee telesaileko izarra Cory Monteith,' Glee ' star Cory Monteith,EQUIVALENCE
dico_phrasis_0000713__eu-en__reverse,dico_phrasis_0000713,eu,en,'Glee' telesaileko izarra Cory Monteith,Glee star Cory Monteith,EQUIVALENCE
dico_phrasis_0000713__eu-es__forward,dico_phrasis_0000713,eu,es,Glee telesaileko izarra Cory Monteith,la estrella de 'Glee' Cory Monteith,EQUIVALENCE
dico_phrasis_0000713__eu-es__reverse,dico_phrasis_0000713,eu,es,'Glee' telesaileko izarra Cory Monteith,la estrella de Glee Cory Monteith,EQUIVALENCE
dico_phrasis_0000720__en-es__forward,dico_phrasis_0000720,en,es,about 6-year-old Indian girl,niña india de 6 años,EQUIVALENCE
dico_phrasis_0000720__en-es__reverse,dico_phrasis_0000720,en,es,After Indian Girl 6,niña india de unos 6 años,EQUIVALENCE
dico_phrasis_0000720__en-eu__forward,dico_phrasis_0000720,en,eu,about 6-year-old Indian girl,6 urteko neska indiarraren ondoren,EQUIVALENCE
dico_phrasis_0000720__en-eu__reverse,dico_phrasis_0000720,en,eu,After Indian Girl 6,6 urte inguruko neska indiarrari buruz,EQUIVALENCE
dico_phrasis_0000720__es-en__forward,dico_phrasis_0000720,es,en,niña india de unos 6 años,After Indian Girl 6,EQUIVALENCE
dico_phrasis_0000720__es-en__reverse,dico_phrasis_0000720,es,en,niña india de 6 años,about 6-year-old Indian girl,EQUIVALENCE
dico_phrasis_0000720__es-eu__forward,dico_phrasis_0000720,es,eu,niña india de unos 6 años,6 urteko neska indiarraren ondoren,EQUIVALENCE
dico_phrasis_0000720__es-eu__reverse,dico_phrasis_0000720,es,eu,niña india de 6 años,6 urte inguruko neska indiarrari buruz,EQUIVALENCE
dico_phrasis_0000720__eu-en__forward,dico_phrasis_0000720,eu,en,6 urte inguruko neska indiarrari buruz,After Indian Girl 6,EQUIVALENCE
dico_phrasis_0000720__eu-en__reverse,dico_phrasis_0000720,eu,en,6 urteko neska indiarraren ondoren,about 6-year-old Indian girl,EQUIVALENCE
dico_phrasis_0000720__eu-es__forward,dico_phrasis_0000720,eu,es,6 urte inguruko neska indiarrari buruz,niña india de 6 años,EQUIVALENCE
dico_phrasis_0000720__eu-es__reverse,dico_phrasis_0000720,eu,es,6 urteko neska indiarraren ondoren,niña india de unos 6 años,EQUIVALENCE
dico_phrasis_0000724__en-es__forward,dico_phrasis_0000724,en,es,A woman and a man,un hombre y una mujer,EQUIVALENCE
dico_phrasis_0000724__en-es__reverse,dico_phrasis_0000724,en,es,a man and a woman,Una mujer y un hombre,EQUIVALENCE
dico_phrasis_0000724__en-eu__forward,dico_phrasis_0000724,en,eu,A woman and a man,gizon bat eta emakume bat,EQUIVALENCE
dico_phrasis_0000724__en-eu__reverse,dico_phrasis_0000724,en,eu,a man and a woman,Emakume bat eta gizon bat,EQUIVALENCE
dico_phrasis_0000724__es-en__forward,dico_phrasis_0000724,es,en,Una mujer y un hombre,a man and a woman,EQUIVALENCE
dico_phrasis_0000724__es-en__reverse,dico_phrasis_0000724,es,en,un hombre y una mujer,A woman and a man,EQUIVALENCE
dico_phrasis_0000724__es-eu__forward,dico_phrasis_0000724,es,eu,Una mujer y un hombre,gizon bat eta emakume bat,EQUIVALENCE
dico_phrasis_0000724__es-eu__reverse,dico_phrasis_0000724,es,eu,un hombre y una mujer,Emakume bat eta gizon bat,EQUIVALENCE
dico_phrasis_0000724__eu-en__forward,dico_phrasis_0000724,eu,en,Emakume bat eta gizon bat,a man and a woman,EQUIVALENCE
dico_phrasis_0000724__eu-en__reverse,dico_phrasis_0000724,eu,en,gizon bat eta emakume bat,A woman and a man,EQUIVALENCE
dico_phrasis_0000724__eu-es__forward,dico_phrasis_0000724,eu,es,Emakume bat eta gizon bat,un hombre y una mujer,EQUIVALENCE
dico_phrasis_0000724__eu-es__reverse,dico_phrasis_0000724,eu,es,gizon bat eta emakume bat,Una mujer y un hombre,EQUIVALENCE
dico_phrasis_0000725__en-es__forward,dico_phrasis_0000725,en,es,for a photograph,para una foto,EQUIVALENCE
dico_phrasis_0000725__en-es__reverse,dico_phrasis_0000725,en,es,for a picture,para una fotografía,EQUIVALENCE
dico_phrasis_0000725__en-eu__forward,dico_phrasis_0000725,en,eu,for a photograph,irudi baterako,EQUIVALENCE
dico_phrasis_0000725__en-eu__reverse,dico_phrasis_0000725,en,eu,for a picture,argazki baterako,EQUIVALENCE
dico_phrasis_0000725__es-en__forward,dico_phrasis_0000725,es,en,para una fotografía,for a picture,EQUIVALENCE
dico_phrasis_0000725__es-en__reverse,dico_phrasis_0000725,es,en,para una foto,for a photograph,EQUIVALENCE
dico_phrasis_0000725__es-eu__forward,dico_phrasis_0000725,es,eu,para una fotografía,irudi baterako,EQUIVALENCE
dico_phrasis_0000725__es-eu__reverse,dico_phrasis_0000725,es,eu,para una foto,argazki baterako,EQUIVALENCE
dico_phrasis_0000725__eu-en__forward,dico_phrasis_0000725,eu,en,argazki baterako,for a picture,EQUIVALENCE
dico_phrasis_0000725__eu-en__reverse,dico_phrasis_0000725,eu,en,irudi baterako,for a photograph,EQUIVALENCE
dico_phrasis_0000725__eu-es__forward,dico_phrasis_0000725,eu,es,argazki baterako,para una foto,EQUIVALENCE
dico_phrasis_0000725__eu-es__reverse,dico_phrasis_0000725,eu,es,irudi baterako,para una fotografía,EQUIVALENCE
dico_phrasis_0000729__en-es__forward,dico_phrasis_0000729,en,es,Woman,Una mujer,EQUIVALENCE
dico_phrasis_0000729__en-es__reverse,dico_phrasis_0000729,en,es,A woman,Mujer,EQUIVALENCE
dico_phrasis_0000729__en-eu__forward,dico_phrasis_0000729,en,eu,Woman,emakume bat,EQUIVALENCE
dico_phrasis_0000729__en-eu__reverse,dico_phrasis_0000729,en,eu,A woman,emakumea,EQUIVALENCE
dico_phrasis_0000729__es-en__forward,dico_phrasis_0000729,es,en,Mujer,A woman,EQUIVALENCE
dico_phrasis_0000729__es-en__reverse,dico_phrasis_0000729,es,en,Una mujer,Woman,EQUIVALENCE
dico_phrasis_0000729__es-eu__forward,dico_phrasis_0000729,es,eu,Mujer,emakume bat,EQUIVALENCE
dico_phrasis_0000729__es-eu__reverse,dico_phrasis_0000729,es,eu,Una mujer,emakumea,EQUIVALENCE
dico_phrasis_0000729__eu-en__forward,dico_phrasis_0000729,eu,en,emakumea,A woman,EQUIVALENCE
dico_phrasis_0000729__eu-en__reverse,dico_phrasis_0000729,eu,en,emakume bat,Woman,EQUIVALENCE
dico_phrasis_0000729__eu-es__forward,dico_phrasis_0000729,eu,es,emakumea,Una mujer,EQUIVALENCE
dico_phrasis_0000729__eu-es__reverse,dico_phrasis_0000729,eu,es,emakume bat,Mujer,EQUIVALENCE
dico_phrasis_0000743__en-es__forward,dico_phrasis_0000743,en,es,submerged in water,está bajo el agua,EQUIVALENCE
dico_phrasis_0000743__en-es__reverse,dico_phrasis_0000743,en,es,is underwater,sumergido en agua,EQUIVALENCE
dico_phrasis_0000743__en-eu__forward,dico_phrasis_0000743,en,eu,submerged in water,ur azpian dago,EQUIVALENCE
dico_phrasis_0000743__en-eu__reverse,dico_phrasis_0000743,en,eu,is underwater,uretan murgilduta,EQUIVALENCE
dico_phrasis_0000743__es-en__forward,dico_phrasis_0000743,es,en,sumergido en agua,is underwater,EQUIVALENCE
dico_phrasis_0000743__es-en__reverse,dico_phrasis_0000743,es,en,está bajo el agua,submerged in water,EQUIVALENCE
dico_phrasis_0000743__es-eu__forward,dico_phrasis_0000743,es,eu,sumergido en agua,ur azpian dago,EQUIVALENCE
dico_phrasis_0000743__es-eu__reverse,dico_phrasis_0000743,es,eu,está bajo el agua,uretan murgilduta,EQUIVALENCE
dico_phrasis_0000743__eu-en__forward,dico_phrasis_0000743,eu,en,uretan murgilduta,is underwater,EQUIVALENCE
dico_phrasis_0000743__eu-en__reverse,dico_phrasis_0000743,eu,en,ur azpian dago,submerged in water,EQUIVALENCE
dico_phrasis_0000743__eu-es__forward,dico_phrasis_0000743,eu,es,uretan murgilduta,está bajo el agua,EQUIVALENCE
dico_phrasis_0000743__eu-es__reverse,dico_phrasis_0000743,eu,es,ur azpian dago,sumergido en agua,EQUIVALENCE
dico_phrasis_0000748__en-es__forward,dico_phrasis_0000748,en,es,with a blue collar,con el cuello azul,EQUIVALENCE
dico_phrasis_0000748__en-es__reverse,dico_phrasis_0000748,en,es,with the blue collar,con un cuello azul,EQUIVALENCE
dico_phrasis_0000748__en-eu__forward,dico_phrasis_0000748,en,eu,with a blue collar,lepoko urdinarekin,EQUIVALENCE
dico_phrasis_0000748__en-eu__reverse,dico_phrasis_0000748,en,eu,with the blue collar,lepoko urdin batekin,EQUIVALENCE
dico_phrasis_0000748__es-en__forward,dico_phrasis_0000748,es,en,con un cuello azul,with the blue collar,EQUIVALENCE
dico_phrasis_0000748__es-en__reverse,dico_phrasis_0000748,es,en,con el cuello azul,with a blue collar,EQUIVALENCE
dico_phrasis_0000748__es-eu__forward,dico_phrasis_0000748,es,eu,con un cuello azul,lepoko urdinarekin,EQUIVALENCE
dico_phrasis_0000748__es-eu__reverse,dico_phrasis_0000748,es,eu,con el cuello azul,lepoko urdin batekin,EQUIVALENCE
dico_phrasis_0000748__eu-en__forward,dico_phrasis_0000748,eu,en,lepoko urdin batekin,with the blue collar,EQUIVALENCE
dico_phrasis_0000748__eu-en__reverse,dico_phrasis_0000748,eu,en,lepoko urdinarekin,with a blue collar,EQUIVALENCE
dico_phrasis_0000748__eu-es__forward,dico_phrasis_0000748,eu,es,lepoko urdin batekin,con el cuello azul,EQUIVALENCE
dico_phrasis_0000748__eu-es__reverse,dico_phrasis_0000748,eu,es,lepoko urdinarekin,con un cuello azul,EQUIVALENCE
dico_phrasis_0000750__en-es__forward,dico_phrasis_0000750,en,es,A black dog,Perro negro,EQUIVALENCE
dico_phrasis_0000750__en-es__reverse,dico_phrasis_0000750,en,es,Black dog,Un perro negro,EQUIVALENCE
dico_phrasis_0000750__en-eu__forward,dico_phrasis_0000750,en,eu,A black dog,Txakur beltza,EQUIVALENCE
dico_phrasis_0000750__en-eu__reverse,dico_phrasis_0000750,en,eu,Black dog,Txakur beltz bat,EQUIVALENCE
dico_phrasis_0000750__es-en__forward,dico_phrasis_0000750,es,en,Un perro negro,Black dog,EQUIVALENCE
dico_phrasis_0000750__es-en__reverse,dico_phrasis_0000750,es,en,Perro negro,A black dog,EQUIVALENCE
dico_phrasis_0000750__es-eu__forward,dico_phrasis_0000750,es,eu,Un perro negro,Txakur beltza,EQUIVALENCE
dico_phrasis_0000750__es-eu__reverse,dico_phrasis_0000750,es,eu,Perro negro,Txakur beltz bat,EQUIVALENCE
dico_phrasis_0000750__eu-en__forward,dico_phrasis_0000750,eu,en,Txakur beltz bat,Black dog,EQUIVALENCE
dico_phrasis_0000750__eu-en__reverse,dico_phrasis_0000750,eu,en,Txakur beltza,A black dog,EQUIVALENCE
dico_phrasis_0000750__eu-es__forward,dico_phrasis_0000750,eu,es,Txakur beltz bat,Perro negro,EQUIVALENCE
dico_phrasis_0000750__eu-es__reverse,dico_phrasis_0000750,eu,es,Txakur beltza,Un perro negro,EQUIVALENCE
dico_phrasis_0000753__en-es__forward,dico_phrasis_0000753,en,es,blows,está soplando,EQUIVALENCE
dico_phrasis_0000753__en-es__reverse,dico_phrasis_0000753,en,es,is blowing,sopla,EQUIVALENCE
dico_phrasis_0000753__en-eu__forward,dico_phrasis_0000753,en,eu,blows,haizea dabil,EQUIVALENCE
dico_phrasis_0000753__en-eu__reverse,dico_phrasis_0000753,en,eu,is blowing,haize-boladak,EQUIVALENCE
dico_phrasis_0000753__es-en__forward,dico_phrasis_0000753,es,en,sopla,is blowing,EQUIVALENCE
dico_phrasis_0000753__es-en__reverse,dico_phrasis_0000753,es,en,está soplando,blows,EQUIVALENCE
dico_phrasis_0000753__es-eu__forward,dico_phrasis_0000753,es,eu,sopla,haizea dabil,EQUIVALENCE
dico_phrasis_0000753__es-eu__reverse,dico_phrasis_0000753,es,eu,está soplando,haize-boladak,EQUIVALENCE
dico_phrasis_0000753__eu-en__forward,dico_phrasis_0000753,eu,en,haize-boladak,is blowing,EQUIVALENCE
dico_phrasis_0000753__eu-en__reverse,dico_phrasis_0000753,eu,en,haizea dabil,blows,EQUIVALENCE
dico_phrasis_0000753__eu-es__forward,dico_phrasis_0000753,eu,es,haize-boladak,está soplando,EQUIVALENCE
dico_phrasis_0000753__eu-es__reverse,dico_phrasis_0000753,eu,es,haizea dabil,sopla,EQUIVALENCE
dico_phrasis_0000755__en-es__forward,dico_phrasis_0000755,en,es,multi-colored blocks,bloques de colores,EQUIVALENCE
dico_phrasis_0000755__en-es__reverse,dico_phrasis_0000755,en,es,colored boxes,bloques de varios colores,EQUIVALENCE
dico_phrasis_0000755__en-eu__forward,dico_phrasis_0000755,en,eu,multi-colored blocks,koloretako kaxak,EQUIVALENCE
dico_phrasis_0000755__en-eu__reverse,dico_phrasis_0000755,en,eu,colored boxes,koloretako blokeak,EQUIVALENCE
dico_phrasis_0000755__es-en__forward,dico_phrasis_0000755,es,en,bloques de varios colores,colored boxes,EQUIVALENCE
dico_phrasis_0000755__es-en__reverse,dico_phrasis_0000755,es,en,bloques de colores,multi-colored blocks,EQUIVALENCE
dico_phrasis_0000755__es-eu__forward,dico_phrasis_0000755,es,eu,bloques de varios colores,koloretako kaxak,EQUIVALENCE
dico_phrasis_0000755__es-eu__reverse,dico_phrasis_0000755,es,eu,bloques de colores,koloretako blokeak,EQUIVALENCE
dico_phrasis_0000755__eu-en__forward,dico_phrasis_0000755,eu,en,koloretako blokeak,colored boxes,EQUIVALENCE
dico_phrasis_0000755__eu-en__reverse,dico_phrasis_0000755,eu,en,koloretako kaxak,multi-colored blocks,EQUIVALENCE
dico_phrasis_0000755__eu-es__forward,dico_phrasis_0000755,eu,es,koloretako blokeak,bloques de colores,EQUIVALENCE
dico_phrasis_0000755__eu-es__reverse,dico_phrasis_0000755,eu,es,koloretako kaxak,bloques de varios colores,EQUIVALENCE
dico_phrasis_0000775__en-es__forward,dico_phrasis_0000775,en,es,is sniffing,olfateando,EQUIVALENCE
dico_phrasis_0000775__en-es__reverse,dico_phrasis_0000775,en,es,sniffing,está olfateando,EQUIVALENCE
dico_phrasis_0000775__en-eu__forward,dico_phrasis_0000775,en,eu,is sniffing,usaintzen,EQUIVALENCE
dico_phrasis_0000775__en-eu__reverse,dico_phrasis_0000775,en,eu,sniffing,usaintzen ari da,EQUIVALENCE
dico_phrasis_0000775__es-en__forward,dico_phrasis_0000775,es,en,está olfateando,sniffing,EQUIVALENCE
dico_phrasis_0000775__es-en__reverse,dico_phrasis_0000775,es,en,olfateando,is sniffing,EQUIVALENCE
dico_phrasis_0000775__es-eu__forward,dico_phrasis_0000775,es,eu,está olfateando,usaintzen,EQUIVALENCE
dico_phrasis_0000775__es-eu__reverse,dico_phrasis_0000775,es,eu,olfateando,usaintzen ari da,EQUIVALENCE
dico_phrasis_0000775__eu-en__forward,dico_phrasis_0000775,eu,en,usaintzen ari da,sniffing,EQUIVALENCE
dico_phrasis_0000775__eu-en__reverse,dico_phrasis_0000775,eu,en,usaintzen,is sniffing,EQUIVALENCE
dico_phrasis_0000775__eu-es__forward,dico_phrasis_0000775,eu,es,usaintzen ari da,olfateando,EQUIVALENCE
dico_phrasis_0000775__eu-es__reverse,dico_phrasis_0000775,eu,es,usaintzen,está olfateando,EQUIVALENCE
dico_phrasis_0000809__en-es__forward,dico_phrasis_0000809,en,es,is walking,camina,EQUIVALENCE
dico_phrasis_0000809__en-es__reverse,dico_phrasis_0000809,en,es,walks,está caminando,EQUIVALENCE
dico_phrasis_0000809__en-eu__forward,dico_phrasis_0000809,en,eu,is walking,ibiltzen da,EQUIVALENCE
dico_phrasis_0000809__en-eu__reverse,dico_phrasis_0000809,en,eu,walks,ibiltzen ari da,EQUIVALENCE
dico_phrasis_0000809__es-en__forward,dico_phrasis_0000809,es,en,está caminando,walks,EQUIVALENCE
dico_phrasis_0000809__es-en__reverse,dico_phrasis_0000809,es,en,camina,is walking,EQUIVALENCE
dico_phrasis_0000809__es-eu__forward,dico_phrasis_0000809,es,eu,está caminando,ibiltzen da,EQUIVALENCE
dico_phrasis_0000809__es-eu__reverse,dico_phrasis_0000809,es,eu,camina,ibiltzen ari da,EQUIVALENCE
dico_phrasis_0000809__eu-en__forward,dico_phrasis_0000809,eu,en,ibiltzen ari da,walks,EQUIVALENCE
dico_phrasis_0000809__eu-en__reverse,dico_phrasis_0000809,eu,en,ibiltzen da,is walking,EQUIVALENCE
dico_phrasis_0000809__eu-es__forward,dico_phrasis_0000809,eu,es,ibiltzen ari da,camina,EQUIVALENCE
dico_phrasis_0000809__eu-es__reverse,dico_phrasis_0000809,eu,es,ibiltzen da,está caminando,EQUIVALENCE
dico_phrasis_0000823__en-es__forward,dico_phrasis_0000823,en,es,on the grass,entre la hierba,EQUIVALENCE
dico_phrasis_0000823__en-es__reverse,dico_phrasis_0000823,en,es,in the grass,en la hierba,EQUIVALENCE
dico_phrasis_0000823__en-eu__forward,dico_phrasis_0000823,en,eu,on the grass,belarrean,EQUIVALENCE
dico_phrasis_0000823__en-eu__reverse,dico_phrasis_0000823,en,eu,in the grass,belarraren gainean,EQUIVALENCE
dico_phrasis_0000823__es-en__forward,dico_phrasis_0000823,es,en,en la hierba,in the grass,EQUIVALENCE
dico_phrasis_0000823__es-en__reverse,dico_phrasis_0000823,es,en,entre la hierba,on the grass,EQUIVALENCE
dico_phrasis_0000823__es-eu__forward,dico_phrasis_0000823,es,eu,en la hierba,belarrean,EQUIVALENCE
dico_phrasis_0000823__es-eu__reverse,dico_phrasis_0000823,es,eu,entre la hierba,belarraren gainean,EQUIVALENCE
dico_phrasis_0000823__eu-en__forward,dico_phrasis_0000823,eu,en,belarraren gainean,in the grass,EQUIVALENCE
dico_phrasis_0000823__eu-en__reverse,dico_phrasis_0000823,eu,en,belarrean,on the grass,EQUIVALENCE
dico_phrasis_0000823__eu-es__forward,dico_phrasis_0000823,eu,es,belarraren gainean,entre la hierba,EQUIVALENCE
dico_phrasis_0000823__eu-es__reverse,dico_phrasis_0000823,eu,es,belarrean,en la hierba,EQUIVALENCE
dico_phrasis_0000831__en-es__forward,dico_phrasis_0000831,en,es,The dog,Un perro,EQUIVALENCE
dico_phrasis_0000831__en-es__reverse,dico_phrasis_0000831,en,es,A dog,El perro,EQUIVALENCE
dico_phrasis_0000831__en-eu__forward,dico_phrasis_0000831,en,eu,The dog,Txakur bat,EQUIVALENCE
dico_phrasis_0000831__en-eu__reverse,dico_phrasis_0000831,en,eu,A dog,Txakurra,EQUIVALENCE
dico_phrasis_0000831__es-en__forward,dico_phrasis_0000831,es,en,El perro,A dog,EQUIVALENCE
dico_phrasis_0000831__es-en__reverse,dico_phrasis_0000831,es,en,Un perro,The dog,EQUIVALENCE
dico_phrasis_0000831__es-eu__forward,dico_phrasis_0000831,es,eu,El perro,Txakur bat,EQUIVALENCE
dico_phrasis_0000831__es-eu__reverse,dico_phrasis_0000831,es,eu,Un perro,Txakurra,EQUIVALENCE
dico_phrasis_0000831__eu-en__forward,dico_phrasis_0000831,eu,en,Txakurra,A dog,EQUIVALENCE
dico_phrasis_0000831__eu-en__reverse,dico_phrasis_0000831,eu,en,Txakur bat,The dog,EQUIVALENCE
dico_phrasis_0000831__eu-es__forward,dico_phrasis_0000831,eu,es,Txakurra,Un perro,EQUIVALENCE
dico_phrasis_0000831__eu-es__reverse,dico_phrasis_0000831,eu,es,Txakur bat,El perro,EQUIVALENCE
dico_phrasis_0000835__en-es__forward,dico_phrasis_0000835,en,es,in public,en un lugar público,EQUIVALENCE
dico_phrasis_0000835__en-es__reverse,dico_phrasis_0000835,en,es,in a public place,en público,EQUIVALENCE
dico_phrasis_0000835__en-eu__forward,dico_phrasis_0000835,en,eu,in public,leku publiko batean,EQUIVALENCE
dico_phrasis_0000835__en-eu__reverse,dico_phrasis_0000835,en,eu,in a public place,jendaurrean,EQUIVALENCE
dico_phrasis_0000835__es-en__forward,dico_phrasis_0000835,es,en,en público,in a public place,EQUIVALENCE
dico_phrasis_0000835__es-en__reverse,dico_phrasis_0000835,es,en,en un lugar público,in public,EQUIVALENCE
dico_phrasis_0000835__es-eu__forward,dico_phrasis_0000835,es,eu,en público,leku publiko batean,EQUIVALENCE
dico_phrasis_0000835__es-eu__reverse,dico_phrasis_0000835,es,eu,en un lugar público,jendaurrean,EQUIVALENCE
dico_phrasis_0000835__eu-en__forward,dico_phrasis_0000835,eu,en,jendaurrean,in a public place,EQUIVALENCE
dico_phrasis_0000835__eu-en__reverse,dico_phrasis_0000835,eu,en,leku publiko batean,in public,EQUIVALENCE
dico_phrasis_0000835__eu-es__forward,dico_phrasis_0000835,eu,es,jendaurrean,en un lugar público,EQUIVALENCE
dico_phrasis_0000835__eu-es__reverse,dico_phrasis_0000835,eu,es,leku publiko batean,en público,EQUIVALENCE
dico_phrasis_0000837__en-es__forward,dico_phrasis_0000837,en,es,talking,está hablando,EQUIVALENCE
dico_phrasis_0000837__en-es__reverse,dico_phrasis_0000837,en,es,is talking,hablando,EQUIVALENCE
dico_phrasis_0000837__en-eu__forward,dico_phrasis_0000837,en,eu,talking,hitz egiten ari da,EQUIVALENCE
dico_phrasis_0000837__en-eu__reverse,dico_phrasis_0000837,en,eu,is talking,hitz egiten,EQUIVALENCE
dico_phrasis_0000837__es-en__forward,dico_phrasis_0000837,es,en,hablando,is talking,EQUIVALENCE
dico_phrasis_0000837__es-en__reverse,dico_phrasis_0000837,es,en,está hablando,talking,EQUIVALENCE
dico_phrasis_0000837__es-eu__forward,dico_phrasis_0000837,es,eu,hablando,hitz egiten ari da,EQUIVALENCE
dico_phrasis_0000837__es-eu__reverse,dico_phrasis_0000837,es,eu,está hablando,hitz egiten,EQUIVALENCE
dico_phrasis_0000837__eu-en__forward,dico_phrasis_0000837,eu,en,hitz egiten,is talking,EQUIVALENCE
dico_phrasis_0000837__eu-en__reverse,dico_phrasis_0000837,eu,en,hitz egiten ari da,talking,EQUIVALENCE
dico_phrasis_0000837__eu-es__forward,dico_phrasis_0000837,eu,es,hitz egiten,está hablando,EQUIVALENCE
dico_phrasis_0000837__eu-es__reverse,dico_phrasis_0000837,eu,es,hitz egiten ari da,hablando,EQUIVALENCE
dico_phrasis_0000840__en-es__forward,dico_phrasis_0000840,en,es,a boy,el niño,EQUIVALENCE
dico_phrasis_0000840__en-es__reverse,dico_phrasis_0000840,en,es,The boy,un niño,EQUIVALENCE
dico_phrasis_0000840__en-eu__forward,dico_phrasis_0000840,en,eu,a boy,mutila,EQUIVALENCE
dico_phrasis_0000840__en-eu__reverse,dico_phrasis_0000840,en,eu,The boy,mutil bat,EQUIVALENCE
dico_phrasis_0000840__es-en__forward,dico_phrasis_0000840,es,en,un niño,The boy,EQUIVALENCE
dico_phrasis_0000840__es-en__reverse,dico_phrasis_0000840,es,en,el niño,a boy,EQUIVALENCE
dico_phrasis_0000840__es-eu__forward,dico_phrasis_0000840,es,eu,un niño,mutila,EQUIVALENCE
dico_phrasis_0000840__es-eu__reverse,dico_phrasis_0000840,es,eu,el niño,mutil bat,EQUIVALENCE
dico_phrasis_0000840__eu-en__forward,dico_phrasis_0000840,eu,en,mutil bat,The boy,EQUIVALENCE
dico_phrasis_0000840__eu-en__reverse,dico_phrasis_0000840,eu,en,mutila,a boy,EQUIVALENCE
dico_phrasis_0000840__eu-es__forward,dico_phrasis_0000840,eu,es,mutil bat,el niño,EQUIVALENCE
dico_phrasis_0000840__eu-es__reverse,dico_phrasis_0000840,eu,es,mutila,un niño,EQUIVALENCE
dico_phrasis_0000849__en-es__forward,dico_phrasis_0000849,en,es,through deep snow pack,a través de la nieve profunda,EQUIVALENCE
dico_phrasis_0000849__en-es__reverse,dico_phrasis_0000849,en,es,through the deep snow,a través de una profunda capa de nieve,EQUIVALENCE
dico_phrasis_0000849__en-eu__forward,dico_phrasis_0000849,en,eu,through deep snow pack,elur sakonean zehar,EQUIVALENCE
dico_phrasis_0000849__en-eu__reverse,dico_phrasis_0000849,en,eu,through the deep snow,elur-geruza sakonean zehar,EQUIVALENCE
dico_phrasis_0000849__es-en__forward,dico_phrasis_0000849,es,en,a través de una profunda capa de nieve,through the deep snow,EQUIVALENCE
dico_phrasis_0000849__es-en__reverse,dico_phrasis_0000849,es,en,a través de la nieve profunda,through deep snow pack,EQUIVALENCE
dico_phrasis_0000849__es-eu__forward,dico_phrasis_0000849,es,eu,a través de una profunda capa de nieve,elur sakonean zehar,EQUIVALENCE
dico_phrasis_0000849__es-eu__reverse,dico_phrasis_0000849,es,eu,a través de la nieve profunda,elur-geruza sakonean zehar,EQUIVALENCE
dico_phrasis_0000849__eu-en__forward,dico_phrasis_0000849,eu,en,elur-geruza sakonean zehar,through the deep snow,EQUIVALENCE
dico_phrasis_0000849__eu-en__reverse,dico_phrasis_0000849,eu,en,elur sakonean zehar,through deep snow pack,EQUIVALENCE
dico_phrasis_0000849__eu-es__forward,dico_phrasis_0000849,eu,es,elur-geruza sakonean zehar,a través de la nieve profunda,EQUIVALENCE
dico_phrasis_0000849__eu-es__reverse,dico_phrasis_0000849,eu,es,elur sakonean zehar,a través de una profunda capa de nieve,EQUIVALENCE
dico_phrasis_0000851__en-es__forward,dico_phrasis_0000851,en,es,The dog,un perro,EQUIVALENCE
dico_phrasis_0000851__en-es__reverse,dico_phrasis_0000851,en,es,a dog,El perro,EQUIVALENCE
dico_phrasis_0000851__en-eu__forward,dico_phrasis_0000851,en,eu,The dog,txakur bat,EQUIVALENCE
dico_phrasis_0000851__en-eu__reverse,dico_phrasis_0000851,en,eu,a dog,txakurra,EQUIVALENCE
dico_phrasis_0000851__es-en__forward,dico_phrasis_0000851,es,en,El perro,a dog,EQUIVALENCE
dico_phrasis_0000851__es-en__reverse,dico_phrasis_0000851,es,en,un perro,The dog,EQUIVALENCE
dico_phrasis_0000851__es-eu__forward,dico_phrasis_0000851,es,eu,El perro,txakur bat,EQUIVALENCE
dico_phrasis_0000851__es-eu__reverse,dico_phrasis_0000851,es,eu,un perro,txakurra,EQUIVALENCE
dico_phrasis_0000851__eu-en__forward,dico_phrasis_0000851,eu,en,txakurra,a dog,EQUIVALENCE
dico_phrasis_0000851__eu-en__reverse,dico_phrasis_0000851,eu,en,txakur bat,The dog,EQUIVALENCE
dico_phrasis_0000851__eu-es__forward,dico_phrasis_0000851,eu,es,txakurra,un perro,EQUIVALENCE
dico_phrasis_0000851__eu-es__reverse,dico_phrasis_0000851,eu,es,txakur bat,El perro,EQUIVALENCE
dico_phrasis_0000857__en-es__forward,dico_phrasis_0000857,en,es,A white dog,El perro blanco,EQUIVALENCE
dico_phrasis_0000857__en-es__reverse,dico_phrasis_0000857,en,es,The white dog,Un perro blanco,EQUIVALENCE
dico_phrasis_0000857__en-eu__forward,dico_phrasis_0000857,en,eu,A white dog,Txakur zuria,EQUIVALENCE
dico_phrasis_0000857__en-eu__reverse,dico_phrasis_0000857,en,eu,The white dog,Txakur zuri bat,EQUIVALENCE
dico_phrasis_0000857__es-en__forward,dico_phrasis_0000857,es,en,Un perro blanco,The white dog,EQUIVALENCE
dico_phrasis_0000857__es-en__reverse,dico_phrasis_0000857,es,en,El perro blanco,A white dog,EQUIVALENCE
dico_phrasis_0000857__es-eu__forward,dico_phrasis_0000857,es,eu,Un perro blanco,Txakur zuria,EQUIVALENCE
dico_phrasis_0000857__es-eu__reverse,dico_phrasis_0000857,es,eu,El perro blanco,Txakur zuri bat,EQUIVALENCE
dico_phrasis_0000857__eu-en__forward,dico_phrasis_0000857,eu,en,Txakur zuri bat,The white dog,EQUIVALENCE
dico_phrasis_0000857__eu-en__reverse,dico_phrasis_0000857,eu,en,Txakur zuria,A white dog,EQUIVALENCE
dico_phrasis_0000857__eu-es__forward,dico_phrasis_0000857,eu,es,Txakur zuri bat,El perro blanco,EQUIVALENCE
dico_phrasis_0000857__eu-es__reverse,dico_phrasis_0000857,eu,es,Txakur zuria,Un perro blanco,EQUIVALENCE
dico_phrasis_0000868__en-es__forward,dico_phrasis_0000868,en,es,Announces Retirement,se retira,EQUIVALENCE
dico_phrasis_0000868__en-es__reverse,dico_phrasis_0000868,en,es,retires,anuncia su retiro,EQUIVALENCE
dico_phrasis_0000868__en-eu__forward,dico_phrasis_0000868,en,eu,Announces Retirement,erretiratzen da,EQUIVALENCE
dico_phrasis_0000868__en-eu__reverse,dico_phrasis_0000868,en,eu,retires,erretiroa iragartzen du,EQUIVALENCE
dico_phrasis_0000868__es-en__forward,dico_phrasis_0000868,es,en,anuncia su retiro,retires,EQUIVALENCE
dico_phrasis_0000868__es-en__reverse,dico_phrasis_0000868,es,en,se retira,Announces Retirement,EQUIVALENCE
dico_phrasis_0000868__es-eu__forward,dico_phrasis_0000868,es,eu,anuncia su retiro,erretiratzen da,EQUIVALENCE
dico_phrasis_0000868__es-eu__reverse,dico_phrasis_0000868,es,eu,se retira,erretiroa iragartzen du,EQUIVALENCE
dico_phrasis_0000868__eu-en__forward,dico_phrasis_0000868,eu,en,erretiroa iragartzen du,retires,EQUIVALENCE
dico_phrasis_0000868__eu-en__reverse,dico_phrasis_0000868,eu,en,erretiratzen da,Announces Retirement,EQUIVALENCE
dico_phrasis_0000868__eu-es__forward,dico_phrasis_0000868,eu,es,erretiroa iragartzen du,se retira,EQUIVALENCE
dico_phrasis_0000868__eu-es__reverse,dico_phrasis_0000868,eu,es,erretiratzen da,anuncia su retiro,EQUIVALENCE
dico_phrasis_0000875__en-es__forward,dico_phrasis_0000875,en,es,ill,caer enfermo,EQUIVALENCE
dico_phrasis_0000875__en-es__reverse,dico_phrasis_0000875,en,es,fall sick,enfermo,EQUIVALENCE
dico_phrasis_0000875__en-eu__forward,dico_phrasis_0000875,en,eu,ill,gaixotu,EQUIVALENCE
dico_phrasis_0000875__en-eu__reverse,dico_phrasis_0000875,en,eu,fall sick,gaixo,EQUIVALENCE
dico_phrasis_0000875__es-en__forward,dico_phrasis_0000875,es,en,enfermo,fall sick,EQUIVALENCE
dico_phrasis_0000875__es-en__reverse,dico_phrasis_0000875,es,en,caer enfermo,ill,EQUIVALENCE
dico_phrasis_0000875__es-eu__forward,dico_phrasis_0000875,es,eu,enfermo,gaixotu,EQUIVALENCE
dico_phrasis_0000875__es-eu__reverse,dico_phrasis_0000875,es,eu,caer enfermo,gaixo,EQUIVALENCE
dico_phrasis_0000875__eu-en__forward,dico_phrasis_0000875,eu,en,gaixo,fall sick,EQUIVALENCE
dico_phrasis_0000875__eu-en__reverse,dico_phrasis_0000875,eu,en,gaixotu,ill,EQUIVALENCE
dico_phrasis_0000875__eu-es__forward,dico_phrasis_0000875,eu,es,gaixo,caer enfermo,EQUIVALENCE
dico_phrasis_0000875__eu-es__reverse,dico_phrasis_0000875,eu,es,gaixotu,enfermo,EQUIVALENCE
dico_phrasis_0000877__en-es__forward,dico_phrasis_0000877,en,es,ablaze,dejado ardiendo,EQUIVALENCE
dico_phrasis_0000877__en-es__reverse,dico_phrasis_0000877,en,es,left burning,en llamas,EQUIVALENCE
dico_phrasis_0000877__en-eu__forward,dico_phrasis_0000877,en,eu,ablaze,sutan utzita,EQUIVALENCE
dico_phrasis_0000877__en-eu__reverse,dico_phrasis_0000877,en,eu,left burning,sutan,EQUIVALENCE
dico_phrasis_0000877__es-en__forward,dico_phrasis_0000877,es,en,en llamas,left burning,EQUIVALENCE
dico_phrasis_0000877__es-en__reverse,dico_phrasis_0000877,es,en,dejado ardiendo,ablaze,EQUIVALENCE
dico_phrasis_0000877__es-eu__forward,dico_phrasis_0000877,es,eu,en llamas,sutan utzita,EQUIVALENCE
dico_phrasis_0000877__es-eu__reverse,dico_phrasis_0000877,es,eu,dejado ardiendo,sutan,EQUIVALENCE
dico_phrasis_0000877__eu-en__forward,dico_phrasis_0000877,eu,en,sutan,left burning,EQUIVALENCE
dico_phrasis_0000877__eu-en__reverse,dico_phrasis_0000877,eu,en,sutan utzita,ablaze,EQUIVALENCE
dico_phrasis_0000877__eu-es__forward,dico_phrasis_0000877,eu,es,sutan,dejado ardiendo,EQUIVALENCE
dico_phrasis_0000877__eu-es__reverse,dico_phrasis_0000877,eu,es,sutan utzita,en llamas,EQUIVALENCE
dico_phrasis_0000878__en-es__forward,dico_phrasis_0000878,en,es,fiscal cliff deal,Acuerdo sobre el «abismo fiscal»,EQUIVALENCE
dico_phrasis_0000878__en-es__reverse,dico_phrasis_0000878,en,es,Deal on `` fiscal cliff '',acuerdo sobre el abismo fiscal,EQUIVALENCE
dico_phrasis_0000878__en-eu__forward,dico_phrasis_0000878,en,eu,fiscal cliff deal,«amildegia fiskala»ri buruzko akordioa,EQUIVALENCE
dico_phrasis_0000878__en-eu__reverse,dico_phrasis_0000878,en,eu,Deal on `` fiscal cliff '',amildegia fiskalari buruzko akordioa,EQUIVALENCE
dico_phrasis_0000878__es-en__forward,dico_phrasis_0000878,es,en,acuerdo sobre el abismo fiscal,Deal on `` fiscal cliff '',EQUIVALENCE
dico_phrasis_0000878__es-en__reverse,dico_phrasis_0000878,es,en,Acuerdo sobre el «abismo fiscal»,fiscal cliff deal,EQUIVALENCE
dico_phrasis_0000878__es-eu__forward,dico_phrasis_0000878,es,eu,acuerdo sobre el abismo fiscal,«amildegia fiskala»ri buruzko akordioa,EQUIVALENCE
dico_phrasis_0000878__es-eu__reverse,dico_phrasis_0000878,es,eu,Acuerdo sobre el «abismo fiscal»,amildegia fiskalari buruzko akordioa,EQUIVALENCE
dico_phrasis_0000878__eu-en__forward,dico_phrasis_0000878,eu,en,amildegia fiskalari buruzko akordioa,Deal on `` fiscal cliff '',EQUIVALENCE
dico_phrasis_0000878__eu-en__reverse,dico_phrasis_0000878,eu,en,«amildegia fiskala»ri buruzko akordioa,fiscal cliff deal,EQUIVALENCE
dico_phrasis_0000878__eu-es__forward,dico_phrasis_0000878,eu,es,amildegia fiskalari buruzko akordioa,Acuerdo sobre el «abismo fiscal»,EQUIVALENCE
dico_phrasis_0000878__eu-es__reverse,dico_phrasis_0000878,eu,es,«amildegia fiskala»ri buruzko akordioa,acuerdo sobre el abismo fiscal,EQUIVALENCE
dico_phrasis_0000879__en-es__forward,dico_phrasis_0000879,en,es,Mexican singer Jenni Rivera,la estrella mexicana de la música Jenni Rivera,EQUIVALENCE
dico_phrasis_0000879__en-es__reverse,dico_phrasis_0000879,en,es,Jenni Rivera Mexican music star,la cantante mexicana Jenni Rivera,EQUIVALENCE
dico_phrasis_0000879__en-eu__forward,dico_phrasis_0000879,en,eu,Mexican singer Jenni Rivera,Jenni Rivera musika izar mexikarra,EQUIVALENCE
dico_phrasis_0000879__en-eu__reverse,dico_phrasis_0000879,en,eu,Jenni Rivera Mexican music star,Jenni Rivera abeslari mexikarra,EQUIVALENCE
dico_phrasis_0000879__es-en__forward,dico_phrasis_0000879,es,en,la cantante mexicana Jenni Rivera,Jenni Rivera Mexican music star,EQUIVALENCE
dico_phrasis_0000879__es-en__reverse,dico_phrasis_0000879,es,en,la estrella mexicana de la música Jenni Rivera,Mexican singer Jenni Rivera,EQUIVALENCE
dico_phrasis_0000879__es-eu__forward,dico_phrasis_0000879,es,eu,la cantante mexicana Jenni Rivera,Jenni Rivera musika izar mexikarra,EQUIVALENCE
dico_phrasis_0000879__es-eu__reverse,dico_phrasis_0000879,es,eu,la estrella mexicana de la música Jenni Rivera,Jenni Rivera abeslari mexikarra,EQUIVALENCE
dico_phrasis_0000879__eu-en__forward,dico_phrasis_0000879,eu,en,Jenni Rivera abeslari mexikarra,Jenni Rivera Mexican music star,EQUIVALENCE
dico_phrasis_0000879__eu-en__reverse,dico_phrasis_0000879,eu,en,Jenni Rivera musika izar mexikarra,Mexican singer Jenni Rivera,EQUIVALENCE
dico_phrasis_0000879__eu-es__forward,dico_phrasis_0000879,eu,es,Jenni Rivera abeslari mexikarra,la estrella mexicana de la música Jenni Rivera,EQUIVALENCE
dico_phrasis_0000879__eu-es__reverse,dico_phrasis_0000879,eu,es,Jenni Rivera musika izar mexikarra,la cantante mexicana Jenni Rivera,EQUIVALENCE
dico_phrasis_0000889__en-es__forward,dico_phrasis_0000889,en,es,on admitting,sobre levantar la prohibición,EQUIVALENCE
dico_phrasis_0000889__en-es__reverse,dico_phrasis_0000889,en,es,on lifting ban,sobre admitir,EQUIVALENCE
dico_phrasis_0000889__en-eu__forward,dico_phrasis_0000889,en,eu,on admitting,debekua kentzeari buruz,EQUIVALENCE
dico_phrasis_0000889__en-eu__reverse,dico_phrasis_0000889,en,eu,on lifting ban,onartzeari buruz,EQUIVALENCE
dico_phrasis_0000889__es-en__forward,dico_phrasis_0000889,es,en,sobre admitir,on lifting ban,EQUIVALENCE
dico_phrasis_0000889__es-en__reverse,dico_phrasis_0000889,es,en,sobre levantar la prohibición,on admitting,EQUIVALENCE
dico_phrasis_0000889__es-eu__forward,dico_phrasis_0000889,es,eu,sobre admitir,debekua kentzeari buruz,EQUIVALENCE
dico_phrasis_0000889__es-eu__reverse,dico_phrasis_0000889,es,eu,sobre levantar la prohibición,onartzeari buruz,EQUIVALENCE
dico_phrasis_0000889__eu-en__forward,dico_phrasis_0000889,eu,en,onartzeari buruz,on lifting ban,EQUIVALENCE
dico_phrasis_0000889__eu-en__reverse,dico_phrasis_0000889,eu,en,debekua kentzeari buruz,on admitting,EQUIVALENCE
dico_phrasis_0000889__eu-es__forward,dico_phrasis_0000889,eu,es,onartzeari buruz,sobre levantar la prohibición,EQUIVALENCE
dico_phrasis_0000889__eu-es__reverse,dico_phrasis_0000889,eu,es,debekua kentzeari buruz,sobre admitir,EQUIVALENCE
dico_phrasis_0000900__en-es__forward,dico_phrasis_0000900,en,es,frees,aprueba la liberación,EQUIVALENCE
dico_phrasis_0000900__en-es__reverse,dico_phrasis_0000900,en,es,approves release,libera,EQUIVALENCE
dico_phrasis_0000900__en-eu__forward,dico_phrasis_0000900,en,eu,frees,askatzea onartzen du,EQUIVALENCE
dico_phrasis_0000900__en-eu__reverse,dico_phrasis_0000900,en,eu,approves release,aske uzten du,EQUIVALENCE
dico_phrasis_0000900__es-en__forward,dico_phrasis_0000900,es,en,libera,approves release,EQUIVALENCE
dico_phrasis_0000900__es-en__reverse,dico_phrasis_0000900,es,en,aprueba la liberación,frees,EQUIVALENCE
dico_phrasis_0000900__es-eu__forward,dico_phrasis_0000900,es,eu,libera,askatzea onartzen du,EQUIVALENCE
dico_phrasis_0000900__es-eu__reverse,dico_phrasis_0000900,es,eu,aprueba la liberación,aske uzten du,EQUIVALENCE
dico_phrasis_0000900__eu-en__forward,dico_phrasis_0000900,eu,en,aske uzten du,approves release,EQUIVALENCE
dico_phrasis_0000900__eu-en__reverse,dico_phrasis_0000900,eu,en,askatzea onartzen du,frees,EQUIVALENCE
dico_phrasis_0000900__eu-es__forward,dico_phrasis_0000900,eu,es,aske uzten du,aprueba la liberación,EQUIVALENCE
dico_phrasis_0000900__eu-es__reverse,dico_phrasis_0000900,eu,es,askatzea onartzen du,libera,EQUIVALENCE
dico_phrasis_0000901__en-es__forward,dico_phrasis_0000901,en,es,in 3 cities,en tres ciudades,EQUIVALENCE
dico_phrasis_0000901__en-es__reverse,dico_phrasis_0000901,en,es,in three cities,en 3 ciudades,EQUIVALENCE
dico_phrasis_0000901__en-eu__forward,dico_phrasis_0000901,en,eu,in 3 cities,hiru hiritan,EQUIVALENCE
dico_phrasis_0000901__en-eu__reverse,dico_phrasis_0000901,en,eu,in three cities,3 hiritan,EQUIVALENCE
dico_phrasis_0000901__es-en__forward,dico_phrasis_0000901,es,en,en 3 ciudades,in three cities,EQUIVALENCE
dico_phrasis_0000901__es-en__reverse,dico_phrasis_0000901,es,en,en tres ciudades,in 3 cities,EQUIVALENCE
dico_phrasis_0000901__es-eu__forward,dico_phrasis_0000901,es,eu,en 3 ciudades,hiru hiritan,EQUIVALENCE
dico_phrasis_0000901__es-eu__reverse,dico_phrasis_0000901,es,eu,en tres ciudades,3 hiritan,EQUIVALENCE
dico_phrasis_0000901__eu-en__forward,dico_phrasis_0000901,eu,en,3 hiritan,in three cities,EQUIVALENCE
dico_phrasis_0000901__eu-en__reverse,dico_phrasis_0000901,eu,en,hiru hiritan,in 3 cities,EQUIVALENCE
dico_phrasis_0000901__eu-es__forward,dico_phrasis_0000901,eu,es,3 hiritan,en tres ciudades,EQUIVALENCE
dico_phrasis_0000901__eu-es__reverse,dico_phrasis_0000901,eu,es,hiru hiritan,en 3 ciudades,EQUIVALENCE
dico_phrasis_0000912__en-es__forward,dico_phrasis_0000912,en,es,is working,trabajar,EQUIVALENCE
dico_phrasis_0000912__en-es__reverse,dico_phrasis_0000912,en,es,work,está trabajando,EQUIVALENCE
dico_phrasis_0000912__en-eu__forward,dico_phrasis_0000912,en,eu,is working,lan egin,EQUIVALENCE
dico_phrasis_0000912__en-eu__reverse,dico_phrasis_0000912,en,eu,work,lanean ari da,EQUIVALENCE
dico_phrasis_0000912__es-en__forward,dico_phrasis_0000912,es,en,está trabajando,work,EQUIVALENCE
dico_phrasis_0000912__es-en__reverse,dico_phrasis_0000912,es,en,trabajar,is working,EQUIVALENCE
dico_phrasis_0000912__es-eu__forward,dico_phrasis_0000912,es,eu,está trabajando,lan egin,EQUIVALENCE
dico_phrasis_0000912__es-eu__reverse,dico_phrasis_0000912,es,eu,trabajar,lanean ari da,EQUIVALENCE
dico_phrasis_0000912__eu-en__forward,dico_phrasis_0000912,eu,en,lanean ari da,work,EQUIVALENCE
dico_phrasis_0000912__eu-en__reverse,dico_phrasis_0000912,eu,en,lan egin,is working,EQUIVALENCE
dico_phrasis_0000912__eu-es__forward,dico_phrasis_0000912,eu,es,lanean ari da,trabajar,EQUIVALENCE
dico_phrasis_0000912__eu-es__reverse,dico_phrasis_0000912,eu,es,lan egin,está trabajando,EQUIVALENCE
dico_phrasis_0000937__en-es__forward,dico_phrasis_0000937,en,es,five accused,los cinco acusados,EQUIVALENCE
dico_phrasis_0000937__en-es__reverse,dico_phrasis_0000937,en,es,All five accused,cinco acusados,EQUIVALENCE
dico_phrasis_0000937__en-eu__forward,dico_phrasis_0000937,en,eu,five accused,bost akusatuak guztiak,EQUIVALENCE
dico_phrasis_0000937__en-eu__reverse,dico_phrasis_0000937,en,eu,All five accused,bost akusatuak,EQUIVALENCE
dico_phrasis_0000937__es-en__forward,dico_phrasis_0000937,es,en,cinco acusados,All five accused,EQUIVALENCE
dico_phrasis_0000937__es-en__reverse,dico_phrasis_0000937,es,en,los cinco acusados,five accused,EQUIVALENCE
dico_phrasis_0000937__es-eu__forward,dico_phrasis_0000937,es,eu,cinco acusados,bost akusatuak guztiak,EQUIVALENCE
dico_phrasis_0000937__es-eu__reverse,dico_phrasis_0000937,es,eu,los cinco acusados,bost akusatuak,EQUIVALENCE
dico_phrasis_0000937__eu-en__forward,dico_phrasis_0000937,eu,en,bost akusatuak,All five accused,EQUIVALENCE
dico_phrasis_0000937__eu-en__reverse,dico_phrasis_0000937,eu,en,bost akusatuak guztiak,five accused,EQUIVALENCE
dico_phrasis_0000937__eu-es__forward,dico_phrasis_0000937,eu,es,bost akusatuak,los cinco acusados,EQUIVALENCE
dico_phrasis_0000937__eu-es__reverse,dico_phrasis_0000937,eu,es,bost akusatuak guztiak,cinco acusados,EQUIVALENCE
dico_phrasis_0000939__en-es__forward,dico_phrasis_0000939,en,es,from judge,por el juez,EQUIVALENCE
dico_phrasis_0000939__en-es__reverse,dico_phrasis_0000939,en,es,by judge,del juez,EQUIVALENCE
dico_phrasis_0000939__en-eu__forward,dico_phrasis_0000939,en,eu,from judge,epaileak egina,EQUIVALENCE
dico_phrasis_0000939__en-eu__reverse,dico_phrasis_0000939,en,eu,by judge,epailearengandik,EQUIVALENCE
dico_phrasis_0000939__es-en__forward,dico_phrasis_0000939,es,en,del juez,by judge,EQUIVALENCE
dico_phrasis_0000939__es-en__reverse,dico_phrasis_0000939,es,en,por el juez,from judge,EQUIVALENCE
dico_phrasis_0000939__es-eu__forward,dico_phrasis_0000939,es,eu,del juez,epaileak egina,EQUIVALENCE
dico_phrasis_0000939__es-eu__reverse,dico_phrasis_0000939,es,eu,por el juez,epailearengandik,EQUIVALENCE
dico_phrasis_0000939__eu-en__forward,dico_phrasis_0000939,eu,en,epailearengandik,by judge,EQUIVALENCE
dico_phrasis_0000939__eu-en__reverse,dico_phrasis_0000939,eu,en,epaileak egina,from judge,EQUIVALENCE
dico_phrasis_0000939__eu-es__forward,dico_phrasis_0000939,eu,es,epailearengandik,por el juez,EQUIVALENCE
dico_phrasis_0000939__eu-es__reverse,dico_phrasis_0000939,eu,es,epaileak egina,del juez,EQUIVALENCE
dico_phrasis_0000943__en-es__forward,dico_phrasis_0000943,en,es,zipping up,subir la cremallera,EQUIVALENCE
dico_phrasis_0000943__en-es__reverse,dico_phrasis_0000943,en,es,to slide up,subiendo la cremallera,EQUIVALENCE
dico_phrasis_0000943__en-eu__forward,dico_phrasis_0000943,en,eu,zipping up,gora irristatzea,EQUIVALENCE
dico_phrasis_0000943__en-eu__reverse,dico_phrasis_0000943,en,eu,to slide up,igotzen,EQUIVALENCE
dico_phrasis_0000943__es-en__forward,dico_phrasis_0000943,es,en,subiendo la cremallera,to slide up,EQUIVALENCE
dico_phrasis_0000943__es-en__reverse,dico_phrasis_0000943,es,en,subir la cremallera,zipping up,EQUIVALENCE
dico_phrasis_0000943__es-eu__forward,dico_phrasis_0000943,es,eu,subiendo la cremallera,gora irristatzea,EQUIVALENCE
dico_phrasis_0000943__es-eu__reverse,dico_phrasis_0000943,es,eu,subir la cremallera,igotzen,EQUIVALENCE
dico_phrasis_0000943__eu-en__forward,dico_phrasis_0000943,eu,en,igotzen,to slide up,EQUIVALENCE
dico_phrasis_0000943__eu-en__reverse,dico_phrasis_0000943,eu,en,gora irristatzea,zipping up,EQUIVALENCE
dico_phrasis_0000943__eu-es__forward,dico_phrasis_0000943,eu,es,igotzen,subir la cremallera,EQUIVALENCE
dico_phrasis_0000943__eu-es__reverse,dico_phrasis_0000943,eu,es,gora irristatzea,subiendo la cremallera,EQUIVALENCE
dico_phrasis_0000969__en-es__forward,dico_phrasis_0000969,en,es,pays tribute,rendir homenaje,EQUIVALENCE
dico_phrasis_0000969__en-es__reverse,dico_phrasis_0000969,en,es,pay tribute,rinde homenaje,EQUIVALENCE
dico_phrasis_0000969__en-eu__forward,dico_phrasis_0000969,en,eu,pays tribute,omenaldia egin,EQUIVALENCE
dico_phrasis_0000969__en-eu__reverse,dico_phrasis_0000969,en,eu,pay tribute,omenaldia egiten du,EQUIVALENCE
dico_phrasis_0000969__es-en__forward,dico_phrasis_0000969,es,en,rinde homenaje,pay tribute,EQUIVALENCE
dico_phrasis_0000969__es-en__reverse,dico_phrasis_0000969,es,en,rendir homenaje,pays tribute,EQUIVALENCE
dico_phrasis_0000969__es-eu__forward,dico_phrasis_0000969,es,eu,rinde homenaje,omenaldia egin,EQUIVALENCE
dico_phrasis_0000969__es-eu__reverse,dico_phrasis_0000969,es,eu,rendir homenaje,omenaldia egiten du,EQUIVALENCE
dico_phrasis_0000969__eu-en__forward,dico_phrasis_0000969,eu,en,omenaldia egiten du,pay tribute,EQUIVALENCE
dico_phrasis_0000969__eu-en__reverse,dico_phrasis_0000969,eu,en,omenaldia egin,pays tribute,EQUIVALENCE
dico_phrasis_0000969__eu-es__forward,dico_phrasis_0000969,eu,es,omenaldia egiten du,rendir homenaje,EQUIVALENCE
dico_phrasis_0000969__eu-es__reverse,dico_phrasis_0000969,eu,es,omenaldia egin,rinde homenaje,EQUIVALENCE
dico_phrasis_0000970__en-es__forward,dico_phrasis_0000970,en,es,to Nelson Mandela,a Mandela,EQUIVALENCE
dico_phrasis_0000970__en-es__reverse,dico_phrasis_0000970,en,es,to Mandela,a Nelson Mandela,EQUIVALENCE
dico_phrasis_0000970__en-eu__forward,dico_phrasis_0000970,en,eu,to Nelson Mandela,Mandelari,EQUIVALENCE
dico_phrasis_0000970__en-eu__reverse,dico_phrasis_0000970,en,eu,to Mandela,Nelson Mandelari,EQUIVALENCE
dico_phrasis_0000970__es-en__forward,dico_phrasis_0000970,es,en,a Nelson Mandela,to Mandela,EQUIVALENCE
dico_phrasis_0000970__es-en__reverse,dico_phrasis_0000970,es,en,a Mandela,to Nelson Mandela,EQUIVALENCE
dico_phrasis_0000970__es-eu__forward,dico_phrasis_0000970,es,eu,a Nelson Mandela,Mandelari,EQUIVALENCE
dico_phrasis_0000970__es-eu__reverse,dico_phrasis_0000970,es,eu,a Mandela,Nelson Mandelari,EQUIVALENCE
dico_phrasis_0000970__eu-en__forward,dico_phrasis_0000970,eu,en,Nelson Mandelari,to Mandela,EQUIVALENCE
dico_phrasis_0000970__eu-en__reverse,dico_phrasis_0000970,eu,en,Mandelari,to Nelson Mandela,EQUIVALENCE
dico_phrasis_0000970__eu-es__forward,dico_phrasis_0000970,eu,es,Nelson Mandelari,a Mandela,EQUIVALENCE
dico_phrasis_0000970__eu-es__reverse,dico_phrasis_0000970,eu,es,Mandelari,a Nelson Mandela,EQUIVALENCE
dico_phrasis_0000971__en-es__forward,dico_phrasis_0000971,en,es,at reporters ' dinner,durante la cena de la prensa,EQUIVALENCE
dico_phrasis_0000971__en-es__reverse,dico_phrasis_0000971,en,es,during press dinner,en la cena de los periodistas,EQUIVALENCE
dico_phrasis_0000971__en-eu__forward,dico_phrasis_0000971,en,eu,at reporters ' dinner,prentsaren afarian,EQUIVALENCE
dico_phrasis_0000971__en-eu__reverse,dico_phrasis_0000971,en,eu,during press dinner,kazetarien afarian,EQUIVALENCE
dico_phrasis_0000971__es-en__forward,dico_phrasis_0000971,es,en,en la cena de los periodistas,during press dinner,EQUIVALENCE
dico_phrasis_0000971__es-en__reverse,dico_phrasis_0000971,es,en,durante la cena de la prensa,at reporters ' dinner,EQUIVALENCE
dico_phrasis_0000971__es-eu__forward,dico_phrasis_0000971,es,eu,en la cena de los periodistas,prentsaren afarian,EQUIVALENCE
dico_phrasis_0000971__es-eu__reverse,dico_phrasis_0000971,es,eu,durante la cena de la prensa,kazetarien afarian,EQUIVALENCE
dico_phrasis_0000971__eu-en__forward,dico_phrasis_0000971,eu,en,kazetarien afarian,during press dinner,EQUIVALENCE
dico_phrasis_0000971__eu-en__reverse,dico_phrasis_0000971,eu,en,prentsaren afarian,at reporters ' dinner,EQUIVALENCE
dico_phrasis_0000971__eu-es__forward,dico_phrasis_0000971,eu,es,kazetarien afarian,durante la cena de la prensa,EQUIVALENCE
dico_phrasis_0000971__eu-es__reverse,dico_phrasis_0000971,eu,es,prentsaren afarian,en la cena de los periodistas,EQUIVALENCE
dico_phrasis_0000972__en-es__forward,dico_phrasis_0000972,en,es,jokes,se burla de,EQUIVALENCE
dico_phrasis_0000972__en-es__reverse,dico_phrasis_0000972,en,es,pokes fun at,bromas,EQUIVALENCE
dico_phrasis_0000972__en-eu__forward,dico_phrasis_0000972,en,eu,jokes,iseka egiten dio,EQUIVALENCE
dico_phrasis_0000972__en-eu__reverse,dico_phrasis_0000972,en,eu,pokes fun at,txantxak,EQUIVALENCE
dico_phrasis_0000972__es-en__forward,dico_phrasis_0000972,es,en,bromas,pokes fun at,EQUIVALENCE
dico_phrasis_0000972__es-en__reverse,dico_phrasis_0000972,es,en,se burla de,jokes,EQUIVALENCE
dico_phrasis_0000972__es-eu__forward,dico_phrasis_0000972,es,eu,bromas,iseka egiten dio,EQUIVALENCE
dico_phrasis_0000972__es-eu__reverse,dico_phrasis_0000972,es,eu,se burla de,txantxak,EQUIVALENCE
dico_phrasis_0000972__eu-en__forward,dico_phrasis_0000972,eu,en,txantxak,pokes fun at,EQUIVALENCE
dico_phrasis_0000972__eu-en__reverse,dico_phrasis_0000972,eu,en,iseka egiten dio,jokes,EQUIVALENCE
dico_phrasis_0000972__eu-es__forward,dico_phrasis_0000972,eu,es,txantxak,se burla de,EQUIVALENCE
dico_phrasis_0000972__eu-es__reverse,dico_phrasis_0000972,eu,es,iseka egiten dio,bromas,EQUIVALENCE
dico_phrasis_0000974__en-es__forward,dico_phrasis_0000974,en,es,end up,cerrar,EQUIVALENCE
dico_phrasis_0000974__en-es__reverse,dico_phrasis_0000974,en,es,close,terminar,EQUIVALENCE
dico_phrasis_0000974__en-eu__forward,dico_phrasis_0000974,en,eu,end up,amaitu,EQUIVALENCE
dico_phrasis_0000974__en-eu__reverse,dico_phrasis_0000974,en,eu,close,bukatu,EQUIVALENCE
dico_phrasis_0000974__es-en__forward,dico_phrasis_0000974,es,en,terminar,close,EQUIVALENCE
dico_phrasis_0000974__es-en__reverse,dico_phrasis_0000974,es,en,cerrar,end up,EQUIVALENCE
dico_phrasis_0000974__es-eu__forward,dico_phrasis_0000974,es,eu,terminar,amaitu,EQUIVALENCE
dico_phrasis_0000974__es-eu__reverse,dico_phrasis_0000974,es,eu,cerrar,bukatu,EQUIVALENCE
dico_phrasis_0000974__eu-en__forward,dico_phrasis_0000974,eu,en,bukatu,close,EQUIVALENCE
dico_phrasis_0000974__eu-en__reverse,dico_phrasis_0000974,eu,en,amaitu,end up,EQUIVALENCE
dico_phrasis_0000974__eu-es__forward,dico_phrasis_0000974,eu,es,bukatu,cerrar,EQUIVALENCE
dico_phrasis_0000974__eu-es__reverse,dico_phrasis_0000974,eu,es,amaitu,terminar,EQUIVALENCE
dico_phrasis_0000978__en-es__forward,dico_phrasis_0000978,en,es,Suspected U.S. drone strike,Ataque con dron de EE. UU.,EQUIVALENCE
dico_phrasis_0000978__en-es__reverse,dico_phrasis_0000978,en,es,US drone strike,Presunto ataque con dron de EE. UU.,EQUIVALENCE
dico_phrasis_0000978__en-eu__forward,dico_phrasis_0000978,en,eu,Suspected U.S. drone strike,AEBetako drone erasoa,EQUIVALENCE
dico_phrasis_0000978__en-eu__reverse,dico_phrasis_0000978,en,eu,US drone strike,AEBetako drone eraso susmagarria,EQUIVALENCE
dico_phrasis_0000978__es-en__forward,dico_phrasis_0000978,es,en,Presunto ataque con dron de EE. UU.,US drone strike,EQUIVALENCE
dico_phrasis_0000978__es-en__reverse,dico_phrasis_0000978,es,en,Ataque con dron de EE. UU.,Suspected U.S. drone strike,EQUIVALENCE
dico_phrasis_0000978__es-eu__forward,dico_phrasis_0000978,es,eu,Presunto ataque con dron de EE. UU.,AEBetako drone erasoa,EQUIVALENCE
dico_phrasis_0000978__es-eu__reverse,dico_phrasis_0000978,es,eu,Ataque con dron de EE. UU.,AEBetako drone eraso susmagarria,EQUIVALENCE
dico_phrasis_0000978__eu-en__forward,dico_phrasis_0000978,eu,en,AEBetako drone eraso susmagarria,US drone strike,EQUIVALENCE
dico_phrasis_0000978__eu-en__reverse,dico_phrasis_0000978,eu,en,AEBetako drone erasoa,Suspected U.S. drone strike,EQUIVALENCE
dico_phrasis_0000978__eu-es__forward,dico_phrasis_0000978,eu,es,AEBetako drone eraso susmagarria,Ataque con dron de EE. UU.,EQUIVALENCE
dico_phrasis_0000978__eu-es__reverse,dico_phrasis_0000978,eu,es,AEBetako drone erasoa,Presunto ataque con dron de EE. UU.,EQUIVALENCE
dico_phrasis_0000988__en-es__forward,dico_phrasis_0000988,en,es,to leave,deja,EQUIVALENCE
dico_phrasis_0000988__en-es__reverse,dico_phrasis_0000988,en,es,quits,irse,EQUIVALENCE
dico_phrasis_0000988__en-eu__forward,dico_phrasis_0000988,en,eu,to leave,uzten du,EQUIVALENCE
dico_phrasis_0000988__en-eu__reverse,dico_phrasis_0000988,en,eu,quits,irteteko,EQUIVALENCE
dico_phrasis_0000988__es-en__forward,dico_phrasis_0000988,es,en,irse,quits,EQUIVALENCE
dico_phrasis_0000988__es-en__reverse,dico_phrasis_0000988,es,en,deja,to leave,EQUIVALENCE
dico_phrasis_0000988__es-eu__forward,dico_phrasis_0000988,es,eu,irse,uzten du,EQUIVALENCE
dico_phrasis_0000988__es-eu__reverse,dico_phrasis_0000988,es,eu,deja,irteteko,EQUIVALENCE
dico_phrasis_0000988__eu-en__forward,dico_phrasis_0000988,eu,en,irteteko,quits,EQUIVALENCE
dico_phrasis_0000988__eu-en__reverse,dico_phrasis_0000988,eu,en,uzten du,to leave,EQUIVALENCE
dico_phrasis_0000988__eu-es__forward,dico_phrasis_0000988,eu,es,irteteko,deja,EQUIVALENCE
dico_phrasis_0000988__eu-es__reverse,dico_phrasis_0000988,eu,es,uzten du,irse,EQUIVALENCE
dico_phrasis_0000993__en-es__forward,dico_phrasis_0000993,en,es,Pussy Riot member Alyokhina,la integrante de Pussy Riot Maria Alyokhina,EQUIVALENCE
dico_phrasis_0000993__en-es__reverse,dico_phrasis_0000993,en,es,Pussy Riot member Maria Alyokhina,la integrante de Pussy Riot Alyokhina,EQUIVALENCE
dico_phrasis_0000993__en-eu__forward,dico_phrasis_0000993,en,eu,Pussy Riot member Alyokhina,Pussy Riot taldeko kide Maria Alyokhina,EQUIVALENCE
dico_phrasis_0000993__en-eu__reverse,dico_phrasis_0000993,en,eu,Pussy Riot member Maria Alyokhina,Pussy Riot taldeko kide Alyokhina,EQUIVALENCE
dico_phrasis_0000993__es-en__forward,dico_phrasis_0000993,es,en,la integrante de Pussy Riot Alyokhina,Pussy Riot member Maria Alyokhina,EQUIVALENCE
dico_phrasis_0000993__es-en__reverse,dico_phrasis_0000993,es,en,la integrante de Pussy Riot Maria Alyokhina,Pussy Riot member Alyokhina,EQUIVALENCE
dico_phrasis_0000993__es-eu__forward,dico_phrasis_0000993,es,eu,la integrante de Pussy Riot Alyokhina,Pussy Riot taldeko kide Maria Alyokhina,EQUIVALENCE
dico_phrasis_0000993__es-eu__reverse,dico_phrasis_0000993,es,eu,la integrante de Pussy Riot Maria Alyokhina,Pussy Riot taldeko kide Alyokhina,EQUIVALENCE
dico_phrasis_0000993__eu-en__forward,dico_phrasis_0000993,eu,en,Pussy Riot taldeko kide Alyokhina,Pussy Riot member Maria Alyokhina,EQUIVALENCE
dico_phrasis_0000993__eu-en__reverse,dico_phrasis_0000993,eu,en,Pussy Riot taldeko kide Maria Alyokhina,Pussy Riot member Alyokhina,EQUIVALENCE
dico_phrasis_0000993__eu-es__forward,dico_phrasis_0000993,eu,es,Pussy Riot taldeko kide Alyokhina,la integrante de Pussy Riot Maria Alyokhina,EQUIVALENCE
dico_phrasis_0000993__eu-es__reverse,dico_phrasis_0000993,eu,es,Pussy Riot taldeko kide Maria Alyokhina,la integrante de Pussy Riot Alyokhina,EQUIVALENCE
dico_phrasis_0001004__en-es__forward,dico_phrasis_0001004,en,es,amid protests,sobre los manifestantes,EQUIVALENCE
dico_phrasis_0001004__en-es__reverse,dico_phrasis_0001004,en,es,on protesters,entre protestas,EQUIVALENCE
dico_phrasis_0001004__en-eu__forward,dico_phrasis_0001004,en,eu,amid protests,manifestarien aurrean,EQUIVALENCE
dico_phrasis_0001004__en-eu__reverse,dico_phrasis_0001004,en,eu,on protesters,protesten artean,EQUIVALENCE
dico_phrasis_0001004__es-en__forward,dico_phrasis_0001004,es,en,entre protestas,on protesters,EQUIVALENCE
dico_phrasis_0001004__es-en__reverse,dico_phrasis_0001004,es,en,sobre los manifestantes,amid protests,EQUIVALENCE
dico_phrasis_0001004__es-eu__forward,dico_phrasis_0001004,es,eu,entre protestas,manifestarien aurrean,EQUIVALENCE
dico_phrasis_0001004__es-eu__reverse,dico_phrasis_0001004,es,eu,sobre los manifestantes,protesten artean,EQUIVALENCE
dico_phrasis_0001004__eu-en__forward,dico_phrasis_0001004,eu,en,protesten artean,on protesters,EQUIVALENCE
dico_phrasis_0001004__eu-en__reverse,dico_phrasis_0001004,eu,en,manifestarien aurrean,amid protests,EQUIVALENCE
dico_phrasis_0001004__eu-es__forward,dico_phrasis_0001004,eu,es,protesten artean,sobre los manifestantes,EQUIVALENCE
dico_phrasis_0001004__eu-es__reverse,dico_phrasis_0001004,eu,es,manifestarien aurrean,entre protestas,EQUIVALENCE
dico_phrasis_0001029__en-es__forward,dico_phrasis_0001029,en,es,shot dead,abatido,EQUIVALENCE
dico_phrasis_0001029__en-es__reverse,dico_phrasis_0001029,en,es,slain,abatido a tiros,EQUIVALENCE
dico_phrasis_0001029__en-eu__forward,dico_phrasis_0001029,en,eu,shot dead,hildako,EQUIVALENCE
dico_phrasis_0001029__en-eu__reverse,dico_phrasis_0001029,en,eu,slain,tiroz hil,EQUIVALENCE
dico_phrasis_0001029__es-en__forward,dico_phrasis_0001029,es,en,abatido a tiros,slain,EQUIVALENCE
dico_phrasis_0001029__es-en__reverse,dico_phrasis_0001029,es,en,abatido,shot dead,EQUIVALENCE
dico_phrasis_0001029__es-eu__forward,dico_phrasis_0001029,es,eu,abatido a tiros,hildako,EQUIVALENCE
dico_phrasis_0001029__es-eu__reverse,dico_phrasis_0001029,es,eu,abatido,tiroz hil,EQUIVALENCE
dico_phrasis_0001029__eu-en__forward,dico_phrasis_0001029,eu,en,tiroz hil,slain,EQUIVALENCE
dico_phrasis_0001029__eu-en__reverse,dico_phrasis_0001029,eu,en,hildako,shot dead,EQUIVALENCE
dico_phrasis_0001029__eu-es__forward,dico_phrasis_0001029,eu,es,tiroz hil,abatido,EQUIVALENCE
dico_phrasis_0001029__eu-es__reverse,dico_phrasis_0001029,eu,es,hildako,abatido a tiros,EQUIVALENCE
dico_phrasis_0001034__en-es__forward,dico_phrasis_0001034,en,es,to retire,se retira,EQUIVALENCE
dico_phrasis_0001034__en-es__reverse,dico_phrasis_0001034,en,es,Retires,retirarse,EQUIVALENCE
dico_phrasis_0001034__en-eu__forward,dico_phrasis_0001034,en,eu,to retire,erretiratzen da,EQUIVALENCE
dico_phrasis_0001034__en-eu__reverse,dico_phrasis_0001034,en,eu,Retires,erretiratzea,EQUIVALENCE
dico_phrasis_0001034__es-en__forward,dico_phrasis_0001034,es,en,retirarse,Retires,EQUIVALENCE
dico_phrasis_0001034__es-en__reverse,dico_phrasis_0001034,es,en,se retira,to retire,EQUIVALENCE
dico_phrasis_0001034__es-eu__forward,dico_phrasis_0001034,es,eu,retirarse,erretiratzen da,EQUIVALENCE
dico_phrasis_0001034__es-eu__reverse,dico_phrasis_0001034,es,eu,se retira,erretiratzea,EQUIVALENCE
dico_phrasis_0001034__eu-en__forward,dico_phrasis_0001034,eu,en,erretiratzea,Retires,EQUIVALENCE
dico_phrasis_0001034__eu-en__reverse,dico_phrasis_0001034,eu,en,erretiratzen da,to retire,EQUIVALENCE
dico_phrasis_0001034__eu-es__forward,dico_phrasis_0001034,eu,es,erretiratzea,se retira,EQUIVALENCE
dico_phrasis_0001034__eu-es__reverse,dico_phrasis_0001034,eu,es,erretiratzen da,retirarse,EQUIVALENCE
dico_phrasis_0001039__en-es__forward,dico_phrasis_0001039,en,es,in Singapore hospital,al hospital de Singapur,EQUIVALENCE
dico_phrasis_0001039__en-es__reverse,dico_phrasis_0001039,en,es,to Singapore hospital,en el hospital de Singapur,EQUIVALENCE
dico_phrasis_0001039__en-eu__forward,dico_phrasis_0001039,en,eu,in Singapore hospital,Singapurreko ospitalera,EQUIVALENCE
dico_phrasis_0001039__en-eu__reverse,dico_phrasis_0001039,en,eu,to Singapore hospital,Singapurreko ospitalean,EQUIVALENCE
dico_phrasis_0001039__es-en__forward,dico_phrasis_0001039,es,en,en el hospital de Singapur,to Singapore hospital,EQUIVALENCE
dico_phrasis_0001039__es-en__reverse,dico_phrasis_0001039,es,en,al hospital de Singapur,in Singapore hospital,EQUIVALENCE
dico_phrasis_0001039__es-eu__forward,dico_phrasis_0001039,es,eu,en el hospital de Singapur,Singapurreko ospitalera,EQUIVALENCE
dico_phrasis_0001039__es-eu__reverse,dico_phrasis_0001039,es,eu,al hospital de Singapur,Singapurreko ospitalean,EQUIVALENCE
dico_phrasis_0001039__eu-en__forward,dico_phrasis_0001039,eu,en,Singapurreko ospitalean,to Singapore hospital,EQUIVALENCE
dico_phrasis_0001039__eu-en__reverse,dico_phrasis_0001039,eu,en,Singapurreko ospitalera,in Singapore hospital,EQUIVALENCE
dico_phrasis_0001039__eu-es__forward,dico_phrasis_0001039,eu,es,Singapurreko ospitalean,al hospital de Singapur,EQUIVALENCE
dico_phrasis_0001039__eu-es__reverse,dico_phrasis_0001039,eu,es,Singapurreko ospitalera,en el hospital de Singapur,EQUIVALENCE
dico_phrasis_0001040__en-es__forward,dico_phrasis_0001040,en,es,Ban Ki-moon,Ban,EQUIVALENCE
dico_phrasis_0001040__en-es__reverse,dico_phrasis_0001040,en,es,Ban,Ban Ki-moon,EQUIVALENCE
dico_phrasis_0001040__en-eu__forward,dico_phrasis_0001040,en,eu,Ban Ki-moon,Ban,EQUIVALENCE
dico_phrasis_0001040__en-eu__reverse,dico_phrasis_0001040,en,eu,Ban,Ban Ki-moon,EQUIVALENCE
dico_phrasis_0001040__es-en__forward,dico_phrasis_0001040,es,en,Ban Ki-moon,Ban,EQUIVALENCE
dico_phrasis_0001040__es-en__reverse,dico_phrasis_0001040,es,en,Ban,Ban Ki-moon,EQUIVALENCE
dico_phrasis_0001040__es-eu__forward,dico_phrasis_0001040,es,eu,Ban Ki-moon,Ban,EQUIVALENCE
dico_phrasis_0001040__es-eu__reverse,dico_phrasis_0001040,es,eu,Ban,Ban Ki-moon,EQUIVALENCE
dico_phrasis_0001040__eu-en__forward,dico_phrasis_0001040,eu,en,Ban Ki-moon,Ban,EQUIVALENCE
dico_phrasis_0001040__eu-en__reverse,dico_phrasis_0001040,eu,en,Ban,Ban Ki-moon,EQUIVALENCE
dico_phrasis_0001040__eu-es__forward,dico_phrasis_0001040,eu,es,Ban Ki-moon,Ban,EQUIVALENCE
dico_phrasis_0001040__eu-es__reverse,dico_phrasis_0001040,eu,es,Ban,Ban Ki-moon,EQUIVALENCE
dico_phrasis_0001045__en-es__forward,dico_phrasis_0001045,en,es,Francis,Papa Francisco,EQUIVALENCE
dico_phrasis_0001045__en-es__reverse,dico_phrasis_0001045,en,es,Pope Francis,Francisco,EQUIVALENCE
dico_phrasis_0001045__en-eu__forward,dico_phrasis_0001045,en,eu,Francis,Frantzisko aita santua,EQUIVALENCE
dico_phrasis_0001045__en-eu__reverse,dico_phrasis_0001045,en,eu,Pope Francis,Frantzisko,EQUIVALENCE
dico_phrasis_0001045__es-en__forward,dico_phrasis_0001045,es,en,Francisco,Pope Francis,EQUIVALENCE
dico_phrasis_0001045__es-en__reverse,dico_phrasis_0001045,es,en,Papa Francisco,Francis,EQUIVALENCE
dico_phrasis_0001045__es-eu__forward,dico_phrasis_0001045,es,eu,Francisco,Frantzisko aita santua,EQUIVALENCE
dico_phrasis_0001045__es-eu__reverse,dico_phrasis_0001045,es,eu,Papa Francisco,Frantzisko,EQUIVALENCE
dico_phrasis_0001045__eu-en__forward,dico_phrasis_0001045,eu,en,Frantzisko,Pope Francis,EQUIVALENCE
dico_phrasis_0001045__eu-en__reverse,dico_phrasis_0001045,eu,en,Frantzisko aita santua,Francis,EQUIVALENCE
dico_phrasis_0001045__eu-es__forward,dico_phrasis_0001045,eu,es,Frantzisko,Papa Francisco,EQUIVALENCE
dico_phrasis_0001045__eu-es__reverse,dico_phrasis_0001045,eu,es,Frantzisko aita santua,Francisco,EQUIVALENCE
dico_phrasis_0001061__en-es__forward,dico_phrasis_0001061,en,es,"Iran , atomic agency","OIEA, Irán",EQUIVALENCE
dico_phrasis_0001061__en-es__reverse,dico_phrasis_0001061,en,es,"IAEA , Iran","Irán, agencia atómica",EQUIVALENCE
dico_phrasis_0001061__en-eu__forward,dico_phrasis_0001061,en,eu,"Iran , atomic agency","IAEA, Iran",EQUIVALENCE
dico_phrasis_0001061__en-eu__reverse,dico_phrasis_0001061,en,eu,"IAEA , Iran","Iran, energia atomikoaren agentzia",EQUIVALENCE
dico_phrasis_0001061__es-en__forward,dico_phrasis_0001061,es,en,"Irán, agencia atómica","IAEA , Iran",EQUIVALENCE
dico_phrasis_0001061__es-en__reverse,dico_phrasis_0001061,es,en,"OIEA, Irán","Iran , atomic agency",EQUIVALENCE
dico_phrasis_0001061__es-eu__forward,dico_phrasis_0001061,es,eu,"Irán, agencia atómica","IAEA, Iran",EQUIVALENCE
dico_phrasis_0001061__es-eu__reverse,dico_phrasis_0001061,es,eu,"OIEA, Irán","Iran, energia atomikoaren agentzia",EQUIVALENCE
dico_phrasis_0001061__eu-en__forward,dico_phrasis_0001061,eu,en,"Iran, energia atomikoaren agentzia","IAEA , Iran",EQUIVALENCE
dico_phrasis_0001061__eu-en__reverse,dico_phrasis_0001061,eu,en,"IAEA, Iran","Iran , atomic agency",EQUIVALENCE
dico_phrasis_0001061__eu-es__forward,dico_phrasis_0001061,eu,es,"Iran, energia atomikoaren agentzia","OIEA, Irán",EQUIVALENCE
dico_phrasis_0001061__eu-es__reverse,dico_phrasis_0001061,eu,es,"IAEA, Iran","Irán, agencia atómica",EQUIVALENCE
dico_phrasis_0001069__en-es__forward,dico_phrasis_0001069,en,es,for asylum,para conceder asilo,EQUIVALENCE
dico_phrasis_0001069__en-es__reverse,dico_phrasis_0001069,en,es,for granting asylum,para el asilo,EQUIVALENCE
dico_phrasis_0001069__en-eu__forward,dico_phrasis_0001069,en,eu,for asylum,asiloa ematearen alde,EQUIVALENCE
dico_phrasis_0001069__en-eu__reverse,dico_phrasis_0001069,en,eu,for granting asylum,asiloaren alde,EQUIVALENCE
dico_phrasis_0001069__es-en__forward,dico_phrasis_0001069,es,en,para el asilo,for granting asylum,EQUIVALENCE
dico_phrasis_0001069__es-en__reverse,dico_phrasis_0001069,es,en,para conceder asilo,for asylum,EQUIVALENCE
dico_phrasis_0001069__es-eu__forward,dico_phrasis_0001069,es,eu,para el asilo,asiloa ematearen alde,EQUIVALENCE
dico_phrasis_0001069__es-eu__reverse,dico_phrasis_0001069,es,eu,para conceder asilo,asiloaren alde,EQUIVALENCE
dico_phrasis_0001069__eu-en__forward,dico_phrasis_0001069,eu,en,asiloaren alde,for granting asylum,EQUIVALENCE
dico_phrasis_0001069__eu-en__reverse,dico_phrasis_0001069,eu,en,asiloa ematearen alde,for asylum,EQUIVALENCE
dico_phrasis_0001069__eu-es__forward,dico_phrasis_0001069,eu,es,asiloaren alde,para conceder asilo,EQUIVALENCE
dico_phrasis_0001069__eu-es__reverse,dico_phrasis_0001069,eu,es,asiloa ematearen alde,para el asilo,EQUIVALENCE
dico_phrasis_0001072__en-es__forward,dico_phrasis_0001072,en,es,puts on notice,advirtió,EQUIVALENCE
dico_phrasis_0001072__en-es__reverse,dico_phrasis_0001072,en,es,warned,advierte,EQUIVALENCE
dico_phrasis_0001072__en-eu__forward,dico_phrasis_0001072,en,eu,puts on notice,ohartarazi du,EQUIVALENCE
dico_phrasis_0001072__en-eu__reverse,dico_phrasis_0001072,en,eu,warned,ohartarazten du,EQUIVALENCE
dico_phrasis_0001072__es-en__forward,dico_phrasis_0001072,es,en,advierte,warned,EQUIVALENCE
dico_phrasis_0001072__es-en__reverse,dico_phrasis_0001072,es,en,advirtió,puts on notice,EQUIVALENCE
dico_phrasis_0001072__es-eu__forward,dico_phrasis_0001072,es,eu,advierte,ohartarazi du,EQUIVALENCE
dico_phrasis_0001072__es-eu__reverse,dico_phrasis_0001072,es,eu,advirtió,ohartarazten du,EQUIVALENCE
dico_phrasis_0001072__eu-en__forward,dico_phrasis_0001072,eu,en,ohartarazten du,warned,EQUIVALENCE
dico_phrasis_0001072__eu-en__reverse,dico_phrasis_0001072,eu,en,ohartarazi du,puts on notice,EQUIVALENCE
dico_phrasis_0001072__eu-es__forward,dico_phrasis_0001072,eu,es,ohartarazten du,advirtió,EQUIVALENCE
dico_phrasis_0001072__eu-es__reverse,dico_phrasis_0001072,eu,es,ohartarazi du,advierte,EQUIVALENCE
dico_phrasis_0001089__en-es__forward,dico_phrasis_0001089,en,es,in field,en un campo,EQUIVALENCE
dico_phrasis_0001089__en-es__reverse,dico_phrasis_0001089,en,es,in a field,en el campo,EQUIVALENCE
dico_phrasis_0001089__en-eu__forward,dico_phrasis_0001089,en,eu,in field,zelai batean,EQUIVALENCE
dico_phrasis_0001089__en-eu__reverse,dico_phrasis_0001089,en,eu,in a field,zelaian,EQUIVALENCE
dico_phrasis_0001089__es-en__forward,dico_phrasis_0001089,es,en,en el campo,in a field,EQUIVALENCE
dico_phrasis_0001089__es-en__reverse,dico_phrasis_0001089,es,en,en un campo,in field,EQUIVALENCE
dico_phrasis_0001089__es-eu__forward,dico_phrasis_0001089,es,eu,en el campo,zelai batean,EQUIVALENCE
dico_phrasis_0001089__es-eu__reverse,dico_phrasis_0001089,es,eu,en un campo,zelaian,EQUIVALENCE
dico_phrasis_0001089__eu-en__forward,dico_phrasis_0001089,eu,en,zelaian,in a field,EQUIVALENCE
dico_phrasis_0001089__eu-en__reverse,dico_phrasis_0001089,eu,en,zelai batean,in field,EQUIVALENCE
dico_phrasis_0001089__eu-es__forward,dico_phrasis_0001089,eu,es,zelaian,en un campo,EQUIVALENCE
dico_phrasis_0001089__eu-es__reverse,dico_phrasis_0001089,eu,es,zelai batean,en el campo,EQUIVALENCE
dico_phrasis_0001106__en-es__forward,dico_phrasis_0001106,en,es,is sailing,navegando,EQUIVALENCE
dico_phrasis_0001106__en-es__reverse,dico_phrasis_0001106,en,es,sailing,está navegando,EQUIVALENCE
dico_phrasis_0001106__en-eu__forward,dico_phrasis_0001106,en,eu,is sailing,nabigatzen,EQUIVALENCE
dico_phrasis_0001106__en-eu__reverse,dico_phrasis_0001106,en,eu,sailing,nabigatzen ari da,EQUIVALENCE
dico_phrasis_0001106__es-en__forward,dico_phrasis_0001106,es,en,está navegando,sailing,EQUIVALENCE
dico_phrasis_0001106__es-en__reverse,dico_phrasis_0001106,es,en,navegando,is sailing,EQUIVALENCE
dico_phrasis_0001106__es-eu__forward,dico_phrasis_0001106,es,eu,está navegando,nabigatzen,EQUIVALENCE
dico_phrasis_0001106__es-eu__reverse,dico_phrasis_0001106,es,eu,navegando,nabigatzen ari da,EQUIVALENCE
dico_phrasis_0001106__eu-en__forward,dico_phrasis_0001106,eu,en,nabigatzen ari da,sailing,EQUIVALENCE
dico_phrasis_0001106__eu-en__reverse,dico_phrasis_0001106,eu,en,nabigatzen,is sailing,EQUIVALENCE
dico_phrasis_0001106__eu-es__forward,dico_phrasis_0001106,eu,es,nabigatzen ari da,navegando,EQUIVALENCE
dico_phrasis_0001106__eu-es__reverse,dico_phrasis_0001106,eu,es,nabigatzen,está navegando,EQUIVALENCE
dico_phrasis_0001132__en-es__forward,dico_phrasis_0001132,en,es,flying,en vuelo,EQUIVALENCE
dico_phrasis_0001132__en-es__reverse,dico_phrasis_0001132,en,es,in flight,volando,EQUIVALENCE
dico_phrasis_0001132__en-eu__forward,dico_phrasis_0001132,en,eu,flying,hegaldian,EQUIVALENCE
dico_phrasis_0001132__en-eu__reverse,dico_phrasis_0001132,en,eu,in flight,hegan,EQUIVALENCE
dico_phrasis_0001132__es-en__forward,dico_phrasis_0001132,es,en,volando,in flight,EQUIVALENCE
dico_phrasis_0001132__es-en__reverse,dico_phrasis_0001132,es,en,en vuelo,flying,EQUIVALENCE
dico_phrasis_0001132__es-eu__forward,dico_phrasis_0001132,es,eu,volando,hegaldian,EQUIVALENCE
dico_phrasis_0001132__es-eu__reverse,dico_phrasis_0001132,es,eu,en vuelo,hegan,EQUIVALENCE
dico_phrasis_0001132__eu-en__forward,dico_phrasis_0001132,eu,en,hegan,in flight,EQUIVALENCE
dico_phrasis_0001132__eu-en__reverse,dico_phrasis_0001132,eu,en,hegaldian,flying,EQUIVALENCE
dico_phrasis_0001132__eu-es__forward,dico_phrasis_0001132,eu,es,hegan,en vuelo,EQUIVALENCE
dico_phrasis_0001132__eu-es__reverse,dico_phrasis_0001132,eu,es,hegaldian,volando,EQUIVALENCE
dico_phrasis_0001133__en-es__forward,dico_phrasis_0001133,en,es,of restaurant,en un restaurante,EQUIVALENCE
dico_phrasis_0001133__en-es__reverse,dico_phrasis_0001133,en,es,at a restaurant,de restaurante,EQUIVALENCE
dico_phrasis_0001133__en-eu__forward,dico_phrasis_0001133,en,eu,of restaurant,jatetxe batean,EQUIVALENCE
dico_phrasis_0001133__en-eu__reverse,dico_phrasis_0001133,en,eu,at a restaurant,jatetxekoa,EQUIVALENCE
dico_phrasis_0001133__es-en__forward,dico_phrasis_0001133,es,en,de restaurante,at a restaurant,EQUIVALENCE
dico_phrasis_0001133__es-en__reverse,dico_phrasis_0001133,es,en,en un restaurante,of restaurant,EQUIVALENCE
dico_phrasis_0001133__es-eu__forward,dico_phrasis_0001133,es,eu,de restaurante,jatetxe batean,EQUIVALENCE
dico_phrasis_0001133__es-eu__reverse,dico_phrasis_0001133,es,eu,en un restaurante,jatetxekoa,EQUIVALENCE
dico_phrasis_0001133__eu-en__forward,dico_phrasis_0001133,eu,en,jatetxekoa,at a restaurant,EQUIVALENCE
dico_phrasis_0001133__eu-en__reverse,dico_phrasis_0001133,eu,en,jatetxe batean,of restaurant,EQUIVALENCE
dico_phrasis_0001133__eu-es__forward,dico_phrasis_0001133,eu,es,jatetxekoa,en un restaurante,EQUIVALENCE
dico_phrasis_0001133__eu-es__reverse,dico_phrasis_0001133,eu,es,jatetxe batean,de restaurante,EQUIVALENCE
dico_phrasis_0001134__en-es__forward,dico_phrasis_0001134,en,es,drinking,están bebiendo,EQUIVALENCE
dico_phrasis_0001134__en-es__reverse,dico_phrasis_0001134,en,es,are drinking,bebiendo,EQUIVALENCE
dico_phrasis_0001134__en-eu__forward,dico_phrasis_0001134,en,eu,drinking,edaten ari dira,EQUIVALENCE
dico_phrasis_0001134__en-eu__reverse,dico_phrasis_0001134,en,eu,are drinking,edaten,EQUIVALENCE
dico_phrasis_0001134__es-en__forward,dico_phrasis_0001134,es,en,bebiendo,are drinking,EQUIVALENCE
dico_phrasis_0001134__es-en__reverse,dico_phrasis_0001134,es,en,están bebiendo,drinking,EQUIVALENCE
dico_phrasis_0001134__es-eu__forward,dico_phrasis_0001134,es,eu,bebiendo,edaten ari dira,EQUIVALENCE
dico_phrasis_0001134__es-eu__reverse,dico_phrasis_0001134,es,eu,están bebiendo,edaten,EQUIVALENCE
dico_phrasis_0001134__eu-en__forward,dico_phrasis_0001134,eu,en,edaten,are drinking,EQUIVALENCE
dico_phrasis_0001134__eu-en__reverse,dico_phrasis_0001134,eu,en,edaten ari dira,drinking,EQUIVALENCE
dico_phrasis_0001134__eu-es__forward,dico_phrasis_0001134,eu,es,edaten,están bebiendo,EQUIVALENCE
dico_phrasis_0001134__eu-es__reverse,dico_phrasis_0001134,eu,es,edaten ari dira,bebiendo,EQUIVALENCE
dico_phrasis_0001143__en-es__forward,dico_phrasis_0001143,en,es,The black dog,Un perro negro,EQUIVALENCE
dico_phrasis_0001143__en-es__reverse,dico_phrasis_0001143,en,es,A black dog,El perro negro,EQUIVALENCE
dico_phrasis_0001143__en-eu__forward,dico_phrasis_0001143,en,eu,The black dog,txakur beltz bat,EQUIVALENCE
dico_phrasis_0001143__en-eu__reverse,dico_phrasis_0001143,en,eu,A black dog,txakur beltza,EQUIVALENCE
dico_phrasis_0001143__es-en__forward,dico_phrasis_0001143,es,en,El perro negro,A black dog,EQUIVALENCE
dico_phrasis_0001143__es-en__reverse,dico_phrasis_0001143,es,en,Un perro negro,The black dog,EQUIVALENCE
dico_phrasis_0001143__es-eu__forward,dico_phrasis_0001143,es,eu,El perro negro,txakur beltz bat,EQUIVALENCE
dico_phrasis_0001143__es-eu__reverse,dico_phrasis_0001143,es,eu,Un perro negro,txakur beltza,EQUIVALENCE
dico_phrasis_0001143__eu-en__forward,dico_phrasis_0001143,eu,en,txakur beltza,A black dog,EQUIVALENCE
dico_phrasis_0001143__eu-en__reverse,dico_phrasis_0001143,eu,en,txakur beltz bat,The black dog,EQUIVALENCE
dico_phrasis_0001143__eu-es__forward,dico_phrasis_0001143,eu,es,txakur beltza,Un perro negro,EQUIVALENCE
dico_phrasis_0001143__eu-es__reverse,dico_phrasis_0001143,eu,es,txakur beltz bat,El perro negro,EQUIVALENCE
dico_phrasis_0001146__en-es__forward,dico_phrasis_0001146,en,es,perches,está posado,EQUIVALENCE
dico_phrasis_0001146__en-es__reverse,dico_phrasis_0001146,en,es,is perched,posado,EQUIVALENCE
dico_phrasis_0001146__en-eu__forward,dico_phrasis_0001146,en,eu,perches,jarrita dago,EQUIVALENCE
dico_phrasis_0001146__en-eu__reverse,dico_phrasis_0001146,en,eu,is perched,jarlekuak,EQUIVALENCE
dico_phrasis_0001146__es-en__forward,dico_phrasis_0001146,es,en,posado,is perched,EQUIVALENCE
dico_phrasis_0001146__es-en__reverse,dico_phrasis_0001146,es,en,está posado,perches,EQUIVALENCE
dico_phrasis_0001146__es-eu__forward,dico_phrasis_0001146,es,eu,posado,jarrita dago,EQUIVALENCE
dico_phrasis_0001146__es-eu__reverse,dico_phrasis_0001146,es,eu,está posado,jarlekuak,EQUIVALENCE
dico_phrasis_0001146__eu-en__forward,dico_phrasis_0001146,eu,en,jarlekuak,is perched,EQUIVALENCE
dico_phrasis_0001146__eu-en__reverse,dico_phrasis_0001146,eu,en,jarrita dago,perches,EQUIVALENCE
dico_phrasis_0001146__eu-es__forward,dico_phrasis_0001146,eu,es,jarlekuak,está posado,EQUIVALENCE
dico_phrasis_0001146__eu-es__reverse,dico_phrasis_0001146,eu,es,jarrita dago,posado,EQUIVALENCE
dico_phrasis_0001147__en-es__forward,dico_phrasis_0001147,en,es,riding on,montando,EQUIVALENCE
dico_phrasis_0001147__en-es__reverse,dico_phrasis_0001147,en,es,riding,montando en,EQUIVALENCE
dico_phrasis_0001147__en-eu__forward,dico_phrasis_0001147,en,eu,riding on,ibiltzen,EQUIVALENCE
dico_phrasis_0001147__en-eu__reverse,dico_phrasis_0001147,en,eu,riding,gainean ibiltzen,EQUIVALENCE
dico_phrasis_0001147__es-en__forward,dico_phrasis_0001147,es,en,montando en,riding,EQUIVALENCE
dico_phrasis_0001147__es-en__reverse,dico_phrasis_0001147,es,en,montando,riding on,EQUIVALENCE
dico_phrasis_0001147__es-eu__forward,dico_phrasis_0001147,es,eu,montando en,ibiltzen,EQUIVALENCE
dico_phrasis_0001147__es-eu__reverse,dico_phrasis_0001147,es,eu,montando,gainean ibiltzen,EQUIVALENCE
dico_phrasis_0001147__eu-en__forward,dico_phrasis_0001147,eu,en,gainean ibiltzen,riding,EQUIVALENCE
dico_phrasis_0001147__eu-en__reverse,dico_phrasis_0001147,eu,en,ibiltzen,riding on,EQUIVALENCE
dico_phrasis_0001147__eu-es__forward,dico_phrasis_0001147,eu,es,gainean ibiltzen,montando,EQUIVALENCE
dico_phrasis_0001147__eu-es__reverse,dico_phrasis_0001147,eu,es,ibiltzen,montando en,EQUIVALENCE
dico_phrasis_0001173__en-es__forward,dico_phrasis_0001173,en,es,A black and white image,Imagen en blanco y negro,EQUIVALENCE
dico_phrasis_0001173__en-es__reverse,dico_phrasis_0001173,en,es,Black and white picture,Una imagen en blanco y negro,EQUIVALENCE
dico_phrasis_0001173__en-eu__forward,dico_phrasis_0001173,en,eu,A black and white image,Zuri-beltzeko argazkia,EQUIVALENCE
dico_phrasis_0001173__en-eu__reverse,dico_phrasis_0001173,en,eu,Black and white picture,Zuri-beltzeko irudi bat,EQUIVALENCE
dico_phrasis_0001173__es-en__forward,dico_phrasis_0001173,es,en,Una imagen en blanco y negro,Black and white picture,EQUIVALENCE
dico_phrasis_0001173__es-en__reverse,dico_phrasis_0001173,es,en,Imagen en blanco y negro,A black and white image,EQUIVALENCE
dico_phrasis_0001173__es-eu__forward,dico_phrasis_0001173,es,eu,Una imagen en blanco y negro,Zuri-beltzeko argazkia,EQUIVALENCE
dico_phrasis_0001173__es-eu__reverse,dico_phrasis_0001173,es,eu,Imagen en blanco y negro,Zuri-beltzeko irudi bat,EQUIVALENCE
dico_phrasis_0001173__eu-en__forward,dico_phrasis_0001173,eu,en,Zuri-beltzeko irudi bat,Black and white picture,EQUIVALENCE
dico_phrasis_0001173__eu-en__reverse,dico_phrasis_0001173,eu,en,Zuri-beltzeko argazkia,A black and white image,EQUIVALENCE
dico_phrasis_0001173__eu-es__forward,dico_phrasis_0001173,eu,es,Zuri-beltzeko irudi bat,Imagen en blanco y negro,EQUIVALENCE
dico_phrasis_0001173__eu-es__reverse,dico_phrasis_0001173,eu,es,Zuri-beltzeko argazkia,Una imagen en blanco y negro,EQUIVALENCE
dico_phrasis_0001176__en-es__forward,dico_phrasis_0001176,en,es,with a chair,con silla,EQUIVALENCE
dico_phrasis_0001176__en-es__reverse,dico_phrasis_0001176,en,es,with chair,con una silla,EQUIVALENCE
dico_phrasis_0001176__en-eu__forward,dico_phrasis_0001176,en,eu,with a chair,aulkiarekin,EQUIVALENCE
dico_phrasis_0001176__en-eu__reverse,dico_phrasis_0001176,en,eu,with chair,aulki batekin,EQUIVALENCE
dico_phrasis_0001176__es-en__forward,dico_phrasis_0001176,es,en,con una silla,with chair,EQUIVALENCE
dico_phrasis_0001176__es-en__reverse,dico_phrasis_0001176,es,en,con silla,with a chair,EQUIVALENCE
dico_phrasis_0001176__es-eu__forward,dico_phrasis_0001176,es,eu,con una silla,aulkiarekin,EQUIVALENCE
dico_phrasis_0001176__es-eu__reverse,dico_phrasis_0001176,es,eu,con silla,aulki batekin,EQUIVALENCE
dico_phrasis_0001176__eu-en__forward,dico_phrasis_0001176,eu,en,aulki batekin,with chair,EQUIVALENCE
dico_phrasis_0001176__eu-en__reverse,dico_phrasis_0001176,eu,en,aulkiarekin,with a chair,EQUIVALENCE
dico_phrasis_0001176__eu-es__forward,dico_phrasis_0001176,eu,es,aulki batekin,con silla,EQUIVALENCE
dico_phrasis_0001176__eu-es__reverse,dico_phrasis_0001176,eu,es,aulkiarekin,con una silla,EQUIVALENCE
dico_phrasis_0001185__en-es__forward,dico_phrasis_0001185,en,es,on couch,en un sofá,EQUIVALENCE
dico_phrasis_0001185__en-es__reverse,dico_phrasis_0001185,en,es,on a sofa,en el sofá,EQUIVALENCE
dico_phrasis_0001185__en-eu__forward,dico_phrasis_0001185,en,eu,on couch,sofa batean,EQUIVALENCE
dico_phrasis_0001185__en-eu__reverse,dico_phrasis_0001185,en,eu,on a sofa,sofan,EQUIVALENCE
dico_phrasis_0001185__es-en__forward,dico_phrasis_0001185,es,en,en el sofá,on a sofa,EQUIVALENCE
dico_phrasis_0001185__es-en__reverse,dico_phrasis_0001185,es,en,en un sofá,on couch,EQUIVALENCE
dico_phrasis_0001185__es-eu__forward,dico_phrasis_0001185,es,eu,en el sofá,sofa batean,EQUIVALENCE
dico_phrasis_0001185__es-eu__reverse,dico_phrasis_0001185,es,eu,en un sofá,sofan,EQUIVALENCE
dico_phrasis_0001185__eu-en__forward,dico_phrasis_0001185,eu,en,sofan,on a sofa,EQUIVALENCE
dico_phrasis_0001185__eu-en__reverse,dico_phrasis_0001185,eu,en,sofa batean,on couch,EQUIVALENCE
dico_phrasis_0001185__eu-es__forward,dico_phrasis_0001185,eu,es,sofan,en un sofá,EQUIVALENCE
dico_phrasis_0001185__eu-es__reverse,dico_phrasis_0001185,eu,es,sofa batean,en el sofá,EQUIVALENCE
dico_phrasis_0001186__en-es__forward,dico_phrasis_0001186,en,es,The man,Un hombre,EQUIVALENCE
dico_phrasis_0001186__en-es__reverse,dico_phrasis_0001186,en,es,A man,El hombre,EQUIVALENCE
dico_phrasis_0001186__en-eu__forward,dico_phrasis_0001186,en,eu,The man,Gizon bat,EQUIVALENCE
dico_phrasis_0001186__en-eu__reverse,dico_phrasis_0001186,en,eu,A man,Gizona,EQUIVALENCE
dico_phrasis_0001186__es-en__forward,dico_phrasis_0001186,es,en,El hombre,A man,EQUIVALENCE
dico_phrasis_0001186__es-en__reverse,dico_phrasis_0001186,es,en,Un hombre,The man,EQUIVALENCE
dico_phrasis_0001186__es-eu__forward,dico_phrasis_0001186,es,eu,El hombre,Gizon bat,EQUIVALENCE
dico_phrasis_0001186__es-eu__reverse,dico_phrasis_0001186,es,eu,Un hombre,Gizona,EQUIVALENCE
dico_phrasis_0001186__eu-en__forward,dico_phrasis_0001186,eu,en,Gizona,A man,EQUIVALENCE
dico_phrasis_0001186__eu-en__reverse,dico_phrasis_0001186,eu,en,Gizon bat,The man,EQUIVALENCE
dico_phrasis_0001186__eu-es__forward,dico_phrasis_0001186,eu,es,Gizona,Un hombre,EQUIVALENCE
dico_phrasis_0001186__eu-es__reverse,dico_phrasis_0001186,eu,es,Gizon bat,El hombre,EQUIVALENCE
dico_phrasis_0001217__en-es__forward,dico_phrasis_0001217,en,es,at a table,en la mesa,EQUIVALENCE
dico_phrasis_0001217__en-es__reverse,dico_phrasis_0001217,en,es,at the table,en una mesa,EQUIVALENCE
dico_phrasis_0001217__en-eu__forward,dico_phrasis_0001217,en,eu,at a table,mahaian,EQUIVALENCE
dico_phrasis_0001217__en-eu__reverse,dico_phrasis_0001217,en,eu,at the table,mahai batean,EQUIVALENCE
dico_phrasis_0001217__es-en__forward,dico_phrasis_0001217,es,en,en una mesa,at the table,EQUIVALENCE
dico_phrasis_0001217__es-en__reverse,dico_phrasis_0001217,es,en,en la mesa,at a table,EQUIVALENCE
dico_phrasis_0001217__es-eu__forward,dico_phrasis_0001217,es,eu,en una mesa,mahaian,EQUIVALENCE
dico_phrasis_0001217__es-eu__reverse,dico_phrasis_0001217,es,eu,en la mesa,mahai batean,EQUIVALENCE
dico_phrasis_0001217__eu-en__forward,dico_phrasis_0001217,eu,en,mahai batean,at the table,EQUIVALENCE
dico_phrasis_0001217__eu-en__reverse,dico_phrasis_0001217,eu,en,mahaian,at a table,EQUIVALENCE
dico_phrasis_0001217__eu-es__forward,dico_phrasis_0001217,eu,es,mahai batean,en la mesa,EQUIVALENCE
dico_phrasis_0001217__eu-es__reverse,dico_phrasis_0001217,eu,es,mahaian,en una mesa,EQUIVALENCE
dico_phrasis_0001219__en-es__forward,dico_phrasis_0001219,en,es,in the shed,en un cobertizo,EQUIVALENCE
dico_phrasis_0001219__en-es__reverse,dico_phrasis_0001219,en,es,at a shed,en el cobertizo,EQUIVALENCE
dico_phrasis_0001219__en-eu__forward,dico_phrasis_0001219,en,eu,in the shed,estalpe batean,EQUIVALENCE
dico_phrasis_0001219__en-eu__reverse,dico_phrasis_0001219,en,eu,at a shed,estalpean,EQUIVALENCE
dico_phrasis_0001219__es-en__forward,dico_phrasis_0001219,es,en,en el cobertizo,at a shed,EQUIVALENCE
dico_phrasis_0001219__es-en__reverse,dico_phrasis_0001219,es,en,en un cobertizo,in the shed,EQUIVALENCE
dico_phrasis_0001219__es-eu__forward,dico_phrasis_0001219,es,eu,en el cobertizo,estalpe batean,EQUIVALENCE
dico_phrasis_0001219__es-eu__reverse,dico_phrasis_0001219,es,eu,en un cobertizo,estalpean,EQUIVALENCE
dico_phrasis_0001219__eu-en__forward,dico_phrasis_0001219,eu,en,estalpean,at a shed,EQUIVALENCE
dico_phrasis_0001219__eu-en__reverse,dico_phrasis_0001219,eu,en,estalpe batean,in the shed,EQUIVALENCE
dico_phrasis_0001219__eu-es__forward,dico_phrasis_0001219,eu,es,estalpean,en un cobertizo,EQUIVALENCE
dico_phrasis_0001219__eu-es__reverse,dico_phrasis_0001219,eu,es,estalpe batean,en el cobertizo,EQUIVALENCE
dico_phrasis_0001227__en-es__forward,dico_phrasis_0001227,en,es,A black train,Tren negro,EQUIVALENCE
dico_phrasis_0001227__en-es__reverse,dico_phrasis_0001227,en,es,Black train,Un tren negro,EQUIVALENCE
dico_phrasis_0001227__en-eu__forward,dico_phrasis_0001227,en,eu,A black train,Tren beltza,EQUIVALENCE
dico_phrasis_0001227__en-eu__reverse,dico_phrasis_0001227,en,eu,Black train,Tren beltz bat,EQUIVALENCE
dico_phrasis_0001227__es-en__forward,dico_phrasis_0001227,es,en,Un tren negro,Black train,EQUIVALENCE
dico_phrasis_0001227__es-en__reverse,dico_phrasis_0001227,es,en,Tren negro,A black train,EQUIVALENCE
dico_phrasis_0001227__es-eu__forward,dico_phrasis_0001227,es,eu,Un tren negro,Tren beltza,EQUIVALENCE
dico_phrasis_0001227__es-eu__reverse,dico_phrasis_0001227,es,eu,Tren negro,Tren beltz bat,EQUIVALENCE
dico_phrasis_0001227__eu-en__forward,dico_phrasis_0001227,eu,en,Tren beltz bat,Black train,EQUIVALENCE
dico_phrasis_0001227__eu-en__reverse,dico_phrasis_0001227,eu,en,Tren beltza,A black train,EQUIVALENCE
dico_phrasis_0001227__eu-es__forward,dico_phrasis_0001227,eu,es,Tren beltz bat,Tren negro,EQUIVALENCE
dico_phrasis_0001227__eu-es__reverse,dico_phrasis_0001227,eu,es,Tren beltza,Un tren negro,EQUIVALENCE
dico_phrasis_0001233__en-es__forward,dico_phrasis_0001233,en,es,driving down,baja en coche,EQUIVALENCE
dico_phrasis_0001233__en-es__reverse,dico_phrasis_0001233,en,es,drives down,bajando en coche,EQUIVALENCE
dico_phrasis_0001233__en-eu__forward,dico_phrasis_0001233,en,eu,driving down,behera gidatzen du,EQUIVALENCE
dico_phrasis_0001233__en-eu__reverse,dico_phrasis_0001233,en,eu,drives down,behera gidatzea,EQUIVALENCE
dico_phrasis_0001233__es-en__forward,dico_phrasis_0001233,es,en,bajando en coche,drives down,EQUIVALENCE
dico_phrasis_0001233__es-en__reverse,dico_phrasis_0001233,es,en,baja en coche,driving down,EQUIVALENCE
dico_phrasis_0001233__es-eu__forward,dico_phrasis_0001233,es,eu,bajando en coche,behera gidatzen du,EQUIVALENCE
dico_phrasis_0001233__es-eu__reverse,dico_phrasis_0001233,es,eu,baja en coche,behera gidatzea,EQUIVALENCE
dico_phrasis_0001233__eu-en__forward,dico_phrasis_0001233,eu,en,behera gidatzea,drives down,EQUIVALENCE
dico_phrasis_0001233__eu-en__reverse,dico_phrasis_0001233,eu,en,behera gidatzen du,driving down,EQUIVALENCE
dico_phrasis_0001233__eu-es__forward,dico_phrasis_0001233,eu,es,behera gidatzea,baja en coche,EQUIVALENCE
dico_phrasis_0001233__eu-es__reverse,dico_phrasis_0001233,eu,es,behera gidatzen du,bajando en coche,EQUIVALENCE
dico_phrasis_0001240__en-es__forward,dico_phrasis_0001240,en,es,at a dinner table,en la mesa de comedor,EQUIVALENCE
dico_phrasis_0001240__en-es__reverse,dico_phrasis_0001240,en,es,at the dinner table,en una mesa de comedor,EQUIVALENCE
dico_phrasis_0001240__en-eu__forward,dico_phrasis_0001240,en,eu,at a dinner table,afari-mahaian,EQUIVALENCE
dico_phrasis_0001240__en-eu__reverse,dico_phrasis_0001240,en,eu,at the dinner table,afari-mahai batean,EQUIVALENCE
dico_phrasis_0001240__es-en__forward,dico_phrasis_0001240,es,en,en una mesa de comedor,at the dinner table,EQUIVALENCE
dico_phrasis_0001240__es-en__reverse,dico_phrasis_0001240,es,en,en la mesa de comedor,at a dinner table,EQUIVALENCE
dico_phrasis_0001240__es-eu__forward,dico_phrasis_0001240,es,eu,en una mesa de comedor,afari-mahaian,EQUIVALENCE
dico_phrasis_0001240__es-eu__reverse,dico_phrasis_0001240,es,eu,en la mesa de comedor,afari-mahai batean,EQUIVALENCE
dico_phrasis_0001240__eu-en__forward,dico_phrasis_0001240,eu,en,afari-mahai batean,at the dinner table,EQUIVALENCE
dico_phrasis_0001240__eu-en__reverse,dico_phrasis_0001240,eu,en,afari-mahaian,at a dinner table,EQUIVALENCE
dico_phrasis_0001240__eu-es__forward,dico_phrasis_0001240,eu,es,afari-mahai batean,en la mesa de comedor,EQUIVALENCE
dico_phrasis_0001240__eu-es__reverse,dico_phrasis_0001240,eu,es,afari-mahaian,en una mesa de comedor,EQUIVALENCE
dico_phrasis_0001253__en-es__forward,dico_phrasis_0001253,en,es,in a pen,en un recinto,EQUIVALENCE
dico_phrasis_0001253__en-es__reverse,dico_phrasis_0001253,en,es,in an enclosure,en un corral,EQUIVALENCE
dico_phrasis_0001253__en-eu__forward,dico_phrasis_0001253,en,eu,in a pen,itxitura batean,EQUIVALENCE
dico_phrasis_0001253__en-eu__reverse,dico_phrasis_0001253,en,eu,in an enclosure,hesi batean,EQUIVALENCE
dico_phrasis_0001253__es-en__forward,dico_phrasis_0001253,es,en,en un corral,in an enclosure,EQUIVALENCE
dico_phrasis_0001253__es-en__reverse,dico_phrasis_0001253,es,en,en un recinto,in a pen,EQUIVALENCE
dico_phrasis_0001253__es-eu__forward,dico_phrasis_0001253,es,eu,en un corral,itxitura batean,EQUIVALENCE
dico_phrasis_0001253__es-eu__reverse,dico_phrasis_0001253,es,eu,en un recinto,hesi batean,EQUIVALENCE
dico_phrasis_0001253__eu-en__forward,dico_phrasis_0001253,eu,en,hesi batean,in an enclosure,EQUIVALENCE
dico_phrasis_0001253__eu-en__reverse,dico_phrasis_0001253,eu,en,itxitura batean,in a pen,EQUIVALENCE
dico_phrasis_0001253__eu-es__forward,dico_phrasis_0001253,eu,es,hesi batean,en un recinto,EQUIVALENCE
dico_phrasis_0001253__eu-es__reverse,dico_phrasis_0001253,eu,es,itxitura batean,en un corral,EQUIVALENCE
dico_phrasis_0001261__en-es__forward,dico_phrasis_0001261,en,es,at a train station,en la estación de tren,EQUIVALENCE
dico_phrasis_0001261__en-es__reverse,dico_phrasis_0001261,en,es,at the train station,en una estación de tren,EQUIVALENCE
dico_phrasis_0001261__en-eu__forward,dico_phrasis_0001261,en,eu,at a train station,tren-geltokian,EQUIVALENCE
dico_phrasis_0001261__en-eu__reverse,dico_phrasis_0001261,en,eu,at the train station,tren-geltoki batean,EQUIVALENCE
dico_phrasis_0001261__es-en__forward,dico_phrasis_0001261,es,en,en una estación de tren,at the train station,EQUIVALENCE
dico_phrasis_0001261__es-en__reverse,dico_phrasis_0001261,es,en,en la estación de tren,at a train station,EQUIVALENCE
dico_phrasis_0001261__es-eu__forward,dico_phrasis_0001261,es,eu,en una estación de tren,tren-geltokian,EQUIVALENCE
dico_phrasis_0001261__es-eu__reverse,dico_phrasis_0001261,es,eu,en la estación de tren,tren-geltoki batean,EQUIVALENCE
dico_phrasis_0001261__eu-en__forward,dico_phrasis_0001261,eu,en,tren-geltoki batean,at the train station,EQUIVALENCE
dico_phrasis_0001261__eu-en__reverse,dico_phrasis_0001261,eu,en,tren-geltokian,at a train station,EQUIVALENCE
dico_phrasis_0001261__eu-es__forward,dico_phrasis_0001261,eu,es,tren-geltoki batean,en la estación de tren,EQUIVALENCE
dico_phrasis_0001261__eu-es__reverse,dico_phrasis_0001261,eu,es,tren-geltokian,en una estación de tren,EQUIVALENCE
dico_phrasis_0001278__en-es__forward,dico_phrasis_0001278,en,es,A silver AreoMexico Jet Liner,Un avión plateado de Aeroméxico,EQUIVALENCE
dico_phrasis_0001278__en-es__reverse,dico_phrasis_0001278,en,es,An aeromexico silver plane,Un avión de pasajeros plateado de Aeroméxico,EQUIVALENCE
dico_phrasis_0001278__en-eu__forward,dico_phrasis_0001278,en,eu,A silver AreoMexico Jet Liner,Aeromexicoren hegazkin zilarrezko bat,EQUIVALENCE
dico_phrasis_0001278__en-eu__reverse,dico_phrasis_0001278,en,eu,An aeromexico silver plane,Aeromexico hegazkin zilarrezko bat,EQUIVALENCE
dico_phrasis_0001278__es-en__forward,dico_phrasis_0001278,es,en,Un avión de pasajeros plateado de Aeroméxico,An aeromexico silver plane,EQUIVALENCE
dico_phrasis_0001278__es-en__reverse,dico_phrasis_0001278,es,en,Un avión plateado de Aeroméxico,A silver AreoMexico Jet Liner,EQUIVALENCE
dico_phrasis_0001278__es-eu__forward,dico_phrasis_0001278,es,eu,Un avión de pasajeros plateado de Aeroméxico,Aeromexicoren hegazkin zilarrezko bat,EQUIVALENCE
dico_phrasis_0001278__es-eu__reverse,dico_phrasis_0001278,es,eu,Un avión plateado de Aeroméxico,Aeromexico hegazkin zilarrezko bat,EQUIVALENCE
dico_phrasis_0001278__eu-en__forward,dico_phrasis_0001278,eu,en,Aeromexico hegazkin zilarrezko bat,An aeromexico silver plane,EQUIVALENCE
dico_phrasis_0001278__eu-en__reverse,dico_phrasis_0001278,eu,en,Aeromexicoren hegazkin zilarrezko bat,A silver AreoMexico Jet Liner,EQUIVALENCE
dico_phrasis_0001278__eu-es__forward,dico_phrasis_0001278,eu,es,Aeromexico hegazkin zilarrezko bat,Un avión plateado de Aeroméxico,EQUIVALENCE
dico_phrasis_0001278__eu-es__reverse,dico_phrasis_0001278,eu,es,Aeromexicoren hegazkin zilarrezko bat,Un avión de pasajeros plateado de Aeroméxico,EQUIVALENCE
dico_phrasis_0001279__en-es__forward,dico_phrasis_0001279,en,es,Two people,Una pareja,EQUIVALENCE
dico_phrasis_0001279__en-es__reverse,dico_phrasis_0001279,en,es,Couple,Dos personas,EQUIVALENCE
dico_phrasis_0001279__en-eu__forward,dico_phrasis_0001279,en,eu,Two people,Bikote,EQUIVALENCE
dico_phrasis_0001279__en-eu__reverse,dico_phrasis_0001279,en,eu,Couple,Bi pertsona,EQUIVALENCE
dico_phrasis_0001279__es-en__forward,dico_phrasis_0001279,es,en,Dos personas,Couple,EQUIVALENCE
dico_phrasis_0001279__es-en__reverse,dico_phrasis_0001279,es,en,Una pareja,Two people,EQUIVALENCE
dico_phrasis_0001279__es-eu__forward,dico_phrasis_0001279,es,eu,Dos personas,Bikote,EQUIVALENCE
dico_phrasis_0001279__es-eu__reverse,dico_phrasis_0001279,es,eu,Una pareja,Bi pertsona,EQUIVALENCE
dico_phrasis_0001279__eu-en__forward,dico_phrasis_0001279,eu,en,Bi pertsona,Couple,EQUIVALENCE
dico_phrasis_0001279__eu-en__reverse,dico_phrasis_0001279,eu,en,Bikote,Two people,EQUIVALENCE
dico_phrasis_0001279__eu-es__forward,dico_phrasis_0001279,eu,es,Bi pertsona,Una pareja,EQUIVALENCE
dico_phrasis_0001279__eu-es__reverse,dico_phrasis_0001279,eu,es,Bikote,Dos personas,EQUIVALENCE
dico_phrasis_0001295__en-es__forward,dico_phrasis_0001295,en,es,are sheering,esquilando,EQUIVALENCE
dico_phrasis_0001295__en-es__reverse,dico_phrasis_0001295,en,es,shearing,están esquilando,EQUIVALENCE
dico_phrasis_0001295__en-eu__forward,dico_phrasis_0001295,en,eu,are sheering,moztea,EQUIVALENCE
dico_phrasis_0001295__en-eu__reverse,dico_phrasis_0001295,en,eu,shearing,mozten ari dira,EQUIVALENCE
dico_phrasis_0001295__es-en__forward,dico_phrasis_0001295,es,en,están esquilando,shearing,EQUIVALENCE
dico_phrasis_0001295__es-en__reverse,dico_phrasis_0001295,es,en,esquilando,are sheering,EQUIVALENCE
dico_phrasis_0001295__es-eu__forward,dico_phrasis_0001295,es,eu,están esquilando,moztea,EQUIVALENCE
dico_phrasis_0001295__es-eu__reverse,dico_phrasis_0001295,es,eu,esquilando,mozten ari dira,EQUIVALENCE
dico_phrasis_0001295__eu-en__forward,dico_phrasis_0001295,eu,en,mozten ari dira,shearing,EQUIVALENCE
dico_phrasis_0001295__eu-en__reverse,dico_phrasis_0001295,eu,en,moztea,are sheering,EQUIVALENCE
dico_phrasis_0001295__eu-es__forward,dico_phrasis_0001295,eu,es,mozten ari dira,esquilando,EQUIVALENCE
dico_phrasis_0001295__eu-es__reverse,dico_phrasis_0001295,eu,es,moztea,están esquilando,EQUIVALENCE
dico_phrasis_0001306__en-es__forward,dico_phrasis_0001306,en,es,with its two remote controls,con dos controles remotos,EQUIVALENCE
dico_phrasis_0001306__en-es__reverse,dico_phrasis_0001306,en,es,with two remote controls,con sus dos controles remotos,EQUIVALENCE
dico_phrasis_0001306__en-eu__forward,dico_phrasis_0001306,en,eu,with its two remote controls,bi urrutiko aginterekin,EQUIVALENCE
dico_phrasis_0001306__en-eu__reverse,dico_phrasis_0001306,en,eu,with two remote controls,bere bi urrutiko aginteekin,EQUIVALENCE
dico_phrasis_0001306__es-en__forward,dico_phrasis_0001306,es,en,con sus dos controles remotos,with two remote controls,EQUIVALENCE
dico_phrasis_0001306__es-en__reverse,dico_phrasis_0001306,es,en,con dos controles remotos,with its two remote controls,EQUIVALENCE
dico_phrasis_0001306__es-eu__forward,dico_phrasis_0001306,es,eu,con sus dos controles remotos,bi urrutiko aginterekin,EQUIVALENCE
dico_phrasis_0001306__es-eu__reverse,dico_phrasis_0001306,es,eu,con dos controles remotos,bere bi urrutiko aginteekin,EQUIVALENCE
dico_phrasis_0001306__eu-en__forward,dico_phrasis_0001306,eu,en,bere bi urrutiko aginteekin,with two remote controls,EQUIVALENCE
dico_phrasis_0001306__eu-en__reverse,dico_phrasis_0001306,eu,en,bi urrutiko aginterekin,with its two remote controls,EQUIVALENCE
dico_phrasis_0001306__eu-es__forward,dico_phrasis_0001306,eu,es,bere bi urrutiko aginteekin,con dos controles remotos,EQUIVALENCE
dico_phrasis_0001306__eu-es__reverse,dico_phrasis_0001306,eu,es,bi urrutiko aginterekin,con sus dos controles remotos,EQUIVALENCE
dico_phrasis_0001315__en-es__forward,dico_phrasis_0001315,en,es,A black and white photo,Foto en blanco y negro,EQUIVALENCE
dico_phrasis_0001315__en-es__reverse,dico_phrasis_0001315,en,es,Black and white photo,Una foto en blanco y negro,EQUIVALENCE
dico_phrasis_0001315__en-eu__forward,dico_phrasis_0001315,en,eu,A black and white photo,Argazki zuri-beltza,EQUIVALENCE
dico_phrasis_0001315__en-eu__reverse,dico_phrasis_0001315,en,eu,Black and white photo,Argazki zuri-beltz bat,EQUIVALENCE
dico_phrasis_0001315__es-en__forward,dico_phrasis_0001315,es,en,Una foto en blanco y negro,Black and white photo,EQUIVALENCE
dico_phrasis_0001315__es-en__reverse,dico_phrasis_0001315,es,en,Foto en blanco y negro,A black and white photo,EQUIVALENCE
dico_phrasis_0001315__es-eu__forward,dico_phrasis_0001315,es,eu,Una foto en blanco y negro,Argazki zuri-beltza,EQUIVALENCE
dico_phrasis_0001315__es-eu__reverse,dico_phrasis_0001315,es,eu,Foto en blanco y negro,Argazki zuri-beltz bat,EQUIVALENCE
dico_phrasis_0001315__eu-en__forward,dico_phrasis_0001315,eu,en,Argazki zuri-beltz bat,Black and white photo,EQUIVALENCE
dico_phrasis_0001315__eu-en__reverse,dico_phrasis_0001315,eu,en,Argazki zuri-beltza,A black and white photo,EQUIVALENCE
dico_phrasis_0001315__eu-es__forward,dico_phrasis_0001315,eu,es,Argazki zuri-beltz bat,Foto en blanco y negro,EQUIVALENCE
dico_phrasis_0001315__eu-es__reverse,dico_phrasis_0001315,eu,es,Argazki zuri-beltza,Una foto en blanco y negro,EQUIVALENCE
dico_phrasis_0001323__en-es__forward,dico_phrasis_0001323,en,es,to Australia election victory,gana las elecciones australianas,FORWARD_ENTAILMENT
dico_phrasis_0001323__en-es__reverse,dico_phrasis_0001323,en,es,wins Australian election,a la victoria electoral en Australia,BACKWARD_ENTAILMENT
dico_phrasis_0001323__en-eu__forward,dico_phrasis_0001323,en,eu,to Australia election victory,Australiako hauteskundeak irabazten ditu,FORWARD_ENTAILMENT
dico_phrasis_0001323__en-eu__reverse,dico_phrasis_0001323,en,eu,wins Australian election,Australiara hauteskunde garaipena,BACKWARD_ENTAILMENT
dico_phrasis_0001323__es-en__forward,dico_phrasis_0001323,es,en,a la victoria electoral en Australia,wins Australian election,FORWARD_ENTAILMENT
dico_phrasis_0001323__es-en__reverse,dico_phrasis_0001323,es,en,gana las elecciones australianas,to Australia election victory,BACKWARD_ENTAILMENT
dico_phrasis_0001323__es-eu__forward,dico_phrasis_0001323,es,eu,a la victoria electoral en Australia,Australiako hauteskundeak irabazten ditu,FORWARD_ENTAILMENT
dico_phrasis_0001323__es-eu__reverse,dico_phrasis_0001323,es,eu,gana las elecciones australianas,Australiara hauteskunde garaipena,BACKWARD_ENTAILMENT
dico_phrasis_0001323__eu-en__forward,dico_phrasis_0001323,eu,en,Australiara hauteskunde garaipena,wins Australian election,FORWARD_ENTAILMENT
dico_phrasis_0001323__eu-en__reverse,dico_phrasis_0001323,eu,en,Australiako hauteskundeak irabazten ditu,to Australia election victory,BACKWARD_ENTAILMENT
dico_phrasis_0001323__eu-es__forward,dico_phrasis_0001323,eu,es,Australiara hauteskunde garaipena,gana las elecciones australianas,FORWARD_ENTAILMENT
dico_phrasis_0001323__eu-es__reverse,dico_phrasis_0001323,eu,es,Australiako hauteskundeak irabazten ditu,a la victoria electoral en Australia,BACKWARD_ENTAILMENT
dico_phrasis_0001327__en-es__forward,dico_phrasis_0001327,en,es,with S.Korea,Corea del Sur,FORWARD_ENTAILMENT
dico_phrasis_0001327__en-es__reverse,dico_phrasis_0001327,en,es,South Korea,con Corea del Sur,BACKWARD_ENTAILMENT
dico_phrasis_0001327__en-eu__forward,dico_phrasis_0001327,en,eu,with S.Korea,Hego Korea,FORWARD_ENTAILMENT
dico_phrasis_0001327__en-eu__reverse,dico_phrasis_0001327,en,eu,South Korea,Hego Korearekin,BACKWARD_ENTAILMENT
dico_phrasis_0001327__es-en__forward,dico_phrasis_0001327,es,en,con Corea del Sur,South Korea,FORWARD_ENTAILMENT
dico_phrasis_0001327__es-en__reverse,dico_phrasis_0001327,es,en,Corea del Sur,with S.Korea,BACKWARD_ENTAILMENT
dico_phrasis_0001327__es-eu__forward,dico_phrasis_0001327,es,eu,con Corea del Sur,Hego Korea,FORWARD_ENTAILMENT
dico_phrasis_0001327__es-eu__reverse,dico_phrasis_0001327,es,eu,Corea del Sur,Hego Korearekin,BACKWARD_ENTAILMENT
dico_phrasis_0001327__eu-en__forward,dico_phrasis_0001327,eu,en,Hego Korearekin,South Korea,FORWARD_ENTAILMENT
dico_phrasis_0001327__eu-en__reverse,dico_phrasis_0001327,eu,en,Hego Korea,with S.Korea,BACKWARD_ENTAILMENT
dico_phrasis_0001327__eu-es__forward,dico_phrasis_0001327,eu,es,Hego Korearekin,Corea del Sur,FORWARD_ENTAILMENT
dico_phrasis_0001327__eu-es__reverse,dico_phrasis_0001327,eu,es,Hego Korea,con Corea del Sur,BACKWARD_ENTAILMENT
dico_phrasis_0001328__en-es__forward,dico_phrasis_0001328,en,es,"'s oldest person , and oldest man",el hombre de mayor edad de,FORWARD_ENTAILMENT
dico_phrasis_0001328__en-es__reverse,dico_phrasis_0001328,en,es,'s Oldest Man,la persona de mayor edad y el hombre de mayor edad de,BACKWARD_ENTAILMENT
dico_phrasis_0001328__en-eu__forward,dico_phrasis_0001328,en,eu,"'s oldest person , and oldest man",-ko gizonik zaharrena,FORWARD_ENTAILMENT
dico_phrasis_0001328__en-eu__reverse,dico_phrasis_0001328,en,eu,'s Oldest Man,"-ko pertsonarik zaharrena, eta gizonik zaharrena",BACKWARD_ENTAILMENT
dico_phrasis_0001328__es-en__forward,dico_phrasis_0001328,es,en,la persona de mayor edad y el hombre de mayor edad de,'s Oldest Man,FORWARD_ENTAILMENT
dico_phrasis_0001328__es-en__reverse,dico_phrasis_0001328,es,en,el hombre de mayor edad de,"'s oldest person , and oldest man",BACKWARD_ENTAILMENT
dico_phrasis_0001328__es-eu__forward,dico_phrasis_0001328,es,eu,la persona de mayor edad y el hombre de mayor edad de,-ko gizonik zaharrena,FORWARD_ENTAILMENT
dico_phrasis_0001328__es-eu__reverse,dico_phrasis_0001328,es,eu,el hombre de mayor edad de,"-ko pertsonarik zaharrena, eta gizonik zaharrena",BACKWARD_ENTAILMENT
dico_phrasis_0001328__eu-en__forward,dico_phrasis_0001328,eu,en,"-ko pertsonarik zaharrena, eta gizonik zaharrena",'s Oldest Man,FORWARD_ENTAILMENT
dico_phrasis_0001328__eu-en__reverse,dico_phrasis_0001328,eu,en,-ko gizonik zaharrena,"'s oldest person , and oldest man",BACKWARD_ENTAILMENT
dico_phrasis_0001328__eu-es__forward,dico_phrasis_0001328,eu,es,"-ko pertsonarik zaharrena, eta gizonik zaharrena",el hombre de mayor edad de,FORWARD_ENTAILMENT
dico_phrasis_0001328__eu-es__reverse,dico_phrasis_0001328,eu,es,-ko gizonik zaharrena,la persona de mayor edad y el hombre de mayor edad de,BACKWARD_ENTAILMENT
dico_phrasis_0001330__en-es__forward,dico_phrasis_0001330,en,es,Canadian freight train blast death toll,situación de la explosión del tren,FORWARD_ENTAILMENT
dico_phrasis_0001330__en-es__reverse,dico_phrasis_0001330,en,es,train blast situation,saldo de muertos por la explosión de un tren de carga canadiense,BACKWARD_ENTAILMENT
dico_phrasis_0001330__en-eu__forward,dico_phrasis_0001330,en,eu,Canadian freight train blast death toll,tren-leherketaren egoera,FORWARD_ENTAILMENT
dico_phrasis_0001330__en-eu__reverse,dico_phrasis_0001330,en,eu,train blast situation,Kanadako merkantzia-trenaren leherketaren hildako kopurua,BACKWARD_ENTAILMENT
dico_phrasis_0001330__es-en__forward,dico_phrasis_0001330,es,en,saldo de muertos por la explosión de un tren de carga canadiense,train blast situation,FORWARD_ENTAILMENT
dico_phrasis_0001330__es-en__reverse,dico_phrasis_0001330,es,en,situación de la explosión del tren,Canadian freight train blast death toll,BACKWARD_ENTAILMENT
dico_phrasis_0001330__es-eu__forward,dico_phrasis_0001330,es,eu,saldo de muertos por la explosión de un tren de carga canadiense,tren-leherketaren egoera,FORWARD_ENTAILMENT
dico_phrasis_0001330__es-eu__reverse,dico_phrasis_0001330,es,eu,situación de la explosión del tren,Kanadako merkantzia-trenaren leherketaren hildako kopurua,BACKWARD_ENTAILMENT
dico_phrasis_0001330__eu-en__forward,dico_phrasis_0001330,eu,en,Kanadako merkantzia-trenaren leherketaren hildako kopurua,train blast situation,FORWARD_ENTAILMENT
dico_phrasis_0001330__eu-en__reverse,dico_phrasis_0001330,eu,en,tren-leherketaren egoera,Canadian freight train blast death toll,BACKWARD_ENTAILMENT
dico_phrasis_0001330__eu-es__forward,dico_phrasis_0001330,eu,es,Kanadako merkantzia-trenaren leherketaren hildako kopurua,situación de la explosión del tren,FORWARD_ENTAILMENT
dico_phrasis_0001330__eu-es__reverse,dico_phrasis_0001330,eu,es,tren-leherketaren egoera,saldo de muertos por la explosión de un tren de carga canadiense,BACKWARD_ENTAILMENT
dico_phrasis_0001334__en-es__forward,dico_phrasis_0001334,en,es,as Egypt,Egipto,FORWARD_ENTAILMENT
dico_phrasis_0001334__en-es__reverse,dico_phrasis_0001334,en,es,Egypt,como Egipto,BACKWARD_ENTAILMENT
dico_phrasis_0001334__en-eu__forward,dico_phrasis_0001334,en,eu,as Egypt,Egipto,FORWARD_ENTAILMENT
dico_phrasis_0001334__en-eu__reverse,dico_phrasis_0001334,en,eu,Egypt,Egipto gisa,BACKWARD_ENTAILMENT
dico_phrasis_0001334__es-en__forward,dico_phrasis_0001334,es,en,como Egipto,Egypt,FORWARD_ENTAILMENT
dico_phrasis_0001334__es-en__reverse,dico_phrasis_0001334,es,en,Egipto,as Egypt,BACKWARD_ENTAILMENT
dico_phrasis_0001334__es-eu__forward,dico_phrasis_0001334,es,eu,como Egipto,Egipto,FORWARD_ENTAILMENT
dico_phrasis_0001334__es-eu__reverse,dico_phrasis_0001334,es,eu,Egipto,Egipto gisa,BACKWARD_ENTAILMENT
dico_phrasis_0001334__eu-en__forward,dico_phrasis_0001334,eu,en,Egipto gisa,Egypt,FORWARD_ENTAILMENT
dico_phrasis_0001334__eu-en__reverse,dico_phrasis_0001334,eu,en,Egipto,as Egypt,BACKWARD_ENTAILMENT
dico_phrasis_0001334__eu-es__forward,dico_phrasis_0001334,eu,es,Egipto gisa,Egipto,FORWARD_ENTAILMENT
dico_phrasis_0001334__eu-es__reverse,dico_phrasis_0001334,eu,es,Egipto,como Egipto,BACKWARD_ENTAILMENT
dico_phrasis_0001337__en-es__forward,dico_phrasis_0001337,en,es,in Spain train crash,"en español, desastre ferroviario",FORWARD_ENTAILMENT
dico_phrasis_0001337__en-es__reverse,dico_phrasis_0001337,en,es,in Spanish train disaster,"en España, accidente de tren",BACKWARD_ENTAILMENT
dico_phrasis_0001337__en-eu__forward,dico_phrasis_0001337,en,eu,in Spain train crash,Espainiako tren hondamendia,FORWARD_ENTAILMENT
dico_phrasis_0001337__en-eu__reverse,dico_phrasis_0001337,en,eu,in Spanish train disaster,Espainian tren istripua,BACKWARD_ENTAILMENT
dico_phrasis_0001337__es-en__forward,dico_phrasis_0001337,es,en,"en España, accidente de tren",in Spanish train disaster,FORWARD_ENTAILMENT
dico_phrasis_0001337__es-en__reverse,dico_phrasis_0001337,es,en,"en español, desastre ferroviario",in Spain train crash,BACKWARD_ENTAILMENT
dico_phrasis_0001337__es-eu__forward,dico_phrasis_0001337,es,eu,"en España, accidente de tren",Espainiako tren hondamendia,FORWARD_ENTAILMENT
dico_phrasis_0001337__es-eu__reverse,dico_phrasis_0001337,es,eu,"en español, desastre ferroviario",Espainian tren istripua,BACKWARD_ENTAILMENT
dico_phrasis_0001337__eu-en__forward,dico_phrasis_0001337,eu,en,Espainian tren istripua,in Spanish train disaster,FORWARD_ENTAILMENT
dico_phrasis_0001337__eu-en__reverse,dico_phrasis_0001337,eu,en,Espainiako tren hondamendia,in Spain train crash,BACKWARD_ENTAILMENT
dico_phrasis_0001337__eu-es__forward,dico_phrasis_0001337,eu,es,Espainian tren istripua,"en español, desastre ferroviario",FORWARD_ENTAILMENT
dico_phrasis_0001337__eu-es__reverse,dico_phrasis_0001337,eu,es,Espainiako tren hondamendia,"en España, accidente de tren",BACKWARD_ENTAILMENT
dico_phrasis_0001352__en-es__forward,dico_phrasis_0001352,en,es,to US East Coast,a la Costa Este,FORWARD_ENTAILMENT
dico_phrasis_0001352__en-es__reverse,dico_phrasis_0001352,en,es,to East Coast,a la Costa Este de EE. UU.,BACKWARD_ENTAILMENT
dico_phrasis_0001352__en-eu__forward,dico_phrasis_0001352,en,eu,to US East Coast,ekialdeko kostaldera,FORWARD_ENTAILMENT
dico_phrasis_0001352__en-eu__reverse,dico_phrasis_0001352,en,eu,to East Coast,AEBetako ekialdeko kostaldera,BACKWARD_ENTAILMENT
dico_phrasis_0001352__es-en__forward,dico_phrasis_0001352,es,en,a la Costa Este de EE. UU.,to East Coast,FORWARD_ENTAILMENT
dico_phrasis_0001352__es-en__reverse,dico_phrasis_0001352,es,en,a la Costa Este,to US East Coast,BACKWARD_ENTAILMENT
dico_phrasis_0001352__es-eu__forward,dico_phrasis_0001352,es,eu,a la Costa Este de EE. UU.,ekialdeko kostaldera,FORWARD_ENTAILMENT
dico_phrasis_0001352__es-eu__reverse,dico_phrasis_0001352,es,eu,a la Costa Este,AEBetako ekialdeko kostaldera,BACKWARD_ENTAILMENT
dico_phrasis_0001352__eu-en__forward,dico_phrasis_0001352,eu,en,AEBetako ekialdeko kostaldera,to East Coast,FORWARD_ENTAILMENT
dico_phrasis_0001352__eu-en__reverse,dico_phrasis_0001352,eu,en,ekialdeko kostaldera,to US East Coast,BACKWARD_ENTAILMENT
dico_phrasis_0001352__eu-es__forward,dico_phrasis_0001352,eu,es,AEBetako ekialdeko kostaldera,a la Costa Este,FORWARD_ENTAILMENT
dico_phrasis_0001352__eu-es__reverse,dico_phrasis_0001352,eu,es,ekialdeko kostaldera,a la Costa Este de EE. UU.,BACKWARD_ENTAILMENT
dico_phrasis_0001359__en-es__forward,dico_phrasis_0001359,en,es,China largest fleet,los barcos de China,FORWARD_ENTAILMENT
dico_phrasis_0001359__en-es__reverse,dico_phrasis_0001359,en,es,China ships,la mayor flota de China,BACKWARD_ENTAILMENT
dico_phrasis_0001359__en-eu__forward,dico_phrasis_0001359,en,eu,China largest fleet,Txinako ontziak,FORWARD_ENTAILMENT
dico_phrasis_0001359__en-eu__reverse,dico_phrasis_0001359,en,eu,China ships,Txinako flota handiena,BACKWARD_ENTAILMENT
dico_phrasis_0001359__es-en__forward,dico_phrasis_0001359,es,en,la mayor flota de China,China ships,FORWARD_ENTAILMENT
dico_phrasis_0001359__es-en__reverse,dico_phrasis_0001359,es,en,los barcos de China,China largest fleet,BACKWARD_ENTAILMENT
dico_phrasis_0001359__es-eu__forward,dico_phrasis_0001359,es,eu,la mayor flota de China,Txinako ontziak,FORWARD_ENTAILMENT
dico_phrasis_0001359__es-eu__reverse,dico_phrasis_0001359,es,eu,los barcos de China,Txinako flota handiena,BACKWARD_ENTAILMENT
dico_phrasis_0001359__eu-en__forward,dico_phrasis_0001359,eu,en,Txinako flota handiena,China ships,FORWARD_ENTAILMENT
dico_phrasis_0001359__eu-en__reverse,dico_phrasis_0001359,eu,en,Txinako ontziak,China largest fleet,BACKWARD_ENTAILMENT
dico_phrasis_0001359__eu-es__forward,dico_phrasis_0001359,eu,es,Txinako flota handiena,los barcos de China,FORWARD_ENTAILMENT
dico_phrasis_0001359__eu-es__reverse,dico_phrasis_0001359,eu,es,Txinako ontziak,la mayor flota de China,BACKWARD_ENTAILMENT
dico_phrasis_0001361__en-es__forward,dico_phrasis_0001361,en,es,in violence,su violencia,FORWARD_ENTAILMENT
dico_phrasis_0001361__en-es__reverse,dico_phrasis_0001361,en,es,'s violence,en la violencia,BACKWARD_ENTAILMENT
dico_phrasis_0001361__en-eu__forward,dico_phrasis_0001361,en,eu,in violence,haren indarkeria,FORWARD_ENTAILMENT
dico_phrasis_0001361__en-eu__reverse,dico_phrasis_0001361,en,eu,'s violence,indarkerian,BACKWARD_ENTAILMENT
dico_phrasis_0001361__es-en__forward,dico_phrasis_0001361,es,en,en la violencia,'s violence,FORWARD_ENTAILMENT
dico_phrasis_0001361__es-en__reverse,dico_phrasis_0001361,es,en,su violencia,in violence,BACKWARD_ENTAILMENT
dico_phrasis_0001361__es-eu__forward,dico_phrasis_0001361,es,eu,en la violencia,haren indarkeria,FORWARD_ENTAILMENT
dico_phrasis_0001361__es-eu__reverse,dico_phrasis_0001361,es,eu,su violencia,indarkerian,BACKWARD_ENTAILMENT
dico_phrasis_0001361__eu-en__forward,dico_phrasis_0001361,eu,en,indarkerian,'s violence,FORWARD_ENTAILMENT
dico_phrasis_0001361__eu-en__reverse,dico_phrasis_0001361,eu,en,haren indarkeria,in violence,BACKWARD_ENTAILMENT
dico_phrasis_0001361__eu-es__forward,dico_phrasis_0001361,eu,es,indarkerian,su violencia,FORWARD_ENTAILMENT
dico_phrasis_0001361__eu-es__reverse,dico_phrasis_0001361,eu,es,haren indarkeria,en la violencia,BACKWARD_ENTAILMENT
dico_phrasis_0001366__en-es__forward,dico_phrasis_0001366,en,es,British Nobel-Winning Author Doris Lessing,la autora Doris Lessing ganadora del Premio Nobel,FORWARD_ENTAILMENT
dico_phrasis_0001366__en-es__reverse,dico_phrasis_0001366,en,es,Nobel Prize winning author Doris Lessing,la autora británica ganadora del Premio Nobel Doris Lessing,BACKWARD_ENTAILMENT
dico_phrasis_0001366__en-eu__forward,dico_phrasis_0001366,en,eu,British Nobel-Winning Author Doris Lessing,Nobel saria irabazi zuen Doris Lessing idazlea,FORWARD_ENTAILMENT
dico_phrasis_0001366__en-eu__reverse,dico_phrasis_0001366,en,eu,Nobel Prize winning author Doris Lessing,Nobel saria irabazi zuen Doris Lessing idazle britainiarra,BACKWARD_ENTAILMENT
dico_phrasis_0001366__es-en__forward,dico_phrasis_0001366,es,en,la autora británica ganadora del Premio Nobel Doris Lessing,Nobel Prize winning author Doris Lessing,FORWARD_ENTAILMENT
dico_phrasis_0001366__es-en__reverse,dico_phrasis_0001366,es,en,la autora Doris Lessing ganadora del Premio Nobel,British Nobel-Winning Author Doris Lessing,BACKWARD_ENTAILMENT
dico_phrasis_0001366__es-eu__forward,dico_phrasis_0001366,es,eu,la autora británica ganadora del Premio Nobel Doris Lessing,Nobel saria irabazi zuen Doris Lessing idazlea,FORWARD_ENTAILMENT
dico_phrasis_0001366__es-eu__reverse,dico_phrasis_0001366,es,eu,la autora Doris Lessing ganadora del Premio Nobel,Nobel saria irabazi zuen Doris Lessing idazle britainiarra,BACKWARD_ENTAILMENT
dico_phrasis_0001366__eu-en__forward,dico_phrasis_0001366,eu,en,Nobel saria irabazi zuen Doris Lessing idazle britainiarra,Nobel Prize winning author Doris Lessing,FORWARD_ENTAILMENT
dico_phrasis_0001366__eu-en__reverse,dico_phrasis_0001366,eu,en,Nobel saria irabazi zuen Doris Lessing idazlea,British Nobel-Winning Author Doris Lessing,BACKWARD_ENTAILMENT
dico_phrasis_0001366__eu-es__forward,dico_phrasis_0001366,eu,es,Nobel saria irabazi zuen Doris Lessing idazle britainiarra,la autora Doris Lessing ganadora del Premio Nobel,FORWARD_ENTAILMENT
dico_phrasis_0001366__eu-es__reverse,dico_phrasis_0001366,eu,es,Nobel saria irabazi zuen Doris Lessing idazlea,la autora británica ganadora del Premio Nobel Doris Lessing,BACKWARD_ENTAILMENT
dico_phrasis_0001377__en-es__forward,dico_phrasis_0001377,en,es,of resignation,renunciar,FORWARD_ENTAILMENT
dico_phrasis_0001377__en-es__reverse,dico_phrasis_0001377,en,es,resign,de renuncia,BACKWARD_ENTAILMENT
dico_phrasis_0001377__en-eu__forward,dico_phrasis_0001377,en,eu,of resignation,dimititu,FORWARD_ENTAILMENT
dico_phrasis_0001377__en-eu__reverse,dico_phrasis_0001377,en,eu,resign,dimisioarena,BACKWARD_ENTAILMENT
dico_phrasis_0001377__es-en__forward,dico_phrasis_0001377,es,en,de renuncia,resign,FORWARD_ENTAILMENT
dico_phrasis_0001377__es-en__reverse,dico_phrasis_0001377,es,en,renunciar,of resignation,BACKWARD_ENTAILMENT
dico_phrasis_0001377__es-eu__forward,dico_phrasis_0001377,es,eu,de renuncia,dimititu,FORWARD_ENTAILMENT
dico_phrasis_0001377__es-eu__reverse,dico_phrasis_0001377,es,eu,renunciar,dimisioarena,BACKWARD_ENTAILMENT
dico_phrasis_0001377__eu-en__forward,dico_phrasis_0001377,eu,en,dimisioarena,resign,FORWARD_ENTAILMENT
dico_phrasis_0001377__eu-en__reverse,dico_phrasis_0001377,eu,en,dimititu,of resignation,BACKWARD_ENTAILMENT
dico_phrasis_0001377__eu-es__forward,dico_phrasis_0001377,eu,es,dimisioarena,renunciar,FORWARD_ENTAILMENT
dico_phrasis_0001377__eu-es__reverse,dico_phrasis_0001377,eu,es,dimititu,de renuncia,BACKWARD_ENTAILMENT
dico_phrasis_0001378__en-es__forward,dico_phrasis_0001378,en,es,Berlusconi party ministers,ministros de Berlusconi,FORWARD_ENTAILMENT
dico_phrasis_0001378__en-es__reverse,dico_phrasis_0001378,en,es,Berlusconi ministers,ministros del partido de Berlusconi,BACKWARD_ENTAILMENT
dico_phrasis_0001378__en-eu__forward,dico_phrasis_0001378,en,eu,Berlusconi party ministers,Berlusconiren ministroak,FORWARD_ENTAILMENT
dico_phrasis_0001378__en-eu__reverse,dico_phrasis_0001378,en,eu,Berlusconi ministers,Berlusconiren alderdiko ministroak,BACKWARD_ENTAILMENT
dico_phrasis_0001378__es-en__forward,dico_phrasis_0001378,es,en,ministros del partido de Berlusconi,Berlusconi ministers,FORWARD_ENTAILMENT
dico_phrasis_0001378__es-en__reverse,dico_phrasis_0001378,es,en,ministros de Berlusconi,Berlusconi party ministers,BACKWARD_ENTAILMENT
dico_phrasis_0001378__es-eu__forward,dico_phrasis_0001378,es,eu,ministros del partido de Berlusconi,Berlusconiren ministroak,FORWARD_ENTAILMENT
dico_phrasis_0001378__es-eu__reverse,dico_phrasis_0001378,es,eu,ministros de Berlusconi,Berlusconiren alderdiko ministroak,BACKWARD_ENTAILMENT
dico_phrasis_0001378__eu-en__forward,dico_phrasis_0001378,eu,en,Berlusconiren alderdiko ministroak,Berlusconi ministers,FORWARD_ENTAILMENT
dico_phrasis_0001378__eu-en__reverse,dico_phrasis_0001378,eu,en,Berlusconiren ministroak,Berlusconi party ministers,BACKWARD_ENTAILMENT
dico_phrasis_0001378__eu-es__forward,dico_phrasis_0001378,eu,es,Berlusconiren alderdiko ministroak,ministros de Berlusconi,FORWARD_ENTAILMENT
dico_phrasis_0001378__eu-es__reverse,dico_phrasis_0001378,eu,es,Berlusconiren ministroak,ministros del partido de Berlusconi,BACKWARD_ENTAILMENT
dico_phrasis_0001379__en-es__forward,dico_phrasis_0001379,en,es,"Nicaragua , Venezuela",Venezuela,FORWARD_ENTAILMENT
dico_phrasis_0001379__en-es__reverse,dico_phrasis_0001379,en,es,Venezuela,"Nicaragua, Venezuela",BACKWARD_ENTAILMENT
dico_phrasis_0001379__en-eu__forward,dico_phrasis_0001379,en,eu,"Nicaragua , Venezuela",Venezuela,FORWARD_ENTAILMENT
dico_phrasis_0001379__en-eu__reverse,dico_phrasis_0001379,en,eu,Venezuela,"Nikaragua, Venezuela",BACKWARD_ENTAILMENT
dico_phrasis_0001379__es-en__forward,dico_phrasis_0001379,es,en,"Nicaragua, Venezuela",Venezuela,FORWARD_ENTAILMENT
dico_phrasis_0001379__es-en__reverse,dico_phrasis_0001379,es,en,Venezuela,"Nicaragua , Venezuela",BACKWARD_ENTAILMENT
dico_phrasis_0001379__es-eu__forward,dico_phrasis_0001379,es,eu,"Nicaragua, Venezuela",Venezuela,FORWARD_ENTAILMENT
dico_phrasis_0001379__es-eu__reverse,dico_phrasis_0001379,es,eu,Venezuela,"Nikaragua, Venezuela",BACKWARD_ENTAILMENT
dico_phrasis_0001379__eu-en__forward,dico_phrasis_0001379,eu,en,"Nikaragua, Venezuela",Venezuela,FORWARD_ENTAILMENT
dico_phrasis_0001379__eu-en__reverse,dico_phrasis_0001379,eu,en,Venezuela,"Nicaragua , Venezuela",BACKWARD_ENTAILMENT
dico_phrasis_0001379__eu-es__forward,dico_phrasis_0001379,eu,es,"Nikaragua, Venezuela",Venezuela,FORWARD_ENTAILMENT
dico_phrasis_0001379__eu-es__reverse,dico_phrasis_0001379,eu,es,Venezuela,"Nicaragua, Venezuela",BACKWARD_ENTAILMENT
dico_phrasis_0001381__en-es__forward,dico_phrasis_0001381,en,es,€40 million gems,joyas por valor de 40 millones de euros,FORWARD_ENTAILMENT
dico_phrasis_0001381__en-es__reverse,dico_phrasis_0001381,en,es,Jewels worth €40m,gemas de 40 millones de euros,BACKWARD_ENTAILMENT
dico_phrasis_0001381__en-eu__forward,dico_phrasis_0001381,en,eu,€40 million gems,40 milioi euro balio duten bitxiak,FORWARD_ENTAILMENT
dico_phrasis_0001381__en-eu__reverse,dico_phrasis_0001381,en,eu,Jewels worth €40m,40 milioi euroko harribitxiak,BACKWARD_ENTAILMENT
dico_phrasis_0001381__es-en__forward,dico_phrasis_0001381,es,en,gemas de 40 millones de euros,Jewels worth €40m,FORWARD_ENTAILMENT
dico_phrasis_0001381__es-en__reverse,dico_phrasis_0001381,es,en,joyas por valor de 40 millones de euros,€40 million gems,BACKWARD_ENTAILMENT
dico_phrasis_0001381__es-eu__forward,dico_phrasis_0001381,es,eu,gemas de 40 millones de euros,40 milioi euro balio duten bitxiak,FORWARD_ENTAILMENT
dico_phrasis_0001381__es-eu__reverse,dico_phrasis_0001381,es,eu,joyas por valor de 40 millones de euros,40 milioi euroko harribitxiak,BACKWARD_ENTAILMENT
dico_phrasis_0001381__eu-en__forward,dico_phrasis_0001381,eu,en,40 milioi euroko harribitxiak,Jewels worth €40m,FORWARD_ENTAILMENT
dico_phrasis_0001381__eu-en__reverse,dico_phrasis_0001381,eu,en,40 milioi euro balio duten bitxiak,€40 million gems,BACKWARD_ENTAILMENT
dico_phrasis_0001381__eu-es__forward,dico_phrasis_0001381,eu,es,40 milioi euroko harribitxiak,joyas por valor de 40 millones de euros,FORWARD_ENTAILMENT
dico_phrasis_0001381__eu-es__reverse,dico_phrasis_0001381,eu,es,40 milioi euro balio duten bitxiak,gemas de 40 millones de euros,BACKWARD_ENTAILMENT
dico_phrasis_0001387__en-es__forward,dico_phrasis_0001387,en,es,US drone strike,dron de EE. UU.,FORWARD_ENTAILMENT
dico_phrasis_0001387__en-es__reverse,dico_phrasis_0001387,en,es,U.S. drone,ataque con dron de EE. UU.,BACKWARD_ENTAILMENT
dico_phrasis_0001387__en-eu__forward,dico_phrasis_0001387,en,eu,US drone strike,AEBetako drona,FORWARD_ENTAILMENT
dico_phrasis_0001387__en-eu__reverse,dico_phrasis_0001387,en,eu,U.S. drone,AEBetako dronen erasoa,BACKWARD_ENTAILMENT
dico_phrasis_0001387__es-en__forward,dico_phrasis_0001387,es,en,ataque con dron de EE. UU.,U.S. drone,FORWARD_ENTAILMENT
dico_phrasis_0001387__es-en__reverse,dico_phrasis_0001387,es,en,dron de EE. UU.,US drone strike,BACKWARD_ENTAILMENT
dico_phrasis_0001387__es-eu__forward,dico_phrasis_0001387,es,eu,ataque con dron de EE. UU.,AEBetako drona,FORWARD_ENTAILMENT
dico_phrasis_0001387__es-eu__reverse,dico_phrasis_0001387,es,eu,dron de EE. UU.,AEBetako dronen erasoa,BACKWARD_ENTAILMENT
dico_phrasis_0001387__eu-en__forward,dico_phrasis_0001387,eu,en,AEBetako dronen erasoa,U.S. drone,FORWARD_ENTAILMENT
dico_phrasis_0001387__eu-en__reverse,dico_phrasis_0001387,eu,en,AEBetako drona,US drone strike,BACKWARD_ENTAILMENT
dico_phrasis_0001387__eu-es__forward,dico_phrasis_0001387,eu,es,AEBetako dronen erasoa,dron de EE. UU.,FORWARD_ENTAILMENT
dico_phrasis_0001387__eu-es__reverse,dico_phrasis_0001387,eu,es,AEBetako drona,ataque con dron de EE. UU.,BACKWARD_ENTAILMENT
dico_phrasis_0001389__en-es__forward,dico_phrasis_0001389,en,es,Egypt 's bruised Islamists,los islamistas de Egipto,FORWARD_ENTAILMENT
dico_phrasis_0001389__en-es__reverse,dico_phrasis_0001389,en,es,Egypt Islamists,los islamistas golpeados de Egipto,BACKWARD_ENTAILMENT
dico_phrasis_0001389__en-eu__forward,dico_phrasis_0001389,en,eu,Egypt 's bruised Islamists,Egiptoko islamistak,FORWARD_ENTAILMENT
dico_phrasis_0001389__en-eu__reverse,dico_phrasis_0001389,en,eu,Egypt Islamists,Egiptoko islamista kolpatuak,BACKWARD_ENTAILMENT
dico_phrasis_0001389__es-en__forward,dico_phrasis_0001389,es,en,los islamistas golpeados de Egipto,Egypt Islamists,FORWARD_ENTAILMENT
dico_phrasis_0001389__es-en__reverse,dico_phrasis_0001389,es,en,los islamistas de Egipto,Egypt 's bruised Islamists,BACKWARD_ENTAILMENT
dico_phrasis_0001389__es-eu__forward,dico_phrasis_0001389,es,eu,los islamistas golpeados de Egipto,Egiptoko islamistak,FORWARD_ENTAILMENT
dico_phrasis_0001389__es-eu__reverse,dico_phrasis_0001389,es,eu,los islamistas de Egipto,Egiptoko islamista kolpatuak,BACKWARD_ENTAILMENT
dico_phrasis_0001389__eu-en__forward,dico_phrasis_0001389,eu,en,Egiptoko islamista kolpatuak,Egypt Islamists,FORWARD_ENTAILMENT
dico_phrasis_0001389__eu-en__reverse,dico_phrasis_0001389,eu,en,Egiptoko islamistak,Egypt 's bruised Islamists,BACKWARD_ENTAILMENT
dico_phrasis_0001389__eu-es__forward,dico_phrasis_0001389,eu,es,Egiptoko islamista kolpatuak,los islamistas de Egipto,FORWARD_ENTAILMENT
dico_phrasis_0001389__eu-es__reverse,dico_phrasis_0001389,eu,es,Egiptoko islamistak,los islamistas golpeados de Egipto,BACKWARD_ENTAILMENT
dico_phrasis_0001404__en-es__forward,dico_phrasis_0001404,en,es,23 Iraqi army recruits,13 reclutas del ejército iraquí,FORWARD_ENTAILMENT
dico_phrasis_0001404__en-es__reverse,dico_phrasis_0001404,en,es,13 Iraqi army recruits,23 reclutas del ejército iraquí,BACKWARD_ENTAILMENT
dico_phrasis_0001404__en-eu__forward,dico_phrasis_0001404,en,eu,23 Iraqi army recruits,Irakeko armadako 13 errekruta,FORWARD_ENTAILMENT
dico_phrasis_0001404__en-eu__reverse,dico_phrasis_0001404,en,eu,13 Iraqi army recruits,Irakeko armadako 23 errekruta,BACKWARD_ENTAILMENT
dico_phrasis_0001404__es-en__forward,dico_phrasis_0001404,es,en,23 reclutas del ejército iraquí,13 Iraqi army recruits,FORWARD_ENTAILMENT
dico_phrasis_0001404__es-en__reverse,dico_phrasis_0001404,es,en,13 reclutas del ejército iraquí,23 Iraqi army recruits,BACKWARD_ENTAILMENT
dico_phrasis_0001404__es-eu__forward,dico_phrasis_0001404,es,eu,23 reclutas del ejército iraquí,Irakeko armadako 13 errekruta,FORWARD_ENTAILMENT
dico_phrasis_0001404__es-eu__reverse,dico_phrasis_0001404,es,eu,13 reclutas del ejército iraquí,Irakeko armadako 23 errekruta,BACKWARD_ENTAILMENT
dico_phrasis_0001404__eu-en__forward,dico_phrasis_0001404,eu,en,Irakeko armadako 23 errekruta,13 Iraqi army recruits,FORWARD_ENTAILMENT
dico_phrasis_0001404__eu-en__reverse,dico_phrasis_0001404,eu,en,Irakeko armadako 13 errekruta,23 Iraqi army recruits,BACKWARD_ENTAILMENT
dico_phrasis_0001404__eu-es__forward,dico_phrasis_0001404,eu,es,Irakeko armadako 23 errekruta,13 reclutas del ejército iraquí,FORWARD_ENTAILMENT
dico_phrasis_0001404__eu-es__reverse,dico_phrasis_0001404,eu,es,Irakeko armadako 13 errekruta,23 reclutas del ejército iraquí,BACKWARD_ENTAILMENT
dico_phrasis_0001419__en-es__forward,dico_phrasis_0001419,en,es,after double mastectomy,doble mastectomía,FORWARD_ENTAILMENT
dico_phrasis_0001419__en-es__reverse,dico_phrasis_0001419,en,es,double mastectomy,después de una doble mastectomía,BACKWARD_ENTAILMENT
dico_phrasis_0001419__en-eu__forward,dico_phrasis_0001419,en,eu,after double mastectomy,mastektomia bikoitza,FORWARD_ENTAILMENT
dico_phrasis_0001419__en-eu__reverse,dico_phrasis_0001419,en,eu,double mastectomy,mastektomia bikoitzaren ondoren,BACKWARD_ENTAILMENT
dico_phrasis_0001419__es-en__forward,dico_phrasis_0001419,es,en,después de una doble mastectomía,double mastectomy,FORWARD_ENTAILMENT
dico_phrasis_0001419__es-en__reverse,dico_phrasis_0001419,es,en,doble mastectomía,after double mastectomy,BACKWARD_ENTAILMENT
dico_phrasis_0001419__es-eu__forward,dico_phrasis_0001419,es,eu,después de una doble mastectomía,mastektomia bikoitza,FORWARD_ENTAILMENT
dico_phrasis_0001419__es-eu__reverse,dico_phrasis_0001419,es,eu,doble mastectomía,mastektomia bikoitzaren ondoren,BACKWARD_ENTAILMENT
dico_phrasis_0001419__eu-en__forward,dico_phrasis_0001419,eu,en,mastektomia bikoitzaren ondoren,double mastectomy,FORWARD_ENTAILMENT
dico_phrasis_0001419__eu-en__reverse,dico_phrasis_0001419,eu,en,mastektomia bikoitza,after double mastectomy,BACKWARD_ENTAILMENT
dico_phrasis_0001419__eu-es__forward,dico_phrasis_0001419,eu,es,mastektomia bikoitzaren ondoren,doble mastectomía,FORWARD_ENTAILMENT
dico_phrasis_0001419__eu-es__reverse,dico_phrasis_0001419,eu,es,mastektomia bikoitza,después de una doble mastectomía,BACKWARD_ENTAILMENT
dico_phrasis_0001421__en-es__forward,dico_phrasis_0001421,en,es,in north Iraq,en Irak,FORWARD_ENTAILMENT
dico_phrasis_0001421__en-es__reverse,dico_phrasis_0001421,en,es,in Iraq,en el norte de Irak,BACKWARD_ENTAILMENT
dico_phrasis_0001421__en-eu__forward,dico_phrasis_0001421,en,eu,in north Iraq,Iraken,FORWARD_ENTAILMENT
dico_phrasis_0001421__en-eu__reverse,dico_phrasis_0001421,en,eu,in Iraq,Irak iparraldean,BACKWARD_ENTAILMENT
dico_phrasis_0001421__es-en__forward,dico_phrasis_0001421,es,en,en el norte de Irak,in Iraq,FORWARD_ENTAILMENT
dico_phrasis_0001421__es-en__reverse,dico_phrasis_0001421,es,en,en Irak,in north Iraq,BACKWARD_ENTAILMENT
dico_phrasis_0001421__es-eu__forward,dico_phrasis_0001421,es,eu,en el norte de Irak,Iraken,FORWARD_ENTAILMENT
dico_phrasis_0001421__es-eu__reverse,dico_phrasis_0001421,es,eu,en Irak,Irak iparraldean,BACKWARD_ENTAILMENT
dico_phrasis_0001421__eu-en__forward,dico_phrasis_0001421,eu,en,Irak iparraldean,in Iraq,FORWARD_ENTAILMENT
dico_phrasis_0001421__eu-en__reverse,dico_phrasis_0001421,eu,en,Iraken,in north Iraq,BACKWARD_ENTAILMENT
dico_phrasis_0001421__eu-es__forward,dico_phrasis_0001421,eu,es,Irak iparraldean,en Irak,FORWARD_ENTAILMENT
dico_phrasis_0001421__eu-es__reverse,dico_phrasis_0001421,eu,es,Iraken,en el norte de Irak,BACKWARD_ENTAILMENT
dico_phrasis_0001422__en-es__forward,dico_phrasis_0001422,en,es,against Greenpeace activists,contra Greenpeace,FORWARD_ENTAILMENT
dico_phrasis_0001422__en-es__reverse,dico_phrasis_0001422,en,es,against Greenpeace,contra activistas de Greenpeace,BACKWARD_ENTAILMENT
dico_phrasis_0001422__en-eu__forward,dico_phrasis_0001422,en,eu,against Greenpeace activists,Greenpeaceren aurka,FORWARD_ENTAILMENT
dico_phrasis_0001422__en-eu__reverse,dico_phrasis_0001422,en,eu,against Greenpeace,Greenpeaceko aktibisten aurka,BACKWARD_ENTAILMENT
dico_phrasis_0001422__es-en__forward,dico_phrasis_0001422,es,en,contra activistas de Greenpeace,against Greenpeace,FORWARD_ENTAILMENT
dico_phrasis_0001422__es-en__reverse,dico_phrasis_0001422,es,en,contra Greenpeace,against Greenpeace activists,BACKWARD_ENTAILMENT
dico_phrasis_0001422__es-eu__forward,dico_phrasis_0001422,es,eu,contra activistas de Greenpeace,Greenpeaceren aurka,FORWARD_ENTAILMENT
dico_phrasis_0001422__es-eu__reverse,dico_phrasis_0001422,es,eu,contra Greenpeace,Greenpeaceko aktibisten aurka,BACKWARD_ENTAILMENT
dico_phrasis_0001422__eu-en__forward,dico_phrasis_0001422,eu,en,Greenpeaceko aktibisten aurka,against Greenpeace,FORWARD_ENTAILMENT
dico_phrasis_0001422__eu-en__reverse,dico_phrasis_0001422,eu,en,Greenpeaceren aurka,against Greenpeace activists,BACKWARD_ENTAILMENT
dico_phrasis_0001422__eu-es__forward,dico_phrasis_0001422,eu,es,Greenpeaceko aktibisten aurka,contra Greenpeace,FORWARD_ENTAILMENT
dico_phrasis_0001422__eu-es__reverse,dico_phrasis_0001422,eu,es,Greenpeaceren aurka,contra activistas de Greenpeace,BACKWARD_ENTAILMENT
dico_phrasis_0001425__en-es__forward,dico_phrasis_0001425,en,es,suburban Atlanta firefighters hostage,bomberos tomados como rehenes en Georgia,FORWARD_ENTAILMENT
dico_phrasis_0001425__en-es__reverse,dico_phrasis_0001425,en,es,Firefighters Hostage in Georgia,bomberos tomados como rehenes en un suburbio de Atlanta,BACKWARD_ENTAILMENT
dico_phrasis_0001425__en-eu__forward,dico_phrasis_0001425,en,eu,suburban Atlanta firefighters hostage,Suhiltzaileak bahituta Georgian,FORWARD_ENTAILMENT
dico_phrasis_0001425__en-eu__reverse,dico_phrasis_0001425,en,eu,Firefighters Hostage in Georgia,Atlantako aldirietako suhiltzaileak bahituta,BACKWARD_ENTAILMENT
dico_phrasis_0001425__es-en__forward,dico_phrasis_0001425,es,en,bomberos tomados como rehenes en un suburbio de Atlanta,Firefighters Hostage in Georgia,FORWARD_ENTAILMENT
dico_phrasis_0001425__es-en__reverse,dico_phrasis_0001425,es,en,bomberos tomados como rehenes en Georgia,suburban Atlanta firefighters hostage,BACKWARD_ENTAILMENT
dico_phrasis_0001425__es-eu__forward,dico_phrasis_0001425,es,eu,bomberos tomados como rehenes en un suburbio de Atlanta,Suhiltzaileak bahituta Georgian,FORWARD_ENTAILMENT
dico_phrasis_0001425__es-eu__reverse,dico_phrasis_0001425,es,eu,bomberos tomados como rehenes en Georgia,Atlantako aldirietako suhiltzaileak bahituta,BACKWARD_ENTAILMENT
dico_phrasis_0001425__eu-en__forward,dico_phrasis_0001425,eu,en,Atlantako aldirietako suhiltzaileak bahituta,Firefighters Hostage in Georgia,FORWARD_ENTAILMENT
dico_phrasis_0001425__eu-en__reverse,dico_phrasis_0001425,eu,en,Suhiltzaileak bahituta Georgian,suburban Atlanta firefighters hostage,BACKWARD_ENTAILMENT
dico_phrasis_0001425__eu-es__forward,dico_phrasis_0001425,eu,es,Atlantako aldirietako suhiltzaileak bahituta,bomberos tomados como rehenes en Georgia,FORWARD_ENTAILMENT
dico_phrasis_0001425__eu-es__reverse,dico_phrasis_0001425,eu,es,Suhiltzaileak bahituta Georgian,bomberos tomados como rehenes en un suburbio de Atlanta,BACKWARD_ENTAILMENT
dico_phrasis_0001435__en-es__forward,dico_phrasis_0001435,en,es,with a ball,con un juguete,FORWARD_ENTAILMENT
dico_phrasis_0001435__en-es__reverse,dico_phrasis_0001435,en,es,with a toy,con una pelota,BACKWARD_ENTAILMENT
dico_phrasis_0001435__en-eu__forward,dico_phrasis_0001435,en,eu,with a ball,jostailu batekin,FORWARD_ENTAILMENT
dico_phrasis_0001435__en-eu__reverse,dico_phrasis_0001435,en,eu,with a toy,pilota batekin,BACKWARD_ENTAILMENT
dico_phrasis_0001435__es-en__forward,dico_phrasis_0001435,es,en,con una pelota,with a toy,FORWARD_ENTAILMENT
dico_phrasis_0001435__es-en__reverse,dico_phrasis_0001435,es,en,con un juguete,with a ball,BACKWARD_ENTAILMENT
dico_phrasis_0001435__es-eu__forward,dico_phrasis_0001435,es,eu,con una pelota,jostailu batekin,FORWARD_ENTAILMENT
dico_phrasis_0001435__es-eu__reverse,dico_phrasis_0001435,es,eu,con un juguete,pilota batekin,BACKWARD_ENTAILMENT
dico_phrasis_0001435__eu-en__forward,dico_phrasis_0001435,eu,en,pilota batekin,with a toy,FORWARD_ENTAILMENT
dico_phrasis_0001435__eu-en__reverse,dico_phrasis_0001435,eu,en,jostailu batekin,with a ball,BACKWARD_ENTAILMENT
dico_phrasis_0001435__eu-es__forward,dico_phrasis_0001435,eu,es,pilota batekin,con un juguete,FORWARD_ENTAILMENT
dico_phrasis_0001435__eu-es__reverse,dico_phrasis_0001435,eu,es,jostailu batekin,con una pelota,BACKWARD_ENTAILMENT
dico_phrasis_0001438__en-es__forward,dico_phrasis_0001438,en,es,Light brown dog,Un perro marrón,FORWARD_ENTAILMENT
dico_phrasis_0001438__en-es__reverse,dico_phrasis_0001438,en,es,A brown dog,Perro marrón claro,BACKWARD_ENTAILMENT
dico_phrasis_0001438__en-eu__forward,dico_phrasis_0001438,en,eu,Light brown dog,txakur marroi bat,FORWARD_ENTAILMENT
dico_phrasis_0001438__en-eu__reverse,dico_phrasis_0001438,en,eu,A brown dog,txakur marroi argia,BACKWARD_ENTAILMENT
dico_phrasis_0001438__es-en__forward,dico_phrasis_0001438,es,en,Perro marrón claro,A brown dog,FORWARD_ENTAILMENT
dico_phrasis_0001438__es-en__reverse,dico_phrasis_0001438,es,en,Un perro marrón,Light brown dog,BACKWARD_ENTAILMENT
dico_phrasis_0001438__es-eu__forward,dico_phrasis_0001438,es,eu,Perro marrón claro,txakur marroi bat,FORWARD_ENTAILMENT
dico_phrasis_0001438__es-eu__reverse,dico_phrasis_0001438,es,eu,Un perro marrón,txakur marroi argia,BACKWARD_ENTAILMENT
dico_phrasis_0001438__eu-en__forward,dico_phrasis_0001438,eu,en,txakur marroi argia,A brown dog,FORWARD_ENTAILMENT
dico_phrasis_0001438__eu-en__reverse,dico_phrasis_0001438,eu,en,txakur marroi bat,Light brown dog,BACKWARD_ENTAILMENT
dico_phrasis_0001438__eu-es__forward,dico_phrasis_0001438,eu,es,txakur marroi argia,Un perro marrón,FORWARD_ENTAILMENT
dico_phrasis_0001438__eu-es__reverse,dico_phrasis_0001438,eu,es,txakur marroi bat,Perro marrón claro,BACKWARD_ENTAILMENT
dico_phrasis_0001441__en-es__forward,dico_phrasis_0001441,en,es,Four small children,Cuatro niños,FORWARD_ENTAILMENT
dico_phrasis_0001441__en-es__reverse,dico_phrasis_0001441,en,es,Four children,Cuatro niños pequeños,BACKWARD_ENTAILMENT
dico_phrasis_0001441__en-eu__forward,dico_phrasis_0001441,en,eu,Four small children,Lau haur,FORWARD_ENTAILMENT
dico_phrasis_0001441__en-eu__reverse,dico_phrasis_0001441,en,eu,Four children,Lau haur txiki,BACKWARD_ENTAILMENT
dico_phrasis_0001441__es-en__forward,dico_phrasis_0001441,es,en,Cuatro niños pequeños,Four children,FORWARD_ENTAILMENT
dico_phrasis_0001441__es-en__reverse,dico_phrasis_0001441,es,en,Cuatro niños,Four small children,BACKWARD_ENTAILMENT
dico_phrasis_0001441__es-eu__forward,dico_phrasis_0001441,es,eu,Cuatro niños pequeños,Lau haur,FORWARD_ENTAILMENT
dico_phrasis_0001441__es-eu__reverse,dico_phrasis_0001441,es,eu,Cuatro niños,Lau haur txiki,BACKWARD_ENTAILMENT
dico_phrasis_0001441__eu-en__forward,dico_phrasis_0001441,eu,en,Lau haur txiki,Four children,FORWARD_ENTAILMENT
dico_phrasis_0001441__eu-en__reverse,dico_phrasis_0001441,eu,en,Lau haur,Four small children,BACKWARD_ENTAILMENT
dico_phrasis_0001441__eu-es__forward,dico_phrasis_0001441,eu,es,Lau haur txiki,Cuatro niños,FORWARD_ENTAILMENT
dico_phrasis_0001441__eu-es__reverse,dico_phrasis_0001441,eu,es,Lau haur,Cuatro niños pequeños,BACKWARD_ENTAILMENT
dico_phrasis_0001452__en-es__forward,dico_phrasis_0001452,en,es,on a breaking wave,una ola,FORWARD_ENTAILMENT
dico_phrasis_0001452__en-es__reverse,dico_phrasis_0001452,en,es,a wave,sobre una ola rompiendo,BACKWARD_ENTAILMENT
dico_phrasis_0001452__en-eu__forward,dico_phrasis_0001452,en,eu,on a breaking wave,olatu bat,FORWARD_ENTAILMENT
dico_phrasis_0001452__en-eu__reverse,dico_phrasis_0001452,en,eu,a wave,hausten ari den olatu batean,BACKWARD_ENTAILMENT
dico_phrasis_0001452__es-en__forward,dico_phrasis_0001452,es,en,sobre una ola rompiendo,a wave,FORWARD_ENTAILMENT
dico_phrasis_0001452__es-en__reverse,dico_phrasis_0001452,es,en,una ola,on a breaking wave,BACKWARD_ENTAILMENT
dico_phrasis_0001452__es-eu__forward,dico_phrasis_0001452,es,eu,sobre una ola rompiendo,olatu bat,FORWARD_ENTAILMENT
dico_phrasis_0001452__es-eu__reverse,dico_phrasis_0001452,es,eu,una ola,hausten ari den olatu batean,BACKWARD_ENTAILMENT
dico_phrasis_0001452__eu-en__forward,dico_phrasis_0001452,eu,en,hausten ari den olatu batean,a wave,FORWARD_ENTAILMENT
dico_phrasis_0001452__eu-en__reverse,dico_phrasis_0001452,eu,en,olatu bat,on a breaking wave,BACKWARD_ENTAILMENT
dico_phrasis_0001452__eu-es__forward,dico_phrasis_0001452,eu,es,hausten ari den olatu batean,una ola,FORWARD_ENTAILMENT
dico_phrasis_0001452__eu-es__reverse,dico_phrasis_0001452,eu,es,olatu bat,sobre una ola rompiendo,BACKWARD_ENTAILMENT
dico_phrasis_0001453__en-es__forward,dico_phrasis_0001453,en,es,through a grassy field,a través de la hierba,FORWARD_ENTAILMENT
dico_phrasis_0001453__en-es__reverse,dico_phrasis_0001453,en,es,across the grass,a través de un campo cubierto de hierba,BACKWARD_ENTAILMENT
dico_phrasis_0001453__en-eu__forward,dico_phrasis_0001453,en,eu,through a grassy field,belarrean zehar,FORWARD_ENTAILMENT
dico_phrasis_0001453__en-eu__reverse,dico_phrasis_0001453,en,eu,across the grass,belarrezko zelai batean zehar,BACKWARD_ENTAILMENT
dico_phrasis_0001453__es-en__forward,dico_phrasis_0001453,es,en,a través de un campo cubierto de hierba,across the grass,FORWARD_ENTAILMENT
dico_phrasis_0001453__es-en__reverse,dico_phrasis_0001453,es,en,a través de la hierba,through a grassy field,BACKWARD_ENTAILMENT
dico_phrasis_0001453__es-eu__forward,dico_phrasis_0001453,es,eu,a través de un campo cubierto de hierba,belarrean zehar,FORWARD_ENTAILMENT
dico_phrasis_0001453__es-eu__reverse,dico_phrasis_0001453,es,eu,a través de la hierba,belarrezko zelai batean zehar,BACKWARD_ENTAILMENT
dico_phrasis_0001453__eu-en__forward,dico_phrasis_0001453,eu,en,belarrezko zelai batean zehar,across the grass,FORWARD_ENTAILMENT
dico_phrasis_0001453__eu-en__reverse,dico_phrasis_0001453,eu,en,belarrean zehar,through a grassy field,BACKWARD_ENTAILMENT
dico_phrasis_0001453__eu-es__forward,dico_phrasis_0001453,eu,es,belarrezko zelai batean zehar,a través de la hierba,FORWARD_ENTAILMENT
dico_phrasis_0001453__eu-es__reverse,dico_phrasis_0001453,eu,es,belarrean zehar,a través de un campo cubierto de hierba,BACKWARD_ENTAILMENT
dico_phrasis_0001457__en-es__forward,dico_phrasis_0001457,en,es,in a floral bikini,en un traje de baño floreado,FORWARD_ENTAILMENT
dico_phrasis_0001457__en-es__reverse,dico_phrasis_0001457,en,es,in a flowered bathingsuit,en un bikini floral,BACKWARD_ENTAILMENT
dico_phrasis_0001457__en-eu__forward,dico_phrasis_0001457,en,eu,in a floral bikini,loredun bainujantzi batean,FORWARD_ENTAILMENT
dico_phrasis_0001457__en-eu__reverse,dico_phrasis_0001457,en,eu,in a flowered bathingsuit,lorezko bikini batean,BACKWARD_ENTAILMENT
dico_phrasis_0001457__es-en__forward,dico_phrasis_0001457,es,en,en un bikini floral,in a flowered bathingsuit,FORWARD_ENTAILMENT
dico_phrasis_0001457__es-en__reverse,dico_phrasis_0001457,es,en,en un traje de baño floreado,in a floral bikini,BACKWARD_ENTAILMENT
dico_phrasis_0001457__es-eu__forward,dico_phrasis_0001457,es,eu,en un bikini floral,loredun bainujantzi batean,FORWARD_ENTAILMENT
dico_phrasis_0001457__es-eu__reverse,dico_phrasis_0001457,es,eu,en un traje de baño floreado,lorezko bikini batean,BACKWARD_ENTAILMENT
dico_phrasis_0001457__eu-en__forward,dico_phrasis_0001457,eu,en,lorezko bikini batean,in a flowered bathingsuit,FORWARD_ENTAILMENT
dico_phrasis_0001457__eu-en__reverse,dico_phrasis_0001457,eu,en,loredun bainujantzi batean,in a floral bikini,BACKWARD_ENTAILMENT
dico_phrasis_0001457__eu-es__forward,dico_phrasis_0001457,eu,es,lorezko bikini batean,en un traje de baño floreado,FORWARD_ENTAILMENT
dico_phrasis_0001457__eu-es__reverse,dico_phrasis_0001457,eu,es,loredun bainujantzi batean,en un bikini floral,BACKWARD_ENTAILMENT
dico_phrasis_0001459__en-es__forward,dico_phrasis_0001459,en,es,with an Axe,una herramienta,FORWARD_ENTAILMENT
dico_phrasis_0001459__en-es__reverse,dico_phrasis_0001459,en,es,a tool,con un hacha,BACKWARD_ENTAILMENT
dico_phrasis_0001459__en-eu__forward,dico_phrasis_0001459,en,eu,with an Axe,tresna bat,FORWARD_ENTAILMENT
dico_phrasis_0001459__en-eu__reverse,dico_phrasis_0001459,en,eu,a tool,aizkora batekin,BACKWARD_ENTAILMENT
dico_phrasis_0001459__es-en__forward,dico_phrasis_0001459,es,en,con un hacha,a tool,FORWARD_ENTAILMENT
dico_phrasis_0001459__es-en__reverse,dico_phrasis_0001459,es,en,una herramienta,with an Axe,BACKWARD_ENTAILMENT
dico_phrasis_0001459__es-eu__forward,dico_phrasis_0001459,es,eu,con un hacha,tresna bat,FORWARD_ENTAILMENT
dico_phrasis_0001459__es-eu__reverse,dico_phrasis_0001459,es,eu,una herramienta,aizkora batekin,BACKWARD_ENTAILMENT
dico_phrasis_0001459__eu-en__forward,dico_phrasis_0001459,eu,en,aizkora batekin,a tool,FORWARD_ENTAILMENT
dico_phrasis_0001459__eu-en__reverse,dico_phrasis_0001459,eu,en,tresna bat,with an Axe,BACKWARD_ENTAILMENT
dico_phrasis_0001459__eu-es__forward,dico_phrasis_0001459,eu,es,aizkora batekin,una herramienta,FORWARD_ENTAILMENT
dico_phrasis_0001459__eu-es__reverse,dico_phrasis_0001459,eu,es,tresna bat,con un hacha,BACKWARD_ENTAILMENT
dico_phrasis_0001464__en-es__forward,dico_phrasis_0001464,en,es,to the left,al lado,FORWARD_ENTAILMENT
dico_phrasis_0001464__en-es__reverse,dico_phrasis_0001464,en,es,to the side,a la izquierda,BACKWARD_ENTAILMENT
dico_phrasis_0001464__en-eu__forward,dico_phrasis_0001464,en,eu,to the left,aldera,FORWARD_ENTAILMENT
dico_phrasis_0001464__en-eu__reverse,dico_phrasis_0001464,en,eu,to the side,ezkerrera,BACKWARD_ENTAILMENT
dico_phrasis_0001464__es-en__forward,dico_phrasis_0001464,es,en,a la izquierda,to the side,FORWARD_ENTAILMENT
dico_phrasis_0001464__es-en__reverse,dico_phrasis_0001464,es,en,al lado,to the left,BACKWARD_ENTAILMENT
dico_phrasis_0001464__es-eu__forward,dico_phrasis_0001464,es,eu,a la izquierda,aldera,FORWARD_ENTAILMENT
dico_phrasis_0001464__es-eu__reverse,dico_phrasis_0001464,es,eu,al lado,ezkerrera,BACKWARD_ENTAILMENT
dico_phrasis_0001464__eu-en__forward,dico_phrasis_0001464,eu,en,ezkerrera,to the side,FORWARD_ENTAILMENT
dico_phrasis_0001464__eu-en__reverse,dico_phrasis_0001464,eu,en,aldera,to the left,BACKWARD_ENTAILMENT
dico_phrasis_0001464__eu-es__forward,dico_phrasis_0001464,eu,es,ezkerrera,al lado,FORWARD_ENTAILMENT
dico_phrasis_0001464__eu-es__reverse,dico_phrasis_0001464,eu,es,aldera,a la izquierda,BACKWARD_ENTAILMENT
dico_phrasis_0001473__en-es__forward,dico_phrasis_0001473,en,es,through a large puddle,a través de un charco,FORWARD_ENTAILMENT
dico_phrasis_0001473__en-es__reverse,dico_phrasis_0001473,en,es,through a puddle,a través de un gran charco,BACKWARD_ENTAILMENT
dico_phrasis_0001473__en-eu__forward,dico_phrasis_0001473,en,eu,through a large puddle,putzu batetik zehar,FORWARD_ENTAILMENT
dico_phrasis_0001473__en-eu__reverse,dico_phrasis_0001473,en,eu,through a puddle,putzu handi batetik zehar,BACKWARD_ENTAILMENT
dico_phrasis_0001473__es-en__forward,dico_phrasis_0001473,es,en,a través de un gran charco,through a puddle,FORWARD_ENTAILMENT
dico_phrasis_0001473__es-en__reverse,dico_phrasis_0001473,es,en,a través de un charco,through a large puddle,BACKWARD_ENTAILMENT
dico_phrasis_0001473__es-eu__forward,dico_phrasis_0001473,es,eu,a través de un gran charco,putzu batetik zehar,FORWARD_ENTAILMENT
dico_phrasis_0001473__es-eu__reverse,dico_phrasis_0001473,es,eu,a través de un charco,putzu handi batetik zehar,BACKWARD_ENTAILMENT
dico_phrasis_0001473__eu-en__forward,dico_phrasis_0001473,eu,en,putzu handi batetik zehar,through a puddle,FORWARD_ENTAILMENT
dico_phrasis_0001473__eu-en__reverse,dico_phrasis_0001473,eu,en,putzu batetik zehar,through a large puddle,BACKWARD_ENTAILMENT
dico_phrasis_0001473__eu-es__forward,dico_phrasis_0001473,eu,es,putzu handi batetik zehar,a través de un charco,FORWARD_ENTAILMENT
dico_phrasis_0001473__eu-es__reverse,dico_phrasis_0001473,eu,es,putzu batetik zehar,a través de un gran charco,BACKWARD_ENTAILMENT
dico_phrasis_0001481__en-es__forward,dico_phrasis_0001481,en,es,a light colored rugby ball,una pelota,FORWARD_ENTAILMENT
dico_phrasis_0001481__en-es__reverse,dico_phrasis_0001481,en,es,a ball,una pelota de rugby de color claro,BACKWARD_ENTAILMENT
dico_phrasis_0001481__en-eu__forward,dico_phrasis_0001481,en,eu,a light colored rugby ball,pilota bat,FORWARD_ENTAILMENT
dico_phrasis_0001481__en-eu__reverse,dico_phrasis_0001481,en,eu,a ball,kolore argiko errugbi pilota bat,BACKWARD_ENTAILMENT
dico_phrasis_0001481__es-en__forward,dico_phrasis_0001481,es,en,una pelota de rugby de color claro,a ball,FORWARD_ENTAILMENT
dico_phrasis_0001481__es-en__reverse,dico_phrasis_0001481,es,en,una pelota,a light colored rugby ball,BACKWARD_ENTAILMENT
dico_phrasis_0001481__es-eu__forward,dico_phrasis_0001481,es,eu,una pelota de rugby de color claro,pilota bat,FORWARD_ENTAILMENT
dico_phrasis_0001481__es-eu__reverse,dico_phrasis_0001481,es,eu,una pelota,kolore argiko errugbi pilota bat,BACKWARD_ENTAILMENT
dico_phrasis_0001481__eu-en__forward,dico_phrasis_0001481,eu,en,kolore argiko errugbi pilota bat,a ball,FORWARD_ENTAILMENT
dico_phrasis_0001481__eu-en__reverse,dico_phrasis_0001481,eu,en,pilota bat,a light colored rugby ball,BACKWARD_ENTAILMENT
dico_phrasis_0001481__eu-es__forward,dico_phrasis_0001481,eu,es,kolore argiko errugbi pilota bat,una pelota,FORWARD_ENTAILMENT
dico_phrasis_0001481__eu-es__reverse,dico_phrasis_0001481,eu,es,pilota bat,una pelota de rugby de color claro,BACKWARD_ENTAILMENT
dico_phrasis_0001491__en-es__forward,dico_phrasis_0001491,en,es,in tall grass,en la hierba,FORWARD_ENTAILMENT
dico_phrasis_0001491__en-es__reverse,dico_phrasis_0001491,en,es,in the grass,en hierba alta,BACKWARD_ENTAILMENT
dico_phrasis_0001491__en-eu__forward,dico_phrasis_0001491,en,eu,in tall grass,belarrean,FORWARD_ENTAILMENT
dico_phrasis_0001491__en-eu__reverse,dico_phrasis_0001491,en,eu,in the grass,belar altuan,BACKWARD_ENTAILMENT
dico_phrasis_0001491__es-en__forward,dico_phrasis_0001491,es,en,en hierba alta,in the grass,FORWARD_ENTAILMENT
dico_phrasis_0001491__es-en__reverse,dico_phrasis_0001491,es,en,en la hierba,in tall grass,BACKWARD_ENTAILMENT
dico_phrasis_0001491__es-eu__forward,dico_phrasis_0001491,es,eu,en hierba alta,belarrean,FORWARD_ENTAILMENT
dico_phrasis_0001491__es-eu__reverse,dico_phrasis_0001491,es,eu,en la hierba,belar altuan,BACKWARD_ENTAILMENT
dico_phrasis_0001491__eu-en__forward,dico_phrasis_0001491,eu,en,belar altuan,in the grass,FORWARD_ENTAILMENT
dico_phrasis_0001491__eu-en__reverse,dico_phrasis_0001491,eu,en,belarrean,in tall grass,BACKWARD_ENTAILMENT
dico_phrasis_0001491__eu-es__forward,dico_phrasis_0001491,eu,es,belar altuan,en la hierba,FORWARD_ENTAILMENT
dico_phrasis_0001491__eu-es__reverse,dico_phrasis_0001491,eu,es,belarrean,en hierba alta,BACKWARD_ENTAILMENT
dico_phrasis_0001492__en-es__forward,dico_phrasis_0001492,en,es,on the sandy beach,junto a la playa,FORWARD_ENTAILMENT
dico_phrasis_0001492__en-es__reverse,dico_phrasis_0001492,en,es,beside the beach,en la playa de arena,BACKWARD_ENTAILMENT
dico_phrasis_0001492__en-eu__forward,dico_phrasis_0001492,en,eu,on the sandy beach,hondartzaren ondoan,FORWARD_ENTAILMENT
dico_phrasis_0001492__en-eu__reverse,dico_phrasis_0001492,en,eu,beside the beach,hondarrezko hondartzan,BACKWARD_ENTAILMENT
dico_phrasis_0001492__es-en__forward,dico_phrasis_0001492,es,en,en la playa de arena,beside the beach,FORWARD_ENTAILMENT
dico_phrasis_0001492__es-en__reverse,dico_phrasis_0001492,es,en,junto a la playa,on the sandy beach,BACKWARD_ENTAILMENT
dico_phrasis_0001492__es-eu__forward,dico_phrasis_0001492,es,eu,en la playa de arena,hondartzaren ondoan,FORWARD_ENTAILMENT
dico_phrasis_0001492__es-eu__reverse,dico_phrasis_0001492,es,eu,junto a la playa,hondarrezko hondartzan,BACKWARD_ENTAILMENT
dico_phrasis_0001492__eu-en__forward,dico_phrasis_0001492,eu,en,hondarrezko hondartzan,beside the beach,FORWARD_ENTAILMENT
dico_phrasis_0001492__eu-en__reverse,dico_phrasis_0001492,eu,en,hondartzaren ondoan,on the sandy beach,BACKWARD_ENTAILMENT
dico_phrasis_0001492__eu-es__forward,dico_phrasis_0001492,eu,es,hondarrezko hondartzan,junto a la playa,FORWARD_ENTAILMENT
dico_phrasis_0001492__eu-es__reverse,dico_phrasis_0001492,eu,es,hondartzaren ondoan,en la playa de arena,BACKWARD_ENTAILMENT
dico_phrasis_0001497__en-es__forward,dico_phrasis_0001497,en,es,Two older men,Dos hombres,FORWARD_ENTAILMENT
dico_phrasis_0001497__en-es__reverse,dico_phrasis_0001497,en,es,Two men,Dos hombres mayores,BACKWARD_ENTAILMENT
dico_phrasis_0001497__en-eu__forward,dico_phrasis_0001497,en,eu,Two older men,Bi gizon,FORWARD_ENTAILMENT
dico_phrasis_0001497__en-eu__reverse,dico_phrasis_0001497,en,eu,Two men,Bi gizon zaharrago,BACKWARD_ENTAILMENT
dico_phrasis_0001497__es-en__forward,dico_phrasis_0001497,es,en,Dos hombres mayores,Two men,FORWARD_ENTAILMENT
dico_phrasis_0001497__es-en__reverse,dico_phrasis_0001497,es,en,Dos hombres,Two older men,BACKWARD_ENTAILMENT
dico_phrasis_0001497__es-eu__forward,dico_phrasis_0001497,es,eu,Dos hombres mayores,Bi gizon,FORWARD_ENTAILMENT
dico_phrasis_0001497__es-eu__reverse,dico_phrasis_0001497,es,eu,Dos hombres,Bi gizon zaharrago,BACKWARD_ENTAILMENT
dico_phrasis_0001497__eu-en__forward,dico_phrasis_0001497,eu,en,Bi gizon zaharrago,Two men,FORWARD_ENTAILMENT
dico_phrasis_0001497__eu-en__reverse,dico_phrasis_0001497,eu,en,Bi gizon,Two older men,BACKWARD_ENTAILMENT
dico_phrasis_0001497__eu-es__forward,dico_phrasis_0001497,eu,es,Bi gizon zaharrago,Dos hombres,FORWARD_ENTAILMENT
dico_phrasis_0001497__eu-es__reverse,dico_phrasis_0001497,eu,es,Bi gizon,Dos hombres mayores,BACKWARD_ENTAILMENT
dico_phrasis_0001501__en-es__forward,dico_phrasis_0001501,en,es,A wet white dog,Unos perros blancos,FORWARD_ENTAILMENT
dico_phrasis_0001501__en-es__reverse,dico_phrasis_0001501,en,es,A white dogs,Un perro blanco mojado,BACKWARD_ENTAILMENT
dico_phrasis_0001501__en-eu__forward,dico_phrasis_0001501,en,eu,A wet white dog,txakur zuriak,FORWARD_ENTAILMENT
dico_phrasis_0001501__en-eu__reverse,dico_phrasis_0001501,en,eu,A white dogs,txakur zuri busti bat,BACKWARD_ENTAILMENT
dico_phrasis_0001501__es-en__forward,dico_phrasis_0001501,es,en,Un perro blanco mojado,A white dogs,FORWARD_ENTAILMENT
dico_phrasis_0001501__es-en__reverse,dico_phrasis_0001501,es,en,Unos perros blancos,A wet white dog,BACKWARD_ENTAILMENT
dico_phrasis_0001501__es-eu__forward,dico_phrasis_0001501,es,eu,Un perro blanco mojado,txakur zuriak,FORWARD_ENTAILMENT
dico_phrasis_0001501__es-eu__reverse,dico_phrasis_0001501,es,eu,Unos perros blancos,txakur zuri busti bat,BACKWARD_ENTAILMENT
dico_phrasis_0001501__eu-en__forward,dico_phrasis_0001501,eu,en,txakur zuri busti bat,A white dogs,FORWARD_ENTAILMENT
dico_phrasis_0001501__eu-en__reverse,dico_phrasis_0001501,eu,en,txakur zuriak,A wet white dog,BACKWARD_ENTAILMENT
dico_phrasis_0001501__eu-es__forward,dico_phrasis_0001501,eu,es,txakur zuri busti bat,Unos perros blancos,FORWARD_ENTAILMENT
dico_phrasis_0001501__eu-es__reverse,dico_phrasis_0001501,eu,es,txakur zuriak,Un perro blanco mojado,BACKWARD_ENTAILMENT
dico_phrasis_0001510__en-es__forward,dico_phrasis_0001510,en,es,These children,cuatro niños,FORWARD_ENTAILMENT
dico_phrasis_0001510__en-es__reverse,dico_phrasis_0001510,en,es,four children,Estos niños,BACKWARD_ENTAILMENT
dico_phrasis_0001510__en-eu__forward,dico_phrasis_0001510,en,eu,These children,lau haur,FORWARD_ENTAILMENT
dico_phrasis_0001510__en-eu__reverse,dico_phrasis_0001510,en,eu,four children,haur hauek,BACKWARD_ENTAILMENT
dico_phrasis_0001510__es-en__forward,dico_phrasis_0001510,es,en,Estos niños,four children,FORWARD_ENTAILMENT
dico_phrasis_0001510__es-en__reverse,dico_phrasis_0001510,es,en,cuatro niños,These children,BACKWARD_ENTAILMENT
dico_phrasis_0001510__es-eu__forward,dico_phrasis_0001510,es,eu,Estos niños,lau haur,FORWARD_ENTAILMENT
dico_phrasis_0001510__es-eu__reverse,dico_phrasis_0001510,es,eu,cuatro niños,haur hauek,BACKWARD_ENTAILMENT
dico_phrasis_0001510__eu-en__forward,dico_phrasis_0001510,eu,en,haur hauek,four children,FORWARD_ENTAILMENT
dico_phrasis_0001510__eu-en__reverse,dico_phrasis_0001510,eu,en,lau haur,These children,BACKWARD_ENTAILMENT
dico_phrasis_0001510__eu-es__forward,dico_phrasis_0001510,eu,es,haur hauek,cuatro niños,FORWARD_ENTAILMENT
dico_phrasis_0001510__eu-es__reverse,dico_phrasis_0001510,eu,es,lau haur,Estos niños,BACKWARD_ENTAILMENT
dico_phrasis_0001521__en-es__forward,dico_phrasis_0001521,en,es,on a scooter,un scooter,FORWARD_ENTAILMENT
dico_phrasis_0001521__en-es__reverse,dico_phrasis_0001521,en,es,a scooter,en un scooter,BACKWARD_ENTAILMENT
dico_phrasis_0001521__en-eu__forward,dico_phrasis_0001521,en,eu,on a scooter,scooter bat,FORWARD_ENTAILMENT
dico_phrasis_0001521__en-eu__reverse,dico_phrasis_0001521,en,eu,a scooter,scooter batean,BACKWARD_ENTAILMENT
dico_phrasis_0001521__es-en__forward,dico_phrasis_0001521,es,en,en un scooter,a scooter,FORWARD_ENTAILMENT
dico_phrasis_0001521__es-en__reverse,dico_phrasis_0001521,es,en,un scooter,on a scooter,BACKWARD_ENTAILMENT
dico_phrasis_0001521__es-eu__forward,dico_phrasis_0001521,es,eu,en un scooter,scooter bat,FORWARD_ENTAILMENT
dico_phrasis_0001521__es-eu__reverse,dico_phrasis_0001521,es,eu,un scooter,scooter batean,BACKWARD_ENTAILMENT
dico_phrasis_0001521__eu-en__forward,dico_phrasis_0001521,eu,en,scooter batean,a scooter,FORWARD_ENTAILMENT
dico_phrasis_0001521__eu-en__reverse,dico_phrasis_0001521,eu,en,scooter bat,on a scooter,BACKWARD_ENTAILMENT
dico_phrasis_0001521__eu-es__forward,dico_phrasis_0001521,eu,es,scooter batean,un scooter,FORWARD_ENTAILMENT
dico_phrasis_0001521__eu-es__reverse,dico_phrasis_0001521,eu,es,scooter bat,en un scooter,BACKWARD_ENTAILMENT
dico_phrasis_0001522__en-es__forward,dico_phrasis_0001522,en,es,on the grassy field,en la hierba,FORWARD_ENTAILMENT
dico_phrasis_0001522__en-es__reverse,dico_phrasis_0001522,en,es,in the grass,en el campo cubierto de hierba,BACKWARD_ENTAILMENT
dico_phrasis_0001522__en-eu__forward,dico_phrasis_0001522,en,eu,on the grassy field,belarrean,FORWARD_ENTAILMENT
dico_phrasis_0001522__en-eu__reverse,dico_phrasis_0001522,en,eu,in the grass,belarrezko zelaian,BACKWARD_ENTAILMENT
dico_phrasis_0001522__es-en__forward,dico_phrasis_0001522,es,en,en el campo cubierto de hierba,in the grass,FORWARD_ENTAILMENT
dico_phrasis_0001522__es-en__reverse,dico_phrasis_0001522,es,en,en la hierba,on the grassy field,BACKWARD_ENTAILMENT
dico_phrasis_0001522__es-eu__forward,dico_phrasis_0001522,es,eu,en el campo cubierto de hierba,belarrean,FORWARD_ENTAILMENT
dico_phrasis_0001522__es-eu__reverse,dico_phrasis_0001522,es,eu,en la hierba,belarrezko zelaian,BACKWARD_ENTAILMENT
dico_phrasis_0001522__eu-en__forward,dico_phrasis_0001522,eu,en,belarrezko zelaian,in the grass,FORWARD_ENTAILMENT
dico_phrasis_0001522__eu-en__reverse,dico_phrasis_0001522,eu,en,belarrean,on the grassy field,BACKWARD_ENTAILMENT
dico_phrasis_0001522__eu-es__forward,dico_phrasis_0001522,eu,es,belarrezko zelaian,en la hierba,FORWARD_ENTAILMENT
dico_phrasis_0001522__eu-es__reverse,dico_phrasis_0001522,eu,es,belarrean,en el campo cubierto de hierba,BACKWARD_ENTAILMENT
dico_phrasis_0001525__en-es__forward,dico_phrasis_0001525,en,es,through the grass,en la hierba,FORWARD_ENTAILMENT
dico_phrasis_0001525__en-es__reverse,dico_phrasis_0001525,en,es,in the grass,a través de la hierba,BACKWARD_ENTAILMENT
dico_phrasis_0001525__en-eu__forward,dico_phrasis_0001525,en,eu,through the grass,belarrean,FORWARD_ENTAILMENT
dico_phrasis_0001525__en-eu__reverse,dico_phrasis_0001525,en,eu,in the grass,belarretatik,BACKWARD_ENTAILMENT
dico_phrasis_0001525__es-en__forward,dico_phrasis_0001525,es,en,a través de la hierba,in the grass,FORWARD_ENTAILMENT
dico_phrasis_0001525__es-en__reverse,dico_phrasis_0001525,es,en,en la hierba,through the grass,BACKWARD_ENTAILMENT
dico_phrasis_0001525__es-eu__forward,dico_phrasis_0001525,es,eu,a través de la hierba,belarrean,FORWARD_ENTAILMENT
dico_phrasis_0001525__es-eu__reverse,dico_phrasis_0001525,es,eu,en la hierba,belarretatik,BACKWARD_ENTAILMENT
dico_phrasis_0001525__eu-en__forward,dico_phrasis_0001525,eu,en,belarretatik,in the grass,FORWARD_ENTAILMENT
dico_phrasis_0001525__eu-en__reverse,dico_phrasis_0001525,eu,en,belarrean,through the grass,BACKWARD_ENTAILMENT
dico_phrasis_0001525__eu-es__forward,dico_phrasis_0001525,eu,es,belarretatik,en la hierba,FORWARD_ENTAILMENT
dico_phrasis_0001525__eu-es__reverse,dico_phrasis_0001525,eu,es,belarrean,a través de la hierba,BACKWARD_ENTAILMENT
dico_phrasis_0001529__en-es__forward,dico_phrasis_0001529,en,es,are playing fetch,están jugando,FORWARD_ENTAILMENT
dico_phrasis_0001529__en-es__reverse,dico_phrasis_0001529,en,es,are playing,están jugando a buscar la pelota,BACKWARD_ENTAILMENT
dico_phrasis_0001529__en-eu__forward,dico_phrasis_0001529,en,eu,are playing fetch,jolasean ari dira,FORWARD_ENTAILMENT
dico_phrasis_0001529__en-eu__reverse,dico_phrasis_0001529,en,eu,are playing,ekarri-jolasean ari dira,BACKWARD_ENTAILMENT
dico_phrasis_0001529__es-en__forward,dico_phrasis_0001529,es,en,están jugando a buscar la pelota,are playing,FORWARD_ENTAILMENT
dico_phrasis_0001529__es-en__reverse,dico_phrasis_0001529,es,en,están jugando,are playing fetch,BACKWARD_ENTAILMENT
dico_phrasis_0001529__es-eu__forward,dico_phrasis_0001529,es,eu,están jugando a buscar la pelota,jolasean ari dira,FORWARD_ENTAILMENT
dico_phrasis_0001529__es-eu__reverse,dico_phrasis_0001529,es,eu,están jugando,ekarri-jolasean ari dira,BACKWARD_ENTAILMENT
dico_phrasis_0001529__eu-en__forward,dico_phrasis_0001529,eu,en,ekarri-jolasean ari dira,are playing,FORWARD_ENTAILMENT
dico_phrasis_0001529__eu-en__reverse,dico_phrasis_0001529,eu,en,jolasean ari dira,are playing fetch,BACKWARD_ENTAILMENT
dico_phrasis_0001529__eu-es__forward,dico_phrasis_0001529,eu,es,ekarri-jolasean ari dira,están jugando,FORWARD_ENTAILMENT
dico_phrasis_0001529__eu-es__reverse,dico_phrasis_0001529,eu,es,jolasean ari dira,están jugando a buscar la pelota,BACKWARD_ENTAILMENT
dico_phrasis_0001533__en-es__forward,dico_phrasis_0001533,en,es,is running,está,FORWARD_ENTAILMENT
dico_phrasis_0001533__en-es__reverse,dico_phrasis_0001533,en,es,is,está corriendo,BACKWARD_ENTAILMENT
dico_phrasis_0001533__en-eu__forward,dico_phrasis_0001533,en,eu,is running,da,FORWARD_ENTAILMENT
dico_phrasis_0001533__en-eu__reverse,dico_phrasis_0001533,en,eu,is,korrika ari da,BACKWARD_ENTAILMENT
dico_phrasis_0001533__es-en__forward,dico_phrasis_0001533,es,en,está corriendo,is,FORWARD_ENTAILMENT
dico_phrasis_0001533__es-en__reverse,dico_phrasis_0001533,es,en,está,is running,BACKWARD_ENTAILMENT
dico_phrasis_0001533__es-eu__forward,dico_phrasis_0001533,es,eu,está corriendo,da,FORWARD_ENTAILMENT
dico_phrasis_0001533__es-eu__reverse,dico_phrasis_0001533,es,eu,está,korrika ari da,BACKWARD_ENTAILMENT
dico_phrasis_0001533__eu-en__forward,dico_phrasis_0001533,eu,en,korrika ari da,is,FORWARD_ENTAILMENT
dico_phrasis_0001533__eu-en__reverse,dico_phrasis_0001533,eu,en,da,is running,BACKWARD_ENTAILMENT
dico_phrasis_0001533__eu-es__forward,dico_phrasis_0001533,eu,es,korrika ari da,está,FORWARD_ENTAILMENT
dico_phrasis_0001533__eu-es__reverse,dico_phrasis_0001533,eu,es,da,está corriendo,BACKWARD_ENTAILMENT
dico_phrasis_0001539__en-es__forward,dico_phrasis_0001539,en,es,snowboarding and jumping,saltar,FORWARD_ENTAILMENT
dico_phrasis_0001539__en-es__reverse,dico_phrasis_0001539,en,es,jumping,snowboard y saltar,BACKWARD_ENTAILMENT
dico_phrasis_0001539__en-eu__forward,dico_phrasis_0001539,en,eu,snowboarding and jumping,salto egitea,FORWARD_ENTAILMENT
dico_phrasis_0001539__en-eu__reverse,dico_phrasis_0001539,en,eu,jumping,snowboarda eta salto egitea,BACKWARD_ENTAILMENT
dico_phrasis_0001539__es-en__forward,dico_phrasis_0001539,es,en,snowboard y saltar,jumping,FORWARD_ENTAILMENT
dico_phrasis_0001539__es-en__reverse,dico_phrasis_0001539,es,en,saltar,snowboarding and jumping,BACKWARD_ENTAILMENT
dico_phrasis_0001539__es-eu__forward,dico_phrasis_0001539,es,eu,snowboard y saltar,salto egitea,FORWARD_ENTAILMENT
dico_phrasis_0001539__es-eu__reverse,dico_phrasis_0001539,es,eu,saltar,snowboarda eta salto egitea,BACKWARD_ENTAILMENT
dico_phrasis_0001539__eu-en__forward,dico_phrasis_0001539,eu,en,snowboarda eta salto egitea,jumping,FORWARD_ENTAILMENT
dico_phrasis_0001539__eu-en__reverse,dico_phrasis_0001539,eu,en,salto egitea,snowboarding and jumping,BACKWARD_ENTAILMENT
dico_phrasis_0001539__eu-es__forward,dico_phrasis_0001539,eu,es,snowboarda eta salto egitea,saltar,FORWARD_ENTAILMENT
dico_phrasis_0001539__eu-es__reverse,dico_phrasis_0001539,eu,es,salto egitea,snowboard y saltar,BACKWARD_ENTAILMENT
dico_phrasis_0001540__en-es__forward,dico_phrasis_0001540,en,es,through the deep snow,a través de la nieve,FORWARD_ENTAILMENT
dico_phrasis_0001540__en-es__reverse,dico_phrasis_0001540,en,es,through the snow,a través de la nieve profunda,BACKWARD_ENTAILMENT
dico_phrasis_0001540__en-eu__forward,dico_phrasis_0001540,en,eu,through the deep snow,elurrean zehar,FORWARD_ENTAILMENT
dico_phrasis_0001540__en-eu__reverse,dico_phrasis_0001540,en,eu,through the snow,elur sakonean zehar,BACKWARD_ENTAILMENT
dico_phrasis_0001540__es-en__forward,dico_phrasis_0001540,es,en,a través de la nieve profunda,through the snow,FORWARD_ENTAILMENT
dico_phrasis_0001540__es-en__reverse,dico_phrasis_0001540,es,en,a través de la nieve,through the deep snow,BACKWARD_ENTAILMENT
dico_phrasis_0001540__es-eu__forward,dico_phrasis_0001540,es,eu,a través de la nieve profunda,elurrean zehar,FORWARD_ENTAILMENT
dico_phrasis_0001540__es-eu__reverse,dico_phrasis_0001540,es,eu,a través de la nieve,elur sakonean zehar,BACKWARD_ENTAILMENT
dico_phrasis_0001540__eu-en__forward,dico_phrasis_0001540,eu,en,elur sakonean zehar,through the snow,FORWARD_ENTAILMENT
dico_phrasis_0001540__eu-en__reverse,dico_phrasis_0001540,eu,en,elurrean zehar,through the deep snow,BACKWARD_ENTAILMENT
dico_phrasis_0001540__eu-es__forward,dico_phrasis_0001540,eu,es,elur sakonean zehar,a través de la nieve,FORWARD_ENTAILMENT
dico_phrasis_0001540__eu-es__reverse,dico_phrasis_0001540,eu,es,elurrean zehar,a través de la nieve profunda,BACKWARD_ENTAILMENT
dico_phrasis_0001542__en-es__forward,dico_phrasis_0001542,en,es,next to a mossy tree,alrededor de un árbol,FORWARD_ENTAILMENT
dico_phrasis_0001542__en-es__reverse,dico_phrasis_0001542,en,es,around a tree,junto a un árbol cubierto de musgo,BACKWARD_ENTAILMENT
dico_phrasis_0001542__en-eu__forward,dico_phrasis_0001542,en,eu,next to a mossy tree,zuhaitz baten inguruan,FORWARD_ENTAILMENT
dico_phrasis_0001542__en-eu__reverse,dico_phrasis_0001542,en,eu,around a tree,zuhaitz goroldiotsu baten ondoan,BACKWARD_ENTAILMENT
dico_phrasis_0001542__es-en__forward,dico_phrasis_0001542,es,en,junto a un árbol cubierto de musgo,around a tree,FORWARD_ENTAILMENT
dico_phrasis_0001542__es-en__reverse,dico_phrasis_0001542,es,en,alrededor de un árbol,next to a mossy tree,BACKWARD_ENTAILMENT
dico_phrasis_0001542__es-eu__forward,dico_phrasis_0001542,es,eu,junto a un árbol cubierto de musgo,zuhaitz baten inguruan,FORWARD_ENTAILMENT
dico_phrasis_0001542__es-eu__reverse,dico_phrasis_0001542,es,eu,alrededor de un árbol,zuhaitz goroldiotsu baten ondoan,BACKWARD_ENTAILMENT
dico_phrasis_0001542__eu-en__forward,dico_phrasis_0001542,eu,en,zuhaitz goroldiotsu baten ondoan,around a tree,FORWARD_ENTAILMENT
dico_phrasis_0001542__eu-en__reverse,dico_phrasis_0001542,eu,en,zuhaitz baten inguruan,next to a mossy tree,BACKWARD_ENTAILMENT
dico_phrasis_0001542__eu-es__forward,dico_phrasis_0001542,eu,es,zuhaitz goroldiotsu baten ondoan,alrededor de un árbol,FORWARD_ENTAILMENT
dico_phrasis_0001542__eu-es__reverse,dico_phrasis_0001542,eu,es,zuhaitz baten inguruan,junto a un árbol cubierto de musgo,BACKWARD_ENTAILMENT
dico_phrasis_0001543__en-es__forward,dico_phrasis_0001543,en,es,with some wooden blocks,bloques de madera,FORWARD_ENTAILMENT
dico_phrasis_0001543__en-es__reverse,dico_phrasis_0001543,en,es,wooden blocks,con algunos bloques de madera,BACKWARD_ENTAILMENT
dico_phrasis_0001543__en-eu__forward,dico_phrasis_0001543,en,eu,with some wooden blocks,egurrezko blokeak,FORWARD_ENTAILMENT
dico_phrasis_0001543__en-eu__reverse,dico_phrasis_0001543,en,eu,wooden blocks,egurrezko bloke batzuekin,BACKWARD_ENTAILMENT
dico_phrasis_0001543__es-en__forward,dico_phrasis_0001543,es,en,con algunos bloques de madera,wooden blocks,FORWARD_ENTAILMENT
dico_phrasis_0001543__es-en__reverse,dico_phrasis_0001543,es,en,bloques de madera,with some wooden blocks,BACKWARD_ENTAILMENT
dico_phrasis_0001543__es-eu__forward,dico_phrasis_0001543,es,eu,con algunos bloques de madera,egurrezko blokeak,FORWARD_ENTAILMENT
dico_phrasis_0001543__es-eu__reverse,dico_phrasis_0001543,es,eu,bloques de madera,egurrezko bloke batzuekin,BACKWARD_ENTAILMENT
dico_phrasis_0001543__eu-en__forward,dico_phrasis_0001543,eu,en,egurrezko bloke batzuekin,wooden blocks,FORWARD_ENTAILMENT
dico_phrasis_0001543__eu-en__reverse,dico_phrasis_0001543,eu,en,egurrezko blokeak,with some wooden blocks,BACKWARD_ENTAILMENT
dico_phrasis_0001543__eu-es__forward,dico_phrasis_0001543,eu,es,egurrezko bloke batzuekin,bloques de madera,FORWARD_ENTAILMENT
dico_phrasis_0001543__eu-es__reverse,dico_phrasis_0001543,eu,es,egurrezko blokeak,con algunos bloques de madera,BACKWARD_ENTAILMENT
dico_phrasis_0001544__en-es__forward,dico_phrasis_0001544,en,es,of ahuge field,en un campo,FORWARD_ENTAILMENT
dico_phrasis_0001544__en-es__reverse,dico_phrasis_0001544,en,es,in a field,de un campo enorme,BACKWARD_ENTAILMENT
dico_phrasis_0001544__en-eu__forward,dico_phrasis_0001544,en,eu,of ahuge field,zelai batean,FORWARD_ENTAILMENT
dico_phrasis_0001544__en-eu__reverse,dico_phrasis_0001544,en,eu,in a field,zelai erraldoi batekoa,BACKWARD_ENTAILMENT
dico_phrasis_0001544__es-en__forward,dico_phrasis_0001544,es,en,de un campo enorme,in a field,FORWARD_ENTAILMENT
dico_phrasis_0001544__es-en__reverse,dico_phrasis_0001544,es,en,en un campo,of ahuge field,BACKWARD_ENTAILMENT
dico_phrasis_0001544__es-eu__forward,dico_phrasis_0001544,es,eu,de un campo enorme,zelai batean,FORWARD_ENTAILMENT
dico_phrasis_0001544__es-eu__reverse,dico_phrasis_0001544,es,eu,en un campo,zelai erraldoi batekoa,BACKWARD_ENTAILMENT
dico_phrasis_0001544__eu-en__forward,dico_phrasis_0001544,eu,en,zelai erraldoi batekoa,in a field,FORWARD_ENTAILMENT
dico_phrasis_0001544__eu-en__reverse,dico_phrasis_0001544,eu,en,zelai batean,of ahuge field,BACKWARD_ENTAILMENT
dico_phrasis_0001544__eu-es__forward,dico_phrasis_0001544,eu,es,zelai erraldoi batekoa,en un campo,FORWARD_ENTAILMENT
dico_phrasis_0001544__eu-es__reverse,dico_phrasis_0001544,eu,es,zelai batean,de un campo enorme,BACKWARD_ENTAILMENT
dico_phrasis_0001552__en-es__forward,dico_phrasis_0001552,en,es,US drone strike,ataque con dron,FORWARD_ENTAILMENT
dico_phrasis_0001552__en-es__reverse,dico_phrasis_0001552,en,es,Drone strike,ataque con dron de EE. UU.,BACKWARD_ENTAILMENT
dico_phrasis_0001552__en-eu__forward,dico_phrasis_0001552,en,eu,US drone strike,Drone eraso,FORWARD_ENTAILMENT
dico_phrasis_0001552__en-eu__reverse,dico_phrasis_0001552,en,eu,Drone strike,AEBetako drone eraso,BACKWARD_ENTAILMENT
dico_phrasis_0001552__es-en__forward,dico_phrasis_0001552,es,en,ataque con dron de EE. UU.,Drone strike,FORWARD_ENTAILMENT
dico_phrasis_0001552__es-en__reverse,dico_phrasis_0001552,es,en,ataque con dron,US drone strike,BACKWARD_ENTAILMENT
dico_phrasis_0001552__es-eu__forward,dico_phrasis_0001552,es,eu,ataque con dron de EE. UU.,Drone eraso,FORWARD_ENTAILMENT
dico_phrasis_0001552__es-eu__reverse,dico_phrasis_0001552,es,eu,ataque con dron,AEBetako drone eraso,BACKWARD_ENTAILMENT
dico_phrasis_0001552__eu-en__forward,dico_phrasis_0001552,eu,en,AEBetako drone eraso,Drone strike,FORWARD_ENTAILMENT
dico_phrasis_0001552__eu-en__reverse,dico_phrasis_0001552,eu,en,Drone eraso,US drone strike,BACKWARD_ENTAILMENT
dico_phrasis_0001552__eu-es__forward,dico_phrasis_0001552,eu,es,AEBetako drone eraso,ataque con dron,FORWARD_ENTAILMENT
dico_phrasis_0001552__eu-es__reverse,dico_phrasis_0001552,eu,es,Drone eraso,ataque con dron de EE. UU.,BACKWARD_ENTAILMENT
dico_phrasis_0001553__en-es__forward,dico_phrasis_0001553,en,es,5 militants,cuatro supuestos militantes,FORWARD_ENTAILMENT
dico_phrasis_0001553__en-es__reverse,dico_phrasis_0001553,en,es,four suspected militants,5 militantes,BACKWARD_ENTAILMENT
dico_phrasis_0001553__en-eu__forward,dico_phrasis_0001553,en,eu,5 militants,susmatutako lau militante,FORWARD_ENTAILMENT
dico_phrasis_0001553__en-eu__reverse,dico_phrasis_0001553,en,eu,four suspected militants,5 militante,BACKWARD_ENTAILMENT
dico_phrasis_0001553__es-en__forward,dico_phrasis_0001553,es,en,5 militantes,four suspected militants,FORWARD_ENTAILMENT
dico_phrasis_0001553__es-en__reverse,dico_phrasis_0001553,es,en,cuatro supuestos militantes,5 militants,BACKWARD_ENTAILMENT
dico_phrasis_0001553__es-eu__forward,dico_phrasis_0001553,es,eu,5 militantes,susmatutako lau militante,FORWARD_ENTAILMENT
dico_phrasis_0001553__es-eu__reverse,dico_phrasis_0001553,es,eu,cuatro supuestos militantes,5 militante,BACKWARD_ENTAILMENT
dico_phrasis_0001553__eu-en__forward,dico_phrasis_0001553,eu,en,5 militante,four suspected militants,FORWARD_ENTAILMENT
dico_phrasis_0001553__eu-en__reverse,dico_phrasis_0001553,eu,en,susmatutako lau militante,5 militants,BACKWARD_ENTAILMENT
dico_phrasis_0001553__eu-es__forward,dico_phrasis_0001553,eu,es,5 militante,cuatro supuestos militantes,FORWARD_ENTAILMENT
dico_phrasis_0001553__eu-es__reverse,dico_phrasis_0001553,eu,es,susmatutako lau militante,5 militantes,BACKWARD_ENTAILMENT
dico_phrasis_0001565__en-es__forward,dico_phrasis_0001565,en,es,100 killed,9 muertos,FORWARD_ENTAILMENT
dico_phrasis_0001565__en-es__reverse,dico_phrasis_0001565,en,es,9 Dead,100 muertos,BACKWARD_ENTAILMENT
dico_phrasis_0001565__en-eu__forward,dico_phrasis_0001565,en,eu,100 killed,9 hildako,FORWARD_ENTAILMENT
dico_phrasis_0001565__en-eu__reverse,dico_phrasis_0001565,en,eu,9 Dead,100 hildako,BACKWARD_ENTAILMENT
dico_phrasis_0001565__es-en__forward,dico_phrasis_0001565,es,en,100 muertos,9 Dead,FORWARD_ENTAILMENT
dico_phrasis_0001565__es-en__reverse,dico_phrasis_0001565,es,en,9 muertos,100 killed,BACKWARD_ENTAILMENT
dico_phrasis_0001565__es-eu__forward,dico_phrasis_0001565,es,eu,100 muertos,9 hildako,FORWARD_ENTAILMENT
dico_phrasis_0001565__es-eu__reverse,dico_phrasis_0001565,es,eu,9 muertos,100 hildako,BACKWARD_ENTAILMENT
dico_phrasis_0001565__eu-en__forward,dico_phrasis_0001565,eu,en,100 hildako,9 Dead,FORWARD_ENTAILMENT
dico_phrasis_0001565__eu-en__reverse,dico_phrasis_0001565,eu,en,9 hildako,100 killed,BACKWARD_ENTAILMENT
dico_phrasis_0001565__eu-es__forward,dico_phrasis_0001565,eu,es,100 hildako,9 muertos,FORWARD_ENTAILMENT
dico_phrasis_0001565__eu-es__reverse,dico_phrasis_0001565,eu,es,9 hildako,100 muertos,BACKWARD_ENTAILMENT
dico_phrasis_0001575__en-es__forward,dico_phrasis_0001575,en,es,Google and IBM Post Strong Earnings,por sólidas ganancias,FORWARD_ENTAILMENT
dico_phrasis_0001575__en-es__reverse,dico_phrasis_0001575,en,es,on strong earnings,Google e IBM registran sólidas ganancias,BACKWARD_ENTAILMENT
dico_phrasis_0001575__en-eu__forward,dico_phrasis_0001575,en,eu,Google and IBM Post Strong Earnings,irabazi sendoei esker,FORWARD_ENTAILMENT
dico_phrasis_0001575__en-eu__reverse,dico_phrasis_0001575,en,eu,on strong earnings,Googlek eta IBMk irabazi sendoak argitaratu dituzte,BACKWARD_ENTAILMENT
dico_phrasis_0001575__es-en__forward,dico_phrasis_0001575,es,en,Google e IBM registran sólidas ganancias,on strong earnings,FORWARD_ENTAILMENT
dico_phrasis_0001575__es-en__reverse,dico_phrasis_0001575,es,en,por sólidas ganancias,Google and IBM Post Strong Earnings,BACKWARD_ENTAILMENT
dico_phrasis_0001575__es-eu__forward,dico_phrasis_0001575,es,eu,Google e IBM registran sólidas ganancias,irabazi sendoei esker,FORWARD_ENTAILMENT
dico_phrasis_0001575__es-eu__reverse,dico_phrasis_0001575,es,eu,por sólidas ganancias,Googlek eta IBMk irabazi sendoak argitaratu dituzte,BACKWARD_ENTAILMENT
dico_phrasis_0001575__eu-en__forward,dico_phrasis_0001575,eu,en,Googlek eta IBMk irabazi sendoak argitaratu dituzte,on strong earnings,FORWARD_ENTAILMENT
dico_phrasis_0001575__eu-en__reverse,dico_phrasis_0001575,eu,en,irabazi sendoei esker,Google and IBM Post Strong Earnings,BACKWARD_ENTAILMENT
dico_phrasis_0001575__eu-es__forward,dico_phrasis_0001575,eu,es,Googlek eta IBMk irabazi sendoak argitaratu dituzte,por sólidas ganancias,FORWARD_ENTAILMENT
dico_phrasis_0001575__eu-es__reverse,dico_phrasis_0001575,eu,es,irabazi sendoei esker,Google e IBM registran sólidas ganancias,BACKWARD_ENTAILMENT
dico_phrasis_0001588__en-es__forward,dico_phrasis_0001588,en,es,Militants,250 militantes,FORWARD_ENTAILMENT
dico_phrasis_0001588__en-es__reverse,dico_phrasis_0001588,en,es,250 militants,Militantes,BACKWARD_ENTAILMENT
dico_phrasis_0001588__en-eu__forward,dico_phrasis_0001588,en,eu,Militants,250 militante,FORWARD_ENTAILMENT
dico_phrasis_0001588__en-eu__reverse,dico_phrasis_0001588,en,eu,250 militants,Militanteak,BACKWARD_ENTAILMENT
dico_phrasis_0001588__es-en__forward,dico_phrasis_0001588,es,en,Militantes,250 militants,FORWARD_ENTAILMENT
dico_phrasis_0001588__es-en__reverse,dico_phrasis_0001588,es,en,250 militantes,Militants,BACKWARD_ENTAILMENT
dico_phrasis_0001588__es-eu__forward,dico_phrasis_0001588,es,eu,Militantes,250 militante,FORWARD_ENTAILMENT
dico_phrasis_0001588__es-eu__reverse,dico_phrasis_0001588,es,eu,250 militantes,Militanteak,BACKWARD_ENTAILMENT
dico_phrasis_0001588__eu-en__forward,dico_phrasis_0001588,eu,en,Militanteak,250 militants,FORWARD_ENTAILMENT
dico_phrasis_0001588__eu-en__reverse,dico_phrasis_0001588,eu,en,250 militante,Militants,BACKWARD_ENTAILMENT
dico_phrasis_0001588__eu-es__forward,dico_phrasis_0001588,eu,es,Militanteak,250 militantes,FORWARD_ENTAILMENT
dico_phrasis_0001588__eu-es__reverse,dico_phrasis_0001588,eu,es,250 militante,Militantes,BACKWARD_ENTAILMENT
dico_phrasis_0001591__en-es__forward,dico_phrasis_0001591,en,es,landmark nuclear deal,acuerdo nuclear,FORWARD_ENTAILMENT
dico_phrasis_0001591__en-es__reverse,dico_phrasis_0001591,en,es,nuclear deal,histórico acuerdo nuclear,BACKWARD_ENTAILMENT
dico_phrasis_0001591__en-eu__forward,dico_phrasis_0001591,en,eu,landmark nuclear deal,akordio nuklearra,FORWARD_ENTAILMENT
dico_phrasis_0001591__en-eu__reverse,dico_phrasis_0001591,en,eu,nuclear deal,mugarri den akordio nuklearra,BACKWARD_ENTAILMENT
dico_phrasis_0001591__es-en__forward,dico_phrasis_0001591,es,en,histórico acuerdo nuclear,nuclear deal,FORWARD_ENTAILMENT
dico_phrasis_0001591__es-en__reverse,dico_phrasis_0001591,es,en,acuerdo nuclear,landmark nuclear deal,BACKWARD_ENTAILMENT
dico_phrasis_0001591__es-eu__forward,dico_phrasis_0001591,es,eu,histórico acuerdo nuclear,akordio nuklearra,FORWARD_ENTAILMENT
dico_phrasis_0001591__es-eu__reverse,dico_phrasis_0001591,es,eu,acuerdo nuclear,mugarri den akordio nuklearra,BACKWARD_ENTAILMENT
dico_phrasis_0001591__eu-en__forward,dico_phrasis_0001591,eu,en,mugarri den akordio nuklearra,nuclear deal,FORWARD_ENTAILMENT
dico_phrasis_0001591__eu-en__reverse,dico_phrasis_0001591,eu,en,akordio nuklearra,landmark nuclear deal,BACKWARD_ENTAILMENT
dico_phrasis_0001591__eu-es__forward,dico_phrasis_0001591,eu,es,mugarri den akordio nuklearra,acuerdo nuclear,FORWARD_ENTAILMENT
dico_phrasis_0001591__eu-es__reverse,dico_phrasis_0001591,eu,es,akordio nuklearra,histórico acuerdo nuclear,BACKWARD_ENTAILMENT
dico_phrasis_0001599__en-es__forward,dico_phrasis_0001599,en,es,Pakistani Taliban chief Hakimullah Mehsud,talibanes de Pakistán,FORWARD_ENTAILMENT
dico_phrasis_0001599__en-es__reverse,dico_phrasis_0001599,en,es,Pakistan Taliban,jefe talibán pakistaní Hakimullah Mehsud,BACKWARD_ENTAILMENT
dico_phrasis_0001599__en-eu__forward,dico_phrasis_0001599,en,eu,Pakistani Taliban chief Hakimullah Mehsud,Pakistango talibanak,FORWARD_ENTAILMENT
dico_phrasis_0001599__en-eu__reverse,dico_phrasis_0001599,en,eu,Pakistan Taliban,Pakistango talibanen buruzagi Hakimullah Mehsud,BACKWARD_ENTAILMENT
dico_phrasis_0001599__es-en__forward,dico_phrasis_0001599,es,en,jefe talibán pakistaní Hakimullah Mehsud,Pakistan Taliban,FORWARD_ENTAILMENT
dico_phrasis_0001599__es-en__reverse,dico_phrasis_0001599,es,en,talibanes de Pakistán,Pakistani Taliban chief Hakimullah Mehsud,BACKWARD_ENTAILMENT
dico_phrasis_0001599__es-eu__forward,dico_phrasis_0001599,es,eu,jefe talibán pakistaní Hakimullah Mehsud,Pakistango talibanak,FORWARD_ENTAILMENT
dico_phrasis_0001599__es-eu__reverse,dico_phrasis_0001599,es,eu,talibanes de Pakistán,Pakistango talibanen buruzagi Hakimullah Mehsud,BACKWARD_ENTAILMENT
dico_phrasis_0001599__eu-en__forward,dico_phrasis_0001599,eu,en,Pakistango talibanen buruzagi Hakimullah Mehsud,Pakistan Taliban,FORWARD_ENTAILMENT
dico_phrasis_0001599__eu-en__reverse,dico_phrasis_0001599,eu,en,Pakistango talibanak,Pakistani Taliban chief Hakimullah Mehsud,BACKWARD_ENTAILMENT
dico_phrasis_0001599__eu-es__forward,dico_phrasis_0001599,eu,es,Pakistango talibanen buruzagi Hakimullah Mehsud,talibanes de Pakistán,FORWARD_ENTAILMENT
dico_phrasis_0001599__eu-es__reverse,dico_phrasis_0001599,eu,es,Pakistango talibanak,jefe talibán pakistaní Hakimullah Mehsud,BACKWARD_ENTAILMENT
dico_phrasis_0001611__en-es__forward,dico_phrasis_0001611,en,es,within three months,en meses,FORWARD_ENTAILMENT
dico_phrasis_0001611__en-es__reverse,dico_phrasis_0001611,en,es,in months,dentro de tres meses,BACKWARD_ENTAILMENT
dico_phrasis_0001611__en-eu__forward,dico_phrasis_0001611,en,eu,within three months,hilabeteetan,FORWARD_ENTAILMENT
dico_phrasis_0001611__en-eu__reverse,dico_phrasis_0001611,en,eu,in months,hiru hilabetearen barruan,BACKWARD_ENTAILMENT
dico_phrasis_0001611__es-en__forward,dico_phrasis_0001611,es,en,dentro de tres meses,in months,FORWARD_ENTAILMENT
dico_phrasis_0001611__es-en__reverse,dico_phrasis_0001611,es,en,en meses,within three months,BACKWARD_ENTAILMENT
dico_phrasis_0001611__es-eu__forward,dico_phrasis_0001611,es,eu,dentro de tres meses,hilabeteetan,FORWARD_ENTAILMENT
dico_phrasis_0001611__es-eu__reverse,dico_phrasis_0001611,es,eu,en meses,hiru hilabetearen barruan,BACKWARD_ENTAILMENT
dico_phrasis_0001611__eu-en__forward,dico_phrasis_0001611,eu,en,hiru hilabetearen barruan,in months,FORWARD_ENTAILMENT
dico_phrasis_0001611__eu-en__reverse,dico_phrasis_0001611,eu,en,hilabeteetan,within three months,BACKWARD_ENTAILMENT
dico_phrasis_0001611__eu-es__forward,dico_phrasis_0001611,eu,es,hiru hilabetearen barruan,en meses,FORWARD_ENTAILMENT
dico_phrasis_0001611__eu-es__reverse,dico_phrasis_0001611,eu,es,hilabeteetan,dentro de tres meses,BACKWARD_ENTAILMENT
dico_phrasis_0001612__en-es__forward,dico_phrasis_0001612,en,es,Mumbai photojournalist gangrape case,caso de violación en grupo de una periodista en Mumbai,FORWARD_ENTAILMENT
dico_phrasis_0001612__en-es__reverse,dico_phrasis_0001612,en,es,Mumbai journalist gang-rape case,caso de violación en grupo de una fotoperiodista en Mumbai,BACKWARD_ENTAILMENT
dico_phrasis_0001612__en-eu__forward,dico_phrasis_0001612,en,eu,Mumbai photojournalist gangrape case,Mumbaiko kazetariaren talde-bortxaketa kasua,FORWARD_ENTAILMENT
dico_phrasis_0001612__en-eu__reverse,dico_phrasis_0001612,en,eu,Mumbai journalist gang-rape case,Mumbaiko fotokazetariaren talde-bortxaketa kasua,BACKWARD_ENTAILMENT
dico_phrasis_0001612__es-en__forward,dico_phrasis_0001612,es,en,caso de violación en grupo de una fotoperiodista en Mumbai,Mumbai journalist gang-rape case,FORWARD_ENTAILMENT
dico_phrasis_0001612__es-en__reverse,dico_phrasis_0001612,es,en,caso de violación en grupo de una periodista en Mumbai,Mumbai photojournalist gangrape case,BACKWARD_ENTAILMENT
dico_phrasis_0001612__es-eu__forward,dico_phrasis_0001612,es,eu,caso de violación en grupo de una fotoperiodista en Mumbai,Mumbaiko kazetariaren talde-bortxaketa kasua,FORWARD_ENTAILMENT
dico_phrasis_0001612__es-eu__reverse,dico_phrasis_0001612,es,eu,caso de violación en grupo de una periodista en Mumbai,Mumbaiko fotokazetariaren talde-bortxaketa kasua,BACKWARD_ENTAILMENT
dico_phrasis_0001612__eu-en__forward,dico_phrasis_0001612,eu,en,Mumbaiko fotokazetariaren talde-bortxaketa kasua,Mumbai journalist gang-rape case,FORWARD_ENTAILMENT
dico_phrasis_0001612__eu-en__reverse,dico_phrasis_0001612,eu,en,Mumbaiko kazetariaren talde-bortxaketa kasua,Mumbai photojournalist gangrape case,BACKWARD_ENTAILMENT
dico_phrasis_0001612__eu-es__forward,dico_phrasis_0001612,eu,es,Mumbaiko fotokazetariaren talde-bortxaketa kasua,caso de violación en grupo de una periodista en Mumbai,FORWARD_ENTAILMENT
dico_phrasis_0001612__eu-es__reverse,dico_phrasis_0001612,eu,es,Mumbaiko kazetariaren talde-bortxaketa kasua,caso de violación en grupo de una fotoperiodista en Mumbai,BACKWARD_ENTAILMENT
dico_phrasis_0001613__en-es__forward,dico_phrasis_0001613,en,es,in Spanish train crash,en accidente en España,FORWARD_ENTAILMENT
dico_phrasis_0001613__en-es__reverse,dico_phrasis_0001613,en,es,in Spain crash,en accidente de tren español,BACKWARD_ENTAILMENT
dico_phrasis_0001613__en-eu__forward,dico_phrasis_0001613,en,eu,in Spanish train crash,Espainiako istripuan,FORWARD_ENTAILMENT
dico_phrasis_0001613__en-eu__reverse,dico_phrasis_0001613,en,eu,in Spain crash,Espainiako tren-istripuan,BACKWARD_ENTAILMENT
dico_phrasis_0001613__es-en__forward,dico_phrasis_0001613,es,en,en accidente de tren español,in Spain crash,FORWARD_ENTAILMENT
dico_phrasis_0001613__es-en__reverse,dico_phrasis_0001613,es,en,en accidente en España,in Spanish train crash,BACKWARD_ENTAILMENT
dico_phrasis_0001613__es-eu__forward,dico_phrasis_0001613,es,eu,en accidente de tren español,Espainiako istripuan,FORWARD_ENTAILMENT
dico_phrasis_0001613__es-eu__reverse,dico_phrasis_0001613,es,eu,en accidente en España,Espainiako tren-istripuan,BACKWARD_ENTAILMENT
dico_phrasis_0001613__eu-en__forward,dico_phrasis_0001613,eu,en,Espainiako tren-istripuan,in Spain crash,FORWARD_ENTAILMENT
dico_phrasis_0001613__eu-en__reverse,dico_phrasis_0001613,eu,en,Espainiako istripuan,in Spanish train crash,BACKWARD_ENTAILMENT
dico_phrasis_0001613__eu-es__forward,dico_phrasis_0001613,eu,es,Espainiako tren-istripuan,en accidente en España,FORWARD_ENTAILMENT
dico_phrasis_0001613__eu-es__reverse,dico_phrasis_0001613,eu,es,Espainiako istripuan,en accidente de tren español,BACKWARD_ENTAILMENT
dico_phrasis_0001617__en-es__forward,dico_phrasis_0001617,en,es,US Capitol Hill,Capitolio de EE. UU.,FORWARD_ENTAILMENT
dico_phrasis_0001617__en-es__reverse,dico_phrasis_0001617,en,es,US Capitol,Colina del Capitolio de EE. UU.,BACKWARD_ENTAILMENT
dico_phrasis_0001617__en-eu__forward,dico_phrasis_0001617,en,eu,US Capitol Hill,AEBetako Kapitolioa,FORWARD_ENTAILMENT
dico_phrasis_0001617__en-eu__reverse,dico_phrasis_0001617,en,eu,US Capitol,AEBetako Capitol Hill,BACKWARD_ENTAILMENT
dico_phrasis_0001617__es-en__forward,dico_phrasis_0001617,es,en,Colina del Capitolio de EE. UU.,US Capitol,FORWARD_ENTAILMENT
dico_phrasis_0001617__es-en__reverse,dico_phrasis_0001617,es,en,Capitolio de EE. UU.,US Capitol Hill,BACKWARD_ENTAILMENT
dico_phrasis_0001617__es-eu__forward,dico_phrasis_0001617,es,eu,Colina del Capitolio de EE. UU.,AEBetako Kapitolioa,FORWARD_ENTAILMENT
dico_phrasis_0001617__es-eu__reverse,dico_phrasis_0001617,es,eu,Capitolio de EE. UU.,AEBetako Capitol Hill,BACKWARD_ENTAILMENT
dico_phrasis_0001617__eu-en__forward,dico_phrasis_0001617,eu,en,AEBetako Capitol Hill,US Capitol,FORWARD_ENTAILMENT
dico_phrasis_0001617__eu-en__reverse,dico_phrasis_0001617,eu,en,AEBetako Kapitolioa,US Capitol Hill,BACKWARD_ENTAILMENT
dico_phrasis_0001617__eu-es__forward,dico_phrasis_0001617,eu,es,AEBetako Capitol Hill,Capitolio de EE. UU.,FORWARD_ENTAILMENT
dico_phrasis_0001617__eu-es__reverse,dico_phrasis_0001617,eu,es,AEBetako Kapitolioa,Colina del Capitolio de EE. UU.,BACKWARD_ENTAILMENT
dico_phrasis_0001623__en-es__forward,dico_phrasis_0001623,en,es,in Syrian capital,en Siria,FORWARD_ENTAILMENT
dico_phrasis_0001623__en-es__reverse,dico_phrasis_0001623,en,es,in Syria,en la capital siria,BACKWARD_ENTAILMENT
dico_phrasis_0001623__en-eu__forward,dico_phrasis_0001623,en,eu,in Syrian capital,Sirian,FORWARD_ENTAILMENT
dico_phrasis_0001623__en-eu__reverse,dico_phrasis_0001623,en,eu,in Syria,Siriako hiriburuan,BACKWARD_ENTAILMENT
dico_phrasis_0001623__es-en__forward,dico_phrasis_0001623,es,en,en la capital siria,in Syria,FORWARD_ENTAILMENT
dico_phrasis_0001623__es-en__reverse,dico_phrasis_0001623,es,en,en Siria,in Syrian capital,BACKWARD_ENTAILMENT
dico_phrasis_0001623__es-eu__forward,dico_phrasis_0001623,es,eu,en la capital siria,Sirian,FORWARD_ENTAILMENT
dico_phrasis_0001623__es-eu__reverse,dico_phrasis_0001623,es,eu,en Siria,Siriako hiriburuan,BACKWARD_ENTAILMENT
dico_phrasis_0001623__eu-en__forward,dico_phrasis_0001623,eu,en,Siriako hiriburuan,in Syria,FORWARD_ENTAILMENT
dico_phrasis_0001623__eu-en__reverse,dico_phrasis_0001623,eu,en,Sirian,in Syrian capital,BACKWARD_ENTAILMENT
dico_phrasis_0001623__eu-es__forward,dico_phrasis_0001623,eu,es,Siriako hiriburuan,en Siria,FORWARD_ENTAILMENT
dico_phrasis_0001623__eu-es__reverse,dico_phrasis_0001623,eu,es,Sirian,en la capital siria,BACKWARD_ENTAILMENT
dico_phrasis_0001626__en-es__forward,dico_phrasis_0001626,en,es,Iranian exiles,al menos 47 exiliados iraníes,FORWARD_ENTAILMENT
dico_phrasis_0001626__en-es__reverse,dico_phrasis_0001626,en,es,At least 47 Iranian exiles,exiliados iraníes,BACKWARD_ENTAILMENT
dico_phrasis_0001626__en-eu__forward,dico_phrasis_0001626,en,eu,Iranian exiles,gutxienez 47 iraniar erbesteratu,FORWARD_ENTAILMENT
dico_phrasis_0001626__en-eu__reverse,dico_phrasis_0001626,en,eu,At least 47 Iranian exiles,iraniar erbesteratuak,BACKWARD_ENTAILMENT
dico_phrasis_0001626__es-en__forward,dico_phrasis_0001626,es,en,exiliados iraníes,At least 47 Iranian exiles,FORWARD_ENTAILMENT
dico_phrasis_0001626__es-en__reverse,dico_phrasis_0001626,es,en,al menos 47 exiliados iraníes,Iranian exiles,BACKWARD_ENTAILMENT
dico_phrasis_0001626__es-eu__forward,dico_phrasis_0001626,es,eu,exiliados iraníes,gutxienez 47 iraniar erbesteratu,FORWARD_ENTAILMENT
dico_phrasis_0001626__es-eu__reverse,dico_phrasis_0001626,es,eu,al menos 47 exiliados iraníes,iraniar erbesteratuak,BACKWARD_ENTAILMENT
dico_phrasis_0001626__eu-en__forward,dico_phrasis_0001626,eu,en,iraniar erbesteratuak,At least 47 Iranian exiles,FORWARD_ENTAILMENT
dico_phrasis_0001626__eu-en__reverse,dico_phrasis_0001626,eu,en,gutxienez 47 iraniar erbesteratu,Iranian exiles,BACKWARD_ENTAILMENT
dico_phrasis_0001626__eu-es__forward,dico_phrasis_0001626,eu,es,iraniar erbesteratuak,al menos 47 exiliados iraníes,FORWARD_ENTAILMENT
dico_phrasis_0001626__eu-es__reverse,dico_phrasis_0001626,eu,es,gutxienez 47 iraniar erbesteratu,exiliados iraníes,BACKWARD_ENTAILMENT
dico_phrasis_0001630__en-es__forward,dico_phrasis_0001630,en,es,Thai opposition protesters,manifestantes tailandeses,FORWARD_ENTAILMENT
dico_phrasis_0001630__en-es__reverse,dico_phrasis_0001630,en,es,Thai protesters,manifestantes opositores tailandeses,BACKWARD_ENTAILMENT
dico_phrasis_0001630__en-eu__forward,dico_phrasis_0001630,en,eu,Thai opposition protesters,Thailandiako manifestariak,FORWARD_ENTAILMENT
dico_phrasis_0001630__en-eu__reverse,dico_phrasis_0001630,en,eu,Thai protesters,Thailandiako oposizioko manifestariak,BACKWARD_ENTAILMENT
dico_phrasis_0001630__es-en__forward,dico_phrasis_0001630,es,en,manifestantes opositores tailandeses,Thai protesters,FORWARD_ENTAILMENT
dico_phrasis_0001630__es-en__reverse,dico_phrasis_0001630,es,en,manifestantes tailandeses,Thai opposition protesters,BACKWARD_ENTAILMENT
dico_phrasis_0001630__es-eu__forward,dico_phrasis_0001630,es,eu,manifestantes opositores tailandeses,Thailandiako manifestariak,FORWARD_ENTAILMENT
dico_phrasis_0001630__es-eu__reverse,dico_phrasis_0001630,es,eu,manifestantes tailandeses,Thailandiako oposizioko manifestariak,BACKWARD_ENTAILMENT
dico_phrasis_0001630__eu-en__forward,dico_phrasis_0001630,eu,en,Thailandiako oposizioko manifestariak,Thai protesters,FORWARD_ENTAILMENT
dico_phrasis_0001630__eu-en__reverse,dico_phrasis_0001630,eu,en,Thailandiako manifestariak,Thai opposition protesters,BACKWARD_ENTAILMENT
dico_phrasis_0001630__eu-es__forward,dico_phrasis_0001630,eu,es,Thailandiako oposizioko manifestariak,manifestantes tailandeses,FORWARD_ENTAILMENT
dico_phrasis_0001630__eu-es__reverse,dico_phrasis_0001630,eu,es,Thailandiako manifestariak,manifestantes opositores tailandeses,BACKWARD_ENTAILMENT
dico_phrasis_0001633__en-es__forward,dico_phrasis_0001633,en,es,Crushed to Death,muerto,FORWARD_ENTAILMENT
dico_phrasis_0001633__en-es__reverse,dico_phrasis_0001633,en,es,dead,Aplastado hasta la muerte,BACKWARD_ENTAILMENT
dico_phrasis_0001633__en-eu__forward,dico_phrasis_0001633,en,eu,Crushed to Death,hilda,FORWARD_ENTAILMENT
dico_phrasis_0001633__en-eu__reverse,dico_phrasis_0001633,en,eu,dead,zanpatuta hil,BACKWARD_ENTAILMENT
dico_phrasis_0001633__es-en__forward,dico_phrasis_0001633,es,en,Aplastado hasta la muerte,dead,FORWARD_ENTAILMENT
dico_phrasis_0001633__es-en__reverse,dico_phrasis_0001633,es,en,muerto,Crushed to Death,BACKWARD_ENTAILMENT
dico_phrasis_0001633__es-eu__forward,dico_phrasis_0001633,es,eu,Aplastado hasta la muerte,hilda,FORWARD_ENTAILMENT
dico_phrasis_0001633__es-eu__reverse,dico_phrasis_0001633,es,eu,muerto,zanpatuta hil,BACKWARD_ENTAILMENT
dico_phrasis_0001633__eu-en__forward,dico_phrasis_0001633,eu,en,zanpatuta hil,dead,FORWARD_ENTAILMENT
dico_phrasis_0001633__eu-en__reverse,dico_phrasis_0001633,eu,en,hilda,Crushed to Death,BACKWARD_ENTAILMENT
dico_phrasis_0001633__eu-es__forward,dico_phrasis_0001633,eu,es,zanpatuta hil,muerto,FORWARD_ENTAILMENT
dico_phrasis_0001633__eu-es__reverse,dico_phrasis_0001633,eu,es,hilda,Aplastado hasta la muerte,BACKWARD_ENTAILMENT
dico_phrasis_0001639__en-es__forward,dico_phrasis_0001639,en,es,among 14 killed,seis muertos,FORWARD_ENTAILMENT
dico_phrasis_0001639__en-es__reverse,dico_phrasis_0001639,en,es,Six dead,entre 14 muertos,BACKWARD_ENTAILMENT
dico_phrasis_0001639__en-eu__forward,dico_phrasis_0001639,en,eu,among 14 killed,sei hildako,FORWARD_ENTAILMENT
dico_phrasis_0001639__en-eu__reverse,dico_phrasis_0001639,en,eu,Six dead,hildako 14en artean,BACKWARD_ENTAILMENT
dico_phrasis_0001639__es-en__forward,dico_phrasis_0001639,es,en,entre 14 muertos,Six dead,FORWARD_ENTAILMENT
dico_phrasis_0001639__es-en__reverse,dico_phrasis_0001639,es,en,seis muertos,among 14 killed,BACKWARD_ENTAILMENT
dico_phrasis_0001639__es-eu__forward,dico_phrasis_0001639,es,eu,entre 14 muertos,sei hildako,FORWARD_ENTAILMENT
dico_phrasis_0001639__es-eu__reverse,dico_phrasis_0001639,es,eu,seis muertos,hildako 14en artean,BACKWARD_ENTAILMENT
dico_phrasis_0001639__eu-en__forward,dico_phrasis_0001639,eu,en,hildako 14en artean,Six dead,FORWARD_ENTAILMENT
dico_phrasis_0001639__eu-en__reverse,dico_phrasis_0001639,eu,en,sei hildako,among 14 killed,BACKWARD_ENTAILMENT
dico_phrasis_0001639__eu-es__forward,dico_phrasis_0001639,eu,es,hildako 14en artean,seis muertos,FORWARD_ENTAILMENT
dico_phrasis_0001639__eu-es__reverse,dico_phrasis_0001639,eu,es,sei hildako,entre 14 muertos,BACKWARD_ENTAILMENT
dico_phrasis_0001645__en-es__forward,dico_phrasis_0001645,en,es,in hospital,hospital,FORWARD_ENTAILMENT
dico_phrasis_0001645__en-es__reverse,dico_phrasis_0001645,en,es,hospital,en el hospital,BACKWARD_ENTAILMENT
dico_phrasis_0001645__en-eu__forward,dico_phrasis_0001645,en,eu,in hospital,ospitalea,FORWARD_ENTAILMENT
dico_phrasis_0001645__en-eu__reverse,dico_phrasis_0001645,en,eu,hospital,ospitalean,BACKWARD_ENTAILMENT
dico_phrasis_0001645__es-en__forward,dico_phrasis_0001645,es,en,en el hospital,hospital,FORWARD_ENTAILMENT
dico_phrasis_0001645__es-en__reverse,dico_phrasis_0001645,es,en,hospital,in hospital,BACKWARD_ENTAILMENT
dico_phrasis_0001645__es-eu__forward,dico_phrasis_0001645,es,eu,en el hospital,ospitalea,FORWARD_ENTAILMENT
dico_phrasis_0001645__es-eu__reverse,dico_phrasis_0001645,es,eu,hospital,ospitalean,BACKWARD_ENTAILMENT
dico_phrasis_0001645__eu-en__forward,dico_phrasis_0001645,eu,en,ospitalean,hospital,FORWARD_ENTAILMENT
dico_phrasis_0001645__eu-en__reverse,dico_phrasis_0001645,eu,en,ospitalea,in hospital,BACKWARD_ENTAILMENT
dico_phrasis_0001645__eu-es__forward,dico_phrasis_0001645,eu,es,ospitalean,hospital,FORWARD_ENTAILMENT
dico_phrasis_0001645__eu-es__reverse,dico_phrasis_0001645,eu,es,ospitalea,en el hospital,BACKWARD_ENTAILMENT
dico_phrasis_0001648__en-es__forward,dico_phrasis_0001648,en,es,P.G. police,policía,FORWARD_ENTAILMENT
dico_phrasis_0001648__en-es__reverse,dico_phrasis_0001648,en,es,Police,policía de P.G.,BACKWARD_ENTAILMENT
dico_phrasis_0001648__en-eu__forward,dico_phrasis_0001648,en,eu,P.G. police,Polizia,FORWARD_ENTAILMENT
dico_phrasis_0001648__en-eu__reverse,dico_phrasis_0001648,en,eu,Police,P.G.ko polizia,BACKWARD_ENTAILMENT
dico_phrasis_0001648__es-en__forward,dico_phrasis_0001648,es,en,policía de P.G.,Police,FORWARD_ENTAILMENT
dico_phrasis_0001648__es-en__reverse,dico_phrasis_0001648,es,en,policía,P.G. police,BACKWARD_ENTAILMENT
dico_phrasis_0001648__es-eu__forward,dico_phrasis_0001648,es,eu,policía de P.G.,Polizia,FORWARD_ENTAILMENT
dico_phrasis_0001648__es-eu__reverse,dico_phrasis_0001648,es,eu,policía,P.G.ko polizia,BACKWARD_ENTAILMENT
dico_phrasis_0001648__eu-en__forward,dico_phrasis_0001648,eu,en,P.G.ko polizia,Police,FORWARD_ENTAILMENT
dico_phrasis_0001648__eu-en__reverse,dico_phrasis_0001648,eu,en,Polizia,P.G. police,BACKWARD_ENTAILMENT
dico_phrasis_0001648__eu-es__forward,dico_phrasis_0001648,eu,es,P.G.ko polizia,policía,FORWARD_ENTAILMENT
dico_phrasis_0001648__eu-es__reverse,dico_phrasis_0001648,eu,es,Polizia,policía de P.G.,BACKWARD_ENTAILMENT
dico_phrasis_0001651__en-es__forward,dico_phrasis_0001651,en,es,Afghan police 5 Taliban fighters,"5 talibanes, 5 policías afganos",FORWARD_ENTAILMENT
dico_phrasis_0001651__en-es__reverse,dico_phrasis_0001651,en,es,"5 Taliban , 5 Afghan police",5 combatientes talibanes de la policía afgana,BACKWARD_ENTAILMENT
dico_phrasis_0001651__en-eu__forward,dico_phrasis_0001651,en,eu,Afghan police 5 Taliban fighters,"5 taliban, 5 Afganistango polizia",FORWARD_ENTAILMENT
dico_phrasis_0001651__en-eu__reverse,dico_phrasis_0001651,en,eu,"5 Taliban , 5 Afghan police","Afganistango polizia, 5 taliban borrokalari",BACKWARD_ENTAILMENT
dico_phrasis_0001651__es-en__forward,dico_phrasis_0001651,es,en,5 combatientes talibanes de la policía afgana,"5 Taliban , 5 Afghan police",FORWARD_ENTAILMENT
dico_phrasis_0001651__es-en__reverse,dico_phrasis_0001651,es,en,"5 talibanes, 5 policías afganos",Afghan police 5 Taliban fighters,BACKWARD_ENTAILMENT
dico_phrasis_0001651__es-eu__forward,dico_phrasis_0001651,es,eu,5 combatientes talibanes de la policía afgana,"5 taliban, 5 Afganistango polizia",FORWARD_ENTAILMENT
dico_phrasis_0001651__es-eu__reverse,dico_phrasis_0001651,es,eu,"5 talibanes, 5 policías afganos","Afganistango polizia, 5 taliban borrokalari",BACKWARD_ENTAILMENT
dico_phrasis_0001651__eu-en__forward,dico_phrasis_0001651,eu,en,"Afganistango polizia, 5 taliban borrokalari","5 Taliban , 5 Afghan police",FORWARD_ENTAILMENT
dico_phrasis_0001651__eu-en__reverse,dico_phrasis_0001651,eu,en,"5 taliban, 5 Afganistango polizia",Afghan police 5 Taliban fighters,BACKWARD_ENTAILMENT
dico_phrasis_0001651__eu-es__forward,dico_phrasis_0001651,eu,es,"Afganistango polizia, 5 taliban borrokalari","5 talibanes, 5 policías afganos",FORWARD_ENTAILMENT
dico_phrasis_0001651__eu-es__reverse,dico_phrasis_0001651,eu,es,"5 taliban, 5 Afganistango polizia",5 combatientes talibanes de la policía afgana,BACKWARD_ENTAILMENT
dico_phrasis_0001653__en-es__forward,dico_phrasis_0001653,en,es,to NZ same-sex marriage,matrimonio entre personas del mismo sexo en Nueva Zelanda,FORWARD_ENTAILMENT
dico_phrasis_0001653__en-es__reverse,dico_phrasis_0001653,en,es,New Zealand same-sex marriage,al matrimonio entre personas del mismo sexo en Nueva Zelanda,BACKWARD_ENTAILMENT
dico_phrasis_0001653__en-eu__forward,dico_phrasis_0001653,en,eu,to NZ same-sex marriage,Zeelanda Berriko sexu berekoen arteko ezkontza,FORWARD_ENTAILMENT
dico_phrasis_0001653__en-eu__reverse,dico_phrasis_0001653,en,eu,New Zealand same-sex marriage,NZko sexu berekoen arteko ezkontzara,BACKWARD_ENTAILMENT
dico_phrasis_0001653__es-en__forward,dico_phrasis_0001653,es,en,al matrimonio entre personas del mismo sexo en Nueva Zelanda,New Zealand same-sex marriage,FORWARD_ENTAILMENT
dico_phrasis_0001653__es-en__reverse,dico_phrasis_0001653,es,en,matrimonio entre personas del mismo sexo en Nueva Zelanda,to NZ same-sex marriage,BACKWARD_ENTAILMENT
dico_phrasis_0001653__es-eu__forward,dico_phrasis_0001653,es,eu,al matrimonio entre personas del mismo sexo en Nueva Zelanda,Zeelanda Berriko sexu berekoen arteko ezkontza,FORWARD_ENTAILMENT
dico_phrasis_0001653__es-eu__reverse,dico_phrasis_0001653,es,eu,matrimonio entre personas del mismo sexo en Nueva Zelanda,NZko sexu berekoen arteko ezkontzara,BACKWARD_ENTAILMENT
dico_phrasis_0001653__eu-en__forward,dico_phrasis_0001653,eu,en,NZko sexu berekoen arteko ezkontzara,New Zealand same-sex marriage,FORWARD_ENTAILMENT
dico_phrasis_0001653__eu-en__reverse,dico_phrasis_0001653,eu,en,Zeelanda Berriko sexu berekoen arteko ezkontza,to NZ same-sex marriage,BACKWARD_ENTAILMENT
dico_phrasis_0001653__eu-es__forward,dico_phrasis_0001653,eu,es,NZko sexu berekoen arteko ezkontzara,matrimonio entre personas del mismo sexo en Nueva Zelanda,FORWARD_ENTAILMENT
dico_phrasis_0001653__eu-es__reverse,dico_phrasis_0001653,eu,es,Zeelanda Berriko sexu berekoen arteko ezkontza,al matrimonio entre personas del mismo sexo en Nueva Zelanda,BACKWARD_ENTAILMENT
dico_phrasis_0001658__en-es__forward,dico_phrasis_0001658,en,es,Egypt 's main opposition,la oposición de Egipto,FORWARD_ENTAILMENT
dico_phrasis_0001658__en-es__reverse,dico_phrasis_0001658,en,es,Egypt opposition,la principal oposición de Egipto,BACKWARD_ENTAILMENT
dico_phrasis_0001658__en-eu__forward,dico_phrasis_0001658,en,eu,Egypt 's main opposition,Egiptoko oposizioa,FORWARD_ENTAILMENT
dico_phrasis_0001658__en-eu__reverse,dico_phrasis_0001658,en,eu,Egypt opposition,Egiptoko oposizio nagusia,BACKWARD_ENTAILMENT
dico_phrasis_0001658__es-en__forward,dico_phrasis_0001658,es,en,la principal oposición de Egipto,Egypt opposition,FORWARD_ENTAILMENT
dico_phrasis_0001658__es-en__reverse,dico_phrasis_0001658,es,en,la oposición de Egipto,Egypt 's main opposition,BACKWARD_ENTAILMENT
dico_phrasis_0001658__es-eu__forward,dico_phrasis_0001658,es,eu,la principal oposición de Egipto,Egiptoko oposizioa,FORWARD_ENTAILMENT
dico_phrasis_0001658__es-eu__reverse,dico_phrasis_0001658,es,eu,la oposición de Egipto,Egiptoko oposizio nagusia,BACKWARD_ENTAILMENT
dico_phrasis_0001658__eu-en__forward,dico_phrasis_0001658,eu,en,Egiptoko oposizio nagusia,Egypt opposition,FORWARD_ENTAILMENT
dico_phrasis_0001658__eu-en__reverse,dico_phrasis_0001658,eu,en,Egiptoko oposizioa,Egypt 's main opposition,BACKWARD_ENTAILMENT
dico_phrasis_0001658__eu-es__forward,dico_phrasis_0001658,eu,es,Egiptoko oposizio nagusia,la oposición de Egipto,FORWARD_ENTAILMENT
dico_phrasis_0001658__eu-es__reverse,dico_phrasis_0001658,eu,es,Egiptoko oposizioa,la principal oposición de Egipto,BACKWARD_ENTAILMENT
dico_phrasis_0001659__en-es__forward,dico_phrasis_0001659,en,es,$ 30 billion oil link,conexión petrolera de 25.000 millones de dólares,FORWARD_ENTAILMENT
dico_phrasis_0001659__en-es__reverse,dico_phrasis_0001659,en,es,$ 25bn oil link,conexión petrolera de 30.000 millones de dólares,BACKWARD_ENTAILMENT
dico_phrasis_0001659__en-eu__forward,dico_phrasis_0001659,en,eu,$ 30 billion oil link,25.000 milioi dolarreko petrolio-lotura,FORWARD_ENTAILMENT
dico_phrasis_0001659__en-eu__reverse,dico_phrasis_0001659,en,eu,$ 25bn oil link,30.000 milioi dolarreko petrolio-lotura,BACKWARD_ENTAILMENT
dico_phrasis_0001659__es-en__forward,dico_phrasis_0001659,es,en,conexión petrolera de 30.000 millones de dólares,$ 25bn oil link,FORWARD_ENTAILMENT
dico_phrasis_0001659__es-en__reverse,dico_phrasis_0001659,es,en,conexión petrolera de 25.000 millones de dólares,$ 30 billion oil link,BACKWARD_ENTAILMENT
dico_phrasis_0001659__es-eu__forward,dico_phrasis_0001659,es,eu,conexión petrolera de 30.000 millones de dólares,25.000 milioi dolarreko petrolio-lotura,FORWARD_ENTAILMENT
dico_phrasis_0001659__es-eu__reverse,dico_phrasis_0001659,es,eu,conexión petrolera de 25.000 millones de dólares,30.000 milioi dolarreko petrolio-lotura,BACKWARD_ENTAILMENT
dico_phrasis_0001659__eu-en__forward,dico_phrasis_0001659,eu,en,30.000 milioi dolarreko petrolio-lotura,$ 25bn oil link,FORWARD_ENTAILMENT
dico_phrasis_0001659__eu-en__reverse,dico_phrasis_0001659,eu,en,25.000 milioi dolarreko petrolio-lotura,$ 30 billion oil link,BACKWARD_ENTAILMENT
dico_phrasis_0001659__eu-es__forward,dico_phrasis_0001659,eu,es,30.000 milioi dolarreko petrolio-lotura,conexión petrolera de 25.000 millones de dólares,FORWARD_ENTAILMENT
dico_phrasis_0001659__eu-es__reverse,dico_phrasis_0001659,eu,es,25.000 milioi dolarreko petrolio-lotura,conexión petrolera de 30.000 millones de dólares,BACKWARD_ENTAILMENT
dico_phrasis_0001663__en-es__forward,dico_phrasis_0001663,en,es,for Syrian Chemical Weapons Transport,armas químicas sirias,FORWARD_ENTAILMENT
dico_phrasis_0001663__en-es__reverse,dico_phrasis_0001663,en,es,Syria Chemical Weapons,para el transporte de armas químicas sirias,BACKWARD_ENTAILMENT
dico_phrasis_0001663__en-eu__forward,dico_phrasis_0001663,en,eu,for Syrian Chemical Weapons Transport,Siriako arma kimikoak,FORWARD_ENTAILMENT
dico_phrasis_0001663__en-eu__reverse,dico_phrasis_0001663,en,eu,Syria Chemical Weapons,Siriako arma kimikoen garraiorako,BACKWARD_ENTAILMENT
dico_phrasis_0001663__es-en__forward,dico_phrasis_0001663,es,en,para el transporte de armas químicas sirias,Syria Chemical Weapons,FORWARD_ENTAILMENT
dico_phrasis_0001663__es-en__reverse,dico_phrasis_0001663,es,en,armas químicas sirias,for Syrian Chemical Weapons Transport,BACKWARD_ENTAILMENT
dico_phrasis_0001663__es-eu__forward,dico_phrasis_0001663,es,eu,para el transporte de armas químicas sirias,Siriako arma kimikoak,FORWARD_ENTAILMENT
dico_phrasis_0001663__es-eu__reverse,dico_phrasis_0001663,es,eu,armas químicas sirias,Siriako arma kimikoen garraiorako,BACKWARD_ENTAILMENT
dico_phrasis_0001663__eu-en__forward,dico_phrasis_0001663,eu,en,Siriako arma kimikoen garraiorako,Syria Chemical Weapons,FORWARD_ENTAILMENT
dico_phrasis_0001663__eu-en__reverse,dico_phrasis_0001663,eu,en,Siriako arma kimikoak,for Syrian Chemical Weapons Transport,BACKWARD_ENTAILMENT
dico_phrasis_0001663__eu-es__forward,dico_phrasis_0001663,eu,es,Siriako arma kimikoen garraiorako,armas químicas sirias,FORWARD_ENTAILMENT
dico_phrasis_0001663__eu-es__reverse,dico_phrasis_0001663,eu,es,Siriako arma kimikoak,para el transporte de armas químicas sirias,BACKWARD_ENTAILMENT
dico_phrasis_0001665__en-es__forward,dico_phrasis_0001665,en,es,Palestinians,dos palestinos,FORWARD_ENTAILMENT
dico_phrasis_0001665__en-es__reverse,dico_phrasis_0001665,en,es,Two Palestinians,palestinos,BACKWARD_ENTAILMENT
dico_phrasis_0001665__en-eu__forward,dico_phrasis_0001665,en,eu,Palestinians,bi palestinar,FORWARD_ENTAILMENT
dico_phrasis_0001665__en-eu__reverse,dico_phrasis_0001665,en,eu,Two Palestinians,palestinarrak,BACKWARD_ENTAILMENT
dico_phrasis_0001665__es-en__forward,dico_phrasis_0001665,es,en,palestinos,Two Palestinians,FORWARD_ENTAILMENT
dico_phrasis_0001665__es-en__reverse,dico_phrasis_0001665,es,en,dos palestinos,Palestinians,BACKWARD_ENTAILMENT
dico_phrasis_0001665__es-eu__forward,dico_phrasis_0001665,es,eu,palestinos,bi palestinar,FORWARD_ENTAILMENT
dico_phrasis_0001665__es-eu__reverse,dico_phrasis_0001665,es,eu,dos palestinos,palestinarrak,BACKWARD_ENTAILMENT
dico_phrasis_0001665__eu-en__forward,dico_phrasis_0001665,eu,en,palestinarrak,Two Palestinians,FORWARD_ENTAILMENT
dico_phrasis_0001665__eu-en__reverse,dico_phrasis_0001665,eu,en,bi palestinar,Palestinians,BACKWARD_ENTAILMENT
dico_phrasis_0001665__eu-es__forward,dico_phrasis_0001665,eu,es,palestinarrak,dos palestinos,FORWARD_ENTAILMENT
dico_phrasis_0001665__eu-es__reverse,dico_phrasis_0001665,eu,es,bi palestinar,palestinos,BACKWARD_ENTAILMENT
dico_phrasis_0001674__en-es__forward,dico_phrasis_0001674,en,es,Obama economic tour,Obama,FORWARD_ENTAILMENT
dico_phrasis_0001674__en-es__reverse,dico_phrasis_0001674,en,es,Obama,gira económica de Obama,BACKWARD_ENTAILMENT
dico_phrasis_0001674__en-eu__forward,dico_phrasis_0001674,en,eu,Obama economic tour,Obama,FORWARD_ENTAILMENT
dico_phrasis_0001674__en-eu__reverse,dico_phrasis_0001674,en,eu,Obama,Obamaren bira ekonomikoa,BACKWARD_ENTAILMENT
dico_phrasis_0001674__es-en__forward,dico_phrasis_0001674,es,en,gira económica de Obama,Obama,FORWARD_ENTAILMENT
dico_phrasis_0001674__es-en__reverse,dico_phrasis_0001674,es,en,Obama,Obama economic tour,BACKWARD_ENTAILMENT
dico_phrasis_0001674__es-eu__forward,dico_phrasis_0001674,es,eu,gira económica de Obama,Obama,FORWARD_ENTAILMENT
dico_phrasis_0001674__es-eu__reverse,dico_phrasis_0001674,es,eu,Obama,Obamaren bira ekonomikoa,BACKWARD_ENTAILMENT
dico_phrasis_0001674__eu-en__forward,dico_phrasis_0001674,eu,en,Obamaren bira ekonomikoa,Obama,FORWARD_ENTAILMENT
dico_phrasis_0001674__eu-en__reverse,dico_phrasis_0001674,eu,en,Obama,Obama economic tour,BACKWARD_ENTAILMENT
dico_phrasis_0001674__eu-es__forward,dico_phrasis_0001674,eu,es,Obamaren bira ekonomikoa,Obama,FORWARD_ENTAILMENT
dico_phrasis_0001674__eu-es__reverse,dico_phrasis_0001674,eu,es,Obama,gira económica de Obama,BACKWARD_ENTAILMENT
dico_phrasis_0001686__en-es__forward,dico_phrasis_0001686,en,es,its borders,fronteras,FORWARD_ENTAILMENT
dico_phrasis_0001686__en-es__reverse,dico_phrasis_0001686,en,es,borders,sus fronteras,BACKWARD_ENTAILMENT
dico_phrasis_0001686__en-eu__forward,dico_phrasis_0001686,en,eu,its borders,mugak,FORWARD_ENTAILMENT
dico_phrasis_0001686__en-eu__reverse,dico_phrasis_0001686,en,eu,borders,bere mugak,BACKWARD_ENTAILMENT
dico_phrasis_0001686__es-en__forward,dico_phrasis_0001686,es,en,sus fronteras,borders,FORWARD_ENTAILMENT
dico_phrasis_0001686__es-en__reverse,dico_phrasis_0001686,es,en,fronteras,its borders,BACKWARD_ENTAILMENT
dico_phrasis_0001686__es-eu__forward,dico_phrasis_0001686,es,eu,sus fronteras,mugak,FORWARD_ENTAILMENT
dico_phrasis_0001686__es-eu__reverse,dico_phrasis_0001686,es,eu,fronteras,bere mugak,BACKWARD_ENTAILMENT
dico_phrasis_0001686__eu-en__forward,dico_phrasis_0001686,eu,en,bere mugak,borders,FORWARD_ENTAILMENT
dico_phrasis_0001686__eu-en__reverse,dico_phrasis_0001686,eu,en,mugak,its borders,BACKWARD_ENTAILMENT
dico_phrasis_0001686__eu-es__forward,dico_phrasis_0001686,eu,es,bere mugak,fronteras,FORWARD_ENTAILMENT
dico_phrasis_0001686__eu-es__reverse,dico_phrasis_0001686,eu,es,mugak,sus fronteras,BACKWARD_ENTAILMENT
dico_phrasis_0001687__en-es__forward,dico_phrasis_0001687,en,es,as new Australian PM,como primer ministro de Australia,FORWARD_ENTAILMENT
dico_phrasis_0001687__en-es__reverse,dico_phrasis_0001687,en,es,As Australia PM,como nuevo primer ministro australiano,BACKWARD_ENTAILMENT
dico_phrasis_0001687__en-eu__forward,dico_phrasis_0001687,en,eu,as new Australian PM,Australiako lehen ministro gisa,FORWARD_ENTAILMENT
dico_phrasis_0001687__en-eu__reverse,dico_phrasis_0001687,en,eu,As Australia PM,Australiako lehen ministro berri gisa,BACKWARD_ENTAILMENT
dico_phrasis_0001687__es-en__forward,dico_phrasis_0001687,es,en,como nuevo primer ministro australiano,As Australia PM,FORWARD_ENTAILMENT
dico_phrasis_0001687__es-en__reverse,dico_phrasis_0001687,es,en,como primer ministro de Australia,as new Australian PM,BACKWARD_ENTAILMENT
dico_phrasis_0001687__es-eu__forward,dico_phrasis_0001687,es,eu,como nuevo primer ministro australiano,Australiako lehen ministro gisa,FORWARD_ENTAILMENT
dico_phrasis_0001687__es-eu__reverse,dico_phrasis_0001687,es,eu,como primer ministro de Australia,Australiako lehen ministro berri gisa,BACKWARD_ENTAILMENT
dico_phrasis_0001687__eu-en__forward,dico_phrasis_0001687,eu,en,Australiako lehen ministro berri gisa,As Australia PM,FORWARD_ENTAILMENT
dico_phrasis_0001687__eu-en__reverse,dico_phrasis_0001687,eu,en,Australiako lehen ministro gisa,as new Australian PM,BACKWARD_ENTAILMENT
dico_phrasis_0001687__eu-es__forward,dico_phrasis_0001687,eu,es,Australiako lehen ministro berri gisa,como primer ministro de Australia,FORWARD_ENTAILMENT
dico_phrasis_0001687__eu-es__reverse,dico_phrasis_0001687,eu,es,Australiako lehen ministro gisa,como nuevo primer ministro australiano,BACKWARD_ENTAILMENT
dico_phrasis_0001688__en-es__forward,dico_phrasis_0001688,en,es,Venezuela assembly,Asamblea,FORWARD_ENTAILMENT
dico_phrasis_0001688__en-es__reverse,dico_phrasis_0001688,en,es,Assembly,Asamblea de Venezuela,BACKWARD_ENTAILMENT
dico_phrasis_0001688__en-eu__forward,dico_phrasis_0001688,en,eu,Venezuela assembly,Asanblada,FORWARD_ENTAILMENT
dico_phrasis_0001688__en-eu__reverse,dico_phrasis_0001688,en,eu,Assembly,Venezuelako Asanblada,BACKWARD_ENTAILMENT
dico_phrasis_0001688__es-en__forward,dico_phrasis_0001688,es,en,Asamblea de Venezuela,Assembly,FORWARD_ENTAILMENT
dico_phrasis_0001688__es-en__reverse,dico_phrasis_0001688,es,en,Asamblea,Venezuela assembly,BACKWARD_ENTAILMENT
dico_phrasis_0001688__es-eu__forward,dico_phrasis_0001688,es,eu,Asamblea de Venezuela,Asanblada,FORWARD_ENTAILMENT
dico_phrasis_0001688__es-eu__reverse,dico_phrasis_0001688,es,eu,Asamblea,Venezuelako Asanblada,BACKWARD_ENTAILMENT
dico_phrasis_0001688__eu-en__forward,dico_phrasis_0001688,eu,en,Venezuelako Asanblada,Assembly,FORWARD_ENTAILMENT
dico_phrasis_0001688__eu-en__reverse,dico_phrasis_0001688,eu,en,Asanblada,Venezuela assembly,BACKWARD_ENTAILMENT
dico_phrasis_0001688__eu-es__forward,dico_phrasis_0001688,eu,es,Venezuelako Asanblada,Asamblea,FORWARD_ENTAILMENT
dico_phrasis_0001688__eu-es__reverse,dico_phrasis_0001688,eu,es,Asanblada,Asamblea de Venezuela,BACKWARD_ENTAILMENT
dico_phrasis_0001698__en-es__forward,dico_phrasis_0001698,en,es,reach wealth-sharing deal,"alcanzar un ""acuerdo sobre la riqueza""",FORWARD_ENTAILMENT
dico_phrasis_0001698__en-es__reverse,dico_phrasis_0001698,en,es,reach ` wealth deal ',alcanzar un acuerdo de reparto de la riqueza,BACKWARD_ENTAILMENT
dico_phrasis_0001698__en-eu__forward,dico_phrasis_0001698,en,eu,reach wealth-sharing deal,aberastasun akordioa lortu,FORWARD_ENTAILMENT
dico_phrasis_0001698__en-eu__reverse,dico_phrasis_0001698,en,eu,reach ` wealth deal ',aberastasuna partekatzeko akordioa lortu,BACKWARD_ENTAILMENT
dico_phrasis_0001698__es-en__forward,dico_phrasis_0001698,es,en,alcanzar un acuerdo de reparto de la riqueza,reach ` wealth deal ',FORWARD_ENTAILMENT
dico_phrasis_0001698__es-en__reverse,dico_phrasis_0001698,es,en,"alcanzar un ""acuerdo sobre la riqueza""",reach wealth-sharing deal,BACKWARD_ENTAILMENT
dico_phrasis_0001698__es-eu__forward,dico_phrasis_0001698,es,eu,alcanzar un acuerdo de reparto de la riqueza,aberastasun akordioa lortu,FORWARD_ENTAILMENT
dico_phrasis_0001698__es-eu__reverse,dico_phrasis_0001698,es,eu,"alcanzar un ""acuerdo sobre la riqueza""",aberastasuna partekatzeko akordioa lortu,BACKWARD_ENTAILMENT
dico_phrasis_0001698__eu-en__forward,dico_phrasis_0001698,eu,en,aberastasuna partekatzeko akordioa lortu,reach ` wealth deal ',FORWARD_ENTAILMENT
dico_phrasis_0001698__eu-en__reverse,dico_phrasis_0001698,eu,en,aberastasun akordioa lortu,reach wealth-sharing deal,BACKWARD_ENTAILMENT
dico_phrasis_0001698__eu-es__forward,dico_phrasis_0001698,eu,es,aberastasuna partekatzeko akordioa lortu,"alcanzar un ""acuerdo sobre la riqueza""",FORWARD_ENTAILMENT
dico_phrasis_0001698__eu-es__reverse,dico_phrasis_0001698,eu,es,aberastasun akordioa lortu,alcanzar un acuerdo de reparto de la riqueza,BACKWARD_ENTAILMENT
dico_phrasis_0001699__en-es__forward,dico_phrasis_0001699,en,es,Pro-Pak Taliban warlord,comandante talibán,FORWARD_ENTAILMENT
dico_phrasis_0001699__en-es__reverse,dico_phrasis_0001699,en,es,Taliban commander,caudillo talibán pro-Pak,BACKWARD_ENTAILMENT
dico_phrasis_0001699__en-eu__forward,dico_phrasis_0001699,en,eu,Pro-Pak Taliban warlord,talibanen komandantea,FORWARD_ENTAILMENT
dico_phrasis_0001699__en-eu__reverse,dico_phrasis_0001699,en,eu,Taliban commander,Pakistan aldeko talibanen gerra-jauna,BACKWARD_ENTAILMENT
dico_phrasis_0001699__es-en__forward,dico_phrasis_0001699,es,en,caudillo talibán pro-Pak,Taliban commander,FORWARD_ENTAILMENT
dico_phrasis_0001699__es-en__reverse,dico_phrasis_0001699,es,en,comandante talibán,Pro-Pak Taliban warlord,BACKWARD_ENTAILMENT
dico_phrasis_0001699__es-eu__forward,dico_phrasis_0001699,es,eu,caudillo talibán pro-Pak,talibanen komandantea,FORWARD_ENTAILMENT
dico_phrasis_0001699__es-eu__reverse,dico_phrasis_0001699,es,eu,comandante talibán,Pakistan aldeko talibanen gerra-jauna,BACKWARD_ENTAILMENT
dico_phrasis_0001699__eu-en__forward,dico_phrasis_0001699,eu,en,Pakistan aldeko talibanen gerra-jauna,Taliban commander,FORWARD_ENTAILMENT
dico_phrasis_0001699__eu-en__reverse,dico_phrasis_0001699,eu,en,talibanen komandantea,Pro-Pak Taliban warlord,BACKWARD_ENTAILMENT
dico_phrasis_0001699__eu-es__forward,dico_phrasis_0001699,eu,es,Pakistan aldeko talibanen gerra-jauna,comandante talibán,FORWARD_ENTAILMENT
dico_phrasis_0001699__eu-es__reverse,dico_phrasis_0001699,eu,es,talibanen komandantea,caudillo talibán pro-Pak,BACKWARD_ENTAILMENT
dico_phrasis_0001713__en-es__forward,dico_phrasis_0001713,en,es,US stock futures,futuros de acciones,FORWARD_ENTAILMENT
dico_phrasis_0001713__en-es__reverse,dico_phrasis_0001713,en,es,Stock futures,futuros de acciones de EE. UU.,BACKWARD_ENTAILMENT
dico_phrasis_0001713__en-eu__forward,dico_phrasis_0001713,en,eu,US stock futures,akzioen etorkizuneko kontratuak,FORWARD_ENTAILMENT
dico_phrasis_0001713__en-eu__reverse,dico_phrasis_0001713,en,eu,Stock futures,AEBetako akzioen etorkizuneko kontratuak,BACKWARD_ENTAILMENT
dico_phrasis_0001713__es-en__forward,dico_phrasis_0001713,es,en,futuros de acciones de EE. UU.,Stock futures,FORWARD_ENTAILMENT
dico_phrasis_0001713__es-en__reverse,dico_phrasis_0001713,es,en,futuros de acciones,US stock futures,BACKWARD_ENTAILMENT
dico_phrasis_0001713__es-eu__forward,dico_phrasis_0001713,es,eu,futuros de acciones de EE. UU.,akzioen etorkizuneko kontratuak,FORWARD_ENTAILMENT
dico_phrasis_0001713__es-eu__reverse,dico_phrasis_0001713,es,eu,futuros de acciones,AEBetako akzioen etorkizuneko kontratuak,BACKWARD_ENTAILMENT
dico_phrasis_0001713__eu-en__forward,dico_phrasis_0001713,eu,en,AEBetako akzioen etorkizuneko kontratuak,Stock futures,FORWARD_ENTAILMENT
dico_phrasis_0001713__eu-en__reverse,dico_phrasis_0001713,eu,en,akzioen etorkizuneko kontratuak,US stock futures,BACKWARD_ENTAILMENT
dico_phrasis_0001713__eu-es__forward,dico_phrasis_0001713,eu,es,AEBetako akzioen etorkizuneko kontratuak,futuros de acciones,FORWARD_ENTAILMENT
dico_phrasis_0001713__eu-es__reverse,dico_phrasis_0001713,eu,es,akzioen etorkizuneko kontratuak,futuros de acciones de EE. UU.,BACKWARD_ENTAILMENT
dico_phrasis_0001714__en-es__forward,dico_phrasis_0001714,en,es,Moscow meeting,reunión,FORWARD_ENTAILMENT
dico_phrasis_0001714__en-es__reverse,dico_phrasis_0001714,en,es,meeting,reunión de Moscú,BACKWARD_ENTAILMENT
dico_phrasis_0001714__en-eu__forward,dico_phrasis_0001714,en,eu,Moscow meeting,bilera,FORWARD_ENTAILMENT
dico_phrasis_0001714__en-eu__reverse,dico_phrasis_0001714,en,eu,meeting,Moskuko bilera,BACKWARD_ENTAILMENT
dico_phrasis_0001714__es-en__forward,dico_phrasis_0001714,es,en,reunión de Moscú,meeting,FORWARD_ENTAILMENT
dico_phrasis_0001714__es-en__reverse,dico_phrasis_0001714,es,en,reunión,Moscow meeting,BACKWARD_ENTAILMENT
dico_phrasis_0001714__es-eu__forward,dico_phrasis_0001714,es,eu,reunión de Moscú,bilera,FORWARD_ENTAILMENT
dico_phrasis_0001714__es-eu__reverse,dico_phrasis_0001714,es,eu,reunión,Moskuko bilera,BACKWARD_ENTAILMENT
dico_phrasis_0001714__eu-en__forward,dico_phrasis_0001714,eu,en,Moskuko bilera,meeting,FORWARD_ENTAILMENT
dico_phrasis_0001714__eu-en__reverse,dico_phrasis_0001714,eu,en,bilera,Moscow meeting,BACKWARD_ENTAILMENT
dico_phrasis_0001714__eu-es__forward,dico_phrasis_0001714,eu,es,Moskuko bilera,reunión,FORWARD_ENTAILMENT
dico_phrasis_0001714__eu-es__reverse,dico_phrasis_0001714,eu,es,bilera,reunión de Moscú,BACKWARD_ENTAILMENT
dico_phrasis_0001718__en-es__forward,dico_phrasis_0001718,en,es,TV weatherman Fred Talbot,el presentador del tiempo Fred Talbot,FORWARD_ENTAILMENT
dico_phrasis_0001718__en-es__reverse,dico_phrasis_0001718,en,es,Weatherman Fred Talbot,el presentador del tiempo de televisión Fred Talbot,BACKWARD_ENTAILMENT
dico_phrasis_0001718__en-eu__forward,dico_phrasis_0001718,en,eu,TV weatherman Fred Talbot,Fred Talbot eguraldi-iragarlea,FORWARD_ENTAILMENT
dico_phrasis_0001718__en-eu__reverse,dico_phrasis_0001718,en,eu,Weatherman Fred Talbot,Fred Talbot telebistako eguraldi-iragarlea,BACKWARD_ENTAILMENT
dico_phrasis_0001718__es-en__forward,dico_phrasis_0001718,es,en,el presentador del tiempo de televisión Fred Talbot,Weatherman Fred Talbot,FORWARD_ENTAILMENT
dico_phrasis_0001718__es-en__reverse,dico_phrasis_0001718,es,en,el presentador del tiempo Fred Talbot,TV weatherman Fred Talbot,BACKWARD_ENTAILMENT
dico_phrasis_0001718__es-eu__forward,dico_phrasis_0001718,es,eu,el presentador del tiempo de televisión Fred Talbot,Fred Talbot eguraldi-iragarlea,FORWARD_ENTAILMENT
dico_phrasis_0001718__es-eu__reverse,dico_phrasis_0001718,es,eu,el presentador del tiempo Fred Talbot,Fred Talbot telebistako eguraldi-iragarlea,BACKWARD_ENTAILMENT
dico_phrasis_0001718__eu-en__forward,dico_phrasis_0001718,eu,en,Fred Talbot telebistako eguraldi-iragarlea,Weatherman Fred Talbot,FORWARD_ENTAILMENT
dico_phrasis_0001718__eu-en__reverse,dico_phrasis_0001718,eu,en,Fred Talbot eguraldi-iragarlea,TV weatherman Fred Talbot,BACKWARD_ENTAILMENT
dico_phrasis_0001718__eu-es__forward,dico_phrasis_0001718,eu,es,Fred Talbot telebistako eguraldi-iragarlea,el presentador del tiempo Fred Talbot,FORWARD_ENTAILMENT
dico_phrasis_0001718__eu-es__reverse,dico_phrasis_0001718,eu,es,Fred Talbot eguraldi-iragarlea,el presentador del tiempo de televisión Fred Talbot,BACKWARD_ENTAILMENT
dico_phrasis_0001737__en-es__forward,dico_phrasis_0001737,en,es,At Least 66,Al menos 47,FORWARD_ENTAILMENT
dico_phrasis_0001737__en-es__reverse,dico_phrasis_0001737,en,es,At Least 47,Al menos 66,BACKWARD_ENTAILMENT
dico_phrasis_0001737__en-eu__forward,dico_phrasis_0001737,en,eu,At Least 66,Gutxienez 47,FORWARD_ENTAILMENT
dico_phrasis_0001737__en-eu__reverse,dico_phrasis_0001737,en,eu,At Least 47,Gutxienez 66,BACKWARD_ENTAILMENT
dico_phrasis_0001737__es-en__forward,dico_phrasis_0001737,es,en,Al menos 66,At Least 47,FORWARD_ENTAILMENT
dico_phrasis_0001737__es-en__reverse,dico_phrasis_0001737,es,en,Al menos 47,At Least 66,BACKWARD_ENTAILMENT
dico_phrasis_0001737__es-eu__forward,dico_phrasis_0001737,es,eu,Al menos 66,Gutxienez 47,FORWARD_ENTAILMENT
dico_phrasis_0001737__es-eu__reverse,dico_phrasis_0001737,es,eu,Al menos 47,Gutxienez 66,BACKWARD_ENTAILMENT
dico_phrasis_0001737__eu-en__forward,dico_phrasis_0001737,eu,en,Gutxienez 66,At Least 47,FORWARD_ENTAILMENT
dico_phrasis_0001737__eu-en__reverse,dico_phrasis_0001737,eu,en,Gutxienez 47,At Least 66,BACKWARD_ENTAILMENT
dico_phrasis_0001737__eu-es__forward,dico_phrasis_0001737,eu,es,Gutxienez 66,Al menos 47,FORWARD_ENTAILMENT
dico_phrasis_0001737__eu-es__reverse,dico_phrasis_0001737,eu,es,Gutxienez 47,Al menos 66,BACKWARD_ENTAILMENT
dico_phrasis_0001739__en-es__forward,dico_phrasis_0001739,en,es,with a baby in his lap,sosteniendo a un bebé,FORWARD_ENTAILMENT
dico_phrasis_0001739__en-es__reverse,dico_phrasis_0001739,en,es,holding a baby,con un bebé en su regazo,BACKWARD_ENTAILMENT
dico_phrasis_0001739__en-eu__forward,dico_phrasis_0001739,en,eu,with a baby in his lap,haurtxo bat eusten,FORWARD_ENTAILMENT
dico_phrasis_0001739__en-eu__reverse,dico_phrasis_0001739,en,eu,holding a baby,haurtxo bat magalean duela,BACKWARD_ENTAILMENT
dico_phrasis_0001739__es-en__forward,dico_phrasis_0001739,es,en,con un bebé en su regazo,holding a baby,FORWARD_ENTAILMENT
dico_phrasis_0001739__es-en__reverse,dico_phrasis_0001739,es,en,sosteniendo a un bebé,with a baby in his lap,BACKWARD_ENTAILMENT
dico_phrasis_0001739__es-eu__forward,dico_phrasis_0001739,es,eu,con un bebé en su regazo,haurtxo bat eusten,FORWARD_ENTAILMENT
dico_phrasis_0001739__es-eu__reverse,dico_phrasis_0001739,es,eu,sosteniendo a un bebé,haurtxo bat magalean duela,BACKWARD_ENTAILMENT
dico_phrasis_0001739__eu-en__forward,dico_phrasis_0001739,eu,en,haurtxo bat magalean duela,holding a baby,FORWARD_ENTAILMENT
dico_phrasis_0001739__eu-en__reverse,dico_phrasis_0001739,eu,en,haurtxo bat eusten,with a baby in his lap,BACKWARD_ENTAILMENT
dico_phrasis_0001739__eu-es__forward,dico_phrasis_0001739,eu,es,haurtxo bat magalean duela,sosteniendo a un bebé,FORWARD_ENTAILMENT
dico_phrasis_0001739__eu-es__reverse,dico_phrasis_0001739,eu,es,haurtxo bat eusten,con un bebé en su regazo,BACKWARD_ENTAILMENT
dico_phrasis_0001744__en-es__forward,dico_phrasis_0001744,en,es,with a red bicycle,con una bicicleta,FORWARD_ENTAILMENT
dico_phrasis_0001744__en-es__reverse,dico_phrasis_0001744,en,es,with a bicycle,con una bicicleta roja,BACKWARD_ENTAILMENT
dico_phrasis_0001744__en-eu__forward,dico_phrasis_0001744,en,eu,with a red bicycle,bizikleta batekin,FORWARD_ENTAILMENT
dico_phrasis_0001744__en-eu__reverse,dico_phrasis_0001744,en,eu,with a bicycle,bizikleta gorri batekin,BACKWARD_ENTAILMENT
dico_phrasis_0001744__es-en__forward,dico_phrasis_0001744,es,en,con una bicicleta roja,with a bicycle,FORWARD_ENTAILMENT
dico_phrasis_0001744__es-en__reverse,dico_phrasis_0001744,es,en,con una bicicleta,with a red bicycle,BACKWARD_ENTAILMENT
dico_phrasis_0001744__es-eu__forward,dico_phrasis_0001744,es,eu,con una bicicleta roja,bizikleta batekin,FORWARD_ENTAILMENT
dico_phrasis_0001744__es-eu__reverse,dico_phrasis_0001744,es,eu,con una bicicleta,bizikleta gorri batekin,BACKWARD_ENTAILMENT
dico_phrasis_0001744__eu-en__forward,dico_phrasis_0001744,eu,en,bizikleta gorri batekin,with a bicycle,FORWARD_ENTAILMENT
dico_phrasis_0001744__eu-en__reverse,dico_phrasis_0001744,eu,en,bizikleta batekin,with a red bicycle,BACKWARD_ENTAILMENT
dico_phrasis_0001744__eu-es__forward,dico_phrasis_0001744,eu,es,bizikleta gorri batekin,con una bicicleta,FORWARD_ENTAILMENT
dico_phrasis_0001744__eu-es__reverse,dico_phrasis_0001744,eu,es,bizikleta batekin,con una bicicleta roja,BACKWARD_ENTAILMENT
dico_phrasis_0001746__en-es__forward,dico_phrasis_0001746,en,es,on a sidewalk,en la calle,FORWARD_ENTAILMENT
dico_phrasis_0001746__en-es__reverse,dico_phrasis_0001746,en,es,on the street,en una acera,BACKWARD_ENTAILMENT
dico_phrasis_0001746__en-eu__forward,dico_phrasis_0001746,en,eu,on a sidewalk,kalean,FORWARD_ENTAILMENT
dico_phrasis_0001746__en-eu__reverse,dico_phrasis_0001746,en,eu,on the street,espaloian,BACKWARD_ENTAILMENT
dico_phrasis_0001746__es-en__forward,dico_phrasis_0001746,es,en,en una acera,on the street,FORWARD_ENTAILMENT
dico_phrasis_0001746__es-en__reverse,dico_phrasis_0001746,es,en,en la calle,on a sidewalk,BACKWARD_ENTAILMENT
dico_phrasis_0001746__es-eu__forward,dico_phrasis_0001746,es,eu,en una acera,kalean,FORWARD_ENTAILMENT
dico_phrasis_0001746__es-eu__reverse,dico_phrasis_0001746,es,eu,en la calle,espaloian,BACKWARD_ENTAILMENT
dico_phrasis_0001746__eu-en__forward,dico_phrasis_0001746,eu,en,espaloian,on the street,FORWARD_ENTAILMENT
dico_phrasis_0001746__eu-en__reverse,dico_phrasis_0001746,eu,en,kalean,on a sidewalk,BACKWARD_ENTAILMENT
dico_phrasis_0001746__eu-es__forward,dico_phrasis_0001746,eu,es,espaloian,en la calle,FORWARD_ENTAILMENT
dico_phrasis_0001746__eu-es__reverse,dico_phrasis_0001746,eu,es,kalean,en una acera,BACKWARD_ENTAILMENT
dico_phrasis_0001749__en-es__forward,dico_phrasis_0001749,en,es,in a black leather chair,en una silla de cuero,FORWARD_ENTAILMENT
dico_phrasis_0001749__en-es__reverse,dico_phrasis_0001749,en,es,on a leather chair,en una silla de cuero negro,BACKWARD_ENTAILMENT
dico_phrasis_0001749__en-eu__forward,dico_phrasis_0001749,en,eu,in a black leather chair,larruzko aulki batean,FORWARD_ENTAILMENT
dico_phrasis_0001749__en-eu__reverse,dico_phrasis_0001749,en,eu,on a leather chair,larruzko aulki beltz batean,BACKWARD_ENTAILMENT
dico_phrasis_0001749__es-en__forward,dico_phrasis_0001749,es,en,en una silla de cuero negro,on a leather chair,FORWARD_ENTAILMENT
dico_phrasis_0001749__es-en__reverse,dico_phrasis_0001749,es,en,en una silla de cuero,in a black leather chair,BACKWARD_ENTAILMENT
dico_phrasis_0001749__es-eu__forward,dico_phrasis_0001749,es,eu,en una silla de cuero negro,larruzko aulki batean,FORWARD_ENTAILMENT
dico_phrasis_0001749__es-eu__reverse,dico_phrasis_0001749,es,eu,en una silla de cuero,larruzko aulki beltz batean,BACKWARD_ENTAILMENT
dico_phrasis_0001749__eu-en__forward,dico_phrasis_0001749,eu,en,larruzko aulki beltz batean,on a leather chair,FORWARD_ENTAILMENT
dico_phrasis_0001749__eu-en__reverse,dico_phrasis_0001749,eu,en,larruzko aulki batean,in a black leather chair,BACKWARD_ENTAILMENT
dico_phrasis_0001749__eu-es__forward,dico_phrasis_0001749,eu,es,larruzko aulki beltz batean,en una silla de cuero,FORWARD_ENTAILMENT
dico_phrasis_0001749__eu-es__reverse,dico_phrasis_0001749,eu,es,larruzko aulki batean,en una silla de cuero negro,BACKWARD_ENTAILMENT
dico_phrasis_0001755__en-es__forward,dico_phrasis_0001755,en,es,a small baby,un bebé,FORWARD_ENTAILMENT
dico_phrasis_0001755__en-es__reverse,dico_phrasis_0001755,en,es,a baby,un bebé pequeño,BACKWARD_ENTAILMENT
dico_phrasis_0001755__en-eu__forward,dico_phrasis_0001755,en,eu,a small baby,haurtxo bat,FORWARD_ENTAILMENT
dico_phrasis_0001755__en-eu__reverse,dico_phrasis_0001755,en,eu,a baby,haurtxo txiki bat,BACKWARD_ENTAILMENT
dico_phrasis_0001755__es-en__forward,dico_phrasis_0001755,es,en,un bebé pequeño,a baby,FORWARD_ENTAILMENT
dico_phrasis_0001755__es-en__reverse,dico_phrasis_0001755,es,en,un bebé,a small baby,BACKWARD_ENTAILMENT
dico_phrasis_0001755__es-eu__forward,dico_phrasis_0001755,es,eu,un bebé pequeño,haurtxo bat,FORWARD_ENTAILMENT
dico_phrasis_0001755__es-eu__reverse,dico_phrasis_0001755,es,eu,un bebé,haurtxo txiki bat,BACKWARD_ENTAILMENT
dico_phrasis_0001755__eu-en__forward,dico_phrasis_0001755,eu,en,haurtxo txiki bat,a baby,FORWARD_ENTAILMENT
dico_phrasis_0001755__eu-en__reverse,dico_phrasis_0001755,eu,en,haurtxo bat,a small baby,BACKWARD_ENTAILMENT
dico_phrasis_0001755__eu-es__forward,dico_phrasis_0001755,eu,es,haurtxo txiki bat,un bebé,FORWARD_ENTAILMENT
dico_phrasis_0001755__eu-es__reverse,dico_phrasis_0001755,eu,es,haurtxo bat,un bebé pequeño,BACKWARD_ENTAILMENT
dico_phrasis_0001760__en-es__forward,dico_phrasis_0001760,en,es,underneath a chair,en el suelo,FORWARD_ENTAILMENT
dico_phrasis_0001760__en-es__reverse,dico_phrasis_0001760,en,es,on the floor,debajo de una silla,BACKWARD_ENTAILMENT
dico_phrasis_0001760__en-eu__forward,dico_phrasis_0001760,en,eu,underneath a chair,zoruan,FORWARD_ENTAILMENT
dico_phrasis_0001760__en-eu__reverse,dico_phrasis_0001760,en,eu,on the floor,aulki baten azpian,BACKWARD_ENTAILMENT
dico_phrasis_0001760__es-en__forward,dico_phrasis_0001760,es,en,debajo de una silla,on the floor,FORWARD_ENTAILMENT
dico_phrasis_0001760__es-en__reverse,dico_phrasis_0001760,es,en,en el suelo,underneath a chair,BACKWARD_ENTAILMENT
dico_phrasis_0001760__es-eu__forward,dico_phrasis_0001760,es,eu,debajo de una silla,zoruan,FORWARD_ENTAILMENT
dico_phrasis_0001760__es-eu__reverse,dico_phrasis_0001760,es,eu,en el suelo,aulki baten azpian,BACKWARD_ENTAILMENT
dico_phrasis_0001760__eu-en__forward,dico_phrasis_0001760,eu,en,aulki baten azpian,on the floor,FORWARD_ENTAILMENT
dico_phrasis_0001760__eu-en__reverse,dico_phrasis_0001760,eu,en,zoruan,underneath a chair,BACKWARD_ENTAILMENT
dico_phrasis_0001760__eu-es__forward,dico_phrasis_0001760,eu,es,aulki baten azpian,en el suelo,FORWARD_ENTAILMENT
dico_phrasis_0001760__eu-es__reverse,dico_phrasis_0001760,eu,es,zoruan,debajo de una silla,BACKWARD_ENTAILMENT
dico_phrasis_0001761__en-es__forward,dico_phrasis_0001761,en,es,A small white cat,Un gato blanco,FORWARD_ENTAILMENT
dico_phrasis_0001761__en-es__reverse,dico_phrasis_0001761,en,es,A white cat,Un pequeño gato blanco,BACKWARD_ENTAILMENT
dico_phrasis_0001761__en-eu__forward,dico_phrasis_0001761,en,eu,A small white cat,Katu zuri bat,FORWARD_ENTAILMENT
dico_phrasis_0001761__en-eu__reverse,dico_phrasis_0001761,en,eu,A white cat,Katu zuri txiki bat,BACKWARD_ENTAILMENT
dico_phrasis_0001761__es-en__forward,dico_phrasis_0001761,es,en,Un pequeño gato blanco,A white cat,FORWARD_ENTAILMENT
dico_phrasis_0001761__es-en__reverse,dico_phrasis_0001761,es,en,Un gato blanco,A small white cat,BACKWARD_ENTAILMENT
dico_phrasis_0001761__es-eu__forward,dico_phrasis_0001761,es,eu,Un pequeño gato blanco,Katu zuri bat,FORWARD_ENTAILMENT
dico_phrasis_0001761__es-eu__reverse,dico_phrasis_0001761,es,eu,Un gato blanco,Katu zuri txiki bat,BACKWARD_ENTAILMENT
dico_phrasis_0001761__eu-en__forward,dico_phrasis_0001761,eu,en,Katu zuri txiki bat,A white cat,FORWARD_ENTAILMENT
dico_phrasis_0001761__eu-en__reverse,dico_phrasis_0001761,eu,en,Katu zuri bat,A small white cat,BACKWARD_ENTAILMENT
dico_phrasis_0001761__eu-es__forward,dico_phrasis_0001761,eu,es,Katu zuri txiki bat,Un gato blanco,FORWARD_ENTAILMENT
dico_phrasis_0001761__eu-es__reverse,dico_phrasis_0001761,eu,es,Katu zuri bat,Un pequeño gato blanco,BACKWARD_ENTAILMENT
dico_phrasis_0001774__en-es__forward,dico_phrasis_0001774,en,es,with several computer monitors,con cuatro monitores de computadora,FORWARD_ENTAILMENT
dico_phrasis_0001774__en-es__reverse,dico_phrasis_0001774,en,es,with four computer monitors,con varios monitores de computadora,BACKWARD_ENTAILMENT
dico_phrasis_0001774__en-eu__forward,dico_phrasis_0001774,en,eu,with several computer monitors,ordenagailuko lau monitorekin,FORWARD_ENTAILMENT
dico_phrasis_0001774__en-eu__reverse,dico_phrasis_0001774,en,eu,with four computer monitors,ordenagailuko hainbat monitorekin,BACKWARD_ENTAILMENT
dico_phrasis_0001774__es-en__forward,dico_phrasis_0001774,es,en,con varios monitores de computadora,with four computer monitors,FORWARD_ENTAILMENT
dico_phrasis_0001774__es-en__reverse,dico_phrasis_0001774,es,en,con cuatro monitores de computadora,with several computer monitors,BACKWARD_ENTAILMENT
dico_phrasis_0001774__es-eu__forward,dico_phrasis_0001774,es,eu,con varios monitores de computadora,ordenagailuko lau monitorekin,FORWARD_ENTAILMENT
dico_phrasis_0001774__es-eu__reverse,dico_phrasis_0001774,es,eu,con cuatro monitores de computadora,ordenagailuko hainbat monitorekin,BACKWARD_ENTAILMENT
dico_phrasis_0001774__eu-en__forward,dico_phrasis_0001774,eu,en,ordenagailuko hainbat monitorekin,with four computer monitors,FORWARD_ENTAILMENT
dico_phrasis_0001774__eu-en__reverse,dico_phrasis_0001774,eu,en,ordenagailuko lau monitorekin,with several computer monitors,BACKWARD_ENTAILMENT
dico_phrasis_0001774__eu-es__forward,dico_phrasis_0001774,eu,es,ordenagailuko hainbat monitorekin,con cuatro monitores de computadora,FORWARD_ENTAILMENT
dico_phrasis_0001774__eu-es__reverse,dico_phrasis_0001774,eu,es,ordenagailuko lau monitorekin,con varios monitores de computadora,BACKWARD_ENTAILMENT
dico_phrasis_0001777__en-es__forward,dico_phrasis_0001777,en,es,Living room or den,Sala de estar,FORWARD_ENTAILMENT
dico_phrasis_0001777__en-es__reverse,dico_phrasis_0001777,en,es,Living room,Sala de estar o sala familiar,BACKWARD_ENTAILMENT
dico_phrasis_0001777__en-eu__forward,dico_phrasis_0001777,en,eu,Living room or den,Egongela,FORWARD_ENTAILMENT
dico_phrasis_0001777__en-eu__reverse,dico_phrasis_0001777,en,eu,Living room,Egongela edo familia-gela,BACKWARD_ENTAILMENT
dico_phrasis_0001777__es-en__forward,dico_phrasis_0001777,es,en,Sala de estar o sala familiar,Living room,FORWARD_ENTAILMENT
dico_phrasis_0001777__es-en__reverse,dico_phrasis_0001777,es,en,Sala de estar,Living room or den,BACKWARD_ENTAILMENT
dico_phrasis_0001777__es-eu__forward,dico_phrasis_0001777,es,eu,Sala de estar o sala familiar,Egongela,FORWARD_ENTAILMENT
dico_phrasis_0001777__es-eu__reverse,dico_phrasis_0001777,es,eu,Sala de estar,Egongela edo familia-gela,BACKWARD_ENTAILMENT
dico_phrasis_0001777__eu-en__forward,dico_phrasis_0001777,eu,en,Egongela edo familia-gela,Living room,FORWARD_ENTAILMENT
dico_phrasis_0001777__eu-en__reverse,dico_phrasis_0001777,eu,en,Egongela,Living room or den,BACKWARD_ENTAILMENT
dico_phrasis_0001777__eu-es__forward,dico_phrasis_0001777,eu,es,Egongela edo familia-gela,Sala de estar,FORWARD_ENTAILMENT
dico_phrasis_0001777__eu-es__reverse,dico_phrasis_0001777,eu,es,Egongela,Sala de estar o sala familiar,BACKWARD_ENTAILMENT
dico_phrasis_0001779__en-es__forward,dico_phrasis_0001779,en,es,an England street,la calle,FORWARD_ENTAILMENT
dico_phrasis_0001779__en-es__reverse,dico_phrasis_0001779,en,es,the street,una calle de Inglaterra,BACKWARD_ENTAILMENT
dico_phrasis_0001779__en-eu__forward,dico_phrasis_0001779,en,eu,an England street,kalea,FORWARD_ENTAILMENT
dico_phrasis_0001779__en-eu__reverse,dico_phrasis_0001779,en,eu,the street,Ingalaterrako kale bat,BACKWARD_ENTAILMENT
dico_phrasis_0001779__es-en__forward,dico_phrasis_0001779,es,en,una calle de Inglaterra,the street,FORWARD_ENTAILMENT
dico_phrasis_0001779__es-en__reverse,dico_phrasis_0001779,es,en,la calle,an England street,BACKWARD_ENTAILMENT
dico_phrasis_0001779__es-eu__forward,dico_phrasis_0001779,es,eu,una calle de Inglaterra,kalea,FORWARD_ENTAILMENT
dico_phrasis_0001779__es-eu__reverse,dico_phrasis_0001779,es,eu,la calle,Ingalaterrako kale bat,BACKWARD_ENTAILMENT
dico_phrasis_0001779__eu-en__forward,dico_phrasis_0001779,eu,en,Ingalaterrako kale bat,the street,FORWARD_ENTAILMENT
dico_phrasis_0001779__eu-en__reverse,dico_phrasis_0001779,eu,en,kalea,an England street,BACKWARD_ENTAILMENT
dico_phrasis_0001779__eu-es__forward,dico_phrasis_0001779,eu,es,Ingalaterrako kale bat,la calle,FORWARD_ENTAILMENT
dico_phrasis_0001779__eu-es__reverse,dico_phrasis_0001779,eu,es,kalea,una calle de Inglaterra,BACKWARD_ENTAILMENT
dico_phrasis_0001780__en-es__forward,dico_phrasis_0001780,en,es,with wood cabinets and dining table,con armarios de madera y muebles,FORWARD_ENTAILMENT
dico_phrasis_0001780__en-es__reverse,dico_phrasis_0001780,en,es,with wooden cabinets and furniture,con armarios de madera y mesa de comedor,BACKWARD_ENTAILMENT
dico_phrasis_0001780__en-eu__forward,dico_phrasis_0001780,en,eu,with wood cabinets and dining table,egurrezko armairuekin eta altzariekin,FORWARD_ENTAILMENT
dico_phrasis_0001780__en-eu__reverse,dico_phrasis_0001780,en,eu,with wooden cabinets and furniture,egurrezko armairuekin eta jangelako mahaiarekin,BACKWARD_ENTAILMENT
dico_phrasis_0001780__es-en__forward,dico_phrasis_0001780,es,en,con armarios de madera y mesa de comedor,with wooden cabinets and furniture,FORWARD_ENTAILMENT
dico_phrasis_0001780__es-en__reverse,dico_phrasis_0001780,es,en,con armarios de madera y muebles,with wood cabinets and dining table,BACKWARD_ENTAILMENT
dico_phrasis_0001780__es-eu__forward,dico_phrasis_0001780,es,eu,con armarios de madera y mesa de comedor,egurrezko armairuekin eta altzariekin,FORWARD_ENTAILMENT
dico_phrasis_0001780__es-eu__reverse,dico_phrasis_0001780,es,eu,con armarios de madera y muebles,egurrezko armairuekin eta jangelako mahaiarekin,BACKWARD_ENTAILMENT
dico_phrasis_0001780__eu-en__forward,dico_phrasis_0001780,eu,en,egurrezko armairuekin eta jangelako mahaiarekin,with wooden cabinets and furniture,FORWARD_ENTAILMENT
dico_phrasis_0001780__eu-en__reverse,dico_phrasis_0001780,eu,en,egurrezko armairuekin eta altzariekin,with wood cabinets and dining table,BACKWARD_ENTAILMENT
dico_phrasis_0001780__eu-es__forward,dico_phrasis_0001780,eu,es,egurrezko armairuekin eta jangelako mahaiarekin,con armarios de madera y muebles,FORWARD_ENTAILMENT
dico_phrasis_0001780__eu-es__reverse,dico_phrasis_0001780,eu,es,egurrezko armairuekin eta altzariekin,con armarios de madera y mesa de comedor,BACKWARD_ENTAILMENT
dico_phrasis_0001789__en-es__forward,dico_phrasis_0001789,en,es,Large white cruise ship,Gran crucero,FORWARD_ENTAILMENT
dico_phrasis_0001789__en-es__reverse,dico_phrasis_0001789,en,es,Large cruise ship,Gran crucero blanco,BACKWARD_ENTAILMENT
dico_phrasis_0001789__en-eu__forward,dico_phrasis_0001789,en,eu,Large white cruise ship,Gurutzaldi-ontzi handia,FORWARD_ENTAILMENT
dico_phrasis_0001789__en-eu__reverse,dico_phrasis_0001789,en,eu,Large cruise ship,Gurutzaldi-ontzi zuri handia,BACKWARD_ENTAILMENT
dico_phrasis_0001789__es-en__forward,dico_phrasis_0001789,es,en,Gran crucero blanco,Large cruise ship,FORWARD_ENTAILMENT
dico_phrasis_0001789__es-en__reverse,dico_phrasis_0001789,es,en,Gran crucero,Large white cruise ship,BACKWARD_ENTAILMENT
dico_phrasis_0001789__es-eu__forward,dico_phrasis_0001789,es,eu,Gran crucero blanco,Gurutzaldi-ontzi handia,FORWARD_ENTAILMENT
dico_phrasis_0001789__es-eu__reverse,dico_phrasis_0001789,es,eu,Gran crucero,Gurutzaldi-ontzi zuri handia,BACKWARD_ENTAILMENT
dico_phrasis_0001789__eu-en__forward,dico_phrasis_0001789,eu,en,Gurutzaldi-ontzi zuri handia,Large cruise ship,FORWARD_ENTAILMENT
dico_phrasis_0001789__eu-en__reverse,dico_phrasis_0001789,eu,en,Gurutzaldi-ontzi handia,Large white cruise ship,BACKWARD_ENTAILMENT
dico_phrasis_0001789__eu-es__forward,dico_phrasis_0001789,eu,es,Gurutzaldi-ontzi zuri handia,Gran crucero,FORWARD_ENTAILMENT
dico_phrasis_0001789__eu-es__reverse,dico_phrasis_0001789,eu,es,Gurutzaldi-ontzi handia,Gran crucero blanco,BACKWARD_ENTAILMENT
dico_phrasis_0001794__en-es__forward,dico_phrasis_0001794,en,es,at barn animals,una oveja,FORWARD_ENTAILMENT
dico_phrasis_0001794__en-es__reverse,dico_phrasis_0001794,en,es,a sheep,junto a los animales de granja,BACKWARD_ENTAILMENT
dico_phrasis_0001794__en-eu__forward,dico_phrasis_0001794,en,eu,at barn animals,ardi bat,FORWARD_ENTAILMENT
dico_phrasis_0001794__en-eu__reverse,dico_phrasis_0001794,en,eu,a sheep,ukuiluko animaliak,BACKWARD_ENTAILMENT
dico_phrasis_0001794__es-en__forward,dico_phrasis_0001794,es,en,junto a los animales de granja,a sheep,FORWARD_ENTAILMENT
dico_phrasis_0001794__es-en__reverse,dico_phrasis_0001794,es,en,una oveja,at barn animals,BACKWARD_ENTAILMENT
dico_phrasis_0001794__es-eu__forward,dico_phrasis_0001794,es,eu,junto a los animales de granja,ardi bat,FORWARD_ENTAILMENT
dico_phrasis_0001794__es-eu__reverse,dico_phrasis_0001794,es,eu,una oveja,ukuiluko animaliak,BACKWARD_ENTAILMENT
dico_phrasis_0001794__eu-en__forward,dico_phrasis_0001794,eu,en,ukuiluko animaliak,a sheep,FORWARD_ENTAILMENT
dico_phrasis_0001794__eu-en__reverse,dico_phrasis_0001794,eu,en,ardi bat,at barn animals,BACKWARD_ENTAILMENT
dico_phrasis_0001794__eu-es__forward,dico_phrasis_0001794,eu,es,ukuiluko animaliak,una oveja,FORWARD_ENTAILMENT
dico_phrasis_0001794__eu-es__reverse,dico_phrasis_0001794,eu,es,ardi bat,junto a los animales de granja,BACKWARD_ENTAILMENT
dico_phrasis_0001795__en-es__forward,dico_phrasis_0001795,en,es,at a long table,en una mesa,FORWARD_ENTAILMENT
dico_phrasis_0001795__en-es__reverse,dico_phrasis_0001795,en,es,at a table,en una mesa larga,BACKWARD_ENTAILMENT
dico_phrasis_0001795__en-eu__forward,dico_phrasis_0001795,en,eu,at a long table,mahai batean,FORWARD_ENTAILMENT
dico_phrasis_0001795__en-eu__reverse,dico_phrasis_0001795,en,eu,at a table,mahai luze batean,BACKWARD_ENTAILMENT
dico_phrasis_0001795__es-en__forward,dico_phrasis_0001795,es,en,en una mesa larga,at a table,FORWARD_ENTAILMENT
dico_phrasis_0001795__es-en__reverse,dico_phrasis_0001795,es,en,en una mesa,at a long table,BACKWARD_ENTAILMENT
dico_phrasis_0001795__es-eu__forward,dico_phrasis_0001795,es,eu,en una mesa larga,mahai batean,FORWARD_ENTAILMENT
dico_phrasis_0001795__es-eu__reverse,dico_phrasis_0001795,es,eu,en una mesa,mahai luze batean,BACKWARD_ENTAILMENT
dico_phrasis_0001795__eu-en__forward,dico_phrasis_0001795,eu,en,mahai luze batean,at a table,FORWARD_ENTAILMENT
dico_phrasis_0001795__eu-en__reverse,dico_phrasis_0001795,eu,en,mahai batean,at a long table,BACKWARD_ENTAILMENT
dico_phrasis_0001795__eu-es__forward,dico_phrasis_0001795,eu,es,mahai luze batean,en una mesa,FORWARD_ENTAILMENT
dico_phrasis_0001795__eu-es__reverse,dico_phrasis_0001795,eu,es,mahai batean,en una mesa larga,BACKWARD_ENTAILMENT
dico_phrasis_0001814__en-es__forward,dico_phrasis_0001814,en,es,A man on a motorcycle,Motociclista,FORWARD_ENTAILMENT
dico_phrasis_0001814__en-es__reverse,dico_phrasis_0001814,en,es,Motorcyclist,Un hombre en una motocicleta,BACKWARD_ENTAILMENT
dico_phrasis_0001814__en-eu__forward,dico_phrasis_0001814,en,eu,A man on a motorcycle,motozale bat,FORWARD_ENTAILMENT
dico_phrasis_0001814__en-eu__reverse,dico_phrasis_0001814,en,eu,Motorcyclist,gizon bat moto baten gainean,BACKWARD_ENTAILMENT
dico_phrasis_0001814__es-en__forward,dico_phrasis_0001814,es,en,Un hombre en una motocicleta,Motorcyclist,FORWARD_ENTAILMENT
dico_phrasis_0001814__es-en__reverse,dico_phrasis_0001814,es,en,Motociclista,A man on a motorcycle,BACKWARD_ENTAILMENT
dico_phrasis_0001814__es-eu__forward,dico_phrasis_0001814,es,eu,Un hombre en una motocicleta,motozale bat,FORWARD_ENTAILMENT
dico_phrasis_0001814__es-eu__reverse,dico_phrasis_0001814,es,eu,Motociclista,gizon bat moto baten gainean,BACKWARD_ENTAILMENT
dico_phrasis_0001814__eu-en__forward,dico_phrasis_0001814,eu,en,gizon bat moto baten gainean,Motorcyclist,FORWARD_ENTAILMENT
dico_phrasis_0001814__eu-en__reverse,dico_phrasis_0001814,eu,en,motozale bat,A man on a motorcycle,BACKWARD_ENTAILMENT
dico_phrasis_0001814__eu-es__forward,dico_phrasis_0001814,eu,es,gizon bat moto baten gainean,Motociclista,FORWARD_ENTAILMENT
dico_phrasis_0001814__eu-es__reverse,dico_phrasis_0001814,eu,es,motozale bat,Un hombre en una motocicleta,BACKWARD_ENTAILMENT
dico_phrasis_0001819__en-es__forward,dico_phrasis_0001819,en,es,A young blonde girl,Una niña joven,FORWARD_ENTAILMENT
dico_phrasis_0001819__en-es__reverse,dico_phrasis_0001819,en,es,A young girl,Una niña rubia joven,BACKWARD_ENTAILMENT
dico_phrasis_0001819__en-eu__forward,dico_phrasis_0001819,en,eu,A young blonde girl,neska gazte bat,FORWARD_ENTAILMENT
dico_phrasis_0001819__en-eu__reverse,dico_phrasis_0001819,en,eu,A young girl,neska ilehori gazte bat,BACKWARD_ENTAILMENT
dico_phrasis_0001819__es-en__forward,dico_phrasis_0001819,es,en,Una niña rubia joven,A young girl,FORWARD_ENTAILMENT
dico_phrasis_0001819__es-en__reverse,dico_phrasis_0001819,es,en,Una niña joven,A young blonde girl,BACKWARD_ENTAILMENT
dico_phrasis_0001819__es-eu__forward,dico_phrasis_0001819,es,eu,Una niña rubia joven,neska gazte bat,FORWARD_ENTAILMENT
dico_phrasis_0001819__es-eu__reverse,dico_phrasis_0001819,es,eu,Una niña joven,neska ilehori gazte bat,BACKWARD_ENTAILMENT
dico_phrasis_0001819__eu-en__forward,dico_phrasis_0001819,eu,en,neska ilehori gazte bat,A young girl,FORWARD_ENTAILMENT
dico_phrasis_0001819__eu-en__reverse,dico_phrasis_0001819,eu,en,neska gazte bat,A young blonde girl,BACKWARD_ENTAILMENT
dico_phrasis_0001819__eu-es__forward,dico_phrasis_0001819,eu,es,neska ilehori gazte bat,Una niña joven,FORWARD_ENTAILMENT
dico_phrasis_0001819__eu-es__reverse,dico_phrasis_0001819,eu,es,neska gazte bat,Una niña rubia joven,BACKWARD_ENTAILMENT
dico_phrasis_0001821__en-es__forward,dico_phrasis_0001821,en,es,Two brown horses,Caballo marrón,FORWARD_ENTAILMENT
dico_phrasis_0001821__en-es__reverse,dico_phrasis_0001821,en,es,Brown horse,Dos caballos marrones,BACKWARD_ENTAILMENT
dico_phrasis_0001821__en-eu__forward,dico_phrasis_0001821,en,eu,Two brown horses,Zaldi marroi,FORWARD_ENTAILMENT
dico_phrasis_0001821__en-eu__reverse,dico_phrasis_0001821,en,eu,Brown horse,Bi zaldi marroi,BACKWARD_ENTAILMENT
dico_phrasis_0001821__es-en__forward,dico_phrasis_0001821,es,en,Dos caballos marrones,Brown horse,FORWARD_ENTAILMENT
dico_phrasis_0001821__es-en__reverse,dico_phrasis_0001821,es,en,Caballo marrón,Two brown horses,BACKWARD_ENTAILMENT
dico_phrasis_0001821__es-eu__forward,dico_phrasis_0001821,es,eu,Dos caballos marrones,Zaldi marroi,FORWARD_ENTAILMENT
dico_phrasis_0001821__es-eu__reverse,dico_phrasis_0001821,es,eu,Caballo marrón,Bi zaldi marroi,BACKWARD_ENTAILMENT
dico_phrasis_0001821__eu-en__forward,dico_phrasis_0001821,eu,en,Bi zaldi marroi,Brown horse,FORWARD_ENTAILMENT
dico_phrasis_0001821__eu-en__reverse,dico_phrasis_0001821,eu,en,Zaldi marroi,Two brown horses,BACKWARD_ENTAILMENT
dico_phrasis_0001821__eu-es__forward,dico_phrasis_0001821,eu,es,Bi zaldi marroi,Caballo marrón,FORWARD_ENTAILMENT
dico_phrasis_0001821__eu-es__reverse,dico_phrasis_0001821,eu,es,Zaldi marroi,Dos caballos marrones,BACKWARD_ENTAILMENT
dico_phrasis_0001826__en-es__forward,dico_phrasis_0001826,en,es,near a small plane,un avión pequeño,FORWARD_ENTAILMENT
dico_phrasis_0001826__en-es__reverse,dico_phrasis_0001826,en,es,a small airplane,cerca de un avión pequeño,BACKWARD_ENTAILMENT
dico_phrasis_0001826__en-eu__forward,dico_phrasis_0001826,en,eu,near a small plane,hegazkin txiki bat,FORWARD_ENTAILMENT
dico_phrasis_0001826__en-eu__reverse,dico_phrasis_0001826,en,eu,a small airplane,hegazkin txiki baten ondoan,BACKWARD_ENTAILMENT
dico_phrasis_0001826__es-en__forward,dico_phrasis_0001826,es,en,cerca de un avión pequeño,a small airplane,FORWARD_ENTAILMENT
dico_phrasis_0001826__es-en__reverse,dico_phrasis_0001826,es,en,un avión pequeño,near a small plane,BACKWARD_ENTAILMENT
dico_phrasis_0001826__es-eu__forward,dico_phrasis_0001826,es,eu,cerca de un avión pequeño,hegazkin txiki bat,FORWARD_ENTAILMENT
dico_phrasis_0001826__es-eu__reverse,dico_phrasis_0001826,es,eu,un avión pequeño,hegazkin txiki baten ondoan,BACKWARD_ENTAILMENT
dico_phrasis_0001826__eu-en__forward,dico_phrasis_0001826,eu,en,hegazkin txiki baten ondoan,a small airplane,FORWARD_ENTAILMENT
dico_phrasis_0001826__eu-en__reverse,dico_phrasis_0001826,eu,en,hegazkin txiki bat,near a small plane,BACKWARD_ENTAILMENT
dico_phrasis_0001826__eu-es__forward,dico_phrasis_0001826,eu,es,hegazkin txiki baten ondoan,un avión pequeño,FORWARD_ENTAILMENT
dico_phrasis_0001826__eu-es__reverse,dico_phrasis_0001826,eu,es,hegazkin txiki bat,cerca de un avión pequeño,BACKWARD_ENTAILMENT
dico_phrasis_0001827__en-es__forward,dico_phrasis_0001827,en,es,on a gloved hand,la mano enguantada de alguien,FORWARD_ENTAILMENT
dico_phrasis_0001827__en-es__reverse,dico_phrasis_0001827,en,es,'s gloved hand,en una mano enguantada,BACKWARD_ENTAILMENT
dico_phrasis_0001827__en-eu__forward,dico_phrasis_0001827,en,eu,on a gloved hand,-ren eskularrudun eskua,FORWARD_ENTAILMENT
dico_phrasis_0001827__en-eu__reverse,dico_phrasis_0001827,en,eu,'s gloved hand,eskularrudun esku baten gainean,BACKWARD_ENTAILMENT
dico_phrasis_0001827__es-en__forward,dico_phrasis_0001827,es,en,en una mano enguantada,'s gloved hand,FORWARD_ENTAILMENT
dico_phrasis_0001827__es-en__reverse,dico_phrasis_0001827,es,en,la mano enguantada de alguien,on a gloved hand,BACKWARD_ENTAILMENT
dico_phrasis_0001827__es-eu__forward,dico_phrasis_0001827,es,eu,en una mano enguantada,-ren eskularrudun eskua,FORWARD_ENTAILMENT
dico_phrasis_0001827__es-eu__reverse,dico_phrasis_0001827,es,eu,la mano enguantada de alguien,eskularrudun esku baten gainean,BACKWARD_ENTAILMENT
dico_phrasis_0001827__eu-en__forward,dico_phrasis_0001827,eu,en,eskularrudun esku baten gainean,'s gloved hand,FORWARD_ENTAILMENT
dico_phrasis_0001827__eu-en__reverse,dico_phrasis_0001827,eu,en,-ren eskularrudun eskua,on a gloved hand,BACKWARD_ENTAILMENT
dico_phrasis_0001827__eu-es__forward,dico_phrasis_0001827,eu,es,eskularrudun esku baten gainean,la mano enguantada de alguien,FORWARD_ENTAILMENT
dico_phrasis_0001827__eu-es__reverse,dico_phrasis_0001827,eu,es,-ren eskularrudun eskua,en una mano enguantada,BACKWARD_ENTAILMENT
dico_phrasis_0001831__en-es__forward,dico_phrasis_0001831,en,es,A woman,Una persona,FORWARD_ENTAILMENT
dico_phrasis_0001831__en-es__reverse,dico_phrasis_0001831,en,es,A person,Una mujer,BACKWARD_ENTAILMENT
dico_phrasis_0001831__en-eu__forward,dico_phrasis_0001831,en,eu,A woman,Pertsona bat,FORWARD_ENTAILMENT
dico_phrasis_0001831__en-eu__reverse,dico_phrasis_0001831,en,eu,A person,Emakume bat,BACKWARD_ENTAILMENT
dico_phrasis_0001831__es-en__forward,dico_phrasis_0001831,es,en,Una mujer,A person,FORWARD_ENTAILMENT
dico_phrasis_0001831__es-en__reverse,dico_phrasis_0001831,es,en,Una persona,A woman,BACKWARD_ENTAILMENT
dico_phrasis_0001831__es-eu__forward,dico_phrasis_0001831,es,eu,Una mujer,Pertsona bat,FORWARD_ENTAILMENT
dico_phrasis_0001831__es-eu__reverse,dico_phrasis_0001831,es,eu,Una persona,Emakume bat,BACKWARD_ENTAILMENT
dico_phrasis_0001831__eu-en__forward,dico_phrasis_0001831,eu,en,Emakume bat,A person,FORWARD_ENTAILMENT
dico_phrasis_0001831__eu-en__reverse,dico_phrasis_0001831,eu,en,Pertsona bat,A woman,BACKWARD_ENTAILMENT
dico_phrasis_0001831__eu-es__forward,dico_phrasis_0001831,eu,es,Emakume bat,Una persona,FORWARD_ENTAILMENT
dico_phrasis_0001831__eu-es__reverse,dico_phrasis_0001831,eu,es,Pertsona bat,Una mujer,BACKWARD_ENTAILMENT
dico_phrasis_0001834__en-es__forward,dico_phrasis_0001834,en,es,A man and two women,Un hombre y mujeres,FORWARD_ENTAILMENT
dico_phrasis_0001834__en-es__reverse,dico_phrasis_0001834,en,es,A man and women,Un hombre y dos mujeres,BACKWARD_ENTAILMENT
dico_phrasis_0001834__en-eu__forward,dico_phrasis_0001834,en,eu,A man and two women,Gizon bat eta emakumeak,FORWARD_ENTAILMENT
dico_phrasis_0001834__en-eu__reverse,dico_phrasis_0001834,en,eu,A man and women,Gizon bat eta bi emakume,BACKWARD_ENTAILMENT
dico_phrasis_0001834__es-en__forward,dico_phrasis_0001834,es,en,Un hombre y dos mujeres,A man and women,FORWARD_ENTAILMENT
dico_phrasis_0001834__es-en__reverse,dico_phrasis_0001834,es,en,Un hombre y mujeres,A man and two women,BACKWARD_ENTAILMENT
dico_phrasis_0001834__es-eu__forward,dico_phrasis_0001834,es,eu,Un hombre y dos mujeres,Gizon bat eta emakumeak,FORWARD_ENTAILMENT
dico_phrasis_0001834__es-eu__reverse,dico_phrasis_0001834,es,eu,Un hombre y mujeres,Gizon bat eta bi emakume,BACKWARD_ENTAILMENT
dico_phrasis_0001834__eu-en__forward,dico_phrasis_0001834,eu,en,Gizon bat eta bi emakume,A man and women,FORWARD_ENTAILMENT
dico_phrasis_0001834__eu-en__reverse,dico_phrasis_0001834,eu,en,Gizon bat eta emakumeak,A man and two women,BACKWARD_ENTAILMENT
dico_phrasis_0001834__eu-es__forward,dico_phrasis_0001834,eu,es,Gizon bat eta bi emakume,Un hombre y mujeres,FORWARD_ENTAILMENT
dico_phrasis_0001834__eu-es__reverse,dico_phrasis_0001834,eu,es,Gizon bat eta emakumeak,Un hombre y dos mujeres,BACKWARD_ENTAILMENT
dico_phrasis_0001843__en-es__forward,dico_phrasis_0001843,en,es,in a street,calle,FORWARD_ENTAILMENT
dico_phrasis_0001843__en-es__reverse,dico_phrasis_0001843,en,es,street,en una calle,BACKWARD_ENTAILMENT
dico_phrasis_0001843__en-eu__forward,dico_phrasis_0001843,en,eu,in a street,kalea,FORWARD_ENTAILMENT
dico_phrasis_0001843__en-eu__reverse,dico_phrasis_0001843,en,eu,street,kale batean,BACKWARD_ENTAILMENT
dico_phrasis_0001843__es-en__forward,dico_phrasis_0001843,es,en,en una calle,street,FORWARD_ENTAILMENT
dico_phrasis_0001843__es-en__reverse,dico_phrasis_0001843,es,en,calle,in a street,BACKWARD_ENTAILMENT
dico_phrasis_0001843__es-eu__forward,dico_phrasis_0001843,es,eu,en una calle,kalea,FORWARD_ENTAILMENT
dico_phrasis_0001843__es-eu__reverse,dico_phrasis_0001843,es,eu,calle,kale batean,BACKWARD_ENTAILMENT
dico_phrasis_0001843__eu-en__forward,dico_phrasis_0001843,eu,en,kale batean,street,FORWARD_ENTAILMENT
dico_phrasis_0001843__eu-en__reverse,dico_phrasis_0001843,eu,en,kalea,in a street,BACKWARD_ENTAILMENT
dico_phrasis_0001843__eu-es__forward,dico_phrasis_0001843,eu,es,kale batean,calle,FORWARD_ENTAILMENT
dico_phrasis_0001843__eu-es__reverse,dico_phrasis_0001843,eu,es,kalea,en una calle,BACKWARD_ENTAILMENT
dico_phrasis_0001850__en-es__forward,dico_phrasis_0001850,en,es,are sitting down,sentados,FORWARD_ENTAILMENT
dico_phrasis_0001850__en-es__reverse,dico_phrasis_0001850,en,es,sitting,están sentados,BACKWARD_ENTAILMENT
dico_phrasis_0001850__en-eu__forward,dico_phrasis_0001850,en,eu,are sitting down,eserita,FORWARD_ENTAILMENT
dico_phrasis_0001850__en-eu__reverse,dico_phrasis_0001850,en,eu,sitting,eserita daude,BACKWARD_ENTAILMENT
dico_phrasis_0001850__es-en__forward,dico_phrasis_0001850,es,en,están sentados,sitting,FORWARD_ENTAILMENT
dico_phrasis_0001850__es-en__reverse,dico_phrasis_0001850,es,en,sentados,are sitting down,BACKWARD_ENTAILMENT
dico_phrasis_0001850__es-eu__forward,dico_phrasis_0001850,es,eu,están sentados,eserita,FORWARD_ENTAILMENT
dico_phrasis_0001850__es-eu__reverse,dico_phrasis_0001850,es,eu,sentados,eserita daude,BACKWARD_ENTAILMENT
dico_phrasis_0001850__eu-en__forward,dico_phrasis_0001850,eu,en,eserita daude,sitting,FORWARD_ENTAILMENT
dico_phrasis_0001850__eu-en__reverse,dico_phrasis_0001850,eu,en,eserita,are sitting down,BACKWARD_ENTAILMENT
dico_phrasis_0001850__eu-es__forward,dico_phrasis_0001850,eu,es,eserita daude,sentados,FORWARD_ENTAILMENT
dico_phrasis_0001850__eu-es__reverse,dico_phrasis_0001850,eu,es,eserita,están sentados,BACKWARD_ENTAILMENT
dico_phrasis_0001851__en-es__forward,dico_phrasis_0001851,en,es,A home office,Habitación,FORWARD_ENTAILMENT
dico_phrasis_0001851__en-es__reverse,dico_phrasis_0001851,en,es,Room,Una oficina en casa,BACKWARD_ENTAILMENT
dico_phrasis_0001851__en-eu__forward,dico_phrasis_0001851,en,eu,A home office,gela,FORWARD_ENTAILMENT
dico_phrasis_0001851__en-eu__reverse,dico_phrasis_0001851,en,eu,Room,etxeko bulego bat,BACKWARD_ENTAILMENT
dico_phrasis_0001851__es-en__forward,dico_phrasis_0001851,es,en,Una oficina en casa,Room,FORWARD_ENTAILMENT
dico_phrasis_0001851__es-en__reverse,dico_phrasis_0001851,es,en,Habitación,A home office,BACKWARD_ENTAILMENT
dico_phrasis_0001851__es-eu__forward,dico_phrasis_0001851,es,eu,Una oficina en casa,gela,FORWARD_ENTAILMENT
dico_phrasis_0001851__es-eu__reverse,dico_phrasis_0001851,es,eu,Habitación,etxeko bulego bat,BACKWARD_ENTAILMENT
dico_phrasis_0001851__eu-en__forward,dico_phrasis_0001851,eu,en,etxeko bulego bat,Room,FORWARD_ENTAILMENT
dico_phrasis_0001851__eu-en__reverse,dico_phrasis_0001851,eu,en,gela,A home office,BACKWARD_ENTAILMENT
dico_phrasis_0001851__eu-es__forward,dico_phrasis_0001851,eu,es,etxeko bulego bat,Habitación,FORWARD_ENTAILMENT
dico_phrasis_0001851__eu-es__reverse,dico_phrasis_0001851,eu,es,gela,Una oficina en casa,BACKWARD_ENTAILMENT
dico_phrasis_0001858__en-es__forward,dico_phrasis_0001858,en,es,Blue couch and twin bed,Sofá azul,FORWARD_ENTAILMENT
dico_phrasis_0001858__en-es__reverse,dico_phrasis_0001858,en,es,Blue couch,Sofá azul y cama individual,BACKWARD_ENTAILMENT
dico_phrasis_0001858__en-eu__forward,dico_phrasis_0001858,en,eu,Blue couch and twin bed,Sofa urdina,FORWARD_ENTAILMENT
dico_phrasis_0001858__en-eu__reverse,dico_phrasis_0001858,en,eu,Blue couch,Sofa urdina eta ohe bikiak,BACKWARD_ENTAILMENT
dico_phrasis_0001858__es-en__forward,dico_phrasis_0001858,es,en,Sofá azul y cama individual,Blue couch,FORWARD_ENTAILMENT
dico_phrasis_0001858__es-en__reverse,dico_phrasis_0001858,es,en,Sofá azul,Blue couch and twin bed,BACKWARD_ENTAILMENT
dico_phrasis_0001858__es-eu__forward,dico_phrasis_0001858,es,eu,Sofá azul y cama individual,Sofa urdina,FORWARD_ENTAILMENT
dico_phrasis_0001858__es-eu__reverse,dico_phrasis_0001858,es,eu,Sofá azul,Sofa urdina eta ohe bikiak,BACKWARD_ENTAILMENT
dico_phrasis_0001858__eu-en__forward,dico_phrasis_0001858,eu,en,Sofa urdina eta ohe bikiak,Blue couch,FORWARD_ENTAILMENT
dico_phrasis_0001858__eu-en__reverse,dico_phrasis_0001858,eu,en,Sofa urdina,Blue couch and twin bed,BACKWARD_ENTAILMENT
dico_phrasis_0001858__eu-es__forward,dico_phrasis_0001858,eu,es,Sofa urdina eta ohe bikiak,Sofá azul,FORWARD_ENTAILMENT
dico_phrasis_0001858__eu-es__reverse,dico_phrasis_0001858,eu,es,Sofa urdina,Sofá azul y cama individual,BACKWARD_ENTAILMENT
dico_phrasis_0001871__en-es__forward,dico_phrasis_0001871,en,es,A white Apple computer,Una computadora Apple,FORWARD_ENTAILMENT
dico_phrasis_0001871__en-es__reverse,dico_phrasis_0001871,en,es,An Apple computer,Una computadora Apple blanca,BACKWARD_ENTAILMENT
dico_phrasis_0001871__en-eu__forward,dico_phrasis_0001871,en,eu,A white Apple computer,Apple ordenagailu bat,FORWARD_ENTAILMENT
dico_phrasis_0001871__en-eu__reverse,dico_phrasis_0001871,en,eu,An Apple computer,Apple ordenagailu zuri bat,BACKWARD_ENTAILMENT
dico_phrasis_0001871__es-en__forward,dico_phrasis_0001871,es,en,Una computadora Apple blanca,An Apple computer,FORWARD_ENTAILMENT
dico_phrasis_0001871__es-en__reverse,dico_phrasis_0001871,es,en,Una computadora Apple,A white Apple computer,BACKWARD_ENTAILMENT
dico_phrasis_0001871__es-eu__forward,dico_phrasis_0001871,es,eu,Una computadora Apple blanca,Apple ordenagailu bat,FORWARD_ENTAILMENT
dico_phrasis_0001871__es-eu__reverse,dico_phrasis_0001871,es,eu,Una computadora Apple,Apple ordenagailu zuri bat,BACKWARD_ENTAILMENT
dico_phrasis_0001871__eu-en__forward,dico_phrasis_0001871,eu,en,Apple ordenagailu zuri bat,An Apple computer,FORWARD_ENTAILMENT
dico_phrasis_0001871__eu-en__reverse,dico_phrasis_0001871,eu,en,Apple ordenagailu bat,A white Apple computer,BACKWARD_ENTAILMENT
dico_phrasis_0001871__eu-es__forward,dico_phrasis_0001871,eu,es,Apple ordenagailu zuri bat,Una computadora Apple,FORWARD_ENTAILMENT
dico_phrasis_0001871__eu-es__reverse,dico_phrasis_0001871,eu,es,Apple ordenagailu bat,Una computadora Apple blanca,BACKWARD_ENTAILMENT
dico_phrasis_0001873__en-es__forward,dico_phrasis_0001873,en,es,Red and white bus,Un autobús,FORWARD_ENTAILMENT
dico_phrasis_0001873__en-es__reverse,dico_phrasis_0001873,en,es,A bus,Autobús rojo y blanco,BACKWARD_ENTAILMENT
dico_phrasis_0001873__en-eu__forward,dico_phrasis_0001873,en,eu,Red and white bus,Autobus bat,FORWARD_ENTAILMENT
dico_phrasis_0001873__en-eu__reverse,dico_phrasis_0001873,en,eu,A bus,Autobus gorri eta zuria,BACKWARD_ENTAILMENT
dico_phrasis_0001873__es-en__forward,dico_phrasis_0001873,es,en,Autobús rojo y blanco,A bus,FORWARD_ENTAILMENT
dico_phrasis_0001873__es-en__reverse,dico_phrasis_0001873,es,en,Un autobús,Red and white bus,BACKWARD_ENTAILMENT
dico_phrasis_0001873__es-eu__forward,dico_phrasis_0001873,es,eu,Autobús rojo y blanco,Autobus bat,FORWARD_ENTAILMENT
dico_phrasis_0001873__es-eu__reverse,dico_phrasis_0001873,es,eu,Un autobús,Autobus gorri eta zuria,BACKWARD_ENTAILMENT
dico_phrasis_0001873__eu-en__forward,dico_phrasis_0001873,eu,en,Autobus gorri eta zuria,A bus,FORWARD_ENTAILMENT
dico_phrasis_0001873__eu-en__reverse,dico_phrasis_0001873,eu,en,Autobus bat,Red and white bus,BACKWARD_ENTAILMENT
dico_phrasis_0001873__eu-es__forward,dico_phrasis_0001873,eu,es,Autobus gorri eta zuria,Un autobús,FORWARD_ENTAILMENT
dico_phrasis_0001873__eu-es__reverse,dico_phrasis_0001873,eu,es,Autobus bat,Autobús rojo y blanco,BACKWARD_ENTAILMENT
dico_phrasis_0001878__en-es__forward,dico_phrasis_0001878,en,es,on blue sofa,en el sofá,FORWARD_ENTAILMENT
dico_phrasis_0001878__en-es__reverse,dico_phrasis_0001878,en,es,on the sofa,en el sofá azul,BACKWARD_ENTAILMENT
dico_phrasis_0001878__en-eu__forward,dico_phrasis_0001878,en,eu,on blue sofa,sofa gainean,FORWARD_ENTAILMENT
dico_phrasis_0001878__en-eu__reverse,dico_phrasis_0001878,en,eu,on the sofa,sofa urdinaren gainean,BACKWARD_ENTAILMENT
dico_phrasis_0001878__es-en__forward,dico_phrasis_0001878,es,en,en el sofá azul,on the sofa,FORWARD_ENTAILMENT
dico_phrasis_0001878__es-en__reverse,dico_phrasis_0001878,es,en,en el sofá,on blue sofa,BACKWARD_ENTAILMENT
dico_phrasis_0001878__es-eu__forward,dico_phrasis_0001878,es,eu,en el sofá azul,sofa gainean,FORWARD_ENTAILMENT
dico_phrasis_0001878__es-eu__reverse,dico_phrasis_0001878,es,eu,en el sofá,sofa urdinaren gainean,BACKWARD_ENTAILMENT
dico_phrasis_0001878__eu-en__forward,dico_phrasis_0001878,eu,en,sofa urdinaren gainean,on the sofa,FORWARD_ENTAILMENT
dico_phrasis_0001878__eu-en__reverse,dico_phrasis_0001878,eu,en,sofa gainean,on blue sofa,BACKWARD_ENTAILMENT
dico_phrasis_0001878__eu-es__forward,dico_phrasis_0001878,eu,es,sofa urdinaren gainean,en el sofá,FORWARD_ENTAILMENT
dico_phrasis_0001878__eu-es__reverse,dico_phrasis_0001878,eu,es,sofa gainean,en el sofá azul,BACKWARD_ENTAILMENT
dico_phrasis_0001880__en-es__forward,dico_phrasis_0001880,en,es,A black and white horned cow,una vaca blanca y negra,FORWARD_ENTAILMENT
dico_phrasis_0001880__en-es__reverse,dico_phrasis_0001880,en,es,a black and white cow,Una vaca blanca y negra con cuernos,BACKWARD_ENTAILMENT
dico_phrasis_0001880__en-eu__forward,dico_phrasis_0001880,en,eu,A black and white horned cow,zuri-beltzeko behi bat,FORWARD_ENTAILMENT
dico_phrasis_0001880__en-eu__reverse,dico_phrasis_0001880,en,eu,a black and white cow,Zuri-beltzeko adardun behi bat,BACKWARD_ENTAILMENT
dico_phrasis_0001880__es-en__forward,dico_phrasis_0001880,es,en,Una vaca blanca y negra con cuernos,a black and white cow,FORWARD_ENTAILMENT
dico_phrasis_0001880__es-en__reverse,dico_phrasis_0001880,es,en,una vaca blanca y negra,A black and white horned cow,BACKWARD_ENTAILMENT
dico_phrasis_0001880__es-eu__forward,dico_phrasis_0001880,es,eu,Una vaca blanca y negra con cuernos,zuri-beltzeko behi bat,FORWARD_ENTAILMENT
dico_phrasis_0001880__es-eu__reverse,dico_phrasis_0001880,es,eu,una vaca blanca y negra,Zuri-beltzeko adardun behi bat,BACKWARD_ENTAILMENT
dico_phrasis_0001880__eu-en__forward,dico_phrasis_0001880,eu,en,Zuri-beltzeko adardun behi bat,a black and white cow,FORWARD_ENTAILMENT
dico_phrasis_0001880__eu-en__reverse,dico_phrasis_0001880,eu,en,zuri-beltzeko behi bat,A black and white horned cow,BACKWARD_ENTAILMENT
dico_phrasis_0001880__eu-es__forward,dico_phrasis_0001880,eu,es,Zuri-beltzeko adardun behi bat,una vaca blanca y negra,FORWARD_ENTAILMENT
dico_phrasis_0001880__eu-es__reverse,dico_phrasis_0001880,eu,es,zuri-beltzeko behi bat,Una vaca blanca y negra con cuernos,BACKWARD_ENTAILMENT
dico_phrasis_0001883__en-es__forward,dico_phrasis_0001883,en,es,A small brown birds,un pájaro pequeño,FORWARD_ENTAILMENT
dico_phrasis_0001883__en-es__reverse,dico_phrasis_0001883,en,es,A small bird,unos pájaros marrones pequeños,BACKWARD_ENTAILMENT
dico_phrasis_0001883__en-eu__forward,dico_phrasis_0001883,en,eu,A small brown birds,Txori txiki bat,FORWARD_ENTAILMENT
dico_phrasis_0001883__en-eu__reverse,dico_phrasis_0001883,en,eu,A small bird,Txori marroi txiki batzuk,BACKWARD_ENTAILMENT
dico_phrasis_0001883__es-en__forward,dico_phrasis_0001883,es,en,unos pájaros marrones pequeños,A small bird,FORWARD_ENTAILMENT
dico_phrasis_0001883__es-en__reverse,dico_phrasis_0001883,es,en,un pájaro pequeño,A small brown birds,BACKWARD_ENTAILMENT
dico_phrasis_0001883__es-eu__forward,dico_phrasis_0001883,es,eu,unos pájaros marrones pequeños,Txori txiki bat,FORWARD_ENTAILMENT
dico_phrasis_0001883__es-eu__reverse,dico_phrasis_0001883,es,eu,un pájaro pequeño,Txori marroi txiki batzuk,BACKWARD_ENTAILMENT
dico_phrasis_0001883__eu-en__forward,dico_phrasis_0001883,eu,en,Txori marroi txiki batzuk,A small bird,FORWARD_ENTAILMENT
dico_phrasis_0001883__eu-en__reverse,dico_phrasis_0001883,eu,en,Txori txiki bat,A small brown birds,BACKWARD_ENTAILMENT
dico_phrasis_0001883__eu-es__forward,dico_phrasis_0001883,eu,es,Txori marroi txiki batzuk,un pájaro pequeño,FORWARD_ENTAILMENT
dico_phrasis_0001883__eu-es__reverse,dico_phrasis_0001883,eu,es,Txori txiki bat,unos pájaros marrones pequeños,BACKWARD_ENTAILMENT
dico_phrasis_0001885__en-es__forward,dico_phrasis_0001885,en,es,in a grassy field,en el campo,FORWARD_ENTAILMENT
dico_phrasis_0001885__en-es__reverse,dico_phrasis_0001885,en,es,in the field,en un campo cubierto de hierba,BACKWARD_ENTAILMENT
dico_phrasis_0001885__en-eu__forward,dico_phrasis_0001885,en,eu,in a grassy field,zelai batean,FORWARD_ENTAILMENT
dico_phrasis_0001885__en-eu__reverse,dico_phrasis_0001885,en,eu,in the field,belarrezko zelai batean,BACKWARD_ENTAILMENT
dico_phrasis_0001885__es-en__forward,dico_phrasis_0001885,es,en,en un campo cubierto de hierba,in the field,FORWARD_ENTAILMENT
dico_phrasis_0001885__es-en__reverse,dico_phrasis_0001885,es,en,en el campo,in a grassy field,BACKWARD_ENTAILMENT
dico_phrasis_0001885__es-eu__forward,dico_phrasis_0001885,es,eu,en un campo cubierto de hierba,zelai batean,FORWARD_ENTAILMENT
dico_phrasis_0001885__es-eu__reverse,dico_phrasis_0001885,es,eu,en el campo,belarrezko zelai batean,BACKWARD_ENTAILMENT
dico_phrasis_0001885__eu-en__forward,dico_phrasis_0001885,eu,en,belarrezko zelai batean,in the field,FORWARD_ENTAILMENT
dico_phrasis_0001885__eu-en__reverse,dico_phrasis_0001885,eu,en,zelai batean,in a grassy field,BACKWARD_ENTAILMENT
dico_phrasis_0001885__eu-es__forward,dico_phrasis_0001885,eu,es,belarrezko zelai batean,en el campo,FORWARD_ENTAILMENT
dico_phrasis_0001885__eu-es__reverse,dico_phrasis_0001885,eu,es,zelai batean,en un campo cubierto de hierba,BACKWARD_ENTAILMENT
dico_phrasis_0001889__en-es__forward,dico_phrasis_0001889,en,es,A group of people,Cuatro personas,FORWARD_ENTAILMENT
dico_phrasis_0001889__en-es__reverse,dico_phrasis_0001889,en,es,Four people,Un grupo de personas,BACKWARD_ENTAILMENT
dico_phrasis_0001889__en-eu__forward,dico_phrasis_0001889,en,eu,A group of people,lau pertsona,FORWARD_ENTAILMENT
dico_phrasis_0001889__en-eu__reverse,dico_phrasis_0001889,en,eu,Four people,pertsona talde bat,BACKWARD_ENTAILMENT
dico_phrasis_0001889__es-en__forward,dico_phrasis_0001889,es,en,Un grupo de personas,Four people,FORWARD_ENTAILMENT
dico_phrasis_0001889__es-en__reverse,dico_phrasis_0001889,es,en,Cuatro personas,A group of people,BACKWARD_ENTAILMENT
dico_phrasis_0001889__es-eu__forward,dico_phrasis_0001889,es,eu,Un grupo de personas,lau pertsona,FORWARD_ENTAILMENT
dico_phrasis_0001889__es-eu__reverse,dico_phrasis_0001889,es,eu,Cuatro personas,pertsona talde bat,BACKWARD_ENTAILMENT
dico_phrasis_0001889__eu-en__forward,dico_phrasis_0001889,eu,en,pertsona talde bat,Four people,FORWARD_ENTAILMENT
dico_phrasis_0001889__eu-en__reverse,dico_phrasis_0001889,eu,en,lau pertsona,A group of people,BACKWARD_ENTAILMENT
dico_phrasis_0001889__eu-es__forward,dico_phrasis_0001889,eu,es,pertsona talde bat,Cuatro personas,FORWARD_ENTAILMENT
dico_phrasis_0001889__eu-es__reverse,dico_phrasis_0001889,eu,es,lau pertsona,Un grupo de personas,BACKWARD_ENTAILMENT
dico_phrasis_0001891__en-es__forward,dico_phrasis_0001891,en,es,Two white horses,Dos caballos,FORWARD_ENTAILMENT
dico_phrasis_0001891__en-es__reverse,dico_phrasis_0001891,en,es,Two horses,Dos caballos blancos,BACKWARD_ENTAILMENT
dico_phrasis_0001891__en-eu__forward,dico_phrasis_0001891,en,eu,Two white horses,Bi zaldi,FORWARD_ENTAILMENT
dico_phrasis_0001891__en-eu__reverse,dico_phrasis_0001891,en,eu,Two horses,Bi zaldi zuri,BACKWARD_ENTAILMENT
dico_phrasis_0001891__es-en__forward,dico_phrasis_0001891,es,en,Dos caballos blancos,Two horses,FORWARD_ENTAILMENT
dico_phrasis_0001891__es-en__reverse,dico_phrasis_0001891,es,en,Dos caballos,Two white horses,BACKWARD_ENTAILMENT
dico_phrasis_0001891__es-eu__forward,dico_phrasis_0001891,es,eu,Dos caballos blancos,Bi zaldi,FORWARD_ENTAILMENT
dico_phrasis_0001891__es-eu__reverse,dico_phrasis_0001891,es,eu,Dos caballos,Bi zaldi zuri,BACKWARD_ENTAILMENT
dico_phrasis_0001891__eu-en__forward,dico_phrasis_0001891,eu,en,Bi zaldi zuri,Two horses,FORWARD_ENTAILMENT
dico_phrasis_0001891__eu-en__reverse,dico_phrasis_0001891,eu,en,Bi zaldi,Two white horses,BACKWARD_ENTAILMENT
dico_phrasis_0001891__eu-es__forward,dico_phrasis_0001891,eu,es,Bi zaldi zuri,Dos caballos,FORWARD_ENTAILMENT
dico_phrasis_0001891__eu-es__reverse,dico_phrasis_0001891,eu,es,Bi zaldi,Dos caballos blancos,BACKWARD_ENTAILMENT
dico_phrasis_0001896__en-es__forward,dico_phrasis_0001896,en,es,at a port,en una costa,FORWARD_ENTAILMENT
dico_phrasis_0001896__en-es__reverse,dico_phrasis_0001896,en,es,at a coast,en un puerto,BACKWARD_ENTAILMENT
dico_phrasis_0001896__en-eu__forward,dico_phrasis_0001896,en,eu,at a port,kostalde batean,FORWARD_ENTAILMENT
dico_phrasis_0001896__en-eu__reverse,dico_phrasis_0001896,en,eu,at a coast,portu batean,BACKWARD_ENTAILMENT
dico_phrasis_0001896__es-en__forward,dico_phrasis_0001896,es,en,en un puerto,at a coast,FORWARD_ENTAILMENT
dico_phrasis_0001896__es-en__reverse,dico_phrasis_0001896,es,en,en una costa,at a port,BACKWARD_ENTAILMENT
dico_phrasis_0001896__es-eu__forward,dico_phrasis_0001896,es,eu,en un puerto,kostalde batean,FORWARD_ENTAILMENT
dico_phrasis_0001896__es-eu__reverse,dico_phrasis_0001896,es,eu,en una costa,portu batean,BACKWARD_ENTAILMENT
dico_phrasis_0001896__eu-en__forward,dico_phrasis_0001896,eu,en,portu batean,at a coast,FORWARD_ENTAILMENT
dico_phrasis_0001896__eu-en__reverse,dico_phrasis_0001896,eu,en,kostalde batean,at a port,BACKWARD_ENTAILMENT
dico_phrasis_0001896__eu-es__forward,dico_phrasis_0001896,eu,es,portu batean,en una costa,FORWARD_ENTAILMENT
dico_phrasis_0001896__eu-es__reverse,dico_phrasis_0001896,eu,es,kostalde batean,en un puerto,BACKWARD_ENTAILMENT
dico_phrasis_0001898__en-es__forward,dico_phrasis_0001898,en,es,A smiling woman,una mujer,FORWARD_ENTAILMENT
dico_phrasis_0001898__en-es__reverse,dico_phrasis_0001898,en,es,a woman,Una mujer sonriente,BACKWARD_ENTAILMENT
dico_phrasis_0001898__en-eu__forward,dico_phrasis_0001898,en,eu,A smiling woman,emakume bat,FORWARD_ENTAILMENT
dico_phrasis_0001898__en-eu__reverse,dico_phrasis_0001898,en,eu,a woman,Emakume irribarretsu bat,BACKWARD_ENTAILMENT
dico_phrasis_0001898__es-en__forward,dico_phrasis_0001898,es,en,Una mujer sonriente,a woman,FORWARD_ENTAILMENT
dico_phrasis_0001898__es-en__reverse,dico_phrasis_0001898,es,en,una mujer,A smiling woman,BACKWARD_ENTAILMENT
dico_phrasis_0001898__es-eu__forward,dico_phrasis_0001898,es,eu,Una mujer sonriente,emakume bat,FORWARD_ENTAILMENT
dico_phrasis_0001898__es-eu__reverse,dico_phrasis_0001898,es,eu,una mujer,Emakume irribarretsu bat,BACKWARD_ENTAILMENT
dico_phrasis_0001898__eu-en__forward,dico_phrasis_0001898,eu,en,Emakume irribarretsu bat,a woman,FORWARD_ENTAILMENT
dico_phrasis_0001898__eu-en__reverse,dico_phrasis_0001898,eu,en,emakume bat,A smiling woman,BACKWARD_ENTAILMENT
dico_phrasis_0001898__eu-es__forward,dico_phrasis_0001898,eu,es,Emakume irribarretsu bat,una mujer,FORWARD_ENTAILMENT
dico_phrasis_0001898__eu-es__reverse,dico_phrasis_0001898,eu,es,emakume bat,Una mujer sonriente,BACKWARD_ENTAILMENT
dico_phrasis_0001901__en-es__forward,dico_phrasis_0001901,en,es,while sitting,sentado,FORWARD_ENTAILMENT
dico_phrasis_0001901__en-es__reverse,dico_phrasis_0001901,en,es,sitting,mientras está sentado,BACKWARD_ENTAILMENT
dico_phrasis_0001901__en-eu__forward,dico_phrasis_0001901,en,eu,while sitting,eserita,FORWARD_ENTAILMENT
dico_phrasis_0001901__en-eu__reverse,dico_phrasis_0001901,en,eu,sitting,eserita dagoen bitartean,BACKWARD_ENTAILMENT
dico_phrasis_0001901__es-en__forward,dico_phrasis_0001901,es,en,mientras está sentado,sitting,FORWARD_ENTAILMENT
dico_phrasis_0001901__es-en__reverse,dico_phrasis_0001901,es,en,sentado,while sitting,BACKWARD_ENTAILMENT
dico_phrasis_0001901__es-eu__forward,dico_phrasis_0001901,es,eu,mientras está sentado,eserita,FORWARD_ENTAILMENT
dico_phrasis_0001901__es-eu__reverse,dico_phrasis_0001901,es,eu,sentado,eserita dagoen bitartean,BACKWARD_ENTAILMENT
dico_phrasis_0001901__eu-en__forward,dico_phrasis_0001901,eu,en,eserita dagoen bitartean,sitting,FORWARD_ENTAILMENT
dico_phrasis_0001901__eu-en__reverse,dico_phrasis_0001901,eu,en,eserita,while sitting,BACKWARD_ENTAILMENT
dico_phrasis_0001901__eu-es__forward,dico_phrasis_0001901,eu,es,eserita dagoen bitartean,sentado,FORWARD_ENTAILMENT
dico_phrasis_0001901__eu-es__reverse,dico_phrasis_0001901,eu,es,eserita,mientras está sentado,BACKWARD_ENTAILMENT
dico_phrasis_0001904__en-es__forward,dico_phrasis_0001904,en,es,Two young people,Dos personas,FORWARD_ENTAILMENT
dico_phrasis_0001904__en-es__reverse,dico_phrasis_0001904,en,es,Two people,Dos jóvenes,BACKWARD_ENTAILMENT
dico_phrasis_0001904__en-eu__forward,dico_phrasis_0001904,en,eu,Two young people,Bi pertsona,FORWARD_ENTAILMENT
dico_phrasis_0001904__en-eu__reverse,dico_phrasis_0001904,en,eu,Two people,Bi gazte,BACKWARD_ENTAILMENT
dico_phrasis_0001904__es-en__forward,dico_phrasis_0001904,es,en,Dos jóvenes,Two people,FORWARD_ENTAILMENT
dico_phrasis_0001904__es-en__reverse,dico_phrasis_0001904,es,en,Dos personas,Two young people,BACKWARD_ENTAILMENT
dico_phrasis_0001904__es-eu__forward,dico_phrasis_0001904,es,eu,Dos jóvenes,Bi pertsona,FORWARD_ENTAILMENT
dico_phrasis_0001904__es-eu__reverse,dico_phrasis_0001904,es,eu,Dos personas,Bi gazte,BACKWARD_ENTAILMENT
dico_phrasis_0001904__eu-en__forward,dico_phrasis_0001904,eu,en,Bi gazte,Two people,FORWARD_ENTAILMENT
dico_phrasis_0001904__eu-en__reverse,dico_phrasis_0001904,eu,en,Bi pertsona,Two young people,BACKWARD_ENTAILMENT
dico_phrasis_0001904__eu-es__forward,dico_phrasis_0001904,eu,es,Bi gazte,Dos personas,FORWARD_ENTAILMENT
dico_phrasis_0001904__eu-es__reverse,dico_phrasis_0001904,eu,es,Bi pertsona,Dos jóvenes,BACKWARD_ENTAILMENT
dico_phrasis_0001909__en-es__forward,dico_phrasis_0001909,en,es,in grassy field,en un campo,FORWARD_ENTAILMENT
dico_phrasis_0001909__en-es__reverse,dico_phrasis_0001909,en,es,in a field,en un campo cubierto de hierba,BACKWARD_ENTAILMENT
dico_phrasis_0001909__en-eu__forward,dico_phrasis_0001909,en,eu,in grassy field,zelai batean,FORWARD_ENTAILMENT
dico_phrasis_0001909__en-eu__reverse,dico_phrasis_0001909,en,eu,in a field,belarrezko zelai batean,BACKWARD_ENTAILMENT
dico_phrasis_0001909__es-en__forward,dico_phrasis_0001909,es,en,en un campo cubierto de hierba,in a field,FORWARD_ENTAILMENT
dico_phrasis_0001909__es-en__reverse,dico_phrasis_0001909,es,en,en un campo,in grassy field,BACKWARD_ENTAILMENT
dico_phrasis_0001909__es-eu__forward,dico_phrasis_0001909,es,eu,en un campo cubierto de hierba,zelai batean,FORWARD_ENTAILMENT
dico_phrasis_0001909__es-eu__reverse,dico_phrasis_0001909,es,eu,en un campo,belarrezko zelai batean,BACKWARD_ENTAILMENT
dico_phrasis_0001909__eu-en__forward,dico_phrasis_0001909,eu,en,belarrezko zelai batean,in a field,FORWARD_ENTAILMENT
dico_phrasis_0001909__eu-en__reverse,dico_phrasis_0001909,eu,en,zelai batean,in grassy field,BACKWARD_ENTAILMENT
dico_phrasis_0001909__eu-es__forward,dico_phrasis_0001909,eu,es,belarrezko zelai batean,en un campo,FORWARD_ENTAILMENT
dico_phrasis_0001909__eu-es__reverse,dico_phrasis_0001909,eu,es,zelai batean,en un campo cubierto de hierba,BACKWARD_ENTAILMENT
dico_phrasis_0001910__en-es__forward,dico_phrasis_0001910,en,es,A black train,Un tren,FORWARD_ENTAILMENT
dico_phrasis_0001910__en-es__reverse,dico_phrasis_0001910,en,es,A train,Un tren negro,BACKWARD_ENTAILMENT
dico_phrasis_0001910__en-eu__forward,dico_phrasis_0001910,en,eu,A black train,Tren bat,FORWARD_ENTAILMENT
dico_phrasis_0001910__en-eu__reverse,dico_phrasis_0001910,en,eu,A train,Tren beltz bat,BACKWARD_ENTAILMENT
dico_phrasis_0001910__es-en__forward,dico_phrasis_0001910,es,en,Un tren negro,A train,FORWARD_ENTAILMENT
dico_phrasis_0001910__es-en__reverse,dico_phrasis_0001910,es,en,Un tren,A black train,BACKWARD_ENTAILMENT
dico_phrasis_0001910__es-eu__forward,dico_phrasis_0001910,es,eu,Un tren negro,Tren bat,FORWARD_ENTAILMENT
dico_phrasis_0001910__es-eu__reverse,dico_phrasis_0001910,es,eu,Un tren,Tren beltz bat,BACKWARD_ENTAILMENT
dico_phrasis_0001910__eu-en__forward,dico_phrasis_0001910,eu,en,Tren beltz bat,A train,FORWARD_ENTAILMENT
dico_phrasis_0001910__eu-en__reverse,dico_phrasis_0001910,eu,en,Tren bat,A black train,BACKWARD_ENTAILMENT
dico_phrasis_0001910__eu-es__forward,dico_phrasis_0001910,eu,es,Tren beltz bat,Un tren,FORWARD_ENTAILMENT
dico_phrasis_0001910__eu-es__reverse,dico_phrasis_0001910,eu,es,Tren bat,Un tren negro,BACKWARD_ENTAILMENT
dico_phrasis_0001924__en-es__forward,dico_phrasis_0001924,en,es,A long-haired man,Un hombre,FORWARD_ENTAILMENT
dico_phrasis_0001924__en-es__reverse,dico_phrasis_0001924,en,es,A man,Un hombre de pelo largo,BACKWARD_ENTAILMENT
dico_phrasis_0001924__en-eu__forward,dico_phrasis_0001924,en,eu,A long-haired man,gizon bat,FORWARD_ENTAILMENT
dico_phrasis_0001924__en-eu__reverse,dico_phrasis_0001924,en,eu,A man,ile luzeko gizon bat,BACKWARD_ENTAILMENT
dico_phrasis_0001924__es-en__forward,dico_phrasis_0001924,es,en,Un hombre de pelo largo,A man,FORWARD_ENTAILMENT
dico_phrasis_0001924__es-en__reverse,dico_phrasis_0001924,es,en,Un hombre,A long-haired man,BACKWARD_ENTAILMENT
dico_phrasis_0001924__es-eu__forward,dico_phrasis_0001924,es,eu,Un hombre de pelo largo,gizon bat,FORWARD_ENTAILMENT
dico_phrasis_0001924__es-eu__reverse,dico_phrasis_0001924,es,eu,Un hombre,ile luzeko gizon bat,BACKWARD_ENTAILMENT
dico_phrasis_0001924__eu-en__forward,dico_phrasis_0001924,eu,en,ile luzeko gizon bat,A man,FORWARD_ENTAILMENT
dico_phrasis_0001924__eu-en__reverse,dico_phrasis_0001924,eu,en,gizon bat,A long-haired man,BACKWARD_ENTAILMENT
dico_phrasis_0001924__eu-es__forward,dico_phrasis_0001924,eu,es,ile luzeko gizon bat,Un hombre,FORWARD_ENTAILMENT
dico_phrasis_0001924__eu-es__reverse,dico_phrasis_0001924,eu,es,gizon bat,Un hombre de pelo largo,BACKWARD_ENTAILMENT
dico_phrasis_0001925__en-es__forward,dico_phrasis_0001925,en,es,"between two large , half-empty Coke bottles",entre dos botellas grandes,FORWARD_ENTAILMENT
dico_phrasis_0001925__en-es__reverse,dico_phrasis_0001925,en,es,between two large bottles,"entre dos botellas grandes de Coca-Cola, medio vacías",BACKWARD_ENTAILMENT
dico_phrasis_0001925__en-eu__forward,dico_phrasis_0001925,en,eu,"between two large , half-empty Coke bottles",bi botila handiren artean,FORWARD_ENTAILMENT
dico_phrasis_0001925__en-eu__reverse,dico_phrasis_0001925,en,eu,between two large bottles,bi Coca-Cola botila handi erdi-hutsen artean,BACKWARD_ENTAILMENT
dico_phrasis_0001925__es-en__forward,dico_phrasis_0001925,es,en,"entre dos botellas grandes de Coca-Cola, medio vacías",between two large bottles,FORWARD_ENTAILMENT
dico_phrasis_0001925__es-en__reverse,dico_phrasis_0001925,es,en,entre dos botellas grandes,"between two large , half-empty Coke bottles",BACKWARD_ENTAILMENT
dico_phrasis_0001925__es-eu__forward,dico_phrasis_0001925,es,eu,"entre dos botellas grandes de Coca-Cola, medio vacías",bi botila handiren artean,FORWARD_ENTAILMENT
dico_phrasis_0001925__es-eu__reverse,dico_phrasis_0001925,es,eu,entre dos botellas grandes,bi Coca-Cola botila handi erdi-hutsen artean,BACKWARD_ENTAILMENT
dico_phrasis_0001925__eu-en__forward,dico_phrasis_0001925,eu,en,bi Coca-Cola botila handi erdi-hutsen artean,between two large bottles,FORWARD_ENTAILMENT
dico_phrasis_0001925__eu-en__reverse,dico_phrasis_0001925,eu,en,bi botila handiren artean,"between two large , half-empty Coke bottles",BACKWARD_ENTAILMENT
dico_phrasis_0001925__eu-es__forward,dico_phrasis_0001925,eu,es,bi Coca-Cola botila handi erdi-hutsen artean,entre dos botellas grandes,FORWARD_ENTAILMENT
dico_phrasis_0001925__eu-es__reverse,dico_phrasis_0001925,eu,es,bi botila handiren artean,"entre dos botellas grandes de Coca-Cola, medio vacías",BACKWARD_ENTAILMENT
dico_phrasis_0001927__en-es__forward,dico_phrasis_0001927,en,es,a brown double decker tour bus,un autobús de dos pisos,FORWARD_ENTAILMENT
dico_phrasis_0001927__en-es__reverse,dico_phrasis_0001927,en,es,A double-decker bus,un autobús turístico de dos pisos marrón,BACKWARD_ENTAILMENT
dico_phrasis_0001927__en-eu__forward,dico_phrasis_0001927,en,eu,a brown double decker tour bus,bi solairuko autobus bat,FORWARD_ENTAILMENT
dico_phrasis_0001927__en-eu__reverse,dico_phrasis_0001927,en,eu,A double-decker bus,kolore marroiko bi solairuko turismo-autobus bat,BACKWARD_ENTAILMENT
dico_phrasis_0001927__es-en__forward,dico_phrasis_0001927,es,en,un autobús turístico de dos pisos marrón,A double-decker bus,FORWARD_ENTAILMENT
dico_phrasis_0001927__es-en__reverse,dico_phrasis_0001927,es,en,un autobús de dos pisos,a brown double decker tour bus,BACKWARD_ENTAILMENT
dico_phrasis_0001927__es-eu__forward,dico_phrasis_0001927,es,eu,un autobús turístico de dos pisos marrón,bi solairuko autobus bat,FORWARD_ENTAILMENT
dico_phrasis_0001927__es-eu__reverse,dico_phrasis_0001927,es,eu,un autobús de dos pisos,kolore marroiko bi solairuko turismo-autobus bat,BACKWARD_ENTAILMENT
dico_phrasis_0001927__eu-en__forward,dico_phrasis_0001927,eu,en,kolore marroiko bi solairuko turismo-autobus bat,A double-decker bus,FORWARD_ENTAILMENT
dico_phrasis_0001927__eu-en__reverse,dico_phrasis_0001927,eu,en,bi solairuko autobus bat,a brown double decker tour bus,BACKWARD_ENTAILMENT
dico_phrasis_0001927__eu-es__forward,dico_phrasis_0001927,eu,es,kolore marroiko bi solairuko turismo-autobus bat,un autobús de dos pisos,FORWARD_ENTAILMENT
dico_phrasis_0001927__eu-es__reverse,dico_phrasis_0001927,eu,es,bi solairuko autobus bat,un autobús turístico de dos pisos marrón,BACKWARD_ENTAILMENT
dico_phrasis_0001930__en-es__forward,dico_phrasis_0001930,en,es,with glasses and two plastic bottles,con dos botellas de agua,FORWARD_ENTAILMENT
dico_phrasis_0001930__en-es__reverse,dico_phrasis_0001930,en,es,with two water bottles,con gafas y dos botellas de plástico,BACKWARD_ENTAILMENT
dico_phrasis_0001930__en-eu__forward,dico_phrasis_0001930,en,eu,with glasses and two plastic bottles,ur botila birekin,FORWARD_ENTAILMENT
dico_phrasis_0001930__en-eu__reverse,dico_phrasis_0001930,en,eu,with two water bottles,betaurrekoekin eta plastikozko bi botilarekin,BACKWARD_ENTAILMENT
dico_phrasis_0001930__es-en__forward,dico_phrasis_0001930,es,en,con gafas y dos botellas de plástico,with two water bottles,FORWARD_ENTAILMENT
dico_phrasis_0001930__es-en__reverse,dico_phrasis_0001930,es,en,con dos botellas de agua,with glasses and two plastic bottles,BACKWARD_ENTAILMENT
dico_phrasis_0001930__es-eu__forward,dico_phrasis_0001930,es,eu,con gafas y dos botellas de plástico,ur botila birekin,FORWARD_ENTAILMENT
dico_phrasis_0001930__es-eu__reverse,dico_phrasis_0001930,es,eu,con dos botellas de agua,betaurrekoekin eta plastikozko bi botilarekin,BACKWARD_ENTAILMENT
dico_phrasis_0001930__eu-en__forward,dico_phrasis_0001930,eu,en,betaurrekoekin eta plastikozko bi botilarekin,with two water bottles,FORWARD_ENTAILMENT
dico_phrasis_0001930__eu-en__reverse,dico_phrasis_0001930,eu,en,ur botila birekin,with glasses and two plastic bottles,BACKWARD_ENTAILMENT
dico_phrasis_0001930__eu-es__forward,dico_phrasis_0001930,eu,es,betaurrekoekin eta plastikozko bi botilarekin,con dos botellas de agua,FORWARD_ENTAILMENT
dico_phrasis_0001930__eu-es__reverse,dico_phrasis_0001930,eu,es,ur botila birekin,con gafas y dos botellas de plástico,BACKWARD_ENTAILMENT
dico_phrasis_0001941__en-es__forward,dico_phrasis_0001941,en,es,of people,de seis personas,FORWARD_ENTAILMENT
dico_phrasis_0001941__en-es__reverse,dico_phrasis_0001941,en,es,of six people,de personas,BACKWARD_ENTAILMENT
dico_phrasis_0001941__en-eu__forward,dico_phrasis_0001941,en,eu,of people,sei pertsonena,FORWARD_ENTAILMENT
dico_phrasis_0001941__en-eu__reverse,dico_phrasis_0001941,en,eu,of six people,pertsonena,BACKWARD_ENTAILMENT
dico_phrasis_0001941__es-en__forward,dico_phrasis_0001941,es,en,de personas,of six people,FORWARD_ENTAILMENT
dico_phrasis_0001941__es-en__reverse,dico_phrasis_0001941,es,en,de seis personas,of people,BACKWARD_ENTAILMENT
dico_phrasis_0001941__es-eu__forward,dico_phrasis_0001941,es,eu,de personas,sei pertsonena,FORWARD_ENTAILMENT
dico_phrasis_0001941__es-eu__reverse,dico_phrasis_0001941,es,eu,de seis personas,pertsonena,BACKWARD_ENTAILMENT
dico_phrasis_0001941__eu-en__forward,dico_phrasis_0001941,eu,en,pertsonena,of six people,FORWARD_ENTAILMENT
dico_phrasis_0001941__eu-en__reverse,dico_phrasis_0001941,eu,en,sei pertsonena,of people,BACKWARD_ENTAILMENT
dico_phrasis_0001941__eu-es__forward,dico_phrasis_0001941,eu,es,pertsonena,de seis personas,FORWARD_ENTAILMENT
dico_phrasis_0001941__eu-es__reverse,dico_phrasis_0001941,eu,es,sei pertsonena,de personas,BACKWARD_ENTAILMENT
dico_phrasis_0001944__en-es__forward,dico_phrasis_0001944,en,es,Two cows,La vaca,FORWARD_ENTAILMENT
dico_phrasis_0001944__en-es__reverse,dico_phrasis_0001944,en,es,The cow,Dos vacas,BACKWARD_ENTAILMENT
dico_phrasis_0001944__en-eu__forward,dico_phrasis_0001944,en,eu,Two cows,Behia,FORWARD_ENTAILMENT
dico_phrasis_0001944__en-eu__reverse,dico_phrasis_0001944,en,eu,The cow,Bi behi,BACKWARD_ENTAILMENT
dico_phrasis_0001944__es-en__forward,dico_phrasis_0001944,es,en,Dos vacas,The cow,FORWARD_ENTAILMENT
dico_phrasis_0001944__es-en__reverse,dico_phrasis_0001944,es,en,La vaca,Two cows,BACKWARD_ENTAILMENT
dico_phrasis_0001944__es-eu__forward,dico_phrasis_0001944,es,eu,Dos vacas,Behia,FORWARD_ENTAILMENT
dico_phrasis_0001944__es-eu__reverse,dico_phrasis_0001944,es,eu,La vaca,Bi behi,BACKWARD_ENTAILMENT
dico_phrasis_0001944__eu-en__forward,dico_phrasis_0001944,eu,en,Bi behi,The cow,FORWARD_ENTAILMENT
dico_phrasis_0001944__eu-en__reverse,dico_phrasis_0001944,eu,en,Behia,Two cows,BACKWARD_ENTAILMENT
dico_phrasis_0001944__eu-es__forward,dico_phrasis_0001944,eu,es,Bi behi,La vaca,FORWARD_ENTAILMENT
dico_phrasis_0001944__eu-es__reverse,dico_phrasis_0001944,eu,es,Behia,Dos vacas,BACKWARD_ENTAILMENT
dico_phrasis_0002031__en-es__forward,dico_phrasis_0002031,en,es,for new show,en el escenario,NEGATIVE_OTHER
dico_phrasis_0002031__en-eu__forward,dico_phrasis_0002031,en,eu,for new show,agertokian,NEGATIVE_OTHER
dico_phrasis_0002031__es-en__forward,dico_phrasis_0002031,es,en,para un nuevo espectáculo,on stage,NEGATIVE_OTHER
dico_phrasis_0002031__es-eu__forward,dico_phrasis_0002031,es,eu,para un nuevo espectáculo,agertokian,NEGATIVE_OTHER
dico_phrasis_0002031__eu-en__forward,dico_phrasis_0002031,eu,en,ikuskizun berrirako,on stage,NEGATIVE_OTHER
dico_phrasis_0002031__eu-es__forward,dico_phrasis_0002031,eu,es,ikuskizun berrirako,en el escenario,NEGATIVE_OTHER
dico_phrasis_0002081__en-es__forward,dico_phrasis_0002081,en,es,on him,en su boca,NEGATIVE_OTHER
dico_phrasis_0002081__en-eu__forward,dico_phrasis_0002081,en,eu,on him,bere ahoan,NEGATIVE_OTHER
dico_phrasis_0002081__es-en__forward,dico_phrasis_0002081,es,en,sobre él,in its mouth,NEGATIVE_OTHER
dico_phrasis_0002081__es-eu__forward,dico_phrasis_0002081,es,eu,sobre él,bere ahoan,NEGATIVE_OTHER
dico_phrasis_0002081__eu-en__forward,dico_phrasis_0002081,eu,en,haren gainean,in its mouth,NEGATIVE_OTHER
dico_phrasis_0002081__eu-es__forward,dico_phrasis_0002081,eu,es,haren gainean,en su boca,NEGATIVE_OTHER
dico_phrasis_0002147__en-es__forward,dico_phrasis_0002147,en,es,on Syrian chemical arms,sobre las acusaciones químicas de Siria,NEGATIVE_OTHER
dico_phrasis_0002147__en-eu__forward,dico_phrasis_0002147,en,eu,on Syrian chemical arms,Siriako aldarrikapen kimikoei buruz,NEGATIVE_OTHER
dico_phrasis_0002147__es-en__forward,dico_phrasis_0002147,es,en,sobre las armas químicas sirias,over Syria chemical claims,NEGATIVE_OTHER
dico_phrasis_0002147__es-eu__forward,dico_phrasis_0002147,es,eu,sobre las armas químicas sirias,Siriako aldarrikapen kimikoei buruz,NEGATIVE_OTHER
dico_phrasis_0002147__eu-en__forward,dico_phrasis_0002147,eu,en,Siriako arma kimikoei buruz,over Syria chemical claims,NEGATIVE_OTHER
dico_phrasis_0002147__eu-es__forward,dico_phrasis_0002147,eu,es,Siriako arma kimikoei buruz,sobre las acusaciones químicas de Siria,NEGATIVE_OTHER
dico_phrasis_0002296__en-es__forward,dico_phrasis_0002296,en,es,in a shed,en una estación,NEGATIVE_OTHER
dico_phrasis_0002296__en-eu__forward,dico_phrasis_0002296,en,eu,in a shed,geltoki batean,NEGATIVE_OTHER
dico_phrasis_0002296__es-en__forward,dico_phrasis_0002296,es,en,en un cobertizo,in a station,NEGATIVE_OTHER
dico_phrasis_0002296__es-eu__forward,dico_phrasis_0002296,es,eu,en un cobertizo,geltoki batean,NEGATIVE_OTHER
dico_phrasis_0002296__eu-en__forward,dico_phrasis_0002296,eu,en,estalki batean,in a station,NEGATIVE_OTHER
dico_phrasis_0002296__eu-es__forward,dico_phrasis_0002296,eu,es,estalki batean,en una estación,NEGATIVE_OTHER
dico_phrasis_0002310__en-es__forward,dico_phrasis_0002310,en,es,rides,baja,NEGATIVE_OTHER
dico_phrasis_0002310__en-eu__forward,dico_phrasis_0002310,en,eu,rides,jaisten da,NEGATIVE_OTHER
dico_phrasis_0002310__es-en__forward,dico_phrasis_0002310,es,en,viaja,comes down,NEGATIVE_OTHER
dico_phrasis_0002310__es-eu__forward,dico_phrasis_0002310,es,eu,viaja,jaisten da,NEGATIVE_OTHER
dico_phrasis_0002310__eu-en__forward,dico_phrasis_0002310,eu,en,ibilaldiak,comes down,NEGATIVE_OTHER
dico_phrasis_0002310__eu-es__forward,dico_phrasis_0002310,eu,es,ibilaldiak,baja,NEGATIVE_OTHER
dico_phrasis_0002348__en-es__forward,dico_phrasis_0002348,en,es,in riding gear,está montando,NEGATIVE_OTHER
dico_phrasis_0002348__en-eu__forward,dico_phrasis_0002348,en,eu,in riding gear,zaldiz dabil,NEGATIVE_OTHER
dico_phrasis_0002348__es-en__forward,dico_phrasis_0002348,es,en,con equipo de montar,is riding,NEGATIVE_OTHER
dico_phrasis_0002348__es-eu__forward,dico_phrasis_0002348,es,eu,con equipo de montar,zaldiz dabil,NEGATIVE_OTHER
dico_phrasis_0002348__eu-en__forward,dico_phrasis_0002348,eu,en,zaldiz ibiltzeko jantzita,is riding,NEGATIVE_OTHER
dico_phrasis_0002348__eu-es__forward,dico_phrasis_0002348,eu,es,zaldiz ibiltzeko jantzita,está montando,NEGATIVE_OTHER
dico_phrasis_0002385__en-es__forward,dico_phrasis_0002385,en,es,military airports,en aeropuerto militar,NEGATIVE_OTHER
dico_phrasis_0002385__en-eu__forward,dico_phrasis_0002385,en,eu,military airports,aireportu militarrean,NEGATIVE_OTHER
dico_phrasis_0002385__es-en__forward,dico_phrasis_0002385,es,en,aeropuertos militares,in military airport,NEGATIVE_OTHER
dico_phrasis_0002385__es-eu__forward,dico_phrasis_0002385,es,eu,aeropuertos militares,aireportu militarrean,NEGATIVE_OTHER
dico_phrasis_0002385__eu-en__forward,dico_phrasis_0002385,eu,en,aireportu militarrak,in military airport,NEGATIVE_OTHER
dico_phrasis_0002385__eu-es__forward,dico_phrasis_0002385,eu,es,aireportu militarrak,en aeropuerto militar,NEGATIVE_OTHER
dico_phrasis_0002454__en-es__forward,dico_phrasis_0002454,en,es,in Bangkok shooting,en un tiroteo escolar en EE. UU.,NEGATIVE_OTHER
dico_phrasis_0002454__en-eu__forward,dico_phrasis_0002454,en,eu,in Bangkok shooting,AEBetako eskolako tiroketan,NEGATIVE_OTHER
dico_phrasis_0002454__es-en__forward,dico_phrasis_0002454,es,en,en un tiroteo en Bangkok,in US school shooting,NEGATIVE_OTHER
dico_phrasis_0002454__es-eu__forward,dico_phrasis_0002454,es,eu,en un tiroteo en Bangkok,AEBetako eskolako tiroketan,NEGATIVE_OTHER
dico_phrasis_0002454__eu-en__forward,dico_phrasis_0002454,eu,en,Bangkoken izandako tiroketan,in US school shooting,NEGATIVE_OTHER
dico_phrasis_0002454__eu-es__forward,dico_phrasis_0002454,eu,es,Bangkoken izandako tiroketan,en un tiroteo escolar en EE. UU.,NEGATIVE_OTHER
dico_phrasis_0002615__en-es__forward,dico_phrasis_0002615,en,es,of one rooftop,desde un balcón,NEGATIVE_OTHER
dico_phrasis_0002615__en-eu__forward,dico_phrasis_0002615,en,eu,of one rooftop,balkoi batetik,NEGATIVE_OTHER
dico_phrasis_0002615__es-en__forward,dico_phrasis_0002615,es,en,de una azotea,from one balcony,NEGATIVE_OTHER
dico_phrasis_0002615__es-eu__forward,dico_phrasis_0002615,es,eu,de una azotea,balkoi batetik,NEGATIVE_OTHER
dico_phrasis_0002615__eu-en__forward,dico_phrasis_0002615,eu,en,teilatu baten gainekoa,from one balcony,NEGATIVE_OTHER
dico_phrasis_0002615__eu-es__forward,dico_phrasis_0002615,eu,es,teilatu baten gainekoa,desde un balcón,NEGATIVE_OTHER
dico_phrasis_0002630__en-es__forward,dico_phrasis_0002630,en,es,are playing,nadar,NEGATIVE_OTHER
dico_phrasis_0002630__en-eu__forward,dico_phrasis_0002630,en,eu,are playing,igeri egin,NEGATIVE_OTHER
dico_phrasis_0002630__es-en__forward,dico_phrasis_0002630,es,en,están jugando,swim,NEGATIVE_OTHER
dico_phrasis_0002630__es-eu__forward,dico_phrasis_0002630,es,eu,están jugando,igeri egin,NEGATIVE_OTHER
dico_phrasis_0002630__eu-en__forward,dico_phrasis_0002630,eu,en,jolasean ari dira,swim,NEGATIVE_OTHER
dico_phrasis_0002630__eu-es__forward,dico_phrasis_0002630,eu,es,jolasean ari dira,nadar,NEGATIVE_OTHER
dico_phrasis_0002684__en-es__forward,dico_phrasis_0002684,en,es,in a red ball pit,sobre una piscina de pelotas azules,NEGATIVE_OTHER
dico_phrasis_0002684__en-eu__forward,dico_phrasis_0002684,en,eu,in a red ball pit,bola urdinen zulo baten gainean,NEGATIVE_OTHER
dico_phrasis_0002684__es-en__forward,dico_phrasis_0002684,es,en,en una piscina de pelotas rojas,on a pit of blue balls,NEGATIVE_OTHER
dico_phrasis_0002684__es-eu__forward,dico_phrasis_0002684,es,eu,en una piscina de pelotas rojas,bola urdinen zulo baten gainean,NEGATIVE_OTHER
dico_phrasis_0002684__eu-en__forward,dico_phrasis_0002684,eu,en,bola-zulo gorri batean,on a pit of blue balls,NEGATIVE_OTHER
dico_phrasis_0002684__eu-es__forward,dico_phrasis_0002684,eu,es,bola-zulo gorri batean,sobre una piscina de pelotas azules,NEGATIVE_OTHER
dico_phrasis_0002803__en-es__forward,dico_phrasis_0002803,en,es,as US Federal Reserve chief,como próximo presidente de la Reserva Federal,NEGATIVE_OTHER
dico_phrasis_0002803__en-eu__forward,dico_phrasis_0002803,en,eu,as US Federal Reserve chief,Erreserba Federaleko hurrengo presidente gisa,NEGATIVE_OTHER
dico_phrasis_0002803__es-en__forward,dico_phrasis_0002803,es,en,como jefe de la Reserva Federal de EE. UU.,as next Federal Reserve Chair,NEGATIVE_OTHER
dico_phrasis_0002803__es-eu__forward,dico_phrasis_0002803,es,eu,como jefe de la Reserva Federal de EE. UU.,Erreserba Federaleko hurrengo presidente gisa,NEGATIVE_OTHER
dico_phrasis_0002803__eu-en__forward,dico_phrasis_0002803,eu,en,AEBetako Erreserba Federaleko buru gisa,as next Federal Reserve Chair,NEGATIVE_OTHER
dico_phrasis_0002803__eu-es__forward,dico_phrasis_0002803,eu,es,AEBetako Erreserba Federaleko buru gisa,como próximo presidente de la Reserva Federal,NEGATIVE_OTHER
dico_phrasis_0003058__en-es__forward,dico_phrasis_0003058,en,es,a white horse,un caballo marrón,NEGATIVE_OTHER
dico_phrasis_0003058__en-eu__forward,dico_phrasis_0003058,en,eu,a white horse,zaldi marroi bat,NEGATIVE_OTHER
dico_phrasis_0003058__es-en__forward,dico_phrasis_0003058,es,en,un caballo blanco,a brown horse,NEGATIVE_OTHER
dico_phrasis_0003058__es-eu__forward,dico_phrasis_0003058,es,eu,un caballo blanco,zaldi marroi bat,NEGATIVE_OTHER
dico_phrasis_0003058__eu-en__forward,dico_phrasis_0003058,eu,en,zaldi zuri bat,a brown horse,NEGATIVE_OTHER
dico_phrasis_0003058__eu-es__forward,dico_phrasis_0003058,eu,es,zaldi zuri bat,un caballo marrón,NEGATIVE_OTHER
dico_phrasis_0003147__en-es__forward,dico_phrasis_0003147,en,es,A small cat,El perro pequeño,NEGATIVE_OTHER
dico_phrasis_0003147__en-eu__forward,dico_phrasis_0003147,en,eu,A small cat,Txakur txiki hura,NEGATIVE_OTHER
dico_phrasis_0003147__es-en__forward,dico_phrasis_0003147,es,en,Un gato pequeño,The small dog,NEGATIVE_OTHER
dico_phrasis_0003147__es-eu__forward,dico_phrasis_0003147,es,eu,Un gato pequeño,Txakur txiki hura,NEGATIVE_OTHER
dico_phrasis_0003147__eu-en__forward,dico_phrasis_0003147,eu,en,Katu txiki bat,The small dog,NEGATIVE_OTHER
dico_phrasis_0003147__eu-es__forward,dico_phrasis_0003147,eu,es,Katu txiki bat,El perro pequeño,NEGATIVE_OTHER
dico_phrasis_0003160__en-es__forward,dico_phrasis_0003160,en,es,while the woman,una mujer sonriente,NEGATIVE_OTHER
dico_phrasis_0003160__en-eu__forward,dico_phrasis_0003160,en,eu,while the woman,emakume irribarretsu bat,NEGATIVE_OTHER
dico_phrasis_0003160__es-en__forward,dico_phrasis_0003160,es,en,mientras la mujer,a smiling woman,NEGATIVE_OTHER
dico_phrasis_0003160__es-eu__forward,dico_phrasis_0003160,es,eu,mientras la mujer,emakume irribarretsu bat,NEGATIVE_OTHER
dico_phrasis_0003160__eu-en__forward,dico_phrasis_0003160,eu,en,emakumea bitartean,a smiling woman,NEGATIVE_OTHER
dico_phrasis_0003160__eu-es__forward,dico_phrasis_0003160,eu,es,emakumea bitartean,una mujer sonriente,NEGATIVE_OTHER
dico_phrasis_0003230__en-es__forward,dico_phrasis_0003230,en,es,Two women,Tres hombres,NEGATIVE_OTHER
dico_phrasis_0003230__en-eu__forward,dico_phrasis_0003230,en,eu,Two women,Hiru gizon,NEGATIVE_OTHER
dico_phrasis_0003230__es-en__forward,dico_phrasis_0003230,es,en,Dos mujeres,Three men,NEGATIVE_OTHER
dico_phrasis_0003230__es-eu__forward,dico_phrasis_0003230,es,eu,Dos mujeres,Hiru gizon,NEGATIVE_OTHER
dico_phrasis_0003230__eu-en__forward,dico_phrasis_0003230,eu,en,Bi emakume,Three men,NEGATIVE_OTHER
dico_phrasis_0003230__eu-es__forward,dico_phrasis_0003230,eu,es,Bi emakume,Tres hombres,NEGATIVE_OTHER
dico_phrasis_0003261__en-es__forward,dico_phrasis_0003261,en,es,A black dog,Un perro de pelo largo,NEGATIVE_OTHER
dico_phrasis_0003261__en-eu__forward,dico_phrasis_0003261,en,eu,A black dog,Ile luzeko txakur bat,NEGATIVE_OTHER
dico_phrasis_0003261__es-en__forward,dico_phrasis_0003261,es,en,Un perro negro,A long-haired dog,NEGATIVE_OTHER
dico_phrasis_0003261__es-eu__forward,dico_phrasis_0003261,es,eu,Un perro negro,Ile luzeko txakur bat,NEGATIVE_OTHER
dico_phrasis_0003261__eu-en__forward,dico_phrasis_0003261,eu,en,Txakur beltz bat,A long-haired dog,NEGATIVE_OTHER
dico_phrasis_0003261__eu-es__forward,dico_phrasis_0003261,eu,es,Txakur beltz bat,Un perro de pelo largo,NEGATIVE_OTHER
dico_phrasis_0003286__en-es__forward,dico_phrasis_0003286,en,es,A goose,Un cisne negro,NEGATIVE_OTHER
dico_phrasis_0003286__en-eu__forward,dico_phrasis_0003286,en,eu,A goose,Beltxarga beltz bat,NEGATIVE_OTHER
dico_phrasis_0003286__es-en__forward,dico_phrasis_0003286,es,en,Un ganso,A black swan,NEGATIVE_OTHER
dico_phrasis_0003286__es-eu__forward,dico_phrasis_0003286,es,eu,Un ganso,Beltxarga beltz bat,NEGATIVE_OTHER
dico_phrasis_0003286__eu-en__forward,dico_phrasis_0003286,eu,en,Antzara bat,A black swan,NEGATIVE_OTHER
dico_phrasis_0003286__eu-es__forward,dico_phrasis_0003286,eu,es,Antzara bat,Un cisne negro,NEGATIVE_OTHER
dico_phrasis_0003558__en-es__forward,dico_phrasis_0003558,en,es,over Syria chemical weapons,utilizado,NEGATIVE_OTHER
dico_phrasis_0003558__en-eu__forward,dico_phrasis_0003558,en,eu,over Syria chemical weapons,erabilita,NEGATIVE_OTHER
dico_phrasis_0003558__es-en__forward,dico_phrasis_0003558,es,en,sobre las armas químicas de Siria,used,NEGATIVE_OTHER
dico_phrasis_0003558__es-eu__forward,dico_phrasis_0003558,es,eu,sobre las armas químicas de Siria,erabilita,NEGATIVE_OTHER
dico_phrasis_0003558__eu-en__forward,dico_phrasis_0003558,eu,en,Siriaren gaineko arma kimikoak,used,NEGATIVE_OTHER
dico_phrasis_0003558__eu-es__forward,dico_phrasis_0003558,eu,es,Siriaren gaineko arma kimikoak,utilizado,NEGATIVE_OTHER
dico_phrasis_0003600__en-es__forward,dico_phrasis_0003600,en,es,0.7 pct,pedidos,NEGATIVE_OTHER
dico_phrasis_0003600__en-eu__forward,dico_phrasis_0003600,en,eu,0.7 pct,eskaerak,NEGATIVE_OTHER
dico_phrasis_0003600__es-en__forward,dico_phrasis_0003600,es,en,"0,7 %",orders,NEGATIVE_OTHER
dico_phrasis_0003600__es-eu__forward,dico_phrasis_0003600,es,eu,"0,7 %",eskaerak,NEGATIVE_OTHER
dico_phrasis_0003600__eu-en__forward,dico_phrasis_0003600,eu,en,"% 0,7",orders,NEGATIVE_OTHER
dico_phrasis_0003600__eu-es__forward,dico_phrasis_0003600,eu,es,"% 0,7",pedidos,NEGATIVE_OTHER
dico_phrasis_0003681__en-es__forward,dico_phrasis_0003681,en,es,Fed board,disposición,NEGATIVE_OTHER
dico_phrasis_0003681__en-eu__forward,dico_phrasis_0003681,en,eu,Fed board,borondatea,NEGATIVE_OTHER
dico_phrasis_0003681__es-en__forward,dico_phrasis_0003681,es,en,Junta de la Reserva Federal,willingness,NEGATIVE_OTHER
dico_phrasis_0003681__es-eu__forward,dico_phrasis_0003681,es,eu,Junta de la Reserva Federal,borondatea,NEGATIVE_OTHER
dico_phrasis_0003681__eu-en__forward,dico_phrasis_0003681,eu,en,Fed-eko batzordea,willingness,NEGATIVE_OTHER
dico_phrasis_0003681__eu-es__forward,dico_phrasis_0003681,eu,es,Fed-eko batzordea,disposición,NEGATIVE_OTHER
dico_phrasis_0003754__en-es__forward,dico_phrasis_0003754,en,es,fire,en Estambul,NEGATIVE_OTHER
dico_phrasis_0003754__en-eu__forward,dico_phrasis_0003754,en,eu,fire,Istanbulean,NEGATIVE_OTHER
dico_phrasis_0003754__es-en__forward,dico_phrasis_0003754,es,en,fuego,in Istanbul,NEGATIVE_OTHER
dico_phrasis_0003754__es-eu__forward,dico_phrasis_0003754,es,eu,fuego,Istanbulean,NEGATIVE_OTHER
dico_phrasis_0003754__eu-en__forward,dico_phrasis_0003754,eu,en,sua,in Istanbul,NEGATIVE_OTHER
dico_phrasis_0003754__eu-es__forward,dico_phrasis_0003754,eu,es,sua,en Estambul,NEGATIVE_OTHER
dico_phrasis_0003795__en-es__forward,dico_phrasis_0003795,en,es,set for,hospitalizado,NEGATIVE_OTHER
dico_phrasis_0003795__en-eu__forward,dico_phrasis_0003795,en,eu,set for,ospitaleratuta,NEGATIVE_OTHER
dico_phrasis_0003795__es-en__forward,dico_phrasis_0003795,es,en,preparado para,hospitalized,NEGATIVE_OTHER
dico_phrasis_0003795__es-eu__forward,dico_phrasis_0003795,es,eu,preparado para,ospitaleratuta,NEGATIVE_OTHER
dico_phrasis_0003795__eu-en__forward,dico_phrasis_0003795,eu,en,prest,hospitalized,NEGATIVE_OTHER
dico_phrasis_0003795__eu-es__forward,dico_phrasis_0003795,eu,es,prest,hospitalizado,NEGATIVE_OTHER
dico_phrasis_0003800__en-es__forward,dico_phrasis_0003800,en,es,for Kazakhstan,Irán,NEGATIVE_OTHER
dico_phrasis_0003800__en-eu__forward,dico_phrasis_0003800,en,eu,for Kazakhstan,Iran,NEGATIVE_OTHER
dico_phrasis_0003800__es-en__forward,dico_phrasis_0003800,es,en,para Kazajistán,Iran,NEGATIVE_OTHER
dico_phrasis_0003800__es-eu__forward,dico_phrasis_0003800,es,eu,para Kazajistán,Iran,NEGATIVE_OTHER
dico_phrasis_0003800__eu-en__forward,dico_phrasis_0003800,eu,en,Kazakhstango,Iran,NEGATIVE_OTHER
dico_phrasis_0003800__eu-es__forward,dico_phrasis_0003800,eu,es,Kazakhstango,Irán,NEGATIVE_OTHER
dico_phrasis_0003857__en-es__forward,dico_phrasis_0003857,en,es,in Pakistan bus bombing,Al menos,NEGATIVE_OTHER
dico_phrasis_0003857__en-eu__forward,dico_phrasis_0003857,en,eu,in Pakistan bus bombing,gutxienez,NEGATIVE_OTHER
dico_phrasis_0003857__es-en__forward,dico_phrasis_0003857,es,en,en Pakistán atentado con bomba en autobús,At least,NEGATIVE_OTHER
dico_phrasis_0003857__es-eu__forward,dico_phrasis_0003857,es,eu,en Pakistán atentado con bomba en autobús,gutxienez,NEGATIVE_OTHER
dico_phrasis_0003857__eu-en__forward,dico_phrasis_0003857,eu,en,Pakistanen autobus-bonbardaketan,At least,NEGATIVE_OTHER
dico_phrasis_0003857__eu-es__forward,dico_phrasis_0003857,eu,es,Pakistanen autobus-bonbardaketan,Al menos,NEGATIVE_OTHER
dico_phrasis_0003892__en-es__forward,dico_phrasis_0003892,en,es,general election,anuncia,NEGATIVE_OTHER
dico_phrasis_0003892__en-eu__forward,dico_phrasis_0003892,en,eu,general election,iragartzen du,NEGATIVE_OTHER
dico_phrasis_0003892__es-en__forward,dico_phrasis_0003892,es,en,elecciones generales,announces,NEGATIVE_OTHER
dico_phrasis_0003892__es-eu__forward,dico_phrasis_0003892,es,eu,elecciones generales,iragartzen du,NEGATIVE_OTHER
dico_phrasis_0003892__eu-en__forward,dico_phrasis_0003892,eu,en,hauteskunde orokorrak,announces,NEGATIVE_OTHER
dico_phrasis_0003892__eu-es__forward,dico_phrasis_0003892,eu,es,hauteskunde orokorrak,anuncia,NEGATIVE_OTHER
dico_phrasis_0003938__en-es__forward,dico_phrasis_0003938,en,es,to State Duma,unirse,NEGATIVE_OTHER
dico_phrasis_0003938__en-eu__forward,dico_phrasis_0003938,en,eu,to State Duma,batzeko,NEGATIVE_OTHER
dico_phrasis_0003938__es-en__forward,dico_phrasis_0003938,es,en,a la Duma Estatal,to join,NEGATIVE_OTHER
dico_phrasis_0003938__es-eu__forward,dico_phrasis_0003938,es,eu,a la Duma Estatal,batzeko,NEGATIVE_OTHER
dico_phrasis_0003938__eu-en__forward,dico_phrasis_0003938,eu,en,Estatuko Dumara,to join,NEGATIVE_OTHER
dico_phrasis_0003938__eu-es__forward,dico_phrasis_0003938,eu,es,Estatuko Dumara,unirse,NEGATIVE_OTHER
dico_phrasis_0003972__en-es__forward,dico_phrasis_0003972,en,es,wounds,bomba suicida,NEGATIVE_OTHER
dico_phrasis_0003972__en-eu__forward,dico_phrasis_0003972,en,eu,wounds,bonba suizida,NEGATIVE_OTHER
dico_phrasis_0003972__es-en__forward,dico_phrasis_0003972,es,en,heridas,Suicide bomb,NEGATIVE_OTHER
dico_phrasis_0003972__es-eu__forward,dico_phrasis_0003972,es,eu,heridas,bonba suizida,NEGATIVE_OTHER
dico_phrasis_0003972__eu-en__forward,dico_phrasis_0003972,eu,en,zauriak,Suicide bomb,NEGATIVE_OTHER
dico_phrasis_0003972__eu-es__forward,dico_phrasis_0003972,eu,es,zauriak,bomba suicida,NEGATIVE_OTHER
dico_phrasis_0003995__en-es__forward,dico_phrasis_0003995,en,es,Ends,Accidente de helicóptero en Glasgow,NEGATIVE_OTHER
dico_phrasis_0003995__en-eu__forward,dico_phrasis_0003995,en,eu,Ends,Glasgowko helikoptero istripua,NEGATIVE_OTHER
dico_phrasis_0003995__es-en__forward,dico_phrasis_0003995,es,en,Finales,Glasgow Helicopter Crash,NEGATIVE_OTHER
dico_phrasis_0003995__es-eu__forward,dico_phrasis_0003995,es,eu,Finales,Glasgowko helikoptero istripua,NEGATIVE_OTHER
dico_phrasis_0003995__eu-en__forward,dico_phrasis_0003995,eu,en,Amaierak,Glasgow Helicopter Crash,NEGATIVE_OTHER
dico_phrasis_0003995__eu-es__forward,dico_phrasis_0003995,eu,es,Amaierak,Accidente de helicóptero en Glasgow,NEGATIVE_OTHER
dico_phrasis_0004023__en-es__forward,dico_phrasis_0004023,en,es,Palestinian prisoners,arrasar,NEGATIVE_OTHER
dico_phrasis_0004023__en-eu__forward,dico_phrasis_0004023,en,eu,Palestinian prisoners,suntsitu,NEGATIVE_OTHER
dico_phrasis_0004023__es-en__forward,dico_phrasis_0004023,es,en,prisioneros palestinos,raze,NEGATIVE_OTHER
dico_phrasis_0004023__es-eu__forward,dico_phrasis_0004023,es,eu,prisioneros palestinos,suntsitu,NEGATIVE_OTHER
dico_phrasis_0004023__eu-en__forward,dico_phrasis_0004023,eu,en,preso palestinarrak,raze,NEGATIVE_OTHER
dico_phrasis_0004023__eu-es__forward,dico_phrasis_0004023,eu,es,preso palestinarrak,arrasar,NEGATIVE_OTHER
dico_phrasis_0004029__en-es__forward,dico_phrasis_0004029,en,es,"100,000",3 aeropuertos,NEGATIVE_OTHER
dico_phrasis_0004029__en-eu__forward,dico_phrasis_0004029,en,eu,"100,000",3 aireportu,NEGATIVE_OTHER
dico_phrasis_0004029__es-en__forward,dico_phrasis_0004029,es,en,100.000,3 airports,NEGATIVE_OTHER
dico_phrasis_0004029__es-eu__forward,dico_phrasis_0004029,es,eu,100.000,3 aireportu,NEGATIVE_OTHER
dico_phrasis_0004029__eu-en__forward,dico_phrasis_0004029,eu,en,100.000,3 airports,NEGATIVE_OTHER
dico_phrasis_0004029__eu-es__forward,dico_phrasis_0004029,eu,es,100.000,3 aeropuertos,NEGATIVE_OTHER
dico_phrasis_0004038__en-es__forward,dico_phrasis_0004038,en,es,South Africa,embarcar,NEGATIVE_OTHER
dico_phrasis_0004038__en-eu__forward,dico_phrasis_0004038,en,eu,South Africa,ontziratu,NEGATIVE_OTHER
dico_phrasis_0004038__es-en__forward,dico_phrasis_0004038,es,en,Sudáfrica,Embark,NEGATIVE_OTHER
dico_phrasis_0004038__es-eu__forward,dico_phrasis_0004038,es,eu,Sudáfrica,ontziratu,NEGATIVE_OTHER
dico_phrasis_0004038__eu-en__forward,dico_phrasis_0004038,eu,en,Hegoafrika,Embark,NEGATIVE_OTHER
dico_phrasis_0004038__eu-es__forward,dico_phrasis_0004038,eu,es,Hegoafrika,embarcar,NEGATIVE_OTHER
dico_phrasis_0004052__en-es__forward,dico_phrasis_0004052,en,es,5 Dead,éxitos,NEGATIVE_OTHER
dico_phrasis_0004052__en-eu__forward,dico_phrasis_0004052,en,eu,5 Dead,kolpeak,NEGATIVE_OTHER
dico_phrasis_0004052__es-en__forward,dico_phrasis_0004052,es,en,5 muertos,hits,NEGATIVE_OTHER
dico_phrasis_0004052__es-eu__forward,dico_phrasis_0004052,es,eu,5 muertos,kolpeak,NEGATIVE_OTHER
dico_phrasis_0004052__eu-en__forward,dico_phrasis_0004052,eu,en,5 hildako,hits,NEGATIVE_OTHER
dico_phrasis_0004052__eu-es__forward,dico_phrasis_0004052,eu,es,5 hildako,éxitos,NEGATIVE_OTHER
dico_phrasis_0004056__en-es__forward,dico_phrasis_0004056,en,es,of ' heavy price ',Gabinete,NEGATIVE_OTHER
dico_phrasis_0004056__en-eu__forward,dico_phrasis_0004056,en,eu,of ' heavy price ',Kabinetea,NEGATIVE_OTHER
dico_phrasis_0004056__es-en__forward,dico_phrasis_0004056,es,en,de «alto precio»,Cabinet,NEGATIVE_OTHER
dico_phrasis_0004056__es-eu__forward,dico_phrasis_0004056,es,eu,de «alto precio»,Kabinetea,NEGATIVE_OTHER
dico_phrasis_0004056__eu-en__forward,dico_phrasis_0004056,eu,en,«prezio handikoa»,Cabinet,NEGATIVE_OTHER
dico_phrasis_0004056__eu-es__forward,dico_phrasis_0004056,eu,es,«prezio handikoa»,Gabinete,NEGATIVE_OTHER
dico_phrasis_0004145__en-es__forward,dico_phrasis_0004145,en,es,agree on,del acuerdo sobre armas químicas,NEGATIVE_OTHER
dico_phrasis_0004145__en-eu__forward,dico_phrasis_0004145,en,eu,agree on,arma kimikoen akordioari buruzkoa,NEGATIVE_OTHER
dico_phrasis_0004145__es-en__forward,dico_phrasis_0004145,es,en,estar de acuerdo sobre,of chemical weapons deal,NEGATIVE_OTHER
dico_phrasis_0004145__es-eu__forward,dico_phrasis_0004145,es,eu,estar de acuerdo sobre,arma kimikoen akordioari buruzkoa,NEGATIVE_OTHER
dico_phrasis_0004145__eu-en__forward,dico_phrasis_0004145,eu,en,ados egon,of chemical weapons deal,NEGATIVE_OTHER
dico_phrasis_0004145__eu-es__forward,dico_phrasis_0004145,eu,es,ados egon,del acuerdo sobre armas químicas,NEGATIVE_OTHER
dico_phrasis_0004245__en-es__forward,dico_phrasis_0004245,en,es,to press,ministros de Asuntos Exteriores de la UE,NEGATIVE_OTHER
dico_phrasis_0004245__en-eu__forward,dico_phrasis_0004245,en,eu,to press,EBko Atzerri ministroak,NEGATIVE_OTHER
dico_phrasis_0004245__es-en__forward,dico_phrasis_0004245,es,en,presionar,EU foreign ministers,NEGATIVE_OTHER
dico_phrasis_0004245__es-eu__forward,dico_phrasis_0004245,es,eu,presionar,EBko Atzerri ministroak,NEGATIVE_OTHER
dico_phrasis_0004245__eu-en__forward,dico_phrasis_0004245,eu,en,sakatu,EU foreign ministers,NEGATIVE_OTHER
dico_phrasis_0004245__eu-es__forward,dico_phrasis_0004245,eu,es,sakatu,ministros de Asuntos Exteriores de la UE,NEGATIVE_OTHER
dico_phrasis_0004262__en-es__forward,dico_phrasis_0004262,en,es,Six,en accidente de autobús,NEGATIVE_OTHER
dico_phrasis_0004262__en-eu__forward,dico_phrasis_0004262,en,eu,Six,autobus istripuan,NEGATIVE_OTHER
dico_phrasis_0004262__es-en__forward,dico_phrasis_0004262,es,en,Seis,in bus accident,NEGATIVE_OTHER
dico_phrasis_0004262__es-eu__forward,dico_phrasis_0004262,es,eu,Seis,autobus istripuan,NEGATIVE_OTHER
dico_phrasis_0004262__eu-en__forward,dico_phrasis_0004262,eu,en,Sei,in bus accident,NEGATIVE_OTHER
dico_phrasis_0004262__eu-es__forward,dico_phrasis_0004262,eu,es,Sei,en accidente de autobús,NEGATIVE_OTHER
dico_phrasis_0004271__en-es__forward,dico_phrasis_0004271,en,es,hails,detrás del saqueo,NEGATIVE_OTHER
dico_phrasis_0004271__en-eu__forward,dico_phrasis_0004271,en,eu,hails,kaleratzearen atzean,NEGATIVE_OTHER
dico_phrasis_0004271__es-en__forward,dico_phrasis_0004271,es,en,llama,behind sacking,NEGATIVE_OTHER
dico_phrasis_0004271__es-eu__forward,dico_phrasis_0004271,es,eu,llama,kaleratzearen atzean,NEGATIVE_OTHER
dico_phrasis_0004271__eu-en__forward,dico_phrasis_0004271,eu,en,txingorra,behind sacking,NEGATIVE_OTHER
dico_phrasis_0004271__eu-es__forward,dico_phrasis_0004271,eu,es,txingorra,detrás del saqueo,NEGATIVE_OTHER
dico_phrasis_0004281__en-es__forward,dico_phrasis_0004281,en,es,Pregnant Sudan woman,libera,NEGATIVE_OTHER
dico_phrasis_0004281__en-eu__forward,dico_phrasis_0004281,en,eu,Pregnant Sudan woman,askatzen du,NEGATIVE_OTHER
dico_phrasis_0004281__es-en__forward,dico_phrasis_0004281,es,en,mujer sudanesa embarazada,frees,NEGATIVE_OTHER
dico_phrasis_0004281__es-eu__forward,dico_phrasis_0004281,es,eu,mujer sudanesa embarazada,askatzen du,NEGATIVE_OTHER
dico_phrasis_0004281__eu-en__forward,dico_phrasis_0004281,eu,en,Sudandar haurdun dagoen emakumea,frees,NEGATIVE_OTHER
dico_phrasis_0004281__eu-es__forward,dico_phrasis_0004281,eu,es,Sudandar haurdun dagoen emakumea,libera,NEGATIVE_OTHER
dico_phrasis_0004414__en-es__forward,dico_phrasis_0004414,en,es,to announce,de Sisi,NEGATIVE_OTHER
dico_phrasis_0004414__en-eu__forward,dico_phrasis_0004414,en,eu,to announce,Sisirena,NEGATIVE_OTHER
dico_phrasis_0004414__es-en__forward,dico_phrasis_0004414,es,en,anunciar,'s Sisi,NEGATIVE_OTHER
dico_phrasis_0004414__es-eu__forward,dico_phrasis_0004414,es,eu,anunciar,Sisirena,NEGATIVE_OTHER
dico_phrasis_0004414__eu-en__forward,dico_phrasis_0004414,eu,en,iragartzea,'s Sisi,NEGATIVE_OTHER
dico_phrasis_0004414__eu-es__forward,dico_phrasis_0004414,eu,es,iragartzea,de Sisi,NEGATIVE_OTHER
dico_phrasis_0004432__en-es__forward,dico_phrasis_0004432,en,es,Ukraine,el tribunal supremo,NEGATIVE_OTHER
dico_phrasis_0004432__en-eu__forward,dico_phrasis_0004432,en,eu,Ukraine,hango auzitegi gorena,NEGATIVE_OTHER
dico_phrasis_0004432__es-en__forward,dico_phrasis_0004432,es,en,Ucrania,'s top court,NEGATIVE_OTHER
dico_phrasis_0004432__es-eu__forward,dico_phrasis_0004432,es,eu,Ucrania,hango auzitegi gorena,NEGATIVE_OTHER
dico_phrasis_0004432__eu-en__forward,dico_phrasis_0004432,eu,en,Ukraina,'s top court,NEGATIVE_OTHER
dico_phrasis_0004432__eu-es__forward,dico_phrasis_0004432,eu,es,Ukraina,el tribunal supremo,NEGATIVE_OTHER
dico_phrasis_0004530__en-es__forward,dico_phrasis_0004530,en,es,Two women,posan,NEGATIVE_OTHER
dico_phrasis_0004530__en-eu__forward,dico_phrasis_0004530,en,eu,Two women,posatzen,NEGATIVE_OTHER
dico_phrasis_0004530__es-en__forward,dico_phrasis_0004530,es,en,Dos mujeres,pose,NEGATIVE_OTHER
dico_phrasis_0004530__es-eu__forward,dico_phrasis_0004530,es,eu,Dos mujeres,posatzen,NEGATIVE_OTHER
dico_phrasis_0004530__eu-en__forward,dico_phrasis_0004530,eu,en,Bi emakume,pose,NEGATIVE_OTHER
dico_phrasis_0004530__eu-es__forward,dico_phrasis_0004530,eu,es,Bi emakume,posan,NEGATIVE_OTHER
dico_phrasis_0004719__en-es__forward,dico_phrasis_0004719,en,es,wearing,en las gradas,NEGATIVE_OTHER
dico_phrasis_0004719__en-eu__forward,dico_phrasis_0004719,en,eu,wearing,harmailan,NEGATIVE_OTHER
dico_phrasis_0004719__es-en__forward,dico_phrasis_0004719,es,en,llevando puesto,in the stands,NEGATIVE_OTHER
dico_phrasis_0004719__es-eu__forward,dico_phrasis_0004719,es,eu,llevando puesto,harmailan,NEGATIVE_OTHER
dico_phrasis_0004719__eu-en__forward,dico_phrasis_0004719,eu,en,jantzita,in the stands,NEGATIVE_OTHER
dico_phrasis_0004719__eu-es__forward,dico_phrasis_0004719,eu,es,jantzita,en las gradas,NEGATIVE_OTHER
dico_phrasis_0004743__en-es__forward,dico_phrasis_0004743,en,es,in a backyard,de niños,NEGATIVE_OTHER
dico_phrasis_0004743__en-eu__forward,dico_phrasis_0004743,en,eu,in a backyard,haurrena,NEGATIVE_OTHER
dico_phrasis_0004743__es-en__forward,dico_phrasis_0004743,es,en,en un patio trasero,of children,NEGATIVE_OTHER
dico_phrasis_0004743__es-eu__forward,dico_phrasis_0004743,es,eu,en un patio trasero,haurrena,NEGATIVE_OTHER
dico_phrasis_0004743__eu-en__forward,dico_phrasis_0004743,eu,en,atzeko patio batean,of children,NEGATIVE_OTHER
dico_phrasis_0004743__eu-es__forward,dico_phrasis_0004743,eu,es,atzeko patio batean,de niños,NEGATIVE_OTHER
dico_phrasis_0004755__en-es__forward,dico_phrasis_0004755,en,es,is smelling,una correa larga,NEGATIVE_OTHER
dico_phrasis_0004755__en-eu__forward,dico_phrasis_0004755,en,eu,is smelling,uhal luze bat,NEGATIVE_OTHER
dico_phrasis_0004755__es-en__forward,dico_phrasis_0004755,es,en,está oliendo,a long leash,NEGATIVE_OTHER
dico_phrasis_0004755__es-eu__forward,dico_phrasis_0004755,es,eu,está oliendo,uhal luze bat,NEGATIVE_OTHER
dico_phrasis_0004755__eu-en__forward,dico_phrasis_0004755,eu,en,usaintzen ari da,a long leash,NEGATIVE_OTHER
dico_phrasis_0004755__eu-es__forward,dico_phrasis_0004755,eu,es,usaintzen ari da,una correa larga,NEGATIVE_OTHER
dico_phrasis_0004825__en-es__forward,dico_phrasis_0004825,en,es,an orange coat,un hombre y una mujer,NEGATIVE_OTHER
dico_phrasis_0004825__en-eu__forward,dico_phrasis_0004825,en,eu,an orange coat,gizon bat eta emakume bat,NEGATIVE_OTHER
dico_phrasis_0004825__es-en__forward,dico_phrasis_0004825,es,en,un abrigo naranja,A man and woman,NEGATIVE_OTHER
dico_phrasis_0004825__es-eu__forward,dico_phrasis_0004825,es,eu,un abrigo naranja,gizon bat eta emakume bat,NEGATIVE_OTHER
dico_phrasis_0004825__eu-en__forward,dico_phrasis_0004825,eu,en,beroki laranja bat,A man and woman,NEGATIVE_OTHER
dico_phrasis_0004825__eu-es__forward,dico_phrasis_0004825,eu,es,beroki laranja bat,un hombre y una mujer,NEGATIVE_OTHER
dico_phrasis_0004931__en-es__forward,dico_phrasis_0004931,en,es,A black and white dog,a través de un campo verde,NEGATIVE_OTHER
dico_phrasis_0004931__en-eu__forward,dico_phrasis_0004931,en,eu,A black and white dog,zelai berde batean zehar,NEGATIVE_OTHER
dico_phrasis_0004931__es-en__forward,dico_phrasis_0004931,es,en,Un perro blanco y negro,across a green field,NEGATIVE_OTHER
dico_phrasis_0004931__es-eu__forward,dico_phrasis_0004931,es,eu,Un perro blanco y negro,zelai berde batean zehar,NEGATIVE_OTHER
dico_phrasis_0004931__eu-en__forward,dico_phrasis_0004931,eu,en,txakur zuri-beltz bat,across a green field,NEGATIVE_OTHER
dico_phrasis_0004931__eu-es__forward,dico_phrasis_0004931,eu,es,txakur zuri-beltz bat,a través de un campo verde,NEGATIVE_OTHER
dico_phrasis_0004965__en-es__forward,dico_phrasis_0004965,en,es,a sparkler,está girando,NEGATIVE_OTHER
dico_phrasis_0004965__en-eu__forward,dico_phrasis_0004965,en,eu,a sparkler,bihurritzen ari da,NEGATIVE_OTHER
dico_phrasis_0004965__es-en__forward,dico_phrasis_0004965,es,en,una bengala,is twisting,NEGATIVE_OTHER
dico_phrasis_0004965__es-eu__forward,dico_phrasis_0004965,es,eu,una bengala,bihurritzen ari da,NEGATIVE_OTHER
dico_phrasis_0004965__eu-en__forward,dico_phrasis_0004965,eu,en,bengala bat,is twisting,NEGATIVE_OTHER
dico_phrasis_0004965__eu-es__forward,dico_phrasis_0004965,eu,es,bengala bat,está girando,NEGATIVE_OTHER
dico_phrasis_0005233__en-es__forward,dico_phrasis_0005233,en,es,of old men,una pareja,NEGATIVE_OTHER
dico_phrasis_0005233__en-eu__forward,dico_phrasis_0005233,en,eu,of old men,bikote bat,NEGATIVE_OTHER
dico_phrasis_0005233__es-en__forward,dico_phrasis_0005233,es,en,de hombres mayores,A couple,NEGATIVE_OTHER
dico_phrasis_0005233__es-eu__forward,dico_phrasis_0005233,es,eu,de hombres mayores,bikote bat,NEGATIVE_OTHER
dico_phrasis_0005233__eu-en__forward,dico_phrasis_0005233,eu,en,gizon zaharrena,A couple,NEGATIVE_OTHER
dico_phrasis_0005233__eu-es__forward,dico_phrasis_0005233,eu,es,gizon zaharrena,una pareja,NEGATIVE_OTHER
dico_phrasis_0005355__en-es__forward,dico_phrasis_0005355,en,es,on the big screen,a la cámara,NEGATIVE_OTHER
dico_phrasis_0005355__en-eu__forward,dico_phrasis_0005355,en,eu,on the big screen,kamerara,NEGATIVE_OTHER
dico_phrasis_0005355__es-en__forward,dico_phrasis_0005355,es,en,en la gran pantalla,to the camera,NEGATIVE_OTHER
dico_phrasis_0005355__es-eu__forward,dico_phrasis_0005355,es,eu,en la gran pantalla,kamerara,NEGATIVE_OTHER
dico_phrasis_0005355__eu-en__forward,dico_phrasis_0005355,eu,en,pantaila handian,to the camera,NEGATIVE_OTHER
dico_phrasis_0005355__eu-es__forward,dico_phrasis_0005355,eu,es,pantaila handian,a la cámara,NEGATIVE_OTHER
dico_phrasis_0005451__en-es__forward,dico_phrasis_0005451,en,es,a game,están jugando,NEGATIVE_OTHER
dico_phrasis_0005451__en-eu__forward,dico_phrasis_0005451,en,eu,a game,jolasten ari dira,NEGATIVE_OTHER
dico_phrasis_0005451__es-en__forward,dico_phrasis_0005451,es,en,un juego,are playing,NEGATIVE_OTHER
dico_phrasis_0005451__es-eu__forward,dico_phrasis_0005451,es,eu,un juego,jolasten ari dira,NEGATIVE_OTHER
dico_phrasis_0005451__eu-en__forward,dico_phrasis_0005451,eu,en,joko bat,are playing,NEGATIVE_OTHER
dico_phrasis_0005451__eu-es__forward,dico_phrasis_0005451,eu,es,joko bat,están jugando,NEGATIVE_OTHER
dico_phrasis_0005509__en-es__forward,dico_phrasis_0005509,en,es,a jacket,jugando,NEGATIVE_OTHER
dico_phrasis_0005509__en-eu__forward,dico_phrasis_0005509,en,eu,a jacket,jolasten,NEGATIVE_OTHER
dico_phrasis_0005509__es-en__forward,dico_phrasis_0005509,es,en,una chaqueta,playing,NEGATIVE_OTHER
dico_phrasis_0005509__es-eu__forward,dico_phrasis_0005509,es,eu,una chaqueta,jolasten,NEGATIVE_OTHER
dico_phrasis_0005509__eu-en__forward,dico_phrasis_0005509,eu,en,jaka bat,playing,NEGATIVE_OTHER
dico_phrasis_0005509__eu-es__forward,dico_phrasis_0005509,eu,es,jaka bat,jugando,NEGATIVE_OTHER
dico_phrasis_0005541__en-es__forward,dico_phrasis_0005541,en,es,and,en el suelo,NEGATIVE_OTHER
dico_phrasis_0005541__en-eu__forward,dico_phrasis_0005541,en,eu,and,lurrean,NEGATIVE_OTHER
dico_phrasis_0005541__es-en__forward,dico_phrasis_0005541,es,en,y,on the floor,NEGATIVE_OTHER
dico_phrasis_0005541__es-eu__forward,dico_phrasis_0005541,es,eu,y,lurrean,NEGATIVE_OTHER
dico_phrasis_0005541__eu-en__forward,dico_phrasis_0005541,eu,en,eta,on the floor,NEGATIVE_OTHER
dico_phrasis_0005541__eu-es__forward,dico_phrasis_0005541,eu,es,eta,en el suelo,NEGATIVE_OTHER
dico_phrasis_0005636__en-es__forward,dico_phrasis_0005636,en,es,raises,junto a una pared azul,NEGATIVE_OTHER
dico_phrasis_0005636__en-eu__forward,dico_phrasis_0005636,en,eu,raises,horma urdin baten ondoan,NEGATIVE_OTHER
dico_phrasis_0005636__es-en__forward,dico_phrasis_0005636,es,en,eleva,next to a blue wall,NEGATIVE_OTHER
dico_phrasis_0005636__es-eu__forward,dico_phrasis_0005636,es,eu,eleva,horma urdin baten ondoan,NEGATIVE_OTHER
dico_phrasis_0005636__eu-en__forward,dico_phrasis_0005636,eu,en,altxatzen du,next to a blue wall,NEGATIVE_OTHER
dico_phrasis_0005636__eu-es__forward,dico_phrasis_0005636,eu,es,altxatzen du,junto a una pared azul,NEGATIVE_OTHER
dico_phrasis_0005736__en-es__forward,dico_phrasis_0005736,en,es,a green Frisbee,bajar,NEGATIVE_OTHER
dico_phrasis_0005736__en-eu__forward,dico_phrasis_0005736,en,eu,a green Frisbee,behera etortzea,NEGATIVE_OTHER
dico_phrasis_0005736__es-en__forward,dico_phrasis_0005736,es,en,un Frisbee verde,to come down,NEGATIVE_OTHER
dico_phrasis_0005736__es-eu__forward,dico_phrasis_0005736,es,eu,un Frisbee verde,behera etortzea,NEGATIVE_OTHER
dico_phrasis_0005736__eu-en__forward,dico_phrasis_0005736,eu,en,Frisbee berde bat,to come down,NEGATIVE_OTHER
dico_phrasis_0005736__eu-es__forward,dico_phrasis_0005736,eu,es,Frisbee berde bat,bajar,NEGATIVE_OTHER
dico_phrasis_0005741__en-es__forward,dico_phrasis_0005741,en,es,about to catch,eso,NEGATIVE_OTHER
dico_phrasis_0005741__en-eu__forward,dico_phrasis_0005741,en,eu,about to catch,hori,NEGATIVE_OTHER
dico_phrasis_0005741__es-en__forward,dico_phrasis_0005741,es,en,a punto de atrapar,it,NEGATIVE_OTHER
dico_phrasis_0005741__es-eu__forward,dico_phrasis_0005741,es,eu,a punto de atrapar,hori,NEGATIVE_OTHER
dico_phrasis_0005741__eu-en__forward,dico_phrasis_0005741,eu,en,harrapatzear,it,NEGATIVE_OTHER
dico_phrasis_0005741__eu-es__forward,dico_phrasis_0005741,eu,es,harrapatzear,eso,NEGATIVE_OTHER
dico_phrasis_0005768__en-es__forward,dico_phrasis_0005768,en,es,A man,de noche,NEGATIVE_OTHER
dico_phrasis_0005768__en-eu__forward,dico_phrasis_0005768,en,eu,A man,gauez,NEGATIVE_OTHER
dico_phrasis_0005768__es-en__forward,dico_phrasis_0005768,es,en,Un hombre,at night,NEGATIVE_OTHER
dico_phrasis_0005768__es-eu__forward,dico_phrasis_0005768,es,eu,Un hombre,gauez,NEGATIVE_OTHER
dico_phrasis_0005768__eu-en__forward,dico_phrasis_0005768,eu,en,gizon bat,at night,NEGATIVE_OTHER
dico_phrasis_0005768__eu-es__forward,dico_phrasis_0005768,eu,es,gizon bat,de noche,NEGATIVE_OTHER
dico_phrasis_0005778__en-es__forward,dico_phrasis_0005778,en,es,is running,con una pelota amarilla,NEGATIVE_OTHER
dico_phrasis_0005778__en-eu__forward,dico_phrasis_0005778,en,eu,is running,pilota hori batekin,NEGATIVE_OTHER
dico_phrasis_0005778__es-en__forward,dico_phrasis_0005778,es,en,está corriendo,with a yellow ball,NEGATIVE_OTHER
dico_phrasis_0005778__es-eu__forward,dico_phrasis_0005778,es,eu,está corriendo,pilota hori batekin,NEGATIVE_OTHER
dico_phrasis_0005778__eu-en__forward,dico_phrasis_0005778,eu,en,korrika egiten ari da,with a yellow ball,NEGATIVE_OTHER
dico_phrasis_0005778__eu-es__forward,dico_phrasis_0005778,eu,es,korrika egiten ari da,con una pelota amarilla,NEGATIVE_OTHER
dico_phrasis_0005889__en-es__forward,dico_phrasis_0005889,en,es,after ski accident,por su vida,NEGATIVE_OTHER
dico_phrasis_0005889__en-eu__forward,dico_phrasis_0005889,en,eu,after ski accident,bere bizitzaren alde,NEGATIVE_OTHER
dico_phrasis_0005889__es-en__forward,dico_phrasis_0005889,es,en,después del accidente de esquí,for his life,NEGATIVE_OTHER
dico_phrasis_0005889__es-eu__forward,dico_phrasis_0005889,es,eu,después del accidente de esquí,bere bizitzaren alde,NEGATIVE_OTHER
dico_phrasis_0005889__eu-en__forward,dico_phrasis_0005889,eu,en,eskiko istripuaren ondoren,for his life,NEGATIVE_OTHER
dico_phrasis_0005889__eu-es__forward,dico_phrasis_0005889,eu,es,eskiko istripuaren ondoren,por su vida,NEGATIVE_OTHER
dico_phrasis_0005934__en-es__forward,dico_phrasis_0005934,en,es,after economic meeting,cerca,NEGATIVE_OTHER
dico_phrasis_0005934__en-eu__forward,dico_phrasis_0005934,en,eu,after economic meeting,gertu,NEGATIVE_OTHER
dico_phrasis_0005934__es-en__forward,dico_phrasis_0005934,es,en,después de la reunión económica,close,NEGATIVE_OTHER
dico_phrasis_0005934__es-eu__forward,dico_phrasis_0005934,es,eu,después de la reunión económica,gertu,NEGATIVE_OTHER
dico_phrasis_0005934__eu-en__forward,dico_phrasis_0005934,eu,en,bilera ekonomikoaren ondoren,close,NEGATIVE_OTHER
dico_phrasis_0005934__eu-es__forward,dico_phrasis_0005934,eu,es,bilera ekonomikoaren ondoren,cerca,NEGATIVE_OTHER
dico_phrasis_0005972__en-es__forward,dico_phrasis_0005972,en,es,which has been passed,después de que recibieron información,NEGATIVE_OTHER
dico_phrasis_0005972__en-eu__forward,dico_phrasis_0005972,en,eu,which has been passed,informazioa jaso ondoren,NEGATIVE_OTHER
dico_phrasis_0005972__es-en__forward,dico_phrasis_0005972,es,en,que ha sido aprobado,after they received information,NEGATIVE_OTHER
dico_phrasis_0005972__es-eu__forward,dico_phrasis_0005972,es,eu,que ha sido aprobado,informazioa jaso ondoren,NEGATIVE_OTHER
dico_phrasis_0005972__eu-en__forward,dico_phrasis_0005972,eu,en,onartu dena,after they received information,NEGATIVE_OTHER
dico_phrasis_0005972__eu-es__forward,dico_phrasis_0005972,eu,es,onartu dena,después de que recibieron información,NEGATIVE_OTHER
dico_phrasis_0006046__en-es__forward,dico_phrasis_0006046,en,es,seek,al lugar de la explosión en Texas,NEGATIVE_OTHER
dico_phrasis_0006046__en-eu__forward,dico_phrasis_0006046,en,eu,seek,Texasko leherketa-gunera,NEGATIVE_OTHER
dico_phrasis_0006046__es-en__forward,dico_phrasis_0006046,es,en,buscar,to Texas blast site,NEGATIVE_OTHER
dico_phrasis_0006046__es-eu__forward,dico_phrasis_0006046,es,eu,buscar,Texasko leherketa-gunera,NEGATIVE_OTHER
dico_phrasis_0006046__eu-en__forward,dico_phrasis_0006046,eu,en,bilatu,to Texas blast site,NEGATIVE_OTHER
dico_phrasis_0006046__eu-es__forward,dico_phrasis_0006046,eu,es,bilatu,al lugar de la explosión en Texas,NEGATIVE_OTHER
dico_phrasis_0006109__en-es__forward,dico_phrasis_0006109,en,es,urges,liberar,NEGATIVE_OTHER
dico_phrasis_0006109__en-eu__forward,dico_phrasis_0006109,en,eu,urges,askatzeko,NEGATIVE_OTHER
dico_phrasis_0006109__es-en__forward,dico_phrasis_0006109,es,en,insta,to free,NEGATIVE_OTHER
dico_phrasis_0006109__es-eu__forward,dico_phrasis_0006109,es,eu,insta,askatzeko,NEGATIVE_OTHER
dico_phrasis_0006109__eu-en__forward,dico_phrasis_0006109,eu,en,eskatzen du,to free,NEGATIVE_OTHER
dico_phrasis_0006109__eu-es__forward,dico_phrasis_0006109,eu,es,eskatzen du,liberar,NEGATIVE_OTHER
dico_phrasis_0006155__en-es__forward,dico_phrasis_0006155,en,es,Syria,de ataques mortales,NEGATIVE_OTHER
dico_phrasis_0006155__en-eu__forward,dico_phrasis_0006155,en,eu,Syria,eraso hilgarrien,NEGATIVE_OTHER
dico_phrasis_0006155__es-en__forward,dico_phrasis_0006155,es,en,Siria,of deadly attacks,NEGATIVE_OTHER
dico_phrasis_0006155__es-eu__forward,dico_phrasis_0006155,es,eu,Siria,eraso hilgarrien,NEGATIVE_OTHER
dico_phrasis_0006155__eu-en__forward,dico_phrasis_0006155,eu,en,Siria,of deadly attacks,NEGATIVE_OTHER
dico_phrasis_0006155__eu-es__forward,dico_phrasis_0006155,eu,es,Siria,de ataques mortales,NEGATIVE_OTHER
dico_phrasis_0006381__en-es__forward,dico_phrasis_0006381,en,es,Royal sorrow,sobre la enfermera,NEGATIVE_OTHER
dico_phrasis_0006381__en-eu__forward,dico_phrasis_0006381,en,eu,Royal sorrow,erizainaren gainean,NEGATIVE_OTHER
dico_phrasis_0006381__es-en__forward,dico_phrasis_0006381,es,en,dolor real,over nurse,NEGATIVE_OTHER
dico_phrasis_0006381__es-eu__forward,dico_phrasis_0006381,es,eu,dolor real,erizainaren gainean,NEGATIVE_OTHER
dico_phrasis_0006381__eu-en__forward,dico_phrasis_0006381,eu,en,Erregearen atsekabea,over nurse,NEGATIVE_OTHER
dico_phrasis_0006381__eu-es__forward,dico_phrasis_0006381,eu,es,Erregearen atsekabea,sobre la enfermera,NEGATIVE_OTHER
dico_phrasis_0006390__en-es__forward,dico_phrasis_0006390,en,es,to Central African Republic,Enfrentamientos armados,NEGATIVE_OTHER
dico_phrasis_0006390__en-eu__forward,dico_phrasis_0006390,en,eu,to Central African Republic,Tiroketa armatuak,NEGATIVE_OTHER
dico_phrasis_0006390__es-en__forward,dico_phrasis_0006390,es,en,a la República Centroafricana,Gun battles,NEGATIVE_OTHER
dico_phrasis_0006390__es-eu__forward,dico_phrasis_0006390,es,eu,a la República Centroafricana,Tiroketa armatuak,NEGATIVE_OTHER
dico_phrasis_0006390__eu-en__forward,dico_phrasis_0006390,eu,en,Afrika Erdiko Errepublikara,Gun battles,NEGATIVE_OTHER
dico_phrasis_0006390__eu-es__forward,dico_phrasis_0006390,eu,es,Afrika Erdiko Errepublikara,Enfrentamientos armados,NEGATIVE_OTHER
dico_phrasis_0006408__en-es__forward,dico_phrasis_0006408,en,es,UK police,buscar,NEGATIVE_OTHER
dico_phrasis_0006408__en-eu__forward,dico_phrasis_0006408,en,eu,UK police,bilatu,NEGATIVE_OTHER
dico_phrasis_0006408__es-en__forward,dico_phrasis_0006408,es,en,policía del Reino Unido,seek,NEGATIVE_OTHER
dico_phrasis_0006408__es-eu__forward,dico_phrasis_0006408,es,eu,policía del Reino Unido,bilatu,NEGATIVE_OTHER
dico_phrasis_0006408__eu-en__forward,dico_phrasis_0006408,eu,en,Erresuma Batuko polizia,seek,NEGATIVE_OTHER
dico_phrasis_0006408__eu-es__forward,dico_phrasis_0006408,eu,es,Erresuma Batuko polizia,buscar,NEGATIVE_OTHER
dico_phrasis_0006543__en-es__forward,dico_phrasis_0006543,en,es,in early trade,lastre,NEGATIVE_OTHER
dico_phrasis_0006543__en-eu__forward,dico_phrasis_0006543,en,eu,in early trade,arrastatu,NEGATIVE_OTHER
dico_phrasis_0006543__es-en__forward,dico_phrasis_0006543,es,en,al inicio de las operaciones,drag,NEGATIVE_OTHER
dico_phrasis_0006543__es-eu__forward,dico_phrasis_0006543,es,eu,al inicio de las operaciones,arrastatu,NEGATIVE_OTHER
dico_phrasis_0006543__eu-en__forward,dico_phrasis_0006543,eu,en,merkataritzaren hasieran,drag,NEGATIVE_OTHER
dico_phrasis_0006543__eu-es__forward,dico_phrasis_0006543,eu,es,merkataritzaren hasieran,lastre,NEGATIVE_OTHER
dico_phrasis_0006556__en-es__forward,dico_phrasis_0006556,en,es,nasty comments,quitando,NEGATIVE_OTHER
dico_phrasis_0006556__en-eu__forward,dico_phrasis_0006556,en,eu,nasty comments,kenduz,NEGATIVE_OTHER
dico_phrasis_0006556__es-en__forward,dico_phrasis_0006556,es,en,comentarios desagradables,by taking away,NEGATIVE_OTHER
dico_phrasis_0006556__es-eu__forward,dico_phrasis_0006556,es,eu,comentarios desagradables,kenduz,NEGATIVE_OTHER
dico_phrasis_0006556__eu-en__forward,dico_phrasis_0006556,eu,en,iruzkin nazkagarriak,by taking away,NEGATIVE_OTHER
dico_phrasis_0006556__eu-es__forward,dico_phrasis_0006556,eu,es,iruzkin nazkagarriak,quitando,NEGATIVE_OTHER
dico_phrasis_0006564__en-es__forward,dico_phrasis_0006564,en,es,Angela Merkel,Grande,NEGATIVE_OTHER
dico_phrasis_0006564__en-eu__forward,dico_phrasis_0006564,en,eu,Angela Merkel,handia,NEGATIVE_OTHER
dico_phrasis_0006564__es-en__forward,dico_phrasis_0006564,es,en,Angela Merkel,Big,NEGATIVE_OTHER
dico_phrasis_0006564__es-eu__forward,dico_phrasis_0006564,es,eu,Angela Merkel,handia,NEGATIVE_OTHER
dico_phrasis_0006564__eu-en__forward,dico_phrasis_0006564,eu,en,Angela Merkel,Big,NEGATIVE_OTHER
dico_phrasis_0006564__eu-es__forward,dico_phrasis_0006564,eu,es,Angela Merkel,Grande,NEGATIVE_OTHER
dico_phrasis_0006665__en-es__forward,dico_phrasis_0006665,en,es,near rail station,choques,NEGATIVE_OTHER
dico_phrasis_0006665__en-eu__forward,dico_phrasis_0006665,en,eu,near rail station,istripuak,NEGATIVE_OTHER
dico_phrasis_0006665__es-en__forward,dico_phrasis_0006665,es,en,cerca de la estación de tren,crashes,NEGATIVE_OTHER
dico_phrasis_0006665__es-eu__forward,dico_phrasis_0006665,es,eu,cerca de la estación de tren,istripuak,NEGATIVE_OTHER
dico_phrasis_0006665__eu-en__forward,dico_phrasis_0006665,eu,en,tren geltokiaren ondoan,crashes,NEGATIVE_OTHER
dico_phrasis_0006665__eu-es__forward,dico_phrasis_0006665,eu,es,tren geltokiaren ondoan,choques,NEGATIVE_OTHER
dico_phrasis_0006671__en-es__forward,dico_phrasis_0006671,en,es,in Pakistan,mata,NEGATIVE_OTHER
dico_phrasis_0006671__en-eu__forward,dico_phrasis_0006671,en,eu,in Pakistan,hiltzen du,NEGATIVE_OTHER
dico_phrasis_0006671__es-en__forward,dico_phrasis_0006671,es,en,en Pakistán,kills,NEGATIVE_OTHER
dico_phrasis_0006671__es-eu__forward,dico_phrasis_0006671,es,eu,en Pakistán,hiltzen du,NEGATIVE_OTHER
dico_phrasis_0006671__eu-en__forward,dico_phrasis_0006671,eu,en,Pakistanen,kills,NEGATIVE_OTHER
dico_phrasis_0006671__eu-es__forward,dico_phrasis_0006671,eu,es,Pakistanen,mata,NEGATIVE_OTHER
dico_phrasis_0006843__en-es__forward,dico_phrasis_0006843,en,es,at sea,EE. UU.,NEGATIVE_OTHER
dico_phrasis_0006843__en-eu__forward,dico_phrasis_0006843,en,eu,at sea,AEB,NEGATIVE_OTHER
dico_phrasis_0006843__es-en__forward,dico_phrasis_0006843,es,en,en el mar,US,NEGATIVE_OTHER
dico_phrasis_0006843__es-eu__forward,dico_phrasis_0006843,es,eu,en el mar,AEB,NEGATIVE_OTHER
dico_phrasis_0006843__eu-en__forward,dico_phrasis_0006843,eu,en,itsasoan,US,NEGATIVE_OTHER
dico_phrasis_0006843__eu-es__forward,dico_phrasis_0006843,eu,es,itsasoan,EE. UU.,NEGATIVE_OTHER
dico_phrasis_0006876__en-es__forward,dico_phrasis_0006876,en,es,from Israeli prison,de cáncer,NEGATIVE_OTHER
dico_phrasis_0006876__en-eu__forward,dico_phrasis_0006876,en,eu,from Israeli prison,minbiziarena,NEGATIVE_OTHER
dico_phrasis_0006876__es-en__forward,dico_phrasis_0006876,es,en,de una prisión israelí,of cancer,NEGATIVE_OTHER
dico_phrasis_0006876__es-eu__forward,dico_phrasis_0006876,es,eu,de una prisión israelí,minbiziarena,NEGATIVE_OTHER
dico_phrasis_0006876__eu-en__forward,dico_phrasis_0006876,eu,en,Israelgo kartzelatik,of cancer,NEGATIVE_OTHER
dico_phrasis_0006876__eu-es__forward,dico_phrasis_0006876,eu,es,Israelgo kartzelatik,de cáncer,NEGATIVE_OTHER
dico_phrasis_0007026__en-es__forward,dico_phrasis_0007026,en,es,as firefighters,funcionarios,NEGATIVE_OTHER
dico_phrasis_0007026__en-eu__forward,dico_phrasis_0007026,en,eu,as firefighters,funtzionarioak,NEGATIVE_OTHER
dico_phrasis_0007026__es-en__forward,dico_phrasis_0007026,es,en,como bomberos,officials,NEGATIVE_OTHER
dico_phrasis_0007026__es-eu__forward,dico_phrasis_0007026,es,eu,como bomberos,funtzionarioak,NEGATIVE_OTHER
dico_phrasis_0007026__eu-en__forward,dico_phrasis_0007026,eu,en,suhiltzaile gisa,officials,NEGATIVE_OTHER
dico_phrasis_0007026__eu-es__forward,dico_phrasis_0007026,eu,es,suhiltzaile gisa,funcionarios,NEGATIVE_OTHER
dico_phrasis_0007053__en-es__forward,dico_phrasis_0007053,en,es,Iranians,elección presidencial de Mali,NEGATIVE_OTHER
dico_phrasis_0007053__en-eu__forward,dico_phrasis_0007053,en,eu,Iranians,Maliko presidentetzarako hauteskundeak,NEGATIVE_OTHER
dico_phrasis_0007053__es-en__forward,dico_phrasis_0007053,es,en,iraníes,Mali Presidential Election,NEGATIVE_OTHER
dico_phrasis_0007053__es-eu__forward,dico_phrasis_0007053,es,eu,iraníes,Maliko presidentetzarako hauteskundeak,NEGATIVE_OTHER
dico_phrasis_0007053__eu-en__forward,dico_phrasis_0007053,eu,en,irandarrak,Mali Presidential Election,NEGATIVE_OTHER
dico_phrasis_0007053__eu-es__forward,dico_phrasis_0007053,eu,es,irandarrak,elección presidencial de Mali,NEGATIVE_OTHER
dico_phrasis_0007137__en-es__forward,dico_phrasis_0007137,en,es,Train,Armas químicas de Siria,NEGATIVE_OTHER
dico_phrasis_0007137__en-eu__forward,dico_phrasis_0007137,en,eu,Train,Siriako arma kimikoak,NEGATIVE_OTHER
dico_phrasis_0007137__es-en__forward,dico_phrasis_0007137,es,en,Tren,Syria Chemical Weapons,NEGATIVE_OTHER
dico_phrasis_0007137__es-eu__forward,dico_phrasis_0007137,es,eu,Tren,Siriako arma kimikoak,NEGATIVE_OTHER
dico_phrasis_0007137__eu-en__forward,dico_phrasis_0007137,eu,en,Trena,Syria Chemical Weapons,NEGATIVE_OTHER
dico_phrasis_0007137__eu-es__forward,dico_phrasis_0007137,eu,es,Trena,Armas químicas de Siria,NEGATIVE_OTHER
dico_phrasis_0007233__en-es__forward,dico_phrasis_0007233,en,es,Lebanon businesses,crisis política,NEGATIVE_OTHER
dico_phrasis_0007233__en-eu__forward,dico_phrasis_0007233,en,eu,Lebanon businesses,krisi politikoa,NEGATIVE_OTHER
dico_phrasis_0007233__es-en__forward,dico_phrasis_0007233,es,en,empresas del Líbano,political crisis,NEGATIVE_OTHER
dico_phrasis_0007233__es-eu__forward,dico_phrasis_0007233,es,eu,empresas del Líbano,krisi politikoa,NEGATIVE_OTHER
dico_phrasis_0007233__eu-en__forward,dico_phrasis_0007233,eu,en,Libanoko enpresak,political crisis,NEGATIVE_OTHER
dico_phrasis_0007233__eu-es__forward,dico_phrasis_0007233,eu,es,Libanoko enpresak,crisis política,NEGATIVE_OTHER
dico_phrasis_0007240__en-es__forward,dico_phrasis_0007240,en,es,South Korea,Corea del Norte,NEGATIVE_OTHER
dico_phrasis_0007240__en-eu__forward,dico_phrasis_0007240,en,eu,South Korea,Ipar Korea,NEGATIVE_OTHER
dico_phrasis_0007240__es-en__forward,dico_phrasis_0007240,es,en,Corea del Sur,North Korea,NEGATIVE_OTHER
dico_phrasis_0007240__es-eu__forward,dico_phrasis_0007240,es,eu,Corea del Sur,Ipar Korea,NEGATIVE_OTHER
dico_phrasis_0007240__eu-en__forward,dico_phrasis_0007240,eu,en,Hego Korea,North Korea,NEGATIVE_OTHER
dico_phrasis_0007240__eu-es__forward,dico_phrasis_0007240,eu,es,Hego Korea,Corea del Norte,NEGATIVE_OTHER
dico_phrasis_0007332__en-es__forward,dico_phrasis_0007332,en,es,Britain,escándalo de la carne de caballo,NEGATIVE_OTHER
dico_phrasis_0007332__en-eu__forward,dico_phrasis_0007332,en,eu,Britain,zaldi-haragiaren eskandala,NEGATIVE_OTHER
dico_phrasis_0007332__es-en__forward,dico_phrasis_0007332,es,en,Gran Bretaña,horsemeat scandal,NEGATIVE_OTHER
dico_phrasis_0007332__es-eu__forward,dico_phrasis_0007332,es,eu,Gran Bretaña,zaldi-haragiaren eskandala,NEGATIVE_OTHER
dico_phrasis_0007332__eu-en__forward,dico_phrasis_0007332,eu,en,Britainia Handia,horsemeat scandal,NEGATIVE_OTHER
dico_phrasis_0007332__eu-es__forward,dico_phrasis_0007332,eu,es,Britainia Handia,escándalo de la carne de caballo,NEGATIVE_OTHER
dico_phrasis_0007400__en-es__forward,dico_phrasis_0007400,en,es,Agrees,en principio,NEGATIVE_OTHER
dico_phrasis_0007400__en-eu__forward,dico_phrasis_0007400,en,eu,Agrees,printzipioz,NEGATIVE_OTHER
dico_phrasis_0007400__es-en__forward,dico_phrasis_0007400,es,en,Está de acuerdo,` in principle ',NEGATIVE_OTHER
dico_phrasis_0007400__es-eu__forward,dico_phrasis_0007400,es,eu,Está de acuerdo,printzipioz,NEGATIVE_OTHER
dico_phrasis_0007400__eu-en__forward,dico_phrasis_0007400,eu,en,Ados dago,` in principle ',NEGATIVE_OTHER
dico_phrasis_0007400__eu-es__forward,dico_phrasis_0007400,eu,es,Ados dago,en principio,NEGATIVE_OTHER
dico_phrasis_0007467__en-es__forward,dico_phrasis_0007467,en,es,Putin ally,falta,NEGATIVE_OTHER
dico_phrasis_0007467__en-eu__forward,dico_phrasis_0007467,en,eu,Putin ally,nazkagarria,NEGATIVE_OTHER
dico_phrasis_0007467__es-en__forward,dico_phrasis_0007467,es,en,aliado de Putin,foul,NEGATIVE_OTHER
dico_phrasis_0007467__es-eu__forward,dico_phrasis_0007467,es,eu,aliado de Putin,nazkagarria,NEGATIVE_OTHER
dico_phrasis_0007467__eu-en__forward,dico_phrasis_0007467,eu,en,Putinen aliatua,foul,NEGATIVE_OTHER
dico_phrasis_0007467__eu-es__forward,dico_phrasis_0007467,eu,es,Putinen aliatua,falta,NEGATIVE_OTHER
dico_phrasis_0007510__en-es__forward,dico_phrasis_0007510,en,es,tallest building in US,Nombrado,NEGATIVE_OTHER
dico_phrasis_0007510__en-eu__forward,dico_phrasis_0007510,en,eu,tallest building in US,izendatua,NEGATIVE_OTHER
dico_phrasis_0007510__es-en__forward,dico_phrasis_0007510,es,en,el edificio más alto de Estados Unidos,Named,NEGATIVE_OTHER
dico_phrasis_0007510__es-eu__forward,dico_phrasis_0007510,es,eu,el edificio más alto de Estados Unidos,izendatua,NEGATIVE_OTHER
dico_phrasis_0007510__eu-en__forward,dico_phrasis_0007510,eu,en,AEBetako eraikinik altuena,Named,NEGATIVE_OTHER
dico_phrasis_0007510__eu-es__forward,dico_phrasis_0007510,eu,es,AEBetako eraikinik altuena,Nombrado,NEGATIVE_OTHER
dico_phrasis_0007531__en-es__forward,dico_phrasis_0007531,en,es,including,3 muertos,NEGATIVE_OTHER
dico_phrasis_0007531__en-eu__forward,dico_phrasis_0007531,en,eu,including,3 hildako,NEGATIVE_OTHER
dico_phrasis_0007531__es-en__forward,dico_phrasis_0007531,es,en,incluyendo,3 dead,NEGATIVE_OTHER
dico_phrasis_0007531__es-eu__forward,dico_phrasis_0007531,es,eu,incluyendo,3 hildako,NEGATIVE_OTHER
dico_phrasis_0007531__eu-en__forward,dico_phrasis_0007531,eu,en,barne,3 dead,NEGATIVE_OTHER
dico_phrasis_0007531__eu-es__forward,dico_phrasis_0007531,eu,es,barne,3 muertos,NEGATIVE_OTHER
dico_phrasis_0007655__en-es__forward,dico_phrasis_0007655,en,es,after killings,Hermanos Musulmanes,NEGATIVE_OTHER
dico_phrasis_0007655__en-eu__forward,dico_phrasis_0007655,en,eu,after killings,Musulmanen Anaitasuna,NEGATIVE_OTHER
dico_phrasis_0007655__es-en__forward,dico_phrasis_0007655,es,en,después de los asesinatos,Muslim Brotherhood,NEGATIVE_OTHER
dico_phrasis_0007655__es-eu__forward,dico_phrasis_0007655,es,eu,después de los asesinatos,Musulmanen Anaitasuna,NEGATIVE_OTHER
dico_phrasis_0007655__eu-en__forward,dico_phrasis_0007655,eu,en,hilketen ondoren,Muslim Brotherhood,NEGATIVE_OTHER
dico_phrasis_0007655__eu-es__forward,dico_phrasis_0007655,eu,es,hilketen ondoren,Hermanos Musulmanes,NEGATIVE_OTHER
dico_phrasis_0007672__en-es__forward,dico_phrasis_0007672,en,es,'s Brotherhood,Conjunto,NEGATIVE_OTHER
dico_phrasis_0007672__en-eu__forward,dico_phrasis_0007672,en,eu,'s Brotherhood,Multzoa,NEGATIVE_OTHER
dico_phrasis_0007672__es-en__forward,dico_phrasis_0007672,es,en,Hermandad de s,Set,NEGATIVE_OTHER
dico_phrasis_0007672__es-eu__forward,dico_phrasis_0007672,es,eu,Hermandad de s,Multzoa,NEGATIVE_OTHER
dico_phrasis_0007672__eu-en__forward,dico_phrasis_0007672,eu,en,'s Brotherhood,Set,NEGATIVE_OTHER
dico_phrasis_0007672__eu-es__forward,dico_phrasis_0007672,eu,es,'s Brotherhood,Conjunto,NEGATIVE_OTHER
dico_phrasis_0007705__en-es__forward,dico_phrasis_0007705,en,es,has determined,Siria,NEGATIVE_OTHER
dico_phrasis_0007705__en-eu__forward,dico_phrasis_0007705,en,eu,has determined,Siria,NEGATIVE_OTHER
dico_phrasis_0007705__es-en__forward,dico_phrasis_0007705,es,en,ha determinado,Syria,NEGATIVE_OTHER
dico_phrasis_0007705__es-eu__forward,dico_phrasis_0007705,es,eu,ha determinado,Siria,NEGATIVE_OTHER
dico_phrasis_0007705__eu-en__forward,dico_phrasis_0007705,eu,en,zehaztu du,Syria,NEGATIVE_OTHER
dico_phrasis_0007705__eu-es__forward,dico_phrasis_0007705,eu,es,zehaztu du,Siria,NEGATIVE_OTHER
dico_phrasis_0007721__en-es__forward,dico_phrasis_0007721,en,es,Topless Women,Presidente de Bulgaria,NEGATIVE_OTHER
dico_phrasis_0007721__en-eu__forward,dico_phrasis_0007721,en,eu,Topless Women,Bulgariako presidentea,NEGATIVE_OTHER
dico_phrasis_0007721__es-en__forward,dico_phrasis_0007721,es,en,Mujeres en topless,Bulgaria President,NEGATIVE_OTHER
dico_phrasis_0007721__es-eu__forward,dico_phrasis_0007721,es,eu,Mujeres en topless,Bulgariako presidentea,NEGATIVE_OTHER
dico_phrasis_0007721__eu-en__forward,dico_phrasis_0007721,eu,en,Emakume bular biluziak,Bulgaria President,NEGATIVE_OTHER
dico_phrasis_0007721__eu-es__forward,dico_phrasis_0007721,eu,es,Emakume bular biluziak,Presidente de Bulgaria,NEGATIVE_OTHER
dico_phrasis_0007783__en-es__forward,dico_phrasis_0007783,en,es,for chemical attack,considerar,NEGATIVE_OTHER
dico_phrasis_0007783__en-eu__forward,dico_phrasis_0007783,en,eu,for chemical attack,kontuan hartzeko,NEGATIVE_OTHER
dico_phrasis_0007783__es-en__forward,dico_phrasis_0007783,es,en,para un ataque químico,to consider,NEGATIVE_OTHER
dico_phrasis_0007783__es-eu__forward,dico_phrasis_0007783,es,eu,para un ataque químico,kontuan hartzeko,NEGATIVE_OTHER
dico_phrasis_0007783__eu-en__forward,dico_phrasis_0007783,eu,en,eraso kimikorako,to consider,NEGATIVE_OTHER
dico_phrasis_0007783__eu-es__forward,dico_phrasis_0007783,eu,es,eraso kimikorako,considerar,NEGATIVE_OTHER
dico_phrasis_0007935__en-es__forward,dico_phrasis_0007935,en,es,Muslim Brotherhood newspaper,arrestado,NEGATIVE_OTHER
dico_phrasis_0007935__en-eu__forward,dico_phrasis_0007935,en,eu,Muslim Brotherhood newspaper,atxilotuta,NEGATIVE_OTHER
dico_phrasis_0007935__es-en__forward,dico_phrasis_0007935,es,en,periódico de los Hermanos Musulmanes,arrested,NEGATIVE_OTHER
dico_phrasis_0007935__es-eu__forward,dico_phrasis_0007935,es,eu,periódico de los Hermanos Musulmanes,atxilotuta,NEGATIVE_OTHER
dico_phrasis_0007935__eu-en__forward,dico_phrasis_0007935,eu,en,Musulmanen Anaidiaren egunkaria,arrested,NEGATIVE_OTHER
dico_phrasis_0007935__eu-es__forward,dico_phrasis_0007935,eu,es,Musulmanen Anaidiaren egunkaria,arrestado,NEGATIVE_OTHER
dico_phrasis_0007963__en-es__forward,dico_phrasis_0007963,en,es,orders,solicitud de liberación de Mubarak,NEGATIVE_OTHER
dico_phrasis_0007963__en-eu__forward,dico_phrasis_0007963,en,eu,orders,Mubaraken askatasun eskaera,NEGATIVE_OTHER
dico_phrasis_0007963__es-en__forward,dico_phrasis_0007963,es,en,pedidos,Mubarak 's release request,NEGATIVE_OTHER
dico_phrasis_0007963__es-eu__forward,dico_phrasis_0007963,es,eu,pedidos,Mubaraken askatasun eskaera,NEGATIVE_OTHER
dico_phrasis_0007963__eu-en__forward,dico_phrasis_0007963,eu,en,aginduak,Mubarak 's release request,NEGATIVE_OTHER
dico_phrasis_0007963__eu-es__forward,dico_phrasis_0007963,eu,es,aginduak,solicitud de liberación de Mubarak,NEGATIVE_OTHER
dico_phrasis_0007964__en-es__forward,dico_phrasis_0007964,en,es,Bomb blast,en Pakistán,NEGATIVE_OTHER
dico_phrasis_0007964__en-eu__forward,dico_phrasis_0007964,en,eu,Bomb blast,Pakistanen,NEGATIVE_OTHER
dico_phrasis_0007964__es-en__forward,dico_phrasis_0007964,es,en,explosión de bomba,in Pakistan,NEGATIVE_OTHER
dico_phrasis_0007964__es-eu__forward,dico_phrasis_0007964,es,eu,explosión de bomba,Pakistanen,NEGATIVE_OTHER
dico_phrasis_0007964__eu-en__forward,dico_phrasis_0007964,eu,en,bonba-eztanda,in Pakistan,NEGATIVE_OTHER
dico_phrasis_0007964__eu-es__forward,dico_phrasis_0007964,eu,es,bonba-eztanda,en Pakistán,NEGATIVE_OTHER
dico_phrasis_0008005__en-es__forward,dico_phrasis_0008005,en,es,in Kyiv,lanzar,NEGATIVE_OTHER
dico_phrasis_0008005__en-eu__forward,dico_phrasis_0008005,en,eu,in Kyiv,botatzea,NEGATIVE_OTHER
dico_phrasis_0008005__es-en__forward,dico_phrasis_0008005,es,en,en Kyiv,to cast,NEGATIVE_OTHER
dico_phrasis_0008005__es-eu__forward,dico_phrasis_0008005,es,eu,en Kyiv,botatzea,NEGATIVE_OTHER
dico_phrasis_0008005__eu-en__forward,dico_phrasis_0008005,eu,en,Kieven,to cast,NEGATIVE_OTHER
dico_phrasis_0008005__eu-es__forward,dico_phrasis_0008005,eu,es,Kieven,lanzar,NEGATIVE_OTHER
dico_phrasis_0008019__en-es__forward,dico_phrasis_0008019,en,es,A cat,muy arriba,NEGATIVE_OTHER
dico_phrasis_0008019__en-eu__forward,dico_phrasis_0008019,en,eu,A cat,oso gora,NEGATIVE_OTHER
dico_phrasis_0008019__es-en__forward,dico_phrasis_0008019,es,en,Un gato,high up,NEGATIVE_OTHER
dico_phrasis_0008019__es-eu__forward,dico_phrasis_0008019,es,eu,Un gato,oso gora,NEGATIVE_OTHER
dico_phrasis_0008019__eu-en__forward,dico_phrasis_0008019,eu,en,katu bat,high up,NEGATIVE_OTHER
dico_phrasis_0008019__eu-es__forward,dico_phrasis_0008019,eu,es,katu bat,muy arriba,NEGATIVE_OTHER
dico_phrasis_0008083__en-es__forward,dico_phrasis_0008083,en,es,A striped cat,boca arriba,NEGATIVE_OTHER
dico_phrasis_0008083__en-eu__forward,dico_phrasis_0008083,en,eu,A striped cat,bizkarrez,NEGATIVE_OTHER
dico_phrasis_0008083__es-en__forward,dico_phrasis_0008083,es,en,Un gato atigrado,on back,NEGATIVE_OTHER
dico_phrasis_0008083__es-eu__forward,dico_phrasis_0008083,es,eu,Un gato atigrado,bizkarrez,NEGATIVE_OTHER
dico_phrasis_0008083__eu-en__forward,dico_phrasis_0008083,eu,en,Katu marradun bat,on back,NEGATIVE_OTHER
dico_phrasis_0008083__eu-es__forward,dico_phrasis_0008083,eu,es,Katu marradun bat,boca arriba,NEGATIVE_OTHER
dico_phrasis_0008099__en-es__forward,dico_phrasis_0008099,en,es,A group,con comida,NEGATIVE_OTHER
dico_phrasis_0008099__en-eu__forward,dico_phrasis_0008099,en,eu,A group,janariarekin,NEGATIVE_OTHER
dico_phrasis_0008099__es-en__forward,dico_phrasis_0008099,es,en,Un grupo,with food,NEGATIVE_OTHER
dico_phrasis_0008099__es-eu__forward,dico_phrasis_0008099,es,eu,Un grupo,janariarekin,NEGATIVE_OTHER
dico_phrasis_0008099__eu-en__forward,dico_phrasis_0008099,eu,en,Talde bat,with food,NEGATIVE_OTHER
dico_phrasis_0008099__eu-es__forward,dico_phrasis_0008099,eu,es,Talde bat,con comida,NEGATIVE_OTHER
dico_phrasis_0008155__en-es__forward,dico_phrasis_0008155,en,es,in a field,pastando,NEGATIVE_OTHER
dico_phrasis_0008155__en-eu__forward,dico_phrasis_0008155,en,eu,in a field,larrean,NEGATIVE_OTHER
dico_phrasis_0008155__es-en__forward,dico_phrasis_0008155,es,en,en un campo,grazing,NEGATIVE_OTHER
dico_phrasis_0008155__es-eu__forward,dico_phrasis_0008155,es,eu,en un campo,larrean,NEGATIVE_OTHER
dico_phrasis_0008155__eu-en__forward,dico_phrasis_0008155,eu,en,zelai batean,grazing,NEGATIVE_OTHER
dico_phrasis_0008155__eu-es__forward,dico_phrasis_0008155,eu,es,zelai batean,pastando,NEGATIVE_OTHER
dico_phrasis_0008180__en-es__forward,dico_phrasis_0008180,en,es,is,Cordero blanco y negro,NEGATIVE_OTHER
dico_phrasis_0008180__en-eu__forward,dico_phrasis_0008180,en,eu,is,arkume zuri-beltza,NEGATIVE_OTHER
dico_phrasis_0008180__es-en__forward,dico_phrasis_0008180,es,en,es,Black and white lamb,NEGATIVE_OTHER
dico_phrasis_0008180__es-eu__forward,dico_phrasis_0008180,es,eu,es,arkume zuri-beltza,NEGATIVE_OTHER
dico_phrasis_0008180__eu-en__forward,dico_phrasis_0008180,eu,en,da,Black and white lamb,NEGATIVE_OTHER
dico_phrasis_0008180__eu-es__forward,dico_phrasis_0008180,eu,es,da,Cordero blanco y negro,NEGATIVE_OTHER
dico_phrasis_0008278__en-es__forward,dico_phrasis_0008278,en,es,dressed,sentado,NEGATIVE_OTHER
dico_phrasis_0008278__en-eu__forward,dico_phrasis_0008278,en,eu,dressed,eserita,NEGATIVE_OTHER
dico_phrasis_0008278__es-en__forward,dico_phrasis_0008278,es,en,vestido,sitting down,NEGATIVE_OTHER
dico_phrasis_0008278__es-eu__forward,dico_phrasis_0008278,es,eu,vestido,eserita,NEGATIVE_OTHER
dico_phrasis_0008278__eu-en__forward,dico_phrasis_0008278,eu,en,jantzita,sitting down,NEGATIVE_OTHER
dico_phrasis_0008278__eu-es__forward,dico_phrasis_0008278,eu,es,jantzita,sentado,NEGATIVE_OTHER
dico_phrasis_0008478__en-es__forward,dico_phrasis_0008478,en,es,looking,dos mujeres,NEGATIVE_OTHER
dico_phrasis_0008478__en-eu__forward,dico_phrasis_0008478,en,eu,looking,bi emakume,NEGATIVE_OTHER
dico_phrasis_0008478__es-en__forward,dico_phrasis_0008478,es,en,mirando,Two women,NEGATIVE_OTHER
dico_phrasis_0008478__es-eu__forward,dico_phrasis_0008478,es,eu,mirando,bi emakume,NEGATIVE_OTHER
dico_phrasis_0008478__eu-en__forward,dico_phrasis_0008478,eu,en,begira,Two women,NEGATIVE_OTHER
dico_phrasis_0008478__eu-es__forward,dico_phrasis_0008478,eu,es,begira,dos mujeres,NEGATIVE_OTHER
dico_phrasis_0008753__en-es__forward,dico_phrasis_0008753,en,es,for a photo,delante de un tren plateado,NEGATIVE_OTHER
dico_phrasis_0008753__en-eu__forward,dico_phrasis_0008753,en,eu,for a photo,zilarrezko tren baten aurrean,NEGATIVE_OTHER
dico_phrasis_0008753__es-en__forward,dico_phrasis_0008753,es,en,para una foto,in front of a silver train,NEGATIVE_OTHER
dico_phrasis_0008753__es-eu__forward,dico_phrasis_0008753,es,eu,para una foto,zilarrezko tren baten aurrean,NEGATIVE_OTHER
dico_phrasis_0008753__eu-en__forward,dico_phrasis_0008753,eu,en,argazki baterako,in front of a silver train,NEGATIVE_OTHER
dico_phrasis_0008753__eu-es__forward,dico_phrasis_0008753,eu,es,argazki baterako,delante de un tren plateado,NEGATIVE_OTHER
dico_phrasis_0008762__en-es__forward,dico_phrasis_0008762,en,es,A woman,guiando,NEGATIVE_OTHER
dico_phrasis_0008762__en-eu__forward,dico_phrasis_0008762,en,eu,A woman,gidatzen,NEGATIVE_OTHER
dico_phrasis_0008762__es-en__forward,dico_phrasis_0008762,es,en,Una mujer,leading,NEGATIVE_OTHER
dico_phrasis_0008762__es-eu__forward,dico_phrasis_0008762,es,eu,Una mujer,gidatzen,NEGATIVE_OTHER
dico_phrasis_0008762__eu-en__forward,dico_phrasis_0008762,eu,en,Emakume bat,leading,NEGATIVE_OTHER
dico_phrasis_0008762__eu-es__forward,dico_phrasis_0008762,eu,es,Emakume bat,guiando,NEGATIVE_OTHER
dico_phrasis_0008794__en-es__forward,dico_phrasis_0008794,en,es,at camera,sentarse,NEGATIVE_OTHER
dico_phrasis_0008794__en-eu__forward,dico_phrasis_0008794,en,eu,at camera,eseri,NEGATIVE_OTHER
dico_phrasis_0008794__es-en__forward,dico_phrasis_0008794,es,en,en la cámara,sit,NEGATIVE_OTHER
dico_phrasis_0008794__es-eu__forward,dico_phrasis_0008794,es,eu,en la cámara,eseri,NEGATIVE_OTHER
dico_phrasis_0008794__eu-en__forward,dico_phrasis_0008794,eu,en,kameran,sit,NEGATIVE_OTHER
dico_phrasis_0008794__eu-es__forward,dico_phrasis_0008794,eu,es,kameran,sentarse,NEGATIVE_OTHER
dico_phrasis_0008870__en-es__forward,dico_phrasis_0008870,en,es,Young baby girl,Una mujer,NEGATIVE_OTHER
dico_phrasis_0008870__en-eu__forward,dico_phrasis_0008870,en,eu,Young baby girl,emakume bat,NEGATIVE_OTHER
dico_phrasis_0008870__es-en__forward,dico_phrasis_0008870,es,en,Bebé niña pequeña,A woman,NEGATIVE_OTHER
dico_phrasis_0008870__es-eu__forward,dico_phrasis_0008870,es,eu,Bebé niña pequeña,emakume bat,NEGATIVE_OTHER
dico_phrasis_0008870__eu-en__forward,dico_phrasis_0008870,eu,en,haurtxo neska gaztea,A woman,NEGATIVE_OTHER
dico_phrasis_0008870__eu-es__forward,dico_phrasis_0008870,eu,es,haurtxo neska gaztea,Una mujer,NEGATIVE_OTHER
dico_phrasis_0008880__en-es__forward,dico_phrasis_0008880,en,es,in a field,sentado,NEGATIVE_OTHER
dico_phrasis_0008880__en-eu__forward,dico_phrasis_0008880,en,eu,in a field,eserita,NEGATIVE_OTHER
dico_phrasis_0008880__es-en__forward,dico_phrasis_0008880,es,en,en un campo,sitting,NEGATIVE_OTHER
dico_phrasis_0008880__es-eu__forward,dico_phrasis_0008880,es,eu,en un campo,eserita,NEGATIVE_OTHER
dico_phrasis_0008880__eu-en__forward,dico_phrasis_0008880,eu,en,zelai batean,sitting,NEGATIVE_OTHER
dico_phrasis_0008880__eu-es__forward,dico_phrasis_0008880,eu,es,zelai batean,sentado,NEGATIVE_OTHER
dico_phrasis_0009015__en-es__forward,dico_phrasis_0009015,en,es,on concrete,de pie,NEGATIVE_OTHER
dico_phrasis_0009015__en-eu__forward,dico_phrasis_0009015,en,eu,on concrete,zutik,NEGATIVE_OTHER
dico_phrasis_0009015__es-en__forward,dico_phrasis_0009015,es,en,sobre el hormigón,standing,NEGATIVE_OTHER
dico_phrasis_0009015__es-eu__forward,dico_phrasis_0009015,es,eu,sobre el hormigón,zutik,NEGATIVE_OTHER
dico_phrasis_0009015__eu-en__forward,dico_phrasis_0009015,eu,en,hormigoi gainean,standing,NEGATIVE_OTHER
dico_phrasis_0009015__eu-es__forward,dico_phrasis_0009015,eu,es,hormigoi gainean,de pie,NEGATIVE_OTHER
dico_phrasis_0009042__en-es__forward,dico_phrasis_0009042,en,es,looking up,un suéter,NEGATIVE_OTHER
dico_phrasis_0009042__en-eu__forward,dico_phrasis_0009042,en,eu,looking up,jertse bat,NEGATIVE_OTHER
dico_phrasis_0009042__es-en__forward,dico_phrasis_0009042,es,en,levantando la vista,a sweater,NEGATIVE_OTHER
dico_phrasis_0009042__es-eu__forward,dico_phrasis_0009042,es,eu,levantando la vista,jertse bat,NEGATIVE_OTHER
dico_phrasis_0009042__eu-en__forward,dico_phrasis_0009042,eu,en,gora begira,a sweater,NEGATIVE_OTHER
dico_phrasis_0009042__eu-es__forward,dico_phrasis_0009042,eu,es,gora begira,un suéter,NEGATIVE_OTHER
dico_phrasis_0009047__en-es__forward,dico_phrasis_0009047,en,es,at the camera,en un lavabo del baño,NEGATIVE_OTHER
dico_phrasis_0009047__en-eu__forward,dico_phrasis_0009047,en,eu,at the camera,komuneko konketa batean,NEGATIVE_OTHER
dico_phrasis_0009047__es-en__forward,dico_phrasis_0009047,es,en,a la cámara,in a bathroom sink,NEGATIVE_OTHER
dico_phrasis_0009047__es-eu__forward,dico_phrasis_0009047,es,eu,a la cámara,komuneko konketa batean,NEGATIVE_OTHER
dico_phrasis_0009047__eu-en__forward,dico_phrasis_0009047,eu,en,kamerari begira,in a bathroom sink,NEGATIVE_OTHER
dico_phrasis_0009047__eu-es__forward,dico_phrasis_0009047,eu,es,kamerari begira,en un lavabo del baño,NEGATIVE_OTHER
dico_phrasis_0009118__en-es__forward,dico_phrasis_0009118,en,es,in a blue shirt,Una persona,NEGATIVE_OTHER
dico_phrasis_0009118__en-eu__forward,dico_phrasis_0009118,en,eu,in a blue shirt,Pertsona bat,NEGATIVE_OTHER
dico_phrasis_0009118__es-en__forward,dico_phrasis_0009118,es,en,con una camisa azul,A person,NEGATIVE_OTHER
dico_phrasis_0009118__es-eu__forward,dico_phrasis_0009118,es,eu,con una camisa azul,Pertsona bat,NEGATIVE_OTHER
dico_phrasis_0009118__eu-en__forward,dico_phrasis_0009118,eu,en,alkandora urdin batean,A person,NEGATIVE_OTHER
dico_phrasis_0009118__eu-es__forward,dico_phrasis_0009118,eu,es,alkandora urdin batean,Una persona,NEGATIVE_OTHER
dico_phrasis_0009131__en-es__forward,dico_phrasis_0009131,en,es,Older man,en el fondo,NEGATIVE_OTHER
dico_phrasis_0009131__en-eu__forward,dico_phrasis_0009131,en,eu,Older man,hondoan,NEGATIVE_OTHER
dico_phrasis_0009131__es-en__forward,dico_phrasis_0009131,es,en,hombre mayor,in the background,NEGATIVE_OTHER
dico_phrasis_0009131__es-eu__forward,dico_phrasis_0009131,es,eu,hombre mayor,hondoan,NEGATIVE_OTHER
dico_phrasis_0009131__eu-en__forward,dico_phrasis_0009131,eu,en,Gizon zaharragoa,in the background,NEGATIVE_OTHER
dico_phrasis_0009131__eu-es__forward,dico_phrasis_0009131,eu,es,Gizon zaharragoa,en el fondo,NEGATIVE_OTHER
dico_phrasis_0009232__en-es__forward,dico_phrasis_0009232,en,es,A black and white sheep,con una etiqueta,NEGATIVE_OTHER
dico_phrasis_0009232__en-eu__forward,dico_phrasis_0009232,en,eu,A black and white sheep,etiketa batekin,NEGATIVE_OTHER
dico_phrasis_0009232__es-en__forward,dico_phrasis_0009232,es,en,Una oveja blanca y negra,with a tag,NEGATIVE_OTHER
dico_phrasis_0009232__es-eu__forward,dico_phrasis_0009232,es,eu,Una oveja blanca y negra,etiketa batekin,NEGATIVE_OTHER
dico_phrasis_0009232__eu-en__forward,dico_phrasis_0009232,eu,en,Ardi zuri-beltz bat,with a tag,NEGATIVE_OTHER
dico_phrasis_0009232__eu-es__forward,dico_phrasis_0009232,eu,es,Ardi zuri-beltz bat,con una etiqueta,NEGATIVE_OTHER
dico_phrasis_0009249__en-es__forward,dico_phrasis_0009249,en,es,with a long face,un primer plano,NEGATIVE_OTHER
dico_phrasis_0009249__en-eu__forward,dico_phrasis_0009249,en,eu,with a long face,plano hurbila,NEGATIVE_OTHER
dico_phrasis_0009249__es-en__forward,dico_phrasis_0009249,es,en,con cara larga,A close-up,NEGATIVE_OTHER
dico_phrasis_0009249__es-eu__forward,dico_phrasis_0009249,es,eu,con cara larga,plano hurbila,NEGATIVE_OTHER
dico_phrasis_0009249__eu-en__forward,dico_phrasis_0009249,eu,en,aurpegi luzearekin,A close-up,NEGATIVE_OTHER
dico_phrasis_0009249__eu-es__forward,dico_phrasis_0009249,eu,es,aurpegi luzearekin,un primer plano,NEGATIVE_OTHER
dico_phrasis_0009265__en-es__forward,dico_phrasis_0009265,en,es,The seagull,sobre el agua,NEGATIVE_OTHER
dico_phrasis_0009265__en-eu__forward,dico_phrasis_0009265,en,eu,The seagull,ur gainean,NEGATIVE_OTHER
dico_phrasis_0009265__es-en__forward,dico_phrasis_0009265,es,en,La gaviota,on the water,NEGATIVE_OTHER
dico_phrasis_0009265__es-eu__forward,dico_phrasis_0009265,es,eu,La gaviota,ur gainean,NEGATIVE_OTHER
dico_phrasis_0009265__eu-en__forward,dico_phrasis_0009265,eu,en,kaioa,on the water,NEGATIVE_OTHER
dico_phrasis_0009265__eu-es__forward,dico_phrasis_0009265,eu,es,kaioa,sobre el agua,NEGATIVE_OTHER
dico_phrasis_0009379__en-es__forward,dico_phrasis_0009379,en,es,sitting,a la cámara,NEGATIVE_OTHER
dico_phrasis_0009379__en-eu__forward,dico_phrasis_0009379,en,eu,sitting,kamerari begira,NEGATIVE_OTHER
dico_phrasis_0009379__es-en__forward,dico_phrasis_0009379,es,en,sentado,at the camera,NEGATIVE_OTHER
dico_phrasis_0009379__es-eu__forward,dico_phrasis_0009379,es,eu,sentado,kamerari begira,NEGATIVE_OTHER
dico_phrasis_0009379__eu-en__forward,dico_phrasis_0009379,eu,en,eserita,at the camera,NEGATIVE_OTHER
dico_phrasis_0009379__eu-es__forward,dico_phrasis_0009379,eu,es,eserita,a la cámara,NEGATIVE_OTHER
dico_phrasis_0009404__en-es__forward,dico_phrasis_0009404,en,es,in a black bikini top and jeans,está de pie,NEGATIVE_OTHER
dico_phrasis_0009404__en-eu__forward,dico_phrasis_0009404,en,eu,in a black bikini top and jeans,zutik dago,NEGATIVE_OTHER
dico_phrasis_0009404__es-en__forward,dico_phrasis_0009404,es,en,con un top de bikini negro y vaqueros,is standing,NEGATIVE_OTHER
dico_phrasis_0009404__es-eu__forward,dico_phrasis_0009404,es,eu,con un top de bikini negro y vaqueros,zutik dago,NEGATIVE_OTHER
dico_phrasis_0009404__eu-en__forward,dico_phrasis_0009404,eu,en,bikini gainalde beltz batekin eta bakeroekin,is standing,NEGATIVE_OTHER
dico_phrasis_0009404__eu-es__forward,dico_phrasis_0009404,eu,es,bikini gainalde beltz batekin eta bakeroekin,está de pie,NEGATIVE_OTHER
dico_phrasis_0009547__en-es__forward,dico_phrasis_0009547,en,es,lying,dos mujeres,NEGATIVE_OTHER
dico_phrasis_0009547__en-eu__forward,dico_phrasis_0009547,en,eu,lying,Bi emakume,NEGATIVE_OTHER
dico_phrasis_0009547__es-en__forward,dico_phrasis_0009547,es,en,acostado,Two women,NEGATIVE_OTHER
dico_phrasis_0009547__es-eu__forward,dico_phrasis_0009547,es,eu,acostado,Bi emakume,NEGATIVE_OTHER
dico_phrasis_0009547__eu-en__forward,dico_phrasis_0009547,eu,en,etzanda,Two women,NEGATIVE_OTHER
dico_phrasis_0009547__eu-es__forward,dico_phrasis_0009547,eu,es,etzanda,dos mujeres,NEGATIVE_OTHER
dico_phrasis_0009593__en-es__forward,dico_phrasis_0009593,en,es,A black and white photo,Un perro blanco y negro,NEGATIVE_OTHER
dico_phrasis_0009593__en-eu__forward,dico_phrasis_0009593,en,eu,A black and white photo,Txakur zuri-beltz bat,NEGATIVE_OTHER
dico_phrasis_0009593__es-en__forward,dico_phrasis_0009593,es,en,Una foto en blanco y negro,A black and white dog,NEGATIVE_OTHER
dico_phrasis_0009593__es-eu__forward,dico_phrasis_0009593,es,eu,Una foto en blanco y negro,Txakur zuri-beltz bat,NEGATIVE_OTHER
dico_phrasis_0009593__eu-en__forward,dico_phrasis_0009593,eu,en,Argazki zuri-beltz bat,A black and white dog,NEGATIVE_OTHER
dico_phrasis_0009593__eu-es__forward,dico_phrasis_0009593,eu,es,Argazki zuri-beltz bat,Un perro blanco y negro,NEGATIVE_OTHER
dico_phrasis_0009709__en-es__forward,dico_phrasis_0009709,en,es,Three sheep,en medio,NEGATIVE_OTHER
dico_phrasis_0009709__en-eu__forward,dico_phrasis_0009709,en,eu,Three sheep,erdian,NEGATIVE_OTHER
dico_phrasis_0009709__es-en__forward,dico_phrasis_0009709,es,en,Tres ovejas,in middle,NEGATIVE_OTHER
dico_phrasis_0009709__es-eu__forward,dico_phrasis_0009709,es,eu,Tres ovejas,erdian,NEGATIVE_OTHER
dico_phrasis_0009709__eu-en__forward,dico_phrasis_0009709,eu,en,Hiru ardi,in middle,NEGATIVE_OTHER
dico_phrasis_0009709__eu-es__forward,dico_phrasis_0009709,eu,es,Hiru ardi,en medio,NEGATIVE_OTHER
dico_phrasis_0009722__en-es__forward,dico_phrasis_0009722,en,es,and,en el otro,NEGATIVE_OTHER
dico_phrasis_0009722__en-eu__forward,dico_phrasis_0009722,en,eu,and,bestean,NEGATIVE_OTHER
dico_phrasis_0009722__es-en__forward,dico_phrasis_0009722,es,en,y,at the other,NEGATIVE_OTHER
dico_phrasis_0009722__es-eu__forward,dico_phrasis_0009722,es,eu,y,bestean,NEGATIVE_OTHER
dico_phrasis_0009722__eu-en__forward,dico_phrasis_0009722,eu,en,eta,at the other,NEGATIVE_OTHER
dico_phrasis_0009722__eu-es__forward,dico_phrasis_0009722,eu,es,eta,en el otro,NEGATIVE_OTHER
dico_phrasis_0009724__en-es__forward,dico_phrasis_0009724,en,es,and,como uno,NEGATIVE_OTHER
dico_phrasis_0009724__en-eu__forward,dico_phrasis_0009724,en,eu,and,bat bezala,NEGATIVE_OTHER
dico_phrasis_0009724__es-en__forward,dico_phrasis_0009724,es,en,y,as one,NEGATIVE_OTHER
dico_phrasis_0009724__es-eu__forward,dico_phrasis_0009724,es,eu,y,bat bezala,NEGATIVE_OTHER
dico_phrasis_0009724__eu-en__forward,dico_phrasis_0009724,eu,en,eta,as one,NEGATIVE_OTHER
dico_phrasis_0009724__eu-es__forward,dico_phrasis_0009724,eu,es,eta,como uno,NEGATIVE_OTHER
dico_phrasis_0009760__en-es__forward,dico_phrasis_0009760,en,es,by the water,Tres personas,NEGATIVE_OTHER
dico_phrasis_0009760__en-eu__forward,dico_phrasis_0009760,en,eu,by the water,Hiru pertsona,NEGATIVE_OTHER
dico_phrasis_0009760__es-en__forward,dico_phrasis_0009760,es,en,junto al agua,Three people,NEGATIVE_OTHER
dico_phrasis_0009760__es-eu__forward,dico_phrasis_0009760,es,eu,junto al agua,Hiru pertsona,NEGATIVE_OTHER
dico_phrasis_0009760__eu-en__forward,dico_phrasis_0009760,eu,en,ur ondoan,Three people,NEGATIVE_OTHER
dico_phrasis_0009760__eu-es__forward,dico_phrasis_0009760,eu,es,ur ondoan,Tres personas,NEGATIVE_OTHER
dico_phrasis_0009771__en-es__forward,dico_phrasis_0009771,en,es,are reflected,en una canoa roja,NEGATIVE_OTHER
dico_phrasis_0009771__en-eu__forward,dico_phrasis_0009771,en,eu,are reflected,kanoa gorri batean,NEGATIVE_OTHER
dico_phrasis_0009771__es-en__forward,dico_phrasis_0009771,es,en,se reflejan,in a red canoe,NEGATIVE_OTHER
dico_phrasis_0009771__es-eu__forward,dico_phrasis_0009771,es,eu,se reflejan,kanoa gorri batean,NEGATIVE_OTHER
dico_phrasis_0009771__eu-en__forward,dico_phrasis_0009771,eu,en,islatzen dira,in a red canoe,NEGATIVE_OTHER
dico_phrasis_0009771__eu-es__forward,dico_phrasis_0009771,eu,es,islatzen dira,en una canoa roja,NEGATIVE_OTHER
dico_phrasis_0009838__en-es__forward,dico_phrasis_0009838,en,es,with the word Julia,con agua y una barcaza,NEGATIVE_OTHER
dico_phrasis_0009838__en-eu__forward,dico_phrasis_0009838,en,eu,with the word Julia,urarekin eta gabarra batekin,NEGATIVE_OTHER
dico_phrasis_0009838__es-en__forward,dico_phrasis_0009838,es,en,con la palabra Julia,with water and a barge,NEGATIVE_OTHER
dico_phrasis_0009838__es-eu__forward,dico_phrasis_0009838,es,eu,con la palabra Julia,urarekin eta gabarra batekin,NEGATIVE_OTHER
dico_phrasis_0009838__eu-en__forward,dico_phrasis_0009838,eu,en,Julia hitzarekin,with water and a barge,NEGATIVE_OTHER
dico_phrasis_0009838__eu-es__forward,dico_phrasis_0009838,eu,es,Julia hitzarekin,con agua y una barcaza,NEGATIVE_OTHER
dico_phrasis_0010095__en-es__forward,dico_phrasis_0010095,en,es,A black and white photo,de una bicicleta,NEGATIVE_OTHER
dico_phrasis_0010095__en-eu__forward,dico_phrasis_0010095,en,eu,A black and white photo,bizikleta baten,NEGATIVE_OTHER
dico_phrasis_0010095__es-en__forward,dico_phrasis_0010095,es,en,Una foto en blanco y negro,of a bicycle,NEGATIVE_OTHER
dico_phrasis_0010095__es-eu__forward,dico_phrasis_0010095,es,eu,Una foto en blanco y negro,bizikleta baten,NEGATIVE_OTHER
dico_phrasis_0010095__eu-en__forward,dico_phrasis_0010095,eu,en,Argazki zuri-beltz bat,of a bicycle,NEGATIVE_OTHER
dico_phrasis_0010095__eu-es__forward,dico_phrasis_0010095,eu,es,Argazki zuri-beltz bat,de una bicicleta,NEGATIVE_OTHER
dico_phrasis_0010173__en-es__forward,dico_phrasis_0010173,en,es,A black and white cow,acostada,NEGATIVE_OTHER
dico_phrasis_0010173__en-eu__forward,dico_phrasis_0010173,en,eu,A black and white cow,etzanda,NEGATIVE_OTHER
dico_phrasis_0010173__es-en__forward,dico_phrasis_0010173,es,en,Una vaca blanca y negra,laying,NEGATIVE_OTHER
dico_phrasis_0010173__es-eu__forward,dico_phrasis_0010173,es,eu,Una vaca blanca y negra,etzanda,NEGATIVE_OTHER
dico_phrasis_0010173__eu-en__forward,dico_phrasis_0010173,eu,en,behi zuri-beltz bat,laying,NEGATIVE_OTHER
dico_phrasis_0010173__eu-es__forward,dico_phrasis_0010173,eu,es,behi zuri-beltz bat,acostada,NEGATIVE_OTHER
